treatment,covariate,method,n_obs,coef_log,se_log,z_or_t,p_value,ci_lo_log,ci_hi_log,coef_pct,ci_lo_pct,ci_hi_pct,r2_tau,r2_tau_oos
seller_N_total_value_high,log_price_1_sale,grf_blp_single,3196,0.0958089060484438,0.0261038384003593,3.67029953905649,0.000242266401855792,0.0446453827837397,0.146972429313148,10.0548735691602,4.56569861838958,15.832202685573,0.641022659276255,0.652532288136117
seller_N_total_value_high,sold_after_30d,grf_blp_single,3196,-0.0394879367293772,0.0495062230998024,-0.797635817415746,0.425081859505828,-0.13652013400499,0.0575442605462355,-3.87184498798617,-12.7611244596757,5.92321518108612,0.641022659276255,0.652532288136117
seller_N_total_value_high,log_buyern_total_value,grf_blp_single,3196,-0.0210117187270659,0.0183090979539533,-1.1476108096592,0.251129265324677,-0.0568975507168144,0.0148741132626826,-2.07925105630868,-5.53091526908379,1.4985283387156,0.641022659276255,0.652532288136117
seller_N_total_value_high,log_buyern_rolling_avg_value_last10,grf_blp_single,3196,-0.0785397284371111,0.0314400510021112,-2.49807891316198,0.0124868393676889,-0.140162228401249,-0.0169172284729733,-7.55346683608102,-13.0782787758546,-1.67749356931131,0.641022659276255,0.652532288136117
seller_N_total_value_high,log_sellern_rolling_avg_value_last10,grf_blp_single,3196,0.0185542302532354,0.0427280905114701,0.434239630911067,0.664114437014367,-0.0651928271492459,0.102301287655717,1.87274295180846,-6.31132112501642,10.7717162964111,0.641022659276255,0.652532288136117
seller_N_total_value_high,log_buyern_1_total_value,grf_blp_single,3196,0.0335736230597397,0.0185513371673103,1.80976836100529,0.0703317162978765,-0.00278699778818847,0.0699342439076678,3.41435777380379,-0.278311771527462,7.24376596258616,0.641022659276255,0.652532288136117
seller_N_total_value_high,log_buyern_1_rolling_avg_value_last10,grf_blp_single,3196,0.0366266590039258,0.0407100238493136,0.899696328832866,0.368281877613463,-0.0431649877407288,0.11641830574858,3.73056798017815,-4.22466405321206,12.3465726026641,0.641022659276255,0.652532288136117
seller_N_total_value_high,log_sellern_1_total_value,grf_blp_single,3196,-0.00400259273149273,0.0223053492800727,-0.179445418282178,0.857587971475938,-0.0477210773204352,0.0397158918574498,-0.399459303394178,-4.66003252132875,4.05151133783972,0.641022659276255,0.652532288136117
seller_N_total_value_high,log_sellern_1_rolling_avg_value_last10,grf_blp_single,3196,0.0574918371382563,0.043537933710216,1.32049990063644,0.186668169182286,-0.027842512933767,0.14282618721028,5.91766247070948,-2.74584825483197,15.3529286097189,0.641022659276255,0.652532288136117
seller_N_total_value_high,log_unique_makers_count,grf_blp_single,3196,0.0548805203376083,0.036936502096195,1.48580718863635,0.137330128169147,-0.0175150237709339,0.12727606444615,5.64143871005138,-1.73625273661246,13.5730509321593,0.641022659276255,0.652532288136117
seller_N_total_value_high,log_median_offer_price,grf_blp_single,3196,0.0393058168169853,0.0199849862555085,1.96676726791099,0.0492100477622573,0.000135243756188556,0.0784763898777819,4.00885115765284,0.0135252902037752,8.16378172597403,0.641022659276255,0.652532288136117
seller_N_total_value_high,log_buyern_avg_total_gaspaid,grf_blp_single,3196,-0.000466398435870923,0.0213549637417001,-0.0218402822646887,0.982575361241208,-0.0423221273696031,0.0413893304978612,-0.046628968902751,-4.14390478840034,4.22578093157302,0.641022659276255,0.652532288136117
seller_N_total_value_high,log_buyern_1_avg_total_gaspaid,grf_blp_single,3196,-0.0238512083407073,0.0214766136512158,-1.11056653195217,0.266754975376424,-0.0659453710970902,0.0182429544156756,-2.3569016263882,-6.38179945094039,1.84103736326944,0.641022659276255,0.652532288136117
seller_N_total_value_high,log_sellern_avg_total_gaspaid,grf_blp_single,3196,-0.0373256265020738,0.0146241567681038,-2.55232674908706,0.0107006113224957,-0.0659889737675571,-0.00866227923659039,-3.6637612055025,-6.38588136549679,-0.862486979075372,0.641022659276255,0.652532288136117
seller_N_total_value_high,log_sellern_1_avg_total_gaspaid,grf_blp_single,3196,-0.0536402918427738,0.0179130758433178,-2.99447690122874,0.00274915870919108,-0.0887499204956766,-0.0185306631898709,-5.22270331396245,-8.49256136884806,-1.83600260826026,0.641022659276255,0.652532288136117
seller_N_total_value_high,log_buyern_avg_gasLimit_cost,grf_blp_single,3196,-2.75385277399415,4.19165865668488,-0.656984024594249,0.511191188648153,-10.9695037410965,5.46179819310821,-93.6317964534856,-99.998278111379,23452.0555254999,0.641022659276255,0.652532288136117
seller_N_total_value_high,log_buyern_1_avg_gasLimit_cost,grf_blp_single,3196,-1.55417301025384,4.31551437489752,-0.36013621442073,0.718745272028823,-10.012581185053,6.9042351645453,-78.8635893667693,-99.9955167677085,99548.6073902633,0.641022659276255,0.652532288136117
seller_N_total_value_high,log_sellern_avg_gasLimit_cost,grf_blp_single,3196,-9.56395335699678,4.28198495545229,-2.23353268554083,0.0255138373643789,-17.9566438696833,-1.1712628443103,-99.9929785334395,-99.9999984095184,-69.0024756481705,0.641022659276255,0.652532288136117
seller_N_total_value_high,log_sellern_1_avg_gasLimit_cost,grf_blp_single,3196,-6.43340076829691,4.09098076066681,-1.57258152620798,0.115815748063697,-14.4517230592039,1.58492152261004,-99.8393023423574,-99.999947070667,387.890847948515,0.641022659276255,0.652532288136117
seller_N_total_value_high,`time_n_sale_str_2021-06`,grf_blp_single,3196,0.0592794810391091,0.117495958475673,0.50452357517797,0.613893499745204,-0.171012597573211,0.289571559651429,6.10717487389541,-15.7189043967978,33.5855031207219,0.641022659276255,0.652532288136117
seller_N_total_value_high,`time_n_sale_str_2021-07`,grf_blp_single,3196,-0.0503896503718097,0.148126155460688,-0.340180640043566,0.733720496727447,-0.340716915074758,0.239937614331139,-4.91411501962462,-28.8739773241939,27.1169845066654,0.641022659276255,0.652532288136117
seller_N_total_value_high,`time_n_sale_str_2021-08`,grf_blp_single,3196,0.183798533028775,0.130427605616292,1.40919962580234,0.158776148383824,-0.0718395739791581,0.439436640036708,20.1773681001694,-6.93198108449604,55.1832731778247,0.641022659276255,0.652532288136117
seller_N_total_value_high,`time_n_sale_str_2021-09`,grf_blp_single,3196,0.223057681553055,0.238620185366599,0.93478127682436,0.349901030520745,-0.244637881765479,0.69075324487159,24.9892667406935,-21.7011978848525,99.5217854980947,0.641022659276255,0.652532288136117
seller_N_total_value_high,`time_n_sale_str_2021-10`,grf_blp_single,3196,-0.119330028336316,0.19513220167646,-0.611534269131921,0.540845938497149,-0.501789143622177,0.263129086949545,-11.2485152625386,-39.4553540564627,30.099464954335,0.641022659276255,0.652532288136117
seller_N_total_value_high,`time_n_sale_str_2021-11`,grf_blp_single,3196,0.0474858786759767,0.25066097766485,0.18944264527472,0.849745903452808,-0.443809637547129,0.538781394899083,4.86313929530491,-35.8412456618334,71.3917001085709,0.641022659276255,0.652532288136117
seller_N_total_value_high,`time_n_sale_str_2021-12`,grf_blp_single,3196,0.288340660027261,0.302843559545483,0.952110919776575,0.341040731598882,-0.305232716681884,0.881914036736407,33.4211739322526,-26.3048146555533,141.551867605172,0.641022659276255,0.652532288136117
seller_N_total_value_high,`time_n_sale_str_2022-01`,grf_blp_single,3196,-0.526563589468077,0.167998196689679,-3.13434072414913,0.0017224073139609,-0.855840054979849,-0.197287123956306,-40.93688626266,-57.50739201627,-17.9045116344554,0.641022659276255,0.652532288136117
seller_N_total_value_high,`time_n_sale_str_2022-02`,grf_blp_single,3196,-0.524555372500652,0.267791230988252,-1.95882206659584,0.0501336284011848,-1.04942618523763,0.000315440236322573,-40.8181555368774,-64.9861393820629,0.0315489992825491,0.641022659276255,0.652532288136117
seller_N_total_value_high,`time_n_sale_str_2022-03`,grf_blp_single,3196,-0.18335271871079,0.199663270667228,-0.918309702621155,0.358456749064706,-0.574692729218557,0.207987291796978,-16.7525525376731,-43.7122201861579,23.1197523141364,0.641022659276255,0.652532288136117
seller_N_total_value_high,`time_n_sale_str_2022-04`,grf_blp_single,3196,-0.303521089899257,0.248293601823131,-1.22242815630612,0.221545757017197,-0.790176549472593,0.18313436967408,-26.1785679898016,-54.62353237042,20.0975771962438,0.641022659276255,0.652532288136117
seller_N_total_value_high,`time_n_sale_str_2022-05`,grf_blp_single,3196,-0.746638409922144,0.168683484612784,-4.42626859194939,9.58771318085587e-06,-1.0772580397632,-0.416018780081087,-52.604287261003,-65.9472039161232,-34.0332118248251,0.641022659276255,0.652532288136117
seller_N_total_value_high,`time_n_sale_str_2022-06`,grf_blp_single,3196,-0.178369135063873,0.235419344688465,-0.75766558308924,0.448651207751369,-0.639791050653264,0.283052780525519,-16.3366464292021,-47.2597387037858,32.7175208973563,0.641022659276255,0.652532288136117
seller_N_total_value_high,`time_n_sale_str_2022-07`,grf_blp_single,3196,-0.29904470388833,0.219917856786228,-1.35980182900299,0.173892643474156,-0.730083703189336,0.131994295412676,-25.847374041305,-51.8131345541104,14.1101809733749,0.641022659276255,0.652532288136117
seller_N_total_value_high,`time_n_sale_str_2022-08`,grf_blp_single,3196,0.388927135458958,0.311319168012399,1.24928746900502,0.211559949528953,-0.221258433845344,0.99911270476326,47.5397043287927,-19.8490483664127,171.587097966603,0.641022659276255,0.652532288136117
seller_N_total_value_high,`time_n_sale_str_2022-09`,grf_blp_single,3196,-0.179974963151749,0.258414006134407,-0.696459784993774,0.486140933666697,-0.686466415175186,0.326516488871688,-16.4708875793402,-49.664843426119,38.6131105312516,0.641022659276255,0.652532288136117
seller_N_total_value_high,`time_n_sale_str_2022-10`,grf_blp_single,3196,0.0513256744037677,0.51670626899539,0.0993324011794129,0.920874353203719,-0.961418612827196,1.06406996163473,5.26656637267953,-61.7649905687738,189.814234669547,0.641022659276255,0.652532288136117
seller_N_total_value_high,`time_n_sale_str_2022-11`,grf_blp_single,3196,0.197680769492635,0.219136296036698,0.902090493760698,0.367008798289789,-0.231826370739293,0.627187909724564,21.8573325942677,-20.6916186090933,87.2337985792325,0.641022659276255,0.652532288136117
seller_N_total_value_high,`time_n_sale_str_2022-12`,grf_blp_single,3196,0.46271850834483,0.59910917256427,0.772344222947431,0.439910579764879,-0.71153546988114,1.6369724865708,58.838616203046,-50.911012812616,413.958576920541,0.641022659276255,0.652532288136117
seller_N_total_value_high,`time_n_sale_str_2023-01`,grf_blp_single,3196,0.248232564427251,0.260569053903987,0.952655584798332,0.340764604107791,-0.262482781224564,0.758947910079066,28.1757988846541,-23.0860392103261,113.602774464385,0.641022659276255,0.652532288136117
seller_N_total_value_high,`time_n_sale_str_2023-02`,grf_blp_single,3196,-0.0360052053898781,0.223103905708425,-0.161383124493273,0.87179165715688,-0.473288860578391,0.401278449798634,-3.53647278326277,-37.7049900540496,49.3733140289692,0.641022659276255,0.652532288136117
seller_N_total_value_high,`time_n_sale_str_2023-03`,grf_blp_single,3196,0.137523660040237,0.313920313991972,0.438084615459939,0.661324946314988,-0.477760155384029,0.752807475464503,14.7428853863762,-37.9829076197327,112.295179304153,0.641022659276255,0.652532288136117
seller_N_total_value_high,`time_n_sale_str_2023-04`,grf_blp_single,3196,-0.144146248530826,0.262234570745065,-0.549684384180449,0.582535869374891,-0.658126007191154,0.369833510129503,-13.4238877492182,-48.2179181705107,44.749360157849,0.641022659276255,0.652532288136117
seller_N_total_value_high,`time_n_sale_str_2023-05`,grf_blp_single,3196,0.372599873227489,0.394352392928261,0.944839894239646,0.344740621168574,-0.400330816911902,1.14553056336688,45.1503438237355,-32.9901670496165,214.410906347858,0.641022659276255,0.652532288136117
seller_N_total_value_high,`time_n_sale_str_2023-06`,grf_blp_single,3196,-0.123366355744268,0.171790838878573,-0.71811952575345,0.472683591768792,-0.460076399946272,0.213343688457735,-11.6060233177251,-36.8764582687334,23.7809999155409,0.641022659276255,0.652532288136117
seller_N_total_value_high,`time_n_sale_str_2023-07`,grf_blp_single,3196,0.372201278888181,0.222690434702514,1.67138422171295,0.0946458104256445,-0.0642719731287467,0.808674530905108,45.0924992473649,-6.22500779350924,124.493042787898,0.641022659276255,0.652532288136117
seller_N_total_value_high,`time_n_sale_str_2023-08`,grf_blp_single,3196,0.0156758723792961,0.277873703571688,0.056413659075343,0.955012275915651,-0.528956586621213,0.560308331379805,1.57993834037855,-41.0780551499499,75.1212370788934,0.641022659276255,0.652532288136117
seller_N_total_value_high,`time_n_sale_str_2023-09`,grf_blp_single,3196,0.461411514517278,0.317552488956187,1.4530243993173,0.146216979667311,-0.160991363836848,1.0838143928714,58.6311507196781,-14.8700576963887,195.593316496137,0.641022659276255,0.652532288136117
seller_N_total_value_high,`time_n_sale_str_2023-10`,grf_blp_single,3196,0.0476592293937027,0.171466403978428,0.277950830529452,0.78105010350297,-0.288414922404017,0.383733381191422,4.88131897144917,-25.0549436112472,46.7754058670864,0.641022659276255,0.652532288136117
seller_N_total_value_high,`time_n_sale_str_2023-11`,grf_blp_single,3196,-0.302294846008774,0.209059043071666,-1.44597833017511,0.148183279884539,-0.712050570429239,0.107460878411691,-26.0879893854324,-50.9362920655843,11.3447300067583,0.641022659276255,0.652532288136117
seller_N_total_value_high,`time_n_sale_str_2023-12`,grf_blp_single,3196,0.389514666755039,0.175337217706363,2.22151732444711,0.0263159426326989,0.0458537200505687,0.73317561345951,47.6264139923266,4.6921256167062,108.168073576262,0.641022659276255,0.652532288136117
seller_N_total_value_high,`time_n_sale_str_2024-01`,grf_blp_single,3196,-0.147854430728858,0.138910656797103,-1.06438508130315,0.287154289298451,-0.42011931805118,0.124410456593463,-13.7443332451064,-34.3031573054082,13.2480609748348,0.641022659276255,0.652532288136117
seller_N_total_value_high,`time_n_sale_str_2024-02`,grf_blp_single,3196,0.26721405030866,0.221212186136025,1.2079535715286,0.227065121525268,-0.166361834517948,0.700789935135268,30.6320034613226,-15.3260200933682,101.534406994166,0.641022659276255,0.652532288136117
seller_N_total_value_high,`time_n_sale_str_2024-03`,grf_blp_single,3196,-0.0621403098109791,0.115795036228138,-0.536640531711143,0.591515941099095,-0.28909858081813,0.164817961196172,-6.02489787478685,-25.1061629193931,17.917844293907,0.641022659276255,0.652532288136117
seller_N_total_value_high,`time_n_sale_str_2024-04`,grf_blp_single,3196,0.22511994427676,0.147677097656033,1.52440661314394,0.127407169139176,-0.0643271671290643,0.514567055682584,25.2472934143039,-6.23018346762447,67.2914066350188,0.641022659276255,0.652532288136117
seller_N_total_value_high,`time_n_sale_str_2024-05`,grf_blp_single,3196,0.245407027038197,0.181956610442849,1.3487117969549,0.177429554853727,-0.111227929429786,0.60204198350618,27.8141445470705,-10.5265210704621,82.5843338355571,0.641022659276255,0.652532288136117
seller_N_total_value_high,`time_n_sale_str_2024-06`,grf_blp_single,3196,-0.0369036053124019,0.178109924956148,-0.207195670434917,0.835857048443901,-0.385999058226453,0.312191847601649,-3.62309669135815,-32.0228834129478,36.6416811673432,0.641022659276255,0.652532288136117
seller_N_total_value_high,`time_n_sale_str_2024-07`,grf_blp_single,3196,0.599506420764743,0.180321188430837,3.32465877128292,0.000885268113682347,0.246076891440302,0.952935950089184,82.1219662302664,27.8997913752661,159.33123288888,0.641022659276255,0.652532288136117
seller_N_total_value_high,`time_n_sale_str_2024-08`,grf_blp_single,3196,0.0970306954855995,0.282204605821646,0.343831012974051,0.730973375602967,-0.456090331924827,0.650151722896026,10.1894196279341,-36.6243413939501,91.5831482464765,0.641022659276255,0.652532288136117
seller_N_total_value_high,`time_n_sale_str_2024-09`,grf_blp_single,3196,0.0669813583578256,0.265929961051838,0.251875937908211,0.801136958860256,-0.454241365303776,0.588204082019428,6.9275544936712,-36.5070535193319,80.0751507646321,0.641022659276255,0.652532288136117
seller_N_total_value_high,`time_n_sale_str_2024-10`,grf_blp_single,3196,-0.279115885425941,0.338157502516021,-0.825402019322983,0.409143388866801,-0.941904590357343,0.383672819505461,-24.3547763654123,-61.0115442605307,46.7665171702094,0.641022659276255,0.652532288136117
seller_N_total_value_high,`time_n_sale_str_2024-11`,grf_blp_single,3196,0.0868974809502664,0.157075536965052,0.553220970173099,0.580112109237578,-0.220970571501235,0.394765533401768,9.07848477598665,-19.8259726044308,48.4036193207714,0.641022659276255,0.652532288136117
seller_N_total_value_high,`time_n_sale_str_2024-12`,grf_blp_single,3196,0.155075055738829,0.138538204150616,1.11936672407154,0.262983720916326,-0.116459824396378,0.426609935874036,16.7745603825099,-10.9934144808636,53.2054945484527,0.641022659276255,0.652532288136117
seller_N_total_value_high,`time_n_sale_str_2025-01`,grf_blp_single,3196,0.500162840115918,0.204496536708482,2.44582548030591,0.0144520936937501,0.0993496281672938,0.900976052064542,64.8989770523643,10.4452379724085,146.200498383726,0.641022659276255,0.652532288136117
seller_N_total_value_high,`time_n_sale_str_2025-02`,grf_blp_single,3196,0.161208636706953,0.227810579751459,0.70764332755235,0.479166779220695,-0.285300099605908,0.607717373019813,17.4930076785843,-24.8211391002246,83.6235171448455,0.641022659276255,0.652532288136117
seller_N_total_value_high,`time_n_sale_str_2025-03`,grf_blp_single,3196,0.416203312576466,0.328103788576885,1.26851114515228,0.204615473194987,-0.226880113034229,1.05928673818716,51.6194098864653,-20.2983671568058,188.431298509877,0.641022659276255,0.652532288136117
seller_N_total_value_high,`time_n-1_sale_str_2021-06`,grf_blp_single,3196,-0.232087810563822,0.109070054220149,-2.12787838259778,0.0333471683475438,-0.445865116835313,-0.0183105042923307,-20.7123502682491,-35.9729872101353,-1.81438855164022,0.641022659276255,0.652532288136117
seller_N_total_value_high,`time_n-1_sale_str_2021-07`,grf_blp_single,3196,-0.30557808196824,0.148489602627256,-2.05790894824679,0.0395988746084412,-0.596617703117662,-0.0145384608188185,-26.3302620197718,-44.9328977294056,-1.44332876993245,0.641022659276255,0.652532288136117
seller_N_total_value_high,`time_n-1_sale_str_2021-08`,grf_blp_single,3196,0.0992857043249019,0.0906667111762087,1.09506237776666,0.273489309599873,-0.0784210495804671,0.276992458230271,10.4381781140724,-7.54249473615917,31.915642222347,0.641022659276255,0.652532288136117
seller_N_total_value_high,`time_n-1_sale_str_2021-09`,grf_blp_single,3196,0.499140290980415,0.133810307499518,3.73020808566793,0.000191321694570337,0.236872088281359,0.761408493679471,64.7304459262975,26.7279007571751,114.129009104891,0.641022659276255,0.652532288136117
seller_N_total_value_high,`time_n-1_sale_str_2021-10`,grf_blp_single,3196,0.465680309421516,0.13228253297174,3.52034617844066,0.00043098389461068,0.206406544796906,0.724954074046126,59.3097619631273,22.9252848774188,106.463627739865,0.641022659276255,0.652532288136117
seller_N_total_value_high,`time_n-1_sale_str_2021-11`,grf_blp_single,3196,0.447823476234803,0.153832140844131,2.9111177532695,0.00360138264348024,0.146312480180307,0.749334472289299,56.4902428801509,15.7557845426728,111.559156317245,0.641022659276255,0.652532288136117
seller_N_total_value_high,`time_n-1_sale_str_2021-12`,grf_blp_single,3196,0.236321791270314,0.203020841528457,1.16402724710995,0.244412969925993,-0.161599058125461,0.634242640666089,26.6581819569555,-14.921774960382,88.5593528681504,0.641022659276255,0.652532288136117
seller_N_total_value_high,`time_n-1_sale_str_2022-01`,grf_blp_single,3196,0.313624128961022,0.193112639894845,1.6240476497644,0.104365639389333,-0.0648766452328736,0.692124903154918,36.8375307225452,-6.28169377541807,99.7956489885018,0.641022659276255,0.652532288136117
seller_N_total_value_high,`time_n-1_sale_str_2022-02`,grf_blp_single,3196,-0.955019886353992,0.720422629827901,-1.32563837782571,0.184959507762815,-2.36704824081668,0.457008468108694,-61.5195507881459,-90.6242933485414,57.9342258234722,0.641022659276255,0.652532288136117
seller_N_total_value_high,`time_n-1_sale_str_2022-03`,grf_blp_single,3196,-0.139990358914879,0.303169545645434,-0.461756007242898,0.64425630217383,-0.73420266837993,0.454221950550172,-13.0633383004042,-52.0112063700299,57.4947519153687,0.641022659276255,0.652532288136117
seller_N_total_value_high,`time_n-1_sale_str_2022-04`,grf_blp_single,3196,0.908388164815499,0.277444056084525,3.2741309279978,0.00105987490930805,0.36459781488983,1.45217851474117,148.032144033338,43.9934771352164,327.241189654754,0.641022659276255,0.652532288136117
seller_N_total_value_high,`time_n-1_sale_str_2022-05`,grf_blp_single,3196,-0.193760595353478,0.280901610394107,-0.689781005817767,0.490331915160202,-0.744327751725928,0.356806561018972,-17.6144884596307,-52.4946453451842,42.8759465345925,0.641022659276255,0.652532288136117
seller_N_total_value_high,`time_n-1_sale_str_2022-06`,grf_blp_single,3196,0.690874166820815,0.199325976865231,3.46605182970171,0.00052816145427246,0.300195252164962,1.08155308147667,99.5459135200843,35.0122396162859,194.925643154518,0.641022659276255,0.652532288136117
seller_N_total_value_high,`time_n-1_sale_str_2022-07`,grf_blp_single,3196,0.270641357166231,0.347878755216894,0.777976099740534,0.436583103213314,-0.411201003058881,0.952483717391342,31.0804875298583,-33.7146317408344,159.213981340286,0.641022659276255,0.652532288136117
seller_N_total_value_high,`time_n-1_sale_str_2022-08`,grf_blp_single,3196,0.26747661910482,0.174322947661144,1.53437411822998,0.124937641098754,-0.0741963583110227,0.609149596520662,30.6663078526456,-7.15106406619767,83.8866954815208,0.641022659276255,0.652532288136117
seller_N_total_value_high,`time_n-1_sale_str_2022-09`,grf_blp_single,3196,0.587584329545464,0.31646771074354,1.85669599013731,0.0633544183286011,-0.0326923835118745,1.2078610426028,79.9635833201172,-3.2163763814374,234.631935760722,0.641022659276255,0.652532288136117
seller_N_total_value_high,`time_n-1_sale_str_2022-10`,grf_blp_single,3196,-0.134614638226491,0.565579834341711,-0.238011736014547,0.811871991716678,-1.24315111353625,0.973921837083263,-12.5947326715339,-71.1526229372491,164.831036116117,0.641022659276255,0.652532288136117
seller_N_total_value_high,`time_n-1_sale_str_2022-11`,grf_blp_single,3196,-0.067630985389484,0.235187286651384,-0.287562250291755,0.773681844686226,-0.528598067226197,0.393336096447229,-6.53947070402267,-41.0569267026763,48.1916372467271,0.641022659276255,0.652532288136117
seller_N_total_value_high,`time_n-1_sale_str_2022-12`,grf_blp_single,3196,0.569850757548286,0.282331992522071,2.01837118230141,0.0435526183336653,0.0164800522050266,1.12322146289155,76.8003170615294,1.66165973243408,207.474343772539,0.641022659276255,0.652532288136117
seller_N_total_value_high,`time_n-1_sale_str_2023-01`,grf_blp_single,3196,0.17414790659011,0.494076088295077,0.35247183726508,0.724484435608287,-0.794241226468242,1.14253703964846,19.0231595898828,-54.807598715995,213.471117184753,0.641022659276255,0.652532288136117
seller_N_total_value_high,`time_n-1_sale_str_2023-02`,grf_blp_single,3196,-0.44596242882737,0.431340352225993,-1.03389916228778,0.301183306688734,-1.29138951919032,0.399464661535577,-35.9792175031493,-72.5111445327525,49.102628022929,0.641022659276255,0.652532288136117
seller_N_total_value_high,`time_n-1_sale_str_2023-03`,grf_blp_single,3196,0.349839351797566,0.318444736153597,1.09858732797149,0.271948107519814,-0.274312331063483,0.973991034658615,41.8839596253001,-23.9905362983185,164.849362415754,0.641022659276255,0.652532288136117
seller_N_total_value_high,`time_n-1_sale_str_2023-04`,grf_blp_single,3196,0.0512706833194822,0.524503072017133,0.0977509685926251,0.922130042232781,-0.976755337834099,1.07929670447306,5.26077780921683,-62.346916568105,194.260929919377,0.641022659276255,0.652532288136117
seller_N_total_value_high,`time_n-1_sale_str_2023-05`,grf_blp_single,3196,0.783874861941001,0.269410487956513,2.90959297051394,0.0036189973196579,0.255830305546235,1.31191941833577,118.994156744612,29.1533543263875,271.329424144003,0.641022659276255,0.652532288136117
seller_N_total_value_high,`time_n-1_sale_str_2023-06`,grf_blp_single,3196,0.00649546130801715,0.119153282498374,0.054513490285975,0.956526060877878,-0.227044972388796,0.24003589500483,0.651660256610609,-20.3115056335241,27.1294782634777,0.641022659276255,0.652532288136117
seller_N_total_value_high,`time_n-1_sale_str_2023-07`,grf_blp_single,3196,0.099773678182665,0.155077677364291,0.643378723994478,0.519978385440887,-0.204178569451346,0.403725925816676,10.492082208716,-18.4683232480353,49.7393493814471,0.641022659276255,0.652532288136117
seller_N_total_value_high,`time_n-1_sale_str_2023-08`,grf_blp_single,3196,0.277358676984606,0.151248222759852,1.83379792452166,0.0666839959463022,-0.0190878396247034,0.573805193593915,31.9639610516097,-1.89068203989593,77.5008467953301,0.641022659276255,0.652532288136117
seller_N_total_value_high,`time_n-1_sale_str_2023-09`,grf_blp_single,3196,0.570237492326092,0.248694545654045,2.29292319550643,0.0218524271442066,0.0827961828441639,1.05767880180802,76.8687051160314,8.63203752538415,187.967891996059,0.641022659276255,0.652532288136117
seller_N_total_value_high,`time_n-1_sale_str_2023-10`,grf_blp_single,3196,0.0595165817776325,0.125909994224017,0.472691482073627,0.636433304504319,-0.187267006901441,0.306300170456706,6.13233594615716,-17.0777701252564,35.8389993901836,0.641022659276255,0.652532288136117
seller_N_total_value_high,`time_n-1_sale_str_2023-11`,grf_blp_single,3196,-0.0065022042001997,0.109500167765489,-0.0593807692982272,0.95264882990439,-0.221122533020559,0.208118124620159,-0.648111061350021,-19.8381550457895,23.1358614727015,0.641022659276255,0.652532288136117
seller_N_total_value_high,`time_n-1_sale_str_2023-12`,grf_blp_single,3196,-0.0292498204340911,0.125937404640648,-0.232256814546504,0.816338552336596,-0.276087133529762,0.21758749266158,-2.88261849055838,-24.1253184407379,24.3074184618978,0.641022659276255,0.652532288136117
seller_N_total_value_high,`time_n-1_sale_str_2024-01`,grf_blp_single,3196,0.00395853341387362,0.0897188974750419,0.0441215120256556,0.964807545363523,-0.171890505637208,0.179807572464956,0.396637875586836,-15.7928629811015,19.6987007699786,0.641022659276255,0.652532288136117
seller_N_total_value_high,`time_n-1_sale_str_2024-02`,grf_blp_single,3196,-0.0150753324888953,0.0901459532125047,-0.16723249299231,0.867187118697346,-0.191761400785405,0.161610735807614,-1.49622685360111,-17.4496190443638,17.5402610109304,0.641022659276255,0.652532288136117
seller_N_total_value_high,`time_n-1_sale_str_2024-03`,grf_blp_single,3196,0.0065560698429594,0.0549786712208144,0.119247513578999,0.905079264778364,-0.101202125749837,0.114314265435756,0.657760791148632,-9.62496567924442,12.1104393889141,0.641022659276255,0.652532288136117
seller_N_total_value_high,`time_n-1_sale_str_2024-04`,grf_blp_single,3196,0.14861944545502,0.0608480841158359,2.442467131292,0.0145872578713564,0.0293572005879818,0.267881690322059,16.02313738625,2.97923712266859,30.7192477345069,0.641022659276255,0.652532288136117
seller_N_total_value_high,`time_n-1_sale_str_2024-05`,grf_blp_single,3196,0.0244349972650402,0.0874460551211767,0.279429383420211,0.779915324060307,-0.146959270772466,0.195829265302547,2.47359783010135,-13.667086057079,21.6319219711265,0.641022659276255,0.652532288136117
seller_N_total_value_high,`time_n-1_sale_str_2024-06`,grf_blp_single,3196,0.0925572654173312,0.0579261183712383,1.59785029654754,0.110076297918696,-0.0209779265902958,0.206092457424958,9.69759585477348,-2.07594204905885,22.8866816604546,0.641022659276255,0.652532288136117
seller_N_total_value_high,`time_n-1_sale_str_2024-07`,grf_blp_single,3196,0.00472277977763167,0.0881560377724074,0.0535729587782119,0.957275401331754,-0.168063054256287,0.17750861381155,0.473394967945162,-15.4699466792226,19.4238344802203,0.641022659276255,0.652532288136117
seller_N_total_value_high,`time_n-1_sale_str_2024-08`,grf_blp_single,3196,0.028868896556668,0.0627337040354386,0.460181604139935,0.645385874020656,-0.0940891633527917,0.151826956466128,2.92896422126909,-8.97983980039894,16.3958803459646,0.641022659276255,0.652532288136117
seller_N_total_value_high,`time_n-1_sale_str_2024-09`,grf_blp_single,3196,0.000362061757242755,0.123085662996123,0.00294154289321381,0.997652991725216,-0.240885837715158,0.241609961229644,0.0362127309511795,-21.4068655014919,27.3297460574255,0.641022659276255,0.652532288136117
seller_N_total_value_high,`time_n-1_sale_str_2024-10`,grf_blp_single,3196,0.0369870763401216,0.0749229035044169,0.493668486004966,0.62154032494388,-0.109861814528535,0.183835967208779,3.76796101331556,-10.4042064887661,20.1818669256036,0.641022659276255,0.652532288136117
seller_N_total_value_high,`time_n-1_sale_str_2024-11`,grf_blp_single,3196,0.0786367156784774,0.062163423783066,1.26499975215166,0.205871416715984,-0.043203594936332,0.200477026293287,8.18112456110029,-4.22836159896453,22.1985538380198,0.641022659276255,0.652532288136117
seller_N_total_value_high,`time_n-1_sale_str_2024-12`,grf_blp_single,3196,-0.0727591656636531,0.0719888357222857,-1.01070068620556,0.312159708528928,-0.213857283679333,0.0683389523520268,-7.01752632141047,-19.2536384963905,7.07281728109965,0.641022659276255,0.652532288136117
seller_N_total_value_high,`time_n-1_sale_str_2025-01`,grf_blp_single,3196,0.0199028771697332,0.0471644546441028,0.42198891771182,0.673033106546378,-0.0725394539327084,0.112345208272175,2.01022599967147,-6.99709473672381,11.8899047190634,0.641022659276255,0.652532288136117
seller_N_total_value_high,`time_n-1_sale_str_2025-02`,grf_blp_single,3196,0.0937927863817623,0.0725796817593317,1.29227332096566,0.196262507746622,-0.0484633898665279,0.236048962630052,9.83321329604385,-4.73077831433879,26.623630690896,0.641022659276255,0.652532288136117
seller_N_total_value_high,`time_n-1_sale_str_2025-03`,grf_blp_single,3196,0.151704016614561,0.24885219972258,0.609614931206877,0.542116918394608,-0.336046294841696,0.639454328070817,16.3815715332915,-28.5409976781716,89.5446305219572,0.641022659276255,0.652532288136117
seller_N_total_value_high,`Background_recoded_Army Green`,grf_blp_single,3196,0.157759542043533,0.105519249972929,1.49507831115181,0.134894005537893,-0.0490581879034081,0.364577271990474,17.0884612333525,-4.78742741131656,43.9905191220908,0.641022659276255,0.652532288136117
seller_N_total_value_high,Background_recoded_Blue,grf_blp_single,3196,-0.00686825519305359,0.0900424830061984,-0.0762779408535501,0.939197975354493,-0.183351521885202,0.169615011499095,-0.684472263504832,-16.7524529049383,18.4848610411928,0.641022659276255,0.652532288136117
seller_N_total_value_high,Background_recoded_Gray,grf_blp_single,3196,0.0962105561240613,0.0944335413925376,1.01881762248158,0.308289557873296,-0.0888791850053125,0.281300297253435,10.0990859958192,-8.50438926855045,32.485139343938,0.641022659276255,0.652532288136117
seller_N_total_value_high,`Background_recoded_New Punk Blue`,grf_blp_single,3196,-0.00620680452462318,0.0832461589165383,-0.0745596506241934,0.940565078858962,-0.169369276001038,0.156955666951792,-0.618758210391746,-15.5802895911107,16.9943745578708,0.641022659276255,0.652532288136117
seller_N_total_value_high,Background_recoded_Orange,grf_blp_single,3196,-0.149913445290195,0.120807113902022,-1.24093226340775,0.21463077291016,-0.386695388538159,0.0868684979577689,-13.9217522021632,-32.0702014633214,9.07532340089403,0.641022659276255,0.652532288136117
seller_N_total_value_high,Background_recoded_Purple,grf_blp_single,3196,-0.139406191334737,0.0959336202044847,-1.45315261779541,0.146181384452608,-0.327436086935527,0.0486237042660526,-13.0125378845802,-27.9230643618212,4.98252316478167,0.641022659276255,0.652532288136117
seller_N_total_value_high,Background_recoded_Yellow,grf_blp_single,3196,0.126784642031324,0.0812364920606982,1.56068582991734,0.118597896255342,-0.0324388824076445,0.286008166470292,13.5172523006831,-3.19183851592212,33.110332562367,0.641022659276255,0.652532288136117
seller_N_total_value_high,`Clothes_recoded_Bayc T Black`,grf_blp_single,3196,0.131378211444835,0.277054740862265,0.474195861207617,0.635360244486567,-0.411649080645204,0.674405503534874,14.0399011716622,-33.7443260754729,96.286571230968,0.641022659276255,0.652532288136117
seller_N_total_value_high,`Clothes_recoded_Bayc T Red`,grf_blp_single,3196,0.790222671162434,0.423537148372374,1.86576944714108,0.0620736286522693,-0.0399101396474187,1.62035548197229,120.388711372842,-3.91242200906708,405.48869183866,0.641022659276255,0.652532288136117
seller_N_total_value_high,`Clothes_recoded_Biker Vest`,grf_blp_single,3196,-0.0945873218102664,0.16330026061367,-0.579223336538562,0.56243848641239,-0.414655832613059,0.225481188992526,-9.02517097101261,-33.9432412592582,25.2925465104427,0.641022659276255,0.652532288136117
seller_N_total_value_high,`Clothes_recoded_Black Holes T`,grf_blp_single,3196,-0.0641364653259566,0.208372293167762,-0.30779747321934,0.758236444392166,-0.47254615993477,0.344273229282857,-6.2122996893545,-37.6587063247182,41.0964099554306,0.641022659276255,0.652532288136117
seller_N_total_value_high,`Clothes_recoded_Black T`,grf_blp_single,3196,-0.126350387380254,0.130717780181734,-0.96658914498542,0.333749463215718,-0.382557236536453,0.129856461775944,-11.8694005820954,-31.7885152032241,13.8664929652181,0.641022659276255,0.652532288136117
seller_N_total_value_high,`Clothes_recoded_Bone Necklace`,grf_blp_single,3196,0.0912231124727435,0.225426774980584,0.404668489271519,0.685721207405052,-0.350613366489201,0.533059591434688,9.55134006973695,-29.5744009809627,70.4138307411617,0.641022659276255,0.652532288136117
seller_N_total_value_high,`Clothes_recoded_Bone Tee`,grf_blp_single,3196,0.3102908345643,0.274307371249448,1.1311793523847,0.257979610563757,-0.227351613084619,0.847933282213218,36.3821702949274,-20.3359376227732,133.481645541487,0.641022659276255,0.652532288136117
seller_N_total_value_high,`Clothes_recoded_Caveman Pelt`,grf_blp_single,3196,-0.333302839059618,0.226551513067031,-1.47120111690007,0.141236735234681,-0.777343804670999,0.110738126551764,-28.3446838991145,-54.037475424318,11.7102329108002,0.641022659276255,0.652532288136117
seller_N_total_value_high,`Clothes_recoded_Cowboy Shirt`,grf_blp_single,3196,0.213351361738185,0.278372505741028,0.766423972691713,0.443424073214788,-0.332258749514229,0.758961472990599,23.7819497255117,-28.2698302625524,113.605671559565,0.641022659276255,0.652532288136117
seller_N_total_value_high,Clothes_recoded_Guayabera,grf_blp_single,3196,0.0872188048737944,0.198773344273905,0.438785216359841,0.660817173344942,-0.302376949903059,0.476814559650648,9.11353993441626,-26.0940576002228,61.0934684063422,0.641022659276255,0.652532288136117
seller_N_total_value_high,Clothes_recoded_Hawaiian,grf_blp_single,3196,-0.0164090157912196,0.20565722368615,-0.0797881810184367,0.936405724534919,-0.419497174216073,0.386679142633634,-1.62751212511529,-34.2622717026958,47.2084086466854,0.641022659276255,0.652532288136117
seller_N_total_value_high,`Clothes_recoded_Hip Hop`,grf_blp_single,3196,0.0581771593671303,0.340297124692444,0.170959891064933,0.864255303517502,-0.60880520503006,0.725159523764321,5.99027507790595,-45.5999550059517,106.506049991672,0.641022659276255,0.652532288136117
seller_N_total_value_high,`Clothes_recoded_Lab Coat`,grf_blp_single,3196,0.208485005985223,0.238508159426906,0.874121063556806,0.382052327694962,-0.258990986491513,0.675960998461959,23.1810460138232,-22.8170020091575,96.5921315839521,0.641022659276255,0.652532288136117
seller_N_total_value_high,`Clothes_recoded_Leather Jacket`,grf_blp_single,3196,0.15858270908244,0.210226442624289,0.754342351527369,0.45064367784566,-0.253461118461166,0.570626536626046,17.1848842759666,-22.3890079313487,76.9375282643557,0.641022659276255,0.652532288136117
seller_N_total_value_high,`Clothes_recoded_Leather Punk Jacket`,grf_blp_single,3196,0.0573532645443033,0.274751477012599,0.208745973517272,0.834646548962515,-0.48115963040039,0.595866159488997,5.90298620236325,-38.1933752334816,81.4601999210531,0.641022659276255,0.652532288136117
seller_N_total_value_high,`Clothes_recoded_Lumberjack Shirt`,grf_blp_single,3196,-0.0109473690939581,0.17632435604078,-0.0620865394876376,0.950493916250663,-0.356543106933886,0.33464836874597,-1.08876647161508,-29.9907708012992,39.7448912105471,0.641022659276255,0.652532288136117
seller_N_total_value_high,`Clothes_recoded_Navy Striped Tee`,grf_blp_single,3196,0.191773200027724,0.177588458889444,1.07987422846611,0.280198190925493,-0.156300179395586,0.539846579451034,21.1395741285981,-14.469759232727,71.5743611664569,0.641022659276255,0.652532288136117
seller_N_total_value_high,Clothes_recoded_No_Clothes,grf_blp_single,3196,-0.00721544485067021,0.0774713171403753,-0.0931369843318409,0.925794735871009,-0.159059226445806,0.144628336744465,-0.718947602488806,-14.7054159477467,15.5609992671858,0.641022659276255,0.652532288136117
seller_N_total_value_high,Clothes_recoded_Other_Clothes,grf_blp_single,3196,-0.112169090752524,0.190297763973592,-0.589439877854215,0.555566232216856,-0.485152708140765,0.260814526635716,-10.6106904335539,-38.4396818031312,29.7986901109351,0.641022659276255,0.652532288136117
seller_N_total_value_high,`Clothes_recoded_Prison Jumpsuit`,grf_blp_single,3196,0.139343704205405,0.168477264862943,0.827077198331547,0.408193307173365,-0.190871734925963,0.469559143336772,14.9519126671583,-17.3761441095195,59.9288980576422,0.641022659276255,0.652532288136117
seller_N_total_value_high,`Clothes_recoded_Prom Dress`,grf_blp_single,3196,-0.22438881938378,0.231410590310149,-0.969656656953521,0.332217661788463,-0.677953576391671,0.229175937624112,-20.099559443602,-49.2345193118974,25.7563272241932,0.641022659276255,0.652532288136117
seller_N_total_value_high,`Clothes_recoded_Puffy Vest`,grf_blp_single,3196,-0.204434432115339,0.221385191594643,-0.923433182873672,0.355781505792671,-0.638349407640838,0.229480543410161,-18.4891814915122,-47.183651242314,25.794639163821,0.641022659276255,0.652532288136117
seller_N_total_value_high,`Clothes_recoded_Rainbow Suspenders`,grf_blp_single,3196,-0.644572564864874,0.475437300563425,-1.35574672854026,0.175179766083411,-1.57642967396919,0.28728454423944,-47.5113150753865,-79.3288189170753,33.2803401055373,0.641022659276255,0.652532288136117
seller_N_total_value_high,`Clothes_recoded_Sailor Shirt`,grf_blp_single,3196,-0.402648935095147,0.15827023347598,-2.54405977834268,0.0109572330855696,-0.712858592708069,-0.0924392774822256,-33.1453238564473,-50.9759206221429,-8.82954297193599,0.641022659276255,0.652532288136117
seller_N_total_value_high,Clothes_recoded_Service,grf_blp_single,3196,0.0100651338424478,0.176379089809522,0.0570653463135427,0.954493141055813,-0.335637882184215,0.355768149869111,1.0115957675189,-28.5118069566081,42.7276595634109,0.641022659276255,0.652532288136117
seller_N_total_value_high,`Clothes_recoded_Sleeveless Logo T`,grf_blp_single,3196,0.0682240410515898,0.213837558159247,0.319046109761423,0.749691547855304,-0.350897572940534,0.487345655043714,7.06051411132458,-29.594413546558,62.7989234825951,0.641022659276255,0.652532288136117
seller_N_total_value_high,`Clothes_recoded_Sleeveless T`,grf_blp_single,3196,-0.236087812173842,0.222562460869033,-1.06077103592401,0.288793968150686,-0.672310235477147,0.200134611129463,-21.0288675380132,-48.9472225032358,22.1567183631476,0.641022659276255,0.652532288136117
seller_N_total_value_high,`Clothes_recoded_Smoking Jacket`,grf_blp_single,3196,0.203295892130581,0.268002584593978,0.758559446128376,0.448116139717907,-0.321989173673616,0.728580957934778,22.5435011184401,-27.5293963808488,107.213806928976,0.641022659276255,0.652532288136117
seller_N_total_value_high,`Clothes_recoded_Striped Tee`,grf_blp_single,3196,0.149237873255888,0.16267144135093,0.917419013543612,0.358923113118208,-0.169598151791936,0.468073898303712,16.0949115112232,-15.5996090081401,59.6915407666613,0.641022659276255,0.652532288136117
seller_N_total_value_high,`Clothes_recoded_Stunt Jacket`,grf_blp_single,3196,-0.129900192976614,0.231399183121632,-0.561368416362704,0.57454641025538,-0.583442591895014,0.323642205941785,-12.1816924614536,-44.2025821016714,38.2152692618727,0.641022659276255,0.652532288136117
seller_N_total_value_high,Clothes_recoded_Tanktop,grf_blp_single,3196,0.24613326758596,0.174236093124774,1.41264225552681,0.157760938046104,-0.0953694749385962,0.587636010110517,27.9070020757882,-9.09629939784997,79.972884180127,0.641022659276255,0.652532288136117
seller_N_total_value_high,`Clothes_recoded_Tie Dye`,grf_blp_single,3196,0.240208740584215,0.203545862916664,1.18012096704988,0.237952106574356,-0.158741150732446,0.639158631900876,27.1514539309488,-14.6782814969024,89.4885911863957,0.641022659276255,0.652532288136117
seller_N_total_value_high,Clothes_recoded_Toga,grf_blp_single,3196,-0.222097804778026,0.29214989573118,-0.760218668646688,0.447123887687698,-0.794711600411139,0.350515990855086,-19.9162965184204,-54.8288510453132,41.9799963414506,0.641022659276255,0.652532288136117
seller_N_total_value_high,`Clothes_recoded_Tuxedo Tee`,grf_blp_single,3196,0.0697959339711809,0.220576507537445,0.316425057003554,0.751679900526662,-0.362534020802212,0.502125888744574,7.22893410984722,-30.4089362162258,65.2229996951826,0.641022659276255,0.652532288136117
seller_N_total_value_high,`Clothes_recoded_Tweed Suit`,grf_blp_single,3196,-0.0477350107757825,0.417733530154525,-0.114271437004649,0.909022624125541,-0.866492729878652,0.771022708327087,-4.66136092725376,-57.9576494736586,116.197619458703,0.641022659276255,0.652532288136117
seller_N_total_value_high,`Clothes_recoded_Vietnam Jacket`,grf_blp_single,3196,0.0401173935304788,0.158690373174709,0.25280294404697,0.80042049256538,-0.270915737891951,0.351150524952908,4.09329658158437,-23.731924121391,42.0701160793374,0.641022659276255,0.652532288136117
seller_N_total_value_high,`Clothes_recoded_Wool Turtleneck`,grf_blp_single,3196,-0.163913029017647,0.209668251019285,-0.781773245213796,0.43434784723589,-0.574862801015446,0.247036742980151,-15.1184158982371,-43.7217923360144,28.0226151238162,0.641022659276255,0.652532288136117
seller_N_total_value_high,`Clothes_recoded_Work Vest`,grf_blp_single,3196,-0.055204995278106,0.245872239964569,-0.224527158031591,0.822347137242993,-0.537114585608662,0.42670459505245,-5.37088571469,-41.5567849228039,53.219997541105,0.641022659276255,0.652532288136117
seller_N_total_value_high,`Earring_recoded_Diamond Stud`,grf_blp_single,3196,0.0017233208485022,0.186906037083954,0.00922025246155165,0.992643407148777,-0.364612511836048,0.368059153533053,0.172480661923968,-30.553430401382,44.492750901309,0.641022659276255,0.652532288136117
seller_N_total_value_high,`Earring_recoded_Gold Hoop`,grf_blp_single,3196,-0.177714849806107,0.169495602205324,-1.0484923944565,0.294411804575713,-0.509926230128543,0.154496530516328,-16.2818888187503,-39.9460121072087,16.7070228919367,0.641022659276255,0.652532288136117
seller_N_total_value_high,`Earring_recoded_Gold Stud`,grf_blp_single,3196,-0.100338047179782,0.133150644210517,-0.753567868745291,0.451108744115451,-0.361313309832395,0.160637215472832,-9.54684080066406,-30.32393377011,17.4258888575221,0.641022659276255,0.652532288136117
seller_N_total_value_high,Earring_recoded_No_Earring,grf_blp_single,3196,-0.0820210376725435,0.0698873161789884,-1.17361836391713,0.240547922266914,-0.219000177383361,0.0549581020382738,-7.87474225175734,-19.6678424342267,5.6496348704592,0.641022659276255,0.652532288136117
seller_N_total_value_high,`Earring_recoded_Silver Hoop`,grf_blp_single,3196,0.254784212961664,0.109617346368835,2.32430560857019,0.0201091204351424,0.0399342140787475,0.469634211844581,29.0183186024032,4.07423057489129,59.9409041320083,0.641022659276255,0.652532288136117
seller_N_total_value_high,`Earring_recoded_Silver Stud`,grf_blp_single,3196,0.0173406459567366,0.114677058930296,0.151212859123609,0.879807806821151,-0.207426389546643,0.242107681460116,1.74918677880087,-18.7326939196146,27.3931364220041,0.641022659276255,0.652532288136117
seller_N_total_value_high,Eyes_recoded_Angry,grf_blp_single,3196,0.191554339543184,0.145085978060734,1.32028154687007,0.186741034250209,-0.0928141774558554,0.475922856542223,21.1130643637832,-8.8637163676688,60.949884886267,0.641022659276255,0.652532288136117
seller_N_total_value_high,Eyes_recoded_Blindfold,grf_blp_single,3196,-0.167843636074931,0.175644429134938,-0.955587586247813,0.339280635644078,-0.512106717179409,0.176419445029548,-15.4513972136825,-40.0768163898137,19.293832577736,0.641022659276255,0.652532288136117
seller_N_total_value_high,Eyes_recoded_Bloodshot,grf_blp_single,3196,-0.0349425820290895,0.132383951216668,-0.26394877708326,0.791819389285727,-0.294415126413759,0.22452996235558,-3.4339139046986,-25.5032828306022,25.1734215691821,0.641022659276255,0.652532288136117
seller_N_total_value_high,Eyes_recoded_Bored,grf_blp_single,3196,-0.112447960558971,0.0856733255123622,-1.31252008587837,0.189344713448163,-0.280367678563201,0.0554717574452591,-10.6356149375038,-24.4494092944417,5.70391631644205,0.641022659276255,0.652532288136117
seller_N_total_value_high,Eyes_recoded_Closed,grf_blp_single,3196,0.0430626113450296,0.120091169972314,0.358582661447611,0.719907319494018,-0.192316081800705,0.278441304490764,4.40032592525919,-17.4953954766531,32.1069062298947,0.641022659276255,0.652532288136117
seller_N_total_value_high,Eyes_recoded_Coins,grf_blp_single,3196,-0.151135832784977,0.165193745322762,-0.914900455157558,0.360243891101517,-0.47491557361759,0.172643908047637,-14.0269088916389,-37.8062437812985,18.8442834797618,0.641022659276255,0.652532288136117
seller_N_total_value_high,Eyes_recoded_Crazy,grf_blp_single,3196,0.39667437515132,0.161943929729888,2.44945504171072,0.0143072569709804,0.0792642728807397,0.714084477421901,48.6871688846414,8.24903571180455,104.231603963554,0.641022659276255,0.652532288136117
seller_N_total_value_high,Eyes_recoded_Eyepatch,grf_blp_single,3196,-0.130992697062584,0.163846123903366,-0.799486090619031,0.424008608781868,-0.452131099913182,0.190145705788014,-12.2775819319057,-36.3729250782987,20.9425805159699,0.641022659276255,0.652532288136117
seller_N_total_value_high,Eyes_recoded_Heart,grf_blp_single,3196,-0.191993079867947,0.155185954562826,-1.23718077714449,0.216019976365741,-0.496157550811086,0.112171391075192,-17.4687420256042,-39.113429377007,11.8704580195888,0.641022659276255,0.652532288136117
seller_N_total_value_high,Eyes_recoded_Holographic,grf_blp_single,3196,0.382239434400729,0.284609314227196,1.34303206287759,0.179261591970589,-0.175594821484576,0.940073690286033,46.5562949313305,-16.104215782633,156.017007104308,0.641022659276255,0.652532288136117
seller_N_total_value_high,Eyes_recoded_Hypnotized,grf_blp_single,3196,-0.198204783761682,0.349747940325075,-0.56670750820565,0.570912918879121,-0.88371074679883,0.487301179275466,-17.9798128086165,-58.6753390503083,62.7916830364167,0.641022659276255,0.652532288136117
seller_N_total_value_high,Eyes_recoded_Other_Eyes,grf_blp_single,3196,0.907410417846419,0.309463157396771,2.93220823273319,0.00336560999256565,0.300862629348748,1.51395820634409,147.789749875662,35.1023737779337,354.468403674129,0.641022659276255,0.652532288136117
seller_N_total_value_high,Eyes_recoded_Robot,grf_blp_single,3196,-0.0450099086790889,0.150355552069562,-0.299356479089412,0.764668065041845,-0.339706790735431,0.249686973377253,-4.40119907922267,-28.8020948985478,28.3623545449514,0.641022659276255,0.652532288136117
seller_N_total_value_high,Eyes_recoded_Sad,grf_blp_single,3196,0.00580379434660169,0.137885993599132,0.0420912537605143,0.966425952481426,-0.264452753107696,0.276060341800899,0.582066899087042,-23.2374084050207,31.7927387740008,0.641022659276255,0.652532288136117
seller_N_total_value_high,Eyes_recoded_Scumbag,grf_blp_single,3196,-0.182208911476231,0.228243789050691,-0.798308301111158,0.424691601995834,-0.629566738015584,0.265148915063124,-16.6572790281295,-46.7177397217308,30.3625090737366,0.641022659276255,0.652532288136117
seller_N_total_value_high,Eyes_recoded_Sleepy,grf_blp_single,3196,0.124534652282054,0.114952150314005,1.08336078917944,0.278648312803181,-0.100771562333396,0.349840866897505,13.2621267691867,-9.58604511742253,41.8841745938414,0.641022659276255,0.652532288136117
seller_N_total_value_high,Eyes_recoded_Sunglasses,grf_blp_single,3196,-0.0233308212841871,0.176592587661028,-0.132116651062223,0.894892025717344,-0.369452293099803,0.322790650531428,-2.30607619853561,-30.8887245780409,38.0976214004846,0.641022659276255,0.652532288136117
seller_N_total_value_high,`Eyes_recoded_Wide Eyed`,grf_blp_single,3196,-0.105528690290644,0.128227280222942,-0.822981584785758,0.410518465675827,-0.35685415952761,0.145796778946321,-10.0151344443031,-30.0125439671506,15.6961045315934,0.641022659276255,0.652532288136117
seller_N_total_value_high,`Eyes_recoded_X Eyes`,grf_blp_single,3196,0.0818472292459965,0.192226494203749,0.425785371496414,0.670264247287516,-0.294916699393351,0.458611157885344,8.52899965930731,-25.5406390017965,58.1875483370601,0.641022659276255,0.652532288136117
seller_N_total_value_high,Eyes_recoded_Zombie,grf_blp_single,3196,0.254981783746427,0.165249509337987,1.54301083717537,0.122828146512246,-0.0689072545560286,0.578870822048882,29.0438113710884,-6.65867541102536,78.4022813743528,0.641022659276255,0.652532288136117
seller_N_total_value_high,Fur_recoded_Blue,grf_blp_single,3196,-0.0510738319163322,0.197296800477443,-0.258868019109979,0.795737074323498,-0.43777556085212,0.335627897019455,-4.97914877728752,-35.4529364519204,39.8818423453671,0.641022659276255,0.652532288136117
seller_N_total_value_high,Fur_recoded_Brown,grf_blp_single,3196,0.0391377652514706,0.0889399785770526,0.440046938144513,0.659903111793365,-0.135184592759552,0.213460123262494,3.99137377598022,-12.6445355058374,23.7954131711849,0.641022659276255,0.652532288136117
seller_N_total_value_high,Fur_recoded_Cheetah,grf_blp_single,3196,-0.107073236261594,0.221104971115331,-0.484264264713177,0.628198333653987,-0.540438979647643,0.326292507124455,-10.1540129261346,-41.7507506108011,38.5820672012647,0.641022659276255,0.652532288136117
seller_N_total_value_high,Fur_recoded_Cream,grf_blp_single,3196,0.0528690185940733,0.125579914853017,0.420999000166175,0.673755811958852,-0.193267614517839,0.299005651705986,5.42915434865579,-17.573863968582,34.8517244874359,0.641022659276255,0.652532288136117
seller_N_total_value_high,`Fur_recoded_Dark Brown`,grf_blp_single,3196,0.113825369857636,0.0904575167727214,1.25832958850315,0.208272584675752,-0.0634713630168984,0.29112210273217,12.0556424869087,-6.14990052470261,33.7927938633559,0.641022659276255,0.652532288136117
seller_N_total_value_high,`Fur_recoded_Death Bot`,grf_blp_single,3196,0.0486082337071801,0.234777128579172,0.207039902060938,0.835978696231125,-0.411554938307997,0.508771405722358,4.98089903903956,-33.7380883178625,66.3246484030431,0.641022659276255,0.652532288136117
seller_N_total_value_high,Fur_recoded_Dmt,grf_blp_single,3196,-0.297847621084728,0.283513520519844,-1.05055879006617,0.29346127640606,-0.853534121303623,0.257838879134168,-25.7585540560961,-57.4092938200309,29.4130290432673,0.641022659276255,0.652532288136117
seller_N_total_value_high,`Fur_recoded_Golden Brown`,grf_blp_single,3196,-0.289052184796069,0.107672669269408,-2.68454554677037,0.00726284866070336,-0.500090616564109,-0.0780137530280289,-25.1026880626666,-39.3524299521631,-7.50482944306685,0.641022659276255,0.652532288136117
seller_N_total_value_high,Fur_recoded_Gray,grf_blp_single,3196,0.209001472596159,0.125974924991177,1.65907201461559,0.0971012817302932,-0.0379093803865468,0.455912325578865,23.2446813425362,-3.71998144812531,57.7612022482057,0.641022659276255,0.652532288136117
seller_N_total_value_high,Fur_recoded_Noise,grf_blp_single,3196,0.370207298497832,0.301654305948184,1.22725680090714,0.219726086605877,-0.221035141160609,0.961449738156273,44.8034758982862,-19.8311492469415,161.548549533443,0.641022659276255,0.652532288136117
seller_N_total_value_high,Fur_recoded_Other_Fur,grf_blp_single,3196,0.190383693006261,0.445719348630734,0.427138049068604,0.669278780836178,-0.683226230309978,1.0639936163225,20.971366729514,-49.5014836986656,189.792109555897,0.641022659276255,0.652532288136117
seller_N_total_value_high,Fur_recoded_Pink,grf_blp_single,3196,0.0925548050435557,0.135395228320356,0.683589859050008,0.49423419006765,-0.172819842464342,0.357929452551453,9.69732595801742,-15.8710834224426,43.0364708339728,0.641022659276255,0.652532288136117
seller_N_total_value_high,Fur_recoded_Red,grf_blp_single,3196,-0.110364988428217,0.123734496603533,-0.891950033803797,0.372419714812991,-0.352884601771142,0.132154624914708,-10.4492774133748,-29.7341725780804,14.1284776685779,0.641022659276255,0.652532288136117
seller_N_total_value_high,Fur_recoded_Robot,grf_blp_single,3196,0.197220400216732,0.221690922367258,0.889618745372048,0.373670637309041,-0.237293807623093,0.631734608056556,21.8012461335299,-21.1240489586683,88.0870324074671,0.641022659276255,0.652532288136117
seller_N_total_value_high,Fur_recoded_Tan,grf_blp_single,3196,0.0308658405911364,0.115980414496375,0.266129766177901,0.790139271263337,-0.196455771821759,0.258187453004032,3.13471296833781,-17.8362329971031,29.4581469066091,0.641022659276255,0.652532288136117
seller_N_total_value_high,Fur_recoded_White,grf_blp_single,3196,0.0318219106243128,0.196575022048463,0.16188176042258,0.871398966431822,-0.353465132590675,0.417108953839301,3.23336412798132,-29.7749522183945,51.7567848771457,0.641022659276255,0.652532288136117
seller_N_total_value_high,Fur_recoded_Zombie,grf_blp_single,3196,0.020106043412643,0.171546053601973,0.117204931215111,0.906697659310154,-0.316124221647224,0.35633630847251,2.03095313948247,-27.1031109173369,42.8087745520422,0.641022659276255,0.652532288136117
seller_N_total_value_high,`Hat_recoded_Baby's Bonnet`,grf_blp_single,3196,-0.0467896445368118,0.176208346158385,-0.265535915618634,0.79059664588129,-0.392158003007246,0.298578713933622,-4.57118838027991,-32.4402640887372,34.794163480942,0.641022659276255,0.652532288136117
seller_N_total_value_high,`Hat_recoded_Bayc Flipped Brim`,grf_blp_single,3196,0.428225818509491,0.224581756629481,1.90677027794375,0.0565503417821301,-0.0119544244842921,0.868406061503274,53.4532567701752,-1.18832542340083,138.310929495673,0.641022659276255,0.652532288136117
seller_N_total_value_high,`Hat_recoded_Bayc Hat Black`,grf_blp_single,3196,0.161267670049776,0.268430722937594,0.600779479654676,0.547986873415083,-0.364856546907908,0.687391887007461,17.4999438883177,-30.5703757322728,98.8522472845261,0.641022659276255,0.652532288136117
seller_N_total_value_high,`Hat_recoded_Bayc Hat Red`,grf_blp_single,3196,0.0795921158231886,0.323051482294318,0.246375949919572,0.805391221717842,-0.553588789473675,0.712773021120053,8.28453021218236,-42.5117030079895,103.963938693515,0.641022659276255,0.652532288136117
seller_N_total_value_high,Hat_recoded_Beanie,grf_blp_single,3196,-0.00906928191287235,0.130644750740325,-0.0694194130378714,0.944655776824495,-0.265132993363909,0.246994429538164,-0.902828002185763,-23.2896076539667,28.0171981609241,0.641022659276255,0.652532288136117
seller_N_total_value_high,Hat_recoded_Bowler,grf_blp_single,3196,0.164581537112416,0.199765042136872,0.823875565774169,0.410010265286728,-0.226957945475852,0.556121019700684,17.88996897094,-20.3045702880858,74.389482988025,0.641022659276255,0.652532288136117
seller_N_total_value_high,`Hat_recoded_Bunny Ears`,grf_blp_single,3196,0.101145342740664,0.180460080001876,0.560485968639785,0.575148007695221,-0.252556414063012,0.454847099544341,10.6437442727814,-22.3187611539862,57.5932403828912,0.641022659276255,0.652532288136117
seller_N_total_value_high,`Hat_recoded_Commie Hat`,grf_blp_single,3196,0.0804712423508138,0.240656223772197,0.334382552378895,0.738090903634812,-0.391214956242693,0.55215744094432,8.37976787206614,-32.3765220472331,73.6996445555094,0.641022659276255,0.652532288136117
seller_N_total_value_high,`Hat_recoded_Cowboy Hat`,grf_blp_single,3196,0.27698875999003,0.132253174333591,2.09438269732084,0.0362259028518748,0.017772538296191,0.536204981683869,31.9151543675126,1.79314096417109,70.950692620141,0.641022659276255,0.652532288136117
seller_N_total_value_high,`Hat_recoded_Faux Hawk`,grf_blp_single,3196,0.286262323407415,0.278268337678895,1.02872761520481,0.303607689427914,-0.259143618443219,0.831668265258048,33.1441677763354,-22.8287817017777,129.714779729755,0.641022659276255,0.652532288136117
seller_N_total_value_high,Hat_recoded_Fez,grf_blp_single,3196,0.0524731551566821,0.128087698281885,0.409665845046286,0.682051088151134,-0.198578733475812,0.303525043789177,5.38742706091278,-18.010478500099,35.4625515473049,0.641022659276255,0.652532288136117
seller_N_total_value_high,`Hat_recoded_Fisherman's Hat`,grf_blp_single,3196,-0.225946681279383,0.159589531072517,-1.41579889207591,0.156834394075536,-0.538742162181516,0.0868487996227499,-20.2239363891801,-41.6518283642855,9.07317481979317,0.641022659276255,0.652532288136117
seller_N_total_value_high,`Hat_recoded_Girl's Hair Pink`,grf_blp_single,3196,0.195966372137492,0.253003496361888,0.774559936741699,0.438599738508435,-0.299920480731808,0.691853225006792,21.6485996822644,-25.9122867653235,99.7413762492736,0.641022659276255,0.652532288136117
seller_N_total_value_high,`Hat_recoded_Girl's Hair Short`,grf_blp_single,3196,0.00556033490389475,0.271407074675216,0.0204870669290719,0.98365482900811,-0.526397531459528,0.537518201267317,0.557582225766873,-40.9270775452286,71.1753358881792,0.641022659276255,0.652532288136117
seller_N_total_value_high,Hat_recoded_Halo,grf_blp_single,3196,-0.162979689620924,0.177314150398306,-0.919157829506654,0.358013024939385,-0.510515424401604,0.184556045159757,-15.0391555891079,-39.9813851511289,20.2684384034496,0.641022659276255,0.652532288136117
seller_N_total_value_high,Hat_recoded_Horns,grf_blp_single,3196,0.0559333658024903,0.182307474376666,0.306807858502423,0.758989626347177,-0.301389283975776,0.413256015580757,5.75272139115437,-26.0210271601888,51.1732003342541,0.641022659276255,0.652532288136117
seller_N_total_value_high,`Hat_recoded_Irish Boho`,grf_blp_single,3196,0.211825746222528,0.190160516874088,1.11393127082624,0.265308672862324,-0.160888866850684,0.584540359295741,23.5932500406357,-14.861331686683,79.4166124303568,0.641022659276255,0.652532288136117
seller_N_total_value_high,Hat_recoded_No_Hat,grf_blp_single,3196,-0.0632878749042401,0.0735966200029198,-0.859929095952087,0.389828128594061,-0.207537250109963,0.0809615003014827,-6.13267856711318,-18.7417027595744,8.43291494177931,0.641022659276255,0.652532288136117
seller_N_total_value_high,Hat_recoded_Other_Hat,grf_blp_single,3196,-0.273357245415507,0.154918924716255,-1.76451809174496,0.077644792125188,-0.576998337859366,0.0302838470283524,-23.9179060719042,-43.8418482844135,3.07470669261751,0.641022659276255,0.652532288136117
seller_N_total_value_high,`Hat_recoded_Party Hat 1`,grf_blp_single,3196,0.263813352765107,0.554525143695656,0.475746421536294,0.634255044673213,-0.823055928878378,1.35068263440859,30.1885180353412,-56.0912218869393,286.005964105771,0.641022659276255,0.652532288136117
seller_N_total_value_high,`Hat_recoded_Police Motorcycle Helmet`,grf_blp_single,3196,-0.243544101671065,0.215189955520791,-1.13176333477858,0.25773394630902,-0.665316414491816,0.178228211149685,-21.6155093600239,-48.5889170148955,19.5098024810848,0.641022659276255,0.652532288136117
seller_N_total_value_high,`Hat_recoded_Prussian Helmet`,grf_blp_single,3196,0.0178353479378767,0.258781001844604,0.0689206232712042,0.945052802554238,-0.489375415677547,0.5250461115533,1.79953475567489,-38.6990849454887,69.0536799859598,0.641022659276255,0.652532288136117
seller_N_total_value_high,`Hat_recoded_S&m Hat`,grf_blp_single,3196,0.0784836826876086,0.201486927706128,0.389522454787134,0.69688970317119,-0.316430695616401,0.473398060991619,8.16457054674062,-27.1254484931571,60.5440318965427,0.641022659276255,0.652532288136117
seller_N_total_value_high,Hat_recoded_Safari,grf_blp_single,3196,-0.115483872221141,0.215301476485751,-0.536382165631753,0.591694454544598,-0.537474766133214,0.306507021690931,-10.9065059077085,-41.5778312402025,35.8671007611649,0.641022659276255,0.652532288136117
seller_N_total_value_high,`Hat_recoded_Sea Captain's Hat`,grf_blp_single,3196,0.111599392211689,0.256216529883189,0.435566714850785,0.663151124875958,-0.390585006359362,0.61378379078274,11.8064865422924,-32.3339092246242,84.7408397572288,0.641022659276255,0.652532288136117
seller_N_total_value_high,`Hat_recoded_Seaman's Hat`,grf_blp_single,3196,-0.124213895205797,0.179129100781241,-0.693432248942572,0.488038329953384,-0.475306932737029,0.226879142325436,-11.6809089623726,-37.8305791127293,25.4678221284482,0.641022659276255,0.652532288136117
seller_N_total_value_high,`Hat_recoded_Short Mohawk`,grf_blp_single,3196,-0.0598367394497142,0.196848662701808,-0.303973309386188,0.761148225610335,-0.445660118345258,0.32598663944583,-5.80817008681762,-35.9598604237509,38.5396859079352,0.641022659276255,0.652532288136117
seller_N_total_value_high,`Hat_recoded_Spinner Hat`,grf_blp_single,3196,-0.31980091749424,0.253008975688373,-1.26399040438839,0.206233471085863,-0.815698509843451,0.176096674854971,-27.3706384965459,-55.7669752605643,19.255334299951,0.641022659276255,0.652532288136117
seller_N_total_value_high,`Hat_recoded_Stuntman Helmet`,grf_blp_single,3196,-0.352509707199554,0.216100113787915,-1.63123332524255,0.102841096005813,-0.776065930223868,0.0710465158247597,-29.7078253624063,-53.9787035450935,7.36311655460089,0.641022659276255,0.652532288136117
seller_N_total_value_high,`Hat_recoded_Sushi Chef Headband`,grf_blp_single,3196,-0.0932848026028487,0.295820827674397,-0.315342240558954,0.752501816451268,-0.673093624844667,0.486524019638969,-8.90659730333488,-48.9872010448823,62.6652170596949,0.641022659276255,0.652532288136117
seller_N_total_value_high,`Hat_recoded_Vietnam Era Helmet`,grf_blp_single,3196,-0.176802079525199,0.191510970893455,-0.923195567858933,0.355905298160354,-0.552163582476371,0.198559423425973,-16.2054385294222,-42.4297118715612,21.9644500715626,0.641022659276255,0.652532288136117
seller_N_total_value_high,`Hat_recoded_Ww2 Pilot Helm`,grf_blp_single,3196,0.0979629112192835,0.283988872805128,0.344953343599858,0.730129446632412,-0.458655279478767,0.654581101917334,10.2921878322229,-36.7866883397641,92.4336247751165,0.641022659276255,0.652532288136117
seller_N_total_value_high,`Mouth_recoded_Bored Bubblegum`,grf_blp_single,3196,0.339237650778597,0.361954678070255,0.93723792323179,0.348636186511921,-0.370193518239103,1.0486688197963,40.3876938019236,-30.9399326121071,185.384960027969,0.641022659276255,0.652532288136117
seller_N_total_value_high,`Mouth_recoded_Bored Cigar`,grf_blp_single,3196,-0.748203039584493,0.25182804479032,-2.97108703761517,0.00296747667074771,-1.24178600737352,-0.254620071795466,-52.6783860153516,-71.1132163140498,-22.478903347027,0.641022659276255,0.652532288136117
seller_N_total_value_high,`Mouth_recoded_Bored Cigarette`,grf_blp_single,3196,0.245325013408093,0.143067457278829,1.71475063633773,0.0863909554545405,-0.0350872028584121,0.525737229674598,27.8036624749398,-3.4478783623541,69.1705564307326,0.641022659276255,0.652532288136117
seller_N_total_value_high,`Mouth_recoded_Bored Pipe`,grf_blp_single,3196,-0.152952152124633,0.530701138086709,-0.288207695721283,0.773187758276948,-1.19312638277458,0.887222078525317,-14.1829217522303,-69.6728362830856,142.837443940608,0.641022659276255,0.652532288136117
seller_N_total_value_high,`Mouth_recoded_Bored Unshaven`,grf_blp_single,3196,-0.133418855653147,0.0882644028200237,-1.51158169534321,0.130640311209491,-0.306417085180393,0.0395793738740994,-12.4901524609089,-26.3920452447893,4.03730740491552,0.641022659276255,0.652532288136117
seller_N_total_value_high,`Mouth_recoded_Bored Unshaven Cigar`,grf_blp_single,3196,0.261854316981006,0.238808622903565,1.09650277195705,0.272858810935234,-0.206210583909982,0.729919217871994,29.9337237269027,-18.6338285824671,107.49129850174,0.641022659276255,0.652532288136117
seller_N_total_value_high,`Mouth_recoded_Bored Unshaven Cigarette`,grf_blp_single,3196,0.0469550588578293,0.163514961844031,0.287160626332271,0.773989332842321,-0.273534266356472,0.36744438407213,4.80749063378667,-23.9313730037623,44.4039484700385,0.641022659276255,0.652532288136117
seller_N_total_value_high,Mouth_recoded_Discomfort,grf_blp_single,3196,0.264899940597072,0.155392842547685,1.70471133839889,0.0882482741469823,-0.0396700307963901,0.569469911990533,30.3300561777856,-3.88934776106283,76.7329962663939,0.641022659276255,0.652532288136117
seller_N_total_value_high,Mouth_recoded_Dumbfounded,grf_blp_single,3196,-0.0914004511363954,0.112932737684981,-0.809335300020369,0.418322306776802,-0.312748616998957,0.129947714726167,-8.73478348841159,-26.8566240526559,13.8768840927359,0.641022659276255,0.652532288136117
seller_N_total_value_high,Mouth_recoded_Grin,grf_blp_single,3196,0.0386720179238426,0.117230784096781,0.329879376153592,0.741491107474078,-0.191100318905848,0.268444354753534,3.94295134873106,-17.3950284409223,30.7928195018836,0.641022659276255,0.652532288136117
seller_N_total_value_high,Mouth_recoded_Jovial,grf_blp_single,3196,0.144969983262222,0.207229582880842,0.699562201722814,0.48420075480405,-0.261199999184228,0.551139965708673,15.6004870252173,-22.9873120536005,73.5229993500338,0.641022659276255,0.652532288136117
seller_N_total_value_high,Mouth_recoded_Other_Mouth,grf_blp_single,3196,0.210654611237671,0.116243699416907,1.81218089491595,0.0699582500856197,-0.0171830396194665,0.438492262094808,23.448590386146,-1.70362531426332,55.0367906959828,0.641022659276255,0.652532288136117
seller_N_total_value_high,`Mouth_recoded_Phoneme  ooo`,grf_blp_single,3196,-0.345383679228808,0.165863229018681,-2.08234025873153,0.0373114010887515,-0.670475608105423,-0.0202917503521928,-29.205132384944,-48.8534737094816,-2.00872582890508,0.641022659276255,0.652532288136117
seller_N_total_value_high,`Mouth_recoded_Phoneme L`,grf_blp_single,3196,-0.175513959960164,0.153082018458322,-1.14653544372979,0.251573670438817,-0.475554716138476,0.124526796218148,-16.0974315673421,-37.8459817549644,13.2612369781757,0.641022659276255,0.652532288136117
seller_N_total_value_high,`Mouth_recoded_Phoneme Oh`,grf_blp_single,3196,0.0817227951274321,0.184717483165195,0.442420466796565,0.658184971297753,-0.28032347187635,0.443769062131214,8.51549578908453,-24.4460693793142,55.8570511105454,0.641022659276255,0.652532288136117
seller_N_total_value_high,`Mouth_recoded_Phoneme Vuh`,grf_blp_single,3196,0.0403948827781327,0.120607478461745,0.334928507695694,0.737679016812096,-0.195995775006887,0.276785540563152,4.12218536011595,-17.7984292318446,31.888349369186,0.641022659276255,0.652532288136117
seller_N_total_value_high,`Mouth_recoded_Phoneme Wah`,grf_blp_single,3196,0.220814401628336,0.258268983292508,0.854978398154176,0.392563106749268,-0.28539280562498,0.727021608881652,24.7091950848208,-24.8281083100882,106.890940071833,0.641022659276255,0.652532288136117
seller_N_total_value_high,Mouth_recoded_Rage,grf_blp_single,3196,-0.0574484291823344,0.178007474230696,-0.322730432700156,0.746899402421392,-0.406343078674498,0.29144622030983,-5.58294192202237,-33.3918390175297,33.8361654879845,0.641022659276255,0.652532288136117
seller_N_total_value_high,`Mouth_recoded_Small Grin`,grf_blp_single,3196,0.161252386187973,0.145171381009509,1.11077255769449,0.266666261497047,-0.123283520590664,0.44578829296661,17.4981480491372,-11.5987008858157,56.1720804254762,0.641022659276255,0.652532288136117
seller_N_total_value_high,`Mouth_recoded_Tongue Out`,grf_blp_single,3196,-0.00521598154508913,0.238659367553363,-0.0218553396774709,0.982563350031002,-0.47298834194968,0.462556378859502,-0.52024019339425,-37.6862664298271,58.8128658674515,0.641022659276255,0.652532288136117
seller_N_total_value_high,`log_price_change_n-1`,grf_blp_single,3196,0.0404275731284156,0.0273319215147896,1.47913395355463,0.139104517162781,-0.0131429930405721,0.0939981392974032,4.12558920646375,-1.3057001050501,9.85577018261035,0.641022659276255,0.652532288136117
seller_N_1_total_value_high,log_price_1_sale,grf_blp_single,3166,0.17858890792033,0.0271324243541398,6.58212128740648,4.63782994742897e-11,0.125409356186216,0.231768459654444,19.5529170560766,13.3612409351199,26.0827762532821,0.738861011441628,0.758217045899951
seller_N_1_total_value_high,sold_after_30d,grf_blp_single,3166,-0.454661586530072,0.0497440012509005,-9.14002844758775,6.24359040392188e-20,-0.552159828981837,-0.357163344078307,-36.5337289979694,-42.4294957813938,-30.0341796624148,0.738861011441628,0.758217045899951
seller_N_1_total_value_high,log_buyern_total_value,grf_blp_single,3166,-0.041034294429975,0.0189641156477793,-2.16378634216883,0.0304807508192365,-0.0782039610996224,-0.00386462776032762,-4.02037862806612,-7.52242109799979,-0.385716969710404,0.738861011441628,0.758217045899951
seller_N_1_total_value_high,log_buyern_rolling_avg_value_last10,grf_blp_single,3166,0.0634856754186338,0.0327305593527762,1.93964529400103,0.0524228122551043,-0.000666220912807464,0.127637571750075,6.55442222172344,-0.0665999036930653,13.6141158417855,0.738861011441628,0.758217045899951
seller_N_1_total_value_high,log_sellern_total_value,grf_blp_single,3166,0.0249129053696872,0.0206918212001435,1.20399771140079,0.228590463111396,-0.015643064182594,0.0654688749219684,2.52258249716906,-1.5521346957366,6.76595058109046,0.738861011441628,0.758217045899951
seller_N_1_total_value_high,log_sellern_rolling_avg_value_last10,grf_blp_single,3166,0.0643582474222592,0.0438883203684903,1.46640944292016,0.14253677532631,-0.0216628604999818,0.1503793553445,6.64743920352191,-2.14299059239181,16.2275074368318,0.738861011441628,0.758217045899951
seller_N_1_total_value_high,log_buyern_1_total_value,grf_blp_single,3166,0.0626401128869653,0.018532105916654,3.38008606084391,0.000724631360935977,0.0263171852903234,0.0989630404836072,6.46436187590209,2.6666540358903,10.4025494556456,0.738861011441628,0.758217045899951
seller_N_1_total_value_high,log_buyern_1_rolling_avg_value_last10,grf_blp_single,3166,0.153589824728102,0.0416040904295789,3.69170009828904,0.000222760040933383,0.0720458074861277,0.235133841970077,16.6012519175776,7.47045724510846,26.5078077944553,0.738861011441628,0.758217045899951
seller_N_1_total_value_high,log_sellern_1_rolling_avg_value_last10,grf_blp_single,3166,0.302260697840955,0.0403061582876646,7.49911950634748,6.42479327189917e-14,0.223260627597132,0.381260768084777,35.2913882467344,25.0146353920772,46.4129353841129,0.738861011441628,0.758217045899951
seller_N_1_total_value_high,log_unique_makers_count,grf_blp_single,3166,0.336685305943833,0.0385904878965419,8.72456722616362,2.67200519011765e-18,0.261047949666611,0.412322662221055,40.0298328832901,29.828991650988,51.0321681464968,0.738861011441628,0.758217045899951
seller_N_1_total_value_high,log_median_offer_price,grf_blp_single,3166,0.182296733133358,0.0214079228136509,8.51538632310067,1.66035848046142e-17,0.140337204418602,0.224256261848113,19.9970211977009,15.0661741669143,25.1391662282432,0.738861011441628,0.758217045899951
seller_N_1_total_value_high,log_buyern_avg_total_gaspaid,grf_blp_single,3166,-0.0449337463752128,0.0227895348857418,-1.97168334503069,0.0486457660878426,-0.0896012347512667,-0.000266257999158998,-4.3939177770199,-8.5704298058892,-0.026622255564368,0.738861011441628,0.758217045899951
seller_N_1_total_value_high,log_buyern_1_avg_total_gaspaid,grf_blp_single,3166,0.00440182006108571,0.0225019347282342,0.195619626234296,0.844907897553231,-0.0397019720062534,0.0485056121284248,0.441152230162634,-3.8924176025486,4.97012628620894,0.738861011441628,0.758217045899951
seller_N_1_total_value_high,log_sellern_avg_total_gaspaid,grf_blp_single,3166,0.0149707293865688,0.0181068979382843,0.826797027165844,0.408352115324106,-0.0205187905724685,0.0504602493456061,1.50833520684701,-2.03097126397819,5.17550545723642,0.738861011441628,0.758217045899951
seller_N_1_total_value_high,log_sellern_1_avg_total_gaspaid,grf_blp_single,3166,-0.116685574144955,0.0166608005971115,-7.00359946479312,2.49468655917258e-12,-0.149340743315293,-0.0840304049746163,-11.0135054273178,-13.8724409006612,-8.05966987638929,0.738861011441628,0.758217045899951
seller_N_1_total_value_high,log_buyern_avg_gasLimit_cost,grf_blp_single,3166,-5.90625468047581,4.36734242852947,-1.3523681225208,0.176257581782315,-14.4662458403936,2.65373647944195,-99.727763605985,-99.9999478337933,1320.70238472084,0.738861011441628,0.758217045899951
seller_N_1_total_value_high,log_buyern_1_avg_gasLimit_cost,grf_blp_single,3166,-4.27883938613849,4.5499814367252,-0.940408097404928,0.347008270289344,-13.1968030021199,4.63912422984291,-98.6141262601212,-99.9998143472967,10245.3706230021,0.738861011441628,0.758217045899951
seller_N_1_total_value_high,log_sellern_avg_gasLimit_cost,grf_blp_single,3166,0.803343292351938,4.44149701687597,0.180872190007005,0.856467897957018,-7.90199086072496,9.50867744542884,123.299401443794,-99.9629993824056,1347515.95689454,0.738861011441628,0.758217045899951
seller_N_1_total_value_high,log_sellern_1_avg_gasLimit_cost,grf_blp_single,3166,0.0785368168888047,3.99973652259831,0.0196354975996733,0.984334146296878,-7.76094676740388,7.91802040118149,8.17031793748451,-99.9573946983433,274532.903129893,0.738861011441628,0.758217045899951
seller_N_1_total_value_high,`time_n_sale_str_2021-06`,grf_blp_single,3166,0.214994372892325,0.108841746032372,1.97529331097263,0.048234871893908,0.00166455066887677,0.428324195115774,23.9854920149296,0.166593680233107,53.4683537233807,0.738861011441628,0.758217045899951
seller_N_1_total_value_high,`time_n_sale_str_2021-07`,grf_blp_single,3166,0.267966246664299,0.110282147790244,2.42982433724421,0.0151061423037577,0.0518132369954195,0.484119256333178,30.7303013432755,5.31790292646912,62.2745156750396,0.738861011441628,0.758217045899951
seller_N_1_total_value_high,`time_n_sale_str_2021-08`,grf_blp_single,3166,0.128030063405625,0.143816894649593,0.890229647341278,0.37334258843299,-0.153851050107577,0.409911176918826,13.6587171864613,-14.2600278903015,50.6683950858286,0.738861011441628,0.758217045899951
seller_N_1_total_value_high,`time_n_sale_str_2021-09`,grf_blp_single,3166,0.055218098125908,0.193245548574968,0.285740595491577,0.775076809679011,-0.32354317708103,0.433979373332846,5.67710693334518,-27.6419284855268,54.3387032857544,0.738861011441628,0.758217045899951
seller_N_1_total_value_high,`time_n_sale_str_2021-10`,grf_blp_single,3166,-0.127727290579471,0.209361851686573,-0.610079102522875,0.541809408996626,-0.538076519885154,0.282621938726211,-11.9906643829669,-41.6129764240166,32.6603529579065,0.738861011441628,0.758217045899951
seller_N_1_total_value_high,`time_n_sale_str_2021-11`,grf_blp_single,3166,-0.0457144217309881,0.195633429626554,-0.233673875769865,0.815238170428965,-0.429155943799034,0.337727100337058,-4.4685259630983,-34.8941607254908,40.1757911941459,0.738861011441628,0.758217045899951
seller_N_1_total_value_high,`time_n_sale_str_2021-12`,grf_blp_single,3166,0.0562113252929514,0.227329707687285,0.247267837823799,0.804700947766754,-0.389354901774128,0.501777552360031,5.78212044939146,-32.2506216403792,65.1654565355954,0.738861011441628,0.758217045899951
seller_N_1_total_value_high,`time_n_sale_str_2022-01`,grf_blp_single,3166,-0.110826980035725,0.191473668743201,-0.578810552715541,0.56271700989014,-0.486115370772399,0.264461410700949,-10.4906395404426,-38.498915105633,30.2729150817436,0.738861011441628,0.758217045899951
seller_N_1_total_value_high,`time_n_sale_str_2022-02`,grf_blp_single,3166,-0.122831587537903,0.333030673322728,-0.368829652573388,0.712254700965899,-0.77557170725045,0.529908532174644,-11.5587403877843,-53.955953141696,69.877691808158,0.738861011441628,0.758217045899951
seller_N_1_total_value_high,`time_n_sale_str_2022-03`,grf_blp_single,3166,0.297934883085319,0.226021566521351,1.31817015371927,0.187446694318926,-0.145067387296528,0.740937153467166,34.7074067716416,-13.5035996439018,109.790064840093,0.738861011441628,0.758217045899951
seller_N_1_total_value_high,`time_n_sale_str_2022-04`,grf_blp_single,3166,-0.784635263860656,0.211075621587817,-3.71731826706577,0.000201348726540676,-1.19834348217278,-0.370927045548534,-54.3713904532203,-69.8306441031845,-30.9905714827594,0.738861011441628,0.758217045899951
seller_N_1_total_value_high,`time_n_sale_str_2022-05`,grf_blp_single,3166,-0.261896498477583,0.256902977840057,-1.0194373793543,0.307995367973422,-0.765426335044095,0.241633338088928,-23.0409326608093,-53.4864414903764,27.3327226617736,0.738861011441628,0.758217045899951
seller_N_1_total_value_high,`time_n_sale_str_2022-06`,grf_blp_single,3166,-0.282194364638009,0.217793096871728,-1.29569930677927,0.195079100297377,-0.709068834506597,0.144680105230579,-24.5872905352159,-50.789778721639,15.5669818400246,0.738861011441628,0.758217045899951
seller_N_1_total_value_high,`time_n_sale_str_2022-07`,grf_blp_single,3166,0.0187144228980915,0.299332778309431,0.0625204596829879,0.950148369339353,-0.567977822588393,0.605406668384576,1.8890635231235,-43.3329811479113,83.1997072709331,0.738861011441628,0.758217045899951
seller_N_1_total_value_high,`time_n_sale_str_2022-08`,grf_blp_single,3166,0.0092824220750329,0.202797649997018,0.0457718424013759,0.963492101788994,-0.388200971919123,0.406765816069189,0.932563736551462,-32.1723984866956,50.1952331372763,0.738861011441628,0.758217045899951
seller_N_1_total_value_high,`time_n_sale_str_2022-09`,grf_blp_single,3166,-0.116458191676185,0.305880952672534,-0.380730446465104,0.703403274365909,-0.715984858914352,0.483068475561982,-10.9932691578955,-51.1289436248437,62.1040902898531,0.738861011441628,0.758217045899951
seller_N_1_total_value_high,`time_n_sale_str_2022-10`,grf_blp_single,3166,-0.592487678000998,0.489318255387337,-1.21084319147667,0.225955508228492,-1.55155145856018,0.366576102558183,-44.704998923972,-78.8081064798235,44.2786196092813,0.738861011441628,0.758217045899951
seller_N_1_total_value_high,`time_n_sale_str_2022-11`,grf_blp_single,3166,0.0950467554124195,0.223864040365681,0.424573572679029,0.671147561484321,-0.343726763704315,0.533820274529154,9.97102713313787,-29.0877340370241,70.5435109777984,0.738861011441628,0.758217045899951
seller_N_1_total_value_high,`time_n_sale_str_2022-12`,grf_blp_single,3166,0.228261340830682,0.457657963597062,0.498759682966319,0.617948693333689,-0.66874826781956,1.12527094948092,25.6413634713141,-48.7650499071259,208.105154514953,0.738861011441628,0.758217045899951
seller_N_1_total_value_high,`time_n_sale_str_2023-01`,grf_blp_single,3166,0.0659535558946205,0.282708816574216,0.233291471747598,0.815535080488094,-0.488155724590842,0.620062836380083,6.8177105483866,-38.624271150205,85.9044853825309,0.738861011441628,0.758217045899951
seller_N_1_total_value_high,`time_n_sale_str_2023-02`,grf_blp_single,3166,-0.0385469108752953,0.246086917367978,-0.156639415404824,0.87552903696292,-0.520877268916531,0.443783447165941,-3.78134333329472,-40.6000777721932,55.8592931357638,0.738861011441628,0.758217045899951
seller_N_1_total_value_high,`time_n_sale_str_2023-03`,grf_blp_single,3166,0.198535082435721,0.321015958464492,0.618458606809985,0.53627307542676,-0.430656196154682,0.827726361026125,21.961481372203,-34.9917626821396,128.811048448711,0.738861011441628,0.758217045899951
seller_N_1_total_value_high,`time_n_sale_str_2023-04`,grf_blp_single,3166,-0.453759936969013,0.252621711593672,-1.79620324043588,0.0724621995642899,-0.948898491692611,0.0413786177545848,-36.4764788566746,-61.283274338877,4.22466439351972,0.738861011441628,0.758217045899951
seller_N_1_total_value_high,`time_n_sale_str_2023-05`,grf_blp_single,3166,0.0933382655940281,0.260793772883322,0.357900668263989,0.720417650602996,-0.417817529257284,0.60449406044534,9.78330316087337,-34.1517628769436,83.0325940296456,0.738861011441628,0.758217045899951
seller_N_1_total_value_high,`time_n_sale_str_2023-06`,grf_blp_single,3166,-0.301785125845572,0.195899463341742,-1.54051022242524,0.123436032972295,-0.685748073995387,0.0821778223042429,-26.0503053399763,-49.6286726204261,8.56488452452993,0.738861011441628,0.758217045899951
seller_N_1_total_value_high,`time_n_sale_str_2023-07`,grf_blp_single,3166,0.00466882854356844,0.190598957641758,0.0244955617876136,0.980457323834639,-0.368905128434278,0.378242785521414,0.467974450519249,-30.8508989826697,45.9717298083232,0.738861011441628,0.758217045899951
seller_N_1_total_value_high,`time_n_sale_str_2023-08`,grf_blp_single,3166,-0.408858457244075,0.254575572220688,-1.60603962775203,0.108265203293817,-0.907826578796624,0.0901096643084739,-33.5591732155674,-59.6599969879976,9.42942821510357,0.738861011441628,0.758217045899951
seller_N_1_total_value_high,`time_n_sale_str_2023-09`,grf_blp_single,3166,0.178623729732938,0.338136133968551,0.528259809552183,0.597319022460455,-0.484123092845422,0.841370552311297,19.5570801778344,-38.3762657164454,131.954385543683,0.738861011441628,0.758217045899951
seller_N_1_total_value_high,`time_n_sale_str_2023-10`,grf_blp_single,3166,-0.127132366723682,0.209531729908045,-0.606745177828082,0.544020035335284,-0.53781455734345,0.283549823896085,-11.9382899518217,-41.5976792073566,32.7835036580648,0.738861011441628,0.758217045899951
seller_N_1_total_value_high,`time_n_sale_str_2023-11`,grf_blp_single,3166,-0.0849576809951347,0.202589341706928,-0.419359085129154,0.674953721244035,-0.482032790740713,0.312117428750443,-8.14488442502177,-38.24731877289,36.6315128287666,0.738861011441628,0.758217045899951
seller_N_1_total_value_high,`time_n_sale_str_2023-12`,grf_blp_single,3166,0.345801005987418,0.222588965788475,1.55354064727553,0.120294026334658,-0.090473366957993,0.782075378932829,41.31213851423,-8.65013371747648,118.600434834849,0.738861011441628,0.758217045899951
seller_N_1_total_value_high,`time_n_sale_str_2024-01`,grf_blp_single,3166,0.150723857484883,0.126515509352891,1.19134688115168,0.23351743670956,-0.0972465408467836,0.398694255816549,16.2675549597477,-9.26677159135384,48.9878027422839,0.738861011441628,0.758217045899951
seller_N_1_total_value_high,`time_n_sale_str_2024-02`,grf_blp_single,3166,-0.0589066292200862,0.200538272012587,-0.293742579054381,0.768954615452894,-0.451961642364756,0.334148383924584,-5.7205205467199,-36.3621420765642,39.6750383502156,0.738861011441628,0.758217045899951
seller_N_1_total_value_high,`time_n_sale_str_2024-03`,grf_blp_single,3166,0.0346164656189083,0.130501681649645,0.265256854787836,0.790811599185171,-0.221166830414396,0.290399761652212,3.52225891949414,-19.8417059279581,33.6961847287201,0.738861011441628,0.758217045899951
seller_N_1_total_value_high,`time_n_sale_str_2024-04`,grf_blp_single,3166,-0.157267239954233,0.166311223337843,-0.945620125917552,0.344342375267173,-0.483237237696405,0.168702757787939,-14.5524321738312,-38.3216518277029,18.3768220739591,0.738861011441628,0.758217045899951
seller_N_1_total_value_high,`time_n_sale_str_2024-05`,grf_blp_single,3166,0.362660673102356,0.172562272689752,2.10162202577374,0.0355863988705264,0.0244386186304435,0.700882727574269,43.714811348246,2.47396892511522,101.55310873101,0.738861011441628,0.758217045899951
seller_N_1_total_value_high,`time_n_sale_str_2024-06`,grf_blp_single,3166,0.214221192616738,0.184197654620478,1.16299630990482,0.244830999595237,-0.146806210439399,0.575248595672875,23.8896659282385,-13.6538709011839,77.7572368790877,0.738861011441628,0.758217045899951
seller_N_1_total_value_high,`time_n_sale_str_2024-07`,grf_blp_single,3166,0.199499372479579,0.248914715265994,0.801476812113703,0.422855662737633,-0.288373469441769,0.687372214400927,22.0791443359191,-25.0518368522623,98.8483353809857,0.738861011441628,0.758217045899951
seller_N_1_total_value_high,`time_n_sale_str_2024-08`,grf_blp_single,3166,-0.712689928968976,0.296383642969155,-2.40461964037316,0.0161893060153065,-1.29360186918852,-0.131777988749433,-50.9676513402651,-72.5718922796797,-12.3464425761804,0.738861011441628,0.758217045899951
seller_N_1_total_value_high,`time_n_sale_str_2024-09`,grf_blp_single,3166,0.227208256875108,0.32182306490254,0.706003645027478,0.480185870687564,-0.403564950333871,0.857981464084087,25.5091222100825,-33.2065357187952,135.839538006686,0.738861011441628,0.758217045899951
seller_N_1_total_value_high,`time_n_sale_str_2024-10`,grf_blp_single,3166,0.520635247665353,0.288167360013869,1.80671137647336,0.0708072929545141,-0.0441727779618315,1.08544327329254,68.3096493290671,-4.32113687985127,196.075195016693,0.738861011441628,0.758217045899951
seller_N_1_total_value_high,`time_n_sale_str_2024-11`,grf_blp_single,3166,0.413024284168938,0.19464680278535,2.12191661131165,0.0338447412474952,0.0315165507096511,0.794532017628225,51.1381728137567,3.20184560921197,121.3404919906,0.738861011441628,0.758217045899951
seller_N_1_total_value_high,`time_n_sale_str_2024-12`,grf_blp_single,3166,0.143950401531558,0.139894927277027,1.02898943037799,0.303484641673594,-0.130243655931414,0.418144458994531,15.4826829462392,-12.2118496176169,51.9140112005123,0.738861011441628,0.758217045899951
seller_N_1_total_value_high,`time_n_sale_str_2025-01`,grf_blp_single,3166,0.311564834283294,0.21488359923948,1.44992375121224,0.147079783218073,-0.109607020226087,0.732736688792676,36.5560318678407,-10.3813750825235,108.076723523285,0.738861011441628,0.758217045899951
seller_N_1_total_value_high,`time_n_sale_str_2025-02`,grf_blp_single,3166,0.176107219197516,0.19646683189338,0.896371247504448,0.370054518302214,-0.208967771313509,0.561182209708541,19.2565917756758,-18.8578613732521,75.274338619194,0.738861011441628,0.758217045899951
seller_N_1_total_value_high,`time_n_sale_str_2025-03`,grf_blp_single,3166,0.864807649489174,0.376163934665848,2.29901798070406,0.0215039183073292,0.127526337544112,1.60208896143424,137.454929627653,13.601478768674,396.338993256329,0.738861011441628,0.758217045899951
seller_N_1_total_value_high,`time_n-1_sale_str_2021-06`,grf_blp_single,3166,0.00962780998968276,0.106835979746426,0.0901176739571652,0.928193704577877,-0.199770710313313,0.219026330292679,0.967430645218514,-18.1081498880642,24.4864053890897,0.738861011441628,0.758217045899951
seller_N_1_total_value_high,`time_n-1_sale_str_2021-07`,grf_blp_single,3166,-0.0704573449839439,0.157326396731384,-0.447841852656432,0.654267335859963,-0.378817082577457,0.237902392609569,-6.80325082336969,-31.532916056191,26.8585363474812,0.738861011441628,0.758217045899951
seller_N_1_total_value_high,`time_n-1_sale_str_2021-08`,grf_blp_single,3166,0.479320557564529,0.100868095306056,4.75195408528498,2.01460126696817e-06,0.281619090764659,0.6770220243644,61.4976745604625,32.527381479596,96.8008316262748,0.738861011441628,0.758217045899951
seller_N_1_total_value_high,`time_n-1_sale_str_2021-09`,grf_blp_single,3166,0.596839185404051,0.157440699852562,3.79088244629866,0.000150112994116299,0.28825541369303,0.905422957115072,81.6368513273878,33.409800751034,147.297766538879,0.738861011441628,0.758217045899951
seller_N_1_total_value_high,`time_n-1_sale_str_2021-10`,grf_blp_single,3166,0.514714272289938,0.117639059836798,4.37536880185891,1.21227338901459e-05,0.284141715009815,0.745286829570062,67.3160365212628,32.86212029788,110.70457113299,0.738861011441628,0.758217045899951
seller_N_1_total_value_high,`time_n-1_sale_str_2021-11`,grf_blp_single,3166,0.0721282619804266,0.242290288007518,0.297693574817116,0.765937047774814,-0.402760702514309,0.547017226475162,7.47931903265477,-33.1527956135014,72.8090819315752,0.738861011441628,0.758217045899951
seller_N_1_total_value_high,`time_n-1_sale_str_2021-12`,grf_blp_single,3166,0.403075903234904,0.239336701881365,1.68413745182593,0.0921551078852278,-0.0660240324525715,0.872175838922379,49.6420470507515,-6.38916329586449,139.211004131,0.738861011441628,0.758217045899951
seller_N_1_total_value_high,`time_n-1_sale_str_2022-01`,grf_blp_single,3166,0.459752633252996,0.197553200943563,2.32723454268067,0.019952785480266,0.072548359403612,0.84695690710238,58.3682186226791,7.52448030302857,133.253791127733,0.738861011441628,0.758217045899951
seller_N_1_total_value_high,`time_n-1_sale_str_2022-02`,grf_blp_single,3166,1.028353501614,0.217410874759381,4.7300002943833,2.24519511520949e-06,0.602228187085617,1.45447881614239,179.645767902466,82.6183348575241,328.225104378329,0.738861011441628,0.758217045899951
seller_N_1_total_value_high,`time_n-1_sale_str_2022-03`,grf_blp_single,3166,0.243443910153203,0.2774521343881,0.877426698086505,0.380254917152171,-0.300362273247472,0.787250093553879,27.5634765675433,-25.9450109333547,119.734561561462,0.738861011441628,0.758217045899951
seller_N_1_total_value_high,`time_n-1_sale_str_2022-04`,grf_blp_single,3166,0.0443543492062721,0.443383034520874,0.100036189373376,0.92031559457003,-0.824676398454641,0.913385096867185,4.53527091699644,-56.1623171066246,149.274645566205,0.738861011441628,0.758217045899951
seller_N_1_total_value_high,`time_n-1_sale_str_2022-05`,grf_blp_single,3166,0.0518265249193718,0.285882468813278,0.181286124799845,0.856142996389907,-0.508503113954653,0.612156163793397,5.31930239205201,-39.8604874644149,84.4403951526071,0.738861011441628,0.758217045899951
seller_N_1_total_value_high,`time_n-1_sale_str_2022-06`,grf_blp_single,3166,0.0329414351684835,0.301771974323162,0.109160021378284,0.913075569082381,-0.558531634504915,0.624414504841882,3.34900113005325,-42.7951576378698,86.7152428629121,0.738861011441628,0.758217045899951
seller_N_1_total_value_high,`time_n-1_sale_str_2022-07`,grf_blp_single,3166,-0.744201566029558,0.352510847415194,-2.11114515052929,0.0347598376152497,-1.43512282696334,-0.0532803050957786,-52.4886504707001,-76.1913881176313,-5.18857860138584,0.738861011441628,0.758217045899951
seller_N_1_total_value_high,`time_n-1_sale_str_2022-08`,grf_blp_single,3166,0.284407125322964,0.189951176689464,1.49726435118598,0.134324486876536,-0.0878971809883865,0.656711431634314,32.8973879548268,-8.41449608076923,92.8440088159758,0.738861011441628,0.758217045899951
seller_N_1_total_value_high,`time_n-1_sale_str_2022-09`,grf_blp_single,3166,0.541924955823826,0.274061701293605,1.97738302457393,0.0479983513188921,0.00476402128836084,1.07908589035929,71.9313280921967,0.477538727988613,194.198902100618,0.738861011441628,0.758217045899951
seller_N_1_total_value_high,`time_n-1_sale_str_2022-10`,grf_blp_single,3166,-0.262970174568853,0.482186322888799,-0.545370455539648,0.585498755907736,-1.2080553674309,0.682115018293194,-23.1235174288388,-70.1222272232063,97.8056937732784,0.738861011441628,0.758217045899951
seller_N_1_total_value_high,`time_n-1_sale_str_2022-11`,grf_blp_single,3166,-0.195421073269945,0.294223633200205,-0.664192305507187,0.506567237543069,-0.772099394342347,0.381257247802457,-17.7511742688908,-53.7957959063482,46.4124199701522,0.738861011441628,0.758217045899951
seller_N_1_total_value_high,`time_n-1_sale_str_2022-12`,grf_blp_single,3166,-0.435539527575934,0.431852327584917,-1.00853810378107,0.313196204809268,-1.28197008964237,0.410891034490503,-35.3084455869584,-72.2509918740198,50.8161010071305,0.738861011441628,0.758217045899951
seller_N_1_total_value_high,`time_n-1_sale_str_2023-01`,grf_blp_single,3166,-0.348577592206211,0.548898906624999,-0.635048800423928,0.525396587849678,-1.42441944919121,0.727264264778787,-29.4308843234209,-75.9351868870582,106.941149470062,0.738861011441628,0.758217045899951
seller_N_1_total_value_high,`time_n-1_sale_str_2023-02`,grf_blp_single,3166,-0.798397430650699,0.493911512889894,-1.61647868052163,0.105990859175211,-1.76646399591489,0.169669134613493,-54.9950377759055,-82.9063646909694,18.4912739844239,0.738861011441628,0.758217045899951
seller_N_1_total_value_high,`time_n-1_sale_str_2023-03`,grf_blp_single,3166,-0.169335692573678,0.352463930508387,-0.480434103794485,0.630918749159916,-0.860164996370116,0.52149361122276,-15.5774544402917,-57.6907732130081,68.4541822204203,0.738861011441628,0.758217045899951
seller_N_1_total_value_high,`time_n-1_sale_str_2023-04`,grf_blp_single,3166,0.173436127907566,0.36588956799761,0.474012224116482,0.635491190195785,-0.543707425367749,0.890579681182881,18.9384715852913,-41.9408243286429,143.654165934431,0.738861011441628,0.758217045899951
seller_N_1_total_value_high,`time_n-1_sale_str_2023-05`,grf_blp_single,3166,-0.0962227663614309,0.405140621377284,-0.237504612680702,0.81226534116511,-0.890298384260908,0.697852851538046,-9.17383366151221,-58.9466762181754,100.943352006954,0.738861011441628,0.758217045899951
seller_N_1_total_value_high,`time_n-1_sale_str_2023-06`,grf_blp_single,3166,-0.304199578179344,0.130627330677108,-2.32875904760913,0.019871834034861,-0.560229146306475,-0.0481700100522125,-26.2286379783688,-42.8921811603005,-4.70282414737703,0.738861011441628,0.758217045899951
seller_N_1_total_value_high,`time_n-1_sale_str_2023-07`,grf_blp_single,3166,-0.183457031559238,0.136536822664081,-1.34364509133623,0.179063180947422,-0.451069203980838,0.0841551408623608,-16.7612358631449,-36.3053238598753,8.7797642582917,0.738861011441628,0.758217045899951
seller_N_1_total_value_high,`time_n-1_sale_str_2023-08`,grf_blp_single,3166,-0.221439844233521,0.150941657771117,-1.46705586452022,0.142360859037303,-0.51728549346491,0.0744058049978679,-19.863587262868,-40.3863429757898,7.7243867754655,0.738861011441628,0.758217045899951
seller_N_1_total_value_high,`time_n-1_sale_str_2023-09`,grf_blp_single,3166,-0.231935581259258,0.227703202408209,-1.01858726098837,0.308398954614291,-0.678233857979348,0.214362695460831,-20.7002794457268,-49.2487459475987,23.9071979087044,0.738861011441628,0.758217045899951
seller_N_1_total_value_high,`time_n-1_sale_str_2023-10`,grf_blp_single,3166,0.00380380784573668,0.137041296226011,0.0277566540195547,0.97785623771135,-0.264797132757244,0.272404748448718,0.381105150438343,-23.2638393280153,31.3118376393061,0.738861011441628,0.758217045899951
seller_N_1_total_value_high,`time_n-1_sale_str_2023-11`,grf_blp_single,3166,-0.110801905444277,0.115815001531208,-0.956714622279906,0.338711315647074,-0.337799308445445,0.116195497556892,-10.4883951016592,-28.6661565467008,12.321543654411,0.738861011441628,0.758217045899951
seller_N_1_total_value_high,`time_n-1_sale_str_2023-12`,grf_blp_single,3166,0.29713623705061,0.117402507411842,2.53091900335885,0.0113764115858355,0.0670273225233986,0.527245151577821,34.5998661845252,6.93246944244517,69.4258448472789,0.738861011441628,0.758217045899951
seller_N_1_total_value_high,`time_n-1_sale_str_2024-01`,grf_blp_single,3166,0.271412862669876,0.0997548059900914,2.72079986498931,0.00651241761826892,0.0758934429292963,0.466932282410455,31.1816558683549,7.88476091912564,59.5093383880575,0.738861011441628,0.758217045899951
seller_N_1_total_value_high,`time_n-1_sale_str_2024-02`,grf_blp_single,3166,0.374826349421445,0.0929281303936558,4.03350791448866,5.49503290594316e-05,0.19268721384988,0.55696548499301,45.4738776453277,21.2503479904703,74.5368110517181,0.738861011441628,0.758217045899951
seller_N_1_total_value_high,`time_n-1_sale_str_2024-03`,grf_blp_single,3166,0.147487409741532,0.0565242457580821,2.60927691760387,0.00907337844846368,0.036699888055691,0.258274931427373,15.8918693652001,3.73816434944445,29.4694721965411,0.738861011441628,0.758217045899951
seller_N_1_total_value_high,`time_n-1_sale_str_2024-04`,grf_blp_single,3166,0.30712556229706,0.0700068441592922,4.38707909184182,1.1488302296277e-05,0.169912147744847,0.444338976849272,35.9511660762478,18.5200724190102,55.9459016540978,0.738861011441628,0.758217045899951
seller_N_1_total_value_high,`time_n-1_sale_str_2024-05`,grf_blp_single,3166,0.383246416321232,0.0812821405956807,4.71501382114926,2.41694342612808e-06,0.223933420753697,0.542559411888766,46.7039488005738,25.0987726835628,72.0404455775228,0.738861011441628,0.758217045899951
seller_N_1_total_value_high,`time_n-1_sale_str_2024-06`,grf_blp_single,3166,0.378684390285815,0.0804440709689736,4.70742449660298,2.50866152089868e-06,0.221014011186626,0.536354769385003,46.0362058550912,24.7340907167868,70.9763008492468,0.738861011441628,0.758217045899951
seller_N_1_total_value_high,`time_n-1_sale_str_2024-07`,grf_blp_single,3166,0.326998768202147,0.089776228934822,3.64237585028827,0.000270133269559383,0.151037359489896,0.502960176914398,38.6799768922272,16.3040107855342,65.3609008058451,0.738861011441628,0.758217045899951
seller_N_1_total_value_high,`time_n-1_sale_str_2024-08`,grf_blp_single,3166,0.373837139137156,0.0855160688031854,4.37154261613147,1.23371763085518e-05,0.206225644282912,0.541448633991399,45.330044541787,22.9030496414452,71.8494529479556,0.738861011441628,0.758217045899951
seller_N_1_total_value_high,`time_n-1_sale_str_2024-09`,grf_blp_single,3166,0.177739489618295,0.0793247318057929,2.24065667254251,0.0250483226835945,0.0222630152789405,0.333215963957649,19.4514097374578,2.2512685565554,39.5448632539362,0.738861011441628,0.758217045899951
seller_N_1_total_value_high,`time_n-1_sale_str_2024-10`,grf_blp_single,3166,0.423436773085969,0.113655207891384,3.72562578470343,0.000194831266730239,0.200672565618856,0.646200980553082,52.7201190691975,22.2224507971443,90.8277457733224,0.738861011441628,0.758217045899951
seller_N_1_total_value_high,`time_n-1_sale_str_2024-11`,grf_blp_single,3166,0.419581090803988,0.0723501649017315,5.79931077384381,6.65880291436891e-09,0.277774767596594,0.561387414011382,52.132412544901,32.0188814420611,75.3103093582052,0.738861011441628,0.758217045899951
seller_N_1_total_value_high,`time_n-1_sale_str_2024-12`,grf_blp_single,3166,0.304113874028081,0.0698882874791798,4.35142832937034,1.35253534305294e-05,0.167132830568889,0.441094917487274,35.5423394823643,18.1911248825583,55.4408235864386,0.738861011441628,0.758217045899951
seller_N_1_total_value_high,`time_n-1_sale_str_2025-01`,grf_blp_single,3166,0.312477523079383,0.0676360607073533,4.61998407079629,3.83769506693839e-06,0.17991084409297,0.445044202065795,36.6807219211165,19.7110628879954,56.0559174247459,0.738861011441628,0.758217045899951
seller_N_1_total_value_high,`time_n-1_sale_str_2025-02`,grf_blp_single,3166,0.671890094315511,0.172905855229057,3.88587242129786,0.000101963046999908,0.33299461806656,1.01078557056446,95.7934506401063,39.513978990011,174.775872576213,0.738861011441628,0.758217045899951
seller_N_1_total_value_high,`time_n-1_sale_str_2025-03`,grf_blp_single,3166,0.470236377308848,0.114525565513551,4.10595114898787,4.02654577194195e-05,0.245766268902289,0.694706485715408,60.0372440241672,27.8600689871117,100.312104300777,0.738861011441628,0.758217045899951
seller_N_1_total_value_high,`Background_recoded_Army Green`,grf_blp_single,3166,0.130760425569751,0.110054958743791,1.18813751840263,0.234779235067502,-0.0849472935680789,0.346468144707581,13.9694706892411,-8.14393028175349,41.4064447676408,0.738861011441628,0.758217045899951
seller_N_1_total_value_high,Background_recoded_Blue,grf_blp_single,3166,-0.0930061770314185,0.095154047607815,-0.977427438659792,0.328357584440658,-0.279508110342736,0.0934957562798988,-8.88121281573555,-24.3844404890739,9.80059437015179,0.738861011441628,0.758217045899951
seller_N_1_total_value_high,Background_recoded_Gray,grf_blp_single,3166,0.12255810621639,0.105261869272015,1.16431626251742,0.244295868469214,-0.0837551575567591,0.328871369989538,13.0384800549595,-8.03436005485409,38.9399125668771,0.738861011441628,0.758217045899951
seller_N_1_total_value_high,`Background_recoded_New Punk Blue`,grf_blp_single,3166,0.00656304186541886,0.0867998464825726,0.0756112151273973,0.939728413627832,-0.163564657240423,0.176690740971261,0.65846258176403,-15.0888403985945,19.3262009008846,0.738861011441628,0.758217045899951
seller_N_1_total_value_high,Background_recoded_Orange,grf_blp_single,3166,0.00147273852638905,0.0999408142749361,0.0147361069356266,0.988242713312644,-0.194411257452486,0.197356734505264,0.147382353835357,-17.6680761538661,21.8178529517775,0.738861011441628,0.758217045899951
seller_N_1_total_value_high,Background_recoded_Purple,grf_blp_single,3166,0.0307931114532571,0.10193806037082,0.302076685991875,0.76259360462475,-0.169005486873551,0.230591709780065,3.12721234233853,-15.5495730314819,25.9344956238816,0.738861011441628,0.758217045899951
seller_N_1_total_value_high,Background_recoded_Yellow,grf_blp_single,3166,-0.124160256425745,0.095992172802346,-1.29344146299718,0.195858417463585,-0.312304915118343,0.0639844022668536,-11.6761715070195,-26.8241629982107,6.60757702664436,0.738861011441628,0.758217045899951
seller_N_1_total_value_high,`Clothes_recoded_Bayc T Black`,grf_blp_single,3166,-0.296571362202755,0.300452017479987,-0.987083943353816,0.32360148855669,-0.88545731646353,0.292314592058019,-25.6637422619719,-58.7474524556521,33.9524355084745,0.738861011441628,0.758217045899951
seller_N_1_total_value_high,`Clothes_recoded_Bayc T Red`,grf_blp_single,3166,-0.364730128214529,0.323692360282146,-1.12678015599939,0.259835442559317,-0.999167154367536,0.269706897938478,-30.5615979750665,-63.1814044420829,30.9580553715469,0.738861011441628,0.758217045899951
seller_N_1_total_value_high,`Clothes_recoded_Biker Vest`,grf_blp_single,3166,0.178457123582356,0.150554261479236,1.18533425642666,0.23588531423255,-0.116629228916947,0.473543476081658,19.5371628921483,-11.0084913217323,60.5673791188743,0.738861011441628,0.758217045899951
seller_N_1_total_value_high,`Clothes_recoded_Black Holes T`,grf_blp_single,3166,0.321101637169514,0.197780336557402,1.62352659904752,0.104476882026429,-0.0665478224829942,0.708751096822021,37.8645695419456,-6.43818287976423,103.145258610792,0.738861011441628,0.758217045899951
seller_N_1_total_value_high,`Clothes_recoded_Black T`,grf_blp_single,3166,-0.00459464560967555,0.146802166207712,-0.0312982139730454,0.975031714754716,-0.292326891376792,0.283137600157441,-0.458410637306717,-25.3475536326773,32.7287784260514,0.738861011441628,0.758217045899951
seller_N_1_total_value_high,`Clothes_recoded_Bone Necklace`,grf_blp_single,3166,-0.373338788871626,0.218848693672035,-1.70592194363796,0.0880226135579618,-0.802282228468814,0.0556046507255616,-31.1568039755896,-55.1695337946289,5.71796459006209,0.738861011441628,0.758217045899951
seller_N_1_total_value_high,`Clothes_recoded_Bone Tee`,grf_blp_single,3166,0.258516832192543,0.244260854884244,1.0583637411531,0.28988964332071,-0.220234443380576,0.737268107765661,29.5007947492536,-19.7669325204514,109.021745865109,0.738861011441628,0.758217045899951
seller_N_1_total_value_high,`Clothes_recoded_Caveman Pelt`,grf_blp_single,3166,-0.185148143016038,0.287875901079535,-0.643152630427669,0.520125066740945,-0.749384909131926,0.37908862309985,-16.9018829323723,-52.7342809530868,46.0952504146052,0.738861011441628,0.758217045899951
seller_N_1_total_value_high,`Clothes_recoded_Cowboy Shirt`,grf_blp_single,3166,-0.245986127669749,0.253042750862038,-0.972112920965925,0.330994374788944,-0.741949919359344,0.249977664019846,-21.806692791595,-52.3815511690908,28.3996737041812,0.738861011441628,0.758217045899951
seller_N_1_total_value_high,Clothes_recoded_Guayabera,grf_blp_single,3166,-0.478777386064688,0.203447620591726,-2.35332015519359,0.0186066061517007,-0.877534722424471,-0.0800200497049052,-38.0459612333549,-58.4193271830151,-7.69021616381617,0.738861011441628,0.758217045899951
seller_N_1_total_value_high,Clothes_recoded_Hawaiian,grf_blp_single,3166,0.0432298101925066,0.195428780242327,0.221204932758126,0.824932868608693,-0.339810599082455,0.426270219467468,4.41778299879072,-28.8094854517807,53.1534569678886,0.738861011441628,0.758217045899951
seller_N_1_total_value_high,`Clothes_recoded_Hip Hop`,grf_blp_single,3166,0.153255878329932,0.336611457856629,0.455290141654083,0.648900517635313,-0.506502579069061,0.813014335728926,16.5623198504513,-39.7400558479253,125.469415879821,0.738861011441628,0.758217045899951
seller_N_1_total_value_high,`Clothes_recoded_Lab Coat`,grf_blp_single,3166,0.555750495821704,0.46906060437041,1.1848159718458,0.236090216191174,-0.363608288744299,1.47510928038771,74.3248794896435,-30.4836555236404,337.151346751456,0.738861011441628,0.758217045899951
seller_N_1_total_value_high,`Clothes_recoded_Leather Jacket`,grf_blp_single,3166,-0.0447829542590415,0.316378810388389,-0.141548525971337,0.88743662772914,-0.664885422620283,0.5753195141022,-4.37950004654991,-48.5667544804291,77.7698435901471,0.738861011441628,0.758217045899951
seller_N_1_total_value_high,`Clothes_recoded_Leather Punk Jacket`,grf_blp_single,3166,-0.0779193506819343,0.240704542629953,-0.323713669175423,0.746154821141277,-0.549700254236643,0.393861552872774,-7.49609726980153,-42.2877225436837,48.2695259564999,0.738861011441628,0.758217045899951
seller_N_1_total_value_high,`Clothes_recoded_Lumberjack Shirt`,grf_blp_single,3166,-0.00466515118342146,0.162132670302681,-0.0287736652626039,0.97704510425709,-0.322445184976676,0.313114882609833,-0.465428626769715,-27.5624362613867,36.7678644494722,0.738861011441628,0.758217045899951
seller_N_1_total_value_high,`Clothes_recoded_Navy Striped Tee`,grf_blp_single,3166,0.0829522992703411,0.155706562053248,0.532747613051616,0.594208302076102,-0.222232562354024,0.388137160894707,8.64899809472823,-19.927087677067,47.4231977398356,0.738861011441628,0.758217045899951
seller_N_1_total_value_high,Clothes_recoded_No_Clothes,grf_blp_single,3166,0.0812215056155421,0.0839005745331193,0.968068527152699,0.333010146850803,-0.0832236204693717,0.245666631700456,8.46111174138313,-7.98546391255263,27.8473300022606,0.738861011441628,0.758217045899951
seller_N_1_total_value_high,Clothes_recoded_Other_Clothes,grf_blp_single,3166,0.189542585766611,0.1812910817846,1.04551522281618,0.295784908658953,-0.165787934531204,0.544873106064427,20.8696596164582,-15.2774117505928,72.438955391577,0.738861011441628,0.758217045899951
seller_N_1_total_value_high,`Clothes_recoded_Prison Jumpsuit`,grf_blp_single,3166,0.0810283113186732,0.188888758206254,0.428973709648701,0.667942357329855,-0.289193654765584,0.45125027740293,8.44015969713554,-25.1132830336503,57.0274237075219,0.738861011441628,0.758217045899951
seller_N_1_total_value_high,`Clothes_recoded_Prom Dress`,grf_blp_single,3166,-0.0631271731421344,0.18996769839444,-0.332304774315158,0.739659135168262,-0.435463861995237,0.309209515710968,-6.11759271102541,-35.3035504777342,36.2347773866561,0.738861011441628,0.758217045899951
seller_N_1_total_value_high,`Clothes_recoded_Puffy Vest`,grf_blp_single,3166,0.106859818883809,0.244868761988905,0.436396288427558,0.662549231390566,-0.373082954614444,0.586802592382063,11.2778253047768,-31.1391892745468,79.8229540736929,0.738861011441628,0.758217045899951
seller_N_1_total_value_high,`Clothes_recoded_Rainbow Suspenders`,grf_blp_single,3166,-0.131321235940603,0.342416903488669,-0.383512713895413,0.701339645252067,-0.802458366778394,0.539815894897188,-12.3063974229512,-55.1774294617789,71.5690965645045,0.738861011441628,0.758217045899951
seller_N_1_total_value_high,`Clothes_recoded_Sailor Shirt`,grf_blp_single,3166,0.0935780219604169,0.13877135220313,0.674332421460012,0.500099996078183,-0.178413828357718,0.365569872278552,9.80962756232471,-16.3403855364903,44.1335151100407,0.738861011441628,0.758217045899951
seller_N_1_total_value_high,Clothes_recoded_Service,grf_blp_single,3166,-0.0890430435903937,0.271972519746865,-0.327397207899054,0.743367477980657,-0.622109182294248,0.444023095113461,-8.51938038162122,-46.3188989565955,55.8966489714116,0.738861011441628,0.758217045899951
seller_N_1_total_value_high,`Clothes_recoded_Sleeveless Logo T`,grf_blp_single,3166,0.269103348774097,0.209588014588653,1.28396344276772,0.199154746949477,-0.141689159819662,0.679895857367856,30.8790395940103,-13.2109010046427,97.3672178111542,0.738861011441628,0.758217045899951
seller_N_1_total_value_high,`Clothes_recoded_Sleeveless T`,grf_blp_single,3166,-0.241328649760883,0.252530429673939,-0.955641860953074,0.339253204824521,-0.736288291921804,0.253630992400038,-21.4416597839269,-52.1111886288522,28.8696177834655,0.738861011441628,0.758217045899951
seller_N_1_total_value_high,`Clothes_recoded_Smoking Jacket`,grf_blp_single,3166,-0.383791589277781,0.227901708081975,-1.68402243453012,0.092177333124255,-0.830478937118453,0.0628957585628902,-31.8726602934279,-56.4159503864483,6.4915825089261,0.738861011441628,0.758217045899951
seller_N_1_total_value_high,`Clothes_recoded_Striped Tee`,grf_blp_single,3166,-0.0455310341921323,0.173101544089455,-0.26303078017954,0.792526855023182,-0.384810060607463,0.293747992223199,-4.45100507468421,-31.9420107139844,34.1445806291834,0.738861011441628,0.758217045899951
seller_N_1_total_value_high,`Clothes_recoded_Stunt Jacket`,grf_blp_single,3166,-0.0794620675404184,0.296127670738385,-0.268337191665616,0.788439780778269,-0.659872302187653,0.500948167106816,-7.63869457810172,-48.308266050932,65.0285275329013,0.738861011441628,0.758217045899951
seller_N_1_total_value_high,Clothes_recoded_Tanktop,grf_blp_single,3166,0.136799918238609,0.220075682337444,0.62160397180481,0.534202308711064,-0.294548419142781,0.568148255619999,14.6598712078218,-25.5132120395765,76.4995702644546,0.738861011441628,0.758217045899951
seller_N_1_total_value_high,`Clothes_recoded_Tie Dye`,grf_blp_single,3166,-0.061669996605782,0.260525558250586,-0.236713806583479,0.812878823233644,-0.572300090776931,0.448960097565367,-5.98068974827966,-43.5773826359541,56.6682141520453,0.738861011441628,0.758217045899951
seller_N_1_total_value_high,Clothes_recoded_Toga,grf_blp_single,3166,0.110763526193871,0.218195669107194,0.507633935389686,0.611710087206894,-0.31689998525623,0.538427037643971,11.7130703467706,-27.1596397417595,71.3309769756482,0.738861011441628,0.758217045899951
seller_N_1_total_value_high,`Clothes_recoded_Tuxedo Tee`,grf_blp_single,3166,-0.21923798104117,0.204819100702745,-1.07039812346091,0.284440143600085,-0.620683418418549,0.18220745633621,-19.6869434439005,-46.2423077944385,19.9863087261758,0.738861011441628,0.758217045899951
seller_N_1_total_value_high,`Clothes_recoded_Tweed Suit`,grf_blp_single,3166,0.2524522572993,0.310688026278213,0.812558695368695,0.416471121280613,-0.356496274205998,0.861400788804597,28.7178041331822,-29.9874920013415,136.647330233988,0.738861011441628,0.758217045899951
seller_N_1_total_value_high,`Clothes_recoded_Vietnam Jacket`,grf_blp_single,3166,-0.0101000090370368,0.250990767799258,-0.0402405599440805,0.967901341643423,-0.502041913923582,0.481841895849508,-1.00491752303448,-39.470656010845,61.9053785941753,0.738861011441628,0.758217045899951
seller_N_1_total_value_high,`Clothes_recoded_Wool Turtleneck`,grf_blp_single,3166,-0.359141512535427,0.191574726312776,-1.87468106805003,0.0608366129335071,-0.734627976108468,0.0163449510376145,-30.1724470381141,-52.0316120351929,1.64792605126225,0.738861011441628,0.758217045899951
seller_N_1_total_value_high,`Clothes_recoded_Work Vest`,grf_blp_single,3166,-0.150612787429892,0.204295207978421,-0.737231131949999,0.460981804365063,-0.551031395067598,0.249805820207814,-13.9819293035155,-42.3644946041047,28.3776109105198,0.738861011441628,0.758217045899951
seller_N_1_total_value_high,`Earring_recoded_Diamond Stud`,grf_blp_single,3166,0.211612665045443,0.194644456854165,1.08717539900965,0.276959300834451,-0.16989047038872,0.593115800479606,23.5669174510264,-15.6242772063407,80.9618049221168,0.738861011441628,0.758217045899951
seller_N_1_total_value_high,`Earring_recoded_Gold Hoop`,grf_blp_single,3166,-0.117913545775613,0.19123330751894,-0.616595232835862,0.537501739695046,-0.492730828512736,0.25690373696151,-11.1227112536137,-38.904430121091,29.2920660297403,0.738861011441628,0.758217045899951
seller_N_1_total_value_high,`Earring_recoded_Gold Stud`,grf_blp_single,3166,0.154699773079157,0.15064098711245,1.02694343713824,0.304447099073318,-0.140556561661244,0.449956107819559,16.7307451369727,-13.1125481443293,56.8243350359408,0.738861011441628,0.758217045899951
seller_N_1_total_value_high,Earring_recoded_No_Earring,grf_blp_single,3166,0.0115453646854337,0.0726154809989497,0.158993158574557,0.87367426393591,-0.130780978072508,0.153871707443375,1.16122696410814,-12.2590074639309,16.634124427951,0.738861011441628,0.758217045899951
seller_N_1_total_value_high,`Earring_recoded_Silver Hoop`,grf_blp_single,3166,-0.0859482175882711,0.0965900304644825,-0.889824935088673,0.37355989534244,-0.275264677298657,0.103368242122115,-8.23582523073197,-24.0628891669529,10.8899677471028,0.738861011441628,0.758217045899951
seller_N_1_total_value_high,`Earring_recoded_Silver Stud`,grf_blp_single,3166,-0.0947343906404346,0.140448476466883,-0.674513480128581,0.499984918487457,-0.370013404515526,0.180544623234657,-9.03854954888264,-30.9274928259649,19.7869573102935,0.738861011441628,0.758217045899951
seller_N_1_total_value_high,Eyes_recoded_Angry,grf_blp_single,3166,-0.144765156155381,0.170175192686445,-0.850683074718869,0.394945427607159,-0.478308533820813,0.188778221510051,-13.4774537872701,-38.0169071327541,20.7773064691637,0.738861011441628,0.758217045899951
seller_N_1_total_value_high,Eyes_recoded_Blindfold,grf_blp_single,3166,0.0800850372734349,0.192571053397327,0.415872665494524,0.677503182428248,-0.297354227385327,0.457524301932197,8.33791913704594,-25.7219147563764,58.0157146545814,0.738861011441628,0.758217045899951
seller_N_1_total_value_high,Eyes_recoded_Bloodshot,grf_blp_single,3166,0.0754978870779606,0.117252436592769,0.643891839452114,0.519645573916653,-0.154316888643868,0.305312662799789,7.84209490962531,-14.2999595718305,35.704923549533,0.738861011441628,0.758217045899951
seller_N_1_total_value_high,Eyes_recoded_Bored,grf_blp_single,3166,-0.0351913143950729,0.0857361946752242,-0.410460419060823,0.681468232895991,-0.203234255958512,0.132851627168367,-3.45793002884933,-18.3912954221014,14.2080532036617,0.738861011441628,0.758217045899951
seller_N_1_total_value_high,Eyes_recoded_Closed,grf_blp_single,3166,0.123193101217989,0.136546561294033,0.902205812072491,0.366947547959879,-0.144438158918315,0.390824361354293,13.1102817192191,-13.4491565274039,47.8198861765217,0.738861011441628,0.758217045899951
seller_N_1_total_value_high,Eyes_recoded_Coins,grf_blp_single,3166,-0.0519634032541541,0.159083512095862,-0.326642293532226,0.743938451018223,-0.363767086962044,0.259840280453736,-5.06363901741102,-30.4946937188013,29.6722958122472,0.738861011441628,0.758217045899951
seller_N_1_total_value_high,Eyes_recoded_Crazy,grf_blp_single,3166,0.212403499798624,0.132437061265469,1.60380710481685,0.108756578033906,-0.047173140281696,0.471980139878944,23.6646771144647,-4.60777790706308,60.3165544348625,0.738861011441628,0.758217045899951
seller_N_1_total_value_high,Eyes_recoded_Eyepatch,grf_blp_single,3166,-0.169615776493934,0.210494667525873,-0.805796073067198,0.420360442696486,-0.582185324844646,0.242953771856778,-15.6010965267713,-44.1323857281052,27.5009681425902,0.738861011441628,0.758217045899951
seller_N_1_total_value_high,Eyes_recoded_Heart,grf_blp_single,3166,0.122163361162665,0.173528118296996,0.703997498281981,0.481434331571934,-0.217951750699447,0.462278473024777,12.9938674799532,-19.5835758907308,58.7687369775196,0.738861011441628,0.758217045899951
seller_N_1_total_value_high,Eyes_recoded_Holographic,grf_blp_single,3166,-0.0286118525137876,0.2816572553385,-0.101583935693052,0.91908693093917,-0.580660072977248,0.523436367949673,-2.82064094891189,-44.0471085270373,68.7817658206939,0.738861011441628,0.758217045899951
seller_N_1_total_value_high,Eyes_recoded_Hypnotized,grf_blp_single,3166,-0.0139745480200189,0.290268940077928,-0.0481434493689444,0.96160191874316,-0.582901670572757,0.55495257453272,-1.38773572827807,-44.1723919240841,74.1858374367832,0.738861011441628,0.758217045899951
seller_N_1_total_value_high,Eyes_recoded_Other_Eyes,grf_blp_single,3166,-0.195309022224537,0.241861851253319,-0.8075230600132,0.419365194355299,-0.669358250681042,0.278740206231967,-17.7419576856298,-48.7962928188023,32.146399116144,0.738861011441628,0.758217045899951
seller_N_1_total_value_high,Eyes_recoded_Robot,grf_blp_single,3166,-0.0820638332835642,0.18385403019648,-0.446353192235517,0.655342138598163,-0.442417732468666,0.278290065901537,-7.87868472409226,-35.751880586419,32.0869280785412,0.738861011441628,0.758217045899951
seller_N_1_total_value_high,Eyes_recoded_Sad,grf_blp_single,3166,0.116206045558133,0.131517681653413,0.88357735703074,0.376924406622832,-0.141568610482556,0.373980701598822,12.3227284284413,-13.2004380056497,45.3509099784463,0.738861011441628,0.758217045899951
seller_N_1_total_value_high,Eyes_recoded_Scumbag,grf_blp_single,3166,0.386793248848509,0.226588913187395,1.70702636509237,0.0878171520656686,-0.0573210209987846,0.830907518695802,47.2252069993738,-5.57091164979524,129.540091455955,0.738861011441628,0.758217045899951
seller_N_1_total_value_high,Eyes_recoded_Sleepy,grf_blp_single,3166,-0.231959346703458,0.118103590972288,-1.96403297134195,0.0495262684060747,-0.463442385009143,-0.000476308397773101,-20.7021640164168,-37.0885739778921,-0.0476194980936096,0.738861011441628,0.758217045899951
seller_N_1_total_value_high,Eyes_recoded_Sunglasses,grf_blp_single,3166,-0.295544045516794,0.186739600955907,-1.58265329905347,0.113500508111026,-0.661553663390372,0.0704655723567832,-25.5873361441056,-48.3951055021954,7.30076276710334,0.738861011441628,0.758217045899951
seller_N_1_total_value_high,`Eyes_recoded_Wide Eyed`,grf_blp_single,3166,-0.0757669974937195,0.132381107395031,-0.572339958356956,0.567091683928162,-0.335233967987979,0.18369997300054,-7.29678177811702,-28.4829260282588,20.1655239990634,0.738861011441628,0.758217045899951
seller_N_1_total_value_high,`Eyes_recoded_X Eyes`,grf_blp_single,3166,0.0307818569915653,0.201816963486313,0.152523635574632,0.878773950029137,-0.364779391441609,0.42634310542474,3.126051707609,-30.5650186505761,53.1646201110224,0.738861011441628,0.758217045899951
seller_N_1_total_value_high,Eyes_recoded_Zombie,grf_blp_single,3166,0.320729721556906,0.193119822867955,1.66078094311532,0.0967574498739809,-0.0577851312642858,0.699244574378098,37.8133050897235,-5.61472699069927,101.22320415264,0.738861011441628,0.758217045899951
seller_N_1_total_value_high,Fur_recoded_Blue,grf_blp_single,3166,0.0630889380565362,0.152518856428412,0.413646807574567,0.679132788122538,-0.235848020543151,0.362025896656223,6.51215648608399,-21.00992865078,43.6236135192208,0.738861011441628,0.758217045899951
seller_N_1_total_value_high,Fur_recoded_Brown,grf_blp_single,3166,0.117268481167756,0.0933780487029938,1.25584634500931,0.209171684945889,-0.0657524942901121,0.300289456625624,12.4421275105809,-6.36374092986449,35.0249589706022,0.738861011441628,0.758217045899951
seller_N_1_total_value_high,Fur_recoded_Cheetah,grf_blp_single,3166,0.108599065788799,0.204305532616369,0.531552251170403,0.59503614305175,-0.291839778139284,0.509037909716882,11.4715333222369,-25.3111805796609,66.3689804933075,0.738861011441628,0.758217045899951
seller_N_1_total_value_high,Fur_recoded_Cream,grf_blp_single,3166,0.148514378488683,0.127664969753485,1.16331346629743,0.244702344003016,-0.101708962228148,0.398737719205513,16.010947827551,-9.67075943741293,48.9942783978313,0.738861011441628,0.758217045899951
seller_N_1_total_value_high,`Fur_recoded_Dark Brown`,grf_blp_single,3166,0.134076322506197,0.0913079645817111,1.46839679452292,0.141996471804438,-0.0448872880739568,0.313039933086351,14.3480089580498,-4.38947597767164,36.7576141473365,0.738861011441628,0.758217045899951
seller_N_1_total_value_high,`Fur_recoded_Death Bot`,grf_blp_single,3166,-0.0137343038229584,0.195018638040007,-0.0704255960404196,0.943854919129378,-0.395970834381373,0.368502226735456,-1.36404185798433,-32.6973675119743,44.5567859522348,0.738861011441628,0.758217045899951
seller_N_1_total_value_high,Fur_recoded_Dmt,grf_blp_single,3166,0.0216509436519973,0.26403198508305,0.082001215289076,0.934645747051359,-0.495851747110781,0.539153634414775,2.18870260562793,-39.09480719119,71.4555107476969,0.738861011441628,0.758217045899951
seller_N_1_total_value_high,`Fur_recoded_Golden Brown`,grf_blp_single,3166,-0.202411805226531,0.138514298081774,-1.46130621913872,0.143931423902488,-0.473899829466808,0.0690762190137458,-18.3241486746244,-37.7430387425642,7.15178760717457,0.738861011441628,0.758217045899951
seller_N_1_total_value_high,Fur_recoded_Gray,grf_blp_single,3166,-0.0592825121336884,0.133271961323943,-0.444823588883719,0.656447245989444,-0.320495556328616,0.201930532061239,-5.75595193270623,-27.421072152946,22.3762992865829,0.738861011441628,0.758217045899951
seller_N_1_total_value_high,Fur_recoded_Noise,grf_blp_single,3166,0.094367756575955,0.263935441836119,0.357541055947118,0.720686796362209,-0.422945709422837,0.611681222574747,9.89638227842227,-34.4885801325687,84.352817605305,0.738861011441628,0.758217045899951
seller_N_1_total_value_high,Fur_recoded_Other_Fur,grf_blp_single,3166,-0.629662898774435,0.289673215749741,-2.17370079295982,0.029727613079679,-1.19742240164393,-0.0619033959049418,-46.7228631379727,-69.8028428952899,-6.00263122873721,0.738861011441628,0.758217045899951
seller_N_1_total_value_high,Fur_recoded_Pink,grf_blp_single,3166,0.00973772209037593,0.160704128315707,0.0605941004281229,0.951682472068638,-0.305242369408411,0.324717813589163,0.97852879752176,-26.3055260115905,38.3640146439696,0.738861011441628,0.758217045899951
seller_N_1_total_value_high,Fur_recoded_Red,grf_blp_single,3166,0.0901679406283715,0.131794364181933,0.684156270171774,0.493876492575906,-0.168149013168217,0.34848489442496,9.43580554529031,-15.4772124783469,41.6919139383391,0.738861011441628,0.758217045899951
seller_N_1_total_value_high,Fur_recoded_Robot,grf_blp_single,3166,-0.0497068328873043,0.184305083270087,-0.269698654021723,0.787392096123985,-0.410944796096676,0.311531130322067,-4.84916654337622,-33.697646792256,36.5514294661973,0.738861011441628,0.758217045899951
seller_N_1_total_value_high,Fur_recoded_Tan,grf_blp_single,3166,-0.0263236524619254,0.13500841387062,-0.194977866247296,0.845410275245819,-0.290940143648341,0.23829283872449,-2.59802053160012,-25.2439577081495,26.908077441077,0.738861011441628,0.758217045899951
seller_N_1_total_value_high,Fur_recoded_White,grf_blp_single,3166,-0.00350718651635414,0.178155145420466,-0.0196861365304762,0.984293750084106,-0.352691271540468,0.34567689850776,-0.350104352136538,-29.7205867562237,41.2946017091208,0.738861011441628,0.758217045899951
seller_N_1_total_value_high,Fur_recoded_Zombie,grf_blp_single,3166,0.0900040480652925,0.180206954186744,0.499448250881726,0.617463634493531,-0.263201582140725,0.44320967827131,9.41787130031173,-23.1413051708162,55.7698915717943,0.738861011441628,0.758217045899951
seller_N_1_total_value_high,`Hat_recoded_Baby's Bonnet`,grf_blp_single,3166,0.331090490047578,0.184155180012674,1.79788855260433,0.0721946705505873,-0.0298536627772641,0.69203464287242,39.2485792712851,-2.9412443755946,99.7776161906171,0.738861011441628,0.758217045899951
seller_N_1_total_value_high,`Hat_recoded_Bayc Flipped Brim`,grf_blp_single,3166,-0.0719040059978896,0.203699751352288,-0.352990151046063,0.724095824207703,-0.471155518648374,0.327347506652595,-6.93797745165302,-37.5719516395436,38.728348366483,0.738861011441628,0.758217045899951
seller_N_1_total_value_high,`Hat_recoded_Bayc Hat Black`,grf_blp_single,3166,-0.23678354258244,0.27464072484504,-0.862157433920405,0.388600889700924,-0.775079363278718,0.301512278113839,-21.0837910480749,-53.9332780512772,35.1901713839347,0.738861011441628,0.758217045899951
seller_N_1_total_value_high,`Hat_recoded_Bayc Hat Red`,grf_blp_single,3166,-0.100754456667803,0.39295908416108,-0.25639935741122,0.797642483989165,-0.87095426162352,0.669445348287915,-9.58449851331754,-58.144804944675,95.3153700104001,0.738861011441628,0.758217045899951
seller_N_1_total_value_high,Hat_recoded_Beanie,grf_blp_single,3166,0.166310941673128,0.122348418957976,1.35932236059587,0.17404446142568,-0.0734919594845048,0.40611384283076,18.0940248176383,-7.0856383444869,50.0973417794716,0.738861011441628,0.758217045899951
seller_N_1_total_value_high,Hat_recoded_Bowler,grf_blp_single,3166,0.0675728475292523,0.196335275870863,0.344170690822251,0.730717922711912,-0.31724429317764,0.452389988236144,6.99081969277695,-27.1847149377528,57.2064915868508,0.738861011441628,0.758217045899951
seller_N_1_total_value_high,`Hat_recoded_Bunny Ears`,grf_blp_single,3166,0.0601052172041156,0.162053359949559,0.370897692110946,0.710713734182811,-0.257519368297019,0.37772980270525,6.19482758958367,-22.7033344879262,45.8968680223324,0.738861011441628,0.758217045899951
seller_N_1_total_value_high,`Hat_recoded_Commie Hat`,grf_blp_single,3166,-0.00535370259139087,0.189239590165951,-0.0282906055054126,0.977430373323183,-0.376263299316654,0.365555894133873,-0.533939706623365,-31.3578425085012,44.1315004049943,0.738861011441628,0.758217045899951
seller_N_1_total_value_high,`Hat_recoded_Cowboy Hat`,grf_blp_single,3166,0.160776553880402,0.177952766802214,0.903478809402819,0.366271829832842,-0.188010869051938,0.509563976812741,17.442251933859,-17.1394298974664,66.456524764778,0.738861011441628,0.758217045899951
seller_N_1_total_value_high,`Hat_recoded_Faux Hawk`,grf_blp_single,3166,-0.360659389096876,0.229263753714022,-1.57311996883185,0.115691041950959,-0.810016346376358,0.0886975681826072,-30.2783562452126,-55.5149205535002,9.27501239411548,0.738861011441628,0.758217045899951
seller_N_1_total_value_high,Hat_recoded_Fez,grf_blp_single,3166,0.045452694089992,0.164463739789258,0.276369089917538,0.782264595188114,-0.276896235896953,0.367801624076937,4.65014977372988,-24.1866839963415,44.4555445528278,0.738861011441628,0.758217045899951
seller_N_1_total_value_high,`Hat_recoded_Fisherman's Hat`,grf_blp_single,3166,-0.206802940862759,0.191552635789986,-1.07961417502755,0.280314026534243,-0.582246107011132,0.168640225285613,-18.6820121274893,-44.1357813795385,18.3694199064979,0.738861011441628,0.758217045899951
seller_N_1_total_value_high,`Hat_recoded_Girl's Hair Pink`,grf_blp_single,3166,0.0796633791364528,0.239584733146322,0.33250607453272,0.739507153581134,-0.389922697830338,0.549249456103243,8.2922472015464,-32.2890785513481,73.1952623455889,0.738861011441628,0.758217045899951
seller_N_1_total_value_high,`Hat_recoded_Girl's Hair Short`,grf_blp_single,3166,-0.211642325662988,0.338390492458041,-0.625438156153962,0.531683525982667,-0.874887690880747,0.451603039554771,-19.0745904769658,-58.3091160286103,57.0828268108914,0.738861011441628,0.758217045899951
seller_N_1_total_value_high,Hat_recoded_Halo,grf_blp_single,3166,0.39309418790217,0.195780928501268,2.00782676285869,0.0446617038419458,0.00936356803968463,0.776824807764656,48.1557927590897,0.940754339113314,117.455665670302,0.738861011441628,0.758217045899951
seller_N_1_total_value_high,Hat_recoded_Horns,grf_blp_single,3166,0.0717897627419414,0.179384481392179,0.400200520049398,0.689008831609737,-0.279803820786729,0.423383346270612,7.44294352189798,-24.4067974939868,52.7119599375548,0.738861011441628,0.758217045899951
seller_N_1_total_value_high,`Hat_recoded_Irish Boho`,grf_blp_single,3166,-0.0560486279460447,0.200320243593911,-0.279795126745485,0.77963469073476,-0.44867630539011,0.336579049498021,-5.45068426177576,-36.1527264568614,40.0149546014109,0.738861011441628,0.758217045899951
seller_N_1_total_value_high,Hat_recoded_No_Hat,grf_blp_single,3166,0.0605689088234966,0.0778024427517228,0.778496235867291,0.43627652483718,-0.0919238789698801,0.213061696616873,6.24408065939393,-8.78254174287254,23.7460996045437,0.738861011441628,0.758217045899951
seller_N_1_total_value_high,Hat_recoded_Other_Hat,grf_blp_single,3166,0.153952660391272,0.163544978501696,0.941347522875341,0.346526796592101,-0.166595497472052,0.474500818254597,16.643566686333,-15.345802954298,60.7211706463147,0.738861011441628,0.758217045899951
seller_N_1_total_value_high,`Hat_recoded_Party Hat 1`,grf_blp_single,3166,0.0427553629019445,0.297975506491669,0.143486165709865,0.885906236359383,-0.541276629821727,0.626787355625616,4.36825401493564,-41.7995226748764,87.1588163319759,0.738861011441628,0.758217045899951
seller_N_1_total_value_high,`Hat_recoded_Police Motorcycle Helmet`,grf_blp_single,3166,-0.0735124491624932,0.219101083846103,-0.335518418585864,0.737234053096325,-0.502950573500855,0.355925675175868,-7.08754211033388,-39.5256315981372,42.7501445526973,0.738861011441628,0.758217045899951
seller_N_1_total_value_high,`Hat_recoded_Prussian Helmet`,grf_blp_single,3166,-0.12094973859827,0.222156816672845,-0.544434064233033,0.586142810077426,-0.556377099277045,0.314477622080506,-11.3921505979162,-42.6717749213199,36.9543704673705,0.738861011441628,0.758217045899951
seller_N_1_total_value_high,`Hat_recoded_S&m Hat`,grf_blp_single,3166,-0.253434682962733,0.162392868982224,-1.5606269200803,0.118611803259039,-0.571724706167892,0.0648553402424268,-22.3869562189705,-43.5449085886836,6.70046605838173,0.738861011441628,0.758217045899951
seller_N_1_total_value_high,Hat_recoded_Safari,grf_blp_single,3166,-0.0874146659117066,0.344736172865961,-0.253569752152742,0.799827967282861,-0.76309756472899,0.588268232905577,-8.37029403110278,-53.3779958726115,80.0867031156701,0.738861011441628,0.758217045899951
seller_N_1_total_value_high,`Hat_recoded_Sea Captain's Hat`,grf_blp_single,3166,-0.100806100942903,0.222656131845723,-0.45274343045154,0.650733502321068,-0.53721211936052,0.335599917474714,-9.58916783577673,-41.5624848308697,39.8779285698537,0.738861011441628,0.758217045899951
seller_N_1_total_value_high,`Hat_recoded_Seaman's Hat`,grf_blp_single,3166,-0.064231862539898,0.132532805875795,-0.484648778960388,0.627925505963922,-0.323996162056456,0.19553243697666,-6.22124634791615,-27.6746981821232,21.5958235291385,0.738861011441628,0.758217045899951
seller_N_1_total_value_high,`Hat_recoded_Short Mohawk`,grf_blp_single,3166,-0.290455143307987,0.228185554912133,-1.27289014162107,0.203057027995373,-0.737698830935767,0.156788544319793,-25.2076922085155,-52.1786900477393,16.9748237837995,0.738861011441628,0.758217045899951
seller_N_1_total_value_high,`Hat_recoded_Spinner Hat`,grf_blp_single,3166,0.209015704860055,0.264444233147729,0.790396154123319,0.429296447529925,-0.309294992109494,0.727326401829604,23.246435405847,-26.6035775566646,106.954008582293,0.738861011441628,0.758217045899951
seller_N_1_total_value_high,`Hat_recoded_Stuntman Helmet`,grf_blp_single,3166,-0.417335765559844,0.274717055294262,-1.51914763760414,0.128725338066716,-0.955781193936597,0.12110966281691,-34.1200319439652,-61.5488350973152,12.8748687341101,0.738861011441628,0.758217045899951
seller_N_1_total_value_high,`Hat_recoded_Sushi Chef Headband`,grf_blp_single,3166,0.307918122320971,0.291559927467748,1.05610577213164,0.290919893590613,-0.263539335515815,0.879375580157756,36.0589582459237,-23.1672600709755,140.939476271012,0.738861011441628,0.758217045899951
seller_N_1_total_value_high,`Hat_recoded_Vietnam Era Helmet`,grf_blp_single,3166,-0.196731751252221,0.220213502052822,-0.893368251348324,0.37165999889621,-0.628350215275752,0.234886712771311,-17.8589053780258,-46.6528811975367,26.4765478840548,0.738861011441628,0.758217045899951
seller_N_1_total_value_high,`Hat_recoded_Ww2 Pilot Helm`,grf_blp_single,3166,-0.710515424483375,0.414556547464956,-1.71391678367699,0.0865440101569932,-1.52304625751469,0.102015408547938,-50.8609142701046,-78.1953352017925,10.7400535030704,0.738861011441628,0.758217045899951
seller_N_1_total_value_high,`Mouth_recoded_Bored Bubblegum`,grf_blp_single,3166,-0.217070974518129,0.294677758470536,-0.73663847466735,0.461342231019971,-0.794639381120379,0.360497432084121,-19.5127158184376,-54.8255886991721,43.4042575958231,0.738861011441628,0.758217045899951
seller_N_1_total_value_high,`Mouth_recoded_Bored Cigar`,grf_blp_single,3166,0.527548406905619,0.282018254705982,1.87061794086916,0.0613980560631638,-0.0252073723181067,1.08030418612934,69.4772319287048,-2.48923192796847,194.557541798856,0.738861011441628,0.758217045899951
seller_N_1_total_value_high,`Mouth_recoded_Bored Cigarette`,grf_blp_single,3166,-0.182069995735638,0.14552600575374,-1.25111656018195,0.210891954531249,-0.467300967012967,0.103160975541692,-16.6457006081289,-37.3308551427014,10.8669863444053,0.738861011441628,0.758217045899951
seller_N_1_total_value_high,`Mouth_recoded_Bored Pipe`,grf_blp_single,3166,-0.15527465100881,0.365539058405876,-0.424782653011052,0.670995124477915,-0.871731205484327,0.561181903466707,-14.3820005510741,-58.1773114520152,75.2742849428672,0.738861011441628,0.758217045899951
seller_N_1_total_value_high,`Mouth_recoded_Bored Unshaven`,grf_blp_single,3166,-0.0831567850890374,0.0892702396399313,-0.931517439904358,0.351585967564088,-0.258126454783303,0.091812884605228,-7.97931388051937,-22.7502460078777,9.61596945361785,0.738861011441628,0.758217045899951
seller_N_1_total_value_high,`Mouth_recoded_Bored Unshaven Cigar`,grf_blp_single,3166,-0.0794308721290029,0.270408634914011,-0.293743844956215,0.768953648058593,-0.609431796560465,0.450570052302459,-7.63581328423888,-45.634030936439,56.9206460329981,0.738861011441628,0.758217045899951
seller_N_1_total_value_high,`Mouth_recoded_Bored Unshaven Cigarette`,grf_blp_single,3166,0.295368838869035,0.162006574214596,1.82319044952945,0.0682745510517907,-0.022164046591573,0.612901724329642,34.3621847265492,-2.1920228762959,84.5779579068307,0.738861011441628,0.758217045899951
seller_N_1_total_value_high,Mouth_recoded_Discomfort,grf_blp_single,3166,0.131728921730602,0.242052573003201,0.54421615972188,0.586292732904689,-0.342694121355672,0.606151964816876,14.079903152134,-29.0144692064796,83.3362962524782,0.738861011441628,0.758217045899951
seller_N_1_total_value_high,Mouth_recoded_Dumbfounded,grf_blp_single,3166,-0.0578148680320762,0.131180745748298,-0.440726782747583,0.659410804754016,-0.314929129698741,0.199299393634589,-5.61753366191471,-27.0159403540806,22.0547335305411,0.738861011441628,0.758217045899951
seller_N_1_total_value_high,Mouth_recoded_Grin,grf_blp_single,3166,0.0356408001126308,0.121692618467993,0.292875612024116,0.769617230669534,-0.202876732084636,0.274158332309898,3.62835466966487,-18.3621131455292,31.5423059722884,0.738861011441628,0.758217045899951
seller_N_1_total_value_high,Mouth_recoded_Jovial,grf_blp_single,3166,0.342961976265586,0.21128773868451,1.62319866926916,0.104546942237382,-0.0711619915560526,0.757085944087225,40.9115181086382,-6.86889846130084,113.205423404449,0.738861011441628,0.758217045899951
seller_N_1_total_value_high,Mouth_recoded_Other_Mouth,grf_blp_single,3166,-0.0796693936347186,0.126605680766764,-0.629271871153137,0.529171083385677,-0.327816527937577,0.16847774066814,-7.65784150192226,-27.9504801680609,18.3501882590495,0.738861011441628,0.758217045899951
seller_N_1_total_value_high,`Mouth_recoded_Phoneme  ooo`,grf_blp_single,3166,-0.122061459895186,0.25437044295033,-0.479857087480168,0.631329016616709,-0.620627528077834,0.376504608287462,-11.4906030951615,-46.2393031747412,45.7182254523451,0.738861011441628,0.758217045899951
seller_N_1_total_value_high,`Mouth_recoded_Phoneme L`,grf_blp_single,3166,0.155483854943398,0.170236769862011,0.913338846063804,0.361064357782758,-0.178180213986143,0.48914792387294,16.8223074887328,-16.3208391651634,63.092595466259,0.738861011441628,0.758217045899951
seller_N_1_total_value_high,`Mouth_recoded_Phoneme Oh`,grf_blp_single,3166,0.292912025964889,0.286922211480271,1.02087609200318,0.307313147577319,-0.269455508536441,0.85527956046622,34.0324871457552,-23.620473886456,135.203182378628,0.738861011441628,0.758217045899951
seller_N_1_total_value_high,`Mouth_recoded_Phoneme Vuh`,grf_blp_single,3166,0.0586657531071852,0.141128263912466,0.415691028011032,0.677636107317461,-0.217945644161248,0.335277150375619,6.04207391607929,-19.5830848232658,39.8327878619814,0.738861011441628,0.758217045899951
seller_N_1_total_value_high,`Mouth_recoded_Phoneme Wah`,grf_blp_single,3166,-0.414730899409795,0.270481881746578,-1.53330380849083,0.125201016683037,-0.944875387633088,0.115413588813498,-33.9481997424286,-61.1271991799066,12.2337527840535,0.738861011441628,0.758217045899951
seller_N_1_total_value_high,Mouth_recoded_Rage,grf_blp_single,3166,0.0653590175891288,0.184806460728676,0.353661973349979,0.723592223929478,-0.296861645439076,0.427579680617334,6.75422220275752,-25.6853176997986,53.3541368323234,0.738861011441628,0.758217045899951
seller_N_1_total_value_high,`Mouth_recoded_Small Grin`,grf_blp_single,3166,-0.00580175715791862,0.187026333322553,-0.0310210709628397,0.975252735559811,-0.372373370470122,0.360769856154285,-0.578495946593538,-31.090309394948,43.443329689204,0.738861011441628,0.758217045899951
seller_N_1_total_value_high,`Mouth_recoded_Tongue Out`,grf_blp_single,3166,0.126711795639426,0.238964080472787,0.530254569593592,0.595935440576259,-0.341657802087237,0.59508139336609,13.5089832796227,-28.9408674022414,81.3178519657311,0.738861011441628,0.758217045899951
seller_N_1_total_value_high,`log_price_change_n-1`,grf_blp_single,3166,0.128158041573235,0.0254459674900964,5.03647745455598,4.7417693101038e-07,0.0782839452926459,0.178032137853824,13.673263951634,8.14296819466296,19.4863720973359,0.738861011441628,0.758217045899951
buyer_N_total_value_high,log_price_1_sale,grf_blp_single,3646,0.0654214534587946,0.022798885027452,2.86950231908363,0.00411118317731841,0.0207356388049886,0.110107268112601,6.76088770354224,2.09521158374333,11.6397817923054,0.72004622750361,0.732669898199949
buyer_N_total_value_high,sold_after_30d,grf_blp_single,3646,0.0286811944216458,0.0487753404267343,0.588026534939885,0.556514482270706,-0.0669184728147533,0.124280861658045,2.90964604801705,-6.47285517227453,13.2333855506375,0.72004622750361,0.732669898199949
buyer_N_total_value_high,log_buyern_rolling_avg_value_last10,grf_blp_single,3646,-0.105073127603929,0.0301029711580653,-3.49045704001141,0.000482195131217861,-0.164074951073737,-0.0460713041341213,-9.97413135815799,-15.1321589861745,-4.50261338216564,0.72004622750361,0.732669898199949
buyer_N_total_value_high,log_sellern_total_value,grf_blp_single,3646,0.00956809726852661,0.0194870751759157,0.490997093311978,0.623428503388619,-0.0286265700762682,0.0477627646133214,0.961401785188154,-2.82207118167575,4.89217844400203,0.72004622750361,0.732669898199949
buyer_N_total_value_high,log_sellern_rolling_avg_value_last10,grf_blp_single,3646,0.0328237640633318,0.0448722698809086,0.731493284169629,0.464477905121634,-0.0551258849032491,0.120773413029913,3.33684065435631,-5.36339927386285,12.8369209638633,0.72004622750361,0.732669898199949
buyer_N_total_value_high,log_buyern_1_total_value,grf_blp_single,3646,0.00460316773134435,0.0173676181397423,0.265043121878119,0.790976242850991,-0.0294373638225505,0.0386436992852392,0.461377858285483,-2.90083050554009,3.94000786753432,0.72004622750361,0.732669898199949
buyer_N_total_value_high,log_buyern_1_rolling_avg_value_last10,grf_blp_single,3646,-0.00812975244744267,0.0336305628739548,-0.241737031815747,0.80898393314825,-0.074045655680394,0.0577861507855087,-0.809679538141717,-7.13707043288918,5.9488400720314,0.72004622750361,0.732669898199949
buyer_N_total_value_high,log_sellern_1_total_value,grf_blp_single,3646,-0.0406476703210242,0.0212891678319293,-1.90931231516063,0.0562218145752357,-0.0823744392716057,0.00107909862955735,-3.9832634181206,-7.90729371295158,0.107968106596679,0.72004622750361,0.732669898199949
buyer_N_total_value_high,log_sellern_1_rolling_avg_value_last10,grf_blp_single,3646,-0.0585457661140111,0.042657799692189,-1.37245161579985,0.169922891278821,-0.142155053510702,0.0250635212826795,-5.68649242154704,-13.2513260806905,2.53802519246285,0.72004622750361,0.732669898199949
buyer_N_total_value_high,log_unique_makers_count,grf_blp_single,3646,-0.0456839021466181,0.0339835363371295,-1.3442951225975,0.178852972153544,-0.112291633367392,0.0209238290741557,-4.46561033772483,-10.6216437621509,2.11442671708579,0.72004622750361,0.732669898199949
buyer_N_total_value_high,log_median_offer_price,grf_blp_single,3646,0.00750831565160415,0.017308430750926,0.433795285063753,0.664437105765391,-0.0264162086202107,0.041432839923419,0.753657373282413,-2.60703526743801,4.23031583408444,0.72004622750361,0.732669898199949
buyer_N_total_value_high,log_buyern_avg_total_gaspaid,grf_blp_single,3646,-0.0255696867670092,0.0177359729929341,-1.44168503059832,0.149391248464452,-0.06033219383316,0.00919282029914163,-2.52455508873238,-5.85482628287005,0.923520404750744,0.72004622750361,0.732669898199949
buyer_N_total_value_high,log_buyern_1_avg_total_gaspaid,grf_blp_single,3646,0.0105907388863882,0.0204372155561918,0.518208503368236,0.604312802537682,-0.0294662036037477,0.050647681376524,1.06470192696082,-2.90363078396282,5.19522056339057,0.72004622750361,0.732669898199949
buyer_N_total_value_high,log_sellern_avg_total_gaspaid,grf_blp_single,3646,-0.0135921325580374,0.0130153299420545,-1.04431717202337,0.296338670607598,-0.0391021792444641,0.0119179141283894,-1.35001766215338,-3.83475567940014,1.19892154397372,0.72004622750361,0.732669898199949
buyer_N_total_value_high,log_sellern_1_avg_total_gaspaid,grf_blp_single,3646,-0.0231765077970602,0.0140450772444664,-1.65015167902986,0.098911917060054,-0.0507048591962143,0.00435184360209385,-2.29099954524714,-4.94408220643776,0.436132662468269,0.72004622750361,0.732669898199949
buyer_N_total_value_high,log_buyern_avg_gasLimit_cost,grf_blp_single,3646,4.30198902317143,3.76817496132398,1.14166382063637,0.253593784820356,-3.08363390102357,11.6876119473664,7284.6530179747,-95.4207451656543,11908627.9849264,0.72004622750361,0.732669898199949
buyer_N_total_value_high,log_buyern_1_avg_gasLimit_cost,grf_blp_single,3646,5.93331340485533,4.30285828847802,1.37892373094026,0.167918270534507,-2.5002888405616,14.3669156502723,37640.2933134337,-91.7938707429403,173568911.011941,0.72004622750361,0.732669898199949
buyer_N_total_value_high,log_sellern_avg_gasLimit_cost,grf_blp_single,3646,-6.0956726664603,3.34520305489907,-1.82221305147176,0.0684226650005777,-12.6522706540625,0.460925321141885,-99.7747405613719,-99.9996799714886,58.554044050962,0.72004622750361,0.732669898199949
buyer_N_total_value_high,log_sellern_1_avg_gasLimit_cost,grf_blp_single,3646,-5.40183036639359,3.62041764903994,-1.49204619191547,0.135687036362035,-12.4978489585119,1.69418822572469,-99.5491678494155,-99.9996265322015,444.222631225451,0.72004622750361,0.732669898199949
buyer_N_total_value_high,`time_n_sale_str_2021-06`,grf_blp_single,3646,-0.017329535196558,0.138291394236662,-0.125311739694384,0.90027675851312,-0.288380667900415,0.253721597507299,-1.71802424368342,-25.0523763615735,28.881294557987,0.72004622750361,0.732669898199949
buyer_N_total_value_high,`time_n_sale_str_2021-07`,grf_blp_single,3646,0.439048140340593,0.117300747099903,3.7429270588248,0.000181889040457882,0.209138676024782,0.668957604656404,55.1229962328985,23.2615920954561,95.2201294109272,0.72004622750361,0.732669898199949
buyer_N_total_value_high,`time_n_sale_str_2021-08`,grf_blp_single,3646,0.00982578007060681,0.150716317036199,0.0651938706029213,0.948019641298965,-0.285578201320343,0.305229761461557,0.987421154330104,-24.8420435634119,35.6936738960782,0.72004622750361,0.732669898199949
buyer_N_total_value_high,`time_n_sale_str_2021-09`,grf_blp_single,3646,-0.0236025635921059,0.225453506954814,-0.104689272351112,0.916622374607132,-0.465491437223542,0.41828631003933,-2.33262016413649,-37.2173507944261,51.9355618901785,0.72004622750361,0.732669898199949
buyer_N_total_value_high,`time_n_sale_str_2021-10`,grf_blp_single,3646,-0.151384049771485,0.189103388305663,-0.800535892708545,0.423400376545562,-0.522026690850584,0.219258591307615,-14.0482462249807,-40.6683141219916,24.5153220859318,0.72004622750361,0.732669898199949
buyer_N_total_value_high,`time_n_sale_str_2021-11`,grf_blp_single,3646,-0.252085170401282,0.195246863335462,-1.2911099625102,0.196665549981495,-0.634769022538788,0.130598681736223,-22.2821457358304,-46.994209439146,13.9510383208478,0.72004622750361,0.732669898199949
buyer_N_total_value_high,`time_n_sale_str_2021-12`,grf_blp_single,3646,-0.29491678467547,0.196405484328332,-1.50157102630829,0.1332079307262,-0.679871533959,0.0900379646080604,-25.5406453518483,-49.3317920374436,9.4215824391574,0.72004622750361,0.732669898199949
buyer_N_total_value_high,`time_n_sale_str_2022-01`,grf_blp_single,3646,-0.0430066621792645,0.193805917287875,-0.22190582610222,0.824387195026561,-0.422866260063499,0.336852935704971,-4.20949916891112,-34.4833750854648,40.0533080182391,0.72004622750361,0.732669898199949
buyer_N_total_value_high,`time_n_sale_str_2022-02`,grf_blp_single,3646,0.198823383581966,0.387955048473447,0.512490775321291,0.608307574726275,-0.561568511425991,0.959215278589922,21.9966480761372,-42.9686181809397,160.964782319877,0.72004622750361,0.732669898199949
buyer_N_total_value_high,`time_n_sale_str_2022-03`,grf_blp_single,3646,-0.311131934231416,0.193296617672097,-1.60960878663284,0.107483288803234,-0.689993304868725,0.0677294364058935,-26.7382787795965,-49.8420572805076,7.00757457682357,0.72004622750361,0.732669898199949
buyer_N_total_value_high,`time_n_sale_str_2022-04`,grf_blp_single,3646,-0.0582316354848602,0.227776092415377,-0.255652974231676,0.798218809740129,-0.504672776618999,0.388209505649278,-5.65686100625009,-39.6296911124368,47.4338634206926,0.72004622750361,0.732669898199949
buyer_N_total_value_high,`time_n_sale_str_2022-05`,grf_blp_single,3646,0.0320719485637633,0.200265266675995,0.160147334063933,0.872765015132787,-0.360447974121188,0.424591871248714,3.25917961292126,-30.263614487334,52.8966277209327,0.72004622750361,0.732669898199949
buyer_N_total_value_high,`time_n_sale_str_2022-06`,grf_blp_single,3646,-0.00289207814051687,0.213941412348311,-0.0135180847353124,0.989214457388256,-0.422217246343206,0.416433090062173,-0.288790011123097,-34.440840095585,51.6542526161374,0.72004622750361,0.732669898199949
buyer_N_total_value_high,`time_n_sale_str_2022-07`,grf_blp_single,3646,0.689538995182367,0.46560309987786,1.48095877231756,0.138617560005043,-0.223043080578239,1.60212107094297,99.2796632602352,-19.9919619373341,396.354930713439,0.72004622750361,0.732669898199949
buyer_N_total_value_high,`time_n_sale_str_2022-08`,grf_blp_single,3646,0.374056438147394,0.269072921213057,1.39016752953453,0.164478010991684,-0.153326487430198,0.901439363724986,45.3619187715786,-14.2150401025476,146.314592373931,0.72004622750361,0.732669898199949
buyer_N_total_value_high,`time_n_sale_str_2022-09`,grf_blp_single,3646,1.12205260286599,0.540239475937596,2.07695411542936,0.0378057943789779,0.0631832300283024,2.18092197570368,207.115159262322,6.52220020084953,785.446609916803,0.72004622750361,0.732669898199949
buyer_N_total_value_high,`time_n_sale_str_2022-10`,grf_blp_single,3646,-0.297905245823818,0.607476418153071,-0.490398041671392,0.623852262173754,-1.48855902540384,0.892748533756202,-25.7628320767871,-77.4302354094063,144.183189378774,0.72004622750361,0.732669898199949
buyer_N_total_value_high,`time_n_sale_str_2022-11`,grf_blp_single,3646,0.515283018498996,0.284747542160259,1.80961357766168,0.0703557328749511,-0.042822164135112,1.0733882011331,67.4112239489274,-4.1918243784274,192.527414516046,0.72004622750361,0.732669898199949
buyer_N_total_value_high,`time_n_sale_str_2022-12`,grf_blp_single,3646,0.179685489571645,0.376961203148139,0.476668389401951,0.633598275748706,-0.559158468598708,0.918529447741997,19.6840884982354,-42.8310043472488,150.560305915819,0.72004622750361,0.732669898199949
buyer_N_total_value_high,`time_n_sale_str_2023-01`,grf_blp_single,3646,0.0433426020918687,0.250068912156882,0.173322632221783,0.862397834966193,-0.44679246573562,0.533477669919357,4.42956114308948,-36.0323350676975,70.4850919926447,0.72004622750361,0.732669898199949
buyer_N_total_value_high,`time_n_sale_str_2023-02`,grf_blp_single,3646,0.250231272959213,0.300025821007958,0.834032458001593,0.404262693670639,-0.337819336216384,0.83828188213481,28.4322411387661,-28.6675851902714,131.23906022142,0.72004622750361,0.732669898199949
buyer_N_total_value_high,`time_n_sale_str_2023-03`,grf_blp_single,3646,0.389587242978906,0.245738076590435,1.58537597585343,0.112880936232732,-0.0920593871383464,0.871233873096157,47.6371285488034,-8.79490161612231,138.985781632454,0.72004622750361,0.732669898199949
buyer_N_total_value_high,`time_n_sale_str_2023-04`,grf_blp_single,3646,0.185090871817137,0.307029746021072,0.602843451541122,0.546612837626179,-0.416687430384164,0.786869174018439,20.3327783741814,-34.0773057943656,119.650876314037,0.72004622750361,0.732669898199949
buyer_N_total_value_high,`time_n_sale_str_2023-05`,grf_blp_single,3646,-0.196212420438723,0.277025385490349,-0.708283178061162,0.478769421384921,-0.739182175999807,0.346757335122361,-17.8162358977052,-52.2495729669017,41.4473440696137,0.72004622750361,0.732669898199949
buyer_N_total_value_high,`time_n_sale_str_2023-06`,grf_blp_single,3646,-0.139776842171109,0.165959343349781,-0.842235449657761,0.399656174668029,-0.46505715513668,0.185503470794461,-13.0447738856478,-37.1900794932202,20.3824377994867,0.72004622750361,0.732669898199949
buyer_N_total_value_high,`time_n_sale_str_2023-07`,grf_blp_single,3646,0.0636868256056174,0.178384972825987,0.357019005562445,0.721077577726449,-0.285947721133316,0.413321372344551,6.57585781949226,-24.8698107868322,51.1830808482761,0.72004622750361,0.732669898199949
buyer_N_total_value_high,`time_n_sale_str_2023-08`,grf_blp_single,3646,0.497063763805325,0.248488103981676,2.0003523542599,0.04546222940624,0.0100270800012399,0.98410044760941,64.3887335890317,1.00775196142966,167.54041354494,0.72004622750361,0.732669898199949
buyer_N_total_value_high,`time_n_sale_str_2023-09`,grf_blp_single,3646,0.583407067750356,0.315423028077438,1.84960201322754,0.0643709324454064,-0.0348220672814235,1.20163620278213,79.2133962737139,-3.42227556591809,232.555375394878,0.72004622750361,0.732669898199949
buyer_N_total_value_high,`time_n_sale_str_2023-10`,grf_blp_single,3646,-0.313302677415466,0.194266657514986,-1.61274549849759,0.106799811285591,-0.694065326144838,0.0674599713139062,-26.8971386771868,-50.0458862109102,6.97874365553477,0.72004622750361,0.732669898199949
buyer_N_total_value_high,`time_n_sale_str_2023-11`,grf_blp_single,3646,-0.0793166824765867,0.124313896255575,-0.638035528333221,0.523450552972294,-0.322971919137513,0.16433855418434,-7.62526564765809,-27.6005815536394,17.8613272009602,0.72004622750361,0.732669898199949
buyer_N_total_value_high,`time_n_sale_str_2023-12`,grf_blp_single,3646,-0.0922380983200411,0.113820291556852,-0.81038360610743,0.417719737069895,-0.315325869771472,0.13084967313139,-8.8111995306779,-27.0448903120288,13.9796426405055,0.72004622750361,0.732669898199949
buyer_N_total_value_high,`time_n_sale_str_2024-01`,grf_blp_single,3646,-0.207972856811892,0.0573856076653807,-3.62412920718024,0.000289936643505116,-0.320448647836039,-0.0954970657877461,-18.7770917100481,-27.4176675049951,-9.10789713830216,0.72004622750361,0.732669898199949
buyer_N_total_value_high,`time_n_sale_str_2024-02`,grf_blp_single,3646,-0.265319926502788,0.103410173036904,-2.56570430849298,0.0102966562388111,-0.468003865655119,-0.0626359873504568,-23.3039460281922,-37.3748897217905,-6.07146767942385,0.72004622750361,0.732669898199949
buyer_N_total_value_high,`time_n_sale_str_2024-03`,grf_blp_single,3646,-0.0703019893967728,0.0972547650209058,-0.722864215256299,0.469763310543236,-0.260921328837748,0.120317350044202,-6.7887710629522,-22.9658479105959,12.7854719536765,0.72004622750361,0.732669898199949
buyer_N_total_value_high,`time_n_sale_str_2024-04`,grf_blp_single,3646,0.0796081422692281,0.105606141306405,0.753821144153478,0.450956625830566,-0.127379894691326,0.286596179229782,8.28626564226909,-11.960084990385,33.1886261528928,0.72004622750361,0.732669898199949
buyer_N_total_value_high,`time_n_sale_str_2024-05`,grf_blp_single,3646,-0.146826447674163,0.116081215661911,-1.26485966602726,0.205921638178282,-0.374345630371509,0.0806927350231826,-13.6556182903883,-31.2260832798397,8.40377585518084,0.72004622750361,0.732669898199949
buyer_N_total_value_high,`time_n_sale_str_2024-06`,grf_blp_single,3646,0.0311187416420508,0.11532689444359,0.269830743229385,0.787290470098335,-0.194921971467386,0.257159454751488,3.16079914410485,-17.710113485807,29.3251325387942,0.72004622750361,0.732669898199949
buyer_N_total_value_high,`time_n_sale_str_2024-07`,grf_blp_single,3646,-0.3102129229281,0.252634560854452,-1.22791165974643,0.219480132038108,-0.805376662202827,0.184950816346626,-26.6709194824577,-55.3080442852731,20.3159262904291,0.72004622750361,0.732669898199949
buyer_N_total_value_high,`time_n_sale_str_2024-08`,grf_blp_single,3646,0.215257676725989,0.268763396336593,0.800918873849937,0.423178612884989,-0.311518580093734,0.742033933545712,24.0181421685624,-26.766599645547,110.020284631049,0.72004622750361,0.732669898199949
buyer_N_total_value_high,`time_n_sale_str_2024-09`,grf_blp_single,3646,-0.515207952631455,0.428315770688572,-1.20286944326891,0.229026846676458,-1.35470686318106,0.324290957918147,-40.2623644284358,-74.1977080615139,38.3049657832215,0.72004622750361,0.732669898199949
buyer_N_total_value_high,`time_n_sale_str_2024-10`,grf_blp_single,3646,-0.169648305865681,0.196311296588632,-0.864180048798602,0.387488990400779,-0.5544184471794,0.215121835448038,-15.6038419254242,-42.5593788365339,24.0012965298337,0.72004622750361,0.732669898199949
buyer_N_total_value_high,`time_n_sale_str_2024-11`,grf_blp_single,3646,0.278347176708988,0.233732577501167,1.19087882264764,0.233701159313897,-0.1797686751933,0.736463028611276,32.0944718850718,-16.4536547518666,108.853534535502,0.72004622750361,0.732669898199949
buyer_N_total_value_high,`time_n_sale_str_2024-12`,grf_blp_single,3646,0.13059451671143,0.118998241065281,1.09744913489761,0.272445104475738,-0.102642035776521,0.363831069199381,13.9505637129363,-9.7550039531498,43.8831130731616,0.72004622750361,0.732669898199949
buyer_N_total_value_high,`time_n_sale_str_2025-01`,grf_blp_single,3646,-0.057049081892308,0.181252572565396,-0.314749087887978,0.752952170284566,-0.412304124120485,0.298205960335869,-5.54522919601039,-33.7877122109236,34.743927834889,0.72004622750361,0.732669898199949
buyer_N_total_value_high,`time_n_sale_str_2025-02`,grf_blp_single,3646,0.182095592315646,0.202632123560562,0.898651157160782,0.36883850071836,-0.215063369863056,0.579254554494348,19.9728873259689,-19.350966862389,78.4707532546621,0.72004622750361,0.732669898199949
buyer_N_total_value_high,`time_n_sale_str_2025-03`,grf_blp_single,3646,0.441085500604891,0.306888387997138,1.43728312264785,0.150637562447656,-0.160415739869499,1.04258674107928,55.4393598253774,-14.8210407549499,183.654493986168,0.72004622750361,0.732669898199949
buyer_N_total_value_high,`time_n-1_sale_str_2021-06`,grf_blp_single,3646,0.14728169485617,0.107095563869916,1.37523618658067,0.169058232958112,-0.0626256103288659,0.357189000041206,15.8680311346028,-6.07049297595871,42.9305983217078,0.72004622750361,0.732669898199949
buyer_N_total_value_high,`time_n-1_sale_str_2021-07`,grf_blp_single,3646,0.242827800226667,0.179640623277162,1.35174213825798,0.176457819921585,-0.10926782139657,0.594923421849905,27.4849076493971,-10.3509713936922,81.2892111720191,0.72004622750361,0.732669898199949
buyer_N_total_value_high,`time_n-1_sale_str_2021-08`,grf_blp_single,3646,0.0681742486650678,0.0869418469758382,0.784136190297567,0.432960201952112,-0.102231771407575,0.238580268737711,7.05518344553908,-9.7179720508805,26.9445598742756,0.72004622750361,0.732669898199949
buyer_N_total_value_high,`time_n-1_sale_str_2021-09`,grf_blp_single,3646,0.0733331114154758,0.175539654717071,0.417758093085415,0.676123993451209,-0.270724611829984,0.417390834660935,7.60889347264129,-23.717345911301,51.7995682339761,0.72004622750361,0.732669898199949
buyer_N_total_value_high,`time_n-1_sale_str_2021-10`,grf_blp_single,3646,0.307643661827476,0.151765970207316,2.02709251228866,0.0426529524909433,0.0101823602211355,0.605104963433816,36.0216205611932,1.02343768517519,83.1444433493902,0.72004622750361,0.732669898199949
buyer_N_total_value_high,`time_n-1_sale_str_2021-11`,grf_blp_single,3646,0.175089465070725,0.188437837263422,0.929162994085754,0.352804622251664,-0.194248695965582,0.544427626107032,19.1352796306888,-17.6546910659856,72.3621544009971,0.72004622750361,0.732669898199949
buyer_N_total_value_high,`time_n-1_sale_str_2021-12`,grf_blp_single,3646,0.310529267086976,0.264377659926403,1.17456697049751,0.24016800404795,-0.207650946368775,0.828709480542726,36.4146921168148,-18.7509409987815,129.036107667983,0.72004622750361,0.732669898199949
buyer_N_total_value_high,`time_n-1_sale_str_2022-01`,grf_blp_single,3646,-0.11338724962646,0.195645200896849,-0.579555486700856,0.562214418371013,-0.496851843384284,0.270077344131364,-10.7195145182679,-39.1556877992461,31.0065772714087,0.72004622750361,0.732669898199949
buyer_N_total_value_high,`time_n-1_sale_str_2022-02`,grf_blp_single,3646,-0.105386044432542,0.293987542361681,-0.358471122912038,0.719990774532238,-0.681601627461438,0.470829538596353,-10.0022975603974,-49.4193769878962,60.1322000812256,0.72004622750361,0.732669898199949
buyer_N_total_value_high,`time_n-1_sale_str_2022-03`,grf_blp_single,3646,0.263717865708048,0.233829293718614,1.12782218820453,0.259395020795389,-0.194587549980436,0.722023281396532,30.1760873103871,-17.6825893775279,105.85941150602,0.72004622750361,0.732669898199949
buyer_N_total_value_high,`time_n-1_sale_str_2022-04`,grf_blp_single,3646,-0.206878189540443,0.397151343483938,-0.520905173643986,0.602432831158892,-0.985294822768962,0.571538443688076,-18.6881309683284,-62.6670855222103,77.0989524366531,0.72004622750361,0.732669898199949
buyer_N_total_value_high,`time_n-1_sale_str_2022-05`,grf_blp_single,3646,-0.00773504336964319,0.345746427928097,-0.0223720123906871,0.982151205639369,-0.685398042108714,0.669927955369427,-0.770520490518201,-49.6110379635031,95.4096533401666,0.72004622750361,0.732669898199949
buyer_N_total_value_high,`time_n-1_sale_str_2022-06`,grf_blp_single,3646,0.158023091255954,0.253476289645636,0.623423561536556,0.533006218689486,-0.338790436449492,0.6548366189614,17.1193238718275,-28.7368224913006,92.4828011285286,0.72004622750361,0.732669898199949
buyer_N_total_value_high,`time_n-1_sale_str_2022-07`,grf_blp_single,3646,-0.178811367065781,0.333098473212245,-0.536812328622851,0.59139725477875,-0.831684374561781,0.474061640430219,-16.3736368617588,-56.4684565789611,60.6506009697115,0.72004622750361,0.732669898199949
buyer_N_total_value_high,`time_n-1_sale_str_2022-08`,grf_blp_single,3646,0.0746706968341803,0.208463511244854,0.358195524906393,0.720196995976133,-0.333917785205734,0.483259178874094,7.75292586581322,-28.3887345138335,62.1350070246465,0.72004622750361,0.732669898199949
buyer_N_total_value_high,`time_n-1_sale_str_2022-09`,grf_blp_single,3646,0.0674189523440918,0.31806648064628,0.211964970993181,0.832134362459823,-0.555991349722617,0.6908292544108,6.97435558767561,-42.6496563181933,99.536951633451,0.72004622750361,0.732669898199949
buyer_N_total_value_high,`time_n-1_sale_str_2022-10`,grf_blp_single,3646,-0.427569051017816,0.44867767726814,-0.95295369633977,0.340613531884551,-1.30697729846337,0.451839196427738,-34.7907627200551,-72.9363124237593,57.1199273806727,0.72004622750361,0.732669898199949
buyer_N_total_value_high,`time_n-1_sale_str_2022-11`,grf_blp_single,3646,0.182725133895643,0.248990967644635,0.733862499608546,0.463032544357299,-0.305297162687843,0.670747430479128,20.048439025986,-26.3095638628717,95.5698523178465,0.72004622750361,0.732669898199949
buyer_N_total_value_high,`time_n-1_sale_str_2022-12`,grf_blp_single,3646,-0.218322391789058,0.316140017027509,-0.690587651135795,0.489824710041881,-0.837956825162975,0.401312041584859,-19.6133759988718,-56.7406514777076,49.3783318296798,0.72004622750361,0.732669898199949
buyer_N_total_value_high,`time_n-1_sale_str_2023-01`,grf_blp_single,3646,0.000565859432155148,0.546206482499544,0.00103598080631645,0.99917340705721,-1.06999884626695,1.07113056513126,0.0566019560805708,-65.6991086840802,191.867739027268,0.72004622750361,0.732669898199949
buyer_N_total_value_high,`time_n-1_sale_str_2023-02`,grf_blp_single,3646,-0.608867312948806,0.376265628704743,-1.61818477825033,0.105622782271586,-1.3463479452101,0.12861331931249,-45.6033335746069,-73.981124880296,13.725028641021,0.72004622750361,0.732669898199949
buyer_N_total_value_high,`time_n-1_sale_str_2023-03`,grf_blp_single,3646,0.0636385356450139,0.294521351144294,0.21607443873852,0.828929724007356,-0.513623312597801,0.640900383887829,6.57071139977807,-40.1676267368484,89.8189209093151,0.72004622750361,0.732669898199949
buyer_N_total_value_high,`time_n-1_sale_str_2023-04`,grf_blp_single,3646,-0.222720053843517,0.466948455892182,-0.476969247961156,0.633384019911305,-1.13793902739219,0.69249891970516,-19.9661130273274,-67.9521160240478,99.870389844177,0.72004622750361,0.732669898199949
buyer_N_total_value_high,`time_n-1_sale_str_2023-05`,grf_blp_single,3646,-1.04664164593578,0.500247559930448,-2.09224737864048,0.0364163922509431,-2.02712686339945,-0.0661564284720964,-64.8885060422113,-86.8286591357501,-6.40155617762629,0.72004622750361,0.732669898199949
buyer_N_total_value_high,`time_n-1_sale_str_2023-06`,grf_blp_single,3646,-0.224812480587961,0.108580176971977,-2.07047443518151,0.0384079376548705,-0.437629627453036,-0.011995333722887,-20.1334029908576,-35.4435161921874,-1.19236765108925,0.72004622750361,0.732669898199949
buyer_N_total_value_high,`time_n-1_sale_str_2023-07`,grf_blp_single,3646,0.0251752427838281,0.176537421118844,0.142605701523646,0.886601594344112,-0.320838102609107,0.371188588176763,2.54948153451009,-27.4459295370768,44.9456397952331,0.72004622750361,0.732669898199949
buyer_N_total_value_high,`time_n-1_sale_str_2023-08`,grf_blp_single,3646,-0.0854832677595808,0.141867193557095,-0.602558390112778,0.546802508274912,-0.363542967131486,0.192576431612325,-8.19314957314206,-30.479114455589,21.2369163496229,0.72004622750361,0.732669898199949
buyer_N_total_value_high,`time_n-1_sale_str_2023-09`,grf_blp_single,3646,0.354123110982726,0.232253157437135,1.52472894185983,0.127326719846557,-0.101093077594058,0.80933929955951,42.4930600288501,-9.61510991105639,124.642328340556,0.72004622750361,0.732669898199949
buyer_N_total_value_high,`time_n-1_sale_str_2023-10`,grf_blp_single,3646,-0.07329523469275,0.0886591453579185,-0.826708112252333,0.408402522252107,-0.24706715959427,0.10047669020877,-7.06735798799848,-21.8911765799076,10.5697867817225,0.72004622750361,0.732669898199949
buyer_N_total_value_high,`time_n-1_sale_str_2023-11`,grf_blp_single,3646,-0.110066739160394,0.0794000412880358,-1.38623025095302,0.165676607068685,-0.265690820084945,0.0455573417641558,-10.4225649926484,-23.3323868278061,4.66110174154359,0.72004622750361,0.732669898199949
buyer_N_total_value_high,`time_n-1_sale_str_2023-12`,grf_blp_single,3646,0.0358195444055899,0.0848693875123925,0.422054941781683,0.672984915330414,-0.130524455118699,0.202163543929879,3.64687930218766,-12.2364969982533,22.4048177391969,0.72004622750361,0.732669898199949
buyer_N_total_value_high,`time_n-1_sale_str_2024-01`,grf_blp_single,3646,-0.0447797838772485,0.0435504273924444,-1.02822834489605,0.303842428090266,-0.13013862156644,0.0405790538119425,-4.37919689257727,-12.2026283607232,4.14136341660329,0.72004622750361,0.732669898199949
buyer_N_total_value_high,`time_n-1_sale_str_2024-02`,grf_blp_single,3646,-0.0467565383516788,0.0598602581115452,-0.781094833646582,0.434746720285939,-0.164082644250307,0.0705695675469497,-4.56802904407891,-15.1328118869491,7.31192211058129,0.72004622750361,0.732669898199949
buyer_N_total_value_high,`time_n-1_sale_str_2024-03`,grf_blp_single,3646,-0.0523550902345433,0.0408079588409131,-1.28296272887958,0.199505134153591,-0.132338689562733,0.0276285090936464,-5.10081707241806,-12.395576221192,2.80137157298697,0.72004622750361,0.732669898199949
buyer_N_total_value_high,`time_n-1_sale_str_2024-04`,grf_blp_single,3646,-0.037790523915293,0.0425381876307638,-0.88839055023498,0.374330706724718,-0.12116537167159,0.045584323841004,-3.70853726477383,-11.411255320924,4.66392575353247,0.72004622750361,0.732669898199949
buyer_N_total_value_high,`time_n-1_sale_str_2024-05`,grf_blp_single,3646,-0.0576606182584284,0.0472092264528698,-1.22138451719798,0.221940466555629,-0.150190702106053,0.0348694655891963,-5.60297406496734,-13.9456146748928,3.5484533613817,0.72004622750361,0.732669898199949
buyer_N_total_value_high,`time_n-1_sale_str_2024-06`,grf_blp_single,3646,-0.060095699067354,0.0426677175031123,-1.40845825800198,0.158995418863565,-0.143724425373454,0.0235330272387461,-5.83255880909335,-13.387360236662,2.38121138753651,0.72004622750361,0.732669898199949
buyer_N_total_value_high,`time_n-1_sale_str_2024-07`,grf_blp_single,3646,-0.0212802589214668,0.0778249261588864,-0.273437572918749,0.784516873825769,-0.173817114192884,0.131256596349951,-2.10554318286151,-15.954940991157,14.0260330415647,0.72004622750361,0.732669898199949
buyer_N_total_value_high,`time_n-1_sale_str_2024-08`,grf_blp_single,3646,-0.0256710548132001,0.0969630946687123,-0.264750778643244,0.791201457067078,-0.215718720363876,0.164376610737476,-2.53443548334802,-19.4038029316832,17.865812682172,0.72004622750361,0.732669898199949
buyer_N_total_value_high,`time_n-1_sale_str_2024-09`,grf_blp_single,3646,-0.058745814079278,0.0705195917884246,-0.833042457981454,0.404820784235274,-0.19696421398459,0.0794725858260343,-5.70535775978611,-17.8779979020853,8.27158773611671,0.72004622750361,0.732669898199949
buyer_N_total_value_high,`time_n-1_sale_str_2024-10`,grf_blp_single,3646,-0.119495048716506,0.0632281898146396,-1.88990146747548,0.0587711392626715,-0.2434223007532,0.00443220332018786,-11.2631598579307,-21.6059614756588,0.444204006076565,0.72004622750361,0.732669898199949
buyer_N_total_value_high,`time_n-1_sale_str_2024-11`,grf_blp_single,3646,-0.104739073727735,0.0644062009831638,-1.62622654540848,0.103901471126851,-0.230975227654736,0.0214970801992665,-9.94405284413801,-20.6240870933106,2.17298070855865,0.72004622750361,0.732669898199949
buyer_N_total_value_high,`time_n-1_sale_str_2024-12`,grf_blp_single,3646,-0.0644125272591048,0.0776640217324239,-0.829374088828743,0.406892758839971,-0.216634009854656,0.0878089553364461,-6.23818732974734,-19.4775380342267,9.17795234512766,0.72004622750361,0.732669898199949
buyer_N_total_value_high,`time_n-1_sale_str_2025-01`,grf_blp_single,3646,-0.053629483988162,0.0357879210883622,-1.49853588465639,0.133994076562628,-0.123773809321352,0.0165148413450278,-5.22167896918391,-11.6420324231994,1.66519651566774,0.72004622750361,0.732669898199949
buyer_N_total_value_high,`time_n-1_sale_str_2025-02`,grf_blp_single,3646,-0.027262863554503,0.0771240925054471,-0.353493476147904,0.723718518771239,-0.178426084865179,0.123900357756173,-2.68945860460804,-16.3414109048954,13.1903080017208,0.72004622750361,0.732669898199949
buyer_N_total_value_high,`time_n-1_sale_str_2025-03`,grf_blp_single,3646,0.0993979133838195,0.223113081554066,0.445504641375019,0.655955106362874,-0.33790372646215,0.536699553229789,10.4505709733897,-28.6736046962909,71.0352608792697,0.72004622750361,0.732669898199949
buyer_N_total_value_high,`Background_recoded_Army Green`,grf_blp_single,3646,-0.195330983120481,0.0883500095236367,-2.21087676360943,0.0270443721735894,-0.368497001786808,-0.0221649644541526,-17.743764126102,-30.8226716321208,-2.19211265053688,0.72004622750361,0.732669898199949
buyer_N_total_value_high,Background_recoded_Blue,grf_blp_single,3646,0.098465956581736,0.0797839773191202,1.2341570311529,0.217144395396351,-0.0579106389637395,0.254842552127212,10.3476837631416,-5.62657232582104,29.0258456430093,0.72004622750361,0.732669898199949
buyer_N_total_value_high,Background_recoded_Gray,grf_blp_single,3646,-0.0476273799705827,0.0829095807632085,-0.574449653853727,0.565663560429564,-0.210130158266471,0.114875398325306,-4.6510990005239,-18.9521251404271,12.1733658971327,0.72004622750361,0.732669898199949
buyer_N_total_value_high,`Background_recoded_New Punk Blue`,grf_blp_single,3646,0.038485132437007,0.0831502411006086,0.46283849484503,0.643480136308271,-0.124489340120186,0.2014596049942,3.92352773471745,-11.7052326567697,22.3186825425917,0.72004622750361,0.732669898199949
buyer_N_total_value_high,Background_recoded_Orange,grf_blp_single,3646,0.0839165838543743,0.0992104113102437,0.845844531295776,0.397639479563719,-0.110535822313703,0.278368990022452,8.7538171782527,-10.464574404603,32.0973533346208,0.72004622750361,0.732669898199949
buyer_N_total_value_high,Background_recoded_Purple,grf_blp_single,3646,-0.0222560211507984,0.0926944533254596,-0.240100894415497,0.810252040847889,-0.203937149668699,0.159425107367102,-2.20101830819879,-18.4486375121876,17.283642212387,0.72004622750361,0.732669898199949
buyer_N_total_value_high,Background_recoded_Yellow,grf_blp_single,3646,0.040778893134721,0.0775322992841908,0.525960064530628,0.598915954481947,-0.111184413462293,0.192742199731735,4.1621770357622,-10.5226274607451,21.2570152310801,0.72004622750361,0.732669898199949
buyer_N_total_value_high,`Clothes_recoded_Bayc T Black`,grf_blp_single,3646,0.238485114151729,0.231032323089262,1.032258650923,0.301950965916836,-0.214338239103226,0.691308467406683,26.932481091923,-19.2924645593641,99.632595248834,0.72004622750361,0.732669898199949
buyer_N_total_value_high,`Clothes_recoded_Bayc T Red`,grf_blp_single,3646,-0.0102860932106295,0.298353292321429,-0.0344762182129631,0.972497406188845,-0.595058546160629,0.57448635973937,-1.02333722728608,-44.8469725057485,77.6217955513791,0.72004622750361,0.732669898199949
buyer_N_total_value_high,`Clothes_recoded_Biker Vest`,grf_blp_single,3646,-0.00370503436573491,0.225554311648247,-0.016426351323813,0.986894257267267,-0.4457914851963,0.43838141646483,-0.369817919473725,-35.9682726226731,55.0196064976626,0.72004622750361,0.732669898199949
buyer_N_total_value_high,`Clothes_recoded_Black Holes T`,grf_blp_single,3646,0.0652325015687695,0.160071918472082,0.407519958475082,0.6836261384298,-0.248508458636511,0.37897346177405,6.74071693774208,-22.0036736618507,46.0784268606044,0.72004622750361,0.732669898199949
buyer_N_total_value_high,`Clothes_recoded_Black T`,grf_blp_single,3646,0.190724902307503,0.138119066557017,1.38087309060092,0.167317985141603,-0.0799884681442505,0.461438272759257,21.0126503277994,-7.68730083074378,58.6353954671852,0.72004622750361,0.732669898199949
buyer_N_total_value_high,`Clothes_recoded_Bone Necklace`,grf_blp_single,3646,0.00669067171156836,0.174759702090232,0.0382849800700268,0.969460466174849,-0.335838344385287,0.349219687808423,0.671310425723726,-28.5261362008523,41.7960664798043,0.72004622750361,0.732669898199949
buyer_N_total_value_high,`Clothes_recoded_Bone Tee`,grf_blp_single,3646,0.191515287276939,0.155053091150944,1.23515942736349,0.216771175858061,-0.112388771378911,0.495419345932789,21.1083347165003,-10.6303253762845,64.1186319583142,0.72004622750361,0.732669898199949
buyer_N_total_value_high,`Clothes_recoded_Caveman Pelt`,grf_blp_single,3646,-0.306321720935078,0.19065553519553,-1.60667625317526,0.108125405477784,-0.680006569918317,0.0673631280481617,-26.3850253430164,-49.3386336055735,6.96838398627413,0.72004622750361,0.732669898199949
buyer_N_total_value_high,`Clothes_recoded_Cowboy Shirt`,grf_blp_single,3646,-0.00342970785070837,0.369493801766057,-0.00928217965853691,0.992593998508781,-0.727637559312181,0.720778143610764,-0.342383312085925,-51.6951182646757,105.603247686919,0.72004622750361,0.732669898199949
buyer_N_total_value_high,Clothes_recoded_Guayabera,grf_blp_single,3646,-0.287898831902742,0.216683627578131,-1.32865983055841,0.183960223189161,-0.712598741955879,0.136801078150395,-25.0162551970247,-50.9631800229858,14.660004203235,0.72004622750361,0.732669898199949
buyer_N_total_value_high,Clothes_recoded_Hawaiian,grf_blp_single,3646,-0.134188385880148,0.178040265836808,-0.753696840708747,0.451031279378386,-0.483147306920291,0.214770535159996,-12.5574680297461,-38.3161047965617,23.9577424893665,0.72004622750361,0.732669898199949
buyer_N_total_value_high,`Clothes_recoded_Hip Hop`,grf_blp_single,3646,0.088452705466138,0.271370104518896,0.32594859932325,0.744463244864959,-0.443432699390897,0.620338110323173,9.24825829341303,-35.8170572207803,85.955667087432,0.72004622750361,0.732669898199949
buyer_N_total_value_high,`Clothes_recoded_Lab Coat`,grf_blp_single,3646,-0.206714776226139,0.283837854375745,-0.728284733834302,0.466439305487278,-0.763036970802598,0.349607418350321,-18.674842440586,-53.3751707767342,41.8510558053311,0.72004622750361,0.732669898199949
buyer_N_total_value_high,`Clothes_recoded_Leather Jacket`,grf_blp_single,3646,-0.000232760188374828,0.355983956923676,-0.000653850219505068,0.999478303041952,-0.69796131575878,0.69749579538203,-0.0232733101823812,-50.2401282911469,100.871616753629,0.72004622750361,0.732669898199949
buyer_N_total_value_high,`Clothes_recoded_Leather Punk Jacket`,grf_blp_single,3646,0.0357924022638535,0.252639875741172,0.141673606190824,0.887337823828211,-0.459381754188844,0.530966558716551,3.64406614207686,-36.8325945351616,70.0575220307677,0.72004622750361,0.732669898199949
buyer_N_total_value_high,`Clothes_recoded_Lumberjack Shirt`,grf_blp_single,3646,-0.25314051586397,0.151347090482947,-1.67258263806857,0.0944094871403836,-0.549780813210547,0.0434997814826065,-22.3641216566315,-42.2923715982732,4.44597660793755,0.72004622750361,0.732669898199949
buyer_N_total_value_high,`Clothes_recoded_Navy Striped Tee`,grf_blp_single,3646,0.162418885651712,0.131427309113012,1.23580773849711,0.216530037820297,-0.0951786402097908,0.420016411513215,17.6352895480183,-9.0789501594322,52.1986533515778,0.72004622750361,0.732669898199949
buyer_N_total_value_high,Clothes_recoded_No_Clothes,grf_blp_single,3646,-0.0872865162523954,0.0730553030104797,-1.19480055047988,0.232164965220485,-0.230474910152936,0.0559018776481448,-8.35855096308107,-20.5843639986109,5.7493914855673,0.72004622750361,0.732669898199949
buyer_N_total_value_high,Clothes_recoded_Other_Clothes,grf_blp_single,3646,0.464806079534368,0.198184602942759,2.3453188221116,0.0190108155736924,0.0763642577665597,0.853247901302177,59.1705494686329,7.93556662438242,134.725814766078,0.72004622750361,0.732669898199949
buyer_N_total_value_high,`Clothes_recoded_Prison Jumpsuit`,grf_blp_single,3646,0.00963081577973961,0.15543535214436,0.0619602660969624,0.950594474234941,-0.295022474423206,0.314284105982685,0.967734132573717,-25.5485145264048,36.9278701562193,0.72004622750361,0.732669898199949
buyer_N_total_value_high,`Clothes_recoded_Prom Dress`,grf_blp_single,3646,0.183996596597818,0.202227725938693,0.909848517277981,0.362902403654585,-0.212369746242021,0.580362939437656,20.2011732159987,-19.1334358799462,78.6686772180982,0.72004622750361,0.732669898199949
buyer_N_total_value_high,`Clothes_recoded_Puffy Vest`,grf_blp_single,3646,-0.262424197199932,0.185183025225825,-1.41710719370695,0.156451589650958,-0.625382926642549,0.100534532242685,-23.0815331489624,-46.4943498104283,10.5761825480497,0.72004622750361,0.732669898199949
buyer_N_total_value_high,`Clothes_recoded_Rainbow Suspenders`,grf_blp_single,3646,0.462877213006298,0.257450757493701,1.79792523243061,0.0721888569449992,-0.0417262716813554,0.967480697693951,58.863826632312,-4.0867713688692,163.130704413279,0.72004622750361,0.732669898199949
buyer_N_total_value_high,`Clothes_recoded_Sailor Shirt`,grf_blp_single,3646,-0.0323012876250881,0.138258646380722,-0.233629421889032,0.815272684405769,-0.303288234531302,0.238685659281126,-3.17851730154924,-26.1613762715737,26.9579393354464,0.72004622750361,0.732669898199949
buyer_N_total_value_high,Clothes_recoded_Service,grf_blp_single,3646,-0.354383810291387,0.175720944163336,-2.01674201091237,0.0437224433329625,-0.698796860851525,-0.00997075973124845,-29.8394367790237,-50.2816875430365,-0.992121650436861,0.72004622750361,0.732669898199949
buyer_N_total_value_high,`Clothes_recoded_Sleeveless Logo T`,grf_blp_single,3646,0.194382048781811,0.246210296945575,0.789496016995499,0.42982215680007,-0.288190133231517,0.676954230795138,21.4560215578941,-25.0380948804034,96.7874902477002,0.72004622750361,0.732669898199949
buyer_N_total_value_high,`Clothes_recoded_Sleeveless T`,grf_blp_single,3646,-0.231645243096314,0.191087963252981,-1.21224403229229,0.225418980823532,-0.606177651072156,0.142887164879528,-20.6772523678811,-45.4568279977952,15.3599627769079,0.72004622750361,0.732669898199949
buyer_N_total_value_high,`Clothes_recoded_Smoking Jacket`,grf_blp_single,3646,-0.22016945637746,0.180000708335512,-1.22315883317012,0.221269710881937,-0.572970844715063,0.132631931960143,-19.7617182444169,-43.6152156390144,14.1829649976125,0.72004622750361,0.732669898199949
buyer_N_total_value_high,`Clothes_recoded_Striped Tee`,grf_blp_single,3646,0.382761717637118,0.169163027072521,2.26267952436809,0.0236554519216809,0.0512021845749774,0.714321250699259,46.6328588196378,5.25356782503157,104.27996627499,0.72004622750361,0.732669898199949
buyer_N_total_value_high,`Clothes_recoded_Stunt Jacket`,grf_blp_single,3646,0.145408190595387,0.208803769346453,0.696386808775094,0.486186621843886,-0.263847197323661,0.554663578514436,15.651155107101,-23.1909102965044,74.1355056965091,0.72004622750361,0.732669898199949
buyer_N_total_value_high,Clothes_recoded_Tanktop,grf_blp_single,3646,-0.265844200698492,0.145810295849781,-1.82321967834407,0.0682701258082261,-0.551632380564062,0.0199439791670789,-23.3441452515734,-42.3991223005152,2.01441890987766,0.72004622750361,0.732669898199949
buyer_N_total_value_high,`Clothes_recoded_Tie Dye`,grf_blp_single,3646,-0.076095241186223,0.185491128327762,-0.410236553479598,0.68163242900391,-0.439657852708637,0.287467370336191,-7.32720603121536,-35.5743185898559,33.3047094575013,0.72004622750361,0.732669898199949
buyer_N_total_value_high,Clothes_recoded_Toga,grf_blp_single,3646,0.0875980521399055,0.21594443867456,0.405650882595409,0.684999136608793,-0.335653047662232,0.510849151942043,9.15492879394193,-28.5128911010073,66.6705880754737,0.72004622750361,0.732669898199949
buyer_N_total_value_high,`Clothes_recoded_Tuxedo Tee`,grf_blp_single,3646,-0.282543618982012,0.17429291996271,-1.62108488997983,0.10499943407798,-0.624157742108923,0.059070504144899,-24.6136241527566,-46.4287553408948,6.08500324279684,0.72004622750361,0.732669898199949
buyer_N_total_value_high,`Clothes_recoded_Tweed Suit`,grf_blp_single,3646,-0.00499925056957935,0.297200162937619,-0.0168211568936073,0.986579291523927,-0.587511569927313,0.577513068788154,-0.498677511441747,-44.4291592879501,78.1602194624572,0.72004622750361,0.732669898199949
buyer_N_total_value_high,`Clothes_recoded_Vietnam Jacket`,grf_blp_single,3646,0.125286474699468,0.181480059892203,0.690359452018514,0.489968169195764,-0.23041444268925,0.480987392088187,13.3473117931286,-20.5795617913377,61.7670889321213,0.72004622750361,0.732669898199949
buyer_N_total_value_high,`Clothes_recoded_Wool Turtleneck`,grf_blp_single,3646,-0.0744871202404022,0.18921956923078,-0.393654422442716,0.693836195408609,-0.445357475932731,0.296383235451927,-7.17805707749042,-35.9404762283191,34.4985504203592,0.72004622750361,0.732669898199949
buyer_N_total_value_high,`Clothes_recoded_Work Vest`,grf_blp_single,3646,0.155417877442154,0.18549630859165,0.837848896412756,0.402115573065181,-0.208154887397481,0.518990642281789,16.814600099055,-18.7918754180229,68.033073864762,0.72004622750361,0.732669898199949
buyer_N_total_value_high,`Earring_recoded_Diamond Stud`,grf_blp_single,3646,0.0804157375116144,0.162061379963547,0.496205434815518,0.619749476943785,-0.237224567216937,0.398056042240166,8.37375243742233,-21.118587366703,48.8927470400045,0.72004622750361,0.732669898199949
buyer_N_total_value_high,`Earring_recoded_Gold Hoop`,grf_blp_single,3646,-0.100078172499832,0.157897433820174,-0.633817599681886,0.526199866007441,-0.409557142787374,0.209400797787709,-9.52333126023186,-33.6055782475762,23.2939058761649,0.72004622750361,0.732669898199949
buyer_N_total_value_high,`Earring_recoded_Gold Stud`,grf_blp_single,3646,0.359851653696722,0.147624296846645,2.43761807089616,0.0147843851856566,0.0705080318772967,0.649195275516147,43.3116801210902,7.30531880276402,91.3999966477026,0.72004622750361,0.732669898199949
buyer_N_total_value_high,Earring_recoded_No_Earring,grf_blp_single,3646,-0.0591688746233437,0.0625790337931437,-0.945506362704923,0.3444004240029,-0.181823780857905,0.0634860316112179,-5.74524166518652,-16.6251750127459,6.5544601756252,0.72004622750361,0.732669898199949
buyer_N_total_value_high,`Earring_recoded_Silver Hoop`,grf_blp_single,3646,0.171111460567417,0.0889561189995672,1.92354907668858,0.0544111293125846,-0.00324253267173447,0.345465453806569,18.6623003324266,-0.323728134007573,41.2647288726202,0.72004622750361,0.732669898199949
buyer_N_total_value_high,`Earring_recoded_Silver Stud`,grf_blp_single,3646,-0.180610167467136,0.104342460772242,-1.73093643882303,0.0834631016284897,-0.385121390580729,0.0239010556464578,-16.5239287842257,-31.9631959080053,2.41889751610065,0.72004622750361,0.732669898199949
buyer_N_total_value_high,Eyes_recoded_Angry,grf_blp_single,3646,-0.268964386036849,0.138955477695407,-1.93561556908483,0.0529148020922176,-0.541317122319847,0.0033883502461487,-23.5829529697444,-41.8018793098817,0.339409719390149,0.72004622750361,0.732669898199949
buyer_N_total_value_high,Eyes_recoded_Blindfold,grf_blp_single,3646,-0.319527595019521,0.131726937931677,-2.42568148957696,0.0152796737302677,-0.577712393365607,-0.0613427966734345,-27.3507845465808,-43.8819340084472,-5.94992160293291,0.72004622750361,0.732669898199949
buyer_N_total_value_high,Eyes_recoded_Bloodshot,grf_blp_single,3646,-0.227282426250885,0.100634777750536,-2.25848788392316,0.0239152591081079,-0.424526590641935,-0.030038261859835,-20.3304257278618,-34.5920640864018,-2.95915967921315,0.72004622750361,0.732669898199949
buyer_N_total_value_high,Eyes_recoded_Bored,grf_blp_single,3646,-0.0553810162322196,0.0794870481281819,-0.696730065292039,0.485971739670488,-0.211175630563456,0.100413598099017,-5.3875409557947,-19.0368141705909,10.5628109206626,0.72004622750361,0.732669898199949
buyer_N_total_value_high,Eyes_recoded_Closed,grf_blp_single,3646,0.00497824972670942,0.0935159148502393,0.0532342514606398,0.957545265576289,-0.17831294337976,0.188269442833179,0.499066180013297,-16.3319451123802,20.715873180281,0.72004622750361,0.732669898199949
buyer_N_total_value_high,Eyes_recoded_Coins,grf_blp_single,3646,-0.0535846315739373,0.122928100423372,-0.435902217551469,0.662907676140795,-0.294523708403745,0.187354445255871,-5.21742783733346,-25.5113713932558,20.6054689662753,0.72004622750361,0.732669898199949
buyer_N_total_value_high,Eyes_recoded_Crazy,grf_blp_single,3646,-0.0012498595789491,0.129590273153432,-0.00964470209480379,0.99230476040742,-0.255246794959675,0.252747075801777,-0.124907882977499,-22.5274723927515,28.7557581179324,0.72004622750361,0.732669898199949
buyer_N_total_value_high,Eyes_recoded_Eyepatch,grf_blp_single,3646,0.0702434452899489,0.194011250386218,0.362058618508541,0.717308226380196,-0.310018605467039,0.450505496046937,7.27693101033791,-26.6566689771934,56.9105161506532,0.72004622750361,0.732669898199949
buyer_N_total_value_high,Eyes_recoded_Heart,grf_blp_single,3646,0.0365149463837059,0.189343698202136,0.192850074918913,0.84707638539666,-0.33459870209248,0.407628594859892,3.71898061387175,-28.4374792363485,50.3248743166799,0.72004622750361,0.732669898199949
buyer_N_total_value_high,Eyes_recoded_Holographic,grf_blp_single,3646,0.00559241153726423,0.316646724704974,0.0176613591770918,0.985909006745855,-0.615035168884484,0.626219991959013,0.560807826197363,-45.9378118093536,87.0526593373632,0.72004622750361,0.732669898199949
buyer_N_total_value_high,Eyes_recoded_Hypnotized,grf_blp_single,3646,-0.147115755111574,0.206413281345865,-0.712724269254105,0.476016395633211,-0.551685786549469,0.257454276326322,-13.6805947490836,-42.4021984500059,29.3632659990421,0.72004622750361,0.732669898199949
buyer_N_total_value_high,Eyes_recoded_Other_Eyes,grf_blp_single,3646,0.767650428071292,0.28035944505542,2.73809369225834,0.00617964678224895,0.21814591576267,1.31715494037992,115.469768443833,24.3768539813985,273.27862562099,0.72004622750361,0.732669898199949
buyer_N_total_value_high,Eyes_recoded_Robot,grf_blp_single,3646,0.188610154513716,0.191032113852763,0.987321716280053,0.323484947915861,-0.185812788637699,0.563033097665131,20.7570094957134,-16.9570953816606,75.5990521931653,0.72004622750361,0.732669898199949
buyer_N_total_value_high,Eyes_recoded_Sad,grf_blp_single,3646,-0.0349227436906364,0.116309602833452,-0.30025675300984,0.763981318227548,-0.262889565244202,0.193044077862929,-3.43199817499718,-23.1173202177241,21.2936255978889,0.72004622750361,0.732669898199949
buyer_N_total_value_high,Eyes_recoded_Scumbag,grf_blp_single,3646,0.212761700189247,0.174475947408977,1.21943284073722,0.22267995160065,-0.129211156732348,0.554734557110842,23.7089817846148,-12.1211616130701,74.1478660289423,0.72004622750361,0.732669898199949
buyer_N_total_value_high,Eyes_recoded_Sleepy,grf_blp_single,3646,0.218063554883472,0.107485891411616,2.02876444545081,0.0424822882931477,0.00739120771670593,0.428735902050239,24.3666106161848,0.741859011388346,53.5315507172571,0.72004622750361,0.732669898199949
buyer_N_total_value_high,Eyes_recoded_Sunglasses,grf_blp_single,3646,0.120907216817074,0.189900017112962,0.636688814752199,0.524327560742837,-0.251296816724332,0.49311125035848,12.8520199813502,-22.2208524224265,63.7402672891108,0.72004622750361,0.732669898199949
buyer_N_total_value_high,`Eyes_recoded_Wide Eyed`,grf_blp_single,3646,0.219726901879945,0.1206367373429,1.8213929414834,0.0685471473702427,-0.0167211033121384,0.456174907072028,24.5736475838394,-1.65820816080879,57.8026328594731,0.72004622750361,0.732669898199949
buyer_N_total_value_high,`Eyes_recoded_X Eyes`,grf_blp_single,3646,-0.248170216276766,0.17927982403674,-1.38426182427482,0.166278298875551,-0.599558671388777,0.103218238835244,-21.9772875381778,-45.094610417465,10.8733351349642,0.72004622750361,0.732669898199949
buyer_N_total_value_high,Eyes_recoded_Zombie,grf_blp_single,3646,-0.00158278747756681,0.153732502376287,-0.0102957244115669,0.991785345578205,-0.30289849213509,0.299732917179957,-0.158153553007667,-26.1325926206886,34.9498331619626,0.72004622750361,0.732669898199949
buyer_N_total_value_high,Fur_recoded_Blue,grf_blp_single,3646,-0.0457805568146724,0.130732420789864,-0.350185183889916,0.726199725219118,-0.302016101562806,0.210454987933461,-4.4748437362127,-26.0673839512915,23.4239496301495,0.72004622750361,0.732669898199949
buyer_N_total_value_high,Fur_recoded_Brown,grf_blp_single,3646,-0.079315421882212,0.0812982180071422,-0.975610829197314,0.329257356029968,-0.238659929176211,0.0800290854117868,-7.6251492005142,-21.2317295262895,8.3318575983619,0.72004622750361,0.732669898199949
buyer_N_total_value_high,Fur_recoded_Cheetah,grf_blp_single,3646,0.455483991283652,0.189516576252422,2.40339921863606,0.0162434436740909,0.0840315018289052,0.826936480738398,57.6936421850076,8.76631566478194,128.630386471987,0.72004622750361,0.732669898199949
buyer_N_total_value_high,Fur_recoded_Cream,grf_blp_single,3646,-0.0140519085046626,0.101469168868476,-0.138484513683921,0.889857507977592,-0.212931479486876,0.184827662477551,-1.39536412576188,-19.1788485613091,20.3011098309659,0.72004622750361,0.732669898199949
buyer_N_total_value_high,`Fur_recoded_Dark Brown`,grf_blp_single,3646,0.0660324611362094,0.0765005780780788,0.863162904060863,0.388047906365861,-0.0839086718968252,0.215973594169244,6.82613935817766,-8.04847701577334,24.1069607093988,0.72004622750361,0.732669898199949
buyer_N_total_value_high,`Fur_recoded_Death Bot`,grf_blp_single,3646,-0.159147049032046,0.214567964515024,-0.741709273291365,0.458263500084627,-0.579700259481493,0.261406161417401,-14.7129064097897,-43.9933784053519,29.8755062519316,0.72004622750361,0.732669898199949
buyer_N_total_value_high,Fur_recoded_Dmt,grf_blp_single,3646,-0.0611994642855466,0.216815465776222,-0.282265216028046,0.77774015515592,-0.486157777206941,0.363758848635848,-5.93644021447849,-38.5015230920657,43.8727221288769,0.72004622750361,0.732669898199949
buyer_N_total_value_high,`Fur_recoded_Golden Brown`,grf_blp_single,3646,-0.00128032847008769,0.102382229626557,-0.0125053778840112,0.990022412116662,-0.201949498538139,0.199388841597963,-0.127950919927455,-18.2863806527447,22.0656515661664,0.72004622750361,0.732669898199949
buyer_N_total_value_high,Fur_recoded_Gray,grf_blp_single,3646,-0.0694104130454944,0.129305284492761,-0.536794867416112,0.591409317396864,-0.322848770651306,0.184027944560318,-6.70562907735177,-27.5916651258445,20.2049413369303,0.72004622750361,0.732669898199949
buyer_N_total_value_high,Fur_recoded_Noise,grf_blp_single,3646,-0.0767551934325625,0.266282936865931,-0.288246758639317,0.773157858685714,-0.598669749689787,0.445159362824662,-7.38834547299462,-45.0457821262251,56.0738899774687,0.72004622750361,0.732669898199949
buyer_N_total_value_high,Fur_recoded_Other_Fur,grf_blp_single,3646,1.08354095050907,0.600736698380532,1.80368696207521,0.0712803945959617,-0.0939029783167693,2.26098487933491,195.512499811241,-8.9628916308946,859.253200251297,0.72004622750361,0.732669898199949
buyer_N_total_value_high,Fur_recoded_Pink,grf_blp_single,3646,0.0822405646545007,0.148325138019042,0.554461406561731,0.579263111013145,-0.208476705862821,0.372957835171823,8.57169635423334,-18.8180054872542,45.2023114236879,0.72004622750361,0.732669898199949
buyer_N_total_value_high,Fur_recoded_Red,grf_blp_single,3646,-0.283795183863899,0.105230319308154,-2.69689558798012,0.00699892117350676,-0.49004660970788,-0.0775437580199177,-24.7079160748023,-38.7402159487412,-7.46134695715547,0.72004622750361,0.732669898199949
buyer_N_total_value_high,Fur_recoded_Robot,grf_blp_single,3646,0.0977017454088899,0.228864155917146,0.426898414989283,0.669453320052281,-0.350872000188717,0.546275491006497,10.2633870446618,-29.5926130589475,72.6809508317643,0.72004622750361,0.732669898199949
buyer_N_total_value_high,Fur_recoded_Tan,grf_blp_single,3646,-0.0160705194656292,0.127970838236615,-0.125579543645054,0.900064756551963,-0.266893362409395,0.234752323478136,-1.59420776304636,-23.4245274649484,26.4595519322441,0.72004622750361,0.732669898199949
buyer_N_total_value_high,Fur_recoded_White,grf_blp_single,3646,-0.212486087087415,0.163193059567324,-1.30205345528041,0.192898112737188,-0.53234448383937,0.10737230966454,-19.142843417129,-41.2773388759929,11.3348687802244,0.72004622750361,0.732669898199949
buyer_N_total_value_high,Fur_recoded_Zombie,grf_blp_single,3646,-0.0852647557836517,0.168620700838904,-0.505660072336619,0.613095302393116,-0.415761329427904,0.245231817860601,-8.17308648491876,-34.0162264457664,27.7917522976403,0.72004622750361,0.732669898199949
buyer_N_total_value_high,`Hat_recoded_Baby's Bonnet`,grf_blp_single,3646,0.0745650178554126,0.16999992384549,0.438617948577339,0.660938389471649,-0.258634832881748,0.407764868592573,7.74153924832215,-22.7895081100755,50.3453610442876,0.72004622750361,0.732669898199949
buyer_N_total_value_high,`Hat_recoded_Bayc Flipped Brim`,grf_blp_single,3646,-0.253529172471951,0.215886839050033,-1.17436140891013,0.24025029583138,-0.676667377010015,0.169609032066114,-22.3942894909222,-49.1691827731263,18.484152571025,0.72004622750361,0.732669898199949
buyer_N_total_value_high,`Hat_recoded_Bayc Hat Black`,grf_blp_single,3646,0.143164543754284,0.295107144423688,0.485127339203763,0.627586020025186,-0.435245459316144,0.721574546824713,15.3919656318277,-35.2894190567169,105.767055994249,0.72004622750361,0.732669898199949
buyer_N_total_value_high,`Hat_recoded_Bayc Hat Red`,grf_blp_single,3646,0.351167194633153,0.310337665444629,1.13156485252935,0.257817423756808,-0.257094629638319,0.959429018904625,42.072484362484,-22.670496632635,161.020566976079,0.72004622750361,0.732669898199949
buyer_N_total_value_high,Hat_recoded_Beanie,grf_blp_single,3646,0.12288417668177,0.141110527474025,0.870836349927112,0.383843514583164,-0.15369245716732,0.399460810530859,13.0753445746458,-14.2464290577161,49.1020538291106,0.72004622750361,0.732669898199949
buyer_N_total_value_high,Hat_recoded_Bowler,grf_blp_single,3646,-0.119535735493169,0.142170441144158,-0.840791760447322,0.400464603876692,-0.398189800135718,0.159118329149381,-11.2667702004803,-32.8465441784756,17.2476676640472,0.72004622750361,0.732669898199949
buyer_N_total_value_high,`Hat_recoded_Bunny Ears`,grf_blp_single,3646,0.0652391851246137,0.211055069683274,0.309109775105222,0.757238023620573,-0.348428751454603,0.478907121703831,6.74143034766863,-29.4203799814856,61.4309194308129,0.72004622750361,0.732669898199949
buyer_N_total_value_high,`Hat_recoded_Commie Hat`,grf_blp_single,3646,-0.0604978625774693,0.143448916909619,-0.421738022710807,0.673216247991857,-0.341657739720322,0.220662014565383,-5.87042190369342,-28.9408629705023,24.690192464772,0.72004622750361,0.732669898199949
buyer_N_total_value_high,`Hat_recoded_Cowboy Hat`,grf_blp_single,3646,0.0557431831840909,0.124213588159322,0.448768802271391,0.653598446278265,-0.187715449608181,0.299201815976362,5.73261097408382,-17.1149476578506,34.8781801723242,0.72004622750361,0.732669898199949
buyer_N_total_value_high,`Hat_recoded_Faux Hawk`,grf_blp_single,3646,-0.0217613803434261,0.235157826846901,-0.0925394686420273,0.926269434295703,-0.482670720963353,0.4391479602765,-2.15263097474631,-38.2867001119651,55.1384813732903,0.72004622750361,0.732669898199949
buyer_N_total_value_high,Hat_recoded_Fez,grf_blp_single,3646,-0.0735911833943353,0.129673328439041,-0.567512103531223,0.570366305738986,-0.327750907134856,0.180568540346185,-7.09485721335609,-27.9457520656047,19.7898223025721,0.72004622750361,0.732669898199949
buyer_N_total_value_high,`Hat_recoded_Fisherman's Hat`,grf_blp_single,3646,-0.155451518364757,0.181816466195165,-0.854991418642425,0.392555898448931,-0.511811792107281,0.200908755377767,-14.3971422411833,-40.0591409342259,22.2513218977266,0.72004622750361,0.732669898199949
buyer_N_total_value_high,`Hat_recoded_Girl's Hair Pink`,grf_blp_single,3646,-0.0300641862622,0.19036334377969,-0.157930543061871,0.874511530198346,-0.403176340070392,0.343047967545992,-2.9616753723944,-33.1805740488832,40.9236357915042,0.72004622750361,0.732669898199949
buyer_N_total_value_high,`Hat_recoded_Girl's Hair Short`,grf_blp_single,3646,0.255037298607787,0.351783216312197,0.724984270942162,0.468461679979118,-0.434457805364119,0.944532402579694,29.0509754192399,-35.2384294334461,157.161061891514,0.72004622750361,0.732669898199949
buyer_N_total_value_high,Hat_recoded_Halo,grf_blp_single,3646,0.212977103666062,0.183183454219687,1.16264378010169,0.244974060233933,-0.146062466604525,0.572016673936649,23.7356319995758,-13.5896276126879,77.1836667675622,0.72004622750361,0.732669898199949
buyer_N_total_value_high,Hat_recoded_Horns,grf_blp_single,3646,-0.100111425652881,0.114697480603884,-0.872830206259038,0.382755632684003,-0.324918487636494,0.124695636330733,-9.52633984472202,-27.7413749045238,13.2803616326377,0.72004622750361,0.732669898199949
buyer_N_total_value_high,`Hat_recoded_Irish Boho`,grf_blp_single,3646,0.0319526569609819,0.182993843615535,0.174610556998374,0.861385652745104,-0.326715276525467,0.39062059044743,3.24686239456831,-27.8710918273662,47.7897678529864,0.72004622750361,0.732669898199949
buyer_N_total_value_high,Hat_recoded_No_Hat,grf_blp_single,3646,0.0416602547916874,0.0674040506778774,0.618067525211221,0.536530828040829,-0.0904516845369523,0.173772194120327,4.25402205310059,-8.64815300974053,18.9784495042262,0.72004622750361,0.732669898199949
buyer_N_total_value_high,Hat_recoded_Other_Hat,grf_blp_single,3646,0.352066696884924,0.157489122774643,2.23549849464022,0.0253846403446333,0.0433880162466234,0.660745377523225,42.2003363750489,4.43430383103196,93.6235022727133,0.72004622750361,0.732669898199949
buyer_N_total_value_high,`Hat_recoded_Party Hat 1`,grf_blp_single,3646,0.253333352985914,0.258939484409995,0.978349646301125,0.327901423334193,-0.254188036457675,0.760854742429503,28.8312668135931,-22.4454042579745,114.010467722693,0.72004622750361,0.732669898199949
buyer_N_total_value_high,`Hat_recoded_Police Motorcycle Helmet`,grf_blp_single,3646,0.102735505467143,0.205893455138187,0.498974119396808,0.617797616598703,-0.300815666603703,0.506286677537989,10.8198257928734,-25.9785793629668,65.9118898701407,0.72004622750361,0.732669898199949
buyer_N_total_value_high,`Hat_recoded_Prussian Helmet`,grf_blp_single,3646,-0.359848698219604,0.237334881954179,-1.51620653170181,0.129467136977953,-0.825025066849795,0.105327670410586,-30.2218106272609,-56.1775992568101,11.1074616991288,0.72004622750361,0.732669898199949
buyer_N_total_value_high,`Hat_recoded_S&m Hat`,grf_blp_single,3646,-0.29006814497726,0.142082497565171,-2.04154734008818,0.0411964534316953,-0.568549840204995,-0.0115864497495244,-25.1787421087901,-43.3653864119005,-1.15195853301848,0.72004622750361,0.732669898199949
buyer_N_total_value_high,Hat_recoded_Safari,grf_blp_single,3646,-0.201241531470077,0.236266278152078,-0.851757318243035,0.394348800255415,-0.66432343664815,0.261840373707996,-18.2285096182586,-48.5378415943887,29.93191203815,0.72004622750361,0.732669898199949
buyer_N_total_value_high,`Hat_recoded_Sea Captain's Hat`,grf_blp_single,3646,-0.209534481043588,0.22557271806447,-0.928899925671428,0.352940951519834,-0.651657008449949,0.232588046362773,-18.903832385391,-47.8818541213482,26.1861543787306,0.72004622750361,0.732669898199949
buyer_N_total_value_high,`Hat_recoded_Seaman's Hat`,grf_blp_single,3646,-0.237758533642961,0.130204702676685,-1.82603645456145,0.0678447708774564,-0.492959750889264,0.0174426836033414,-21.160696149348,-38.9184146633946,1.75956955607179,0.72004622750361,0.732669898199949
buyer_N_total_value_high,`Hat_recoded_Short Mohawk`,grf_blp_single,3646,-0.053168511832843,0.169124886937414,-0.314374263868797,0.753236800472578,-0.384653290230174,0.278316266564488,-5.1779787307381,-31.9313404009538,32.0903888889615,0.72004622750361,0.732669898199949
buyer_N_total_value_high,`Hat_recoded_Spinner Hat`,grf_blp_single,3646,-0.255036641182863,0.251112793830759,-1.01562583607249,0.309807596920972,-0.74721771709115,0.237144434725424,-22.5111895375838,-52.6317359857837,26.7624193506049,0.72004622750361,0.732669898199949
buyer_N_total_value_high,`Hat_recoded_Stuntman Helmet`,grf_blp_single,3646,-0.442505138968816,0.151372328467592,-2.92328950375864,0.00346354320575139,-0.739194902765296,-0.145815375172336,-35.7574960442609,-52.2501806715215,-13.5682737119445,0.72004622750361,0.732669898199949
buyer_N_total_value_high,`Hat_recoded_Sushi Chef Headband`,grf_blp_single,3646,0.0516670680063691,0.171407570044417,0.301428157420239,0.763088025649114,-0.284291769280688,0.387625905293426,5.3025098400928,-24.7452957438118,47.3478460678559,0.72004622750361,0.732669898199949
buyer_N_total_value_high,`Hat_recoded_Vietnam Era Helmet`,grf_blp_single,3646,0.384145803083549,0.221110716205997,1.73734593092115,0.0823261288299352,-0.0492312006802047,0.817522806847304,46.8359517420558,-4.80389897794925,126.488233157796,0.72004622750361,0.732669898199949
buyer_N_total_value_high,`Hat_recoded_Ww2 Pilot Helm`,grf_blp_single,3646,-0.295652074466607,0.230426676212659,-1.28306357287276,0.199469804524049,-0.747288359843418,0.155984210910204,-25.5953744318431,-52.6350820921334,16.8807748533683,0.72004622750361,0.732669898199949
buyer_N_total_value_high,`Mouth_recoded_Bored Bubblegum`,grf_blp_single,3646,-0.392471762881551,0.228106207139222,-1.72056590569677,0.0853296247166885,-0.839559928874426,0.0546164031113242,-32.4614582978648,-56.809945142573,5.61354067061721,0.72004622750361,0.732669898199949
buyer_N_total_value_high,`Mouth_recoded_Bored Cigar`,grf_blp_single,3646,-0.293889398790413,0.299595342088746,-0.980954499297113,0.326615180050894,-0.881096269284355,0.293317471703529,-25.4641075516768,-58.5671552930858,34.0868410645455,0.72004622750361,0.732669898199949
buyer_N_total_value_high,`Mouth_recoded_Bored Cigarette`,grf_blp_single,3646,0.0661485358957666,0.123548567892962,0.535405120624915,0.592369750021046,-0.176006657174438,0.308303728965971,6.8385398962989,-16.1387599470545,36.1114336011078,0.72004622750361,0.732669898199949
buyer_N_total_value_high,`Mouth_recoded_Bored Pipe`,grf_blp_single,3646,0.185088020268498,0.36467011219934,0.507549190560817,0.61176953085528,-0.529665399642209,0.899841440179204,20.3324352399001,-41.1198049935177,145.921314784549,0.72004622750361,0.732669898199949
buyer_N_total_value_high,`Mouth_recoded_Bored Unshaven`,grf_blp_single,3646,0.128884922434349,0.0847349255559034,1.52103659251247,0.128250654778668,-0.0371955316552218,0.29496537652392,13.7559209088616,-3.65122754200541,34.3079855787974,0.72004622750361,0.732669898199949
buyer_N_total_value_high,`Mouth_recoded_Bored Unshaven Cigar`,grf_blp_single,3646,0.433365982978838,0.251664252681865,1.72200055574308,0.0850694178218932,-0.059895952277618,0.926627918235295,54.2440624427663,-5.81374728630971,152.597699912419,0.72004622750361,0.732669898199949
buyer_N_total_value_high,`Mouth_recoded_Bored Unshaven Cigarette`,grf_blp_single,3646,0.0383385578736345,0.135733574623284,0.282454492044726,0.777595036538697,-0.227699248388002,0.304376364135271,3.90829630531291,-20.363626850111,35.5779226754974,0.72004622750361,0.732669898199949
buyer_N_total_value_high,Mouth_recoded_Discomfort,grf_blp_single,3646,-0.155037322730859,0.13581889496419,-1.14150039853981,0.253661746240568,-0.421242356860671,0.111167711398953,-14.3616785673079,-34.3768959959596,11.7582322432894,0.72004622750361,0.732669898199949
buyer_N_total_value_high,Mouth_recoded_Dumbfounded,grf_blp_single,3646,-0.055135152044112,0.0970767206727362,-0.567954414426328,0.570065921896263,-0.245405524562675,0.135135220474451,-5.36427628050888,-21.7612803324457,14.4691559622478,0.72004622750361,0.732669898199949
buyer_N_total_value_high,Mouth_recoded_Grin,grf_blp_single,3646,0.0218473980587274,0.121217097235816,0.180233634998085,0.856969153871961,-0.215738112523472,0.259432908640927,2.20877999865445,-19.4053658508453,29.6194817322452,0.72004622750361,0.732669898199949
buyer_N_total_value_high,Mouth_recoded_Jovial,grf_blp_single,3646,0.304930781624638,0.161706261314886,1.88570794442434,0.0593343217476941,-0.0120134905525378,0.621875053801813,35.6531102877385,-1.19416166815113,86.2416901816394,0.72004622750361,0.732669898199949
buyer_N_total_value_high,Mouth_recoded_Other_Mouth,grf_blp_single,3646,0.0936922180647101,0.117181533575601,0.799547635244619,0.423972937084938,-0.135983587743469,0.323368023872889,9.82216811003342,-12.7143042076529,38.1773783081408,0.72004622750361,0.732669898199949
buyer_N_total_value_high,`Mouth_recoded_Phoneme  ooo`,grf_blp_single,3646,-0.110775636885157,0.139731425061572,-0.792775403502426,0.427908689401717,-0.384649230005839,0.163097956235525,-10.4860437298906,-31.9310640263646,17.7151993418931,0.72004622750361,0.732669898199949
buyer_N_total_value_high,`Mouth_recoded_Phoneme L`,grf_blp_single,3646,-0.18492913196185,0.137435590727259,-1.34556944808309,0.178441410200608,-0.454302889787277,0.0844446258635768,-16.8836815330712,-36.5109597699038,8.81125892687742,0.72004622750361,0.732669898199949
buyer_N_total_value_high,`Mouth_recoded_Phoneme Oh`,grf_blp_single,3646,0.000249388298356925,0.162449837870718,0.00153517111266922,0.998775111152137,-0.318152293928251,0.318651070524965,0.0249419398203887,-27.2508012634881,37.5271368458806,0.72004622750361,0.732669898199949
buyer_N_total_value_high,`Mouth_recoded_Phoneme Vuh`,grf_blp_single,3646,-0.124012225119824,0.164665809603396,-0.753114598704567,0.451381052502699,-0.446757211942481,0.198732761702832,-11.6630958475642,-36.0300799251195,21.9855930115635,0.72004622750361,0.732669898199949
buyer_N_total_value_high,`Mouth_recoded_Phoneme Wah`,grf_blp_single,3646,0.179361182781011,0.282299085805555,0.635358709254033,0.525194491432219,-0.373945025397877,0.732667390959898,19.645280428805,-31.1985265874399,108.062304756894,0.72004622750361,0.732669898199949
buyer_N_total_value_high,Mouth_recoded_Rage,grf_blp_single,3646,0.0545739062322698,0.140619120870699,0.388097336225357,0.697944003150112,-0.2210395706743,0.33018738313884,5.6090525201197,-19.831504355177,39.1228796859386,0.72004622750361,0.732669898199949
buyer_N_total_value_high,`Mouth_recoded_Small Grin`,grf_blp_single,3646,-0.149032702950899,0.116703428252195,-1.27702077979098,0.201594911128771,-0.377771422325201,0.0797060164234032,-13.8459060492791,-31.4612853037345,8.29686458760055,0.72004622750361,0.732669898199949
buyer_N_total_value_high,`Mouth_recoded_Tongue Out`,grf_blp_single,3646,-0.201823610585834,0.19159610920889,-1.05338052750223,0.292166625085271,-0.577351984635258,0.17370476346359,-18.2760932450129,-43.8617049223829,18.9704269797236,0.72004622750361,0.732669898199949
buyer_N_total_value_high,`log_price_change_n-1`,grf_blp_single,3646,-0.00532104233157773,0.0254461931645994,-0.209109562957351,0.834362709571069,-0.0551955809341926,0.0445534962710371,-0.530691066201161,-5.36999483947039,4.55609088241267,0.72004622750361,0.732669898199949
buyer_N_1_total_value_high,log_price_1_sale,grf_blp_single,3638,0.130277110590334,0.0224875289200011,5.79330486038694,6.90146645576236e-09,0.086201553907132,0.174352667273536,13.9144008459728,9.00260051662369,19.0475333486926,0.839501178523296,0.873570685342548
buyer_N_1_total_value_high,sold_after_30d,grf_blp_single,3638,-0.428118703692311,0.0465178633931954,-9.20331830534882,3.47062947268971e-20,-0.519293715942974,-0.336943691441648,-34.8265953030881,-40.505940332581,-28.605095978791,0.839501178523296,0.873570685342548
buyer_N_1_total_value_high,log_buyern_total_value,grf_blp_single,3638,0.00706122924088483,0.0163163128101177,0.432771136656942,0.665181044112845,-0.0249187438669458,0.0390412023487154,0.708621850375857,-2.46108348398285,3.9813325518796,0.839501178523296,0.873570685342548
buyer_N_1_total_value_high,log_buyern_rolling_avg_value_last10,grf_blp_single,3638,-0.014062865524296,0.0288306188768939,-0.48777536078376,0.625708965598243,-0.0705708785230081,0.0424451474744161,-1.39644453277408,-6.81383117950899,4.33588239374374,0.839501178523296,0.873570685342548
buyer_N_1_total_value_high,log_sellern_total_value,grf_blp_single,3638,0.0734008253534131,0.0192560203773292,3.81183774814814,0.000137937412987492,0.0356590254138479,0.111142625292978,7.61618034128389,3.63024334485413,11.755428699597,0.839501178523296,0.873570685342548
buyer_N_1_total_value_high,log_sellern_rolling_avg_value_last10,grf_blp_single,3638,0.0611668602278438,0.040106044787336,1.5251282082834,0.127227122651815,-0.0174409875553348,0.139774708011022,6.30762845398087,-1.72897739131831,15.0014680574947,0.839501178523296,0.873570685342548
buyer_N_1_total_value_high,log_buyern_1_rolling_avg_value_last10,grf_blp_single,3638,0.105683564011953,0.0327764379206892,3.22437612859826,0.00126247461415657,0.0414417456874021,0.169925382336504,11.1470111710962,4.23124408881055,18.5216409941515,0.839501178523296,0.873570685342548
buyer_N_1_total_value_high,log_sellern_1_total_value,grf_blp_single,3638,0.0036559753397332,0.0194956814400168,0.187527445551555,0.851247106930757,-0.0345555602826996,0.041867510962166,0.366266656941416,-3.3965334963671,4.27563158174504,0.839501178523296,0.873570685342548
buyer_N_1_total_value_high,log_sellern_1_rolling_avg_value_last10,grf_blp_single,3638,0.172973113821915,0.0410107398051497,4.21775160954776,2.46750414641731e-05,0.0925920638038213,0.253354163840008,18.8834141447903,9.70141322052975,28.8339479301877,0.839501178523296,0.873570685342548
buyer_N_1_total_value_high,log_unique_makers_count,grf_blp_single,3638,0.309318988406574,0.03635901640762,8.50735303009319,1.77949081988458e-17,0.238055316247639,0.380582660565509,36.2496921913389,26.8779374997892,46.3136853266191,0.839501178523296,0.873570685342548
buyer_N_1_total_value_high,log_median_offer_price,grf_blp_single,3638,0.148382669414521,0.0214999066670408,6.9015494677468,5.14383527177764e-12,0.106242852347121,0.190522486481921,15.9956691392131,11.2091917847581,20.9881579311854,0.839501178523296,0.873570685342548
buyer_N_1_total_value_high,log_buyern_avg_total_gaspaid,grf_blp_single,3638,0.0261056271347686,0.0190649097081066,1.36930242704838,0.170904759658251,-0.0112615958931203,0.0634728501626575,2.64493636528167,-1.11984214926683,6.55305564274642,0.839501178523296,0.873570685342548
buyer_N_1_total_value_high,log_buyern_1_avg_total_gaspaid,grf_blp_single,3638,-0.0633068142669558,0.0170974652317978,-3.70270174020989,0.00021331561209174,-0.0968178461212795,-0.0297957824126321,-6.13445633752597,-9.22786639627696,-2.93562641684514,0.839501178523296,0.873570685342548
buyer_N_1_total_value_high,log_sellern_avg_total_gaspaid,grf_blp_single,3638,0.0896788888386126,0.0128420074497445,6.9832453523765,2.88438027383296e-12,0.0645085542371134,0.114849223440112,9.38229885356281,6.66347024517817,12.1704298105845,0.839501178523296,0.873570685342548
buyer_N_1_total_value_high,log_sellern_1_avg_total_gaspaid,grf_blp_single,3638,-0.0201807467800747,0.0139042536460662,-1.4514081297549,0.146666247294651,-0.0474330839263645,0.0070715903662151,-1.99784784369925,-4.63257128636665,0.709665310434371,0.839501178523296,0.873570685342548
buyer_N_1_total_value_high,log_buyern_avg_gasLimit_cost,grf_blp_single,3638,-11.6112381568175,3.8295067321914,-3.03204537002422,0.00242902691579968,-19.1170713519126,-4.10540496172236,-99.9990936345537,-99.9999995016191,-98.3516657636119,0.839501178523296,0.873570685342548
buyer_N_1_total_value_high,log_buyern_1_avg_gasLimit_cost,grf_blp_single,3638,-24.4279725671643,4.11155036594437,-5.94130446984164,2.82762869325416e-09,-32.4866112844153,-16.3693338499134,-99.9999999975393,-99.9999999999992,-99.9999922216293,0.839501178523296,0.873570685342548
buyer_N_1_total_value_high,log_sellern_avg_gasLimit_cost,grf_blp_single,3638,13.4797400678011,3.28108716006123,4.10831514379813,3.98556022993735e-05,7.04880923408113,19.9106709015211,71478613.7671234,115048.677489163,44370518374.1111,0.839501178523296,0.873570685342548
buyer_N_1_total_value_high,log_sellern_1_avg_gasLimit_cost,grf_blp_single,3638,-8.25201618137279,3.47109803713055,-2.37735036380432,0.0174375163711784,-15.0553683341487,-1.44866402859691,-99.9739267656685,-99.9999710574622,-76.5116123283219,0.839501178523296,0.873570685342548
buyer_N_1_total_value_high,`time_n_sale_str_2021-06`,grf_blp_single,3638,0.0706948040331408,0.1027494606355,0.688030901533666,0.491433321937166,-0.130694138812439,0.27208374687872,7.32536232021757,-12.2513877702218,31.2696930978586,0.839501178523296,0.873570685342548
buyer_N_1_total_value_high,`time_n_sale_str_2021-07`,grf_blp_single,3638,0.368158819497353,0.12033332597477,3.05949176186275,0.00221712885263269,0.132305500586804,0.604012138407902,44.5071526283311,14.1456981783969,82.9444078401542,0.839501178523296,0.873570685342548
buyer_N_1_total_value_high,`time_n_sale_str_2021-08`,grf_blp_single,3638,-0.232646465946951,0.135214328138209,-1.72057554218035,0.0853278747738781,-0.49766654909784,0.0323736172039386,-20.7566323702184,-39.2052378209499,3.29033436819077,0.839501178523296,0.873570685342548
buyer_N_1_total_value_high,`time_n_sale_str_2021-09`,grf_blp_single,3638,-0.139598019532426,0.200273380005573,-0.697037317333644,0.48577944025771,-0.53213384434335,0.252937805278497,-13.0292229322769,-41.2649682614245,28.7803179783732,0.839501178523296,0.873570685342548
buyer_N_1_total_value_high,`time_n_sale_str_2021-10`,grf_blp_single,3638,0.0681400404326203,0.166289049223742,0.4097686573512,0.681975660074301,-0.257786496045914,0.394066576911154,7.05152133957652,-22.7239798145889,48.2999278899373,0.839501178523296,0.873570685342548
buyer_N_1_total_value_high,`time_n_sale_str_2021-11`,grf_blp_single,3638,-0.583008169201298,0.175005480718057,-3.33137091940883,0.000864193683357618,-0.92601891140869,-0.239997426993906,-44.178337171193,-60.3872405546113,-21.3370114932563,0.839501178523296,0.873570685342548
buyer_N_1_total_value_high,`time_n_sale_str_2021-12`,grf_blp_single,3638,-0.493410374522894,0.188989225113007,-2.61078574309121,0.00903344699861462,-0.863829255744387,-0.1229914933014,-38.9459332685942,-57.8455215017988,-11.5728815242725,0.839501178523296,0.873570685342548
buyer_N_1_total_value_high,`time_n_sale_str_2022-01`,grf_blp_single,3638,-0.573522103056093,0.148809295287641,-3.85407445111211,0.000116168244484389,-0.865188321819869,-0.281855884292317,-43.6462896560082,-57.9027733101477,-24.561760494782,0.839501178523296,0.873570685342548
buyer_N_1_total_value_high,`time_n_sale_str_2022-02`,grf_blp_single,3638,-0.39378209244845,0.282355679895272,-1.39463138334779,0.163127026229169,-0.947199225043182,0.159635040146283,-32.5498980906706,-61.2174283691,17.3082664779789,0.839501178523296,0.873570685342548
buyer_N_1_total_value_high,`time_n_sale_str_2022-03`,grf_blp_single,3638,-0.562857626470591,0.169408048051075,-3.32249638046058,0.000892158288132191,-0.894897400650699,-0.230817852290483,-43.0420908257363,-59.1350476334708,-20.6115942971006,0.839501178523296,0.873570685342548
buyer_N_1_total_value_high,`time_n_sale_str_2022-04`,grf_blp_single,3638,-0.246325104957153,0.254765219510937,-0.966871009433759,0.333608520800849,-0.74566493519859,0.253014725284284,-21.8331940548488,-52.5581262680122,28.7902241421635,0.839501178523296,0.873570685342548
buyer_N_1_total_value_high,`time_n_sale_str_2022-05`,grf_blp_single,3638,-0.369883681898467,0.214451097627534,-1.72479267297057,0.0845648426698893,-0.790207833248434,0.0504404694515002,-30.9185319783677,-54.6249518954576,5.17342511745047,0.839501178523296,0.873570685342548
buyer_N_1_total_value_high,`time_n_sale_str_2022-06`,grf_blp_single,3638,0.34914337694356,0.211830671643781,1.64821918485292,0.0993077013687012,-0.0660447394782509,0.764331493365371,41.7852463121904,-6.39110167779485,114.755823774499,0.839501178523296,0.873570685342548
buyer_N_1_total_value_high,`time_n_sale_str_2022-07`,grf_blp_single,3638,-0.304217920551812,0.301521926003046,-1.008941288564,0.313002792208378,-0.895200895517781,0.286765054414158,-26.2299911077586,-59.1474480549303,33.2111203059898,0.839501178523296,0.873570685342548
buyer_N_1_total_value_high,`time_n_sale_str_2022-08`,grf_blp_single,3638,-0.210053631127536,0.220628475179033,-0.952069450496289,0.341061761046144,-0.64248544247844,0.222378180223368,-18.9459225411167,-47.4016503640179,24.9043652163627,0.839501178523296,0.873570685342548
buyer_N_1_total_value_high,`time_n_sale_str_2022-09`,grf_blp_single,3638,-0.398384989551063,0.244859428907844,-1.62699468559571,0.103738226493708,-0.878309470210437,0.081539491108311,-32.8596505431023,-58.4515292413716,8.49560628553814,0.839501178523296,0.873570685342548
buyer_N_1_total_value_high,`time_n_sale_str_2022-10`,grf_blp_single,3638,0.228196062534846,0.549396751104397,0.415357502708428,0.677880212002011,-0.848621569629771,1.30501369469946,25.6331620849094,-57.1995500082541,268.773959584467,0.839501178523296,0.873570685342548
buyer_N_1_total_value_high,`time_n_sale_str_2022-11`,grf_blp_single,3638,-0.156074129011413,0.221899902563893,-0.703353751885825,0.481835320493428,-0.590997938036642,0.278849680013817,-14.4504229035331,-44.6225623617655,32.1608664740968,0.839501178523296,0.873570685342548
buyer_N_1_total_value_high,`time_n_sale_str_2022-12`,grf_blp_single,3638,-0.800376784820412,0.306727267160256,-2.60940865228731,0.00906988578822172,-1.40156222845451,-0.199191341186311,-55.0840304324937,-75.3787976091834,-18.0606905314408,0.839501178523296,0.873570685342548
buyer_N_1_total_value_high,`time_n_sale_str_2023-01`,grf_blp_single,3638,-0.175977672718193,0.214333491532257,-0.821046078520623,0.411620022148702,-0.596071316121416,0.244115970685031,-16.1363292393853,-44.9028015594748,27.6492357599033,0.839501178523296,0.873570685342548
buyer_N_1_total_value_high,`time_n_sale_str_2023-02`,grf_blp_single,3638,-0.533048182783353,0.362136900897354,-1.47195213043048,0.141033804753487,-1.24283650854217,0.176740142975461,-41.3186474145217,-71.143545980606,19.3320959999763,0.839501178523296,0.873570685342548
buyer_N_1_total_value_high,`time_n_sale_str_2023-03`,grf_blp_single,3638,0.125214390540693,0.270952463631341,0.462126783652574,0.643990404133565,-0.405852438176737,0.656281219258122,13.3391415419849,-33.359150337731,92.7610627801938,0.839501178523296,0.873570685342548
buyer_N_1_total_value_high,`time_n_sale_str_2023-04`,grf_blp_single,3638,0.171110680429804,0.23124099099406,0.739966905063988,0.459320075873343,-0.282121661918553,0.624343022778161,18.6622077595389,-24.5818076268475,86.7018965490408,0.839501178523296,0.873570685342548
buyer_N_1_total_value_high,`time_n_sale_str_2023-05`,grf_blp_single,3638,-0.343121949525882,0.282528720674598,-1.21446750159278,0.224569252533958,-0.896878242048094,0.21063434299633,-29.0448323206695,-59.2159145041568,23.4460883256791,0.839501178523296,0.873570685342548
buyer_N_1_total_value_high,`time_n_sale_str_2023-06`,grf_blp_single,3638,-0.302311982805349,0.16168309045255,-1.86978107580192,0.0615142253465974,-0.619210840092348,0.0145868744816494,-26.08925598967,-46.1630870669827,1.46937821188278,0.839501178523296,0.873570685342548
buyer_N_1_total_value_high,`time_n_sale_str_2023-07`,grf_blp_single,3638,-0.325657688470534,0.171545389769407,-1.89837621931015,0.0576465399754058,-0.661886652418573,0.0105712754775044,-27.7947688036223,-48.4122865051631,1.06273488248625,0.839501178523296,0.873570685342548
buyer_N_1_total_value_high,`time_n_sale_str_2023-08`,grf_blp_single,3638,-0.49338909505839,0.332532694403913,-1.48373108377455,0.137880276494452,-1.14515317609006,0.158374985973279,-38.9446340569252,-68.1824822772032,17.160544795482,0.839501178523296,0.873570685342548
buyer_N_1_total_value_high,`time_n_sale_str_2023-09`,grf_blp_single,3638,0.0384278042184937,0.346962581062931,0.110754894953712,0.911810713829048,-0.641618854664852,0.718474463101839,3.91757015478114,-47.3560495194941,105.130148636408,0.839501178523296,0.873570685342548
buyer_N_1_total_value_high,`time_n_sale_str_2023-10`,grf_blp_single,3638,-0.083768190610089,0.152658563274321,-0.548729064478099,0.583191397139764,-0.382978974627759,0.215442593407581,-8.03555864013339,-31.8172765193299,24.0410773123494,0.839501178523296,0.873570685342548
buyer_N_1_total_value_high,`time_n_sale_str_2023-11`,grf_blp_single,3638,0.210260255741985,0.139420708709201,1.50809917471112,0.131529146421048,-0.0630043333280483,0.483524844812019,23.3999173539623,-6.10605950521415,62.1780864954788,0.839501178523296,0.873570685342548
buyer_N_1_total_value_high,`time_n_sale_str_2023-12`,grf_blp_single,3638,0.432230854031186,0.129090202270025,3.34828551222707,0.000813131945506101,0.179214057581937,0.685247650480434,54.0690748779987,19.6276788879505,98.4263178423442,0.839501178523296,0.873570685342548
buyer_N_1_total_value_high,`time_n_sale_str_2024-01`,grf_blp_single,3638,0.225171455745399,0.0687903847690668,3.27329839048455,0.00106300193837757,0.090342301598028,0.36000060989277,25.2537452525012,9.4548885420769,43.3330288737854,0.839501178523296,0.873570685342548
buyer_N_1_total_value_high,`time_n_sale_str_2024-02`,grf_blp_single,3638,0.191561205766197,0.112126851833461,1.70843292782996,0.0875560418070239,-0.0282074238273872,0.411329835359781,21.1138959559478,-2.78133087986163,50.8822937650114,0.839501178523296,0.873570685342548
buyer_N_1_total_value_high,`time_n_sale_str_2024-03`,grf_blp_single,3638,0.349126853456126,0.0975543484556253,3.57879334938035,0.000345184269165597,0.1579203304831,0.540333376429151,41.78290354481,17.107289217946,71.6579033793937,0.839501178523296,0.873570685342548
buyer_N_1_total_value_high,`time_n_sale_str_2024-04`,grf_blp_single,3638,0.271141068868017,0.11111374771716,2.44021171491944,0.0146786565012678,0.053358123342383,0.488924014393651,31.1460063522506,5.48073286127748,63.0560815761879,0.839501178523296,0.873570685342548
buyer_N_1_total_value_high,`time_n_sale_str_2024-05`,grf_blp_single,3638,0.375442519826795,0.120900693973638,3.10537936125214,0.0019003512262834,0.138477159638465,0.612407880015125,45.5635419648975,14.8523448579798,84.4868276356684,0.839501178523296,0.873570685342548
buyer_N_1_total_value_high,`time_n_sale_str_2024-06`,grf_blp_single,3638,0.428846890216705,0.154830253695376,2.76978742836945,0.00560928878586378,0.125379592973769,0.732314187459642,53.5485918482304,13.3578669906326,107.988829399223,0.839501178523296,0.873570685342548
buyer_N_1_total_value_high,`time_n_sale_str_2024-07`,grf_blp_single,3638,0.456159507089707,0.218344343796175,2.08917482889107,0.0366919883946879,0.0282045932492048,0.88411442093021,57.8002027204289,2.86061087609346,142.083959705472,0.839501178523296,0.873570685342548
buyer_N_1_total_value_high,`time_n_sale_str_2024-08`,grf_blp_single,3638,0.463489508046928,0.396484134016454,1.16899887859748,0.242404083183189,-0.313619394625321,1.24059841071918,58.9611279510121,-26.9202879453781,245.768195974438,0.839501178523296,0.873570685342548
buyer_N_1_total_value_high,`time_n_sale_str_2024-09`,grf_blp_single,3638,0.054696985951528,0.271622477587126,0.201371353495527,0.840408212993668,-0.477683070119239,0.587077042022295,5.62205165260337,-37.9781268314832,79.8723131917302,0.839501178523296,0.873570685342548
buyer_N_1_total_value_high,`time_n_sale_str_2024-10`,grf_blp_single,3638,0.177228491434094,0.180036150746233,0.984405024765854,0.324916408449947,-0.175642364028522,0.53009934689671,19.3903858768506,-16.1082043068279,69.9101100655476,0.839501178523296,0.873570685342548
buyer_N_1_total_value_high,`time_n_sale_str_2024-11`,grf_blp_single,3638,0.350107123080906,0.169135224969267,2.06998348891854,0.0384538906661483,0.0186020821411417,0.68161216402067,41.9219571623518,1.87761787152103,97.7062513396566,0.839501178523296,0.873570685342548
buyer_N_1_total_value_high,`time_n_sale_str_2024-12`,grf_blp_single,3638,0.2138133755824,0.132545096564472,1.61313682002863,0.1067147860061,-0.0459750136839645,0.473601764848764,23.8391519130325,-4.49341745308645,60.5767386662163,0.839501178523296,0.873570685342548
buyer_N_1_total_value_high,`time_n_sale_str_2025-01`,grf_blp_single,3638,0.582797493150707,0.181176436949181,3.21674000749985,0.00129656036135242,0.227691676730311,0.937903309571102,79.1041856288279,25.5698104795433,155.461955284161,0.839501178523296,0.873570685342548
buyer_N_1_total_value_high,`time_n_sale_str_2025-02`,grf_blp_single,3638,-0.204472747979002,0.235449391120459,-0.868436087288037,0.385155646427791,-0.665953554575103,0.257008058617098,-18.4923045890888,-48.6216626437064,29.3055546956906,0.839501178523296,0.873570685342548
buyer_N_1_total_value_high,`time_n_sale_str_2025-03`,grf_blp_single,3638,0.747070143676719,0.313569776882602,2.38246858834362,0.0171969990594528,0.132473380986818,1.36166690636662,111.080658808588,14.1648626124884,290.269330716066,0.839501178523296,0.873570685342548
buyer_N_1_total_value_high,`time_n-1_sale_str_2021-06`,grf_blp_single,3638,-0.332582678816907,0.0938960460087915,-3.54203071326099,0.000397059239898436,-0.516618928994138,-0.148546428639675,-28.2930620034924,-40.3465933836835,-13.8040013388177,0.839501178523296,0.873570685342548
buyer_N_1_total_value_high,`time_n-1_sale_str_2021-07`,grf_blp_single,3638,-0.303760543880958,0.145251289554586,-2.09127605553411,0.0365033249642148,-0.588453071407946,-0.0190680163539695,-26.1962427094059,-44.481454694796,-1.88873717304774,0.839501178523296,0.873570685342548
buyer_N_1_total_value_high,`time_n-1_sale_str_2021-08`,grf_blp_single,3638,0.126810318046874,0.0949015125362523,1.3362307370858,0.181473867412462,-0.0591966465241809,0.312817282617928,13.5201670088372,-5.74785926264043,36.7271683899931,0.839501178523296,0.873570685342548
buyer_N_1_total_value_high,`time_n-1_sale_str_2021-09`,grf_blp_single,3638,0.17977983675537,0.130621571822049,1.37634109165591,0.168716056621432,-0.0762384440158456,0.435798117526586,19.6953808876162,-7.34047608736326,54.6196613241785,0.839501178523296,0.873570685342548
buyer_N_1_total_value_high,`time_n-1_sale_str_2021-10`,grf_blp_single,3638,0.352796385574035,0.118985887331452,2.96502714301967,0.00302656224689027,0.119584046404389,0.586008724743681,42.3041362182696,12.7027962734683,79.6802550993588,0.839501178523296,0.873570685342548
buyer_N_1_total_value_high,`time_n-1_sale_str_2021-11`,grf_blp_single,3638,0.36431283634597,0.173558646352534,2.09907627192467,0.0358101777430514,0.0241378894950026,0.704487783196937,43.9524479302762,2.44315665034176,102.281030209252,0.839501178523296,0.873570685342548
buyer_N_1_total_value_high,`time_n-1_sale_str_2021-12`,grf_blp_single,3638,0.469953806107129,0.255100048050312,1.84223331080848,0.0654410298905555,-0.0300422880714826,0.969949900285741,59.9920284964073,-2.95955038538821,163.781230240105,0.839501178523296,0.873570685342548
buyer_N_1_total_value_high,`time_n-1_sale_str_2022-01`,grf_blp_single,3638,-0.299788705033414,0.206989489787311,-1.44832815106437,0.147525298240008,-0.705488105016544,0.105910694949716,-25.9025231618809,-50.6132543767425,11.1722589631418,0.839501178523296,0.873570685342548
buyer_N_1_total_value_high,`time_n-1_sale_str_2022-02`,grf_blp_single,3638,0.411273917615948,0.295787292144019,1.39043809027367,0.164395886661918,-0.168469174986328,0.991017010218225,50.8738570034443,-15.5042691161894,169.397287756429,0.839501178523296,0.873570685342548
buyer_N_1_total_value_high,`time_n-1_sale_str_2022-03`,grf_blp_single,3638,0.473035639498846,0.246050604479024,1.92251362479044,0.054541160874753,-0.00922354528004038,0.955294824277733,60.4858578312496,-0.918113886558669,159.943684704828,0.839501178523296,0.873570685342548
buyer_N_1_total_value_high,`time_n-1_sale_str_2022-04`,grf_blp_single,3638,0.339787421641871,0.327342914096539,1.03801673110804,0.299262265812029,-0.301804689987347,0.981379533271088,40.4648960853765,-26.0517520881346,166.813448451018,0.839501178523296,0.873570685342548
buyer_N_1_total_value_high,`time_n-1_sale_str_2022-05`,grf_blp_single,3638,-0.244961221487632,0.31835737181104,-0.769453586370941,0.441624087697919,-0.868941670237271,0.379019227262007,-21.7265109052003,-58.0604827150027,46.0851123640712,0.839501178523296,0.873570685342548
buyer_N_1_total_value_high,`time_n-1_sale_str_2022-06`,grf_blp_single,3638,0.747928634151466,0.197543533748272,3.78614586850788,0.000153001881784006,0.360743308004854,1.13511396029808,111.261947349687,43.4395215848017,211.152811337255,0.839501178523296,0.873570685342548
buyer_N_1_total_value_high,`time_n-1_sale_str_2022-07`,grf_blp_single,3638,0.196357976143915,0.521387536663775,0.376606578286008,0.706465998379667,-0.825561595717085,1.21827754800491,21.6962470901246,-56.2011049335419,238.135848709169,0.839501178523296,0.873570685342548
buyer_N_1_total_value_high,`time_n-1_sale_str_2022-08`,grf_blp_single,3638,0.0956660954108279,0.304674237560037,0.31399469865573,0.753525065162223,-0.501495410206844,0.6928276010285,10.0391576847175,-39.4375674586984,99.9360943057307,0.839501178523296,0.873570685342548
buyer_N_1_total_value_high,`time_n-1_sale_str_2022-09`,grf_blp_single,3638,0.86737084614042,0.262342960685176,3.30624783632485,0.000945544144084573,0.353178643197475,1.38156304908337,138.064354011708,42.3585434573145,298.111945195657,0.839501178523296,0.873570685342548
buyer_N_1_total_value_high,`time_n-1_sale_str_2022-10`,grf_blp_single,3638,-0.727876085510136,0.547454488305959,-1.32956455935264,0.183661781584623,-1.80088688258982,0.345134711569543,-51.706638870421,-83.48476474949,41.2180143858329,0.839501178523296,0.873570685342548
buyer_N_1_total_value_high,`time_n-1_sale_str_2022-11`,grf_blp_single,3638,0.429610637527531,0.198886266009396,2.16008197120677,0.0307663244341846,0.0397935561491148,0.819427718905947,53.6659089669499,4.05959273857852,126.920084513118,0.839501178523296,0.873570685342548
buyer_N_1_total_value_high,`time_n-1_sale_str_2022-12`,grf_blp_single,3638,0.201845724022162,0.2930115129263,0.688866188247462,0.490907478790344,-0.372456841313385,0.776148289357709,22.3659212326883,-31.0960611048784,117.308602660807,0.839501178523296,0.873570685342548
buyer_N_1_total_value_high,`time_n-1_sale_str_2023-01`,grf_blp_single,3638,0.827374978051458,0.48705976595373,1.69871345548599,0.089373186930892,-0.127262163217853,1.78201211932077,128.730662265865,-11.9497193112951,494.18000091955,0.839501178523296,0.873570685342548
buyer_N_1_total_value_high,`time_n-1_sale_str_2023-02`,grf_blp_single,3638,-0.300889115817314,0.408558591184347,-0.736465031723073,0.461447740741735,-1.10166395453863,0.499885722904006,-25.9840159784429,-66.7682338090381,64.8532870386334,0.839501178523296,0.873570685342548
buyer_N_1_total_value_high,`time_n-1_sale_str_2023-03`,grf_blp_single,3638,0.972833684101472,0.305415616903114,3.1852781267897,0.00144614948931531,0.374219074971368,1.57144829323158,164.543016167799,45.3855618949436,381.361467335569,0.839501178523296,0.873570685342548
buyer_N_1_total_value_high,`time_n-1_sale_str_2023-04`,grf_blp_single,3638,0.4029522738691,0.35812928581787,1.12515867823785,0.260521799849601,-0.298981126333925,1.10488567407212,49.6235480429109,-25.8426594488243,201.887931289822,0.839501178523296,0.873570685342548
buyer_N_1_total_value_high,`time_n-1_sale_str_2023-05`,grf_blp_single,3638,0.00262553876426515,0.344156108144,0.00762891810470667,0.993913063072368,-0.671920433197975,0.677171510726505,0.262898850965243,-48.9273181350775,96.8302528656361,0.839501178523296,0.873570685342548
buyer_N_1_total_value_high,`time_n-1_sale_str_2023-06`,grf_blp_single,3638,-0.0728150864421597,0.091946874384249,-0.791925630205363,0.428404041376449,-0.253030960235288,0.107400787350968,-7.02272582834446,-22.3556157432444,11.3380393848516,0.839501178523296,0.873570685342548
buyer_N_1_total_value_high,`time_n-1_sale_str_2023-07`,grf_blp_single,3638,-0.201496797210892,0.142848234554807,-1.41056554068635,0.158372758316557,-0.481479336938313,0.0784857425165294,-18.2493804144154,-38.2131320571452,8.16479334748073,0.839501178523296,0.873570685342548
buyer_N_1_total_value_high,`time_n-1_sale_str_2023-08`,grf_blp_single,3638,-0.0851606498712044,0.205711220459684,-0.413981549868324,0.678887618938419,-0.488354641972184,0.318033342229775,-8.16352626267085,-38.636478635285,37.4422086760619,0.839501178523296,0.873570685342548
buyer_N_1_total_value_high,`time_n-1_sale_str_2023-09`,grf_blp_single,3638,-0.0691258973571627,0.1742275532466,-0.396756403158129,0.691547102801042,-0.4106119017205,0.272360107006174,-6.67908158878183,-33.6755714375691,31.3059758202919,0.839501178523296,0.873570685342548
buyer_N_1_total_value_high,`time_n-1_sale_str_2023-10`,grf_blp_single,3638,0.169492581347558,0.103503398767958,1.63755570701152,0.101514409197031,-0.0333740802376389,0.372359242932755,18.4703558096576,-3.28233097769547,45.1154204556991,0.839501178523296,0.873570685342548
buyer_N_1_total_value_high,`time_n-1_sale_str_2023-11`,grf_blp_single,3638,0.0484028803418168,0.102654989512923,0.471510255580158,0.637276397751936,-0.152800899103512,0.249606659787146,4.95934307149402,-14.169940678193,28.3520457173983,0.839501178523296,0.873570685342548
buyer_N_1_total_value_high,`time_n-1_sale_str_2023-12`,grf_blp_single,3638,0.443654050296976,0.107645306893356,4.12144349903245,3.76505817323371e-05,0.232669248785998,0.654638851807953,55.8391267359955,26.1964014162801,92.4447381167928,0.839501178523296,0.873570685342548
buyer_N_1_total_value_high,`time_n-1_sale_str_2024-01`,grf_blp_single,3638,0.317044943923251,0.0655685398503723,4.83532109525009,1.32930883338733e-06,0.188530605816522,0.445559282029981,37.3064281434399,20.7474038149957,56.1363194060512,0.839501178523296,0.873570685342548
buyer_N_1_total_value_high,`time_n-1_sale_str_2024-02`,grf_blp_single,3638,0.371190647158877,0.102029895992465,3.63805768444858,0.000274701907541686,0.171212051013645,0.571169243304108,44.9459382360201,18.6742372265261,77.0335795040117,0.839501178523296,0.873570685342548
buyer_N_1_total_value_high,`time_n-1_sale_str_2024-03`,grf_blp_single,3638,0.32669266039689,0.0528392975533627,6.1827593386714,6.29907078159877e-10,0.223127637192299,0.430257683601481,38.6375323654995,24.9980107505898,53.7653700645331,0.839501178523296,0.873570685342548
buyer_N_1_total_value_high,`time_n-1_sale_str_2024-04`,grf_blp_single,3638,0.338800846417738,0.0476402981313241,7.11164412707509,1.14668626993134e-12,0.245425862080342,0.432175830755133,40.3263852359592,27.8165519545415,54.060597725983,0.839501178523296,0.873570685342548
buyer_N_1_total_value_high,`time_n-1_sale_str_2024-05`,grf_blp_single,3638,0.345702236235327,0.0878563543502679,3.93485751590685,8.32460670879853e-05,0.173503781708802,0.517900690761852,41.2981818386016,18.9465184972063,67.8500257354185,0.839501178523296,0.873570685342548
buyer_N_1_total_value_high,`time_n-1_sale_str_2024-06`,grf_blp_single,3638,0.319667984468579,0.0567850616370564,5.62943801156275,1.80797733925472e-08,0.208369263659948,0.43096670527721,37.6670612424413,23.1667895781801,53.8744317038496,0.839501178523296,0.873570685342548
buyer_N_1_total_value_high,`time_n-1_sale_str_2024-07`,grf_blp_single,3638,0.295044965014005,0.14416026141498,2.04664560204069,0.0406928939382189,0.0124908526406448,0.577599077387365,34.3186753739627,1.25691891640261,78.1755434323554,0.839501178523296,0.873570685342548
buyer_N_1_total_value_high,`time_n-1_sale_str_2024-08`,grf_blp_single,3638,0.370513079357483,0.078314518051791,4.73109058926283,2.23316830469791e-06,0.217016623975972,0.524009534738993,44.8477608000194,24.2364755007933,68.8785336529098,0.839501178523296,0.873570685342548
buyer_N_1_total_value_high,`time_n-1_sale_str_2024-09`,grf_blp_single,3638,0.413797306835876,0.122051260881183,3.39035667348581,0.000698017432028128,0.174576835508758,0.653017778162996,51.2550512161884,19.0742230155268,92.1330237479572,0.839501178523296,0.873570685342548
buyer_N_1_total_value_high,`time_n-1_sale_str_2024-10`,grf_blp_single,3638,0.328186526816854,0.102079385710479,3.21501275240497,0.00130438727404518,0.128110930824316,0.528262122809393,38.8447930910218,13.6679088451797,69.5982336997676,0.839501178523296,0.873570685342548
buyer_N_1_total_value_high,`time_n-1_sale_str_2024-11`,grf_blp_single,3638,0.312010116654236,0.0595891899691889,5.23601876138212,1.64077281692443e-07,0.195215304314626,0.428804928993846,36.6168514014053,21.5572676359202,53.5421488967262,0.839501178523296,0.873570685342548
buyer_N_1_total_value_high,`time_n-1_sale_str_2024-12`,grf_blp_single,3638,0.0597639995622253,0.072812632799804,0.820791630025858,0.411764966980723,-0.0829487607253904,0.202476759849841,6.15859822233376,-7.96016934465109,22.4431628816339,0.839501178523296,0.873570685342548
buyer_N_1_total_value_high,`time_n-1_sale_str_2025-01`,grf_blp_single,3638,0.258643090824994,0.0444003748657365,5.8252456563061,5.70286507270073e-09,0.171618356088151,0.345667825561838,29.5171463747453,18.722464968249,41.2933197566559,0.839501178523296,0.873570685342548
buyer_N_1_total_value_high,`time_n-1_sale_str_2025-02`,grf_blp_single,3638,0.411380564772692,0.128163209022949,3.20981791817517,0.00132819078233185,0.160180675087711,0.662580454457673,50.8899481293418,17.3722914326254,93.979142509497,0.839501178523296,0.873570685342548
buyer_N_1_total_value_high,`time_n-1_sale_str_2025-03`,grf_blp_single,3638,0.775705506278872,0.242480328034607,3.19904510426167,0.00137883594995041,0.300444063331042,1.2509669492267,117.212403387939,35.0458363485077,249.371957413083,0.839501178523296,0.873570685342548
buyer_N_1_total_value_high,`Background_recoded_Army Green`,grf_blp_single,3638,-0.0291384610623499,0.0846534671718382,-0.344208713899476,0.730689329520056,-0.195059256719153,0.136782334594453,-2.87180295777404,-17.7214098981618,14.657855087173,0.839501178523296,0.873570685342548
buyer_N_1_total_value_high,Background_recoded_Blue,grf_blp_single,3638,0.00516663705387069,0.0910512056180798,0.0567443013939045,0.954748883436792,-0.173293725957566,0.183627000065307,0.518000713930289,-15.9109412825746,20.1567554879992,0.839501178523296,0.873570685342548
buyer_N_1_total_value_high,Background_recoded_Gray,grf_blp_single,3638,-0.0404386421421062,0.0904734982038897,-0.446966713401247,0.654899093821203,-0.21776669862173,0.136889414337518,-3.96319111676202,-19.5686932873809,14.6701332781971,0.839501178523296,0.873570685342548
buyer_N_1_total_value_high,`Background_recoded_New Punk Blue`,grf_blp_single,3638,-0.00737761812797925,0.072038369860249,-0.102412341399333,0.918429388159061,-0.148572823054067,0.133817586798109,-0.735047030647007,-13.8062764017007,14.3184268721195,0.839501178523296,0.873570685342548
buyer_N_1_total_value_high,Background_recoded_Orange,grf_blp_single,3638,0.0364371404361328,0.08334092628195,0.437205849055033,0.661962068250061,-0.126911075076489,0.199785355948755,3.71091097424081,-11.9188004746007,22.1140619458219,0.839501178523296,0.873570685342548
buyer_N_1_total_value_high,Background_recoded_Purple,grf_blp_single,3638,-0.026960743171763,0.0827241659429801,-0.325911332733732,0.744491441162538,-0.189100108420004,0.135178622076478,-2.66005466505596,-17.2296357556778,14.4741242148135,0.839501178523296,0.873570685342548
buyer_N_1_total_value_high,Background_recoded_Yellow,grf_blp_single,3638,0.0121452310570398,0.0719025121341687,0.168912471853237,0.865865489040077,-0.128783692725931,0.153074154840011,1.2219283868252,-12.0835885427384,16.5411396634217,0.839501178523296,0.873570685342548
buyer_N_1_total_value_high,`Clothes_recoded_Bayc T Black`,grf_blp_single,3638,0.0854036483235227,0.248401096239083,0.343813492035973,0.730986552939229,-0.40146250030508,0.572269796952125,8.91566142225047,-33.0659580709371,77.2285217082569,0.839501178523296,0.873570685342548
buyer_N_1_total_value_high,`Clothes_recoded_Bayc T Red`,grf_blp_single,3638,-0.368947545012595,0.251564855859921,-1.4666100467469,0.142482165426296,-0.86201466249804,0.12411957247285,-30.8538319887241,-57.7689588257637,13.2151237029041,0.839501178523296,0.873570685342548
buyer_N_1_total_value_high,`Clothes_recoded_Biker Vest`,grf_blp_single,3638,0.343846575409657,0.15415631895176,2.23050587707181,0.0257138777279705,0.0417001902642072,0.645992960555106,41.0362234659409,4.25818556986883,90.7880539145262,0.839501178523296,0.873570685342548
buyer_N_1_total_value_high,`Clothes_recoded_Black Holes T`,grf_blp_single,3638,0.0488296074700024,0.158384465643034,0.308297958841837,0.757855619064552,-0.261603945190344,0.359263160130349,5.0041416282391,-23.018414738991,43.2273669306713,0.839501178523296,0.873570685342548
buyer_N_1_total_value_high,`Clothes_recoded_Black T`,grf_blp_single,3638,-0.118953372326575,0.141034299084871,-0.8434357677418,0.398984775014162,-0.395380598532922,0.157473853879772,-11.2150801860728,-32.6576313598876,17.0550152236572,0.839501178523296,0.873570685342548
buyer_N_1_total_value_high,`Clothes_recoded_Bone Necklace`,grf_blp_single,3638,0.294895381393166,0.193600635837318,1.52321494254268,0.127704938893228,-0.0845618648479776,0.67435262763431,34.2985850027867,-8.10851949063887,96.2761926761357,0.839501178523296,0.873570685342548
buyer_N_1_total_value_high,`Clothes_recoded_Bone Tee`,grf_blp_single,3638,-0.0965560949670304,0.188022980142899,-0.513533478161271,0.607578198708566,-0.465081136047112,0.271968946113051,-9.20410357569534,-37.1915857142377,31.2546241015645,0.839501178523296,0.873570685342548
buyer_N_1_total_value_high,`Clothes_recoded_Caveman Pelt`,grf_blp_single,3638,-0.0680869380474533,0.164216870993218,-0.414615974812144,0.678423051891703,-0.389952005194161,0.253778129099254,-6.58207456735994,-32.2910629508789,28.8885806286864,0.839501178523296,0.873570685342548
buyer_N_1_total_value_high,`Clothes_recoded_Cowboy Shirt`,grf_blp_single,3638,-0.136617903510547,0.304974023810806,-0.447965704762121,0.654177947729269,-0.734366990179726,0.461131183158632,-12.7696533444635,-52.0190913271164,58.5866876661585,0.839501178523296,0.873570685342548
buyer_N_1_total_value_high,Clothes_recoded_Guayabera,grf_blp_single,3638,-0.132417092981138,0.1512135325463,-0.875696048834739,0.381195293913468,-0.428795616771886,0.16396143080961,-12.4024444382343,-34.8706971049406,17.8168873196817,0.839501178523296,0.873570685342548
buyer_N_1_total_value_high,Clothes_recoded_Hawaiian,grf_blp_single,3638,-0.494524335584217,0.176042998622999,-2.80911106634381,0.00496785047022677,-0.839568612885296,-0.149480058283138,-39.0139072543526,-56.8103202038503,-13.8844389230162,0.839501178523296,0.873570685342548
buyer_N_1_total_value_high,`Clothes_recoded_Hip Hop`,grf_blp_single,3638,-0.18340760220298,0.272644378684681,-0.672699004790758,0.501138800872292,-0.717790584424955,0.350975380018996,-16.7571213229291,-51.2171117104326,42.045235397172,0.839501178523296,0.873570685342548
buyer_N_1_total_value_high,`Clothes_recoded_Lab Coat`,grf_blp_single,3638,0.185463424258055,0.263780367616167,0.703097906542941,0.481994736709814,-0.331546096269633,0.702472944785743,20.3776169963375,-28.2186933050585,101.873876931501,0.839501178523296,0.873570685342548
buyer_N_1_total_value_high,`Clothes_recoded_Leather Jacket`,grf_blp_single,3638,0.220657992416755,0.17628690601527,1.2516981402898,0.210679878001189,-0.124864343373174,0.566180328206684,24.6896909432941,-11.7383372741876,76.1525734659345,0.839501178523296,0.873570685342548
buyer_N_1_total_value_high,`Clothes_recoded_Leather Punk Jacket`,grf_blp_single,3638,0.140938836838889,0.215140703718465,0.655100752218988,0.512402887814599,-0.280736942449303,0.562614616127081,15.1354225367149,-24.4773022489156,75.5255826056286,0.839501178523296,0.873570685342548
buyer_N_1_total_value_high,`Clothes_recoded_Lumberjack Shirt`,grf_blp_single,3638,-0.165056803072362,0.158139490783012,-1.04374183991044,0.296604846490896,-0.475010205007066,0.144896598862342,-15.2154457511636,-37.8121289843994,15.5920040641135,0.839501178523296,0.873570685342548
buyer_N_1_total_value_high,`Clothes_recoded_Navy Striped Tee`,grf_blp_single,3638,0.0709586884345058,0.128501610553581,0.552200771093979,0.580810806136238,-0.180904468250514,0.322821845119525,7.35368754633303,-16.548492242678,38.1019293660936,0.839501178523296,0.873570685342548
buyer_N_1_total_value_high,Clothes_recoded_No_Clothes,grf_blp_single,3638,-0.118243489949203,0.0741349366743694,-1.594976609592,0.110717466462625,-0.263547965830968,0.0270609859325607,-11.152030960001,-23.1679231588738,2.74304596575989,0.839501178523296,0.873570685342548
buyer_N_1_total_value_high,Clothes_recoded_Other_Clothes,grf_blp_single,3638,-0.22072013497874,0.164802395419028,-1.33930174022978,0.180472462458217,-0.543732830000036,0.102292560042555,-19.8058915854101,-41.9422992819163,10.7707495279408,0.839501178523296,0.873570685342548
buyer_N_1_total_value_high,`Clothes_recoded_Prison Jumpsuit`,grf_blp_single,3638,0.0885505901798815,0.153158276931231,0.578163922669627,0.563153453519872,-0.211639632605331,0.388740812965094,9.25895255129669,-19.0743725398786,47.5122169239785,0.839501178523296,0.873570685342548
buyer_N_1_total_value_high,`Clothes_recoded_Prom Dress`,grf_blp_single,3638,-0.248796492689934,0.165769639996332,-1.50085680764849,0.133392601792663,-0.573704987082743,0.0761120017028763,-22.0261360247599,-43.6565949071109,7.90834265706411,0.839501178523296,0.873570685342548
buyer_N_1_total_value_high,`Clothes_recoded_Puffy Vest`,grf_blp_single,3638,0.142821310439936,0.182811170379647,0.781250457197647,0.434655202507551,-0.215488583504172,0.501131204384045,15.3523660613494,-19.3852526415149,65.0587366698608,0.839501178523296,0.873570685342548
buyer_N_1_total_value_high,`Clothes_recoded_Rainbow Suspenders`,grf_blp_single,3638,0.56477410524947,0.245548556587089,2.30005060139362,0.0214453534349947,0.0834989343387758,1.04604927616016,75.9050377591422,8.70840568289333,184.63835997472,0.839501178523296,0.873570685342548
buyer_N_1_total_value_high,`Clothes_recoded_Sailor Shirt`,grf_blp_single,3638,-0.0235256504888861,0.116548458843279,-0.201852952174345,0.840031683621218,-0.251960629821714,0.204909328843941,-2.32510797398074,-22.2724661064767,22.7413768892195,0.839501178523296,0.873570685342548
buyer_N_1_total_value_high,Clothes_recoded_Service,grf_blp_single,3638,0.0731058444397824,0.170944550866587,0.427658232269935,0.668899963126377,-0.261945475258727,0.408157164138292,7.58444030366816,-23.0447017759071,50.4043524300172,0.839501178523296,0.873570685342548
buyer_N_1_total_value_high,`Clothes_recoded_Sleeveless Logo T`,grf_blp_single,3638,-0.196711406671315,0.202452498504321,-0.971642277198751,0.331228542386517,-0.593518303739785,0.200095490397154,-17.8572342348813,-44.761958018511,22.1519395963438,0.839501178523296,0.873570685342548
buyer_N_1_total_value_high,`Clothes_recoded_Sleeveless T`,grf_blp_single,3638,0.205107867613798,0.181082850651662,1.13267417027994,0.257351108541112,-0.149814519663459,0.560030254891055,22.7657482304455,-13.9132364363447,75.0725467503125,0.839501178523296,0.873570685342548
buyer_N_1_total_value_high,`Clothes_recoded_Smoking Jacket`,grf_blp_single,3638,-0.182119585571491,0.26058864707351,-0.698877666455346,0.484628485826424,-0.692873333835571,0.32863416269259,-16.6498340316646,-49.9863057888094,38.9069589143568,0.839501178523296,0.873570685342548
buyer_N_1_total_value_high,`Clothes_recoded_Striped Tee`,grf_blp_single,3638,0.236198617822571,0.127567453293799,1.85155862035267,0.064089229685184,-0.0138335906332754,0.486230826278418,26.6425819927695,-1.37383462149665,62.617531688919,0.839501178523296,0.873570685342548
buyer_N_1_total_value_high,`Clothes_recoded_Stunt Jacket`,grf_blp_single,3638,0.197577683799073,0.231412314776778,0.853790706815486,0.393220964550202,-0.255990453163412,0.651145820761559,21.8447714940676,-22.5850640565601,91.7736953407581,0.839501178523296,0.873570685342548
buyer_N_1_total_value_high,Clothes_recoded_Tanktop,grf_blp_single,3638,0.163963361335593,0.175307796046377,0.935288475660357,0.349639652779814,-0.179639918915306,0.507566641586491,17.8171147684634,-16.4428969428596,66.124387089783,0.839501178523296,0.873570685342548
buyer_N_1_total_value_high,`Clothes_recoded_Tie Dye`,grf_blp_single,3638,0.1586698907644,0.194178834216144,0.81713278074263,0.413852551387346,-0.221920624299243,0.539260405828043,17.1951010966315,-19.9021059923898,71.4738182722347,0.839501178523296,0.873570685342548
buyer_N_1_total_value_high,Clothes_recoded_Toga,grf_blp_single,3638,0.0786039839884727,0.15513396540994,0.506684553448772,0.612376170384617,-0.22545858821501,0.382666556191955,8.17758366801682,-20.1849887415635,46.6189056887947,0.839501178523296,0.873570685342548
buyer_N_1_total_value_high,`Clothes_recoded_Tuxedo Tee`,grf_blp_single,3638,0.0666566613251735,0.220138142888313,0.302794692689816,0.76204632829266,-0.364814098735919,0.498127421386266,6.89284106999617,-30.5674285090891,64.5636799367454,0.839501178523296,0.873570685342548
buyer_N_1_total_value_high,`Clothes_recoded_Tweed Suit`,grf_blp_single,3638,-0.274745582996079,0.280403130396149,-0.979823522682943,0.327173238741767,-0.824335718572531,0.274844552580373,-24.0234604126297,-56.1473799457339,31.6326039476787,0.839501178523296,0.873570685342548
buyer_N_1_total_value_high,`Clothes_recoded_Vietnam Jacket`,grf_blp_single,3638,-0.012910862998281,0.138789251638117,-0.0930249485885632,0.925883741051026,-0.284937796208991,0.259116070212429,-1.28278753379641,-24.7938966088187,29.5784198046922,0.839501178523296,0.873570685342548
buyer_N_1_total_value_high,`Clothes_recoded_Wool Turtleneck`,grf_blp_single,3638,0.208284411882354,0.244037442222581,0.853493668780476,0.393385597154162,-0.270028974873905,0.686597798638613,23.1563391005209,-23.6642624167295,98.6944037070069,0.839501178523296,0.873570685342548
buyer_N_1_total_value_high,`Clothes_recoded_Work Vest`,grf_blp_single,3638,0.1185663799563,0.175622991095447,0.675118782664747,0.499600301259641,-0.225654682590776,0.462787442503377,12.5881607593466,-20.2006384819099,58.8495659868014,0.839501178523296,0.873570685342548
buyer_N_1_total_value_high,`Earring_recoded_Diamond Stud`,grf_blp_single,3638,-0.250661316557786,0.209793191346942,-1.19480196162925,0.232164413747181,-0.661855971597792,0.16053333848222,-22.1714080518984,-48.4107037274906,17.4136916430836,0.839501178523296,0.873570685342548
buyer_N_1_total_value_high,`Earring_recoded_Gold Hoop`,grf_blp_single,3638,-0.257597833869114,0.204216346233588,-1.2613967423277,0.2071659414435,-0.657861872486947,0.14266620474872,-22.709399377061,-48.2042389191404,15.3344756403669,0.839501178523296,0.873570685342548
buyer_N_1_total_value_high,`Earring_recoded_Gold Stud`,grf_blp_single,3638,-0.121887747407676,0.145805860048494,-0.835959181387749,0.403177866782857,-0.407667233102724,0.163891738287373,-11.4752265721488,-33.4799801397432,17.8086766497567,0.839501178523296,0.873570685342548
buyer_N_1_total_value_high,Earring_recoded_No_Earring,grf_blp_single,3638,0.120425209945773,0.0633941338651303,1.89962702545909,0.0574820830346017,-0.00382729242988286,0.244677712321428,12.797637639663,-0.381997768108078,27.7209617943478,0.839501178523296,0.873570685342548
buyer_N_1_total_value_high,`Earring_recoded_Silver Hoop`,grf_blp_single,3638,-0.0637497637874621,0.0813969275667054,-0.783196192942524,0.433511910185966,-0.223287741818205,0.0957882142432805,-6.1760248280322,-20.0115344087235,10.0525963587189,0.839501178523296,0.873570685342548
buyer_N_1_total_value_high,`Earring_recoded_Silver Stud`,grf_blp_single,3638,-0.0361333377267478,0.101069494582956,-0.357509829012652,0.720710169266915,-0.234229547109342,0.161962871655846,-3.5488320885975,-20.8819818074125,17.5816584387743,0.839501178523296,0.873570685342548
buyer_N_1_total_value_high,Eyes_recoded_Angry,grf_blp_single,3638,0.0154031827315231,0.145740392599139,0.105689180993836,0.915828964587295,-0.270247986762789,0.301054352225836,1.55224231915245,-23.6809790201727,35.1282784769182,0.839501178523296,0.873570685342548
buyer_N_1_total_value_high,Eyes_recoded_Blindfold,grf_blp_single,3638,0.280873384569939,0.185917646329297,1.51074085819942,0.130854488145731,-0.0835252022354837,0.645271971375361,32.4285918288618,-8.0132096348416,90.6505473683518,0.839501178523296,0.873570685342548
buyer_N_1_total_value_high,Eyes_recoded_Bloodshot,grf_blp_single,3638,-0.0188796164235776,0.107761910167039,-0.175197492270812,0.860924454736812,-0.230092960350973,0.192333727503818,-1.87025127664436,-20.554025418629,21.2074952223808,0.839501178523296,0.873570685342548
buyer_N_1_total_value_high,Eyes_recoded_Bored,grf_blp_single,3638,-0.0226378741961245,0.0756855159028552,-0.299104444570094,0.764860355161198,-0.170981485365721,0.125705736973472,-2.23835601797482,-15.7162821850728,13.3948440083592,0.839501178523296,0.873570685342548
buyer_N_1_total_value_high,Eyes_recoded_Closed,grf_blp_single,3638,0.130313291043963,0.0974774636095836,1.33685557890482,0.181269783063908,-0.0607425376308208,0.321369119718747,13.9185223952296,-5.89345024589077,37.9014508407876,0.839501178523296,0.873570685342548
buyer_N_1_total_value_high,Eyes_recoded_Coins,grf_blp_single,3638,0.101625857943717,0.129609104060814,0.784095057828914,0.432984335135381,-0.152407986015477,0.355659701902912,10.6969230496093,-14.1362102984188,42.7121818782879,0.839501178523296,0.873570685342548
buyer_N_1_total_value_high,Eyes_recoded_Crazy,grf_blp_single,3638,0.163902786949876,0.105491998078684,1.55369876327136,0.120256288224287,-0.0428615292843447,0.370667103184096,17.8099782852556,-4.19559580732654,44.8700725246387,0.839501178523296,0.873570685342548
buyer_N_1_total_value_high,Eyes_recoded_Eyepatch,grf_blp_single,3638,-0.0174009610763683,0.143360228606836,-0.12137927823825,0.903390629087537,-0.298387009145767,0.26358508699303,-1.72504386957686,-25.7985882077302,30.1588038442517,0.839501178523296,0.873570685342548
buyer_N_1_total_value_high,Eyes_recoded_Heart,grf_blp_single,3638,-0.274337269286527,0.130251457133911,-2.10621266988577,0.0351858830869325,-0.529630125268992,-0.0190444133040611,-23.9924318156422,-41.1177279949117,-1.88642142068536,0.839501178523296,0.873570685342548
buyer_N_1_total_value_high,Eyes_recoded_Holographic,grf_blp_single,3638,-0.405843897048886,0.236883105884545,-1.71326653090529,0.0866635167646851,-0.870134784582595,0.0584469904848232,-33.3585811472832,-58.1104915156703,6.01887841115596,0.839501178523296,0.873570685342548
buyer_N_1_total_value_high,Eyes_recoded_Hypnotized,grf_blp_single,3638,-0.155151830257734,0.207513772639498,-0.74767003791729,0.454659207887963,-0.56187882463115,0.251575164115683,-14.3714842382786,-42.9863130262126,28.6049561209125,0.839501178523296,0.873570685342548
buyer_N_1_total_value_high,Eyes_recoded_Other_Eyes,grf_blp_single,3638,0.0724429915167081,0.266881481176548,0.271442556438697,0.786050674890292,-0.450644711589326,0.595530694622742,7.51315127261709,-36.2782802149694,81.3993366086783,0.839501178523296,0.873570685342548
buyer_N_1_total_value_high,Eyes_recoded_Robot,grf_blp_single,3638,0.192431180015199,0.153378977972628,1.25461248052872,0.209619470579601,-0.108191616811152,0.493053976841551,21.2193077727605,-10.2544387629151,63.7308895766901,0.839501178523296,0.873570685342548
buyer_N_1_total_value_high,Eyes_recoded_Sad,grf_blp_single,3638,-0.0284106038952078,0.101870615096453,-0.278889097393868,0.78032993574105,-0.228077009484255,0.17125580169384,-2.80108176908545,-20.3937046922568,18.6794294187065,0.839501178523296,0.873570685342548
buyer_N_1_total_value_high,Eyes_recoded_Scumbag,grf_blp_single,3638,-0.173100791869213,0.169846065823834,-1.01916279914752,0.308125684423261,-0.505999080883928,0.159797497145502,-15.8947160715427,-39.7097074358644,17.3273255750344,0.839501178523296,0.873570685342548
buyer_N_1_total_value_high,Eyes_recoded_Sleepy,grf_blp_single,3638,-0.0199763487094117,0.0960828230326469,-0.207907595539987,0.835301118379248,-0.2082986818534,0.168345984434576,-1.97781434554324,-18.8035518565897,18.33459591122,0.839501178523296,0.873570685342548
buyer_N_1_total_value_high,Eyes_recoded_Sunglasses,grf_blp_single,3638,-0.134353084946609,0.173951585127434,-0.772359072486655,0.439901787134185,-0.47529819179638,0.206592021903163,-12.5718685472221,-37.8300356911361,22.9480868180973,0.839501178523296,0.873570685342548
buyer_N_1_total_value_high,`Eyes_recoded_Wide Eyed`,grf_blp_single,3638,-0.094206850961688,0.130442613742363,-0.722209163546476,0.470165890281151,-0.349874373896719,0.161460671973343,-8.99055111510732,-29.5223377501649,17.5226237920693,0.839501178523296,0.873570685342548
buyer_N_1_total_value_high,`Eyes_recoded_X Eyes`,grf_blp_single,3638,0.133730087712556,0.1558276224279,0.85819244129475,0.390786209131965,-0.171692052246127,0.439152227671238,14.3084245519096,-15.7761501309009,55.139143411842,0.839501178523296,0.873570685342548
buyer_N_1_total_value_high,Eyes_recoded_Zombie,grf_blp_single,3638,-0.127690609151511,0.148324309156619,-0.860887941279262,0.389299763767607,-0.418406255098484,0.163025036795463,-11.9874360156524,-34.190518026537,17.7066159284229,0.839501178523296,0.873570685342548
buyer_N_1_total_value_high,Fur_recoded_Blue,grf_blp_single,3638,-0.0899635408612225,0.144311423883956,-0.623398608647673,0.533022612068903,-0.372813931673776,0.192886849951331,-8.60354929774174,-31.1206616446816,21.2745563535939,0.839501178523296,0.873570685342548
buyer_N_1_total_value_high,Fur_recoded_Brown,grf_blp_single,3638,-0.00278190134746207,0.0734131355108502,-0.0378937819247744,0.969772370795331,-0.146671646948729,0.141107844253804,-0.277803544559196,-13.6422510828624,15.1548829212714,0.839501178523296,0.873570685342548
buyer_N_1_total_value_high,Fur_recoded_Cheetah,grf_blp_single,3638,-0.146882584468592,0.193215687815792,-0.760200096219038,0.44713498749326,-0.525585332587544,0.231820163650359,-13.6604652511467,-40.8790790947409,26.0892954051622,0.839501178523296,0.873570685342548
buyer_N_1_total_value_high,Fur_recoded_Cream,grf_blp_single,3638,0.199107308299578,0.100139100761611,1.98830733235331,0.0467777103538451,0.00283467080682084,0.395379945792336,22.0312908577302,0.283869228507028,48.4948283603999,0.839501178523296,0.873570685342548
buyer_N_1_total_value_high,`Fur_recoded_Dark Brown`,grf_blp_single,3638,0.17114558309173,0.0817514402348443,2.09348707007592,0.0363056970995044,0.0109127602314356,0.331378405952025,18.6663494587376,1.0972521588656,39.288676924028,0.839501178523296,0.873570685342548
buyer_N_1_total_value_high,`Fur_recoded_Death Bot`,grf_blp_single,3638,-0.462991281194359,0.201329163557345,-2.29967319693594,0.0214667417284944,-0.857596441766756,-0.0683861206219621,-37.060187991588,-57.5819599672224,-6.61001940228387,0.839501178523296,0.873570685342548
buyer_N_1_total_value_high,Fur_recoded_Dmt,grf_blp_single,3638,-0.300482479635205,0.236707645644442,-1.26942447852555,0.204289710245106,-0.764429465098311,0.163464505827901,-25.9539122810739,-53.4400504027279,17.7583557092195,0.839501178523296,0.873570685342548
buyer_N_1_total_value_high,`Fur_recoded_Golden Brown`,grf_blp_single,3638,0.172994806138893,0.0887466157776985,1.94931158357889,0.0512582260837408,-0.000948560785396152,0.346938173063182,18.8859930294643,-0.0948111043827971,41.4729254290202,0.839501178523296,0.873570685342548
buyer_N_1_total_value_high,Fur_recoded_Gray,grf_blp_single,3638,-0.156920972047004,0.11210902616821,-1.39971755540502,0.161597914617702,-0.376654663336697,0.0628127192426879,-14.5228393001068,-31.3847013230719,6.482739887455,0.839501178523296,0.873570685342548
buyer_N_1_total_value_high,Fur_recoded_Noise,grf_blp_single,3638,-0.542156317791724,0.241363077961773,-2.24622722899478,0.0246894569927559,-1.0152279505968,-0.0690846849866487,-41.8506984219827,-63.7680170602904,-6.67523553326358,0.839501178523296,0.873570685342548
buyer_N_1_total_value_high,Fur_recoded_Other_Fur,grf_blp_single,3638,0.883287650403248,0.416038324793009,2.12309202726145,0.0337461409853579,0.0678525338089498,1.69872276699755,141.883894537926,7.02074774213592,446.696034845576,0.839501178523296,0.873570685342548
buyer_N_1_total_value_high,Fur_recoded_Pink,grf_blp_single,3638,-0.14822097352388,0.122925327245633,-1.20578058928166,0.227902101774131,-0.389154614925322,0.092712667877561,-13.7759438446125,-32.2370509719111,9.71464445571357,0.839501178523296,0.873570685342548
buyer_N_1_total_value_high,Fur_recoded_Red,grf_blp_single,3638,-0.0512592165296476,0.108709868717617,-0.471523120525494,0.637267212943609,-0.264330559216177,0.161812126156882,-4.99676254833682,-23.2280279121228,17.5639348689116,0.839501178523296,0.873570685342548
buyer_N_1_total_value_high,Fur_recoded_Robot,grf_blp_single,3638,-0.159124683297248,0.179862457137885,-0.884702043046484,0.376317353496616,-0.511655099287502,0.193405732693007,-14.7109988799412,-40.0497478961073,21.3374999566526,0.839501178523296,0.873570685342548
buyer_N_1_total_value_high,Fur_recoded_Tan,grf_blp_single,3638,0.0893469359078648,0.120874671064995,0.739170043820202,0.459803748572558,-0.147567419379525,0.326261291195255,9.34599510478771,-13.719573336786,38.5777413007854,0.839501178523296,0.873570685342548
buyer_N_1_total_value_high,Fur_recoded_White,grf_blp_single,3638,-0.0961713787334335,0.145884979701745,-0.65922741964287,0.509749741860465,-0.382105938948853,0.189763181481986,-9.16916620034012,-31.7577245773437,20.8963258866127,0.839501178523296,0.873570685342548
buyer_N_1_total_value_high,Fur_recoded_Zombie,grf_blp_single,3638,0.0423310056484945,0.161307334099684,0.262424556730538,0.792994142366691,-0.273831369186887,0.358493380483876,4.32397398525486,-23.9539698511888,43.1171558433582,0.839501178523296,0.873570685342548
buyer_N_1_total_value_high,`Hat_recoded_Baby's Bonnet`,grf_blp_single,3638,-0.0259998736153383,0.172243016797842,-0.150948782125977,0.880016118758622,-0.363596186539108,0.311596439308431,-2.56647872502322,-30.4828142174845,36.5603477928625,0.839501178523296,0.873570685342548
buyer_N_1_total_value_high,`Hat_recoded_Bayc Flipped Brim`,grf_blp_single,3638,-0.294384472538103,0.259540826628388,-1.13425111710692,0.256689227553273,-0.803084492729744,0.214315547653538,-25.5009991824962,-55.2054852522532,23.9013560937306,0.839501178523296,0.873570685342548
buyer_N_1_total_value_high,`Hat_recoded_Bayc Hat Black`,grf_blp_single,3638,-0.490915876484538,0.224659800018298,-2.18515229001607,0.0288776823433173,-0.931249084520403,-0.0505826684486728,-38.7934439057632,-60.5938812894861,-4.93246654313549,0.839501178523296,0.873570685342548
buyer_N_1_total_value_high,`Hat_recoded_Bayc Hat Red`,grf_blp_single,3638,-0.0604322069811275,0.327393388090749,-0.184585911565131,0.853553836994489,-0.702123247638996,0.581258833676741,-5.86424156722549,-50.4467951226122,78.8288171802465,0.839501178523296,0.873570685342548
buyer_N_1_total_value_high,Hat_recoded_Beanie,grf_blp_single,3638,-0.0205357909973616,0.139603796132953,-0.147100519944345,0.883052679487259,-0.294159231417949,0.253087649423226,-2.03263676493591,-25.4842170541599,28.7996164008202,0.839501178523296,0.873570685342548
buyer_N_1_total_value_high,Hat_recoded_Bowler,grf_blp_single,3638,0.0534314106255024,0.154563423745167,0.345692462879164,0.729573849200963,-0.249512899915024,0.356375721166029,5.48846354088712,-22.0819770594313,42.8144031414236,0.839501178523296,0.873570685342548
buyer_N_1_total_value_high,`Hat_recoded_Bunny Ears`,grf_blp_single,3638,-0.120758131237209,0.166748824182922,-0.724191800625467,0.468947991677931,-0.447585826635735,0.206069564161317,-11.3751710550723,-36.0830643859369,22.8838684154557,0.839501178523296,0.873570685342548
buyer_N_1_total_value_high,`Hat_recoded_Commie Hat`,grf_blp_single,3638,-0.00751855606748192,0.139645646937754,-0.0538402465981147,0.957062443856354,-0.281224024065479,0.266186911930515,-0.749036242754808,-24.5140790092252,30.4978952028136,0.839501178523296,0.873570685342548
buyer_N_1_total_value_high,`Hat_recoded_Cowboy Hat`,grf_blp_single,3638,0.261791403216802,0.113325927531708,2.31007509860049,0.0208839967906145,0.0396725852546547,0.48391022117895,29.9255493643886,4.04700531793891,62.2405981417301,0.839501178523296,0.873570685342548
buyer_N_1_total_value_high,`Hat_recoded_Faux Hawk`,grf_blp_single,3638,-0.401053112168794,0.2279324482019,-1.75952619002954,0.0784881758479871,-0.847800710644519,0.0456944863069297,-33.0385504584648,-57.1644024506849,4.67545642479887,0.839501178523296,0.873570685342548
buyer_N_1_total_value_high,Hat_recoded_Fez,grf_blp_single,3638,0.28950722633969,0.11194078547083,2.58625330456638,0.00970255974226163,0.070103286816863,0.508911165862516,33.57690939934,7.26189629313627,66.3478955836925,0.839501178523296,0.873570685342548
buyer_N_1_total_value_high,`Hat_recoded_Fisherman's Hat`,grf_blp_single,3638,-0.09971498599768,0.140347116043178,-0.710488315036004,0.477401374481033,-0.374795333442309,0.175365361446949,-9.49046538752646,-31.2570041682493,19.1681531572541,0.839501178523296,0.873570685342548
buyer_N_1_total_value_high,`Hat_recoded_Girl's Hair Pink`,grf_blp_single,3638,0.314053504464923,0.330555649713475,0.950077558006176,0.342072845441042,-0.333835568973488,0.961942577903334,36.8962980219683,-28.3828466633637,161.677482823555,0.839501178523296,0.873570685342548
buyer_N_1_total_value_high,`Hat_recoded_Girl's Hair Short`,grf_blp_single,3638,0.0588469732363067,0.19507587852265,0.301661967035428,0.762909764232262,-0.323501748668087,0.4411956951407,6.06129261576169,-27.638930743365,55.4564893372518,0.839501178523296,0.873570685342548
buyer_N_1_total_value_high,Hat_recoded_Halo,grf_blp_single,3638,-0.122504312863345,0.138577643322506,-0.884012095502633,0.376689683475592,-0.394116493775457,0.149107868048767,-11.5297910663957,-32.5724497233978,16.0798195492446,0.839501178523296,0.873570685342548
buyer_N_1_total_value_high,Hat_recoded_Horns,grf_blp_single,3638,-0.0491197955008004,0.126509484261338,-0.388269668377832,0.697816481116258,-0.297078384653023,0.198838793651423,-4.79329304846953,-25.7014228602522,21.9985280674429,0.839501178523296,0.873570685342548
buyer_N_1_total_value_high,`Hat_recoded_Irish Boho`,grf_blp_single,3638,0.112800477262889,0.148470285265207,0.759751199112992,0.44740331837445,-0.178201281856917,0.403802236382695,11.9408563205179,-16.3226020883397,49.7507765119535,0.839501178523296,0.873570685342548
buyer_N_1_total_value_high,Hat_recoded_No_Hat,grf_blp_single,3638,-0.0284762134623931,0.0643756276687973,-0.442344634042232,0.658239836965946,-0.154652443693236,0.0977000167684496,-2.80745873884405,-14.3287118288749,10.2631964390766,0.839501178523296,0.873570685342548
buyer_N_1_total_value_high,Hat_recoded_Other_Hat,grf_blp_single,3638,0.0467136028317491,0.151053173215038,0.309252707755089,0.757129302544666,-0.249350616669726,0.342777822333224,4.78218728854034,-22.0693312437271,40.8855710876597,0.839501178523296,0.873570685342548
buyer_N_1_total_value_high,`Hat_recoded_Party Hat 1`,grf_blp_single,3638,-0.599258527022639,0.294973384232665,-2.03156813141474,0.0421973956733739,-1.17740636011866,-0.0211106939266147,-45.0781284007427,-69.1923256586538,-2.08894230237093,0.839501178523296,0.873570685342548
buyer_N_1_total_value_high,`Hat_recoded_Police Motorcycle Helmet`,grf_blp_single,3638,-0.0461770765025945,0.200060029078274,-0.230816104123066,0.817457669738966,-0.438294733496012,0.345940580490823,-4.51271383274751,-35.4864388240481,41.3318634623062,0.839501178523296,0.873570685342548
buyer_N_1_total_value_high,`Hat_recoded_Prussian Helmet`,grf_blp_single,3638,-0.145545191012115,0.277677322271554,-0.524152241967314,0.600172655042993,-0.689792742664361,0.39870236064013,-13.5449180735412,-49.8319964840754,48.9890102670342,0.839501178523296,0.873570685342548
buyer_N_1_total_value_high,`Hat_recoded_S&m Hat`,grf_blp_single,3638,0.311429015013609,0.23117617093086,1.34715015721387,0.177931876897329,-0.141676280010877,0.764534310038094,36.5374861867801,-13.2097831704442,114.799384253372,0.839501178523296,0.873570685342548
buyer_N_1_total_value_high,Hat_recoded_Safari,grf_blp_single,3638,-0.0254834629847472,0.194164327624945,-0.131246884000093,0.895580008631502,-0.406045545129638,0.355078619160144,-2.51615002484147,-33.3720179066996,42.6292783814441,0.839501178523296,0.873570685342548
buyer_N_1_total_value_high,`Hat_recoded_Sea Captain's Hat`,grf_blp_single,3638,-0.183986356980537,0.224317188190147,-0.820206237716289,0.412098546618094,-0.623648045833226,0.255675331872151,-16.805284597954,-46.4014433171805,29.1333405073949,0.839501178523296,0.873570685342548
buyer_N_1_total_value_high,`Hat_recoded_Seaman's Hat`,grf_blp_single,3638,0.0517253675498871,0.131670213637892,0.392840310050213,0.69443743006963,-0.206348251180381,0.309798986280155,5.30864910730426,-18.6450292701872,36.3151074522039,0.839501178523296,0.873570685342548
buyer_N_1_total_value_high,`Hat_recoded_Short Mohawk`,grf_blp_single,3638,-0.0320549658823638,0.153555075488074,-0.208752239419487,0.834641657246626,-0.333022913838989,0.268912982074262,-3.15466512766389,-28.3246229612956,30.8541269545089,0.839501178523296,0.873570685342548
buyer_N_1_total_value_high,`Hat_recoded_Spinner Hat`,grf_blp_single,3638,-0.180329904375721,0.232241921505117,-0.776474390183461,0.437468936272692,-0.635524070525751,0.274864261774309,-16.5005302437271,-47.0342162491751,31.6351983457649,0.839501178523296,0.873570685342548
buyer_N_1_total_value_high,`Hat_recoded_Stuntman Helmet`,grf_blp_single,3638,0.163086094762009,0.179056599951074,0.910807503362462,0.362396808296426,-0.187864841142096,0.514037030666114,17.7138030744546,-17.1273290580974,67.2027614986069,0.839501178523296,0.873570685342548
buyer_N_1_total_value_high,`Hat_recoded_Sushi Chef Headband`,grf_blp_single,3638,0.3822248807143,0.182975190222759,2.08894375378962,0.0367127866076071,0.0235935078776927,0.740856253550907,46.5541620124909,2.38740365587165,109.773093527914,0.839501178523296,0.873570685342548
buyer_N_1_total_value_high,`Hat_recoded_Vietnam Era Helmet`,grf_blp_single,3638,0.291060356281791,0.22304271700928,1.30495341961639,0.191908709466442,-0.146103369056398,0.72822408161998,33.7845328882941,-13.5931619365041,107.139870423062,0.839501178523296,0.873570685342548
buyer_N_1_total_value_high,`Hat_recoded_Ww2 Pilot Helm`,grf_blp_single,3638,0.445057304285986,0.2108716484771,2.11056017961712,0.0348101334030987,0.0317488732708701,0.858365735301103,56.0579621171331,3.22582451161859,135.930181767755,0.839501178523296,0.873570685342548
buyer_N_1_total_value_high,`Mouth_recoded_Bored Bubblegum`,grf_blp_single,3638,-0.438411045182382,0.288092704860778,-1.5217707279129,0.12806653848126,-1.00307274670951,0.126250656344743,-35.4939420687762,-63.3249224231411,13.4566518940893,0.839501178523296,0.873570685342548
buyer_N_1_total_value_high,`Mouth_recoded_Bored Cigar`,grf_blp_single,3638,-0.524612081169031,0.268584571432491,-1.95324727094718,0.0507903022267646,-1.05103784117671,0.00181367883865058,-40.8215115653104,-65.0425242297861,0.181532454889499,0.839501178523296,0.873570685342548
buyer_N_1_total_value_high,`Mouth_recoded_Bored Cigarette`,grf_blp_single,3638,-0.082352885153709,0.117232782972153,-0.702473174020539,0.48238412556626,-0.312129139779128,0.14742336947171,-7.90530871451047,-26.8112993601173,15.8844478562561,0.839501178523296,0.873570685342548
buyer_N_1_total_value_high,`Mouth_recoded_Bored Pipe`,grf_blp_single,3638,-0.0364231181027105,0.297019650024501,-0.122628647968934,0.902401167852993,-0.618581632150732,0.545735395945311,-3.57677769505718,-46.1292017944898,72.5877118842732,0.839501178523296,0.873570685342548
buyer_N_1_total_value_high,`Mouth_recoded_Bored Unshaven`,grf_blp_single,3638,-0.0164675997004475,0.078578845179811,-0.209567850771603,0.834004973782193,-0.170482136252877,0.137546936851982,-1.63327500120793,-15.6741846755525,14.7455562660031,0.839501178523296,0.873570685342548
buyer_N_1_total_value_high,`Mouth_recoded_Bored Unshaven Cigar`,grf_blp_single,3638,0.24239566788417,0.223347276262524,1.08528598127723,0.277795012871546,-0.195364993590377,0.680156329358718,27.4298291990685,-17.7465616517631,97.418633139144,0.839501178523296,0.873570685342548
buyer_N_1_total_value_high,`Mouth_recoded_Bored Unshaven Cigarette`,grf_blp_single,3638,-0.154001224499504,0.118739046382448,-1.29697205082378,0.194640803583154,-0.386729755409102,0.0787273064100947,-14.2729028717064,-32.0725359578261,8.19092521223885,0.839501178523296,0.873570685342548
buyer_N_1_total_value_high,Mouth_recoded_Discomfort,grf_blp_single,3638,0.160949468887309,0.151472484596783,1.06256571492673,0.287978941957917,-0.135936600922386,0.457835538697004,17.4625612175028,-12.7102028339271,58.0649026085521,0.839501178523296,0.873570685342548
buyer_N_1_total_value_high,Mouth_recoded_Dumbfounded,grf_blp_single,3638,-0.182991310602783,0.102163390833799,-1.79116324457629,0.0732671025427219,-0.383231556637029,0.0172489354314629,-16.7224607978175,-31.8344960738578,1.73985573531921,0.839501178523296,0.873570685342548
buyer_N_1_total_value_high,Mouth_recoded_Grin,grf_blp_single,3638,0.013831636408408,0.10179022488728,0.135883739560698,0.891913190188442,-0.18567720437066,0.213340477187476,1.39277360518799,-16.945835306978,23.7806024219355,0.839501178523296,0.873570685342548
buyer_N_1_total_value_high,Mouth_recoded_Jovial,grf_blp_single,3638,0.264006431019571,0.15085653173881,1.75004971927015,0.0801097348102191,-0.0316723711884953,0.559685233227638,30.2136570339736,-3.11760552746468,75.0121533481292,0.839501178523296,0.873570685342548
buyer_N_1_total_value_high,Mouth_recoded_Other_Mouth,grf_blp_single,3638,-0.0829456577992446,0.113711897008873,-0.729436936513096,0.465734430597938,-0.305820975936635,0.139929660338146,-7.95988375141101,-26.3481537817919,15.0192891832695,0.839501178523296,0.873570685342548
buyer_N_1_total_value_high,`Mouth_recoded_Phoneme  ooo`,grf_blp_single,3638,0.024379124315951,0.147771778605357,0.164978215367215,0.868961128704901,-0.265253561750548,0.31401181038245,2.46787248793416,-23.2988559446734,36.8905903754167,0.839501178523296,0.873570685342548
buyer_N_1_total_value_high,`Mouth_recoded_Phoneme L`,grf_blp_single,3638,0.155301099704295,0.147240866865582,1.05474181869679,0.291543420337,-0.133290999352245,0.443893198760835,16.8009595507782,-12.4789630602076,55.8763998804936,0.839501178523296,0.873570685342548
buyer_N_1_total_value_high,`Mouth_recoded_Phoneme Oh`,grf_blp_single,3638,0.0664118110703219,0.168133711320349,0.39499402320208,0.692847298888186,-0.263130263117563,0.395953885258206,6.86667153455782,-23.1358234883077,48.580079865135,0.839501178523296,0.873570685342548
buyer_N_1_total_value_high,`Mouth_recoded_Phoneme Vuh`,grf_blp_single,3638,-0.0447960621111272,0.113352332291368,-0.395193122237492,0.692700368114775,-0.266966633402208,0.177374509179953,-4.38075341770515,-23.4301380202982,19.4078202647076,0.839501178523296,0.873570685342548
buyer_N_1_total_value_high,`Mouth_recoded_Phoneme Wah`,grf_blp_single,3638,0.1352169030669,0.18912904979189,0.71494518275055,0.474642916361756,-0.235476034525203,0.505909840659004,14.4785064815444,-20.9805399829336,65.8493799301407,0.839501178523296,0.873570685342548
buyer_N_1_total_value_high,Mouth_recoded_Rage,grf_blp_single,3638,-0.171311004534679,0.211575156719126,-0.809693383623958,0.418116421645254,-0.585998311704166,0.243376302634809,-15.7440507103419,-44.3450025969326,27.5548526089803,0.839501178523296,0.873570685342548
buyer_N_1_total_value_high,`Mouth_recoded_Small Grin`,grf_blp_single,3638,0.0913430133745466,0.132504266555452,0.689359035366005,0.490597355612097,-0.16836534907414,0.351051375823233,9.56447616170395,-15.4954958144142,42.0560306492659,0.839501178523296,0.873570685342548
buyer_N_1_total_value_high,`Mouth_recoded_Tongue Out`,grf_blp_single,3638,0.122613612460729,0.23054696612088,0.53183789196532,0.594838276290745,-0.329258441136197,0.574485666057655,13.044754570589,-28.0542944580765,77.6216723384299,0.839501178523296,0.873570685342548
buyer_N_1_total_value_high,`log_price_change_n-1`,grf_blp_single,3638,0.0401570099749767,0.0271849200887573,1.4771796217854,0.139627494797357,-0.0131254333989876,0.093439453348941,4.09742046957735,-1.30396705330167,9.79441244889962,0.839501178523296,0.873570685342548
buyer_N_gaspaid_high,log_price_1_sale,grf_blp_single,3631,0.076762404095824,0.0202675856050428,3.78744689139119,0.000152203204053838,0.0370379363099402,0.116486871881708,7.97854933016644,3.77323878289328,12.3542760368119,0.723472560923177,0.731606925800787
buyer_N_gaspaid_high,sold_after_30d,grf_blp_single,3631,-0.101138480069925,0.0456124114464441,-2.21734560534423,0.0265994836983844,-0.190538806504956,-0.0117381536348951,-9.61921351568982,-17.3486317000629,-1.16695302758001,0.723472560923177,0.731606925800787
buyer_N_gaspaid_high,log_buyern_total_value,grf_blp_single,3631,0.00686090994926237,0.0141110753718815,0.486207448295102,0.626820090986199,-0.0207967977796254,0.0345186176781501,0.688449991060236,-2.05820357448028,3.51212997519248,0.723472560923177,0.731606925800787
buyer_N_gaspaid_high,log_buyern_rolling_avg_value_last10,grf_blp_single,3631,0.00220689055738416,0.0270020337055876,0.0817305311683796,0.934860999209286,-0.0507170955055675,0.0551308766203358,0.220932753273329,-4.94524533293754,5.66789001893635,0.723472560923177,0.731606925800787
buyer_N_gaspaid_high,log_sellern_total_value,grf_blp_single,3631,-0.0295577591790029,0.0185948592677952,-1.58956616736511,0.111932628296738,-0.0660036833438816,0.00688816498587573,-2.91252009096258,-6.38725837939222,0.691194295849185,0.723472560923177,0.731606925800787
buyer_N_gaspaid_high,log_sellern_rolling_avg_value_last10,grf_blp_single,3631,-0.00312421698833463,0.0405522483498105,-0.0770417699503272,0.93859031607744,-0.0826066237539632,0.0763581897772939,-0.311934170091299,-7.92867372813981,7.93491167450986,0.723472560923177,0.731606925800787
buyer_N_gaspaid_high,log_buyern_1_total_value,grf_blp_single,3631,0.0152942652492498,0.0161666996321607,0.946035096664049,0.344130685521526,-0.0163924660297852,0.0469809965282848,1.54118210693601,-1.62588407043733,4.81020913119559,0.723472560923177,0.731606925800787
buyer_N_gaspaid_high,log_buyern_1_rolling_avg_value_last10,grf_blp_single,3631,-0.00325706290346014,0.0317628823138171,-0.102543052336384,0.918325642107082,-0.0655123122385416,0.0589981864316213,-0.32517644281318,-6.34124848002639,6.07733169534699,0.723472560923177,0.731606925800787
buyer_N_gaspaid_high,log_sellern_1_total_value,grf_blp_single,3631,0.00616387616431463,0.0197227055475779,0.312526907094224,0.754640117488407,-0.0324926267089381,0.0448203790375674,0.618291194028964,-3.19704126311033,4.5839988251138,0.723472560923177,0.731606925800787
buyer_N_gaspaid_high,log_sellern_1_rolling_avg_value_last10,grf_blp_single,3631,0.0658119105840208,0.0401916325290465,1.63745303295303,0.101535844899194,-0.0129636891729105,0.144587510340952,6.80258139211074,-1.28800224876315,15.5562814235062,0.723472560923177,0.731606925800787
buyer_N_gaspaid_high,log_unique_makers_count,grf_blp_single,3631,0.0736121829735021,0.0319994603180596,2.30041951463655,0.0214244642927742,0.0108932407501053,0.136331125196899,7.6389282449306,1.09527881219895,14.6061320552908,0.723472560923177,0.731606925800787
buyer_N_gaspaid_high,log_median_offer_price,grf_blp_single,3631,0.0553607297763278,0.0169780005504402,3.26073318303034,0.00111124553794173,0.022083848697465,0.0886376108551906,5.6921809085061,2.23295018738539,9.26846075283032,0.723472560923177,0.731606925800787
buyer_N_gaspaid_high,log_buyern_1_avg_total_gaspaid,grf_blp_single,3631,-0.0144176281601511,0.0186821918959958,-0.7717310816854,0.440273717764362,-0.0510347242763029,0.0221994679560007,-1.43141918579944,-4.97543266337886,2.24477096862579,0.723472560923177,0.731606925800787
buyer_N_gaspaid_high,log_sellern_avg_total_gaspaid,grf_blp_single,3631,-0.0245386486641231,0.0121218348492679,-2.02433451447369,0.0429357446699102,-0.0482974449686882,-0.000779852359557957,-2.42400236299493,-4.71496756125828,-0.077954835373828,0.723472560923177,0.731606925800787
buyer_N_gaspaid_high,log_sellern_1_avg_total_gaspaid,grf_blp_single,3631,-0.0227084522750622,0.0134035625226996,-1.69421019498393,0.0902253482421462,-0.0489794348195535,0.00356253026942907,-2.24525560351825,-4.77992883233923,0.356888362282026,0.723472560923177,0.731606925800787
buyer_N_gaspaid_high,log_buyern_avg_gasLimit_cost,grf_blp_single,3631,1.08697632114769,3.52962920140199,0.307957651958438,0.758114556139809,-5.83109691360021,8.00504955589559,196.529440560491,-99.7065144069445,299504.85693241,0.723472560923177,0.731606925800787
buyer_N_gaspaid_high,log_buyern_1_avg_gasLimit_cost,grf_blp_single,3631,-5.62757469163585,4.1317226377808,-1.3620407720927,0.173185018234707,-13.7257510616862,2.47060167841453,-99.6402710708157,-99.9998906088838,1082.9562303116,0.723472560923177,0.731606925800787
buyer_N_gaspaid_high,log_sellern_avg_gasLimit_cost,grf_blp_single,3631,-6.1270316462433,3.11493549354198,-1.96698508169628,0.0491849306792804,-12.2323052135856,-0.0217580789010228,-99.7816948578456,-99.9995129457416,-2.1523079367599,0.723472560923177,0.731606925800787
buyer_N_gaspaid_high,log_sellern_1_avg_gasLimit_cost,grf_blp_single,3631,-7.31547039635509,3.3734474070876,-2.16854437421651,0.0301172922267604,-13.9274273142468,-0.703513478463388,-99.9334831653261,-99.9999105881316,-50.5156376508899,0.723472560923177,0.731606925800787
buyer_N_gaspaid_high,`time_n_sale_str_2021-06`,grf_blp_single,3631,0.481077840377707,0.165450062634763,2.90769210187429,0.00364106635054168,0.156795717613572,0.805359963141843,61.7817211503354,16.9756628815848,123.750177204469,0.723472560923177,0.731606925800787
buyer_N_gaspaid_high,`time_n_sale_str_2021-07`,grf_blp_single,3631,-0.194054283053802,0.145664970161555,-1.33219594826799,0.182795807627638,-0.47955762457045,0.0914490584628465,-17.6386805184261,-38.0942813069458,9.57609555233181,0.723472560923177,0.731606925800787
buyer_N_gaspaid_high,`time_n_sale_str_2021-08`,grf_blp_single,3631,0.0682525578290238,0.154275519930037,0.442406921460877,0.658194771332853,-0.234127461233848,0.370632576891896,7.06356717570904,-20.8739045629787,44.8650707845299,0.723472560923177,0.731606925800787
buyer_N_gaspaid_high,`time_n_sale_str_2021-09`,grf_blp_single,3631,0.101118545580438,0.246205169939019,0.41070845752542,0.681286324600701,-0.381443587500038,0.583680678660915,10.6407793743637,-31.7125092347763,79.2624377230846,0.723472560923177,0.731606925800787
buyer_N_gaspaid_high,`time_n_sale_str_2021-10`,grf_blp_single,3631,-0.108771440693959,0.218130904559339,-0.498652132368384,0.618024471959472,-0.536308013630264,0.318765132242346,-10.3064602995741,-41.509627247722,37.542824321949,0.723472560923177,0.731606925800787
buyer_N_gaspaid_high,`time_n_sale_str_2021-11`,grf_blp_single,3631,-0.315571268109288,0.201033270677763,-1.56974647552304,0.116474104232365,-0.709596478637703,0.0784539424191282,-27.0627911781702,-50.8157373570239,8.16135375120692,0.723472560923177,0.731606925800787
buyer_N_gaspaid_high,`time_n_sale_str_2021-12`,grf_blp_single,3631,-0.0103709506291961,0.231396468254246,-0.0448189668037676,0.964251606959837,-0.463908028407519,0.443166127149126,-1.03173577504272,-37.1178614488137,55.7631077659362,0.723472560923177,0.731606925800787
buyer_N_gaspaid_high,`time_n_sale_str_2022-01`,grf_blp_single,3631,-0.218789396089943,0.187184216370905,-1.16884532431096,0.242465955531893,-0.585670460176918,0.148091667997032,-19.6509081334977,-44.3267530296242,15.9619191459571,0.723472560923177,0.731606925800787
buyer_N_gaspaid_high,`time_n_sale_str_2022-02`,grf_blp_single,3631,-0.549585957257986,0.308758430132391,-1.77998688820361,0.0750781065403497,-1.15475248031747,0.0555805658014992,-42.2811258277539,-68.4864470503122,5.71541841157528,0.723472560923177,0.731606925800787
buyer_N_gaspaid_high,`time_n_sale_str_2022-03`,grf_blp_single,3631,-0.174763470046221,0.190064462143204,-0.919495775672919,0.357836314161469,-0.547289815846901,0.197762875754458,-16.0344399016312,-42.1484428594317,21.8673382550808,0.723472560923177,0.731606925800787
buyer_N_gaspaid_high,`time_n_sale_str_2022-04`,grf_blp_single,3631,-0.0421956213372377,0.237280696690436,-0.177829979116622,0.858856502652474,-0.507265786850492,0.422874544176016,-4.131777647055,-39.7860291603842,52.6342795361201,0.723472560923177,0.731606925800787
buyer_N_gaspaid_high,`time_n_sale_str_2022-05`,grf_blp_single,3631,0.102295018269541,0.18670160326812,0.547906480067215,0.583756119121621,-0.263640124135973,0.468230160675056,10.7710218279212,-23.1750035465823,59.7164964952749,0.723472560923177,0.731606925800787
buyer_N_gaspaid_high,`time_n_sale_str_2022-06`,grf_blp_single,3631,-0.126036866362692,0.200563288971548,-0.628414437203271,0.529732481846494,-0.519140912746926,0.267067180021541,-11.8417654550174,-40.4968487555246,30.612818910322,0.723472560923177,0.731606925800787
buyer_N_gaspaid_high,`time_n_sale_str_2022-07`,grf_blp_single,3631,-0.372059654141196,0.289327349888221,-1.28594705714803,0.198461539252658,-0.939141259922108,0.195021951639716,-31.0686879084546,-60.9036572791254,21.5337664851465,0.723472560923177,0.731606925800787
buyer_N_gaspaid_high,`time_n_sale_str_2022-08`,grf_blp_single,3631,-0.348743368991603,0.19996643599107,-1.74400952471432,0.0811574289998123,-0.740677583534101,0.0431908455508939,-29.4425820749311,-52.3209259510608,4.41371447656296,0.723472560923177,0.731606925800787
buyer_N_gaspaid_high,`time_n_sale_str_2022-09`,grf_blp_single,3631,-0.42655219743177,0.291960611941108,-1.46099227082662,0.144017562573836,-0.998794996836342,0.145690601972802,-34.7244207489644,-63.1676995744314,15.6838209214961,0.723472560923177,0.731606925800787
buyer_N_gaspaid_high,`time_n_sale_str_2022-10`,grf_blp_single,3631,-0.812858378105615,0.432683590883095,-1.87864387564732,0.0602931359684293,-1.66091821623648,0.0352014600252508,-55.6411690746369,-81.0035528466635,3.58283657896239,0.723472560923177,0.731606925800787
buyer_N_gaspaid_high,`time_n_sale_str_2022-11`,grf_blp_single,3631,-0.29637878711314,0.246836516505463,-1.20070883882604,0.229864164285886,-0.780178359463847,0.187420785237567,-25.6494255720017,-54.1675742454182,20.6134701962768,0.723472560923177,0.731606925800787
buyer_N_gaspaid_high,`time_n_sale_str_2022-12`,grf_blp_single,3631,-0.163427504322603,0.309474425761823,-0.528080806419785,0.597443251880074,-0.769997378815777,0.44314237017057,-15.0771937866345,-53.6985718044632,55.7594073490807,0.723472560923177,0.731606925800787
buyer_N_gaspaid_high,`time_n_sale_str_2023-01`,grf_blp_single,3631,0.0340588066101695,0.22904495958449,0.148699219017767,0.88179097752033,-0.41486931417543,0.482986927395769,3.46454489307175,-33.9573416541786,62.0908715375442,0.723472560923177,0.731606925800787
buyer_N_gaspaid_high,`time_n_sale_str_2023-02`,grf_blp_single,3631,0.506959215209694,0.229570782460025,2.20829153334428,0.0272239571557793,0.0570004815880449,0.956917948831343,66.0235093962231,5.86563202316048,160.365948282513,0.723472560923177,0.731606925800787
buyer_N_gaspaid_high,`time_n_sale_str_2023-03`,grf_blp_single,3631,0.305167245117312,0.25079130373345,1.21681749157321,0.223673663391871,-0.186383710200249,0.796718200434873,35.6851910888089,-17.0044928351225,121.824912091117,0.723472560923177,0.731606925800787
buyer_N_gaspaid_high,`time_n_sale_str_2023-04`,grf_blp_single,3631,0.553869817434712,0.285349384418852,1.94102334779076,0.0522554454714846,-0.00541497602623675,1.11315461089566,73.9973385525943,-0.540034147072566,204.394572869191,0.723472560923177,0.731606925800787
buyer_N_gaspaid_high,`time_n_sale_str_2023-05`,grf_blp_single,3631,-0.126784290268764,0.247064440673806,-0.51316284092924,0.607837416667914,-0.611030593989425,0.357462013451896,-11.9076324086991,-45.7208816611427,42.9696256190931,0.723472560923177,0.731606925800787
buyer_N_gaspaid_high,`time_n_sale_str_2023-06`,grf_blp_single,3631,0.109434578704834,0.141357526078793,0.774168746019474,0.438831008032192,-0.1676261724096,0.386495329819268,11.5647081470623,-15.4330089653065,47.1813523415177,0.723472560923177,0.731606925800787
buyer_N_gaspaid_high,`time_n_sale_str_2023-07`,grf_blp_single,3631,0.021221932178942,0.163002088920436,0.130194234438927,0.896412756007453,-0.298262162105112,0.340706026462996,2.14487188240731,-25.7893238027508,40.5939870988555,0.723472560923177,0.731606925800787
buyer_N_gaspaid_high,`time_n_sale_str_2023-08`,grf_blp_single,3631,0.485617389999264,0.232659322352644,2.08724664496017,0.0368658450252904,0.0296051181880814,0.941629661810446,62.5178067859185,3.00477065297111,156.415672352582,0.723472560923177,0.731606925800787
buyer_N_gaspaid_high,`time_n_sale_str_2023-09`,grf_blp_single,3631,0.177709573929544,0.273835100701551,0.648965649305956,0.516360579514005,-0.359007223445496,0.714426371304585,19.4478363197142,-30.163069329927,104.301441437422,0.723472560923177,0.731606925800787
buyer_N_gaspaid_high,`time_n_sale_str_2023-10`,grf_blp_single,3631,0.225842597888979,0.164018452488021,1.37693408554426,0.168532627702824,-0.0956335689875431,0.547318764765501,25.3378365350267,-9.12030335441569,72.8611983438479,0.723472560923177,0.731606925800787
buyer_N_gaspaid_high,`time_n_sale_str_2023-11`,grf_blp_single,3631,0.0161840850112576,0.127492386280345,0.126941580461677,0.898986636377701,-0.233700992098219,0.266069162120734,1.6315756684568,-20.8401525288631,30.4825300051189,0.723472560923177,0.731606925800787
buyer_N_gaspaid_high,`time_n_sale_str_2023-12`,grf_blp_single,3631,0.151192587753276,0.115899821514466,1.30451096280943,0.192059424137855,-0.0759710624150762,0.378356237921629,16.3220658564451,-7.31569732298776,45.9882915909026,0.723472560923177,0.731606925800787
buyer_N_gaspaid_high,`time_n_sale_str_2024-01`,grf_blp_single,3631,-0.0875437195168012,0.0538686401395769,-1.62513327401564,0.104134164339708,-0.193126254190372,0.0180388151567695,-8.38211841198593,-17.5622113594119,1.82024973123398,0.723472560923177,0.731606925800787
buyer_N_gaspaid_high,`time_n_sale_str_2024-02`,grf_blp_single,3631,-0.29678552447626,0.104129301800267,-2.85016339632751,0.00436967746303225,-0.500878956004782,-0.0926920929477372,-25.6796605793205,-39.4002219829662,-8.85258936010602,0.723472560923177,0.731606925800787
buyer_N_gaspaid_high,`time_n_sale_str_2024-03`,grf_blp_single,3631,-0.0127954208468476,0.0988519671361189,-0.129440224788125,0.897009320607948,-0.206545276433641,0.180954434739946,-1.27139074858376,-18.6610566749456,19.8360574437954,0.723472560923177,0.731606925800787
buyer_N_gaspaid_high,`time_n_sale_str_2024-04`,grf_blp_single,3631,0.212342442591858,0.103185965441185,2.05786166446145,0.0396034146225182,0.010097950327136,0.41458693485658,23.6571267252096,1.01491066739612,51.3745336100164,0.723472560923177,0.731606925800787
buyer_N_gaspaid_high,`time_n_sale_str_2024-05`,grf_blp_single,3631,-0.0842324938668402,0.120920120324079,-0.69659617970184,0.486055547339974,-0.321235929702035,0.152770941968354,-8.07824811856324,-27.4747877713348,16.5058082465392,0.723472560923177,0.731606925800787
buyer_N_gaspaid_high,`time_n_sale_str_2024-06`,grf_blp_single,3631,0.139219908034411,0.138224831237766,1.00719897277309,0.313839166622726,-0.13170076119161,0.410140577260432,14.9376829413327,-12.3396730446122,50.7029624318593,0.723472560923177,0.731606925800787
buyer_N_gaspaid_high,`time_n_sale_str_2024-07`,grf_blp_single,3631,0.167566205305712,0.184722772267561,0.907122620826634,0.364341957053267,-0.194490428338709,0.529622838950132,18.2423570307567,-17.6745941872187,69.8291658347137,0.723472560923177,0.731606925800787
buyer_N_gaspaid_high,`time_n_sale_str_2024-08`,grf_blp_single,3631,0.104545146686661,0.271268880709563,0.385393069832412,0.699946216279809,-0.427141859504082,0.636232152877403,11.0205514835318,-34.7628999363233,88.934867424775,0.723472560923177,0.731606925800787
buyer_N_gaspaid_high,`time_n_sale_str_2024-09`,grf_blp_single,3631,0.402014090301274,0.279129779335937,1.44024077709546,0.149799290238207,-0.145080277197163,0.949108457799711,49.4832395166456,-13.504714566722,158.340541735397,0.723472560923177,0.731606925800787
buyer_N_gaspaid_high,`time_n_sale_str_2024-10`,grf_blp_single,3631,-0.0180638021645539,0.229001534030487,-0.0788807037517445,0.937127511585599,-0.466906808864309,0.430779204535201,-1.79016296424973,-37.3061487197873,53.8455828384053,0.723472560923177,0.731606925800787
buyer_N_gaspaid_high,`time_n_sale_str_2024-11`,grf_blp_single,3631,0.0996606674312626,0.157178974908556,0.634058515073299,0.526042635062013,-0.208410123389508,0.407731458252033,10.4795961210259,-18.8126000093179,50.3403380384871,0.723472560923177,0.731606925800787
buyer_N_gaspaid_high,`time_n_sale_str_2024-12`,grf_blp_single,3631,0.0734771894858053,0.121054342898026,0.6069768975385,0.543866243959245,-0.163789322594325,0.310743701565935,7.62439867131584,-15.1079148515519,36.4439472667856,0.723472560923177,0.731606925800787
buyer_N_gaspaid_high,`time_n_sale_str_2025-01`,grf_blp_single,3631,0.302697071606138,0.215917007918515,1.40191397854296,0.1609409357165,-0.120500263914152,0.725894407126429,35.3504387423271,-11.3523146608439,106.657863627811,0.723472560923177,0.731606925800787
buyer_N_gaspaid_high,`time_n_sale_str_2025-02`,grf_blp_single,3631,-0.174146917126132,0.238167352291911,-0.731195587683605,0.464659694865879,-0.640954927618278,0.292661093366014,-15.9826547278561,-47.3210861716598,33.9988582448922,0.723472560923177,0.731606925800787
buyer_N_gaspaid_high,`time_n_sale_str_2025-03`,grf_blp_single,3631,0.423280438639303,0.300896696688434,1.40673009473944,0.159507438262227,-0.166477086870026,1.01303796414863,52.6962455200658,-15.3357784063672,175.395473519333,0.723472560923177,0.731606925800787
buyer_N_gaspaid_high,`time_n-1_sale_str_2021-06`,grf_blp_single,3631,-0.0921050685603324,0.100829391603736,-0.913474405581154,0.360993088629442,-0.289730676103656,0.105520538982991,-8.79906789954725,-25.1534880021702,11.1288929032866,0.723472560923177,0.731606925800787
buyer_N_gaspaid_high,`time_n-1_sale_str_2021-07`,grf_blp_single,3631,-0.257120021186265,0.146134771275044,-1.75947188299445,0.0784973918746409,-0.543544172885352,0.0293041305128214,-22.6724601234992,-41.9313452503681,2.97377215182901,0.723472560923177,0.731606925800787
buyer_N_gaspaid_high,`time_n-1_sale_str_2021-08`,grf_blp_single,3631,-0.0512893293218503,0.0844112084102324,-0.60761278375009,0.543444320146286,-0.216735297805906,0.114156639162205,-4.99962331801169,-19.4856935763928,12.0927692308043,0.723472560923177,0.731606925800787
buyer_N_gaspaid_high,`time_n-1_sale_str_2021-09`,grf_blp_single,3631,-0.208160980709013,0.16621693830743,-1.25234517509885,0.210444114394761,-0.533946179791576,0.11762421837355,-18.7923702429174,-41.3713194403816,12.4821344743959,0.723472560923177,0.731606925800787
buyer_N_gaspaid_high,`time_n-1_sale_str_2021-10`,grf_blp_single,3631,-0.1770324156572,0.189268777788815,-0.935349283307211,0.349608324741297,-0.547999220123278,0.193934388808878,-16.2247372219156,-42.1894684478778,21.4016627266152,0.723472560923177,0.731606925800787
buyer_N_gaspaid_high,`time_n-1_sale_str_2021-11`,grf_blp_single,3631,-0.0448804177689681,0.208520289306811,-0.2152328577625,0.829585774402858,-0.453580184810317,0.363819349272381,-4.38881910195502,-36.4650593403105,43.8814267834613,0.723472560923177,0.731606925800787
buyer_N_gaspaid_high,`time_n-1_sale_str_2021-12`,grf_blp_single,3631,-0.112749644448853,0.302298306039374,-0.37297478085824,0.709167213815442,-0.705254324286025,0.47975503538832,-10.6625706665473,-50.60170735759,61.5678569638978,0.723472560923177,0.731606925800787
buyer_N_gaspaid_high,`time_n-1_sale_str_2022-01`,grf_blp_single,3631,0.183073702366076,0.223187510801993,0.820268579134314,0.412063014395449,-0.254373818805832,0.620521223537983,20.0902914205439,-22.4598111945631,85.9897211452232,0.723472560923177,0.731606925800787
buyer_N_gaspaid_high,`time_n-1_sale_str_2022-02`,grf_blp_single,3631,-0.16727112320798,0.310353821172461,-0.538969111371206,0.589908168137928,-0.775564612706004,0.441022366290044,-15.4029781917706,-53.9556264790004,55.4295465776742,0.723472560923177,0.731606925800787
buyer_N_gaspaid_high,`time_n-1_sale_str_2022-03`,grf_blp_single,3631,0.512315304098238,0.213713132829763,2.39721021031652,0.0165204429885767,0.0934375637519027,0.931193044444573,66.9151317428615,9.79420498189905,153.753476418268,0.723472560923177,0.731606925800787
buyer_N_gaspaid_high,`time_n-1_sale_str_2022-04`,grf_blp_single,3631,0.661274774830768,0.305284367535101,2.16609445210042,0.0303039700697365,0.0629174144619699,1.25963213519957,93.7260331708896,6.49388870486101,252.412484740221,0.723472560923177,0.731606925800787
buyer_N_gaspaid_high,`time_n-1_sale_str_2022-05`,grf_blp_single,3631,0.487922826636284,0.277185035046934,1.76027838787785,0.0783606167145204,-0.0553598420557072,1.03120549532828,62.8929135181103,-5.38553759367693,180.444454257611,0.723472560923177,0.731606925800787
buyer_N_gaspaid_high,`time_n-1_sale_str_2022-06`,grf_blp_single,3631,-0.131034972305531,0.258293984627813,-0.507309422998545,0.611937727930454,-0.637291182176043,0.375221237564982,-12.281290340054,-47.1277300537068,45.5313348986516,0.723472560923177,0.731606925800787
buyer_N_gaspaid_high,`time_n-1_sale_str_2022-07`,grf_blp_single,3631,0.154706091402823,0.299977759821395,0.515725204078243,0.606046348725518,-0.433250317847111,0.742662500652758,16.7314826819323,-35.1601834143665,110.152337971626,0.723472560923177,0.731606925800787
buyer_N_gaspaid_high,`time_n-1_sale_str_2022-08`,grf_blp_single,3631,0.549520577613664,0.141741733718249,3.87691446406312,0.000105789528217277,0.271706779525896,0.827334375701433,73.2422256728102,31.220218034973,128.721375451989,0.723472560923177,0.731606925800787
buyer_N_gaspaid_high,`time_n-1_sale_str_2022-09`,grf_blp_single,3631,0.313737630801082,0.277353253312535,1.13118424627797,0.257977551172007,-0.229874745691486,0.85735000729365,36.853062915521,-20.5366872506856,135.690662538118,0.723472560923177,0.731606925800787
buyer_N_gaspaid_high,`time_n-1_sale_str_2022-10`,grf_blp_single,3631,-0.602292218885096,0.505143536265076,-1.19231896608698,0.233136200564041,-1.59237354996464,0.387789112194452,-45.244491960205,-79.655784191664,47.3718962157072,0.723472560923177,0.731606925800787
buyer_N_gaspaid_high,`time_n-1_sale_str_2022-11`,grf_blp_single,3631,-0.0339449450412858,0.224491843353533,-0.151207921562784,0.879811701642476,-0.47394895801421,0.406059067931638,-3.33752793433217,-37.7460972615055,50.0891204378808,0.723472560923177,0.731606925800787
buyer_N_gaspaid_high,`time_n-1_sale_str_2022-12`,grf_blp_single,3631,0.24244719612378,0.316069382186225,0.767069541651878,0.443040170036034,-0.377048792961221,0.861943185208781,27.4363956030171,-31.4117393163889,136.775721711357,0.723472560923177,0.731606925800787
buyer_N_gaspaid_high,`time_n-1_sale_str_2023-01`,grf_blp_single,3631,-0.260632737721022,0.611897276891951,-0.425941980073634,0.670150124121946,-1.45995140042925,0.938685924987202,-22.9436133304215,-76.775243841271,155.661962002555,0.723472560923177,0.731606925800787
buyer_N_gaspaid_high,`time_n-1_sale_str_2023-02`,grf_blp_single,3631,0.0625251509175679,0.343970820199267,0.181774578673116,0.855759635412437,-0.611657656672995,0.736707958508131,6.45212322669329,-45.7549074014992,108.904695275316,0.723472560923177,0.731606925800787
buyer_N_gaspaid_high,`time_n-1_sale_str_2023-03`,grf_blp_single,3631,0.432791443967107,0.270870527017118,1.59777975379269,0.110092002008856,-0.098114788986444,0.963697676920658,54.155468664293,-9.34551635817953,162.137155984474,0.723472560923177,0.731606925800787
buyer_N_gaspaid_high,`time_n-1_sale_str_2023-04`,grf_blp_single,3631,0.529863151219356,0.31243234285851,1.69592925742427,0.0898992781000489,-0.0825042407833233,1.14223054322203,69.8699827711446,-7.9192467096705,213.375054129791,0.723472560923177,0.731606925800787
buyer_N_gaspaid_high,`time_n-1_sale_str_2023-05`,grf_blp_single,3631,-0.114164439752094,0.39645894306983,-0.287960308999728,0.773377121168525,-0.89122396816896,0.662895088664772,-10.7888754731802,-58.9846569341587,94.0401845856534,0.723472560923177,0.731606925800787
buyer_N_gaspaid_high,`time_n-1_sale_str_2023-06`,grf_blp_single,3631,0.152609208752972,0.0926889234094871,1.64646651551627,0.0996677484749869,-0.0290610811296224,0.334279498635567,16.4869669112367,-2.86428689362844,39.6933530031345,0.723472560923177,0.731606925800787
buyer_N_gaspaid_high,`time_n-1_sale_str_2023-07`,grf_blp_single,3631,-0.0863765139252219,0.155493706428443,-0.555498456556321,0.578553765542876,-0.39114417852497,0.218391150674527,-8.27511907534344,-32.3717356424157,24.4073592685495,0.723472560923177,0.731606925800787
buyer_N_gaspaid_high,`time_n-1_sale_str_2023-08`,grf_blp_single,3631,0.226396880611726,0.120575789293748,1.87763133824632,0.0604316155733044,-0.00993166640402018,0.462725427627472,25.4073283896126,-0.988251027393083,58.8397152561284,0.723472560923177,0.731606925800787
buyer_N_gaspaid_high,`time_n-1_sale_str_2023-09`,grf_blp_single,3631,0.305528204746018,0.192618020927724,1.58618702068723,0.112696891186623,-0.0720031162723217,0.683059525764358,35.7341768054064,-6.94720039719511,97.992610987343,0.723472560923177,0.731606925800787
buyer_N_gaspaid_high,`time_n-1_sale_str_2023-10`,grf_blp_single,3631,-0.00362166891246011,0.0886838715016774,-0.0408379658119865,0.967425072250941,-0.177442057055748,0.170198719230828,-0.361511857970254,-16.2590480096844,18.5540417593715,0.723472560923177,0.731606925800787
buyer_N_gaspaid_high,`time_n-1_sale_str_2023-11`,grf_blp_single,3631,-0.0456522805533748,0.0911260565567042,-0.500979437478096,0.616385594450834,-0.224259351404515,0.132954790297765,-4.46258934035008,-20.089214225348,14.2198358715907,0.723472560923177,0.731606925800787
buyer_N_gaspaid_high,`time_n-1_sale_str_2023-12`,grf_blp_single,3631,-0.0273257984544251,0.0636925730582163,-0.429026449119095,0.667903976724918,-0.152163241648529,0.0975116447396789,-2.69558264108228,-14.1151930477425,10.2424278932326,0.723472560923177,0.731606925800787
buyer_N_gaspaid_high,`time_n-1_sale_str_2024-01`,grf_blp_single,3631,0.075228095059425,0.0443805436992723,1.69506925307584,0.0900622841454384,-0.0117577705911487,0.162213960709999,7.81300389759441,-1.16889181212229,17.6111856129974,0.723472560923177,0.731606925800787
buyer_N_gaspaid_high,`time_n-1_sale_str_2024-02`,grf_blp_single,3631,-0.00741941783164122,0.0576074113274028,-0.128792765734154,0.897521629962132,-0.120329944033351,0.105491108370068,-0.739196189547731,-11.3372149117865,11.1256223599824,0.723472560923177,0.731606925800787
buyer_N_gaspaid_high,`time_n-1_sale_str_2024-03`,grf_blp_single,3631,0.0291070952348926,0.0408933087728487,0.71178136737662,0.476600172489348,-0.0510437899598909,0.109257980429676,2.95348468475267,-4.97629412213457,11.5450077516142,0.723472560923177,0.731606925800787
buyer_N_gaspaid_high,`time_n-1_sale_str_2024-04`,grf_blp_single,3631,0.032607025851672,0.0390149515706448,0.835757178696739,0.403291520950151,-0.0438622792267918,0.109076330930136,3.31444603928639,-4.29142410123106,11.5247474969681,0.723472560923177,0.731606925800787
buyer_N_gaspaid_high,`time_n-1_sale_str_2024-05`,grf_blp_single,3631,0.0764800583033666,0.0458265280693684,1.6689036138107,0.0951364833108126,-0.0133399367125955,0.166300053319329,7.94806634466128,-1.32513540898631,18.0927389751149,0.723472560923177,0.731606925800787
buyer_N_gaspaid_high,`time_n-1_sale_str_2024-06`,grf_blp_single,3631,0.106967348110175,0.047654334698662,2.24465095959421,0.0247905485787495,0.0135648521007978,0.200369844119553,11.2897915665935,1.3657272122221,22.1854570332768,0.723472560923177,0.731606925800787
buyer_N_gaspaid_high,`time_n-1_sale_str_2024-07`,grf_blp_single,3631,0.147253097439921,0.0808933193735446,1.82033693981507,0.0687077092212765,-0.0112978085322263,0.305804003412068,15.8647176556652,-1.12342279590509,35.7716172730849,0.723472560923177,0.731606925800787
buyer_N_gaspaid_high,`time_n-1_sale_str_2024-08`,grf_blp_single,3631,0.0501079827114447,0.0595129605549894,0.841967568814618,0.399806106904784,-0.0665374199763346,0.166753385399224,5.1384621608745,-6.43720959727627,18.1462863385468,0.723472560923177,0.731606925800787
buyer_N_gaspaid_high,`time_n-1_sale_str_2024-09`,grf_blp_single,3631,-0.0587484828304805,0.0871871028401346,-0.673820793635053,0.500425253345627,-0.229635204397144,0.112138238736183,-5.70560940839019,-20.5176502259113,11.8667493137159,0.723472560923177,0.731606925800787
buyer_N_gaspaid_high,`time_n-1_sale_str_2024-10`,grf_blp_single,3631,-0.00854728005196873,0.0671129193851578,-0.127356701664493,0.898658084180522,-0.140088602046878,0.122994041942941,-0.851085590349909,-13.071878810805,13.0877683093654,0.723472560923177,0.731606925800787
buyer_N_gaspaid_high,`time_n-1_sale_str_2024-11`,grf_blp_single,3631,0.061312463655934,0.060528135407403,1.01295807715291,0.311080185825785,-0.0573226817425758,0.179947609054444,6.3231083360505,-5.57106847218721,19.7154641415159,0.723472560923177,0.731606925800787
buyer_N_gaspaid_high,`time_n-1_sale_str_2024-12`,grf_blp_single,3631,0.00578208472022955,0.0764084626635759,0.0756733550011063,0.939678974822881,-0.143978502100379,0.155542671540838,0.579883323697317,-13.4093636972814,16.8291787814354,0.723472560923177,0.731606925800787
buyer_N_gaspaid_high,`time_n-1_sale_str_2025-01`,grf_blp_single,3631,0.0980074576948735,0.0524041643252357,1.8702226999864,0.0614528987026865,-0.00470470438258852,0.200719619772336,10.2971010699088,-0.469365459637572,22.2282020064109,0.723472560923177,0.731606925800787
buyer_N_gaspaid_high,`time_n-1_sale_str_2025-02`,grf_blp_single,3631,0.0115733478485801,0.0707340492108991,0.163617776413071,0.870032049746409,-0.127065388604782,0.150212084301942,1.16405781483426,-11.9323915466057,16.208067566398,0.723472560923177,0.731606925800787
buyer_N_gaspaid_high,`time_n-1_sale_str_2025-03`,grf_blp_single,3631,0.164103911279488,0.221001198735253,0.742547607065586,0.457755618843412,-0.269058438241608,0.597266260800583,17.8336751210851,-23.5901398235238,81.7144405247327,0.723472560923177,0.731606925800787
buyer_N_gaspaid_high,`Background_recoded_Army Green`,grf_blp_single,3631,-0.12769884446648,0.084342238771287,-1.51405566566432,0.130011721752192,-0.293009632458202,0.0376119435252426,-11.9881608238535,-25.3985045295257,3.83282246980707,0.723472560923177,0.731606925800787
buyer_N_gaspaid_high,Background_recoded_Blue,grf_blp_single,3631,0.0109038362140375,0.0776416492383681,0.14043797782504,0.888313953203864,-0.141273796293164,0.163081468721239,1.09634996925401,-13.1748444906604,17.7132585268619,0.723472560923177,0.731606925800787
buyer_N_gaspaid_high,Background_recoded_Gray,grf_blp_single,3631,0.0468657671640585,0.0850391044398198,0.551108427972972,0.581559348300911,-0.119810877537988,0.213542411866105,4.79813261323108,-11.2911810843865,23.8056005420148,0.723472560923177,0.731606925800787
buyer_N_gaspaid_high,`Background_recoded_New Punk Blue`,grf_blp_single,3631,0.047646382256905,0.0725176200992711,0.657031797122972,0.511160471234578,-0.0944881531376663,0.189780917651476,4.87997155545208,-9.01614867062039,20.8984701433548,0.723472560923177,0.731606925800787
buyer_N_gaspaid_high,Background_recoded_Orange,grf_blp_single,3631,0.00372001140078972,0.0908570347884318,0.0409435704065412,0.967340882389901,-0.174359776784537,0.181799799586116,0.372693923107281,-16.000536728025,19.937405466054,0.723472560923177,0.731606925800787
buyer_N_gaspaid_high,Background_recoded_Purple,grf_blp_single,3631,-0.00832437560649405,0.0803638937878701,-0.103583527553645,0.917499860443064,-0.165837607430719,0.149188856217731,-0.82898239320508,-15.2816200626851,16.0892210219824,0.723472560923177,0.731606925800787
buyer_N_gaspaid_high,Background_recoded_Yellow,grf_blp_single,3631,0.046003652714267,0.0765892249353209,0.600654370808906,0.548070216226471,-0.104111228158962,0.196118533587496,4.70782356275619,-9.8874938634798,21.6671113179259,0.723472560923177,0.731606925800787
buyer_N_gaspaid_high,`Clothes_recoded_Bayc T Black`,grf_blp_single,3631,0.200925962013251,0.220155486310038,0.912654803116254,0.361424121598127,-0.230578791154424,0.632430715180927,22.2534254497574,-20.5926133459299,88.2180067115119,0.723472560923177,0.731606925800787
buyer_N_gaspaid_high,`Clothes_recoded_Bayc T Red`,grf_blp_single,3631,-0.0343527581583216,0.267425930664557,-0.128457094915794,0.89778725015149,-0.558507582260854,0.489802065944211,-3.37694012141601,-42.7937817164929,63.1993160958877,0.723472560923177,0.731606925800787
buyer_N_gaspaid_high,`Clothes_recoded_Biker Vest`,grf_blp_single,3631,0.0107897667578808,0.13733755365675,0.0785638484929467,0.937379543347176,-0.258391838409348,0.27997137192511,1.08481862129339,-22.7707441076529,32.3091934220271,0.723472560923177,0.731606925800787
buyer_N_gaspaid_high,`Clothes_recoded_Black Holes T`,grf_blp_single,3631,0.134138913227743,0.152418269458164,0.88007109452559,0.378820796867058,-0.164600894910259,0.432878721365744,14.3551663064272,-15.1767829681918,54.1689235397284,0.723472560923177,0.731606925800787
buyer_N_gaspaid_high,`Clothes_recoded_Black T`,grf_blp_single,3631,0.0753563092752992,0.13115477398444,0.574560170293453,0.565588795794066,-0.181707047734203,0.332419666284802,7.82682794355085,-16.6154418409063,39.4337882343284,0.723472560923177,0.731606925800787
buyer_N_gaspaid_high,`Clothes_recoded_Bone Necklace`,grf_blp_single,3631,-0.0135814718487033,0.164836610700123,-0.082393539827212,0.934333773055659,-0.336661228820945,0.309498285123539,-1.34896597776003,-28.5849267387023,36.2741235039979,0.723472560923177,0.731606925800787
buyer_N_gaspaid_high,`Clothes_recoded_Bone Tee`,grf_blp_single,3631,-0.0357236334089934,0.171691779377122,-0.208068397558664,0.835175562231166,-0.372239520988153,0.300792254170166,-3.50930753251397,-31.0810852512482,35.0928662588028,0.723472560923177,0.731606925800787
buyer_N_gaspaid_high,`Clothes_recoded_Caveman Pelt`,grf_blp_single,3631,-0.0389220777375579,0.169189914849746,-0.230049632521677,0.81805320262927,-0.370534310843059,0.292690155367944,-3.81743461425785,-30.9634637624529,34.0027525765574,0.723472560923177,0.731606925800787
buyer_N_gaspaid_high,`Clothes_recoded_Cowboy Shirt`,grf_blp_single,3631,-0.351406099855639,0.251894966964043,-1.39505010398164,0.163000730999765,-0.845120235105164,0.142308035393886,-29.6302075803573,-57.049428655858,15.2931737626116,0.723472560923177,0.731606925800787
buyer_N_gaspaid_high,Clothes_recoded_Guayabera,grf_blp_single,3631,0.0503406746405747,0.208765399293356,0.241135144094623,0.809450375230609,-0.358839507974402,0.459520857255552,5.16292987907037,-30.1513556139416,58.331516924295,0.723472560923177,0.731606925800787
buyer_N_gaspaid_high,Clothes_recoded_Hawaiian,grf_blp_single,3631,-0.145540694025782,0.167658566327995,-0.868077887180888,0.385351695566765,-0.474151484028652,0.183070095977087,-13.5445292853452,-37.7587040196693,20.0898583290203,0.723472560923177,0.731606925800787
buyer_N_gaspaid_high,`Clothes_recoded_Hip Hop`,grf_blp_single,3631,0.810609748724982,0.251724362306477,3.2202276382691,0.00128088841506486,0.317229998604287,1.30398949884568,124.927906366897,37.3318396918946,268.396456175789,0.723472560923177,0.731606925800787
buyer_N_gaspaid_high,`Clothes_recoded_Lab Coat`,grf_blp_single,3631,-0.187831456026161,0.378134930918093,-0.496731300570712,0.619378546641493,-0.928975920625623,0.553313008573302,-17.1245622981861,-60.5042028349035,73.9004822603497,0.723472560923177,0.731606925800787
buyer_N_gaspaid_high,`Clothes_recoded_Leather Jacket`,grf_blp_single,3631,-0.063872219297277,0.264564267771561,-0.241424209834821,0.809226350860785,-0.582418184129537,0.454673745534982,-6.18751338731169,-44.1453935062634,57.5659233306517,0.723472560923177,0.731606925800787
buyer_N_gaspaid_high,`Clothes_recoded_Leather Punk Jacket`,grf_blp_single,3631,-0.416579348287134,0.22583760587861,-1.84459690256834,0.0650961979219025,-0.859221055809209,0.0260623592349418,-34.0701803462742,-57.6508169625473,2.64049523053727,0.723472560923177,0.731606925800787
buyer_N_gaspaid_high,`Clothes_recoded_Lumberjack Shirt`,grf_blp_single,3631,-0.0389421508375943,0.14806522116823,-0.263006738046532,0.792545385690393,-0.329149984327325,0.251265682652136,-3.81936527713734,-28.0464910332818,28.5651614290501,0.723472560923177,0.731606925800787
buyer_N_gaspaid_high,`Clothes_recoded_Navy Striped Tee`,grf_blp_single,3631,0.0660317340953791,0.11766808291506,0.561169456147634,0.574682022831749,-0.164597708418139,0.296661176608897,6.82606169124085,-15.1765126792486,34.5359382986483,0.723472560923177,0.731606925800787
buyer_N_gaspaid_high,Clothes_recoded_No_Clothes,grf_blp_single,3631,-0.0659128320232811,0.0703128534246457,-0.937422232393398,0.348541409263629,-0.203726024735587,0.0719003606890244,-6.37875315184123,-18.4314181685847,7.45482714802026,0.723472560923177,0.731606925800787
buyer_N_gaspaid_high,Clothes_recoded_Other_Clothes,grf_blp_single,3631,-0.107465786389204,0.164859247238384,-0.651863866840361,0.51448899637448,-0.430589910976438,0.215658338198029,-10.1892750582956,-34.9874534567243,24.0678414155853,0.723472560923177,0.731606925800787
buyer_N_gaspaid_high,`Clothes_recoded_Prison Jumpsuit`,grf_blp_single,3631,0.0529171752267377,0.193854807424337,0.272973241828897,0.78487378462741,-0.327038247324962,0.432872597778437,5.43423158396417,-27.8943835970222,54.1679794757557,0.723472560923177,0.731606925800787
buyer_N_gaspaid_high,`Clothes_recoded_Prom Dress`,grf_blp_single,3631,0.0777977118987352,0.194906506462961,0.399154001118579,0.689779734400867,-0.304219040768669,0.459814464566139,8.09039825387618,-26.2300737461198,58.3780110403326,0.723472560923177,0.731606925800787
buyer_N_gaspaid_high,`Clothes_recoded_Puffy Vest`,grf_blp_single,3631,0.0588691119558795,0.182738238311717,0.322149936979583,0.747339108819659,-0.299297835135085,0.417036059046844,6.06364070296817,-25.8661420124839,51.7457230009897,0.723472560923177,0.731606925800787
buyer_N_gaspaid_high,`Clothes_recoded_Rainbow Suspenders`,grf_blp_single,3631,-0.022045645158112,0.248507898553002,-0.0887120501460042,0.929310755664797,-0.509121126321996,0.465029836005772,-2.18044158599338,-39.8976429444722,59.2061688940233,0.723472560923177,0.731606925800787
buyer_N_gaspaid_high,`Clothes_recoded_Sailor Shirt`,grf_blp_single,3631,-0.139540605443494,0.11509953600341,-1.21234724559932,0.225379485744674,-0.365135696010177,0.0860544851231897,-13.0242294410008,-30.589754244685,8.98657081548238,0.723472560923177,0.731606925800787
buyer_N_gaspaid_high,Clothes_recoded_Service,grf_blp_single,3631,-0.0410620915162075,0.165409032389879,-0.248245763383839,0.803944260197122,-0.365263795000369,0.283139611967954,-4.02304654479763,-30.598645057611,32.7290454514719,0.723472560923177,0.731606925800787
buyer_N_gaspaid_high,`Clothes_recoded_Sleeveless Logo T`,grf_blp_single,3631,0.187404775933384,0.205014679272419,0.91410418316615,0.360662104666216,-0.214423995440556,0.589233547307325,20.6115392740003,-19.2993854452393,80.2606273360225,0.723472560923177,0.731606925800787
buyer_N_gaspaid_high,`Clothes_recoded_Sleeveless T`,grf_blp_single,3631,0.0509189276843563,0.213387217339779,0.238622202019146,0.811398547662748,-0.367320018301611,0.469157873670324,5.22375824876593,-30.7412031249428,59.8647363160045,0.723472560923177,0.731606925800787
buyer_N_gaspaid_high,`Clothes_recoded_Smoking Jacket`,grf_blp_single,3631,0.239752770103497,0.20668979845695,1.15996421639278,0.246063375442261,-0.165359234872124,0.644864775079119,27.093489837338,-15.2410834194787,90.5729309752132,0.723472560923177,0.731606925800787
buyer_N_gaspaid_high,`Clothes_recoded_Striped Tee`,grf_blp_single,3631,-0.056641023766073,0.141405134449066,-0.400558466188333,0.688745229897342,-0.333795087286243,0.220513039754097,-5.50667829425273,-28.3799474214782,24.6716181504672,0.723472560923177,0.731606925800787
buyer_N_gaspaid_high,`Clothes_recoded_Stunt Jacket`,grf_blp_single,3631,0.216284331839041,0.230188463396102,0.939596748890343,0.347424444547601,-0.234885056417319,0.667453720095401,24.1455314095496,-20.9338274102723,94.9267615233194,0.723472560923177,0.731606925800787
buyer_N_gaspaid_high,Clothes_recoded_Tanktop,grf_blp_single,3631,0.057357578391215,0.141001762624759,0.40678625091984,0.684164985782646,-0.219005876353313,0.333721033135743,5.90344305261861,-19.6683002434743,39.6153608649137,0.723472560923177,0.731606925800787
buyer_N_gaspaid_high,`Clothes_recoded_Tie Dye`,grf_blp_single,3631,-0.0179354457345115,0.181459685228983,-0.0988398371345064,0.921265437880196,-0.373596428783318,0.337725537314295,-1.7775562911163,-31.1745384458821,40.1755720963647,0.723472560923177,0.731606925800787
buyer_N_gaspaid_high,Clothes_recoded_Toga,grf_blp_single,3631,0.116801656944365,0.17165739163802,0.680434765027005,0.496229214556623,-0.219646830666155,0.453250144554885,12.3896490517903,-19.719772695384,57.3417719167107,0.723472560923177,0.731606925800787
buyer_N_gaspaid_high,`Clothes_recoded_Tuxedo Tee`,grf_blp_single,3631,0.121748170168326,0.175127154377872,0.695198700628861,0.486930786532668,-0.221501052412302,0.464997392748955,12.946963181555,-19.8684921166356,59.2010038111855,0.723472560923177,0.731606925800787
buyer_N_gaspaid_high,`Clothes_recoded_Tweed Suit`,grf_blp_single,3631,-0.50810975652302,0.256976400162386,-1.97726233304669,0.0480119850109979,-1.0117835008413,-0.00443601220474288,-39.8368264869186,-63.6430026361611,-0.442618763527458,0.723472560923177,0.731606925800787
buyer_N_gaspaid_high,`Clothes_recoded_Vietnam Jacket`,grf_blp_single,3631,-0.067806363932922,0.190763294760481,-0.355447645303351,0.722254260319983,-0.441702421663464,0.30608969379762,-6.55586023829121,-35.7059067715657,35.81041146007,0.723472560923177,0.731606925800787
buyer_N_gaspaid_high,`Clothes_recoded_Wool Turtleneck`,grf_blp_single,3631,0.0322681930382527,0.17785393841149,0.181430860212922,0.856029397863632,-0.316325526248268,0.380861912324773,3.27944564484395,-27.11778391959,46.3545493860657,0.723472560923177,0.731606925800787
buyer_N_gaspaid_high,`Clothes_recoded_Work Vest`,grf_blp_single,3631,0.0590011089011738,0.175747214649371,0.335715755261814,0.737085223721198,-0.285463431811594,0.403465649613941,6.07764170357208,-24.8334172266623,49.700380863699,0.723472560923177,0.731606925800787
buyer_N_gaspaid_high,`Earring_recoded_Diamond Stud`,grf_blp_single,3631,0.208400262940005,0.160830027612096,1.29577956327063,0.195051440888534,-0.106826591179703,0.523627117059714,23.1706077191635,-10.1318501222342,68.8139638630917,0.723472560923177,0.731606925800787
buyer_N_gaspaid_high,`Earring_recoded_Gold Hoop`,grf_blp_single,3631,0.048211693584724,0.137860006719018,0.349714864608904,0.726552696930115,-0.221993919584551,0.318417306753999,4.93927815320003,-19.9079765752381,37.4949917410883,0.723472560923177,0.731606925800787
buyer_N_gaspaid_high,`Earring_recoded_Gold Stud`,grf_blp_single,3631,0.244203444566865,0.139408156387008,1.7517156161863,0.0798227202996693,-0.0290365419516716,0.517443431085401,27.6604022224482,-2.86190323383275,67.773292231864,0.723472560923177,0.731606925800787
buyer_N_gaspaid_high,Earring_recoded_No_Earring,grf_blp_single,3631,-0.13659758293902,0.0590910689319584,-2.31164515057781,0.0207972463203451,-0.252416078045659,-0.020779087832382,-12.767880755955,-22.3078589133328,-2.05646901507323,0.723472560923177,0.731606925800787
buyer_N_gaspaid_high,`Earring_recoded_Silver Hoop`,grf_blp_single,3631,0.160407323034583,0.0882903745424539,1.81681552338927,0.0692453650681922,-0.0126418110686266,0.333456457137793,17.3988966363918,-1.25622390395459,39.5784268776224,0.723472560923177,0.731606925800787
buyer_N_gaspaid_high,`Earring_recoded_Silver Stud`,grf_blp_single,3631,-0.0270236960873106,0.100545077534089,-0.268771945380901,0.788105183531229,-0.224092048054125,0.170044655879503,-2.66618230553559,-20.0758437647254,18.5357783332835,0.723472560923177,0.731606925800787
buyer_N_gaspaid_high,Eyes_recoded_Angry,grf_blp_single,3631,0.013602401232832,0.134326735959615,0.101263543222859,0.91934125568297,-0.249678001248013,0.276882803713677,1.36953347875748,-22.0948403669789,31.9011778694232,0.723472560923177,0.731606925800787
buyer_N_gaspaid_high,Eyes_recoded_Blindfold,grf_blp_single,3631,0.0808452411274474,0.130714202763031,0.618488575981372,0.536253326027205,-0.175354596288094,0.337045078542989,8.42030935342177,-16.0840594804564,40.0802208437861,0.723472560923177,0.731606925800787
buyer_N_gaspaid_high,Eyes_recoded_Bloodshot,grf_blp_single,3631,-0.111839286734893,0.100379213374311,-1.11416779406159,0.265207209079296,-0.308582544948542,0.0849039714787558,-10.5812046181227,-26.5512678521332,8.86125238280593,0.723472560923177,0.731606925800787
buyer_N_gaspaid_high,Eyes_recoded_Bored,grf_blp_single,3631,-0.0301581627973879,0.0730985217782219,-0.412568709513533,0.679922630426381,-0.173431265482703,0.113114939887927,-2.97079426943546,-15.9225060564548,11.976063071359,0.723472560923177,0.731606925800787
buyer_N_gaspaid_high,Eyes_recoded_Closed,grf_blp_single,3631,0.0161171125859637,0.0858353172445321,0.187767845490084,0.851058642974982,-0.152120109213319,0.184354334385247,1.62476938326708,-14.1114885469797,20.2441814101208,0.723472560923177,0.731606925800787
buyer_N_gaspaid_high,Eyes_recoded_Coins,grf_blp_single,3631,-0.0299679417479685,0.0982129100727656,-0.305132408007922,0.760265309397846,-0.222465245490589,0.162529361994652,-2.95233551653105,-19.9457171259969,17.6482861825054,0.723472560923177,0.731606925800787
buyer_N_gaspaid_high,Eyes_recoded_Crazy,grf_blp_single,3631,-0.137279256164955,0.135966608770367,-1.00965418941061,0.312660997588342,-0.403773809354875,0.129215297024966,-12.8273242932494,-33.2204846796206,13.7935091834256,0.723472560923177,0.731606925800787
buyer_N_gaspaid_high,Eyes_recoded_Eyepatch,grf_blp_single,3631,-0.0718926657067392,0.149930926030884,-0.479505246915703,0.631579236424676,-0.365757280727272,0.221971949313794,-6.93692209523826,-30.6328851865005,24.8536355071566,0.723472560923177,0.731606925800787
buyer_N_gaspaid_high,Eyes_recoded_Heart,grf_blp_single,3631,-0.0066604214223537,0.145520780663447,-0.0457695553307785,0.963493924696856,-0.291881151522709,0.278560308678002,-0.663828997776739,-25.3142706449007,32.122628440385,0.723472560923177,0.731606925800787
buyer_N_gaspaid_high,Eyes_recoded_Holographic,grf_blp_single,3631,-0.429494184489186,0.267655513078883,-1.6046528597474,0.108570221551098,-0.954098990123797,0.0951106211454246,-34.9161784456456,-61.4840979658508,9.97805073767648,0.723472560923177,0.731606925800787
buyer_N_gaspaid_high,Eyes_recoded_Hypnotized,grf_blp_single,3631,0.0200733185072993,0.194280986663986,0.103321065287859,0.917708157408102,-0.360717415354112,0.400864052368711,2.02761424083173,-30.2824018138724,49.3114269353484,0.723472560923177,0.731606925800787
buyer_N_gaspaid_high,Eyes_recoded_Other_Eyes,grf_blp_single,3631,0.160976197544274,0.271963882249761,0.591902851998707,0.553915643910575,-0.372073011665258,0.694025406753807,17.465700875967,-31.069608653965,100.175722389481,0.723472560923177,0.731606925800787
buyer_N_gaspaid_high,Eyes_recoded_Robot,grf_blp_single,3631,0.108969779167391,0.179282261405523,0.607811270970694,0.543312653093281,-0.242423453187434,0.460363011522217,11.512864971596,-21.5276186613571,58.4649126488258,0.723472560923177,0.731606925800787
buyer_N_gaspaid_high,Eyes_recoded_Sad,grf_blp_single,3631,-0.17109733958792,0.105035455504883,-1.62894842284914,0.103323937999645,-0.37696683237749,0.0347721532016505,-15.7260462440296,-31.4061175521278,3.53837730442894,0.723472560923177,0.731606925800787
buyer_N_gaspaid_high,Eyes_recoded_Scumbag,grf_blp_single,3631,0.149522232329663,0.181210148866342,0.825131667652615,0.40929684266906,-0.205649659448367,0.504694124107693,16.1279288468975,-18.5881755038037,65.647876604217,0.723472560923177,0.731606925800787
buyer_N_gaspaid_high,Eyes_recoded_Sleepy,grf_blp_single,3631,0.168169255603864,0.103863188256924,1.61914205048153,0.105416703001952,-0.0354025933797058,0.371741104587435,18.31368462432,-3.47832518475741,45.0257467680459,0.723472560923177,0.731606925800787
buyer_N_gaspaid_high,Eyes_recoded_Sunglasses,grf_blp_single,3631,-0.159157078647435,0.188355506552653,-0.844982350451984,0.398120693401139,-0.528333871490635,0.210019714195765,-14.7137618022464,-41.0413521367939,23.3702381167264,0.723472560923177,0.731606925800787
buyer_N_gaspaid_high,`Eyes_recoded_Wide Eyed`,grf_blp_single,3631,0.077090208756817,0.12382467246546,0.622575511179494,0.533563507956353,-0.165606149275484,0.319786566789118,8.01395100402398,-15.2620090332715,37.6833870899846,0.723472560923177,0.731606925800787
buyer_N_gaspaid_high,`Eyes_recoded_X Eyes`,grf_blp_single,3631,0.27832062467914,0.153195549432754,1.81676703866198,0.0692527918469201,-0.0219426522090586,0.578583901567338,32.0909645552751,-2.17036634236659,78.3511014485079,0.723472560923177,0.731606925800787
buyer_N_gaspaid_high,Eyes_recoded_Zombie,grf_blp_single,3631,0.121401409214623,0.137866887301498,0.880569740790135,0.378550742423405,-0.148817689896313,0.391620508325559,12.9078043746492,-13.8273798027526,47.9376193914465,0.723472560923177,0.731606925800787
buyer_N_gaspaid_high,Fur_recoded_Blue,grf_blp_single,3631,0.0914054327509156,0.128792214633677,0.709712407779456,0.477882496238244,-0.161027307931092,0.343838173432923,9.57131532142397,-14.8731175600655,41.0350384878508,0.723472560923177,0.731606925800787
buyer_N_gaspaid_high,Fur_recoded_Brown,grf_blp_single,3631,0.010249450703932,0.0737630192449651,0.138951073435509,0.889488811621421,-0.1343260670162,0.154824968424064,1.0302156237483,-12.5695063881406,16.745360197721,0.723472560923177,0.731606925800787
buyer_N_gaspaid_high,Fur_recoded_Cheetah,grf_blp_single,3631,0.115836487988828,0.172621915277812,0.671041610228948,0.502194022224857,-0.222502465955683,0.454175441933339,12.2812263831155,-19.9486967281868,57.4874272226307,0.723472560923177,0.731606925800787
buyer_N_gaspaid_high,Fur_recoded_Cream,grf_blp_single,3631,-0.116352355257296,0.10400631170274,-1.11870475312924,0.263266116769419,-0.320204726194666,0.0875000156800738,-10.9838485057308,-27.3999609438993,9.14422815568472,0.723472560923177,0.731606925800787
buyer_N_gaspaid_high,`Fur_recoded_Dark Brown`,grf_blp_single,3631,0.138795117497081,0.0722527391392874,1.9209668609174,0.0547358854915412,-0.00282025121592244,0.280410486210084,14.8888688698484,-0.281627804345452,32.3673050367785,0.723472560923177,0.731606925800787
buyer_N_gaspaid_high,`Fur_recoded_Death Bot`,grf_blp_single,3631,-0.130181145966253,0.194146756316083,-0.67052959542785,0.502520246632607,-0.510708788345775,0.25034649641327,-12.2063618118754,-39.9929894652557,28.4470403977969,0.723472560923177,0.731606925800787
buyer_N_gaspaid_high,Fur_recoded_Dmt,grf_blp_single,3631,-0.135221992827119,0.224835321436037,-0.601426821922142,0.547555738400998,-0.575899222841752,0.305455237187514,-12.6478025450177,-43.7800900830355,35.7242729752528,0.723472560923177,0.731606925800787
buyer_N_gaspaid_high,`Fur_recoded_Golden Brown`,grf_blp_single,3631,0.00498153618873731,0.101615212289671,0.0490235278408574,0.960900545973859,-0.194184279899018,0.204147352276492,0.499396466920876,-17.6493865342373,22.6478864594552,0.723472560923177,0.731606925800787
buyer_N_gaspaid_high,Fur_recoded_Gray,grf_blp_single,3631,-0.14547346452784,0.119743135096103,-1.21487937000385,0.224412103159822,-0.380170009316202,0.0892230802605218,-13.5387167320694,-31.6254843715881,9.33245282444091,0.723472560923177,0.731606925800787
buyer_N_gaspaid_high,Fur_recoded_Noise,grf_blp_single,3631,-0.0133636417196253,0.253519709092833,-0.0527124371018105,0.957961029429547,-0.510262271541578,0.483534988102328,-1.32747446962127,-39.9661893437753,62.1797315232348,0.723472560923177,0.731606925800787
buyer_N_gaspaid_high,Fur_recoded_Other_Fur,grf_blp_single,3631,0.107733511459357,0.355662785618017,0.302909148260068,0.761959099390835,-0.589365548351957,0.804832571270669,11.3750903982765,-44.5320909816165,123.63220429155,0.723472560923177,0.731606925800787
buyer_N_gaspaid_high,Fur_recoded_Pink,grf_blp_single,3631,0.0367653580003725,0.126331476902189,0.291022941407055,0.771033773818308,-0.210844336727918,0.284375052728663,3.74495630365779,-19.0099871226477,32.8931256591711,0.723472560923177,0.731606925800787
buyer_N_gaspaid_high,Fur_recoded_Red,grf_blp_single,3631,-0.018592078784821,0.104783729735232,-0.177432878480271,0.859168383719396,-0.223968189065876,0.186784031496234,-1.84203122343537,-20.0659438265119,20.5366935643721,0.723472560923177,0.731606925800787
buyer_N_gaspaid_high,Fur_recoded_Robot,grf_blp_single,3631,-0.186209636535113,0.203554593906613,-0.914789654025412,0.360302067218098,-0.585176640592074,0.212757367521847,-16.9900442454775,-44.2992537006236,23.7084457959034,0.723472560923177,0.731606925800787
buyer_N_gaspaid_high,Fur_recoded_Tan,grf_blp_single,3631,0.0687376658725836,0.110230165029162,0.623583080497054,0.532901425032951,-0.147313457584574,0.284788789329741,7.11551717298016,-13.6976586221292,32.9481197850449,0.723472560923177,0.731606925800787
buyer_N_gaspaid_high,Fur_recoded_White,grf_blp_single,3631,-0.0920018031955016,0.148002282663465,-0.621624217814937,0.534188992737302,-0.382086277215893,0.19808267082489,-8.78964951573293,-31.756382802757,21.9063170613843,0.723472560923177,0.731606925800787
buyer_N_gaspaid_high,Fur_recoded_Zombie,grf_blp_single,3631,0.0931103199265014,0.173047819635997,0.538061214075725,0.590534788324618,-0.246063406560052,0.432284046413055,9.7582813844622,-21.812735250125,54.0772703970314,0.723472560923177,0.731606925800787
buyer_N_gaspaid_high,`Hat_recoded_Baby's Bonnet`,grf_blp_single,3631,0.0457242624818774,0.166846953704084,0.274049129856892,0.784046866169375,-0.281295766778127,0.372744291741882,4.67857330590629,-24.5194943797048,45.1713077345061,0.723472560923177,0.731606925800787
buyer_N_gaspaid_high,`Hat_recoded_Bayc Flipped Brim`,grf_blp_single,3631,0.21710135036406,0.189735493044633,1.14423161887264,0.252527593482797,-0.154780216003422,0.588982916731542,24.2470020545634,-14.3396575479863,80.2154541723267,0.723472560923177,0.731606925800787
buyer_N_gaspaid_high,`Hat_recoded_Bayc Hat Black`,grf_blp_single,3631,0.0136894364734293,0.284459609729338,0.0481243593297999,0.96161713275598,-0.543851398596073,0.571230271542932,1.37835658444803,-41.9491826938933,77.0443838812642,0.723472560923177,0.731606925800787
buyer_N_gaspaid_high,`Hat_recoded_Bayc Hat Red`,grf_blp_single,3631,0.535961887208737,0.310287816338515,1.72730561429462,0.0841127914312067,-0.072202232814753,1.14412600723223,70.9091405019948,-6.96572690438734,213.969608566846,0.723472560923177,0.731606925800787
buyer_N_gaspaid_high,Hat_recoded_Beanie,grf_blp_single,3631,0.390755126898398,0.114469316029164,3.41362332241806,0.000641051387085719,0.166395267481236,0.615114986315559,47.8096523014042,18.1039836115996,84.9869296984172,0.723472560923177,0.731606925800787
buyer_N_gaspaid_high,Hat_recoded_Bowler,grf_blp_single,3631,0.0424161132341866,0.135737819614628,0.312485594321538,0.754671509400626,-0.223630013210483,0.308462239678857,4.33285312464624,-20.0389074874296,36.133010431514,0.723472560923177,0.731606925800787
buyer_N_gaspaid_high,`Hat_recoded_Bunny Ears`,grf_blp_single,3631,0.207645602093265,0.168119824753413,1.23510479741355,0.216791504183311,-0.121869254423424,0.537160458609954,23.0776907488582,-11.4735894697705,71.1141101208309,0.723472560923177,0.731606925800787
buyer_N_gaspaid_high,`Hat_recoded_Commie Hat`,grf_blp_single,3631,-0.122328403165712,0.14302604911071,-0.855287578216075,0.392391962585496,-0.402659459422703,0.158002653091279,-11.5142269297915,-33.1460274532552,17.1169301922608,0.723472560923177,0.731606925800787
buyer_N_gaspaid_high,`Hat_recoded_Cowboy Hat`,grf_blp_single,3631,0.0757138136456571,0.114297422649426,0.662428004854381,0.507696960887598,-0.148309134747218,0.299736762038532,7.86538339724345,-13.7835451278101,34.9503520259833,0.723472560923177,0.731606925800787
buyer_N_gaspaid_high,`Hat_recoded_Faux Hawk`,grf_blp_single,3631,0.0686218678158427,0.263106139668846,0.260814391873229,0.794235645365772,-0.447066165935095,0.58430990156678,7.10311412238318,-36.0498406346016,79.3752692494289,0.723472560923177,0.731606925800787
buyer_N_gaspaid_high,Hat_recoded_Fez,grf_blp_single,3631,0.0465582458870173,0.115720353517107,0.402334113852622,0.68743815176478,-0.180253647006512,0.273370138780547,4.76590991249533,-16.4941625510445,31.4386660274176,0.723472560923177,0.731606925800787
buyer_N_gaspaid_high,`Hat_recoded_Fisherman's Hat`,grf_blp_single,3631,-0.145851219621017,0.162415065415795,-0.898015336493734,0.369177373203455,-0.464184747835976,0.172482308593942,-13.5713717539977,-37.1352597509186,18.8250798601657,0.723472560923177,0.731606925800787
buyer_N_gaspaid_high,`Hat_recoded_Girl's Hair Pink`,grf_blp_single,3631,0.0763433735200343,0.247004973488542,0.309076260456657,0.757263517082247,-0.407786374517509,0.560473121557577,7.93331249493816,-33.4879049569245,75.1500977165928,0.723472560923177,0.731606925800787
buyer_N_gaspaid_high,`Hat_recoded_Girl's Hair Short`,grf_blp_single,3631,-0.00820612476022455,0.195716249848123,-0.041928683829741,0.966555550109251,-0.391809974462546,0.375397724942097,-0.817254643053145,-32.4167472801448,45.5570216088593,0.723472560923177,0.731606925800787
buyer_N_gaspaid_high,Hat_recoded_Halo,grf_blp_single,3631,0.0336702789920326,0.15488772282614,0.217385073378779,0.827908262794607,-0.269909657747203,0.337250215731268,3.42435386805,-23.6551537124549,40.1089594540015,0.723472560923177,0.731606925800787
buyer_N_gaspaid_high,Hat_recoded_Horns,grf_blp_single,3631,0.104876967293702,0.110189866597602,0.951784138887275,0.341206467651867,-0.111095171237597,0.320849105825002,11.0573965029494,-10.5146419446424,37.8297588124237,0.723472560923177,0.731606925800787
buyer_N_gaspaid_high,`Hat_recoded_Irish Boho`,grf_blp_single,3631,-0.108755670984647,0.186733660426063,-0.58241064164063,0.560290115276869,-0.474753645419729,0.257242303450436,-10.3050458473731,-37.7961720430086,29.3358474016165,0.723472560923177,0.731606925800787
buyer_N_gaspaid_high,Hat_recoded_No_Hat,grf_blp_single,3631,-0.0527771791458519,0.0629669017754268,-0.838173352312668,0.401933350841949,-0.176192306625688,0.0706379483339845,-5.14086451283922,-16.154327295172,7.31926043517077,0.723472560923177,0.731606925800787
buyer_N_gaspaid_high,Hat_recoded_Other_Hat,grf_blp_single,3631,-0.108410228743768,0.166342629986235,-0.651728476054147,0.514576349151843,-0.434441783516789,0.217621326029253,-10.274056069134,-35.2373918251374,24.3116242716391,0.723472560923177,0.731606925800787
buyer_N_gaspaid_high,`Hat_recoded_Party Hat 1`,grf_blp_single,3631,0.0143670300188488,0.234105487963894,0.0613698984325588,0.951064624729446,-0.444479726390384,0.473213786428082,1.44707318284749,-35.8842233262776,60.5144504407752,0.723472560923177,0.731606925800787
buyer_N_gaspaid_high,`Hat_recoded_Police Motorcycle Helmet`,grf_blp_single,3631,-0.447272461902326,0.246045023714441,-1.81784803102309,0.0690873631657451,-0.929520708382631,0.0349757845779778,-36.0630319338798,-60.5257138016646,3.55946311349546,0.723472560923177,0.731606925800787
buyer_N_gaspaid_high,`Hat_recoded_Prussian Helmet`,grf_blp_single,3631,0.10119136950189,0.213754549040741,0.473399840873579,0.635927943377095,-0.317767546617961,0.520150285621742,10.6488369631793,-27.222805819708,68.2280453265903,0.723472560923177,0.731606925800787
buyer_N_gaspaid_high,`Hat_recoded_S&m Hat`,grf_blp_single,3631,-0.0433417777551495,0.145961387057753,-0.296940023857134,0.766512298870148,-0.329426096388345,0.242742540878046,-4.2415946796083,-28.0663555224015,27.4740388325526,0.723472560923177,0.731606925800787
buyer_N_gaspaid_high,Hat_recoded_Safari,grf_blp_single,3631,-0.15533630401523,0.231986988722736,-0.669590587258682,0.503118816073491,-0.610030801911792,0.299358193881333,-14.3872789954261,-45.666586691329,34.8992737888105,0.723472560923177,0.731606925800787
buyer_N_gaspaid_high,`Hat_recoded_Sea Captain's Hat`,grf_blp_single,3631,-0.51803778257575,0.232792275686816,-2.22532204321369,0.0260596266894697,-0.974310642921908,-0.0617649222295909,-40.4311728162117,-62.2547536574125,-5.98961416637071,0.723472560923177,0.731606925800787
buyer_N_gaspaid_high,`Hat_recoded_Seaman's Hat`,grf_blp_single,3631,0.0395657349236451,0.110512072508091,0.358021834408618,0.720326973650489,-0.177037927192214,0.256169397039504,4.03588845491094,-16.2251989509373,29.1971565562288,0.723472560923177,0.731606925800787
buyer_N_gaspaid_high,`Hat_recoded_Short Mohawk`,grf_blp_single,3631,0.0862988807029398,0.166182810773477,0.519300884978852,0.60355093633733,-0.239419428413076,0.412017189818955,9.0132099067473,-21.2915312550451,50.986039033243,0.723472560923177,0.731606925800787
buyer_N_gaspaid_high,`Hat_recoded_Spinner Hat`,grf_blp_single,3631,0.0875610684955949,0.25012351033241,0.350071324279864,0.726285170821879,-0.402681011755928,0.577803148747118,9.15089192153027,-33.1474682968221,78.2119076681017,0.723472560923177,0.731606925800787
buyer_N_gaspaid_high,`Hat_recoded_Stuntman Helmet`,grf_blp_single,3631,-0.158329590934678,0.175326243690022,-0.903056995931569,0.366495646082024,-0.501969028567121,0.185309846697766,-14.6431592807397,-39.4662441472539,20.3591311151505,0.723472560923177,0.731606925800787
buyer_N_gaspaid_high,`Hat_recoded_Sushi Chef Headband`,grf_blp_single,3631,-0.0459312039938988,0.153301447695557,-0.299613634993938,0.76447188250652,-0.34640204147719,0.254539633489392,-4.48923324765213,-29.2771905086385,28.9867672286924,0.723472560923177,0.731606925800787
buyer_N_gaspaid_high,`Hat_recoded_Vietnam Era Helmet`,grf_blp_single,3631,0.125855754139105,0.182940305424233,0.687960774129295,0.49147748342799,-0.232707244492392,0.484418752770602,13.4118564575026,-20.761448520478,62.3231235929548,0.723472560923177,0.731606925800787
buyer_N_gaspaid_high,`Hat_recoded_Ww2 Pilot Helm`,grf_blp_single,3631,-0.228801510902383,0.201880152270664,-1.13335317181466,0.257065970889655,-0.624486609352884,0.166883587548117,-20.45135867838,-46.4463702718358,18.1616702403987,0.723472560923177,0.731606925800787
buyer_N_gaspaid_high,`Mouth_recoded_Bored Bubblegum`,grf_blp_single,3631,-0.324948827692806,0.271245811004996,-1.19798652922541,0.230922261259847,-0.856590617262599,0.206692961876986,-27.7435672020208,-57.5392733991398,22.960497821135,0.723472560923177,0.731606925800787
buyer_N_gaspaid_high,`Mouth_recoded_Bored Cigar`,grf_blp_single,3631,-0.0281381689668437,0.280803575260783,-0.100205878577976,0.92018087907761,-0.578513176477979,0.522236838544292,-2.77459778134229,-43.9268544198383,68.5794285085392,0.723472560923177,0.731606925800787
buyer_N_gaspaid_high,`Mouth_recoded_Bored Cigarette`,grf_blp_single,3631,-0.0372958526831357,0.114045028655478,-0.327027430505575,0.743647138343396,-0.260824108847873,0.186232403481602,-3.66089286507095,-22.9583582870451,20.4702204833033,0.723472560923177,0.731606925800787
buyer_N_gaspaid_high,`Mouth_recoded_Bored Pipe`,grf_blp_single,3631,-0.126925461035911,0.329105436764102,-0.385668077330758,0.699742507770296,-0.77197211709355,0.518121195021729,-11.9200675980485,-53.78991478811,67.8870414620263,0.723472560923177,0.731606925800787
buyer_N_gaspaid_high,`Mouth_recoded_Bored Unshaven`,grf_blp_single,3631,0.0654387937868673,0.073675177972557,0.888206796205398,0.374429523704308,-0.0789645550393443,0.209842142613079,6.76273898841124,-7.59273224156836,23.3483330132072,0.723472560923177,0.731606925800787
buyer_N_gaspaid_high,`Mouth_recoded_Bored Unshaven Cigar`,grf_blp_single,3631,-0.00259490908962465,0.227148981610293,-0.0114238200463368,0.990885308610173,-0.447806913045799,0.442617094866549,-0.25915452233044,-36.0971939897848,55.6776122633812,0.723472560923177,0.731606925800787
buyer_N_gaspaid_high,`Mouth_recoded_Bored Unshaven Cigarette`,grf_blp_single,3631,-0.122288130408362,0.141507385050386,-0.864181967356819,0.387487936626558,-0.399642605107118,0.155066344290395,-11.5106632919654,-32.9440342187849,16.7735431113797,0.723472560923177,0.731606925800787
buyer_N_gaspaid_high,Mouth_recoded_Discomfort,grf_blp_single,3631,-0.0609541753923187,0.148051891617822,-0.411708183706726,0.680553325925826,-0.35113588296325,0.229227532178613,-5.91336463803001,-29.6111899043986,25.7628157332565,0.723472560923177,0.731606925800787
buyer_N_gaspaid_high,Mouth_recoded_Dumbfounded,grf_blp_single,3631,-0.0146764275383955,0.0959487857205259,-0.152961055506676,0.87842898701562,-0.202736047550626,0.173383192473835,-1.45692537259359,-18.3506271495275,18.93217569235,0.723472560923177,0.731606925800787
buyer_N_gaspaid_high,Mouth_recoded_Grin,grf_blp_single,3631,0.00305327745240874,0.103850183537601,0.0294007901421113,0.976544942636064,-0.200493082281288,0.206599637186106,0.305794345166444,-18.1672849036804,22.9490231061308,0.723472560923177,0.731606925800787
buyer_N_gaspaid_high,Mouth_recoded_Jovial,grf_blp_single,3631,0.334119312593145,0.154844809079769,2.15776889505557,0.0309458043900856,0.0306234867967968,0.637615138389492,39.670977869904,3.10972090790447,89.1963423755104,0.723472560923177,0.731606925800787
buyer_N_gaspaid_high,Mouth_recoded_Other_Mouth,grf_blp_single,3631,-0.0297246723046545,0.116534544379663,-0.25507176831458,0.798667668726257,-0.258132379288794,0.198683034679485,-2.92872391334289,-22.7507036731137,21.9795271819509,0.723472560923177,0.731606925800787
buyer_N_gaspaid_high,`Mouth_recoded_Phoneme  ooo`,grf_blp_single,3631,0.0664294761905535,0.145943860763053,0.455171432653855,0.648985910814975,-0.21962049090503,0.352479443286137,6.86855936383355,-19.717658105525,42.2590411664012,0.723472560923177,0.731606925800787
buyer_N_gaspaid_high,`Mouth_recoded_Phoneme L`,grf_blp_single,3631,-0.149227660866972,0.145619172295616,-1.02478031233436,0.305466857955462,-0.434641238566378,0.136185916832435,-13.8627008347054,-35.2503077662448,14.5894914945011,0.723472560923177,0.731606925800787
buyer_N_gaspaid_high,`Mouth_recoded_Phoneme Oh`,grf_blp_single,3631,-0.0797734312883561,0.150000341403921,-0.531821664815698,0.594849516224299,-0.37377410044004,0.214227237863328,-7.66744806369348,-31.1867656934113,23.8904148740828,0.723472560923177,0.731606925800787
buyer_N_gaspaid_high,`Mouth_recoded_Phoneme Vuh`,grf_blp_single,3631,0.0236994091574392,0.125662408229544,0.18859585369515,0.850409582769215,-0.222598910972466,0.269997729287345,2.3982471871105,-19.956416905182,30.9961476183768,0.723472560923177,0.731606925800787
buyer_N_gaspaid_high,`Mouth_recoded_Phoneme Wah`,grf_blp_single,3631,-0.316680983078573,0.255844404393638,-1.23778741156806,0.215794897342344,-0.818136015690102,0.184774049532957,-27.1436857973311,-55.8746622198673,20.2946603071205,0.723472560923177,0.731606925800787
buyer_N_gaspaid_high,Mouth_recoded_Rage,grf_blp_single,3631,-0.057218245869917,0.167663195292872,-0.341268969435831,0.732901106007774,-0.385838108643947,0.271401616904113,-5.56120618933977,-32.0119416439002,31.1801806384757,0.723472560923177,0.731606925800787
buyer_N_gaspaid_high,`Mouth_recoded_Small Grin`,grf_blp_single,3631,-0.117665390851357,0.132075769333345,-0.890893094511397,0.37298652528631,-0.376533898744714,0.141203117041999,-11.1006531799602,-31.3764145241575,15.165854570683,0.723472560923177,0.731606925800787
buyer_N_gaspaid_high,`Mouth_recoded_Tongue Out`,grf_blp_single,3631,-0.063142893466505,0.158903504377117,-0.397366274041707,0.691097381954393,-0.374593762045654,0.248307975112644,-6.11906856132023,-31.2431461499262,28.1854650739612,0.723472560923177,0.731606925800787
buyer_N_gaspaid_high,`log_price_change_n-1`,grf_blp_single,3631,0.0141735066857627,0.0251273109889869,0.56406778632122,0.572708000368317,-0.0350760228526516,0.063423036224177,1.42744270665218,-3.44679890304382,6.54774794758744,0.723472560923177,0.731606925800787
buyer_N_1_gaspaid_high,log_price_1_sale,grf_blp_single,3501,0.0193231432465178,0.0210470014129526,0.918094832959247,0.358569219744698,-0.0219289795228694,0.060575266015905,1.95110435021335,-2.16902873934129,6.2447560756038,0.80874516832167,0.842464920836714
buyer_N_1_gaspaid_high,sold_after_30d,grf_blp_single,3501,0.226568386975684,0.0470812000242134,4.81228997687319,1.49210642668033e-06,0.134289234928225,0.318847539023142,25.4288383890166,14.3723576615699,37.554159250354,0.80874516832167,0.842464920836714
buyer_N_1_gaspaid_high,log_buyern_total_value,grf_blp_single,3501,-0.015211529241979,0.0162386252670779,-0.936749816674368,0.348887264506784,-0.0470392347654516,0.0166161762814937,-1.50964183411101,-4.5950035070558,1.67549927390331,0.80874516832167,0.842464920836714
buyer_N_1_gaspaid_high,log_buyern_rolling_avg_value_last10,grf_blp_single,3501,0.01201917189512,0.0308731162253299,0.389308672548543,0.697047821603747,-0.0484921359065265,0.0725304796967666,1.20916923958545,-4.73351688783424,7.52255781402889,0.80874516832167,0.842464920836714
buyer_N_1_gaspaid_high,log_sellern_total_value,grf_blp_single,3501,-0.0424988224589775,0.0193889667919157,-2.19190753767744,0.0283861837025076,-0.0805011973711323,-0.00449644754682274,-4.16084059342999,-7.73462011759286,-0.448635366109518,0.80874516832167,0.842464920836714
buyer_N_1_gaspaid_high,log_sellern_rolling_avg_value_last10,grf_blp_single,3501,-0.0665928336941894,0.0410505548961582,-1.62221518960324,0.104757280453088,-0.147051921290659,0.0138662539022807,-6.4423941156973,-13.6750844757584,1.3962836296608,0.80874516832167,0.842464920836714
buyer_N_1_gaspaid_high,log_buyern_1_total_value,grf_blp_single,3501,-0.0631874198684546,0.0154635143021048,-4.08622636704606,4.38446027060017e-05,-0.09349590790058,-0.0328789318363291,-6.12324864834606,-8.92582557356627,-3.23442952031432,0.80874516832167,0.842464920836714
buyer_N_1_gaspaid_high,log_buyern_1_rolling_avg_value_last10,grf_blp_single,3501,-0.0573174178184836,0.0335113616193901,-1.71038761329587,0.0871942200201073,-0.122999686592488,0.00836485095552101,-5.57057140415128,-11.5736060304262,0.839993407473627,0.80874516832167,0.842464920836714
buyer_N_1_gaspaid_high,log_sellern_1_total_value,grf_blp_single,3501,0.00908219893745168,0.0208604698923427,0.435378444700591,0.663287753758389,-0.0318043220515401,0.0499687199264434,0.912356724979158,-3.13038839965513,5.12382130531006,0.80874516832167,0.842464920836714
buyer_N_1_gaspaid_high,log_sellern_1_rolling_avg_value_last10,grf_blp_single,3501,-0.0179944311313922,0.0427793186288419,-0.420633888246653,0.674022443934265,-0.101841895643922,0.0658530333811379,-1.78334981007289,-9.68276641382334,6.80697350330424,0.80874516832167,0.842464920836714
buyer_N_1_gaspaid_high,log_unique_makers_count,grf_blp_single,3501,-0.244809593222069,0.0349352770569076,-7.00751829800256,2.42582301912927e-12,-0.313282736253608,-0.17633645019053,-21.7146415319657,-26.8956809066621,-16.1664122383279,0.80874516832167,0.842464920836714
buyer_N_1_gaspaid_high,log_median_offer_price,grf_blp_single,3501,-0.130368736183459,0.0197842572310289,-6.58951886144068,4.41254176965467e-11,-0.169145880356276,-0.0915915920106426,-12.2228294948961,-15.5614284888077,-8.75222633461043,0.80874516832167,0.842464920836714
buyer_N_1_gaspaid_high,log_buyern_avg_total_gaspaid,grf_blp_single,3501,-0.0238016843716494,0.019824825032006,-1.20059997166295,0.229906412057053,-0.0626583414343812,0.0150549726910824,-2.35206583286277,-6.07356734225013,1.51688696464962,0.80874516832167,0.842464920836714
buyer_N_1_gaspaid_high,log_sellern_avg_total_gaspaid,grf_blp_single,3501,-0.0442011948174511,0.0133824912418816,-3.30291229178016,0.00095686311061913,-0.0704308776515391,-0.0179715119833631,-4.32385573365959,-6.80078412138682,-1.78109874233208,0.80874516832167,0.842464920836714
buyer_N_1_gaspaid_high,log_sellern_1_avg_total_gaspaid,grf_blp_single,3501,-0.0253723913037077,0.0147499259048699,-1.72017076338876,0.0854014058037764,-0.0542822460772527,0.00353746346983732,-2.50532172840311,-5.28352647597052,0.35437276780288,0.80874516832167,0.842464920836714
buyer_N_1_gaspaid_high,log_buyern_avg_gasLimit_cost,grf_blp_single,3501,-4.00592720218201,3.77548503645568,-1.06103643995439,0.288673341096991,-11.4058778736351,3.39402346927113,-98.1792600510764,-99.9988870127783,2878.55527608324,0.80874516832167,0.842464920836714
buyer_N_1_gaspaid_high,log_buyern_1_avg_gasLimit_cost,grf_blp_single,3501,3.83022049528843,3.93619544398958,0.973076807234516,0.330515129970802,-3.88472257493115,11.545163565508,4507.26959266888,-97.9446469964959,10327533.775484,0.80874516832167,0.842464920836714
buyer_N_1_gaspaid_high,log_sellern_avg_gasLimit_cost,grf_blp_single,3501,-12.7161208000129,3.38594226120587,-3.7555633909375,0.000172951976834904,-19.3525676319764,-6.0796739680494,-99.9996997666685,-99.9999996061901,-99.7711077206754,0.80874516832167,0.842464920836714
buyer_N_1_gaspaid_high,log_sellern_1_avg_gasLimit_cost,grf_blp_single,3501,-1.87120928948492,3.58670698213938,-0.521706763000971,0.601874515150937,-8.9011549744781,5.15873639550827,-84.606260566013,-99.9863768508313,17294.4519602033,0.80874516832167,0.842464920836714
buyer_N_1_gaspaid_high,`time_n_sale_str_2021-06`,grf_blp_single,3501,0.12790472974,0.10519093589688,1.21592919246756,0.224011896432257,-0.078269504617885,0.334078964097885,13.6444728154744,-7.52848220524611,39.6653424698063,0.80874516832167,0.842464920836714
buyer_N_1_gaspaid_high,`time_n_sale_str_2021-07`,grf_blp_single,3501,0.0779892989835596,0.131352327625749,0.593741278843325,0.552685169511209,-0.179461263162908,0.335439861130027,8.11110896206391,-16.4279676521826,39.8555420115077,0.80874516832167,0.842464920836714
buyer_N_1_gaspaid_high,`time_n_sale_str_2021-08`,grf_blp_single,3501,0.0136040791834148,0.13425903266938,0.101327105617657,0.919290799752338,-0.249543624848571,0.2767517832154,1.36970357196795,-22.0843710487305,31.8838972434584,0.80874516832167,0.842464920836714
buyer_N_1_gaspaid_high,`time_n_sale_str_2021-09`,grf_blp_single,3501,-0.0445775425237731,0.229262280113946,-0.194439061242947,0.845832107053772,-0.493931611547106,0.40477652649956,-4.35985645628434,-38.9777486162645,49.896748311396,0.80874516832167,0.842464920836714
buyer_N_1_gaspaid_high,`time_n_sale_str_2021-10`,grf_blp_single,3501,-0.0857602882795661,0.175993031355858,-0.487293659407223,0.626050240413315,-0.430706629737048,0.259186053177916,-8.21857843226501,-34.9950411977565,29.5874884040933,0.80874516832167,0.842464920836714
buyer_N_1_gaspaid_high,`time_n_sale_str_2021-11`,grf_blp_single,3501,-0.225187274518872,0.188258072491545,-1.19616264810629,0.231633093828215,-0.594173096602301,0.143798547564556,-20.1633308979498,-44.7981156549668,15.4651477741402,0.80874516832167,0.842464920836714
buyer_N_1_gaspaid_high,`time_n_sale_str_2021-12`,grf_blp_single,3501,-0.0620056660643045,0.198313746211067,-0.312664488715328,0.754535577677917,-0.450700608637996,0.326689276509387,-6.01224386306992,-36.2818419714947,38.63706323248,0.80874516832167,0.842464920836714
buyer_N_1_gaspaid_high,`time_n_sale_str_2022-01`,grf_blp_single,3501,-0.0977211933505526,0.182291594756743,-0.536070757847918,0.591909649092016,-0.455012719073768,0.259570332372663,-9.30982812613865,-36.556010159096,29.6372957491369,0.80874516832167,0.842464920836714
buyer_N_1_gaspaid_high,`time_n_sale_str_2022-02`,grf_blp_single,3501,0.00365310577949859,0.366375877063668,0.00997092332818563,0.992044486041664,-0.71444361326529,0.721749824824287,0.365978650306942,-51.0535632469224,105.803125593213,0.80874516832167,0.842464920836714
buyer_N_1_gaspaid_high,`time_n_sale_str_2022-03`,grf_blp_single,3501,0.473896340144588,0.243572605678906,1.94560607020524,0.0517020772940474,-0.00350596698606859,0.951298647275244,60.6240475741869,-0.349982825996742,158.906976544359,0.80874516832167,0.842464920836714
buyer_N_1_gaspaid_high,`time_n_sale_str_2022-04`,grf_blp_single,3501,-0.224040552628078,0.224429832405637,-0.998265472226283,0.318150645736638,-0.663923024143126,0.215841918886969,-20.0717279302762,-48.5172313766084,24.0906199661747,0.80874516832167,0.842464920836714
buyer_N_1_gaspaid_high,`time_n_sale_str_2022-05`,grf_blp_single,3501,0.0585532558024288,0.246362738599907,0.237670908089389,0.812136349156778,-0.424317711853389,0.541424223458246,6.03014513956313,-34.578400329002,71.845258062387,0.80874516832167,0.842464920836714
buyer_N_1_gaspaid_high,`time_n_sale_str_2022-06`,grf_blp_single,3501,0.232917342242281,0.194993436570442,1.19448811374807,0.232287087532431,-0.149269793435786,0.615104477920348,26.2277138017163,-13.8663299439376,84.9849857928647,0.80874516832167,0.842464920836714
buyer_N_1_gaspaid_high,`time_n_sale_str_2022-07`,grf_blp_single,3501,0.0898213980391268,0.376202776246069,0.23875793510991,0.81129328986458,-0.647536043403168,0.827178839481422,9.39788794829117,-47.6666339109758,128.68580376023,0.80874516832167,0.842464920836714
buyer_N_1_gaspaid_high,`time_n_sale_str_2022-08`,grf_blp_single,3501,-0.138548489028937,0.214223360910967,-0.646747807707671,0.517795176305232,-0.558426276414433,0.281329298356559,-12.937896532294,-42.7891303274048,32.4889816148412,0.80874516832167,0.842464920836714
buyer_N_1_gaspaid_high,`time_n_sale_str_2022-09`,grf_blp_single,3501,0.0663368124140611,0.312270839294968,0.212433580297903,0.831768790275423,-0.545714032604076,0.678387657432198,6.8586569783379,-42.057209481983,97.0697729454965,0.80874516832167,0.842464920836714
buyer_N_1_gaspaid_high,`time_n_sale_str_2022-10`,grf_blp_single,3501,0.0768731388396252,0.726808090690936,0.105768138555731,0.915766316704332,-1.34767071891461,1.50141699659386,7.99050696921337,-74.0155192111519,348.804410995687,0.80874516832167,0.842464920836714
buyer_N_1_gaspaid_high,`time_n_sale_str_2022-11`,grf_blp_single,3501,0.492515521709298,0.275648217310241,1.78675387969215,0.073977276536899,-0.0477549842187731,1.03278602763737,63.6427515701997,-4.66326514910909,180.888056249766,0.80874516832167,0.842464920836714
buyer_N_1_gaspaid_high,`time_n_sale_str_2022-12`,grf_blp_single,3501,-0.535273213508115,0.315939537694909,-1.69422674165273,0.090222205155458,-1.15451470739014,0.083968280373907,-41.4490700759729,-68.4789530896814,8.75943951741314,0.80874516832167,0.842464920836714
buyer_N_1_gaspaid_high,`time_n_sale_str_2023-01`,grf_blp_single,3501,0.0557177291113403,0.299632746289623,0.18595340396301,0.852481302166193,-0.531562453616322,0.642997911839002,5.72991968276428,-41.2313980189882,90.2174892595823,0.80874516832167,0.842464920836714
buyer_N_1_gaspaid_high,`time_n_sale_str_2023-02`,grf_blp_single,3501,-0.0816318109706862,0.210595095846878,-0.387624463154832,0.698293962709544,-0.494398198830566,0.331134576889194,-7.83887766225108,-39.0062141814165,39.2547184366719,0.80874516832167,0.842464920836714
buyer_N_1_gaspaid_high,`time_n_sale_str_2023-03`,grf_blp_single,3501,0.213600667220418,0.268294341642701,0.796143019314505,0.425948912240351,-0.312256242399277,0.739457576840112,23.812813091223,-26.8206012445745,109.479893881003,0.80874516832167,0.842464920836714
buyer_N_1_gaspaid_high,`time_n_sale_str_2023-04`,grf_blp_single,3501,0.0671554376462553,0.264416227917883,0.253976233512835,0.799513919123386,-0.451100369072796,0.585411244365307,6.94616998650985,-36.3073088793827,79.5729317375498,0.80874516832167,0.842464920836714
buyer_N_1_gaspaid_high,`time_n_sale_str_2023-05`,grf_blp_single,3501,-0.162020038343315,0.260752547669242,-0.621355533403393,0.53436572241356,-0.673095031775029,0.349054955088398,-14.9575836721853,-48.9872728162876,41.7727099519293,0.80874516832167,0.842464920836714
buyer_N_1_gaspaid_high,`time_n_sale_str_2023-06`,grf_blp_single,3501,-0.0500202412456167,0.162783200838981,-0.307281347140329,0.758629232172829,-0.369075314890019,0.269034832398785,-4.87898293728433,-30.8626662217488,30.8700725438115,0.80874516832167,0.842464920836714
buyer_N_1_gaspaid_high,`time_n_sale_str_2023-07`,grf_blp_single,3501,-0.087471825153811,0.161708383351772,-0.540923255435245,0.588560481025904,-0.404420256523284,0.229476606215662,-8.37553136596775,-33.263640157836,25.7941438868347,0.80874516832167,0.842464920836714
buyer_N_1_gaspaid_high,`time_n_sale_str_2023-08`,grf_blp_single,3501,0.0475868205762255,0.239511062936423,0.198683183953208,0.842510579038784,-0.421854862779163,0.517028503931614,4.87372491410869,-34.4170782283681,67.7036929775455,0.80874516832167,0.842464920836714
buyer_N_1_gaspaid_high,`time_n_sale_str_2023-09`,grf_blp_single,3501,-0.220465070927569,0.326873527185333,-0.674465971062159,0.500015113024554,-0.861137184210822,0.420207042355684,-19.785434342395,-57.731885741052,52.2276698747232,0.80874516832167,0.842464920836714
buyer_N_1_gaspaid_high,`time_n_sale_str_2023-10`,grf_blp_single,3501,-0.0403110889370856,0.165423950951501,-0.243683509583833,0.807475945878772,-0.364542032802028,0.283919854927856,-3.95094053270499,-30.5485357017558,32.8326467666024,0.80874516832167,0.842464920836714
buyer_N_1_gaspaid_high,`time_n_sale_str_2023-11`,grf_blp_single,3501,-0.189786908603627,0.157445238318865,-1.20541535984253,0.228042994834878,-0.498379575708601,0.118805758501348,-17.2864629403452,-39.2485706536111,12.6151151754846,0.80874516832167,0.842464920836714
buyer_N_1_gaspaid_high,`time_n_sale_str_2023-12`,grf_blp_single,3501,-0.0619222400919672,0.110882504253682,-0.558449148571705,0.576537719450807,-0.279251948429184,0.15540746824525,-6.00440251604494,-24.3650681815375,16.8133841592098,0.80874516832167,0.842464920836714
buyer_N_1_gaspaid_high,`time_n_sale_str_2024-01`,grf_blp_single,3501,-0.190381332969552,0.0929438293358869,-2.04834828013744,0.0405258854209731,-0.37255123846789,-0.00821142747121315,-17.3356152720462,-31.1025651336585,-0.817780579092386,0.80874516832167,0.842464920836714
buyer_N_1_gaspaid_high,`time_n_sale_str_2024-02`,grf_blp_single,3501,0.13149903297658,0.12368917936083,1.06314096072192,0.287718031451917,-0.110931758570648,0.373929824523807,14.0536804796036,-10.5000177087695,45.3435151374114,0.80874516832167,0.842464920836714
buyer_N_1_gaspaid_high,`time_n_sale_str_2024-03`,grf_blp_single,3501,-0.106812274990428,0.106642541013024,-1.0015916160267,0.316540871866683,-0.315831655375956,0.1022071053951,-10.1305635435814,-27.0817806262012,10.7612840570315,0.80874516832167,0.842464920836714
buyer_N_1_gaspaid_high,`time_n_sale_str_2024-04`,grf_blp_single,3501,-0.00717398318483401,0.120050769413048,-0.0597579109230956,0.952348447853323,-0.242473491234408,0.22812552486474,-0.714831159333729,-21.5315451678225,25.6243005269084,0.80874516832167,0.842464920836714
buyer_N_1_gaspaid_high,`time_n_sale_str_2024-05`,grf_blp_single,3501,0.21005066095197,0.133276540664196,1.57605126832647,0.115013988407509,-0.0511713587498531,0.471272680653794,23.374056084485,-4.9884154081458,60.203177119126,0.80874516832167,0.842464920836714
buyer_N_1_gaspaid_high,`time_n_sale_str_2024-06`,grf_blp_single,3501,-0.131701229338245,0.154120274090588,-0.854535395264314,0.392808406334972,-0.433776966555798,0.170374507879308,-12.3397140824897,-35.1943222296723,18.5748840460093,0.80874516832167,0.842464920836714
buyer_N_1_gaspaid_high,`time_n_sale_str_2024-07`,grf_blp_single,3501,0.0903183688863911,0.220259137815954,0.410055036907754,0.681765574943131,-0.341389541232879,0.522026279005662,9.45226902113843,-28.9218024615464,68.543936238599,0.80874516832167,0.842464920836714
buyer_N_1_gaspaid_high,`time_n_sale_str_2024-08`,grf_blp_single,3501,-0.130439396968019,0.237919737335382,-0.548249583783568,0.583520540039827,-0.596762082145368,0.33588328820933,-12.2290316795022,-44.9408476901724,39.9175714977867,0.80874516832167,0.842464920836714
buyer_N_1_gaspaid_high,`time_n_sale_str_2024-09`,grf_blp_single,3501,0.0641589149940882,0.230210892973854,0.278696260482231,0.780477932560195,-0.387054435234666,0.515372265222842,6.62618302910005,-32.0945870550354,67.426165518933,0.80874516832167,0.842464920836714
buyer_N_1_gaspaid_high,`time_n_sale_str_2024-10`,grf_blp_single,3501,-0.380911999480683,0.173548589282691,-2.19484353664333,0.0281748232609013,-0.721067234474757,-0.0407567644866082,-31.6761987725654,-51.3766945724006,-3.9937377125275,0.80874516832167,0.842464920836714
buyer_N_1_gaspaid_high,`time_n_sale_str_2024-11`,grf_blp_single,3501,0.0573309237886325,0.156253685286847,0.366909258385719,0.713686705188666,-0.248926299373587,0.363588146950852,5.90062027605207,-22.0362568965616,43.8481649088236,0.80874516832167,0.842464920836714
buyer_N_1_gaspaid_high,`time_n_sale_str_2024-12`,grf_blp_single,3501,0.0692341116139381,0.117629073217212,0.5885799294371,0.556143100926661,-0.161318871891797,0.299787095119674,7.16870741725637,-14.8979338731251,34.9571446639477,0.80874516832167,0.842464920836714
buyer_N_1_gaspaid_high,`time_n_sale_str_2025-01`,grf_blp_single,3501,0.294884395667425,0.182240642809859,1.61810445310541,0.105640089000117,-0.0623072642398974,0.652076055574748,34.2971096434685,-6.04058612464686,91.9521729085712,0.80874516832167,0.842464920836714
buyer_N_1_gaspaid_high,`time_n_sale_str_2025-02`,grf_blp_single,3501,-0.0274775252042688,0.197375713150236,-0.139214317535379,0.889280794917343,-0.414333922978731,0.359378872570194,-2.71034520410742,-33.9219735292471,43.2439410776504,0.80874516832167,0.842464920836714
buyer_N_1_gaspaid_high,`time_n_sale_str_2025-03`,grf_blp_single,3501,0.0297194979697545,0.39519915733884,0.0752013191775946,0.940054534776611,-0.744870850414372,0.804309846353881,3.01655298996741,-52.5204384362604,123.515336713629,0.80874516832167,0.842464920836714
buyer_N_1_gaspaid_high,`time_n-1_sale_str_2021-06`,grf_blp_single,3501,0.120739514656344,0.106385704291887,1.13492236066864,0.256407850056402,-0.0877764657557546,0.329255495068442,12.8330960405938,-8.40343964803142,38.9932931235037,0.80874516832167,0.842464920836714
buyer_N_1_gaspaid_high,`time_n-1_sale_str_2021-07`,grf_blp_single,3501,-0.435126943563688,0.130448530338825,-3.33562166191905,0.000851089042184469,-0.690806063027784,-0.179447824099591,-35.2817493790446,-49.8828069956196,-16.4268445148015,0.80874516832167,0.842464920836714
buyer_N_1_gaspaid_high,`time_n-1_sale_str_2021-08`,grf_blp_single,3501,-0.0406278114539416,0.0939076086829341,-0.432635992160291,0.665279237317212,-0.224686724472492,0.143431101564609,-3.9813566155777,-20.1233586463063,15.4227283613563,0.80874516832167,0.842464920836714
buyer_N_1_gaspaid_high,`time_n-1_sale_str_2021-09`,grf_blp_single,3501,-0.322294815677908,0.215650720096012,-1.49452232542704,0.135039151124829,-0.744970227066092,0.100380595710277,-27.5515430567416,-52.5251565616741,10.5591621440059,0.80874516832167,0.842464920836714
buyer_N_1_gaspaid_high,`time_n-1_sale_str_2021-10`,grf_blp_single,3501,-0.0759287539602556,0.140217165105518,-0.541508266146422,0.588157301658161,-0.350754397567071,0.198896889646559,-7.3117759104015,-29.5843324787606,22.0056158992216,0.80874516832167,0.842464920836714
buyer_N_1_gaspaid_high,`time_n-1_sale_str_2021-11`,grf_blp_single,3501,0.0474124350845781,0.190273509831706,0.249180430457785,0.803221216321264,-0.325523644185566,0.420348514354722,4.85543805255666,-27.7850894563195,52.2492073509283,0.80874516832167,0.842464920836714
buyer_N_1_gaspaid_high,`time_n-1_sale_str_2021-12`,grf_blp_single,3501,0.446282242568117,0.238994585775907,1.86733201975786,0.0618552365819686,-0.0221471455526598,0.914711630688894,56.2492406174231,-2.19036980589924,149.605536234753,0.80874516832167,0.842464920836714
buyer_N_1_gaspaid_high,`time_n-1_sale_str_2022-01`,grf_blp_single,3501,0.38643206353301,0.179308120947798,2.15512862156149,0.0311517705475263,0.0349881464753252,0.737875980590695,47.1720410184982,3.56074331286065,109.148843129834,0.80874516832167,0.842464920836714
buyer_N_1_gaspaid_high,`time_n-1_sale_str_2022-02`,grf_blp_single,3501,0.538405793659733,0.26278832768059,2.04881928513258,0.0404797892623713,0.0233406714057757,1.05347091591369,71.327337261735,2.36151965830975,186.758701816649,0.80874516832167,0.842464920836714
buyer_N_1_gaspaid_high,`time_n-1_sale_str_2022-03`,grf_blp_single,3501,0.573014996249831,0.221226983314244,2.59016774385016,0.00959291749120143,0.139410108953913,1.00661988354575,77.3606414998412,14.9595462734606,173.63362306952,0.80874516832167,0.842464920836714
buyer_N_1_gaspaid_high,`time_n-1_sale_str_2022-04`,grf_blp_single,3501,0.404228418143512,0.313496243229385,1.28942029409819,0.197252009860658,-0.210224218586082,1.01868105487311,49.8146111631871,-18.9597481709222,176.953948333163,0.80874516832167,0.842464920836714
buyer_N_1_gaspaid_high,`time_n-1_sale_str_2022-05`,grf_blp_single,3501,-0.107776057583049,0.268990880394467,-0.400668072556952,0.688664520208199,-0.634998183156203,0.419446067990106,-10.2171364166313,-47.0063548871552,52.1118725851894,0.80874516832167,0.842464920836714
buyer_N_1_gaspaid_high,`time_n-1_sale_str_2022-06`,grf_blp_single,3501,0.573779263523032,0.205467797066135,2.79255081193257,0.00522942537184138,0.171062381273407,0.976496145772656,77.4962442454632,18.6564766134139,165.513671233379,0.80874516832167,0.842464920836714
buyer_N_1_gaspaid_high,`time_n-1_sale_str_2022-07`,grf_blp_single,3501,0.503993356827935,0.341492128920932,1.47585643751288,0.139982436098092,-0.165331215857092,1.17331792951296,65.5318366555798,-15.2387085248499,223.270073752979,0.80874516832167,0.842464920836714
buyer_N_1_gaspaid_high,`time_n-1_sale_str_2022-08`,grf_blp_single,3501,0.360824355338077,0.153907552168103,2.34442267617883,0.0190565614958183,0.0591655530885953,0.66248315758756,43.4511474466213,6.09508698951424,93.9602698642031,0.80874516832167,0.842464920836714
buyer_N_1_gaspaid_high,`time_n-1_sale_str_2022-09`,grf_blp_single,3501,0.789107874295949,0.233680212824442,3.37687074467356,0.000733154936743231,0.331094657160043,1.24712109143186,120.143159623586,39.2491595369845,248.030902952659,0.80874516832167,0.842464920836714
buyer_N_1_gaspaid_high,`time_n-1_sale_str_2022-10`,grf_blp_single,3501,-0.0354244826277162,0.442496639308154,-0.0800559359797685,0.936192768206127,-0.902717895671698,0.831868930416265,-3.48043794851235,-59.4533853881105,129.760880107589,0.80874516832167,0.842464920836714
buyer_N_1_gaspaid_high,`time_n-1_sale_str_2022-11`,grf_blp_single,3501,0.0137502758100971,0.311752247122464,0.0441064208422391,0.964819574675306,-0.597284128549932,0.624784680170126,1.3845245640411,-44.9695836212767,86.7843730335795,0.80874516832167,0.842464920836714
buyer_N_1_gaspaid_high,`time_n-1_sale_str_2022-12`,grf_blp_single,3501,-0.125854288146627,0.332990340951459,-0.377951768171479,0.70546642431164,-0.778515356411487,0.526806780118232,-11.8256682123645,-54.0912913697443,69.3515896692456,0.80874516832167,0.842464920836714
buyer_N_1_gaspaid_high,`time_n-1_sale_str_2023-01`,grf_blp_single,3501,1.49459940478977,0.280309715924165,5.33195718836273,9.71598478486565e-08,0.945192361578405,2.04400644800113,345.755052174559,157.33083366347,672.148303063419,0.80874516832167,0.842464920836714
buyer_N_1_gaspaid_high,`time_n-1_sale_str_2023-02`,grf_blp_single,3501,0.347886893074702,0.37730769593682,0.922024376446739,0.356515860785992,-0.391636190961465,1.08740997711087,41.607207312346,-32.4050014052826,196.65806020697,0.80874516832167,0.842464920836714
buyer_N_1_gaspaid_high,`time_n-1_sale_str_2023-03`,grf_blp_single,3501,0.431199733508294,0.314379408306271,1.37159025723535,0.170191028486505,-0.184983906771997,1.04738337378858,53.9102929686599,-16.8882340889515,185.018348750423,0.80874516832167,0.842464920836714
buyer_N_1_gaspaid_high,`time_n-1_sale_str_2023-04`,grf_blp_single,3501,-0.199097659483673,0.36325464865133,-0.548093906637866,0.583627424324691,-0.91107677084028,0.512881451872934,-18.0530139578451,-59.7908969046616,67.0096571284043,0.80874516832167,0.842464920836714
buyer_N_1_gaspaid_high,`time_n-1_sale_str_2023-05`,grf_blp_single,3501,0.323190312272861,0.340545222983664,0.94903786769126,0.34260135288569,-0.34427832477512,0.990658949320842,38.1528247669432,-29.1268356979036,169.300844389152,0.80874516832167,0.842464920836714
buyer_N_1_gaspaid_high,`time_n-1_sale_str_2023-06`,grf_blp_single,3501,-0.36058125199702,0.0862841767177488,-4.17899626227584,2.92798497311612e-05,-0.529698238363807,-0.191464265630232,-30.2729081853274,-41.1217385121018,-17.4250867795903,0.80874516832167,0.842464920836714
buyer_N_1_gaspaid_high,`time_n-1_sale_str_2023-07`,grf_blp_single,3501,-0.484921053346676,0.148787148652735,-3.25915952915038,0.00111742814492735,-0.776543864706038,-0.193298241987315,-38.425419408383,-54.0006934542969,-17.5763884338882,0.80874516832167,0.842464920836714
buyer_N_1_gaspaid_high,`time_n-1_sale_str_2023-08`,grf_blp_single,3501,-0.530153817825242,0.156523571070736,-3.38705419380992,0.000706474309696034,-0.836940017123885,-0.223367618526599,-41.148556129519,-56.6966426538932,-20.0179233688965,0.80874516832167,0.842464920836714
buyer_N_1_gaspaid_high,`time_n-1_sale_str_2023-09`,grf_blp_single,3501,-0.24601707947599,0.203608638956245,-1.20828409215416,0.226938005257994,-0.645090011830229,0.15305585287825,-21.8091129782343,-47.5384681603697,16.5390067514584,0.80874516832167,0.842464920836714
buyer_N_1_gaspaid_high,`time_n-1_sale_str_2023-10`,grf_blp_single,3501,-0.16279925404455,0.100366327551969,-1.62205052247481,0.1047925308638,-0.35951725604641,0.03391874795731,-15.0238242470592,-30.1986793594065,3.45005480305023,0.80874516832167,0.842464920836714
buyer_N_1_gaspaid_high,`time_n-1_sale_str_2023-11`,grf_blp_single,3501,-0.24913911289023,0.085799394594332,-2.90373975327197,0.0036873452550059,-0.417305926295121,-0.080972299485339,-22.0528468695542,-34.118066104829,-7.77807629617103,0.80874516832167,0.842464920836714
buyer_N_1_gaspaid_high,`time_n-1_sale_str_2023-12`,grf_blp_single,3501,-0.381472222951132,0.0781769963727105,-4.87959682068694,1.06302927859373e-06,-0.534699135841645,-0.22824531006062,-31.7144646498813,-41.4154476447324,-20.4071013502751,0.80874516832167,0.842464920836714
buyer_N_1_gaspaid_high,`time_n-1_sale_str_2024-01`,grf_blp_single,3501,-0.29987363142773,0.0584103572387973,-5.13391195677447,2.83780888121262e-07,-0.414357931615773,-0.185389331239687,-25.9088157262105,-33.9235599535571,-16.9219228028289,0.80874516832167,0.842464920836714
buyer_N_1_gaspaid_high,`time_n-1_sale_str_2024-02`,grf_blp_single,3501,-0.350924325976092,0.0751972834028082,-4.66671547290213,3.06052672889194e-06,-0.498311001445596,-0.203537650506588,-29.5962970845206,-39.2444045262743,-18.4160513025564,0.80874516832167,0.842464920836714
buyer_N_1_gaspaid_high,`time_n-1_sale_str_2024-03`,grf_blp_single,3501,-0.18342055162907,0.0429054337978323,-4.27499585468209,1.91140851060703e-05,-0.267515201872821,-0.0993259013853184,-16.7581992634547,-23.4721303135024,-9.4552426684721,0.80874516832167,0.842464920836714
buyer_N_1_gaspaid_high,`time_n-1_sale_str_2024-04`,grf_blp_single,3501,-0.138568950375478,0.0463905309493146,-2.98700936462391,0.00281721092668478,-0.229494391036135,-0.0476435097148213,-12.9396779219387,-20.5064572610576,-4.65263694150712,0.80874516832167,0.842464920836714
buyer_N_1_gaspaid_high,`time_n-1_sale_str_2024-05`,grf_blp_single,3501,-0.271991776664623,0.0596643633934243,-4.55869737302182,5.14718775408511e-06,-0.388933928915734,-0.155049624413511,-23.8139473901305,-32.2220949868646,-14.3627320562812,0.80874516832167,0.842464920836714
buyer_N_1_gaspaid_high,`time_n-1_sale_str_2024-06`,grf_blp_single,3501,-0.231415313242845,0.0476072549499093,-4.86092536707551,1.16838299863529e-06,-0.324725532944668,-0.138105093541023,-20.6590116031735,-27.7274309185512,-12.8992850289975,0.80874516832167,0.842464920836714
buyer_N_1_gaspaid_high,`time_n-1_sale_str_2024-07`,grf_blp_single,3501,-0.181645936195311,0.1412857634648,-1.28566340826382,0.198560556915959,-0.458566032586319,0.0952741601956973,-16.6103459265293,-36.7810464963823,9.9960379144078,0.80874516832167,0.842464920836714
buyer_N_1_gaspaid_high,`time_n-1_sale_str_2024-08`,grf_blp_single,3501,-0.112063911209215,0.0537050573589552,-2.08665471596463,0.0369193574472293,-0.217325823632767,-0.00680199878566277,-10.6012880123344,-19.5332253180259,-0.677891755440885,0.80874516832167,0.842464920836714
buyer_N_1_gaspaid_high,`time_n-1_sale_str_2024-09`,grf_blp_single,3501,-0.224020244656321,0.080601866964804,-2.77934312308352,0.00544689560166444,-0.381999903907336,-0.0660405854053049,-20.0701047327025,-31.7504881211839,-6.39071281879516,0.80874516832167,0.842464920836714
buyer_N_1_gaspaid_high,`time_n-1_sale_str_2024-10`,grf_blp_single,3501,-0.261288002311211,0.077533978465683,-3.36998058763176,0.000751734792570194,-0.41325460010395,-0.109321404518472,-22.9940891127515,-33.8506155015083,-10.3557749398248,0.80874516832167,0.842464920836714
buyer_N_1_gaspaid_high,`time_n-1_sale_str_2024-11`,grf_blp_single,3501,-0.279109819250672,0.0819981522726114,-3.40385498349698,0.000664420174812964,-0.439826197704991,-0.118393440796354,-24.3543174868357,-35.5851634180961,-11.1653527893914,0.80874516832167,0.842464920836714
buyer_N_1_gaspaid_high,`time_n-1_sale_str_2024-12`,grf_blp_single,3501,-0.271368918060168,0.0581054605771211,-4.6702825408292,3.00785743164425e-06,-0.385255620791325,-0.15748221532901,-23.7664794703565,-31.9723278896392,-14.5707993224354,0.80874516832167,0.842464920836714
buyer_N_1_gaspaid_high,`time_n-1_sale_str_2025-01`,grf_blp_single,3501,-0.141528733007587,0.0364767697388348,-3.87996892325993,0.000104469811699627,-0.213023201695703,-0.0700342643194709,-13.1969765892731,-19.1862613158767,-6.76381273864405,0.80874516832167,0.842464920836714
buyer_N_1_gaspaid_high,`time_n-1_sale_str_2025-02`,grf_blp_single,3501,-0.25139568786795,0.120900318990466,-2.07936331324133,0.0375839698316696,-0.488360313089265,-0.0144310626466362,-22.2285421555446,-38.6368266340123,-1.43274339517119,0.80874516832167,0.842464920836714
buyer_N_1_gaspaid_high,`time_n-1_sale_str_2025-03`,grf_blp_single,3501,0.120814997000916,0.15977677157341,0.756148693024546,0.449560050337329,-0.192347475282969,0.4339774692848,12.8416132686744,-17.497985542836,54.3384094177278,0.80874516832167,0.842464920836714
buyer_N_1_gaspaid_high,`Background_recoded_Army Green`,grf_blp_single,3501,-0.0587798196731955,0.0864690259441306,-0.679778903849042,0.496644466376956,-0.228259110523691,0.1106994711773,-5.70856425057911,-20.4081997615544,11.7059147933754,0.80874516832167,0.842464920836714
buyer_N_1_gaspaid_high,Background_recoded_Blue,grf_blp_single,3501,0.083005949006475,0.0884205893168215,0.938762675614554,0.347852606123079,-0.0902984060544951,0.256310304067445,8.65482724117193,-8.63414966408584,29.215362626229,0.80874516832167,0.842464920836714
buyer_N_1_gaspaid_high,Background_recoded_Gray,grf_blp_single,3501,0.0387046393616817,0.0860458861601616,0.449813943337614,0.65284460307807,-0.129945297512235,0.207354576235598,3.94634217256378,-12.1856533761059,23.0418771699399,0.80874516832167,0.842464920836714
buyer_N_1_gaspaid_high,`Background_recoded_New Punk Blue`,grf_blp_single,3501,-0.127245027128078,0.0740994559777698,-1.71721945119614,0.0859390828435326,-0.272479960844507,0.0179899065883507,-11.9482104608527,-23.8511311387451,1.81526997036106,0.80874516832167,0.842464920836714
buyer_N_1_gaspaid_high,Background_recoded_Orange,grf_blp_single,3501,0.165648318642888,0.100135130572275,1.65424779192082,0.0980771759730938,-0.0306165372787697,0.361913174564547,18.0157989170644,-3.01525978958268,43.6074248775167,0.80874516832167,0.842464920836714
buyer_N_1_gaspaid_high,Background_recoded_Purple,grf_blp_single,3501,0.00799219158090652,0.0888187939787306,0.0899831130652417,0.928300634205739,-0.166092644617405,0.182077027779218,0.80242143980207,-15.3032236449894,19.9706601056056,0.80874516832167,0.842464920836714
buyer_N_1_gaspaid_high,Background_recoded_Yellow,grf_blp_single,3501,-0.103376949799671,0.0777139618135704,-1.33022364819932,0.183444594777937,-0.255696314954269,0.0489424153549273,-9.82130190163371,-22.5622900167473,5.01598759151101,0.80874516832167,0.842464920836714
buyer_N_1_gaspaid_high,`Clothes_recoded_Bayc T Black`,grf_blp_single,3501,-0.0403525590494662,0.216473230213325,-0.18640900313494,0.852124032689838,-0.464640090267583,0.38393497216865,-3.95492361540514,-37.1638782185102,46.8049974471857,0.80874516832167,0.842464920836714
buyer_N_1_gaspaid_high,`Clothes_recoded_Bayc T Red`,grf_blp_single,3501,-0.00588102025965783,0.373785569417716,-0.0157336739051197,0.987446862426919,-0.738500736318381,0.726738695799065,-0.586376091077923,-52.2170228419025,106.832416197193,0.80874516832167,0.842464920836714
buyer_N_1_gaspaid_high,`Clothes_recoded_Biker Vest`,grf_blp_single,3501,0.0553359629000211,0.119059315954458,0.464776422209481,0.642091574031815,-0.178020296370716,0.288692222170759,5.68956327575036,-16.3074563232542,33.4680880122722,0.80874516832167,0.842464920836714
buyer_N_1_gaspaid_high,`Clothes_recoded_Black Holes T`,grf_blp_single,3501,-0.285521206901462,0.212205356833369,-1.34549481295924,0.17846549525542,-0.701443706294865,0.130401292491941,-24.837759857288,-50.4131102273206,13.9285478312719,0.80874516832167,0.842464920836714
buyer_N_1_gaspaid_high,`Clothes_recoded_Black T`,grf_blp_single,3501,-0.198089757778654,0.147091461845967,-1.34671146300859,0.178073178968777,-0.486389022996749,0.0902095074394404,-17.9703778133323,-38.5157427117534,9.44035453728649,0.80874516832167,0.842464920836714
buyer_N_1_gaspaid_high,`Clothes_recoded_Bone Necklace`,grf_blp_single,3501,0.039499625973755,0.194367449361111,0.203221404116744,0.838961983819301,-0.341460574774023,0.420459826721533,4.02901097890818,-28.926851218298,52.2661555137961,0.80874516832167,0.842464920836714
buyer_N_1_gaspaid_high,`Clothes_recoded_Bone Tee`,grf_blp_single,3501,-0.292761501727738,0.149826479388547,-1.95400374434826,0.0507007743745725,-0.58642140132929,0.000898397873814627,-25.3799913092065,-44.3685446683659,0.0898801554063855,0.80874516832167,0.842464920836714
buyer_N_1_gaspaid_high,`Clothes_recoded_Caveman Pelt`,grf_blp_single,3501,-0.3061640197672,0.160151516716864,-1.91171476888649,0.0559127889610164,-0.620060992532253,0.00773295299785259,-26.3734152601019,-46.2088371998205,0.776292949802304,0.80874516832167,0.842464920836714
buyer_N_1_gaspaid_high,`Clothes_recoded_Cowboy Shirt`,grf_blp_single,3501,-0.280843796116675,0.348741162350876,-0.805307277820313,0.420642383061422,-0.964376474324391,0.402688882091041,-24.4853716950076,-61.8779173378117,49.5841436201806,0.80874516832167,0.842464920836714
buyer_N_1_gaspaid_high,Clothes_recoded_Guayabera,grf_blp_single,3501,-0.268214236572679,0.182585017517047,-1.46898272497982,0.141837474862809,-0.62608087090609,0.0896523977607329,-23.5256072566224,-46.5316807430745,9.37940123694587,0.80874516832167,0.842464920836714
buyer_N_1_gaspaid_high,Clothes_recoded_Hawaiian,grf_blp_single,3501,-0.0267230635098944,0.197384170953253,-0.135386051378068,0.892306651980879,-0.41359603857827,0.360149911558481,-2.6369161900989,-33.8731975910122,43.3544303313445,0.80874516832167,0.842464920836714
buyer_N_1_gaspaid_high,`Clothes_recoded_Hip Hop`,grf_blp_single,3501,0.409302805266185,0.285519160174764,1.4335388385692,0.151703907920529,-0.150314748676352,0.968920359208723,50.576760582053,-13.9562887641959,163.509796378357,0.80874516832167,0.842464920836714
buyer_N_1_gaspaid_high,`Clothes_recoded_Lab Coat`,grf_blp_single,3501,0.164087619907511,0.265913498428635,0.617071419379445,0.53718761920419,-0.357102837012613,0.685278076827635,17.8317554644893,-30.0299461078486,98.4323553222335,0.80874516832167,0.842464920836714
buyer_N_1_gaspaid_high,`Clothes_recoded_Leather Jacket`,grf_blp_single,3501,-0.0980219370802314,0.25745672341105,-0.380731704270669,0.703402340946677,-0.60263711496589,0.406593240805428,-9.33709852576682,-45.2633736640299,50.1693153917472,0.80874516832167,0.842464920836714
buyer_N_1_gaspaid_high,`Clothes_recoded_Leather Punk Jacket`,grf_blp_single,3501,-0.2525351756545,0.226632025944955,-1.11429606915236,0.265152192787641,-0.696733946506612,0.191663595197613,-22.3171113105819,-50.1790170592678,21.1262973737675,0.80874516832167,0.842464920836714
buyer_N_1_gaspaid_high,`Clothes_recoded_Lumberjack Shirt`,grf_blp_single,3501,0.155433907118198,0.205562372524284,0.756139877203623,0.449565335373678,-0.247468343029399,0.558336157265794,16.8164726142596,-21.9225062611064,74.7762078490025,0.80874516832167,0.842464920836714
buyer_N_1_gaspaid_high,`Clothes_recoded_Navy Striped Tee`,grf_blp_single,3501,-0.17865491773884,0.142582920627693,-1.25298960739721,0.210209488893274,-0.458117442169119,0.100807606691438,-16.3605525500421,-36.7526807178227,10.6063822013334,0.80874516832167,0.842464920836714
buyer_N_1_gaspaid_high,Clothes_recoded_No_Clothes,grf_blp_single,3501,0.0402781708490575,0.0747224034986383,0.539037409975598,0.589861041626285,-0.106177740008273,0.186734081706389,4.11003376813472,-10.0735201462216,20.5306729322258,0.80874516832167,0.842464920836714
buyer_N_1_gaspaid_high,Clothes_recoded_Other_Clothes,grf_blp_single,3501,-0.00209957241424245,0.143387413546835,-0.0146426549046905,0.988317269201086,-0.283138902966039,0.278939758137554,-0.209736985382913,-24.6584871004904,32.1727718131775,0.80874516832167,0.842464920836714
buyer_N_1_gaspaid_high,`Clothes_recoded_Prison Jumpsuit`,grf_blp_single,3501,-0.0739935830748773,0.145356365057319,-0.509049487070616,0.610717537044876,-0.358892058587222,0.210904892437467,-7.132234692287,-30.1550261065646,23.4794911142354,0.80874516832167,0.842464920836714
buyer_N_1_gaspaid_high,`Clothes_recoded_Prom Dress`,grf_blp_single,3501,-0.0909375480386362,0.204252253028624,-0.445221762258321,0.656159501304547,-0.491271963974738,0.309396867897466,-8.6925267573394,-38.8152349147235,36.2603036612035,0.80874516832167,0.842464920836714
buyer_N_1_gaspaid_high,`Clothes_recoded_Puffy Vest`,grf_blp_single,3501,0.311928264746935,0.201044423077853,1.55153900800394,0.120772566756853,-0.0821188044856561,0.705975333979526,36.6056695091845,-7.8837486043462,102.58215742953,0.80874516832167,0.842464920836714
buyer_N_1_gaspaid_high,`Clothes_recoded_Rainbow Suspenders`,grf_blp_single,3501,-0.194719433053236,0.263136470593357,-0.739994089812617,0.459303580512457,-0.710466915416215,0.321028049309744,-17.6934449347378,-50.8585305210785,37.854424756606,0.80874516832167,0.842464920836714
buyer_N_1_gaspaid_high,`Clothes_recoded_Sailor Shirt`,grf_blp_single,3501,-0.144972238289285,0.115962403448761,-1.2501658639159,0.211238963829514,-0.372258549048858,0.0823140724702872,-13.4953692057251,-31.0823966320652,8.57967751582387,0.80874516832167,0.842464920836714
buyer_N_1_gaspaid_high,Clothes_recoded_Service,grf_blp_single,3501,0.28663045955627,0.215467826684737,1.33027034228945,0.183429215089284,-0.135686480745815,0.708947399858355,33.1931919807404,-12.6883671637901,103.18514055622,0.80874516832167,0.842464920836714
buyer_N_1_gaspaid_high,`Clothes_recoded_Sleeveless Logo T`,grf_blp_single,3501,0.180877264207317,0.276783214402058,0.653497953617131,0.513435308259552,-0.361617836020717,0.723372364435351,19.8268099882344,-30.3451487265574,106.137320365379,0.80874516832167,0.842464920836714
buyer_N_1_gaspaid_high,`Clothes_recoded_Sleeveless T`,grf_blp_single,3501,0.334356645749262,0.198398661042553,1.68527672511635,0.0919351940891902,-0.0545047298941425,0.723218021392666,39.7041303578366,-5.30459701450866,106.105506959295,0.80874516832167,0.842464920836714
buyer_N_1_gaspaid_high,`Clothes_recoded_Smoking Jacket`,grf_blp_single,3501,-0.11120014869698,0.206643497689,-0.538125563787817,0.590490364813474,-0.516221404167419,0.29382110677346,-10.524035397124,-40.3228749595363,34.1543889084257,0.80874516832167,0.842464920836714
buyer_N_1_gaspaid_high,`Clothes_recoded_Striped Tee`,grf_blp_single,3501,-0.00566443686459693,0.133882849217808,-0.0423089058657671,0.966252445790575,-0.268074821331501,0.256745947602307,-0.564842419062694,-23.5149448174781,29.2716667269302,0.80874516832167,0.842464920836714
buyer_N_1_gaspaid_high,`Clothes_recoded_Stunt Jacket`,grf_blp_single,3501,-0.0389051665745596,0.269919124243993,-0.144136384124421,0.8853927743117,-0.567946650092786,0.490136316943667,-3.81580804146343,-43.3312146679824,63.2538747480373,0.80874516832167,0.842464920836714
buyer_N_1_gaspaid_high,Clothes_recoded_Tanktop,grf_blp_single,3501,-0.009237030267676,0.171886444946002,-0.0537391431335834,0.95714299613317,-0.34613446236184,0.327660401826488,-0.919449995559096,-29.2582640297875,38.7717625888652,0.80874516832167,0.842464920836714
buyer_N_1_gaspaid_high,`Clothes_recoded_Tie Dye`,grf_blp_single,3501,-0.222110824499517,0.230086643637081,-0.965335583971815,0.334376754241683,-0.673080646028196,0.228858997029163,-19.9173391791481,-48.9865389548304,25.7164762545528,0.80874516832167,0.842464920836714
buyer_N_1_gaspaid_high,Clothes_recoded_Toga,grf_blp_single,3501,0.147410412347289,0.181680753464325,0.811370547162745,0.417152907807793,-0.208683864442787,0.503504689137365,15.8829463367744,-18.834821292127,65.450966356206,0.80874516832167,0.842464920836714
buyer_N_1_gaspaid_high,`Clothes_recoded_Tuxedo Tee`,grf_blp_single,3501,0.362172474738438,0.242451959102178,1.49379067127193,0.13523034056898,-0.113033365101832,0.837378314578708,43.6446671360129,-10.6879139449575,131.03021447623,0.80874516832167,0.842464920836714
buyer_N_1_gaspaid_high,`Clothes_recoded_Tweed Suit`,grf_blp_single,3501,0.28469410820903,0.358577991824305,0.793953100023281,0.427222735164016,-0.418118755766608,0.987506972184669,32.935532703956,-34.171595124408,168.453350627018,0.80874516832167,0.842464920836714
buyer_N_1_gaspaid_high,`Clothes_recoded_Vietnam Jacket`,grf_blp_single,3501,-0.0915705183826062,0.146087323413325,-0.626820426598725,0.530776952281186,-0.377901672272723,0.19476063550751,-8.75030339270744,-31.4702118863708,21.5020119005295,0.80874516832167,0.842464920836714
buyer_N_1_gaspaid_high,`Clothes_recoded_Wool Turtleneck`,grf_blp_single,3501,0.12942526907321,0.200546561405682,0.645362693660937,0.51869217343905,-0.263645991281927,0.522496529428346,13.8174051482803,-23.1754542887271,68.6232127342981,0.80874516832167,0.842464920836714
buyer_N_1_gaspaid_high,`Clothes_recoded_Work Vest`,grf_blp_single,3501,0.0199881560399309,0.218240480601609,0.0915877567022896,0.927025579298358,-0.407763185939222,0.447739498019084,2.01892568743784,-33.4863626181194,56.4771016605721,0.80874516832167,0.842464920836714
buyer_N_1_gaspaid_high,`Earring_recoded_Diamond Stud`,grf_blp_single,3501,-0.276438318886139,0.173733944812148,-1.59115893664327,0.111573811569081,-0.61695685071795,0.0640802129456716,-24.1519598395129,-46.0416023761133,6.6177916602941,0.80874516832167,0.842464920836714
buyer_N_1_gaspaid_high,`Earring_recoded_Gold Hoop`,grf_blp_single,3501,-0.0769998754327495,0.145878470606775,-0.52783577393204,0.597613325171855,-0.362921677822029,0.20892192695653,-7.41100310579441,-30.435908452292,23.2348781554335,0.80874516832167,0.842464920836714
buyer_N_1_gaspaid_high,`Earring_recoded_Gold Stud`,grf_blp_single,3501,0.00532974278804153,0.163481855725329,0.0326014331339387,0.973992426963726,-0.315094694433603,0.325754180009686,0.534397113371155,-27.0280229403124,38.5074847935369,0.80874516832167,0.842464920836714
buyer_N_1_gaspaid_high,Earring_recoded_No_Earring,grf_blp_single,3501,0.0622045702243112,0.0648563375630121,0.959113211779426,0.337501715379762,-0.0649138513991925,0.189322991847815,6.41800220079392,-6.28518060944033,20.8431202882837,0.80874516832167,0.842464920836714
buyer_N_1_gaspaid_high,`Earring_recoded_Silver Hoop`,grf_blp_single,3501,-0.113592124434601,0.0977908018695922,-1.1615829123283,0.245404926371169,-0.305262096099001,0.0780778472298002,-10.737803967014,-26.3069797453384,8.12068243501249,0.80874516832167,0.842464920836714
buyer_N_1_gaspaid_high,`Earring_recoded_Silver Stud`,grf_blp_single,3501,0.0590790014223832,0.114785194280058,0.514691827573507,0.606768385149964,-0.165899979366531,0.284057982211297,6.08590468033619,-15.2869039472558,32.8509958464776,0.80874516832167,0.842464920836714
buyer_N_1_gaspaid_high,Eyes_recoded_Angry,grf_blp_single,3501,-0.184947003470492,0.140465443133931,-1.31667262313158,0.187948384075761,-0.460259272012997,0.090365265072012,-16.8851669338017,-36.8880007458383,9.45740203542151,0.80874516832167,0.842464920836714
buyer_N_1_gaspaid_high,Eyes_recoded_Blindfold,grf_blp_single,3501,-0.0695722291633856,0.161127495431809,-0.431783718706342,0.665898613846306,-0.385382120209731,0.24623766188296,-6.72072438891028,-31.9809328063267,27.9203555343516,0.80874516832167,0.842464920836714
buyer_N_1_gaspaid_high,Eyes_recoded_Bloodshot,grf_blp_single,3501,0.0041486510012497,0.104766575866231,0.0395989939248069,0.968412829543121,-0.201193837696563,0.209491139699062,0.415726856678433,-18.2246095343122,23.3050449864366,0.80874516832167,0.842464920836714
buyer_N_1_gaspaid_high,Eyes_recoded_Bored,grf_blp_single,3501,-0.0392773443336984,0.0799315348221908,-0.491387340691901,0.623152516160132,-0.195943152585192,0.117388463917796,-3.85159899777905,-17.7941034723088,12.4556194356429,0.80874516832167,0.842464920836714
buyer_N_1_gaspaid_high,Eyes_recoded_Closed,grf_blp_single,3501,0.0557428014268699,0.110437233056,0.504746450851447,0.61373693110716,-0.160714175362889,0.272199778216629,5.7325706099038,-14.8464573868776,31.2849253796695,0.80874516832167,0.842464920836714
buyer_N_1_gaspaid_high,Eyes_recoded_Coins,grf_blp_single,3501,-0.0430976207994671,0.112105251702782,-0.384438910263807,0.700653165879292,-0.262823914136919,0.176628672537985,-4.2182117444473,-23.1122726189771,19.3187947403926,0.80874516832167,0.842464920836714
buyer_N_1_gaspaid_high,Eyes_recoded_Crazy,grf_blp_single,3501,-0.0088983586129856,0.13382785508208,-0.0664910799588623,0.946986859156898,-0.271200954573862,0.253404237347891,-0.885888538905211,-23.7536739470749,28.8403992594139,0.80874516832167,0.842464920836714
buyer_N_1_gaspaid_high,Eyes_recoded_Eyepatch,grf_blp_single,3501,-0.240613584385733,0.140696848735813,-1.71015617298959,0.0872369976654677,-0.516379407907928,0.0351522391364607,-21.3854653459552,-40.3323034236295,3.57773826515535,0.80874516832167,0.842464920836714
buyer_N_1_gaspaid_high,Eyes_recoded_Heart,grf_blp_single,3501,-0.0520571350081204,0.145632773592042,-0.357454807212194,0.720751352916465,-0.337497371248522,0.233383101232281,-5.0725371520157,-28.6446149540224,26.2865191877122,0.80874516832167,0.842464920836714
buyer_N_1_gaspaid_high,Eyes_recoded_Holographic,grf_blp_single,3501,-0.319432226007654,0.260499314052115,-1.22623058402276,0.220111915124191,-0.830010881549799,0.191146429534492,-27.3438557322982,-56.3955458544673,21.0636712073121,0.80874516832167,0.842464920836714
buyer_N_1_gaspaid_high,Eyes_recoded_Hypnotized,grf_blp_single,3501,0.307535942330318,0.234519890298495,1.31134268372243,0.189742013755939,-0.152123042654731,0.767194927315367,36.0069691697582,-14.1117404955264,115.371644150969,0.80874516832167,0.842464920836714
buyer_N_1_gaspaid_high,Eyes_recoded_Other_Eyes,grf_blp_single,3501,0.16905606217971,0.234064354541657,0.722263167797396,0.470132693302344,-0.289710072721938,0.627822197081358,18.4186525140857,-25.151945895027,87.3525962823936,0.80874516832167,0.842464920836714
buyer_N_1_gaspaid_high,Eyes_recoded_Robot,grf_blp_single,3501,0.186925377533695,0.189674982306928,0.985503598103501,0.324376764915995,-0.184837587787883,0.558688342855273,20.5537321525161,-16.876072370072,74.8377723512196,0.80874516832167,0.842464920836714
buyer_N_1_gaspaid_high,Eyes_recoded_Sad,grf_blp_single,3501,0.029495546096875,0.113925242343087,0.258902640804123,0.795710360575899,-0.193797928895576,0.252789021089327,2.99348482316371,-17.6175641451807,28.7611589284989,0.80874516832167,0.842464920836714
buyer_N_1_gaspaid_high,Eyes_recoded_Scumbag,grf_blp_single,3501,0.090364024558037,0.168803709204123,0.535320135938279,0.592428504839053,-0.240491245482044,0.421219294598118,9.45726625206884,-21.3758471416433,52.3818406916277,0.80874516832167,0.842464920836714
buyer_N_1_gaspaid_high,Eyes_recoded_Sleepy,grf_blp_single,3501,0.11299375172973,0.120788267004264,0.935469599259508,0.349546343334211,-0.123751251598628,0.349738755058088,11.9624937207521,-11.6400392461857,41.8696872794653,0.80874516832167,0.842464920836714
buyer_N_1_gaspaid_high,Eyes_recoded_Sunglasses,grf_blp_single,3501,0.0839116702979371,0.203283850660117,0.412780798993394,0.679767220442868,-0.314524676995893,0.482348017591767,8.75328281154704,-26.9864157836483,61.9873431667469,0.80874516832167,0.842464920836714
buyer_N_1_gaspaid_high,`Eyes_recoded_Wide Eyed`,grf_blp_single,3501,-0.0472714540438605,0.122445071087772,-0.386062530928461,0.699450358714909,-0.287263793375893,0.192720885288172,-4.61715581430204,-24.9686225074916,21.254430732816,0.80874516832167,0.842464920836714
buyer_N_1_gaspaid_high,`Eyes_recoded_X Eyes`,grf_blp_single,3501,-0.163155714318098,0.140118450973083,-1.16441277494169,0.244256772943438,-0.437787878225342,0.111476449589145,-15.0541094798514,-35.4537314972961,11.7927416045561,0.80874516832167,0.842464920836714
buyer_N_1_gaspaid_high,Eyes_recoded_Zombie,grf_blp_single,3501,-0.0436477856604555,0.160134575944337,-0.272569402348356,0.785184234987467,-0.357511554511356,0.270215983190445,-4.27089302564446,-30.05853824981,31.0247411590981,0.80874516832167,0.842464920836714
buyer_N_1_gaspaid_high,Fur_recoded_Blue,grf_blp_single,3501,-0.0153038880198245,0.150227707583735,-0.101871274387212,0.918858851033703,-0.309750194883945,0.279142418844296,-1.51873786316525,-26.6369802087288,32.1995607549664,0.80874516832167,0.842464920836714
buyer_N_1_gaspaid_high,Fur_recoded_Brown,grf_blp_single,3501,-0.0278918324646573,0.0774307728292082,-0.360216377100863,0.718685328481781,-0.179656147209905,0.123872482280591,-2.75064466569385,-16.4442529211412,13.1871528120303,0.80874516832167,0.842464920836714
buyer_N_1_gaspaid_high,Fur_recoded_Cheetah,grf_blp_single,3501,0.0850056181710851,0.174709648921273,0.486553654568843,0.626574673597725,-0.257425293714611,0.427436530056781,8.87231833143247,-22.696062494347,53.3321856728706,0.80874516832167,0.842464920836714
buyer_N_1_gaspaid_high,Fur_recoded_Cream,grf_blp_single,3501,0.122789057311757,0.101158370149582,1.213829929547,0.224812674734679,-0.0754813481814236,0.321059462804937,13.0645894306252,-7.27029738514008,37.8587553139341,0.80874516832167,0.842464920836714
buyer_N_1_gaspaid_high,`Fur_recoded_Dark Brown`,grf_blp_single,3501,-0.0723942744688505,0.0770777994711635,-0.939236394468354,0.347609387044985,-0.223466761432331,0.0786782124946301,-6.98359164463833,-20.0258526313086,8.18561382648186,0.80874516832167,0.842464920836714
buyer_N_1_gaspaid_high,`Fur_recoded_Death Bot`,grf_blp_single,3501,0.161864836719444,0.23355091892329,0.693060157783442,0.488271799668924,-0.295894964370206,0.619624637809093,17.5701318933784,-25.613444369583,85.8230401485914,0.80874516832167,0.842464920836714
buyer_N_1_gaspaid_high,Fur_recoded_Dmt,grf_blp_single,3501,0.157569926790951,0.301585472751524,0.522471872910048,0.601341825227805,-0.433537599802036,0.748677453383938,17.0662615799642,-35.1788080482435,111.42020360422,0.80874516832167,0.842464920836714
buyer_N_1_gaspaid_high,`Fur_recoded_Golden Brown`,grf_blp_single,3501,-0.0656453774234509,0.100160349413132,-0.655402839627518,0.512208423709799,-0.261959662273189,0.130668907426287,-6.35371036997553,-23.0457935340915,13.9590408921372,0.80874516832167,0.842464920836714
buyer_N_1_gaspaid_high,Fur_recoded_Gray,grf_blp_single,3501,-0.172885697514958,0.143904696034712,-1.20139024145019,0.229599859742081,-0.454938901742993,0.109167506713076,-15.8766235540773,-36.5513267202548,11.5349163167064,0.80874516832167,0.842464920836714
buyer_N_1_gaspaid_high,Fur_recoded_Noise,grf_blp_single,3501,0.183753100836273,0.298715994172783,0.615143160797699,0.538460180656866,-0.401730247742382,0.769236449414928,20.1719083028737,-33.0838770901392,115.811779242013,0.80874516832167,0.842464920836714
buyer_N_1_gaspaid_high,Fur_recoded_Other_Fur,grf_blp_single,3501,0.990454888899385,0.358000732829584,2.76662810455995,0.00566393268638842,0.288773452553401,1.69213632524537,169.245896351898,33.4789301164802,443.107085433453,0.80874516832167,0.842464920836714
buyer_N_1_gaspaid_high,Fur_recoded_Pink,grf_blp_single,3501,0.104427374164292,0.134292852890892,0.777609321094217,0.436799364301099,-0.158786617501857,0.367641365830441,11.0074770830665,-14.6821607116149,44.4323962154666,0.80874516832167,0.842464920836714
buyer_N_1_gaspaid_high,Fur_recoded_Red,grf_blp_single,3501,-0.0574858910437695,0.121774173206373,-0.472069647694071,0.636877076417893,-0.296163270528261,0.181191488440722,-5.586478894518,-25.6334000632978,19.8644683920261,0.80874516832167,0.842464920836714
buyer_N_1_gaspaid_high,Fur_recoded_Robot,grf_blp_single,3501,0.160962148082164,0.208786400616532,0.770941726122264,0.440741473198427,-0.248259197126239,0.570183493290566,17.4640505576463,-21.984229756544,76.8591546344012,0.80874516832167,0.842464920836714
buyer_N_1_gaspaid_high,Fur_recoded_Tan,grf_blp_single,3501,0.106349207568655,0.11394514147262,0.933336921558951,0.350646037624628,-0.116983269717681,0.329681684854991,11.2210200919769,-11.0399923700661,39.0525432704386,0.80874516832167,0.842464920836714
buyer_N_1_gaspaid_high,Fur_recoded_White,grf_blp_single,3501,0.129921744296824,0.152497292577857,0.851960989605718,0.394235744131704,-0.168972949155776,0.428816437749423,13.8739266995664,-15.5468251626188,53.5439159859571,0.80874516832167,0.842464920836714
buyer_N_1_gaspaid_high,Fur_recoded_Zombie,grf_blp_single,3501,-0.383234089424788,0.168234305385974,-2.27797825506248,0.0227278731965417,-0.712973327981297,-0.0534948508682799,-31.8346687223931,-50.9815450906165,-5.20891780910822,0.80874516832167,0.842464920836714
buyer_N_1_gaspaid_high,`Hat_recoded_Baby's Bonnet`,grf_blp_single,3501,0.250906547711108,0.201022862504121,1.24814931289701,0.211976382140032,-0.143098262796969,0.644911358219185,28.5189974774222,-13.3331096599236,90.5818086675234,0.80874516832167,0.842464920836714
buyer_N_1_gaspaid_high,`Hat_recoded_Bayc Flipped Brim`,grf_blp_single,3501,-0.0542341768232962,0.206555113162282,-0.262565162357838,0.792885754530225,-0.459082198621369,0.350613844974777,-5.27897341632062,-36.8136695527712,41.993890348788,0.80874516832167,0.842464920836714
buyer_N_1_gaspaid_high,`Hat_recoded_Bayc Hat Black`,grf_blp_single,3501,-0.233434350354624,0.263860651597001,-0.884687993233458,0.376324933207809,-0.750601227484746,0.283732526775499,-20.8190423948142,-52.7917361656246,32.8077658028361,0.80874516832167,0.842464920836714
buyer_N_1_gaspaid_high,`Hat_recoded_Bayc Hat Red`,grf_blp_single,3501,0.0282613469263164,0.334999911107419,0.0843622520164021,0.932768418786979,-0.628338478844225,0.684861172696858,2.86644875964974,-46.6522550890555,98.3496452958935,0.80874516832167,0.842464920836714
buyer_N_1_gaspaid_high,Hat_recoded_Beanie,grf_blp_single,3501,-0.0497334661748093,0.138271169271577,-0.359680665440301,0.719085952444125,-0.3207449579471,0.221278025597482,-4.85170068913355,-27.4391711979596,24.7670266618517,0.80874516832167,0.842464920836714
buyer_N_1_gaspaid_high,Hat_recoded_Bowler,grf_blp_single,3501,-0.0387441103024161,0.167518407228544,-0.231282704649632,0.817095182158386,-0.367080188470363,0.28959196786553,-3.8003157265337,-30.7245908073907,33.5882293900895,0.80874516832167,0.842464920836714
buyer_N_1_gaspaid_high,`Hat_recoded_Bunny Ears`,grf_blp_single,3501,-0.214871197732962,0.158975716369722,-1.35159760647498,0.176504076438535,-0.526463601817618,0.0967212063516937,-19.335466876616,-40.9309803854362,10.1553224765089,0.80874516832167,0.842464920836714
buyer_N_1_gaspaid_high,`Hat_recoded_Commie Hat`,grf_blp_single,3501,0.0548916174633329,0.141945008783049,0.386710444656987,0.698970582907929,-0.223320599751444,0.333103834678109,5.64261103288317,-20.0141626212067,39.5292170661704,0.80874516832167,0.842464920836714
buyer_N_1_gaspaid_high,`Hat_recoded_Cowboy Hat`,grf_blp_single,3501,0.019450762164207,0.131907367297224,0.147457739190405,0.88277073426661,-0.239087677738351,0.277989202066766,1.96411607006088,-21.265415335685,32.0471938764282,0.80874516832167,0.842464920836714
buyer_N_1_gaspaid_high,`Hat_recoded_Faux Hawk`,grf_blp_single,3501,-0.186979406236677,0.26604811003928,-0.702802986306017,0.482178535920764,-0.708433701913665,0.33447488944031,-17.0539182070714,-50.7585137785585,39.7206504665449,0.80874516832167,0.842464920836714
buyer_N_1_gaspaid_high,Hat_recoded_Fez,grf_blp_single,3501,-0.0250123450155823,0.146102547043628,-0.171197186645304,0.864068719571492,-0.311373337221094,0.261348647189929,-2.47021281134109,-26.7559622436216,29.8680367773246,0.80874516832167,0.842464920836714
buyer_N_1_gaspaid_high,`Hat_recoded_Fisherman's Hat`,grf_blp_single,3501,-0.0552917591872858,0.161623572655503,-0.342102072605084,0.732274077747818,-0.372073961592071,0.2614904432175,-5.37909575039507,-31.0696741327609,29.8864528546804,0.80874516832167,0.842464920836714
buyer_N_1_gaspaid_high,`Hat_recoded_Girl's Hair Pink`,grf_blp_single,3501,-0.305590805485153,0.229305498477924,-1.3326797984069,0.182636905487774,-0.755029582501885,0.143847971531578,-26.3311993519659,-53.0003289153701,15.4708546608232,0.80874516832167,0.842464920836714
buyer_N_1_gaspaid_high,`Hat_recoded_Girl's Hair Short`,grf_blp_single,3501,-0.027897675238966,0.22115501560106,-0.126145342727793,0.899616875810621,-0.461361505817043,0.405566155339111,-2.75121287006878,-36.9575266009443,50.0151578504585,0.80874516832167,0.842464920836714
buyer_N_1_gaspaid_high,Hat_recoded_Halo,grf_blp_single,3501,0.250417198472167,0.164535210574587,1.52196722876316,0.128017292251371,-0.0720718142540228,0.572906211198356,28.4561221890591,-6.95359271714721,77.3413483627476,0.80874516832167,0.842464920836714
buyer_N_1_gaspaid_high,Hat_recoded_Horns,grf_blp_single,3501,-0.062841728156424,0.128538095446521,-0.488895746728795,0.624915507049807,-0.314776395231605,0.189092938918757,-6.0907906235396,-27.0047923212985,20.8153231720315,0.80874516832167,0.842464920836714
buyer_N_1_gaspaid_high,`Hat_recoded_Irish Boho`,grf_blp_single,3501,0.303202806541556,0.227408939134833,1.33329326320714,0.182435583611632,-0.142518714162717,0.748924327245829,35.4189074997852,-13.282867424489,111.472404169578,0.80874516832167,0.842464920836714
buyer_N_1_gaspaid_high,Hat_recoded_No_Hat,grf_blp_single,3501,0.0747154910307993,0.0691177554121874,1.08098838837039,0.279702278821794,-0.0607553095770881,0.210186291638687,7.75775267966654,-5.89465216201222,23.390790527261,0.80874516832167,0.842464920836714
buyer_N_1_gaspaid_high,Hat_recoded_Other_Hat,grf_blp_single,3501,0.225483867570659,0.131464180406491,1.71517341737846,0.0863134370259889,-0.0321859260260627,0.483153661167382,25.2928821167675,-3.16734717619577,62.1178998131002,0.80874516832167,0.842464920836714
buyer_N_1_gaspaid_high,`Hat_recoded_Party Hat 1`,grf_blp_single,3501,-0.119330370145003,0.2869489575873,-0.415859221613301,0.677513020507369,-0.681750327016112,0.443089586726106,-11.2485455985618,-49.4268977448327,55.7511860480293,0.80874516832167,0.842464920836714
buyer_N_1_gaspaid_high,`Hat_recoded_Police Motorcycle Helmet`,grf_blp_single,3501,-0.393925499485862,0.246957894727737,-1.59511199235057,0.110687194211065,-0.877962973152227,0.0901119741805029,-32.5595702164166,-58.4371303240334,9.42968098337089,0.80874516832167,0.842464920836714
buyer_N_1_gaspaid_high,`Hat_recoded_Prussian Helmet`,grf_blp_single,3501,-0.440654778383812,0.304700674845581,-1.44618904637192,0.148124185150263,-1.03786810108115,0.156558544313527,-35.6385142013508,-64.579098459126,16.9479226673434,0.80874516832167,0.842464920836714
buyer_N_1_gaspaid_high,`Hat_recoded_S&m Hat`,grf_blp_single,3501,-0.186206013371718,0.161459705809896,-1.15326615044721,0.248801159232298,-0.502667036759114,0.130255010015679,-16.9897434862995,-39.5084824616715,13.9118833000723,0.80874516832167,0.842464920836714
buyer_N_1_gaspaid_high,Hat_recoded_Safari,grf_blp_single,3501,0.122327883020297,0.257020449101078,0.475946110311981,0.634112770805696,-0.381432197217817,0.62608796325841,13.0124589702433,-31.7117314165545,87.0279646480463,0.80874516832167,0.842464920836714
buyer_N_1_gaspaid_high,`Hat_recoded_Sea Captain's Hat`,grf_blp_single,3501,0.139348054607136,0.202563372984298,0.687923253617707,0.491501112180549,-0.257676156442089,0.536372265656361,14.9524127552459,-22.7154527387081,70.9792923231719,0.80874516832167,0.842464920836714
buyer_N_1_gaspaid_high,`Hat_recoded_Seaman's Hat`,grf_blp_single,3501,-0.206100851628213,0.119008751738733,-1.73181256518578,0.083306940209656,-0.43935800503613,0.0271563017797045,-18.6248995969286,-35.5549978027336,2.75283947295506,0.80874516832167,0.842464920836714
buyer_N_1_gaspaid_high,`Hat_recoded_Short Mohawk`,grf_blp_single,3501,-0.110249742192572,0.177344232840846,-0.621670862516929,0.534158314756279,-0.457844438560629,0.237344954175486,-10.4389564349818,-36.7354116142748,26.7878402298268,0.80874516832167,0.842464920836714
buyer_N_1_gaspaid_high,`Hat_recoded_Spinner Hat`,grf_blp_single,3501,0.169562335132446,0.219622464389621,0.772062801515763,0.440077232599913,-0.26089769507121,0.600022365336103,18.4786198535932,-22.9640272819159,82.2159553145622,0.80874516832167,0.842464920836714
buyer_N_1_gaspaid_high,`Hat_recoded_Stuntman Helmet`,grf_blp_single,3501,0.0261181455784,0.218468513343694,0.119551074791776,0.904838778308993,-0.40208014057524,0.45431643173204,2.64622132817445,-33.1072864663226,57.5096329086435,0.80874516832167,0.842464920836714
buyer_N_1_gaspaid_high,`Hat_recoded_Sushi Chef Headband`,grf_blp_single,3501,0.286795676781851,0.192531459979556,1.48960422786127,0.136328329703122,-0.0905659847780795,0.664157338341781,33.2151996083552,-8.65859395116652,94.2852663906477,0.80874516832167,0.842464920836714
buyer_N_1_gaspaid_high,`Hat_recoded_Vietnam Era Helmet`,grf_blp_single,3501,-0.0674419347084976,0.198974504968535,-0.338947619038743,0.734649190664964,-0.457431964446827,0.322548095029832,-6.52180025706153,-36.7093112267483,38.0641291246885,0.80874516832167,0.842464920836714
buyer_N_1_gaspaid_high,`Hat_recoded_Ww2 Pilot Helm`,grf_blp_single,3501,0.0170105937860118,0.342019050296489,0.0497358079067983,0.960332921174707,-0.653346744795106,0.68736793236713,1.71560978022047,-47.9698456844742,98.8474839075161,0.80874516832167,0.842464920836714
buyer_N_1_gaspaid_high,`Mouth_recoded_Bored Bubblegum`,grf_blp_single,3501,0.0654123384615595,0.271956429358763,0.240525067253578,0.809923232686352,-0.467622263081617,0.598446940004736,6.759914582781,-37.3509872582117,81.9291136908879,0.80874516832167,0.842464920836714
buyer_N_1_gaspaid_high,`Mouth_recoded_Bored Cigar`,grf_blp_single,3501,0.276593434148714,0.433445658360767,0.638127130387585,0.523390927167024,-0.572960056238389,1.12614692453582,31.8630152047881,-43.6146073298022,208.375165188633,0.80874516832167,0.842464920836714
buyer_N_1_gaspaid_high,`Mouth_recoded_Bored Cigarette`,grf_blp_single,3501,0.0406421830334716,0.132867668143808,0.30588467157776,0.759692457253068,-0.219778446528392,0.301062812595336,4.14793798732636,-19.7303381514153,35.1294217169201,0.80874516832167,0.842464920836714
buyer_N_1_gaspaid_high,`Mouth_recoded_Bored Pipe`,grf_blp_single,3501,-0.271362298844958,0.300345851362625,-0.903499407812118,0.366260902402021,-0.860040167515703,0.317315569825787,-23.7659748626079,-57.6854914710471,37.3435918479839,0.80874516832167,0.842464920836714
buyer_N_1_gaspaid_high,`Mouth_recoded_Bored Unshaven`,grf_blp_single,3501,-0.0152458863381811,0.0795056058730139,-0.19175863350481,0.84793127523545,-0.171076873849288,0.140585101172926,-1.51302561869267,-15.7243214976695,15.0947022338843,0.80874516832167,0.842464920836714
buyer_N_1_gaspaid_high,`Mouth_recoded_Bored Unshaven Cigar`,grf_blp_single,3501,-0.00768998157800576,0.208909063266354,-0.0368101864886599,0.970636351910877,-0.417151745580061,0.401771782424049,-0.766048931640784,-34.1079075980487,49.4470229381559,0.80874516832167,0.842464920836714
buyer_N_1_gaspaid_high,`Mouth_recoded_Bored Unshaven Cigarette`,grf_blp_single,3501,0.0740153614943,0.159092412510253,0.465235018606121,0.64176316364896,-0.237805767025795,0.385836490014395,7.68233469848754,-21.1644199084255,47.0844153445426,0.80874516832167,0.842464920836714
buyer_N_1_gaspaid_high,Mouth_recoded_Discomfort,grf_blp_single,3501,-0.012406198614341,0.147876859806597,-0.0838954697210001,0.933139541502618,-0.302244843835272,0.27743244660659,-1.23295589951499,-26.0842935318541,31.9736963422119,0.80874516832167,0.842464920836714
buyer_N_1_gaspaid_high,Mouth_recoded_Dumbfounded,grf_blp_single,3501,-0.0466973444835051,0.109510604482313,-0.426418470651828,0.669802944670529,-0.261338129268839,0.167943440301828,-4.56237988937458,-22.9979490880384,18.2869706002228,0.80874516832167,0.842464920836714
buyer_N_1_gaspaid_high,Mouth_recoded_Grin,grf_blp_single,3501,0.00461540977070013,0.116038491335886,0.0397748171108182,0.968272653373502,-0.222820033247637,0.232050852789037,0.462607717954944,-19.9741143676651,26.118386191451,0.80874516832167,0.842464920836714
buyer_N_1_gaspaid_high,Mouth_recoded_Jovial,grf_blp_single,3501,0.015485025776248,0.15803169871627,0.0979868336671476,0.921942748264098,-0.294257103707642,0.325227155260138,1.56055400398465,-25.491509727574,38.4345071532535,0.80874516832167,0.842464920836714
buyer_N_1_gaspaid_high,Mouth_recoded_Other_Mouth,grf_blp_single,3501,-0.100975585455397,0.11222393310648,-0.899768727224961,0.368243340050507,-0.320934494344098,0.118983323433304,-9.60448977313804,-27.452922812757,12.6351134461912,0.80874516832167,0.842464920836714
buyer_N_1_gaspaid_high,`Mouth_recoded_Phoneme  ooo`,grf_blp_single,3501,-0.0473016192071717,0.18444697830364,-0.256451038895865,0.797602581795844,-0.408817696682307,0.314214458267963,-4.62003300997823,-33.5564649949493,36.9183337750786,0.80874516832167,0.842464920836714
buyer_N_1_gaspaid_high,`Mouth_recoded_Phoneme L`,grf_blp_single,3501,0.0368419407550613,0.146338920362548,0.251757636750273,0.801228403737724,-0.249982343155532,0.323666224665655,3.75290168243221,-22.1185465642895,38.2185890561281,0.80874516832167,0.842464920836714
buyer_N_1_gaspaid_high,`Mouth_recoded_Phoneme Oh`,grf_blp_single,3501,0.175050631161709,0.201567826704153,0.868445297168563,0.385150606504271,-0.22002230917843,0.570123571501848,19.1306532319101,-19.7499105372873,76.8485572350151,0.80874516832167,0.842464920836714
buyer_N_1_gaspaid_high,`Mouth_recoded_Phoneme Vuh`,grf_blp_single,3501,-0.0859673054963938,0.126299509308952,-0.68066222875104,0.49608524148366,-0.333514343741939,0.161579732749152,-8.23757680015197,-28.3598377313734,17.5366169598352,0.80874516832167,0.842464920836714
buyer_N_1_gaspaid_high,`Mouth_recoded_Phoneme Wah`,grf_blp_single,3501,-0.0349034917459257,0.22573202400355,-0.154623571467099,0.877118086141768,-0.477338258792884,0.407531275301032,-3.43013903526925,-37.9567372996685,50.3102454780735,0.80874516832167,0.842464920836714
buyer_N_1_gaspaid_high,Mouth_recoded_Rage,grf_blp_single,3501,0.0883859150632985,0.159010861246336,0.555848288415802,0.578314571568038,-0.22327537297952,0.400047203106117,9.24096180190259,-20.0105450381773,49.18951180628,0.80874516832167,0.842464920836714
buyer_N_1_gaspaid_high,`Mouth_recoded_Small Grin`,grf_blp_single,3501,-0.0313033017182564,0.129103157118193,-0.24246736034192,0.808418045046527,-0.284345489669914,0.221738886233402,-3.08184259436379,-24.7493383472295,24.8245401249285,0.80874516832167,0.842464920836714
buyer_N_1_gaspaid_high,`Mouth_recoded_Tongue Out`,grf_blp_single,3501,-0.320258358235604,0.174698747544709,-1.83320351597623,0.0667723112234179,-0.662667903423232,0.0221511869520251,-27.4038545277547,-48.4525737188969,2.23983460759936,0.80874516832167,0.842464920836714
buyer_N_1_gaspaid_high,`log_price_change_n-1`,grf_blp_single,3501,0.0536594528405454,0.0245594953429367,2.1848760363872,0.028897936997465,0.00552284196838947,0.101796063712701,5.51252210685453,0.55381209749894,10.7157659080573,0.80874516832167,0.842464920836714
seller_N_gaspaid_high,log_price_1_sale,grf_blp_single,3221,0.0216242457597557,0.026166722785163,0.826402524202114,0.408575792023633,-0.0296625308991638,0.0729110224186752,2.18597441907604,-2.9226915803872,7.563482527153,0.611385572697677,0.611693304249137
seller_N_gaspaid_high,sold_after_30d,grf_blp_single,3221,0.0738565040102408,0.0470733393316564,1.56896674548374,0.116655687868961,-0.0184072410798058,0.166120249100287,7.66522991236733,-1.82388625287205,18.0715073112377,0.611385572697677,0.611693304249137
seller_N_gaspaid_high,log_buyern_total_value,grf_blp_single,3221,-0.0144645767506837,0.0173248971020238,-0.834901163655048,0.403773359536116,-0.0484213750706503,0.019492221569283,-1.43604673311021,-4.72677551334841,1.96834352928561,0.611385572697677,0.611693304249137
seller_N_gaspaid_high,log_buyern_rolling_avg_value_last10,grf_blp_single,3221,0.00293677011378805,0.0300266290607498,0.0978055214871566,0.92208672289534,-0.0559154228452816,0.0617889630728577,0.294108664766024,-5.43808897178597,6.3737833075165,0.611385572697677,0.611693304249137
seller_N_gaspaid_high,log_sellern_total_value,grf_blp_single,3221,-0.0250573589855044,0.0166774956935535,-1.50246532488628,0.132976976603315,-0.0577452505448693,0.0076305325738605,-2.47460291543936,-5.61096276304978,0.765971927700782,0.611385572697677,0.611693304249137
seller_N_gaspaid_high,log_sellern_rolling_avg_value_last10,grf_blp_single,3221,-0.0378323595597744,0.0386039283938444,-0.980013204195223,0.327079600856163,-0.11349605921171,0.0378313400921607,-3.71256559591091,-10.7292285623639,3.85560553376199,0.611385572697677,0.611693304249137
seller_N_gaspaid_high,log_buyern_1_total_value,grf_blp_single,3221,0.0197060762861484,0.018876501334003,1.04394749521995,0.29650968224385,-0.0172918663284974,0.0567040189007943,1.99015227238848,-1.71432200317676,5.83425146521552,0.611385572697677,0.611693304249137
seller_N_gaspaid_high,log_buyern_1_rolling_avg_value_last10,grf_blp_single,3221,0.0467305706000941,0.035867887843712,1.30285259069936,0.192625092166108,-0.0235704895735814,0.11703163077377,4.78396522350468,-2.32948752854855,12.4154987020257,0.611385572697677,0.611693304249137
seller_N_gaspaid_high,log_sellern_1_total_value,grf_blp_single,3221,-0.00757576876875105,0.020454492859645,-0.370371869922887,0.711105430436754,-0.0476665747736552,0.0325150372361531,-0.754714496059272,-4.65483610868367,3.30494272353725,0.611385572697677,0.611693304249137
seller_N_gaspaid_high,log_sellern_1_rolling_avg_value_last10,grf_blp_single,3221,0.00822631636195204,0.0402776798373752,0.204240075276594,0.838165895788474,-0.0707179361193033,0.0871705688432074,0.826024547578919,-6.82753390593399,9.10827685730253,0.611385572697677,0.611693304249137
seller_N_gaspaid_high,log_unique_makers_count,grf_blp_single,3221,-0.0595222148381035,0.0351228086057311,-1.69468835782088,0.0901345553658547,-0.128362919705337,0.00931849002912947,-5.77853977861096,-12.0465879048406,0.936204233279403,0.611385572697677,0.611693304249137
seller_N_gaspaid_high,log_median_offer_price,grf_blp_single,3221,-0.0111767969109713,0.0190952818393239,-0.58531720060577,0.558334451289137,-0.048603549316046,0.0262499554941035,-1.11145685699925,-4.74413026028372,2.65975200967441,0.611385572697677,0.611693304249137
seller_N_gaspaid_high,log_buyern_avg_total_gaspaid,grf_blp_single,3221,-0.0216554935361305,0.020261856732628,-1.0687812978787,0.285168228438116,-0.0613687327320814,0.0180577456598204,-2.14226968068545,-5.95236085964946,1.82217725802663,0.611385572697677,0.611693304249137
seller_N_gaspaid_high,log_buyern_1_avg_total_gaspaid,grf_blp_single,3221,-0.029335980704936,0.0210227413216667,-1.3954403118066,0.162883102242516,-0.0705405536954027,0.0118685922855307,-2.8909857899834,-6.81100528215709,1.19393034975632,0.611385572697677,0.611693304249137
seller_N_gaspaid_high,log_sellern_1_avg_total_gaspaid,grf_blp_single,3221,-0.0324698571553147,0.0167360380905791,-1.94011611228301,0.0523655803051539,-0.0652724918128498,0.000332777502220417,-3.19483707785641,-6.31878450481472,0.033283287879593,0.611385572697677,0.611693304249137
seller_N_gaspaid_high,log_buyern_avg_gasLimit_cost,grf_blp_single,3221,0.4790011156498,3.97501932394536,0.120502839511827,0.904084830432441,-7.3120367592831,8.2700389905827,61.446093673064,-99.9332543780953,390410.125135895,0.611385572697677,0.611693304249137
seller_N_gaspaid_high,log_buyern_1_avg_gasLimit_cost,grf_blp_single,3221,-1.99589658191097,4.27370149264104,-0.467018247612226,0.640486822772408,-10.3723515074874,6.38055834366547,-86.4108238563548,-99.9968714364876,58925.7182028527,0.611385572697677,0.611693304249137
seller_N_gaspaid_high,log_sellern_avg_gasLimit_cost,grf_blp_single,3221,-18.8575872631449,3.68030176386594,-5.12392419781799,2.99241325015781e-07,-26.0709787203222,-11.6441958059677,-99.9999993539682,-99.9999999995241,-99.9991230193415,0.611385572697677,0.611693304249137
seller_N_gaspaid_high,log_sellern_1_avg_gasLimit_cost,grf_blp_single,3221,-4.39877316575849,3.81323108876316,-1.15355536115312,0.24868250828446,-11.8727060997343,3.0751597682173,-98.7707588592716,-99.9993021706112,2065.33411508807,0.611385572697677,0.611693304249137
seller_N_gaspaid_high,`time_n_sale_str_2021-06`,grf_blp_single,3221,-0.026520101999414,0.129976693577066,-0.204037364465573,0.838324300420946,-0.281274421410464,0.228234217411636,-2.61715322605114,-24.5178832033654,25.6379556941787,0.611385572697677,0.611693304249137
seller_N_gaspaid_high,`time_n_sale_str_2021-07`,grf_blp_single,3221,-0.0914885905698571,0.150167747851418,-0.609242609540761,0.542363641112187,-0.385817376358637,0.202840195218923,-8.74282719840044,-32.010532081465,22.487671145176,0.611385572697677,0.611693304249137
seller_N_gaspaid_high,`time_n_sale_str_2021-08`,grf_blp_single,3221,-0.0903976874506831,0.137073866941514,-0.659481558868208,0.50958658424124,-0.359062466656051,0.178267091754685,-8.64322014299874,-30.1669272396298,19.5144491848413,0.611385572697677,0.611693304249137
seller_N_gaspaid_high,`time_n_sale_str_2021-09`,grf_blp_single,3221,0.197462246902275,0.22570557252385,0.874866511687076,0.381646542272293,-0.244920675244471,0.639845169049021,21.830706923556,-21.7233371449368,89.6187268097533,0.611385572697677,0.611693304249137
seller_N_gaspaid_high,`time_n_sale_str_2021-10`,grf_blp_single,3221,0.0625056289034474,0.22793468479638,0.274226052780363,0.78391090801992,-0.384246353297457,0.509257611104352,6.4500450871253,-31.9036351126322,66.4055360046551,0.611385572697677,0.611693304249137
seller_N_gaspaid_high,`time_n_sale_str_2021-11`,grf_blp_single,3221,0.098545639409867,0.239384736884899,0.411662166486621,0.680587059107831,-0.370648444884535,0.567739723704269,10.3564769289891,-30.9713427317053,76.4274792836248,0.611385572697677,0.611693304249137
seller_N_gaspaid_high,`time_n_sale_str_2021-12`,grf_blp_single,3221,0.0913461808880375,0.244195076665697,0.374070526463113,0.708351845977651,-0.387276169376728,0.569968531152803,9.56482320920995,-32.1096423343197,76.8211406983629,0.611385572697677,0.611693304249137
seller_N_gaspaid_high,`time_n_sale_str_2022-01`,grf_blp_single,3221,-0.249846322254378,0.192013447877088,-1.30119179159946,0.193192814235851,-0.62619268009347,0.126500035584714,-22.1079523383083,-46.5376586582021,13.4849491559365,0.611385572697677,0.611693304249137
seller_N_gaspaid_high,`time_n_sale_str_2022-02`,grf_blp_single,3221,-0.130998955265538,0.34761408644173,-0.376851688050038,0.706283826187248,-0.812322564691329,0.550324654160253,-12.2781309148838,-55.6173946492258,73.3815817023018,0.611385572697677,0.611693304249137
seller_N_gaspaid_high,`time_n_sale_str_2022-03`,grf_blp_single,3221,-0.165405760246106,0.197783927647941,-0.836295255196525,0.402988821781682,-0.553062258436071,0.222250737943859,-15.2450267680373,-42.4814256650433,24.888448133615,0.611385572697677,0.611693304249137
seller_N_gaspaid_high,`time_n_sale_str_2022-04`,grf_blp_single,3221,-0.296183856320816,0.234118404813915,-1.26510282929799,0.205834468810344,-0.75505592975609,0.162688217114458,-25.6349309429398,-53.0015672113388,17.6669766996048,0.611385572697677,0.611693304249137
seller_N_gaspaid_high,`time_n_sale_str_2022-05`,grf_blp_single,3221,-0.488317843933518,0.215972150738605,-2.26102227654592,0.0237578776503341,-0.911623259381183,-0.0650124284858527,-38.6342205365066,-59.812864715618,-6.29441828799353,0.611385572697677,0.611693304249137
seller_N_gaspaid_high,`time_n_sale_str_2022-06`,grf_blp_single,3221,-0.135442582617276,0.211995915064129,-0.638892417225605,0.522892921238068,-0.550954576142969,0.280069410908418,-12.6670694228076,-42.3600669364977,32.3221655167077,0.611385572697677,0.611693304249137
seller_N_gaspaid_high,`time_n_sale_str_2022-07`,grf_blp_single,3221,-0.155659698955107,0.228182645427724,-0.682171506353279,0.495130509620933,-0.602897683993447,0.291578286083233,-14.414961239798,-45.2776344754824,33.8538418318833,0.611385572697677,0.611693304249137
seller_N_gaspaid_high,`time_n_sale_str_2022-08`,grf_blp_single,3221,-0.0258809438496984,0.212098586250341,-0.122023179443313,0.902880660902325,-0.441594172900366,0.389832285200969,-2.55489029008126,-35.6989466387931,47.6733103116909,0.611385572697677,0.611693304249137
seller_N_gaspaid_high,`time_n_sale_str_2022-09`,grf_blp_single,3221,0.130055628665941,0.323188117634301,0.402414635840986,0.68737890054464,-0.50339308189729,0.763504339229172,13.8891736590435,-39.5523860939431,114.578261052585,0.611385572697677,0.611693304249137
seller_N_gaspaid_high,`time_n_sale_str_2022-10`,grf_blp_single,3221,0.333885137330161,0.473489771095563,0.705158078827376,0.480711866324707,-0.594154814017143,1.26192508867746,39.6382742112736,-44.7971064125896,253.221477309475,0.611385572697677,0.611693304249137
seller_N_gaspaid_high,`time_n_sale_str_2022-11`,grf_blp_single,3221,-0.0115975884493325,0.22875588456883,-0.0506985360013456,0.959565743252472,-0.459959122204239,0.436763945305574,-1.15305956554695,-36.8690548481703,54.7690694278973,0.611385572697677,0.611693304249137
seller_N_gaspaid_high,`time_n_sale_str_2022-12`,grf_blp_single,3221,0.0858131053438853,0.5016193849029,0.171072147382216,0.864167036173319,-0.897360889065798,1.06898709975357,8.96026683582392,-59.2355940718668,191.242800639966,0.611385572697677,0.611693304249137
seller_N_gaspaid_high,`time_n_sale_str_2023-01`,grf_blp_single,3221,-0.0389402755668511,0.260248842252947,-0.149627084715341,0.881058838225592,-0.549028006382627,0.471147455248925,-3.81918491223786,-42.2489125455059,60.1831168674627,0.611385572697677,0.611693304249137
seller_N_gaspaid_high,`time_n_sale_str_2023-02`,grf_blp_single,3221,0.0617975592966367,0.275671000596413,0.224171418694523,0.822623922124707,-0.478517601872332,0.602112720465606,6.37469772429229,-38.029864462678,82.5972497529823,0.611385572697677,0.611693304249137
seller_N_gaspaid_high,`time_n_sale_str_2023-03`,grf_blp_single,3221,-0.307523257585981,0.225712134073608,-1.36245779983496,0.173053453390386,-0.749919040370253,0.134872525198291,-26.4734233157851,-52.7595203089675,14.4390894050546,0.611385572697677,0.611693304249137
seller_N_gaspaid_high,`time_n_sale_str_2023-04`,grf_blp_single,3221,-0.478430688588931,0.288598225278514,-1.65777418806792,0.0973630530865076,-1.04408321013482,0.0872218329569551,-38.0244782006602,-64.7985605281953,9.11387033978939,0.611385572697677,0.611693304249137
seller_N_gaspaid_high,`time_n_sale_str_2023-05`,grf_blp_single,3221,-0.0686946466665716,0.274986357569464,-0.249811107990034,0.802733429117981,-0.607667907502721,0.470278614169578,-6.63882819924323,-45.5380507742005,60.044003637706,0.611385572697677,0.611693304249137
seller_N_gaspaid_high,`time_n_sale_str_2023-06`,grf_blp_single,3221,-0.213408002291794,0.16478780970887,-1.29504726513946,0.19530392502471,-0.536392109321179,0.109576104737591,-19.2173525083563,-41.5145458292119,11.580498574954,0.611385572697677,0.611693304249137
seller_N_gaspaid_high,`time_n_sale_str_2023-07`,grf_blp_single,3221,0.130120709634355,0.204908323412104,0.635019151333647,0.525415924572311,-0.271499604253369,0.531741023522079,13.8965859179529,-23.7764414879856,70.1892766095525,0.611385572697677,0.611693304249137
seller_N_gaspaid_high,`time_n_sale_str_2023-08`,grf_blp_single,3221,0.630645612394699,0.212296026785638,2.97059545552156,0.00297223020703374,0.214545399894848,1.04674582489455,87.8823179319428,23.9298383713624,184.836693530593,0.611385572697677,0.611693304249137
seller_N_gaspaid_high,`time_n_sale_str_2023-09`,grf_blp_single,3221,-0.0139914972531807,0.384488790203081,-0.0363898704193446,0.970971491065734,-0.76758952605122,0.739606531544859,-1.38940711637342,-53.5869504526188,109.511099220779,0.611385572697677,0.611693304249137
seller_N_gaspaid_high,`time_n_sale_str_2023-10`,grf_blp_single,3221,0.132598908827987,0.173330339626264,0.765006917507332,0.44426742546574,-0.20712855683949,0.472326374495465,14.1791943807286,-18.7084862531031,60.3720711859651,0.611385572697677,0.611693304249137
seller_N_gaspaid_high,`time_n_sale_str_2023-11`,grf_blp_single,3221,0.0125614618984251,0.158210817706426,0.0793969848618948,0.936716866804088,-0.297531740806171,0.322654664603021,1.26406884471502,-25.7350989431621,38.0788433440322,0.611385572697677,0.611693304249137
seller_N_gaspaid_high,`time_n_sale_str_2023-12`,grf_blp_single,3221,0.346625379690251,0.157498261561236,2.20082035353439,0.0277487441088042,0.0379287870302288,0.655321972350274,41.4286805556093,3.86572643764,92.5762459834104,0.611385572697677,0.611693304249137
seller_N_gaspaid_high,`time_n_sale_str_2024-01`,grf_blp_single,3221,0.00775628206796568,0.0934889384507432,0.0829647035948778,0.933879605274257,-0.175482037295491,0.190994601431422,0.778643994429995,-16.0947531310336,21.0452917350576,0.611385572697677,0.611693304249137
seller_N_gaspaid_high,`time_n_sale_str_2024-02`,grf_blp_single,3221,0.0487984745948546,0.178813646091826,0.27290128947874,0.784929095271455,-0.301676271745125,0.399273220934834,5.0008725982952,-26.042255174347,49.0740864583424,0.611385572697677,0.611693304249137
seller_N_gaspaid_high,`time_n_sale_str_2024-03`,grf_blp_single,3221,0.0495248299925244,0.100317687047556,0.493679942690933,0.621532232546554,-0.147097836620685,0.246147496605734,5.07716825439342,-13.6790480217497,27.9088220799984,0.611385572697677,0.611693304249137
seller_N_gaspaid_high,`time_n_sale_str_2024-04`,grf_blp_single,3221,0.134700483711551,0.136172575647788,0.989189512431306,0.322570428635645,-0.132197764558114,0.401598731981216,14.4194028274748,-12.3832296974198,49.4211633022317,0.611385572697677,0.611693304249137
seller_N_gaspaid_high,`time_n_sale_str_2024-05`,grf_blp_single,3221,0.165360060107253,0.130546858496914,1.266672074772,0.205272569100587,-0.0905117825466992,0.421231902761204,17.981784758358,-8.6536429089637,52.3837619588383,0.611385572697677,0.611693304249137
seller_N_gaspaid_high,`time_n_sale_str_2024-06`,grf_blp_single,3221,-0.241355059093373,0.215703719388065,-1.11891932034403,0.263174559789848,-0.66413434909398,0.181424230907235,-21.4437344298584,-48.5281098206738,19.8923691907712,0.611385572697677,0.611693304249137
seller_N_gaspaid_high,`time_n_sale_str_2024-07`,grf_blp_single,3221,0.368793450275169,0.187460507923135,1.96731276555799,0.0491471642526453,0.00137085474582449,0.736216045804514,44.5988904217382,0.137179479670024,108.801957672902,0.611385572697677,0.611693304249137
seller_N_gaspaid_high,`time_n_sale_str_2024-08`,grf_blp_single,3221,-0.0885884212699702,0.237800095946556,-0.372533160330936,0.709495927416082,-0.55467660932522,0.377499766785279,-8.47778179495001,-42.574205916573,45.8633103619575,0.611385572697677,0.611693304249137
seller_N_gaspaid_high,`time_n_sale_str_2024-09`,grf_blp_single,3221,0.157760690267979,0.277083945909437,0.56936063094591,0.569111428275396,-0.385323843714517,0.700845224250475,17.0885956772632,-31.9769687779792,101.545549961252,0.611385572697677,0.611693304249137
seller_N_gaspaid_high,`time_n_sale_str_2024-10`,grf_blp_single,3221,-0.0360381758058531,0.200120447705373,-0.180082426454044,0.857087858721804,-0.428274253308384,0.356197901696677,-3.53965317345184,-34.8367322127502,42.7890102177863,0.611385572697677,0.611693304249137
seller_N_gaspaid_high,`time_n_sale_str_2024-11`,grf_blp_single,3221,0.00657830743227898,0.142270051177593,0.0462381743580553,0.963120416261028,-0.272270992875803,0.285427607740361,0.659999201983275,-23.8352168015646,33.0330766247283,0.611385572697677,0.611693304249137
seller_N_gaspaid_high,`time_n_sale_str_2024-12`,grf_blp_single,3221,0.110241842089962,0.124241860971377,0.887316410330973,0.374908572874438,-0.133272205413937,0.353755889593861,11.6548066127252,-12.4773181797819,42.4407431359716,0.611385572697677,0.611693304249137
seller_N_gaspaid_high,`time_n_sale_str_2025-01`,grf_blp_single,3221,0.218532876487222,0.290208305713048,0.753020751595243,0.451437444099079,-0.350275402710353,0.787341155684796,24.424992252142,-29.5505956569485,119.754571969955,0.611385572697677,0.611693304249137
seller_N_gaspaid_high,`time_n_sale_str_2025-02`,grf_blp_single,3221,0.233029381640087,0.16802883720395,1.38684160122611,0.165490068541499,-0.0963071392796548,0.562365902559829,26.241857071044,-9.18149660694019,75.4819324402539,0.611385572697677,0.611693304249137
seller_N_gaspaid_high,`time_n_sale_str_2025-03`,grf_blp_single,3221,0.133097315691117,0.296733444400737,0.448541673352363,0.653762317463931,-0.448500235334327,0.714694866716561,14.2361162587836,-36.141483874135,104.356302801791,0.611385572697677,0.611693304249137
seller_N_gaspaid_high,`time_n-1_sale_str_2021-06`,grf_blp_single,3221,-0.133828815792733,0.105545859636042,-1.26796840969622,0.204809232094462,-0.340698700679376,0.0730410690939105,-12.5260206574534,-28.8726817948963,7.57747171003602,0.611385572697677,0.611693304249137
seller_N_gaspaid_high,`time_n-1_sale_str_2021-07`,grf_blp_single,3221,-0.313986823524034,0.136396484143162,-2.30201552112203,0.0213342968954894,-0.581323932444631,-0.0466497146034365,-26.9471346110741,-44.0842410570145,-4.55783409871781,0.611385572697677,0.611693304249137
seller_N_gaspaid_high,`time_n-1_sale_str_2021-08`,grf_blp_single,3221,-0.0317995738699474,0.0833335133941266,-0.381594061917814,0.702762489434224,-0.195133260122436,0.131534112382541,-3.12992844405645,-17.7274985685527,14.0576814851386,0.611385572697677,0.611693304249137
seller_N_gaspaid_high,`time_n-1_sale_str_2021-09`,grf_blp_single,3221,0.246626317403128,0.150465136147906,1.63909277402771,0.101193939731928,-0.0482853494467679,0.541537984253024,27.9700821493076,-4.71381503208953,71.8648084275344,0.611385572697677,0.611693304249137
seller_N_gaspaid_high,`time_n-1_sale_str_2021-10`,grf_blp_single,3221,-0.00498268805370295,0.124166777906564,-0.0401289953537525,0.967990285464563,-0.248349572750569,0.238384196643163,-0.497029505560775,-21.9912801618902,26.9196720285155,0.611385572697677,0.611693304249137
seller_N_gaspaid_high,`time_n-1_sale_str_2021-11`,grf_blp_single,3221,0.104504018733581,0.177920550064558,0.587363397289756,0.556959671103042,-0.244220259392953,0.453228296860115,11.0159855293943,-21.6684917244104,57.3383343992543,0.611385572697677,0.611693304249137
seller_N_gaspaid_high,`time_n-1_sale_str_2021-12`,grf_blp_single,3221,0.226624849737099,0.191058404899965,1.18615482975353,0.235561160828489,-0.147849623866832,0.601099323341031,25.4359206475332,-13.7439186250208,82.4122999547524,0.611385572697677,0.611693304249137
seller_N_gaspaid_high,`time_n-1_sale_str_2022-01`,grf_blp_single,3221,0.319134051860558,0.188972025035782,1.68878992432944,0.0912596953874738,-0.0512511172095743,0.689519220930691,37.5935759292419,-4.99599308359264,99.2757226929811,0.611385572697677,0.611693304249137
seller_N_gaspaid_high,`time_n-1_sale_str_2022-02`,grf_blp_single,3221,1.14282767398469,0.350010110481642,3.26512760563422,0.00109414772673036,0.456807857440674,1.82884749052871,213.562235895295,57.9025457107171,522.670618368527,0.611385572697677,0.611693304249137
seller_N_gaspaid_high,`time_n-1_sale_str_2022-03`,grf_blp_single,3221,0.137651592039612,0.334414254104634,0.411619990326557,0.680617977140419,-0.51780034600547,0.793103530084694,14.7575656121331,-40.4170273189269,121.02453557854,0.611385572697677,0.611693304249137
seller_N_gaspaid_high,`time_n-1_sale_str_2022-04`,grf_blp_single,3221,0.847143487591546,0.297408778255934,2.84841453759155,0.00439376523800338,0.264222282209915,1.43006469297318,133.297315794482,30.2417668405018,317.896953314248,0.611385572697677,0.611693304249137
seller_N_gaspaid_high,`time_n-1_sale_str_2022-05`,grf_blp_single,3221,0.253969837794742,0.250292556704215,1.01469193146991,0.310252701455335,-0.23660357334552,0.744543248935004,28.9132920589643,-21.0695872800869,110.547953530302,0.611385572697677,0.611693304249137
seller_N_gaspaid_high,`time_n-1_sale_str_2022-06`,grf_blp_single,3221,0.413054928508116,0.192394425973733,2.14691733618369,0.031799863195553,0.0359618535996,0.790148003416632,51.1428044141529,3.66163025561608,120.372256058912,0.611385572697677,0.611693304249137
seller_N_gaspaid_high,`time_n-1_sale_str_2022-07`,grf_blp_single,3221,0.676005200135396,0.249532094633414,2.70909119377414,0.00674677926025873,0.186922294653905,1.16508810561689,96.6008214772051,20.5533605004245,220.620535545965,0.611385572697677,0.611693304249137
seller_N_gaspaid_high,`time_n-1_sale_str_2022-08`,grf_blp_single,3221,-0.202661065975398,0.25312352719985,-0.800640968531501,0.423339526051271,-0.698783179287103,0.293461047336308,-18.344504721403,-50.2810073140884,34.1060940496954,0.611385572697677,0.611693304249137
seller_N_gaspaid_high,`time_n-1_sale_str_2022-09`,grf_blp_single,3221,-0.0053844830816963,0.32377192188662,-0.0166304818846579,0.986731406890613,-0.639977449979471,0.629208483816079,-0.537001273609428,-47.2695685367899,87.6125008108119,0.611385572697677,0.611693304249137
seller_N_gaspaid_high,`time_n-1_sale_str_2022-10`,grf_blp_single,3221,0.410574149621678,0.390934956594973,1.05023647206625,0.293609404839612,-0.35565836530447,1.17680666454783,50.7683172381227,-29.9288033132177,224.399846978824,0.611385572697677,0.611693304249137
seller_N_gaspaid_high,`time_n-1_sale_str_2022-11`,grf_blp_single,3221,-0.0127814036759224,0.251371030124867,-0.0508467649178718,0.959447626031728,-0.505468622720661,0.479905815368817,-1.27000684309347,-39.6777174740899,61.5922199989025,0.611385572697677,0.611693304249137
seller_N_gaspaid_high,`time_n-1_sale_str_2022-12`,grf_blp_single,3221,0.220945214419961,0.272221372672589,0.811638014498221,0.416999371588432,-0.312608676018314,0.754499104858236,24.7255097098286,-26.846387580664,112.654607993968,0.611385572697677,0.611693304249137
seller_N_gaspaid_high,`time_n-1_sale_str_2023-01`,grf_blp_single,3221,0.453390830584233,0.432072399554334,1.04933995101721,0.294021684859385,-0.393471072542261,1.30025273371073,57.3639092630234,-32.5289165036259,267.022413977861,0.611385572697677,0.611693304249137
seller_N_gaspaid_high,`time_n-1_sale_str_2023-02`,grf_blp_single,3221,0.40182588725591,0.311454914392254,1.29015747926148,0.196995986145864,-0.208625744952909,1.01227751946473,49.4551089629486,-18.830103876259,175.186130102656,0.611385572697677,0.611693304249137
seller_N_gaspaid_high,`time_n-1_sale_str_2023-03`,grf_blp_single,3221,0.352530894985424,0.272265360816916,1.29480626521007,0.195387070153948,-0.181109212215731,0.886171002186579,42.2663608241109,-16.5655766862516,142.582337340863,0.611385572697677,0.611693304249137
seller_N_gaspaid_high,`time_n-1_sale_str_2023-04`,grf_blp_single,3221,0.722547314025078,0.330960585471504,2.18318236594759,0.0290223828413974,0.0738645665009294,1.37123006154923,105.967316825027,7.66609796578033,294.019439745875,0.611385572697677,0.611693304249137
seller_N_gaspaid_high,`time_n-1_sale_str_2023-05`,grf_blp_single,3221,1.05536432544012,0.205531189649912,5.13481349102178,2.82423961200187e-07,0.652523193726297,1.45820545715395,187.302167813945,92.0380212399532,329.823922875431,0.611385572697677,0.611693304249137
seller_N_gaspaid_high,`time_n-1_sale_str_2023-06`,grf_blp_single,3221,-0.0441623309762335,0.120751001547006,-0.365730556355195,0.714566142776021,-0.280834294008366,0.192509632055899,-4.32013731892503,-24.4846541434213,21.2288180478728,0.611385572697677,0.611693304249137
seller_N_gaspaid_high,`time_n-1_sale_str_2023-07`,grf_blp_single,3221,0.054369536003855,0.176376034571813,0.308259203898349,0.757885106053899,-0.291327491756899,0.400066563764609,5.58747137927993,-25.2729087123142,49.1924002414295,0.611385572697677,0.611693304249137
seller_N_gaspaid_high,`time_n-1_sale_str_2023-08`,grf_blp_single,3221,-0.0486004456946294,0.167843125840748,-0.289558749881375,0.772153828389678,-0.377572972342496,0.280372080953237,-4.74383462166756,-31.4476824472897,32.3622215340476,0.611385572697677,0.611693304249137
seller_N_gaspaid_high,`time_n-1_sale_str_2023-09`,grf_blp_single,3221,-0.038845538029991,0.245053430860986,-0.158518645886771,0.874048129125551,-0.519150262517523,0.441459186457541,-3.81007254708855,-40.4974050937377,55.4974561693039,0.611385572697677,0.611693304249137
seller_N_gaspaid_high,`time_n-1_sale_str_2023-10`,grf_blp_single,3221,-0.00894775502008691,0.13242216789404,-0.0675699179554788,0.946128002645131,-0.268495204092405,0.250599694052231,-0.890784298986958,-23.5470910588074,28.4795670028132,0.611385572697677,0.611693304249137
seller_N_gaspaid_high,`time_n-1_sale_str_2023-11`,grf_blp_single,3221,-0.0150541829141212,0.110803637592905,-0.135863616404279,0.891929098616444,-0.232229312596215,0.202120946767972,-1.49414351865467,-20.7235688380858,22.3996037524087,0.611385572697677,0.611693304249137
seller_N_gaspaid_high,`time_n-1_sale_str_2023-12`,grf_blp_single,3221,-0.242485600087607,0.120011650958469,-2.02051715938415,0.043329772076821,-0.477708435966205,-0.00726276420900837,-21.5324953250701,-37.9797000488735,-0.723645407033968,0.611385572697677,0.611693304249137
seller_N_gaspaid_high,`time_n-1_sale_str_2024-01`,grf_blp_single,3221,0.0409159469079387,0.0784091300949579,0.521826308471821,0.60179127038159,-0.112765948078179,0.194597841894056,4.17645383347367,-10.6640271790068,21.4822337588915,0.611385572697677,0.611693304249137
seller_N_gaspaid_high,`time_n-1_sale_str_2024-02`,grf_blp_single,3221,-0.0435276127097636,0.0814045869396996,-0.534707125803692,0.59285239328106,-0.203080603111575,0.116025377692048,-4.25938828512679,-18.3787550489008,12.3024371538292,0.611385572697677,0.611693304249137
seller_N_gaspaid_high,`time_n-1_sale_str_2024-03`,grf_blp_single,3221,-0.138484176111027,0.0510220951241516,-2.7142001082875,0.00664360218135119,-0.238487482554364,-0.03848086966769,-12.9322971343257,-21.2181450328713,-3.77498872718367,0.611385572697677,0.611693304249137
seller_N_gaspaid_high,`time_n-1_sale_str_2024-04`,grf_blp_single,3221,-0.159958641351874,0.0623735999859216,-2.56452475707636,0.0103317208424198,-0.28221089732428,-0.0377063853794673,-14.7820966789846,-24.5885372995761,-3.70043510123946,0.611385572697677,0.611693304249137
seller_N_gaspaid_high,`time_n-1_sale_str_2024-05`,grf_blp_single,3221,-0.0228098657398016,0.0656933847053929,-0.347217088023311,0.728428234122575,-0.151568899762372,0.105949168282768,-2.25516874817054,-14.0641329375082,11.1765362127666,0.611385572697677,0.611693304249137
seller_N_gaspaid_high,`time_n-1_sale_str_2024-06`,grf_blp_single,3221,-0.0689882851498459,0.0514889295864865,-1.33986636940987,0.180288793474634,-0.169906587139359,0.0319300168396676,-6.66623860755521,-15.6256370578668,3.24452489953906,0.611385572697677,0.611693304249137
seller_N_gaspaid_high,`time_n-1_sale_str_2024-07`,grf_blp_single,3221,-0.195113199330653,0.0827445521468747,-2.35801867637546,0.018372768581555,-0.357292521538528,-0.0329338771227789,-17.7258481004773,-30.0432170856601,-3.23974618623861,0.611385572697677,0.611693304249137
seller_N_gaspaid_high,`time_n-1_sale_str_2024-08`,grf_blp_single,3221,-0.103821448711412,0.0667675372241346,-1.55496897186562,0.119953459230265,-0.234685821670716,0.0270429242478915,-9.86137732739929,-20.9180731120618,2.74119027002024,0.611385572697677,0.611693304249137
seller_N_gaspaid_high,`time_n-1_sale_str_2024-09`,grf_blp_single,3221,-0.012374905278491,0.0717506996810961,-0.172470865559397,0.863067364042467,-0.153006276653439,0.128256466096457,-1.2298651008726,-14.1875664354573,13.6844527390581,0.611385572697677,0.611693304249137
seller_N_gaspaid_high,`time_n-1_sale_str_2024-10`,grf_blp_single,3221,-0.117514550018501,0.0694933229899101,-1.69101929455241,0.0908331176364434,-0.253721463078725,0.0186923630417231,-11.0872425170331,-22.4092109054152,1.88681588980799,0.611385572697677,0.611693304249137
seller_N_gaspaid_high,`time_n-1_sale_str_2024-11`,grf_blp_single,3221,-0.0322723460671117,0.0577063603739677,-0.559251109547889,0.57599035664674,-0.145376812400088,0.0808321202658649,-3.17571509644448,-13.5303596612155,8.41888679488263,0.611385572697677,0.611693304249137
seller_N_gaspaid_high,`time_n-1_sale_str_2024-12`,grf_blp_single,3221,-0.0138351999036747,0.080439634524316,-0.171994813073056,0.863441606801922,-0.171496883571334,0.143826483763985,-1.37399333753748,-15.7597106695542,15.4683734765922,0.611385572697677,0.611693304249137
seller_N_gaspaid_high,`time_n-1_sale_str_2025-01`,grf_blp_single,3221,-0.118215121463632,0.0386430196176634,-3.05915848795617,0.00221959692707905,-0.193955439914252,-0.0424748030130116,-11.1495104419217,-17.6305392646842,-4.15853856227256,0.611385572697677,0.611693304249137
seller_N_gaspaid_high,`time_n-1_sale_str_2025-02`,grf_blp_single,3221,-0.00512755068672199,0.0679580651276475,-0.0754516874059137,0.939855335771408,-0.138325358336911,0.128070256963467,-0.51144272386624,-12.918468137443,13.6632856264951,0.611385572697677,0.611693304249137
seller_N_gaspaid_high,`time_n-1_sale_str_2025-03`,grf_blp_single,3221,0.023448671384385,0.311656198545832,0.0752389058642024,0.940024629662007,-0.587397477765445,0.634294820534215,2.37257529723691,-44.4228187288992,88.5691921270204,0.611385572697677,0.611693304249137
seller_N_gaspaid_high,`Background_recoded_Army Green`,grf_blp_single,3221,0.0344720520680726,0.0945709730489476,0.364509859174556,0.715477312918672,-0.150887055107865,0.21983115924401,3.5073099819336,-14.0055180450666,24.5866359810247,0.611385572697677,0.611693304249137
seller_N_gaspaid_high,Background_recoded_Blue,grf_blp_single,3221,-0.0680504065438902,0.0844536600746472,-0.805772141595066,0.420374243944886,-0.233579580290199,0.0974787672024183,-6.57866180774789,-20.8305410051946,10.2388034532835,0.611385572697677,0.611693304249137
seller_N_gaspaid_high,Background_recoded_Gray,grf_blp_single,3221,0.176793266703083,0.104103969036032,1.69823752485261,0.0894629408133679,-0.0272505126075394,0.380837046013706,19.3384355341291,-2.68825671985008,46.3509101335621,0.611385572697677,0.611693304249137
seller_N_gaspaid_high,`Background_recoded_New Punk Blue`,grf_blp_single,3221,-0.100679227557487,0.0788443104144829,-1.27693713126817,0.201624443730287,-0.255214075969873,0.0538556208548999,-9.57769637972591,-22.5249375284419,5.53322231909916,0.611385572697677,0.611693304249137
seller_N_gaspaid_high,Background_recoded_Orange,grf_blp_single,3221,0.245591791536353,0.110099347630951,2.23063802666268,0.0257051157858897,0.0297970701796885,0.461386512893017,27.8377622451338,3.02454452159899,58.62718473283,0.611385572697677,0.611693304249137
seller_N_gaspaid_high,Background_recoded_Purple,grf_blp_single,3221,-0.132419928976113,0.0904252270437948,-1.46441356361737,0.143080984338335,-0.309653373981951,0.0448135160297243,-12.4026928641094,-26.6298767911055,4.58328106677259,0.611385572697677,0.611693304249137
seller_N_gaspaid_high,Background_recoded_Yellow,grf_blp_single,3221,-0.0246889625270073,0.0785891264327315,-0.314152398018317,0.753405294591565,-0.178723650335161,0.129345725281147,-2.43866828585115,-16.3663011088612,13.808352040336,0.611385572697677,0.611693304249137
seller_N_gaspaid_high,`Clothes_recoded_Bayc T Black`,grf_blp_single,3221,0.139135328161686,0.263135108794935,0.528760030536696,0.596971927903291,-0.376609485076386,0.654880141399759,14.9279619378446,-31.3816013332214,92.4911786316792,0.611385572697677,0.611693304249137
seller_N_gaspaid_high,`Clothes_recoded_Bayc T Red`,grf_blp_single,3221,0.34338893149867,0.31174584840069,1.10150282116126,0.270677877331696,-0.267632931366683,0.954410794364023,40.9716938639591,-23.4811393705407,159.713988255894,0.611385572697677,0.611693304249137
seller_N_gaspaid_high,`Clothes_recoded_Biker Vest`,grf_blp_single,3221,0.104425971352636,0.14128875808103,0.739096109067269,0.459848639368432,-0.172499994486183,0.381351937191455,11.0073213605929,-15.8441706548028,46.4262843291343,0.611385572697677,0.611693304249137
seller_N_gaspaid_high,`Clothes_recoded_Black Holes T`,grf_blp_single,3221,-0.135129640185188,0.186011866916346,-0.726457093438878,0.467558601684294,-0.499712899341226,0.22945361897085,-12.6397349662789,-39.3295179935817,25.7912522592887,0.611385572697677,0.611693304249137
seller_N_gaspaid_high,`Clothes_recoded_Black T`,grf_blp_single,3221,-0.237750900584614,0.140063237168621,-1.69745398857509,0.0896108629381418,-0.512274845435112,0.0367730442658833,-21.1600943620449,-40.08689032327,3.7457537180019,0.611385572697677,0.611693304249137
seller_N_gaspaid_high,`Clothes_recoded_Bone Necklace`,grf_blp_single,3221,-0.0424858628751963,0.180948534723243,-0.234795285522359,0.814367627077331,-0.397144990932752,0.31217326518236,-4.15959854976598,-32.7763449638154,36.6391420579228,0.611385572697677,0.611693304249137
seller_N_gaspaid_high,`Clothes_recoded_Bone Tee`,grf_blp_single,3221,-0.337995324646284,0.194206198100455,-1.74039411693468,0.0817898378462612,-0.718639472923176,0.0426488236306088,-28.6801377653683,-51.2585053714246,4.35713528950326,0.611385572697677,0.611693304249137
seller_N_gaspaid_high,`Clothes_recoded_Caveman Pelt`,grf_blp_single,3221,0.0701977576780948,0.236991158895258,0.296204120041119,0.767074202610815,-0.394304913756611,0.5347004291128,7.27202989551397,-32.5851532243158,70.6936817077304,0.611385572697677,0.611693304249137
seller_N_gaspaid_high,`Clothes_recoded_Cowboy Shirt`,grf_blp_single,3221,0.347458524237703,0.295642224910253,1.17526691034469,0.239887948450597,-0.232000236586392,0.926917285061798,41.5465601882354,-20.7054064293557,152.670803883647,0.611385572697677,0.611693304249137
seller_N_gaspaid_high,Clothes_recoded_Guayabera,grf_blp_single,3221,-0.168590252438478,0.200682197405155,-0.84008574063056,0.400860314541872,-0.561927359352581,0.224746854475626,-15.5144990246842,-42.9890801024774,25.2005736423886,0.611385572697677,0.611693304249137
seller_N_gaspaid_high,Clothes_recoded_Hawaiian,grf_blp_single,3221,-0.186620971487691,0.176476906454739,-1.0574809771813,0.290292131872814,-0.532515708138979,0.159273765163598,-17.0241821201594,-41.2873927617557,17.2658935906312,0.611385572697677,0.611693304249137
seller_N_gaspaid_high,`Clothes_recoded_Hip Hop`,grf_blp_single,3221,-0.0347092225116921,0.258133214228263,-0.134462442640176,0.893036907774047,-0.540650322399088,0.471231877375704,-3.41137665991245,-41.7630598666548,60.196640437699,0.611385572697677,0.611693304249137
seller_N_gaspaid_high,`Clothes_recoded_Lab Coat`,grf_blp_single,3221,0.0342748112254792,0.237249524422562,0.144467354819362,0.885131433077364,-0.430734256642742,0.499283879093701,3.48689612618742,-34.9968370588159,64.7541009584788,0.611385572697677,0.611693304249137
seller_N_gaspaid_high,`Clothes_recoded_Leather Jacket`,grf_blp_single,3221,0.179629842436448,0.273535163704355,0.656697442492613,0.511375479243358,-0.356499078424087,0.715758763296984,19.6774286068855,-29.9876883314076,104.573832467545,0.611385572697677,0.611693304249137
seller_N_gaspaid_high,`Clothes_recoded_Leather Punk Jacket`,grf_blp_single,3221,0.0689704766422368,0.245667134612405,0.280747674087758,0.778903940012397,-0.412537107198077,0.550478060482551,7.14045772207657,-33.8031367566083,73.4081815733469,0.611385572697677,0.611693304249137
seller_N_gaspaid_high,`Clothes_recoded_Lumberjack Shirt`,grf_blp_single,3221,0.357265353260955,0.218126822420889,1.63787905263476,0.101446926492309,-0.0702632186839872,0.784793925205898,42.9415119497304,-6.7851571271097,119.195518747339,0.611385572697677,0.611693304249137
seller_N_gaspaid_high,`Clothes_recoded_Navy Striped Tee`,grf_blp_single,3221,0.119701164348849,0.116450243418831,1.02791682382599,0.303988954986667,-0.10854131275206,0.347943641449758,12.7159965662831,-10.2858169346648,41.6152435192759,0.611385572697677,0.611693304249137
seller_N_gaspaid_high,Clothes_recoded_No_Clothes,grf_blp_single,3221,-0.0135225742289594,0.0755728094679608,-0.17893438558338,0.857989222691678,-0.161645280786163,0.134600132328244,-1.34315549556074,-14.9257074114262,14.4079212582293,0.611385572697677,0.611693304249137
seller_N_gaspaid_high,Clothes_recoded_Other_Clothes,grf_blp_single,3221,-0.0227925078633501,0.192573504655638,-0.118357444364467,0.905784443184499,-0.4002365769884,0.3546515612617,-2.25347209074076,-32.9838517505134,42.5683804259638,0.611385572697677,0.611693304249137
seller_N_gaspaid_high,`Clothes_recoded_Prison Jumpsuit`,grf_blp_single,3221,0.166453110783015,0.180841187334214,0.920438055272173,0.357343889674001,-0.187995616392045,0.520901837958075,18.1108153335478,-17.1381660437336,68.354525029197,0.611385572697677,0.611693304249137
seller_N_gaspaid_high,`Clothes_recoded_Prom Dress`,grf_blp_single,3221,-0.465039679651881,0.225049021891041,-2.06639280519527,0.0387914047426853,-0.906135762558323,-0.02394359674544,-37.1889818498183,-59.5917317601373,-2.36592229977086,0.611385572697677,0.611693304249137
seller_N_gaspaid_high,`Clothes_recoded_Puffy Vest`,grf_blp_single,3221,0.408713981711594,0.241198699117801,1.6945115508769,0.0901681186445218,-0.064035468559295,0.881463431982484,50.4881235369992,-6.20282695652085,141.443047704534,0.611385572697677,0.611693304249137
seller_N_gaspaid_high,`Clothes_recoded_Rainbow Suspenders`,grf_blp_single,3221,-0.19515453136995,0.269988588583368,-0.722825110475694,0.469787338095182,-0.724332164993351,0.334023102253452,-17.7292485886816,-51.5351874113612,39.6575407240845,0.611385572697677,0.611693304249137
seller_N_gaspaid_high,`Clothes_recoded_Sailor Shirt`,grf_blp_single,3221,-0.253251715073913,0.133328844577672,-1.89945180936732,0.0575050970564046,-0.514576250446149,0.00807282029832335,-22.3727542249902,-40.2246161119085,0.81054933742184,0.611385572697677,0.611693304249137
seller_N_gaspaid_high,Clothes_recoded_Service,grf_blp_single,3221,-0.0906943087803156,0.18481581111176,-0.490728083461821,0.623618780901634,-0.452933298559364,0.271544680998733,-8.67031449393102,-36.4239461644022,31.1989491547692,0.611385572697677,0.611693304249137
seller_N_gaspaid_high,`Clothes_recoded_Sleeveless Logo T`,grf_blp_single,3221,0.396833260294381,0.298341308105176,1.33013179708417,0.183474850678134,-0.187915703591764,0.981582224180525,48.710794943606,-17.1315440579585,166.867534592735,0.611385572697677,0.611693304249137
seller_N_gaspaid_high,`Clothes_recoded_Sleeveless T`,grf_blp_single,3221,-0.121973501658194,0.205631378191793,-0.593165803442841,0.553070195782207,-0.525011002914108,0.28106399959772,-11.4828176222593,-40.8451144430241,32.4538371145613,0.611385572697677,0.611693304249137
seller_N_gaspaid_high,`Clothes_recoded_Smoking Jacket`,grf_blp_single,3221,0.118012968019109,0.201808295078595,0.584777587923969,0.558697276076716,-0.277531290334937,0.513557226373155,12.5258703649098,-24.2348142948305,67.1225561388221,0.611385572697677,0.611693304249137
seller_N_gaspaid_high,`Clothes_recoded_Striped Tee`,grf_blp_single,3221,-0.0377998676344318,0.162346962574427,-0.232833845703166,0.815890430016229,-0.355999914280309,0.280400179011445,-3.70943698095373,-29.9527319720449,32.3659407077034,0.611385572697677,0.611693304249137
seller_N_gaspaid_high,`Clothes_recoded_Stunt Jacket`,grf_blp_single,3221,-0.822785858925025,0.368644859657289,-2.23192006444883,0.0256202465269966,-1.54532978385331,-0.100241933996739,-56.079361843834,-78.6758463989587,-9.53814664181218,0.611385572697677,0.611693304249137
seller_N_gaspaid_high,Clothes_recoded_Tanktop,grf_blp_single,3221,-0.0295872855747378,0.176533506539789,-0.167601528767397,0.866896768432242,-0.375592958392724,0.316418387243249,-2.91538669199487,-31.3118134353657,37.2204248294683,0.611385572697677,0.611693304249137
seller_N_gaspaid_high,`Clothes_recoded_Tie Dye`,grf_blp_single,3221,0.125610675707092,0.204763021322898,0.613444140917475,0.539582706958295,-0.275724846085788,0.526946197499972,13.384065063225,-24.0978250163329,69.3752018704081,0.611385572697677,0.611693304249137
seller_N_gaspaid_high,Clothes_recoded_Toga,grf_blp_single,3221,-0.0592683079126051,0.215550062299499,-0.274963074843625,0.783344607230273,-0.481746430019622,0.363209814194412,-5.75461325990432,-38.2296326983869,43.7937527296887,0.611385572697677,0.611693304249137
seller_N_gaspaid_high,`Clothes_recoded_Tuxedo Tee`,grf_blp_single,3221,0.166470755404533,0.24240205611327,0.686754716827751,0.49223730996779,-0.308637274577476,0.641578785386543,18.1128993725675,-26.5552875639896,89.947738039671,0.611385572697677,0.611693304249137
seller_N_gaspaid_high,`Clothes_recoded_Tweed Suit`,grf_blp_single,3221,0.321823105135425,0.337228151937921,0.954318621639475,0.339922384799692,-0.339144072662901,0.982790282933751,37.9640703014935,-28.7620192760399,167.190121066325,0.611385572697677,0.611693304249137
seller_N_gaspaid_high,`Clothes_recoded_Vietnam Jacket`,grf_blp_single,3221,-0.213765868777547,0.199793627391257,-1.06993336859002,0.28464930190267,-0.605361378464411,0.177829640909316,-19.2462567382879,-45.4122877245209,19.4621789216806,0.611385572697677,0.611693304249137
seller_N_gaspaid_high,`Clothes_recoded_Wool Turtleneck`,grf_blp_single,3221,0.0908746923097766,0.205337457772995,0.442562663896621,0.65808209540081,-0.311586724925294,0.493336109544847,9.51317682278505,-26.7715899532449,63.7770899321885,0.611385572697677,0.611693304249137
seller_N_gaspaid_high,`Clothes_recoded_Work Vest`,grf_blp_single,3221,0.418586737040086,0.230003252923036,1.81991659561508,0.0687717072216391,-0.0322196386890647,0.869393112769237,51.9812142926091,-3.17061160776135,138.546270728148,0.611385572697677,0.611693304249137
seller_N_gaspaid_high,`Earring_recoded_Diamond Stud`,grf_blp_single,3221,0.0294789058486765,0.166164371873692,0.17740810208752,0.859187843716478,-0.296203263023759,0.355161074721112,2.99177100027268,-25.6363741097408,42.6410394434793,0.611385572697677,0.611693304249137
seller_N_gaspaid_high,`Earring_recoded_Gold Hoop`,grf_blp_single,3221,0.0574872129797916,0.177979613882627,0.322998863328824,0.746696102899573,-0.291352830230158,0.406327256189741,5.91717269178642,-25.2748021587299,50.1293779757095,0.611385572697677,0.611693304249137
seller_N_gaspaid_high,`Earring_recoded_Gold Stud`,grf_blp_single,3221,-0.0530545185025366,0.15386555070143,-0.344810896660597,0.730236540571266,-0.35463099787734,0.248521960872266,-5.16716903664243,-29.8567774559871,28.2128978730871,0.611385572697677,0.611693304249137
seller_N_gaspaid_high,Earring_recoded_No_Earring,grf_blp_single,3221,0.118367990976774,0.0692330011181881,1.70970475156359,0.0873204836610068,-0.0173286912148752,0.254064673168422,12.5658267245132,-1.71794129546115,28.9255181789142,0.611385572697677,0.611693304249137
seller_N_gaspaid_high,`Earring_recoded_Silver Hoop`,grf_blp_single,3221,-0.0393378729288218,0.111254163224189,-0.353585625821046,0.723649448274349,-0.257396032848233,0.178720286990589,-3.85741854928866,-22.6938004810671,19.5686248389806,0.611385572697677,0.611693304249137
seller_N_gaspaid_high,`Earring_recoded_Silver Stud`,grf_blp_single,3221,-0.246092730027861,0.116133521875484,-2.11904991817708,0.0340862485312416,-0.47371443290381,-0.0184710271519114,-21.815027938251,-37.7314954459137,-1.83014832182407,0.611385572697677,0.611693304249137
seller_N_gaspaid_high,Eyes_recoded_Angry,grf_blp_single,3221,-0.15598062459723,0.131864434877945,-1.18288623267985,0.236854238599553,-0.414434916958002,0.102473667763542,-14.4424232664482,-33.9286466751033,10.7908127826901,0.611385572697677,0.611693304249137
seller_N_gaspaid_high,Eyes_recoded_Blindfold,grf_blp_single,3221,0.0167347522150582,0.171415238489035,0.0976269809065351,0.922228499176576,-0.319239115223451,0.352708619653567,1.68755625597019,-27.329823692476,42.2916473128262,0.611385572697677,0.611693304249137
seller_N_gaspaid_high,Eyes_recoded_Bloodshot,grf_blp_single,3221,0.0791687073626396,0.126373514715202,0.626465976997281,0.531009346223964,-0.168523381479157,0.326860796204436,8.23869133091384,-15.5088492092831,38.6608442586871,0.611385572697677,0.611693304249137
seller_N_gaspaid_high,Eyes_recoded_Bored,grf_blp_single,3221,-0.0586317283149597,0.0789489415002887,-0.742653760782154,0.457691331102454,-0.213371653655526,0.0961081970256062,-5.69459946978281,-19.2144161159192,10.0878169293916,0.611385572697677,0.611693304249137
seller_N_gaspaid_high,Eyes_recoded_Closed,grf_blp_single,3221,-0.0932047091884738,0.107894654137186,-0.863849186355111,0.387670743783272,-0.304678231297358,0.11826881292041,-8.89930102949805,-26.2639404213343,12.5546632182023,0.611385572697677,0.611693304249137
seller_N_gaspaid_high,Eyes_recoded_Coins,grf_blp_single,3221,-0.185255624632186,0.144891416044947,-1.27858247016315,0.201044126256883,-0.469242800080283,0.098731550815911,-16.9108139723236,-37.4524300831638,10.3769953640275,0.611385572697677,0.611693304249137
seller_N_gaspaid_high,Eyes_recoded_Crazy,grf_blp_single,3221,0.213840857128522,0.13168623770233,1.62386640289548,0.10440432433241,-0.0442641687680444,0.471945883025088,23.8425552511618,-4.32988064873322,60.3110625881537,0.611385572697677,0.611693304249137
seller_N_gaspaid_high,Eyes_recoded_Eyepatch,grf_blp_single,3221,-0.107681950357988,0.161632858677894,-0.666213239305376,0.505274811805657,-0.42448235336666,0.209118452650684,-10.2086868029029,-34.5891705535351,23.2590993553731,0.611385572697677,0.611693304249137
seller_N_gaspaid_high,Eyes_recoded_Heart,grf_blp_single,3221,-0.0770586033492594,0.142637031486127,-0.540242618248504,0.589029725113942,-0.356627185062068,0.202509978363549,-7.41644050500863,-29.9966567988004,22.4472303290754,0.611385572697677,0.611693304249137
seller_N_gaspaid_high,Eyes_recoded_Holographic,grf_blp_single,3221,0.27183258561054,0.274926718223724,0.988745609618538,0.322787621530942,-0.267023782107959,0.81068895332904,31.2367273752962,-23.4345137637747,124.945722398209,0.611385572697677,0.611693304249137
seller_N_gaspaid_high,Eyes_recoded_Hypnotized,grf_blp_single,3221,0.126045541641776,0.281494273111745,0.447773023047397,0.654317014591903,-0.425683233657245,0.677774316940796,13.4333826531497,-34.6676739833631,96.9489391340402,0.611385572697677,0.611693304249137
seller_N_gaspaid_high,Eyes_recoded_Other_Eyes,grf_blp_single,3221,0.387666989065397,0.256461516337384,1.51159906796858,0.130635888946211,-0.114997582955875,0.890331561086669,47.3538997975183,-10.8631701619263,143.593717938829,0.611385572697677,0.611693304249137
seller_N_gaspaid_high,Eyes_recoded_Robot,grf_blp_single,3221,0.00668602352472143,0.224255265025735,0.0298143435961433,0.976215119316942,-0.432854295925718,0.446226342975161,0.670842487750267,-35.1345003404251,56.2405065925894,0.611385572697677,0.611693304249137
seller_N_gaspaid_high,Eyes_recoded_Sad,grf_blp_single,3221,0.0921613079745287,0.116682974265524,0.78984366446476,0.429619075099541,-0.136537321585898,0.320859937534955,9.65416887342285,-12.7626238720217,37.8312517524797,0.611385572697677,0.611693304249137
seller_N_gaspaid_high,Eyes_recoded_Scumbag,grf_blp_single,3221,0.188133861490617,0.21360061149489,0.880773983622786,0.378440163796392,-0.230523337039367,0.6067910600206,20.6995074695943,-20.5882097574766,83.4535030492433,0.611385572697677,0.611693304249137
seller_N_gaspaid_high,Eyes_recoded_Sleepy,grf_blp_single,3221,0.0474780838005433,0.123530915613417,0.384341713689903,0.700725194687572,-0.194642510801753,0.28959867840284,4.86232190338227,-17.6871134856989,33.5891258418947,0.611385572697677,0.611693304249137
seller_N_gaspaid_high,Eyes_recoded_Sunglasses,grf_blp_single,3221,-0.188367872410755,0.182910159237677,-1.02983821782138,0.303085956912429,-0.546871784516601,0.170136039695092,-17.1690061195871,-42.1242540405505,18.5466110799527,0.611385572697677,0.611693304249137
seller_N_gaspaid_high,`Eyes_recoded_Wide Eyed`,grf_blp_single,3221,0.02873488594565,0.131997484353343,0.217692678662949,0.827668568466548,-0.229980183386903,0.287449955278203,2.91517157208367,-20.5450652375666,33.3023879684706,0.611385572697677,0.611693304249137
seller_N_gaspaid_high,`Eyes_recoded_X Eyes`,grf_blp_single,3221,0.0204877736595311,0.210593045132765,0.0972860886579371,0.922499203236751,-0.392274594800687,0.433250142119749,2.06990887523291,-32.4481405403379,54.2261957129322,0.611385572697677,0.611693304249137
seller_N_gaspaid_high,Eyes_recoded_Zombie,grf_blp_single,3221,0.085594516222566,0.143173568554202,0.597837415711,0.54994842241111,-0.19502567814367,0.366214710588802,8.93645190977426,-17.7186470539275,44.2264878953599,0.611385572697677,0.611693304249137
seller_N_gaspaid_high,Fur_recoded_Blue,grf_blp_single,3221,-0.129999997083625,0.152943766097261,-0.849985588827168,0.395333098470935,-0.429769778634256,0.169769784467006,-12.1904566518583,-34.9341126944043,18.5032007139948,0.611385572697677,0.611693304249137
seller_N_gaspaid_high,Fur_recoded_Brown,grf_blp_single,3221,0.0854742407889082,0.0848345029799122,1.00754100968974,0.313674860683595,-0.0808013850517197,0.251749866629536,8.92335031869525,-7.76231289125557,28.6274256927289,0.611385572697677,0.611693304249137
seller_N_gaspaid_high,Fur_recoded_Cheetah,grf_blp_single,3221,-0.0590565489988071,0.182393051325983,-0.323787274621872,0.746099091036214,-0.416546929597733,0.298433831600119,-5.73465384596044,-34.0680429532831,34.7746356026508,0.611385572697677,0.611693304249137
seller_N_gaspaid_high,Fur_recoded_Cream,grf_blp_single,3221,0.146045888719488,0.126536599701034,1.15417902065133,0.24842678180106,-0.101965846694538,0.394057624133514,15.7249291520478,-9.69396063603293,48.2986001996021,0.611385572697677,0.611693304249137
seller_N_gaspaid_high,`Fur_recoded_Dark Brown`,grf_blp_single,3221,-0.0238437864996325,0.0791173949237755,-0.301372239601726,0.763130660443678,-0.178913880550232,0.131226307550967,-2.35617693214073,-16.3822092522357,14.0225793822749,0.611385572697677,0.611693304249137
seller_N_gaspaid_high,`Fur_recoded_Death Bot`,grf_blp_single,3221,-0.202194058308976,0.205980883829769,-0.981615645828946,0.326289236585532,-0.605916590615323,0.201528473997372,-18.3063620733411,-45.442587073605,22.3271067984094,0.611385572697677,0.611693304249137
seller_N_gaspaid_high,Fur_recoded_Dmt,grf_blp_single,3221,0.269731566403049,0.333881117175524,0.807867089594194,0.419167098580738,-0.384675423260979,0.924138556067077,30.9612859455426,-31.9328469500212,151.969674769812,0.611385572697677,0.611693304249137
seller_N_gaspaid_high,`Fur_recoded_Golden Brown`,grf_blp_single,3221,-0.135963137053626,0.117608524831135,-1.15606532136038,0.247654439400923,-0.366475845722652,0.0945495716153989,-12.7125191367076,-30.6827120629673,9.91636491001739,0.611385572697677,0.611693304249137
seller_N_gaspaid_high,Fur_recoded_Gray,grf_blp_single,3221,0.0663238349352169,0.114084095385324,0.581359169402231,0.560998409933036,-0.157280992020018,0.289928661890452,6.8572702313759,-14.5536072463253,33.6332153215471,0.611385572697677,0.611693304249137
seller_N_gaspaid_high,Fur_recoded_Noise,grf_blp_single,3221,0.218180533960077,0.31601738542625,0.690406743495429,0.489938437183371,-0.401213541475373,0.837574609395527,24.3811597584112,-33.0492921757161,131.075568961139,0.611385572697677,0.611693304249137
seller_N_gaspaid_high,Fur_recoded_Other_Fur,grf_blp_single,3221,-1.13893078251052,0.464841440411732,-2.45014898306338,0.0142797116895373,-2.05002000571752,-0.227841559303526,-67.9838839214212,-87.126767182055,-20.3749591689076,0.611385572697677,0.611693304249137
seller_N_gaspaid_high,Fur_recoded_Pink,grf_blp_single,3221,0.100585588266026,0.124296101755796,0.809241696603211,0.418376135197928,-0.143034771175335,0.344205947707387,10.5818282723297,-13.3276068638251,41.0869170860268,0.611385572697677,0.611693304249137
seller_N_gaspaid_high,Fur_recoded_Red,grf_blp_single,3221,0.139241461747274,0.123320362924461,1.12910356769357,0.258854146478808,-0.102466449584669,0.380949373079217,14.940160301846,-9.73915678672908,46.3673502251486,0.611385572697677,0.611693304249137
seller_N_gaspaid_high,Fur_recoded_Robot,grf_blp_single,3221,0.452491911040241,0.187833104171357,2.40901045125379,0.0159958399034012,0.0843390268643812,0.820644795216101,57.2225153298741,8.79976917349743,127.196431705976,0.611385572697677,0.611693304249137
seller_N_gaspaid_high,Fur_recoded_Tan,grf_blp_single,3221,-0.0547386866062604,0.124011677831745,-0.441399451755892,0.658923839054283,-0.29780157515648,0.188324201943959,-5.32674904823429,-25.7551354610975,20.7224836551436,0.611385572697677,0.611693304249137
seller_N_gaspaid_high,Fur_recoded_White,grf_blp_single,3221,-0.113734036593794,0.138909922158854,-0.818761070672338,0.412922745682906,-0.385997484025148,0.158529410837559,-10.7504704592016,-32.022776403198,17.1786386937489,0.611385572697677,0.611693304249137
seller_N_gaspaid_high,Fur_recoded_Zombie,grf_blp_single,3221,-0.0169388598392512,0.158439465314179,-0.106910609712436,0.914859896102258,-0.327480211855041,0.293602492176539,-1.67962039645809,-27.9262446806388,34.1250640063119,0.611385572697677,0.611693304249137
seller_N_gaspaid_high,`Hat_recoded_Baby's Bonnet`,grf_blp_single,3221,0.272856028225623,0.206326696541182,1.32244655102672,0.186019496370267,-0.131544296995094,0.67725635344634,31.3711093891662,-12.3259562689246,96.8469531880754,0.611385572697677,0.611693304249137
seller_N_gaspaid_high,`Hat_recoded_Bayc Flipped Brim`,grf_blp_single,3221,0.0402749273492275,0.184483695661881,0.218311581436675,0.827186351399987,-0.32131311614806,0.401862970846515,4.10969608780551,-27.4803855186761,49.4606513977894,0.611385572697677,0.611693304249137
seller_N_gaspaid_high,`Hat_recoded_Bayc Hat Black`,grf_blp_single,3221,0.190735989886379,0.263306078529609,0.724388859351496,0.468827037450115,-0.325343924031655,0.706815903804414,21.0139920725433,-27.7721098151653,102.752513466168,0.611385572697677,0.611693304249137
seller_N_gaspaid_high,`Hat_recoded_Bayc Hat Red`,grf_blp_single,3221,0.18207727964645,0.301999839265971,0.602905220376938,0.546571742937776,-0.409842405314853,0.773996964607752,19.9706903222874,-33.6245153869793,116.841603798743,0.611385572697677,0.611693304249137
seller_N_gaspaid_high,Hat_recoded_Beanie,grf_blp_single,3221,0.0859899939408566,0.116162843700876,0.740253864327602,0.459145969366178,-0.14168917971286,0.313669167594574,8.97954236931089,-13.2109027311554,36.8436938367355,0.611385572697677,0.611693304249137
seller_N_gaspaid_high,Hat_recoded_Bowler,grf_blp_single,3221,0.0540798290423121,0.155324762011944,0.348172618079746,0.727710550397329,-0.250356704501098,0.358516362585722,5.55688638432654,-22.14769691327,43.1204450142057,0.611385572697677,0.611693304249137
seller_N_gaspaid_high,`Hat_recoded_Bunny Ears`,grf_blp_single,3221,-0.0446256890215817,0.176644516063405,-0.252629914678833,0.800554211111305,-0.390848940505855,0.301597562462692,-4.36446108339665,-32.3517662598952,35.201701481334,0.611385572697677,0.611693304249137
seller_N_gaspaid_high,`Hat_recoded_Commie Hat`,grf_blp_single,3221,0.228602059300283,0.17562364094958,1.30165880894083,0.193033046495453,-0.115620276960894,0.572824395561459,25.6841790980178,-10.9186578537735,77.3268396609105,0.611385572697677,0.611693304249137
seller_N_gaspaid_high,`Hat_recoded_Cowboy Hat`,grf_blp_single,3221,0.171098846360516,0.127422648335781,1.34276636528257,0.179347637649156,-0.0786495443776143,0.420847237098645,18.6608035110594,-7.56361838165571,52.3251564305709,0.611385572697677,0.611693304249137
seller_N_gaspaid_high,`Hat_recoded_Faux Hawk`,grf_blp_single,3221,0.317205859914207,0.218720655809928,1.45027847845273,0.146980878080044,-0.111486625473252,0.745898345301666,37.3285247211878,-10.549664511769,110.833459697635,0.611385572697677,0.611693304249137
seller_N_gaspaid_high,Hat_recoded_Fez,grf_blp_single,3221,-0.0613816415024024,0.125666084580584,-0.488450338110448,0.625230893929332,-0.307687167280348,0.184923884275543,-5.95357489118652,-26.4854740468544,20.3126859769841,0.611385572697677,0.611693304249137
seller_N_gaspaid_high,`Hat_recoded_Fisherman's Hat`,grf_blp_single,3221,-0.254137096897278,0.159388816880892,-1.59444747674606,0.110835845888799,-0.566539177983827,0.058264984189271,-22.4414535603381,-43.251398777035,5.99958406373735,0.611385572697677,0.611693304249137
seller_N_gaspaid_high,`Hat_recoded_Girl's Hair Pink`,grf_blp_single,3221,0.0893668529634105,0.255801665359169,0.349359934142459,0.72681910849437,-0.41200441114056,0.590738117067381,9.34817297673423,-33.7678645546912,80.5320461579153,0.611385572697677,0.611693304249137
seller_N_gaspaid_high,`Hat_recoded_Girl's Hair Short`,grf_blp_single,3221,-0.181163056915699,0.309399819384741,-0.585530583941358,0.55819100820575,-0.787586702909792,0.425260589078395,-16.5700690667953,-54.5058619733317,52.9989066160366,0.611385572697677,0.611693304249137
seller_N_gaspaid_high,Hat_recoded_Halo,grf_blp_single,3221,0.105415080549808,0.204182885786334,0.51627774846967,0.605660435070453,-0.294783375591407,0.505613536691024,11.117174042297,-25.5307111349021,65.8002453805208,0.611385572697677,0.611693304249137
seller_N_gaspaid_high,Hat_recoded_Horns,grf_blp_single,3221,0.0713842387939269,0.150795862153494,0.473383273085208,0.635939761322992,-0.224175651026922,0.366944128614775,7.39938166853904,-20.0825253824795,44.3317276726829,0.611385572697677,0.611693304249137
seller_N_gaspaid_high,`Hat_recoded_Irish Boho`,grf_blp_single,3221,0.272683462510932,0.286044724964729,0.953289603730873,0.340443357499228,-0.287964198419935,0.8333311234418,31.3484411957175,-25.0211564630774,130.09708059913,0.611385572697677,0.611693304249137
seller_N_gaspaid_high,Hat_recoded_No_Hat,grf_blp_single,3221,-0.030656656200652,0.0726972050760969,-0.421703367668147,0.673241546052068,-0.173143178149802,0.111829865748498,-3.01915063475018,-15.8982809061557,11.8322579483834,0.611385572697677,0.611693304249137
seller_N_gaspaid_high,Hat_recoded_Other_Hat,grf_blp_single,3221,-0.069840676126737,0.138052244035757,-0.505900332258617,0.612926619060674,-0.34042307443682,0.200741722183346,-6.74576156646419,-28.8530745374232,22.2309035742242,0.611385572697677,0.611693304249137
seller_N_gaspaid_high,`Hat_recoded_Party Hat 1`,grf_blp_single,3221,-0.177229214017804,0.306399436376972,-0.578425391748288,0.56297695502995,-0.777772109316669,0.42331368128106,-16.241222434105,-54.0571571719277,52.7013216310244,0.611385572697677,0.611693304249137
seller_N_gaspaid_high,`Hat_recoded_Police Motorcycle Helmet`,grf_blp_single,3221,-0.0469157267886575,0.238208402114027,-0.19695244320643,0.843864753585304,-0.513804194932151,0.419972741354836,-4.58321950126853,-40.1784483774426,52.1920069574065,0.611385572697677,0.611693304249137
seller_N_gaspaid_high,`Hat_recoded_Prussian Helmet`,grf_blp_single,3221,-0.250158585442841,0.233588943838728,-1.07093504226618,0.284198638143898,-0.707992915366747,0.207675744481065,-22.1322713603017,-50.7368040095463,23.0814006602548,0.611385572697677,0.611693304249137
seller_N_gaspaid_high,`Hat_recoded_S&m Hat`,grf_blp_single,3221,-0.153527215434296,0.192496078350831,-0.797560224341232,0.425125740970674,-0.530819529001924,0.223765098133332,-14.2322578182328,-41.1877211557233,25.0777175024216,0.611385572697677,0.611693304249137
seller_N_gaspaid_high,Hat_recoded_Safari,grf_blp_single,3221,0.0301481696007932,0.227431469829866,0.132559357873148,0.894541876397999,-0.415617511265745,0.475913850467331,3.06072273024252,-34.0067360982957,60.948435366077,0.611385572697677,0.611693304249137
seller_N_gaspaid_high,`Hat_recoded_Sea Captain's Hat`,grf_blp_single,3221,-0.281578149194892,0.224918310936764,-1.2519129635206,0.210601580508064,-0.722418038630949,0.159261740241166,-24.5408057381824,-51.4423307946387,17.264483485835,0.611385572697677,0.611693304249137
seller_N_gaspaid_high,`Hat_recoded_Seaman's Hat`,grf_blp_single,3221,-0.165946275402227,0.159922129333673,-1.03766924623662,0.299424067387506,-0.479393648896226,0.147501098091772,-15.2908257369923,-38.0841294426781,15.8934557445554,0.611385572697677,0.611693304249137
seller_N_gaspaid_high,`Hat_recoded_Short Mohawk`,grf_blp_single,3221,-0.331762161404036,0.188567042254289,-1.75938571999577,0.0785120157374003,-0.701353564222442,0.0378292414143706,-28.2342010673334,-50.408640160844,3.85538757453798,0.611385572697677,0.611693304249137
seller_N_gaspaid_high,`Hat_recoded_Spinner Hat`,grf_blp_single,3221,-0.0947959578145623,0.245325212207921,-0.386409358261228,0.69919352044248,-0.575633373742088,0.386041458112963,-9.04414961594955,-43.7651420837328,47.1145660473454,0.611385572697677,0.611693304249137
seller_N_gaspaid_high,`Hat_recoded_Stuntman Helmet`,grf_blp_single,3221,-0.0883654330954773,0.202460047911817,-0.436458619895051,0.662504015861993,-0.485187127002638,0.308456260811683,-8.45737114700493,-38.4418006027565,36.1321965127598,0.611385572697677,0.611693304249137
seller_N_gaspaid_high,`Hat_recoded_Sushi Chef Headband`,grf_blp_single,3221,0.233241576422014,0.192741475857672,1.21012654585175,0.226230338392132,-0.144531716259024,0.611014869103051,26.2686477766986,-13.4572536153783,84.2300143849967,0.611385572697677,0.611693304249137
seller_N_gaspaid_high,`Hat_recoded_Vietnam Era Helmet`,grf_blp_single,3221,0.00566334270929399,0.213640434846277,0.0265087585754495,0.978851547722176,-0.413071909589409,0.424398595007997,0.567940975135062,-33.8385295324554,52.867079291105,0.611385572697677,0.611693304249137
seller_N_gaspaid_high,`Hat_recoded_Ww2 Pilot Helm`,grf_blp_single,3221,0.361279232133233,0.351012426363768,1.02924912338808,0.303362624035663,-0.326705123539753,1.04926358780622,43.5164148880301,-27.8703594998743,185.554748360035,0.611385572697677,0.611693304249137
seller_N_gaspaid_high,`Mouth_recoded_Bored Bubblegum`,grf_blp_single,3221,-0.0653221177469379,0.318168573767032,-0.205306630298339,0.83733256416824,-0.68893252233032,0.558288286836444,-6.32343340728616,-49.7888223803741,74.7678414371461,0.611385572697677,0.611693304249137
seller_N_gaspaid_high,`Mouth_recoded_Bored Cigar`,grf_blp_single,3221,-0.216681435410332,0.327734224818835,-0.661149855588349,0.508516215354273,-0.859040516055248,0.425677645234584,-19.4813567661764,-57.6431705612423,53.0627290597775,0.611385572697677,0.611693304249137
seller_N_gaspaid_high,`Mouth_recoded_Bored Cigarette`,grf_blp_single,3221,0.176319005030995,0.145760266025708,1.20965068079594,0.226412962090235,-0.109371116379392,0.462009126441382,19.281851307074,-10.3602312103076,58.7259789192918,0.611385572697677,0.611693304249137
seller_N_gaspaid_high,`Mouth_recoded_Bored Pipe`,grf_blp_single,3221,-0.247529928574854,0.319351145777797,-0.775102678814511,0.438278988808576,-0.873458174299335,0.378398317149628,-21.9273145580837,-58.2494756003452,45.9944347947594,0.611385572697677,0.611693304249137
seller_N_gaspaid_high,`Mouth_recoded_Bored Unshaven`,grf_blp_single,3221,-0.0549941136276979,0.0847958142416026,-0.648547503429911,0.516630896813639,-0.221193909541239,0.111205682285843,-5.35092806661592,-19.8438765151819,11.7624758830519,0.611385572697677,0.611693304249137
seller_N_gaspaid_high,`Mouth_recoded_Bored Unshaven Cigar`,grf_blp_single,3221,-0.389559952163657,0.320501095779981,-1.2154715141164,0.224186306916263,-1.01774209989242,0.238622195565105,-32.2645122526158,-63.8589952603661,26.949882368503,0.611385572697677,0.611693304249137
seller_N_gaspaid_high,`Mouth_recoded_Bored Unshaven Cigarette`,grf_blp_single,3221,0.332443651674205,0.145485737698912,2.28506008171199,0.0223093050415881,0.0472916057843375,0.617595697564073,39.4371326481436,4.84276920874953,85.446398524863,0.611385572697677,0.611693304249137
seller_N_gaspaid_high,Mouth_recoded_Discomfort,grf_blp_single,3221,0.172241968452799,0.156488157250213,1.10067094839258,0.271039894630137,-0.134474819757619,0.478958756663217,18.7965248552953,-12.5825109464931,61.4392551249863,0.611385572697677,0.611693304249137
seller_N_gaspaid_high,Mouth_recoded_Dumbfounded,grf_blp_single,3221,-0.190543840001633,0.1211396930676,-1.57292655426577,0.115735825616076,-0.427977638414129,0.0468899584108633,-17.3490477244036,-34.8174009501377,4.80066784138686,0.611385572697677,0.611693304249137
seller_N_gaspaid_high,Mouth_recoded_Grin,grf_blp_single,3221,0.00792204227753727,0.133310772562849,0.0594253721979028,0.952613304674083,-0.253367071945647,0.269211156500722,0.795350468174894,-22.3817085447431,30.8931501263303,0.611385572697677,0.611693304249137
seller_N_gaspaid_high,Mouth_recoded_Jovial,grf_blp_single,3221,0.107845706514371,0.177681062593121,0.606962300542581,0.543875931284427,-0.240409176168146,0.456100589196888,11.387586833677,-21.3693942465737,57.7909057388802,0.611385572697677,0.611693304249137
seller_N_gaspaid_high,Mouth_recoded_Other_Mouth,grf_blp_single,3221,-0.0564958754112376,0.109149146203329,-0.517602540893851,0.604735608616716,-0.270428201969763,0.157436451147288,-5.49296174862127,-23.6947316290828,17.0506371281137,0.611385572697677,0.611693304249137
seller_N_gaspaid_high,`Mouth_recoded_Phoneme  ooo`,grf_blp_single,3221,-0.181841870510068,0.172453651996475,-1.05443908206586,0.291681937101476,-0.519851028423159,0.156167287403023,-16.6266832206874,-40.5390878769025,16.9021749345726,0.611385572697677,0.611693304249137
seller_N_gaspaid_high,`Mouth_recoded_Phoneme L`,grf_blp_single,3221,-0.249537597792745,0.147914726516019,-1.68703687367952,0.0915962619172576,-0.539450461764142,0.0403752661786516,-22.08390144547,-41.6931417170596,4.1201428569422,0.611385572697677,0.611693304249137
seller_N_gaspaid_high,`Mouth_recoded_Phoneme Oh`,grf_blp_single,3221,-0.348056560700997,0.168336661551685,-2.06762185665737,0.0386755951752448,-0.6779964173423,-0.018116704059695,-29.3941060103604,-49.2366941067638,-1.7953583133273,0.611385572697677,0.611693304249137
seller_N_gaspaid_high,`Mouth_recoded_Phoneme Vuh`,grf_blp_single,3221,0.00519645932785907,0.118232965860847,0.0439510189905493,0.964943447289882,-0.226540153759402,0.23693307241512,0.520998433987518,-20.271267241329,26.7356293840855,0.611385572697677,0.611693304249137
seller_N_gaspaid_high,`Mouth_recoded_Phoneme Wah`,grf_blp_single,3221,-0.286749572310328,0.209590284959073,-1.36814343454098,0.171267183312886,-0.697546530830112,0.124047386209455,-24.9300298708837,-50.2194843652109,13.2069514211309,0.611385572697677,0.611693304249137
seller_N_gaspaid_high,Mouth_recoded_Rage,grf_blp_single,3221,0.265702413803655,0.159442063424904,1.66645117415203,0.0956235854028306,-0.0468040305091579,0.578208858116467,30.4346845309911,-4.57256120665015,78.2842245776042,0.611385572697677,0.611693304249137
seller_N_gaspaid_high,`Mouth_recoded_Small Grin`,grf_blp_single,3221,-0.190080181139199,0.140320514957979,-1.35461433558822,0.175540463665359,-0.465108390456838,0.0849480281784399,-17.3107169923873,-37.193297497168,8.8660485559604,0.611385572697677,0.611693304249137
seller_N_gaspaid_high,`Mouth_recoded_Tongue Out`,grf_blp_single,3221,0.162637702175534,0.237280273001898,0.685424456563367,0.493076115619974,-0.302431632908187,0.627707037259254,17.6610329095897,-26.0980988887542,87.3310220330023,0.611385572697677,0.611693304249137
seller_N_gaspaid_high,`log_price_change_n-1`,grf_blp_single,3221,0.0917663796746924,0.0240511195587941,3.81547226732481,0.000135922721756949,0.0446261853394559,0.138906574009929,9.61087188910468,4.56369124348466,14.9016746961708,0.611385572697677,0.611693304249137
seller_N_1_gaspaid_high,log_price_1_sale,grf_blp_single,3258,-0.0495896107361337,0.0264879708586653,-1.87215589298003,0.0611850391834962,-0.101506033619118,0.00232681214685038,-4.83801210423186,-9.65242719026501,0.232952127503694,0.84712046262222,0.903632277740492
seller_N_1_gaspaid_high,sold_after_30d,grf_blp_single,3258,0.424680729022507,0.0492260018204689,8.62716274564306,6.2892652733504e-18,0.328197765454388,0.521163692590626,52.9102143785235,38.8463535260934,68.3986152138444,0.84712046262222,0.903632277740492
seller_N_1_gaspaid_high,log_buyern_total_value,grf_blp_single,3258,0.00884728505014133,0.0183893426772524,0.481109368911017,0.630438769714707,-0.0271958265972733,0.044890396697556,0.888653795165939,-2.68293498334711,4.59132180834987,0.84712046262222,0.903632277740492
seller_N_1_gaspaid_high,log_buyern_rolling_avg_value_last10,grf_blp_single,3258,-0.0173107712898966,0.0314604234467773,-0.550239615152728,0.582155035319041,-0.07897320124558,0.0443516586657869,-1.71618007256197,-7.59353121040904,4.53498966099628,0.84712046262222,0.903632277740492
seller_N_1_gaspaid_high,log_sellern_total_value,grf_blp_single,3258,-0.0677397216872328,0.0204135879469093,-3.31836431025291,0.000905463033439223,-0.107750354063175,-0.0277290893112906,-6.54963270346485,-10.2148286513542,-2.73481671103316,0.84712046262222,0.903632277740492
seller_N_1_gaspaid_high,log_sellern_rolling_avg_value_last10,grf_blp_single,3258,-0.024422165563898,0.043012324145839,-0.5677946041951,0.570174444119445,-0.108726320889742,0.0598819897619464,-2.41263574628609,-10.302413253323,6.17112463552259,0.84712046262222,0.903632277740492
seller_N_1_gaspaid_high,log_buyern_1_total_value,grf_blp_single,3258,-0.0345699404094855,0.0183967830697445,-1.87912964339616,0.0602267934117822,-0.0706276352261848,0.00148775440721372,-3.39792265647521,-6.81911996914435,0.14888616628419,0.84712046262222,0.903632277740492
seller_N_1_gaspaid_high,log_buyern_1_rolling_avg_value_last10,grf_blp_single,3258,-0.0533539450813681,0.03824986180665,-1.39487942076936,0.163052203854849,-0.128323674222402,0.021615784059666,-5.19556025602372,-12.043136062973,2.18510975566539,0.84712046262222,0.903632277740492
seller_N_1_gaspaid_high,log_sellern_1_total_value,grf_blp_single,3258,-0.0492216353267008,0.0186490603456264,-2.63936275686107,0.00830620475364853,-0.0857737936041285,-0.0126694770492731,-4.80298838923574,-8.21981796178194,-1.25895570956381,0.84712046262222,0.903632277740492
seller_N_1_gaspaid_high,log_sellern_1_rolling_avg_value_last10,grf_blp_single,3258,-0.0516456257761468,0.0391394002789141,-1.31953033025829,0.186991877154231,-0.128358850322818,0.0250675987705249,-5.03346558608224,-12.0462299880348,2.53844329086665,0.84712046262222,0.903632277740492
seller_N_1_gaspaid_high,log_unique_makers_count,grf_blp_single,3258,-0.254477227308411,0.0395648380153531,-6.43190368199313,1.26015589059974e-10,-0.332024309818503,-0.176930144798319,-22.4678290948106,-28.253011892015,-16.2161690157069,0.84712046262222,0.903632277740492
seller_N_1_gaspaid_high,log_median_offer_price,grf_blp_single,3258,-0.0924271716747279,0.0213072239690619,-4.33783264347023,1.43894654159848e-05,-0.134189330654089,-0.0506650126953666,-8.82843927325316,-12.5575506431326,-4.94029448526561,0.84712046262222,0.903632277740492
seller_N_1_gaspaid_high,log_buyern_avg_total_gaspaid,grf_blp_single,3258,0.00139196097353441,0.0231746020942932,0.0600640722058904,0.952104604503288,-0.0440302591312803,0.0468141810783492,0.139293020086706,-4.30749986842854,4.79272662721795,0.84712046262222,0.903632277740492
seller_N_1_gaspaid_high,log_buyern_1_avg_total_gaspaid,grf_blp_single,3258,-0.0013083978628611,0.021333211279685,-0.061331500715368,0.951095204072054,-0.0431214919710438,0.0405046962453216,-0.1307542283564,-4.22049814065909,4.1336200061292,0.84712046262222,0.903632277740492
seller_N_1_gaspaid_high,log_sellern_avg_total_gaspaid,grf_blp_single,3258,-0.0771947752633816,0.0162010173697313,-4.7648103512071,1.89031358543477e-06,-0.108948769308055,-0.0454407812187083,-7.42904692718151,-10.3223641205196,-4.44238110462092,0.84712046262222,0.903632277740492
seller_N_1_gaspaid_high,log_buyern_avg_gasLimit_cost,grf_blp_single,3258,3.62946890410879,4.70216547025377,0.771871795467231,0.440190363661879,-5.58677541758859,12.8457132258062,3669.27928129812,-99.6252908790982,37915887.3830434,0.84712046262222,0.903632277740492
seller_N_1_gaspaid_high,log_buyern_1_avg_gasLimit_cost,grf_blp_single,3258,14.0591438029496,4.55129245057467,3.08904425624734,0.00200801524469504,5.13861059982322,22.9796770060759,127587531.063531,16947.8740504014,954875871945.778,0.84712046262222,0.903632277740492
seller_N_1_gaspaid_high,log_sellern_avg_gasLimit_cost,grf_blp_single,3258,-14.3344930396065,4.07955882393315,-3.51373608232139,0.000441851579143976,-22.3304283345155,-6.33855774469756,-99.9999404874209,-99.9999999799545,-99.8233151353064,0.84712046262222,0.903632277740492
seller_N_1_gaspaid_high,log_sellern_1_avg_gasLimit_cost,grf_blp_single,3258,-4.070626211854,3.51154884960054,-1.15921104509683,0.246370170391121,-10.9532619570711,2.81200953336306,-98.2933302207958,-99.9982499164881,1564.33299633692,0.84712046262222,0.903632277740492
seller_N_1_gaspaid_high,`time_n_sale_str_2021-06`,grf_blp_single,3258,-0.290774613061949,0.11739337580573,-2.47692521887386,0.0132519664515497,-0.52086562964118,-0.0606835964827186,-25.2315822724043,-40.599386396119,-5.88790333433528,0.84712046262222,0.903632277740492
seller_N_1_gaspaid_high,`time_n_sale_str_2021-07`,grf_blp_single,3258,-0.517544382799383,0.137278564573118,-3.77003055363189,0.000163227563246663,-0.786610369362695,-0.248478396236072,-40.4017743181911,-54.4614228299968,-22.0013288698107,0.84712046262222,0.903632277740492
seller_N_1_gaspaid_high,`time_n_sale_str_2021-08`,grf_blp_single,3258,-0.452647508333613,0.131596896915285,-3.43965183787732,0.000582462955971641,-0.710577426287571,-0.194717590379654,-36.4057741530562,-50.8639608876276,-17.6932932704835,0.84712046262222,0.903632277740492
seller_N_1_gaspaid_high,`time_n_sale_str_2021-09`,grf_blp_single,3258,-0.413789517557581,0.230001018720788,-1.79907689043719,0.0720065186610674,-0.864591514250326,0.0370124791351645,-33.8859904996281,-57.877641868031,3.7705970430423,0.84712046262222,0.903632277740492
seller_N_1_gaspaid_high,`time_n_sale_str_2021-10`,grf_blp_single,3258,-0.160044524595951,0.201215004692956,-0.795390606382317,0.426386322478011,-0.554425933794146,0.234336884602243,-14.7894151547035,-42.5598088707256,26.4070266294252,0.84712046262222,0.903632277740492
seller_N_1_gaspaid_high,`time_n_sale_str_2021-11`,grf_blp_single,3258,-0.0728390196007527,0.210369944011785,-0.346242520255993,0.729160462086154,-0.485164109863852,0.339486070662347,-7.02495104156445,-38.4403836928311,40.4225732286899,0.84712046262222,0.903632277740492
seller_N_1_gaspaid_high,`time_n_sale_str_2021-12`,grf_blp_single,3258,-0.256168198629923,0.205070366513019,-1.24917218896988,0.211602101663354,-0.658106116995441,0.145769719735594,-22.5988229876343,-48.2168882045256,15.6929739286766,0.84712046262222,0.903632277740492
seller_N_1_gaspaid_high,`time_n_sale_str_2022-01`,grf_blp_single,3258,0.215261995456236,0.155909093960876,1.38068915665852,0.167374556740749,-0.0903198287070811,0.520843819619554,24.0186777706208,-8.6361069419907,68.3447576627182,0.84712046262222,0.903632277740492
seller_N_1_gaspaid_high,`time_n_sale_str_2022-02`,grf_blp_single,3258,-0.0656309734407515,0.278106186291244,-0.235992497383788,0.813438491996826,-0.610719098571589,0.479457151690086,-6.35236148072518,-45.7039713308876,61.5197357007754,0.84712046262222,0.903632277740492
seller_N_1_gaspaid_high,`time_n_sale_str_2022-03`,grf_blp_single,3258,0.181695354162293,0.202710654206778,0.896328586542629,0.370077295759229,-0.215617528082992,0.579008236407577,19.9248792070744,-19.3956468060097,78.4267980938737,0.84712046262222,0.903632277740492
seller_N_1_gaspaid_high,`time_n_sale_str_2022-04`,grf_blp_single,3258,0.105096946781579,0.292435941344943,0.359384507589003,0.719307462812317,-0.468077498254509,0.678271391817667,11.0818295394419,-37.3795008016823,97.0468618391521,0.84712046262222,0.903632277740492
seller_N_1_gaspaid_high,`time_n_sale_str_2022-05`,grf_blp_single,3258,0.20251572577972,0.245023679279125,0.826514916335979,0.408512060100149,-0.277730685607365,0.682762137166805,22.4479340862894,-24.2499200086207,97.9337389967987,0.84712046262222,0.903632277740492
seller_N_1_gaspaid_high,`time_n_sale_str_2022-06`,grf_blp_single,3258,0.283412527343015,0.220257939362179,1.28673013178875,0.198188366826814,-0.148293033806856,0.715118088492885,32.765274192158,-13.7821569506366,104.442809143658,0.84712046262222,0.903632277740492
seller_N_1_gaspaid_high,`time_n_sale_str_2022-07`,grf_blp_single,3258,-0.0880699817312673,0.30094663664375,-0.292643183234912,0.769794902554786,-0.677925389553017,0.501785426090482,-8.43032075658635,-49.2330883733174,65.1667570089998,0.84712046262222,0.903632277740492
seller_N_1_gaspaid_high,`time_n_sale_str_2022-08`,grf_blp_single,3258,-0.0455392950206915,0.186751730027766,-0.243849387708059,0.807347468746075,-0.411572685875113,0.32049409583373,-4.45179438529011,-33.7392642951518,37.7808365554096,0.84712046262222,0.903632277740492
seller_N_1_gaspaid_high,`time_n_sale_str_2022-09`,grf_blp_single,3258,0.848122960844124,0.281297661081462,3.01503737209714,0.00256947593138341,0.296779545124458,1.39946637656379,133.52593622072,34.5518640604901,305.303659436831,0.84712046262222,0.903632277740492
seller_N_1_gaspaid_high,`time_n_sale_str_2022-10`,grf_blp_single,3258,0.130021632002272,0.61577916004349,0.211149776476828,0.832770399699674,-1.07690552168297,1.33694878568751,13.8853018729253,-65.9351975737192,280.740854456891,0.84712046262222,0.903632277740492
seller_N_1_gaspaid_high,`time_n_sale_str_2022-11`,grf_blp_single,3258,0.152250871392662,0.265077691195641,0.574363201618098,0.565722048882392,-0.367301403350794,0.671803146136117,16.445232756903,-30.7399138638456,95.7764274961123,0.84712046262222,0.903632277740492
seller_N_1_gaspaid_high,`time_n_sale_str_2022-12`,grf_blp_single,3258,-0.342252974514082,0.453183484124471,-0.755219434298888,0.450117329681078,-1.23049260339805,0.545986654369882,-28.9831472554896,-70.785137117837,72.6310814491176,0.84712046262222,0.903632277740492
seller_N_1_gaspaid_high,`time_n_sale_str_2023-01`,grf_blp_single,3258,0.504326090524611,0.223192955943571,2.25959680668469,0.0238462859761651,0.0668678968752106,0.941784284174011,65.5869238396806,6.91542302304629,156.455323015257,0.84712046262222,0.903632277740492
seller_N_1_gaspaid_high,`time_n_sale_str_2023-02`,grf_blp_single,3258,0.102232514033551,0.3361747862858,0.304105239905284,0.761047714917325,-0.556670067086616,0.761135095153718,10.7640983862065,-42.6885677858434,114.070474551475,0.84712046262222,0.903632277740492
seller_N_1_gaspaid_high,`time_n_sale_str_2023-03`,grf_blp_single,3258,0.0430529352261111,0.274303792874448,0.156953481302451,0.875281510150492,-0.494582498807806,0.580688369260029,4.39931574017773,-39.0174542989461,78.7268307959299,0.84712046262222,0.903632277740492
seller_N_1_gaspaid_high,`time_n_sale_str_2023-04`,grf_blp_single,3258,-0.00425464402270365,0.253711396617169,-0.0167696212288153,0.986620405235999,-0.501528981392355,0.493019693346948,-0.424560584743983,-39.439600577229,63.725276405841,0.84712046262222,0.903632277740492
seller_N_1_gaspaid_high,`time_n_sale_str_2023-05`,grf_blp_single,3258,-0.168715437695871,0.264183001097809,-0.638630937625723,0.523063050187219,-0.686514119847577,0.349083244455835,-15.5250747018965,-49.6672445909993,41.7767206689436,0.84712046262222,0.903632277740492
seller_N_1_gaspaid_high,`time_n_sale_str_2023-06`,grf_blp_single,3258,0.00186686437645259,0.183918512525771,0.0101504973632875,0.991901213942761,-0.358613420174058,0.362347148926964,0.186860805265288,-30.1355619022599,43.6697603431849,0.84712046262222,0.903632277740492
seller_N_1_gaspaid_high,`time_n_sale_str_2023-07`,grf_blp_single,3258,0.161422638266618,0.166113790972543,0.971759402524861,0.33117025697032,-0.164160392039566,0.487005668572802,17.5181540560633,-15.139409866713,62.7435834590947,0.84712046262222,0.903632277740492
seller_N_1_gaspaid_high,`time_n_sale_str_2023-08`,grf_blp_single,3258,-0.0899396343345691,0.273433648546612,-0.328926724317315,0.742211074152775,-0.625869585485928,0.44599031681679,-8.60136429993926,-46.5203824732372,56.2036340976442,0.84712046262222,0.903632277740492
seller_N_1_gaspaid_high,`time_n_sale_str_2023-09`,grf_blp_single,3258,-0.48603689499478,0.379824338656343,-1.27963599361266,0.200673184910211,-1.23049259876121,0.258418808771652,-38.4940885707909,-70.7851369823726,29.4881012604839,0.84712046262222,0.903632277740492
seller_N_1_gaspaid_high,`time_n_sale_str_2023-10`,grf_blp_single,3258,0.224625631382352,0.172932028934433,1.2989243968653,0.193969876147972,-0.114321145329137,0.563572408093841,25.1853973614484,-10.8028542586224,75.6937801348721,0.84712046262222,0.903632277740492
seller_N_1_gaspaid_high,`time_n_sale_str_2023-11`,grf_blp_single,3258,-0.199355095340687,0.164258242357238,-1.21366874794093,0.224874243004439,-0.521301250360873,0.122591059679499,-18.0741073352143,-40.6252568988947,13.0422051257185,0.84712046262222,0.903632277740492
seller_N_1_gaspaid_high,`time_n_sale_str_2023-12`,grf_blp_single,3258,-0.0700730392371444,0.21842989105011,-0.32080334289536,0.748359425927066,-0.49819562569536,0.358049547221071,-6.76742789404017,-39.2373943994739,43.0536497832103,0.84712046262222,0.903632277740492
seller_N_1_gaspaid_high,`time_n_sale_str_2024-01`,grf_blp_single,3258,-0.0538630588018431,0.0891306239067821,-0.604315962807308,0.545633595506684,-0.228559081659136,0.12083296405545,-5.24381421264136,-20.4320714236602,12.8436407183073,0.84712046262222,0.903632277740492
seller_N_1_gaspaid_high,`time_n_sale_str_2024-02`,grf_blp_single,3258,0.0979931056428932,0.18714471626279,0.52362208027979,0.600541420856523,-0.268810538232175,0.464796749517962,10.2955180915405,-23.5711954704096,59.1690644117227,0.84712046262222,0.903632277740492
seller_N_1_gaspaid_high,`time_n_sale_str_2024-03`,grf_blp_single,3258,-0.0156452385159549,0.121973052378495,-0.128267992075873,0.897936894455013,-0.254712421177806,0.223421944145896,-1.55234875398171,-22.4860620418656,25.0348039483209,0.84712046262222,0.903632277740492
seller_N_1_gaspaid_high,`time_n_sale_str_2024-04`,grf_blp_single,3258,-0.113741893229161,0.164520358563203,-0.691354518203687,0.489342778735207,-0.436201796013038,0.208718009554716,-10.7511716574573,-35.3512745778835,23.2097509812883,0.84712046262222,0.903632277740492
seller_N_1_gaspaid_high,`time_n_sale_str_2024-05`,grf_blp_single,3258,-0.172415905468726,0.178232812778696,-0.967363432023076,0.333362383858665,-0.521752218514971,0.176920407577519,-15.8370937762602,-40.6520269805102,19.3536092917586,0.84712046262222,0.903632277740492
seller_N_1_gaspaid_high,`time_n_sale_str_2024-06`,grf_blp_single,3258,0.109813330178815,0.140123317086434,0.783690626671913,0.433221663854312,-0.164828371310597,0.384455031668227,11.6069714478558,-15.1960760538233,46.8813646367134,0.84712046262222,0.903632277740492
seller_N_1_gaspaid_high,`time_n_sale_str_2024-07`,grf_blp_single,3258,-0.0751727564039305,0.198189791728873,-0.379296813161638,0.704467465900344,-0.463624748192523,0.313279235384661,-7.24167734565645,-37.1000456597744,36.7903444747785,0.84712046262222,0.903632277740492
seller_N_1_gaspaid_high,`time_n_sale_str_2024-08`,grf_blp_single,3258,-0.256870403904598,0.253067183219149,-1.01502850206443,0.31009224125556,-0.752882083014129,0.239141275204934,-22.6531554239041,-52.8992886927091,27.0157965736001,0.84712046262222,0.903632277740492
seller_N_1_gaspaid_high,`time_n_sale_str_2024-09`,grf_blp_single,3258,0.369855884386584,0.236800118227632,1.56189062385115,0.118313757670874,-0.094272347339576,0.833984116112743,44.752598853477,-8.99651170916207,130.247381373678,0.84712046262222,0.903632277740492
seller_N_1_gaspaid_high,`time_n_sale_str_2024-10`,grf_blp_single,3258,-0.198871120105131,0.224761248700953,-0.884810532307247,0.376258827971146,-0.639403167558999,0.241660927348736,-18.0344476356317,-47.2392776800558,27.3362357258023,0.84712046262222,0.903632277740492
seller_N_1_gaspaid_high,`time_n_sale_str_2024-11`,grf_blp_single,3258,-0.141278211817811,0.200238245385703,-0.70555058822893,0.480467661634927,-0.533745172773788,0.251188749138166,-13.1752278684281,-41.3595334796547,28.555270839871,0.84712046262222,0.903632277740492
seller_N_1_gaspaid_high,`time_n_sale_str_2024-12`,grf_blp_single,3258,-0.0381088425949324,0.120796492715516,-0.315479710861153,0.752397453523476,-0.274869968317344,0.19865228312748,-3.73918375811783,-24.0329101911959,21.975776179852,0.84712046262222,0.903632277740492
seller_N_1_gaspaid_high,`time_n_sale_str_2025-01`,grf_blp_single,3258,0.283100753414292,0.214069376055865,1.3224719884287,0.186011031031815,-0.136475223655204,0.702676730483787,32.7238878929449,-12.7572064432812,101.915020132484,0.84712046262222,0.903632277740492
seller_N_1_gaspaid_high,`time_n_sale_str_2025-02`,grf_blp_single,3258,0.0881616329229738,0.180419465224639,0.488648122380833,0.625090837506153,-0.265460518917319,0.441783784763267,9.21646375251872,-23.3147281536448,55.5479385729292,0.84712046262222,0.903632277740492
seller_N_1_gaspaid_high,`time_n_sale_str_2025-03`,grf_blp_single,3258,0.441596663864618,0.334858655259999,1.31875541195655,0.187250895091549,-0.214726300444981,1.09791962817422,55.5188350259064,-19.3237779577043,199.792273802003,0.84712046262222,0.903632277740492
seller_N_1_gaspaid_high,`time_n-1_sale_str_2021-06`,grf_blp_single,3258,-0.0839220374188968,0.100216367989772,-0.837408490272385,0.402362994990368,-0.28034611867885,0.112502043841057,-8.04970598767035,-24.4477804148843,11.9074544120942,0.84712046262222,0.903632277740492
seller_N_1_gaspaid_high,`time_n-1_sale_str_2021-07`,grf_blp_single,3258,-0.290782520132444,0.133714365593844,-2.17465430016466,0.0296560319299209,-0.552862676696379,-0.0287023635685084,-25.2321734692167,-42.4699448622717,-2.82943635714984,0.84712046262222,0.903632277740492
seller_N_1_gaspaid_high,`time_n-1_sale_str_2021-08`,grf_blp_single,3258,-0.513825768405793,0.0983079308240141,-5.22669701313944,1.72564931872191e-07,-0.706509312820861,-0.321142223990725,-40.179738922189,-50.6636627637029,-27.4679914263119,0.84712046262222,0.903632277740492
seller_N_1_gaspaid_high,`time_n-1_sale_str_2021-09`,grf_blp_single,3258,0.0295865496321488,0.163895794876798,0.180520492636124,0.856743967864737,-0.291649208326376,0.350822307590673,3.00285802088338,-25.296945789,42.0234938521162,0.84712046262222,0.903632277740492
seller_N_1_gaspaid_high,`time_n-1_sale_str_2021-10`,grf_blp_single,3258,0.0708979141464486,0.121844427276392,0.581872439562819,0.560652605807546,-0.16791716331528,0.309712991608177,7.34716340065424,-15.4576136105806,36.3033855832693,0.84712046262222,0.903632277740492
seller_N_1_gaspaid_high,`time_n-1_sale_str_2021-11`,grf_blp_single,3258,-0.135877484702595,0.194689002857581,-0.697920697667716,0.485226789652431,-0.517467930303454,0.245712960898264,-12.7050424385623,-40.3972177109049,27.853253203709,0.84712046262222,0.903632277740492
seller_N_1_gaspaid_high,`time_n-1_sale_str_2021-12`,grf_blp_single,3258,0.332341315933219,0.194457158123326,1.70907216345539,0.0874375831307632,-0.0487947139884989,0.713477345854938,39.4228639759632,-4.76233807702061,104.107646142977,0.84712046262222,0.903632277740492
seller_N_1_gaspaid_high,`time_n-1_sale_str_2022-01`,grf_blp_single,3258,0.383126191989629,0.189711502649087,2.01952009572295,0.0434331907738238,0.0112916467974179,0.75496073718184,46.6863124765646,1.1355638069924,112.752798897085,0.84712046262222,0.903632277740492
seller_N_1_gaspaid_high,`time_n-1_sale_str_2022-02`,grf_blp_single,3258,0.444266340324238,0.251053424350692,1.76960876543811,0.076792337641733,-0.0477983714031182,0.936331052051593,55.9345746970886,-4.667401451867,155.060618888775,0.84712046262222,0.903632277740492
seller_N_1_gaspaid_high,`time_n-1_sale_str_2022-03`,grf_blp_single,3258,0.573931255004594,0.24934407406825,2.30176416724265,0.0213484753291737,0.0852168698308245,1.06264564017836,77.5232242129085,8.89532021888757,189.401739869079,0.84712046262222,0.903632277740492
seller_N_1_gaspaid_high,`time_n-1_sale_str_2022-04`,grf_blp_single,3258,0.18779891448425,0.38781835907058,0.484244518321199,0.628212345852597,-0.572325069294085,0.947922898262586,20.6590863007501,-43.5787919716682,158.034445126047,0.84712046262222,0.903632277740492
seller_N_1_gaspaid_high,`time_n-1_sale_str_2022-05`,grf_blp_single,3258,0.695207352988044,0.25032183616937,2.77725412863168,0.0054820298484783,0.204576554096079,1.18583815188001,100.41245920828,22.7005384538498,227.342930292173,0.84712046262222,0.903632277740492
seller_N_1_gaspaid_high,`time_n-1_sale_str_2022-06`,grf_blp_single,3258,0.353527134165503,0.21857815817407,1.61739460666497,0.105793129191576,-0.0748860558556748,0.78194032418668,42.4081627693699,-7.21507967109442,118.570913802137,0.84712046262222,0.903632277740492
seller_N_1_gaspaid_high,`time_n-1_sale_str_2022-07`,grf_blp_single,3258,-0.342942781600076,0.411195091857531,-0.834014773986889,0.404272658601932,-1.14888516164084,0.462999598440684,-29.0321182915121,-68.3010034963069,58.8832704405377,0.84712046262222,0.903632277740492
seller_N_1_gaspaid_high,`time_n-1_sale_str_2022-08`,grf_blp_single,3258,-0.0268605387883865,0.204831691472198,-0.131134682310781,0.895668765532697,-0.428330654073894,0.374609576497121,-2.65030028714821,-34.8404073672948,45.442346265156,0.84712046262222,0.903632277740492
seller_N_1_gaspaid_high,`time_n-1_sale_str_2022-09`,grf_blp_single,3258,0.474796000169204,0.246368218947919,1.92718038956791,0.0539571530128187,-0.00808570896871741,0.957677709307125,60.7686196318807,-0.805310755165212,160.563839204589,0.84712046262222,0.903632277740492
seller_N_1_gaspaid_high,`time_n-1_sale_str_2022-10`,grf_blp_single,3258,0.0654597824051254,0.366917663231306,0.178404554931059,0.858405272372339,-0.653698837528233,0.784618402338484,6.76497981429991,-47.98816189902,119.157048297685,0.84712046262222,0.903632277740492
seller_N_1_gaspaid_high,`time_n-1_sale_str_2022-11`,grf_blp_single,3258,0.243831338642659,0.202293988249128,1.20533161045981,0.228075311234456,-0.152664878325632,0.64032755561095,27.6129078675082,-14.1582652127236,89.7102184008394,0.84712046262222,0.903632277740492
seller_N_1_gaspaid_high,`time_n-1_sale_str_2022-12`,grf_blp_single,3258,0.531922444778326,0.323771162250715,1.6428963008337,0.100404390528534,-0.102669033233075,1.16651392278973,70.2201553628612,-9.75744030562196,221.078007869957,0.84712046262222,0.903632277740492
seller_N_1_gaspaid_high,`time_n-1_sale_str_2023-01`,grf_blp_single,3258,1.11699245726511,0.484247329331515,2.30665692840697,0.0210739531929065,0.167867691775342,2.06611722275488,205.565037069795,18.2780108758445,689.411245489027,0.84712046262222,0.903632277740492
seller_N_1_gaspaid_high,`time_n-1_sale_str_2023-02`,grf_blp_single,3258,0.073360834571373,0.453722111211852,0.161686708138232,0.871552572177085,-0.815934503403857,0.962656172546603,7.61187677212398,-55.7774127379229,161.864281114765,0.84712046262222,0.903632277740492
seller_N_1_gaspaid_high,`time_n-1_sale_str_2023-03`,grf_blp_single,3258,-0.253373347063717,0.388979992815467,-0.651378867148875,0.514801948959522,-1.01577413298203,0.509027438854599,-22.3821956071581,-63.7878009278624,66.3672384757449,0.84712046262222,0.903632277740492
seller_N_1_gaspaid_high,`time_n-1_sale_str_2023-04`,grf_blp_single,3258,-0.35066367833352,0.446750684672328,-0.78492029305051,0.432500303168014,-1.22629502029128,0.524967663624244,-29.5779441336046,-70.6622475638183,69.0404185950366,0.84712046262222,0.903632277740492
seller_N_1_gaspaid_high,`time_n-1_sale_str_2023-05`,grf_blp_single,3258,0.213517906476499,0.317682210814156,0.672111623528731,0.501512637285776,-0.409139226719247,0.836175039672244,23.8025666747112,-33.5778251530637,130.752388800369,0.84712046262222,0.903632277740492
seller_N_1_gaspaid_high,`time_n-1_sale_str_2023-06`,grf_blp_single,3258,-0.289072452872337,0.111284909639429,-2.59758896160272,0.00938807982810152,-0.507190875765619,-0.070954029979056,-25.1042060717136,-39.7815182975494,-6.84952875655006,0.84712046262222,0.903632277740492
seller_N_1_gaspaid_high,`time_n-1_sale_str_2023-07`,grf_blp_single,3258,-0.251472172888914,0.132391776184412,-1.89945463484553,0.0575047258789425,-0.510960054210361,0.00801570843253374,-22.2344902796541,-40.0080652845402,0.804792023264955,0.84712046262222,0.903632277740492
seller_N_1_gaspaid_high,`time_n-1_sale_str_2023-08`,grf_blp_single,3258,-0.34961317557467,0.169567237375385,-2.0617967302298,0.0392270925122339,-0.681964960830425,-0.017261390318915,-29.5039266986801,-49.4377512778622,-1.71132660226861,0.84712046262222,0.903632277740492
seller_N_1_gaspaid_high,`time_n-1_sale_str_2023-09`,grf_blp_single,3258,-0.30049751775869,0.228339497596801,-1.31601199495194,0.188170016728314,-0.748042933048421,0.14704789753104,-25.9550257869121,-52.6708089090992,15.8409446653509,0.84712046262222,0.903632277740492
seller_N_1_gaspaid_high,`time_n-1_sale_str_2023-10`,grf_blp_single,3258,-0.0871900522352875,0.137342217638011,-0.634837952486624,0.525534107841001,-0.35638079880579,0.182000694335215,-8.34971043438377,-29.9794068121495,19.9615026814536,0.84712046262222,0.903632277740492
seller_N_1_gaspaid_high,`time_n-1_sale_str_2023-11`,grf_blp_single,3258,-0.242927648464852,0.095483925039734,-2.54417325600892,0.010953673834076,-0.43007614154273,-0.0557791553869731,-21.5671740927669,-34.9540434157089,-5.42520238252592,0.84712046262222,0.903632277740492
seller_N_1_gaspaid_high,`time_n-1_sale_str_2023-12`,grf_blp_single,3258,-0.219387971495508,0.0994066628708969,-2.20697451417754,0.0273158399141189,-0.414225030722466,-0.0245509122685504,-19.698988732381,-33.9147777520801,-2.42519898909406,0.84712046262222,0.903632277740492
seller_N_1_gaspaid_high,`time_n-1_sale_str_2024-01`,grf_blp_single,3258,-0.223853949043701,0.0669540214816178,-3.34339811246677,0.000827590782320618,-0.355083831147672,-0.0926240669397297,-20.0568116365412,-29.8885334502153,-8.84638875472115,0.84712046262222,0.903632277740492
seller_N_1_gaspaid_high,`time_n-1_sale_str_2024-02`,grf_blp_single,3258,-0.143897147890525,0.0963204878804621,-1.49394122742721,0.1351909814751,-0.332685304136231,0.0448910083551804,-13.4023188979261,-28.3004205733078,4.59138578244887,0.84712046262222,0.903632277740492
seller_N_1_gaspaid_high,`time_n-1_sale_str_2024-03`,grf_blp_single,3258,-0.417175059212938,0.0787559424692496,-5.2970613535077,1.17681163504901e-07,-0.571536706452667,-0.262813411973209,-34.1094437641936,-43.5342940498414,-23.1114651272366,0.84712046262222,0.903632277740492
seller_N_1_gaspaid_high,`time_n-1_sale_str_2024-04`,grf_blp_single,3258,-0.347274212549275,0.094233645476329,-3.68524650398364,0.000228481394333968,-0.53197215768288,-0.16257626741567,-29.3388460062344,-41.2554708225062,-15.0048735832992,0.84712046262222,0.903632277740492
seller_N_1_gaspaid_high,`time_n-1_sale_str_2024-05`,grf_blp_single,3258,-0.112186060097043,0.0766544919608351,-1.46352884517664,0.143322726639924,-0.262428864340279,0.0380567441461941,-10.6122072986741,-23.0818921374047,3.87901764677685,0.84712046262222,0.903632277740492
seller_N_1_gaspaid_high,`time_n-1_sale_str_2024-06`,grf_blp_single,3258,-0.352835049636194,0.0764386136188955,-4.61592685858151,3.91344767701395e-06,-0.502654732329229,-0.203015366943159,-29.7306906700504,-39.5077381434561,-18.3734302179349,0.84712046262222,0.903632277740492
seller_N_1_gaspaid_high,`time_n-1_sale_str_2024-07`,grf_blp_single,3258,-0.188857345568533,0.0831997663408373,-2.26992639372156,0.0232120493982623,-0.351928887596574,-0.025785803540492,-17.2095397468531,-29.6669864305627,-2.54561889117791,0.84712046262222,0.903632277740492
seller_N_1_gaspaid_high,`time_n-1_sale_str_2024-08`,grf_blp_single,3258,-0.362359016279203,0.144482113733955,-2.50798529253553,0.0121421720923673,-0.645543959197754,-0.0791740733606526,-30.3967563995723,-47.5622775301354,-7.61209122908368,0.84712046262222,0.903632277740492
seller_N_1_gaspaid_high,`time_n-1_sale_str_2024-09`,grf_blp_single,3258,-0.231000740357275,0.114143286213959,-2.02377860336235,0.0429929367037511,-0.454721581336634,-0.00727989937791507,-20.6261121615327,-36.5375365304042,-0.725346509563984,0.84712046262222,0.903632277740492
seller_N_1_gaspaid_high,`time_n-1_sale_str_2024-10`,grf_blp_single,3258,-0.352025626793917,0.145299153710696,-2.42276446767772,0.015402909620888,-0.636811968066881,-0.0672392855209537,-29.673790060748,-47.1023868440383,-6.50285505628062,0.84712046262222,0.903632277740492
seller_N_1_gaspaid_high,`time_n-1_sale_str_2024-11`,grf_blp_single,3258,-0.242204319116111,0.0813352695544746,-2.97785106563019,0.00290276999414355,-0.401621447442881,-0.0827871907893406,-21.5104208046985,-33.0765961998508,-7.94529727369064,0.84712046262222,0.903632277740492
seller_N_1_gaspaid_high,`time_n-1_sale_str_2024-12`,grf_blp_single,3258,-0.133103807242089,0.0851341255533851,-1.56346008579866,0.117944416871233,-0.299966693326724,0.0337590788425454,-12.4625782791168,-25.9157104716937,3.43353834299684,0.84712046262222,0.903632277740492
seller_N_1_gaspaid_high,`time_n-1_sale_str_2025-01`,grf_blp_single,3258,-0.230441717057039,0.0489020070187966,-4.71231614212611,2.44917023378469e-06,-0.32628965081388,-0.134593783300198,-20.5817279040396,-27.8403853752351,-12.5929098221185,0.84712046262222,0.903632277740492
seller_N_1_gaspaid_high,`time_n-1_sale_str_2025-02`,grf_blp_single,3258,-0.319541169412164,0.158597636814637,-2.01479149267294,0.0439265008120114,-0.630392537568853,-0.00868980125547481,-27.3517707088633,-46.7617220256828,-0.865215406034814,0.84712046262222,0.903632277740492
seller_N_1_gaspaid_high,`time_n-1_sale_str_2025-03`,grf_blp_single,3258,0.113067582783354,0.157883407409456,0.716146076643278,0.473901155195482,-0.196383895739179,0.422519061305887,11.9707603347926,-17.8303271751598,52.5800303072576,0.84712046262222,0.903632277740492
seller_N_1_gaspaid_high,`Background_recoded_Army Green`,grf_blp_single,3258,-0.0925621376601041,0.094639805693475,-0.978046573340397,0.328051290066389,-0.278056156819315,0.0929318814991068,-8.84074350244005,-24.2745704672359,9.73869803660128,0.84712046262222,0.903632277740492
seller_N_1_gaspaid_high,Background_recoded_Blue,grf_blp_single,3258,-0.0615746717439053,0.085993807929752,-0.716036110346519,0.473969052025386,-0.230122535286219,0.106973191798409,-5.97172694333388,-20.5563749934383,11.2904419113392,0.84712046262222,0.903632277740492
seller_N_1_gaspaid_high,Background_recoded_Gray,grf_blp_single,3258,-0.0662782174214392,0.0994176285571293,-0.666664638689839,0.504986370761028,-0.261136769393413,0.128580334550534,-6.412954739636,-22.9824424034996,13.7212775098882,0.84712046262222,0.903632277740492
seller_N_1_gaspaid_high,`Background_recoded_New Punk Blue`,grf_blp_single,3258,-0.061172203041717,0.0909484216236685,-0.672603239832339,0.501199740015906,-0.239431109424107,0.117086703340673,-5.93387588988651,-21.2924506441671,12.4216898825795,0.84712046262222,0.903632277740492
seller_N_1_gaspaid_high,Background_recoded_Orange,grf_blp_single,3258,0.076496852304104,0.105617975365554,0.724278722815324,0.468894636894286,-0.130514379412382,0.28350808402059,7.94987923978991,-12.2356127145169,32.7779614068216,0.84712046262222,0.903632277740492
seller_N_1_gaspaid_high,Background_recoded_Purple,grf_blp_single,3258,0.183184267946123,0.0915853824477763,2.00014743674383,0.0454843457388546,0.00367691834848186,0.362691617543765,20.1035700073368,0.368368650553053,43.7192585916137,0.84712046262222,0.903632277740492
seller_N_1_gaspaid_high,Background_recoded_Yellow,grf_blp_single,3258,0.0481807183647655,0.0836573037965604,0.575929610186008,0.564662760497768,-0.115787597076493,0.212149033806024,4.93602768631918,-10.933561707347,23.6332126631394,0.84712046262222,0.903632277740492
seller_N_1_gaspaid_high,`Clothes_recoded_Bayc T Black`,grf_blp_single,3258,0.407679574965422,0.394077382907725,1.03451655093051,0.300894743404005,-0.364712095533719,1.18007124546456,50.3325380899848,-30.5603458032368,225.460607055128,0.84712046262222,0.903632277740492
seller_N_1_gaspaid_high,`Clothes_recoded_Bayc T Red`,grf_blp_single,3258,0.498773907987302,0.372726237872403,1.33817761484784,0.180838544439522,-0.231769518242607,1.22931733421721,64.6701025475312,-20.6871096014302,241.889477697101,0.84712046262222,0.903632277740492
seller_N_1_gaspaid_high,`Clothes_recoded_Biker Vest`,grf_blp_single,3258,-0.26691570921151,0.142771822066863,-1.869526530848,0.0615495960340326,-0.546748480462561,0.0129170620395407,-23.4262386627601,-42.1171172864567,1.30008476513981,0.84712046262222,0.903632277740492
seller_N_1_gaspaid_high,`Clothes_recoded_Black Holes T`,grf_blp_single,3258,-0.00368418443358583,0.19868726530156,-0.0185426299365191,0.985205969631581,-0.393111224424644,0.385742855557472,-0.367740615281598,-32.5046327922742,47.0706438199447,0.84712046262222,0.903632277740492
seller_N_1_gaspaid_high,`Clothes_recoded_Black T`,grf_blp_single,3258,0.188731638037593,0.15708265896796,1.2014797768103,0.229565146569118,-0.119150373539609,0.496613649614795,20.7716803738768,-11.2325692002402,64.3147565375893,0.84712046262222,0.903632277740492
seller_N_1_gaspaid_high,`Clothes_recoded_Bone Necklace`,grf_blp_single,3258,0.129470940060261,0.185864150725257,0.696589092383094,0.486059983970031,-0.234822795361242,0.493764675481764,13.8226034202212,-20.9289045136161,63.8472942566974,0.84712046262222,0.903632277740492
seller_N_1_gaspaid_high,`Clothes_recoded_Bone Tee`,grf_blp_single,3258,-0.329520708050016,0.183368579151144,-1.79704019944663,0.0723292381447146,-0.688923123186258,0.0298817070862256,-28.0731609620935,-49.7883504360642,3.03326456935842,0.84712046262222,0.903632277740492
seller_N_1_gaspaid_high,`Clothes_recoded_Caveman Pelt`,grf_blp_single,3258,0.0774693858169055,0.209673629512527,0.36947605665536,0.711772916648608,-0.333490928027647,0.488429699661458,8.05491518226176,-28.3581602061617,62.9755004707457,0.84712046262222,0.903632277740492
seller_N_1_gaspaid_high,`Clothes_recoded_Cowboy Shirt`,grf_blp_single,3258,-0.500892874324455,0.314051216994558,-1.59494008371614,0.110725634948146,-1.11643325963379,0.114647510984879,-39.4010654241791,-67.2554372186591,12.1478059196199,0.84712046262222,0.903632277740492
seller_N_1_gaspaid_high,Clothes_recoded_Guayabera,grf_blp_single,3258,-0.453077440540135,0.243272750385131,-1.86242577445628,0.0625430989049296,-0.929892031294992,0.023737150214721,-36.4331094823064,-60.5403687875447,2.40211187815145,0.84712046262222,0.903632277740492
seller_N_1_gaspaid_high,Clothes_recoded_Hawaiian,grf_blp_single,3258,0.160089252283117,0.181896854365313,0.880110064804098,0.378799687261024,-0.196428582272896,0.516607086839129,17.3615614190524,-17.8339989709744,67.6330346642081,0.84712046262222,0.903632277740492
seller_N_1_gaspaid_high,`Clothes_recoded_Hip Hop`,grf_blp_single,3258,-0.32030508368865,0.305972046123986,-1.04684427138437,0.295171408069071,-0.920010294091662,0.279400126714362,-27.4072465362941,-60.1485061285909,32.233634012477,0.84712046262222,0.903632277740492
seller_N_1_gaspaid_high,`Clothes_recoded_Lab Coat`,grf_blp_single,3258,0.26408008846611,0.275759282001713,0.957647142642582,0.338240718689455,-0.276408104257247,0.804568281189468,30.2232485926957,-24.1496680845052,123.573108327701,0.84712046262222,0.903632277740492
seller_N_1_gaspaid_high,`Clothes_recoded_Leather Jacket`,grf_blp_single,3258,0.0782314448792545,0.251473528053761,0.311092167373299,0.755730555465938,-0.414656670106117,0.571119559864626,8.13729079316163,-33.9432965813119,77.0247840853733,0.84712046262222,0.903632277740492
seller_N_1_gaspaid_high,`Clothes_recoded_Leather Punk Jacket`,grf_blp_single,3258,0.219120935099428,0.22489827791847,0.974311306993926,0.329901992175237,-0.221679689620774,0.659921559819629,24.498182958513,-19.8828053070422,93.4640574894441,0.84712046262222,0.903632277740492
seller_N_1_gaspaid_high,`Clothes_recoded_Lumberjack Shirt`,grf_blp_single,3258,0.0574754972610549,0.169870834762971,0.338348235830201,0.735100777899841,-0.275471338874369,0.390422333396479,5.91593180325074,-24.0785808284451,47.760470393761,0.84712046262222,0.903632277740492
seller_N_1_gaspaid_high,`Clothes_recoded_Navy Striped Tee`,grf_blp_single,3258,-0.0344722426089511,0.128148123567234,-0.269003100859802,0.787927296454568,-0.28564256480073,0.216698079582828,-3.38848438495001,-24.8468808353934,24.1969069705999,0.84712046262222,0.903632277740492
seller_N_1_gaspaid_high,Clothes_recoded_No_Clothes,grf_blp_single,3258,-0.0847808429847866,0.0776869963298562,-1.09131317968338,0.27513510036085,-0.237047355791305,0.0674856698217314,-8.12863951282655,-21.1046074404496,6.98149288494112,0.84712046262222,0.903632277740492
seller_N_1_gaspaid_high,Clothes_recoded_Other_Clothes,grf_blp_single,3258,-0.136199789243898,0.160178226849289,-0.850301516772611,0.395157473516111,-0.450149113868503,0.177749535380708,-12.7331734661947,-36.246692049012,19.4526097239674,0.84712046262222,0.903632277740492
seller_N_1_gaspaid_high,`Clothes_recoded_Prison Jumpsuit`,grf_blp_single,3258,0.0543705611032469,0.181866693310611,0.298958320039323,0.76497184773337,-0.30208815778555,0.410829279992044,5.5875796169881,-26.0727110644134,50.8067877220249,0.84712046262222,0.903632277740492
seller_N_1_gaspaid_high,`Clothes_recoded_Prom Dress`,grf_blp_single,3258,-0.252719699834318,0.182495905461075,-1.38479654760376,0.16611468690422,-0.610411674538025,0.104972274869388,-22.3314443594655,-45.6872768607384,11.0679816185849,0.84712046262222,0.903632277740492
seller_N_1_gaspaid_high,`Clothes_recoded_Puffy Vest`,grf_blp_single,3258,0.226212837145796,0.240141943931464,0.941996360329106,0.346194503345667,-0.244465372959874,0.696891047251465,25.3842501140108,-21.687689486894,100.750176742924,0.84712046262222,0.903632277740492
seller_N_1_gaspaid_high,`Clothes_recoded_Rainbow Suspenders`,grf_blp_single,3258,0.422541809604175,0.316744406994573,1.33401506158691,0.182198920467025,-0.198277228105188,1.04336084731354,52.583501282779,-17.9857544920085,183.874157708898,0.84712046262222,0.903632277740492
seller_N_1_gaspaid_high,`Clothes_recoded_Sailor Shirt`,grf_blp_single,3258,-0.148823234682026,0.1548058601028,-0.961354011942435,0.336374198961339,-0.452242720483513,0.154596251119461,-13.8278576101412,-36.380026772335,16.7186615669476,0.84712046262222,0.903632277740492
seller_N_1_gaspaid_high,Clothes_recoded_Service,grf_blp_single,3258,0.273040021211786,0.217913273240733,1.25297563177876,0.210214575140101,-0.154069994340051,0.700150036763624,31.3952829756953,-14.278798107797,101.40548670764,0.84712046262222,0.903632277740492
seller_N_1_gaspaid_high,`Clothes_recoded_Sleeveless Logo T`,grf_blp_single,3258,-0.191672104299351,0.264256785812234,-0.725325193486395,0.468252553494033,-0.70961540449133,0.326271195892627,-17.4422472562896,-50.8166682023709,38.579113878173,0.84712046262222,0.903632277740492
seller_N_1_gaspaid_high,`Clothes_recoded_Sleeveless T`,grf_blp_single,3258,0.213190173006423,0.242964776500499,0.877453003999472,0.380240634408921,-0.263020788934555,0.6894011349474,23.7619990779733,-23.1274083847716,99.2521924126463,0.84712046262222,0.903632277740492
seller_N_1_gaspaid_high,`Clothes_recoded_Smoking Jacket`,grf_blp_single,3258,0.0877890206878001,0.241831288773275,0.363017627425809,0.71659171649612,-0.386200305307819,0.561778346683419,9.17577594270076,-32.0365622328032,75.3788572838172,0.84712046262222,0.903632277740492
seller_N_1_gaspaid_high,`Clothes_recoded_Striped Tee`,grf_blp_single,3258,0.0534822574977512,0.150649690690391,0.355010735519303,0.72258154863558,-0.241791136255415,0.348755651250918,5.49382743568398,-21.4779835550355,41.7302831853544,0.84712046262222,0.903632277740492
seller_N_1_gaspaid_high,`Clothes_recoded_Stunt Jacket`,grf_blp_single,3258,0.0259207475409309,0.269459365339629,0.0961953855575224,0.923365395612392,-0.502219608524742,0.554061103606604,2.62596116525464,-39.481410792922,74.0306250209244,0.84712046262222,0.903632277740492
seller_N_1_gaspaid_high,Clothes_recoded_Tanktop,grf_blp_single,3258,-0.123278757625884,0.194823805546111,-0.632770503996272,0.526883521099392,-0.505133416496262,0.258575901244493,-11.5982798325389,-39.6574936801358,29.5084444643548,0.84712046262222,0.903632277740492
seller_N_1_gaspaid_high,`Clothes_recoded_Tie Dye`,grf_blp_single,3258,-0.0979247751165126,0.228248585695621,-0.42902686480213,0.667903674219331,-0.54529200307993,0.349442452846905,-9.32828911226011,-42.0327507528831,41.8276572045341,0.84712046262222,0.903632277740492
seller_N_1_gaspaid_high,Clothes_recoded_Toga,grf_blp_single,3258,0.17511715924154,0.174906488399457,1.00120447699803,0.316727962561689,-0.167699558021396,0.517933876504477,19.1385790291598,-15.4392147379713,67.8555960555992,0.84712046262222,0.903632277740492
seller_N_1_gaspaid_high,`Clothes_recoded_Tuxedo Tee`,grf_blp_single,3258,-0.220462960044839,0.20170119968048,-1.09301759431317,0.274386074837468,-0.615797311418579,0.174871391328901,-19.785265018675,-45.9789992051332,19.1093021870785,0.84712046262222,0.903632277740492
seller_N_1_gaspaid_high,`Clothes_recoded_Tweed Suit`,grf_blp_single,3258,0.381788288238168,0.286892025959195,1.33077343980439,0.183263569844458,-0.180520082641853,0.94409665911819,46.4901915335415,-16.5164085182091,157.049030050585,0.84712046262222,0.903632277740492
seller_N_1_gaspaid_high,`Clothes_recoded_Vietnam Jacket`,grf_blp_single,3258,-0.13044305857721,0.164757881576078,-0.791725757392534,0.428520600181549,-0.453368506466323,0.192482389311903,-12.2293530618981,-36.4516089457575,21.2255154872035,0.84712046262222,0.903632277740492
seller_N_1_gaspaid_high,`Clothes_recoded_Wool Turtleneck`,grf_blp_single,3258,-0.0492333067844632,0.272764146313312,-0.18049772101613,0.856761843379785,-0.583851033558555,0.485384419989629,-4.80409947065187,-44.225367438302,62.4799494208923,0.84712046262222,0.903632277740492
seller_N_1_gaspaid_high,`Clothes_recoded_Work Vest`,grf_blp_single,3258,0.152686438521101,0.259820670133172,0.587660860249652,0.556759951757869,-0.356562074939916,0.661934951982118,16.4959635200798,-29.9920987241867,93.8539688970857,0.84712046262222,0.903632277740492
seller_N_1_gaspaid_high,`Earring_recoded_Diamond Stud`,grf_blp_single,3258,0.018119835499979,0.176070636536007,0.102912307562842,0.918032569545389,-0.326978612110594,0.363218283110552,1.82849957701101,-27.8900834349117,43.7949705120787,0.84712046262222,0.903632277740492
seller_N_1_gaspaid_high,`Earring_recoded_Gold Hoop`,grf_blp_single,3258,-0.0733936314922031,0.15566976805904,-0.471470038192436,0.637305110941978,-0.378506376887921,0.231719113903515,-7.07650181266826,-31.5116396384828,26.0765547575122,0.84712046262222,0.903632277740492
seller_N_1_gaspaid_high,`Earring_recoded_Gold Stud`,grf_blp_single,3258,0.304082965308953,0.143073769981332,2.12535788599566,0.0335567615373718,0.0236583761455426,0.584507554472363,35.5381501070076,2.39404556481868,79.410726796614,0.84712046262222,0.903632277740492
seller_N_1_gaspaid_high,Earring_recoded_No_Earring,grf_blp_single,3258,-0.10098824274831,0.0680583020600183,-1.48384898963908,0.137848987113934,-0.234382514785945,0.0324060292893262,-9.60563392834801,-20.8940833812345,3.29368227758409,0.84712046262222,0.903632277740492
seller_N_1_gaspaid_high,`Earring_recoded_Silver Hoop`,grf_blp_single,3258,-0.00283738325143834,0.104574688964926,-0.0271326004363252,0.978353972938178,-0.207803773622694,0.202129007119817,-0.283336168405568,-18.763357120567,22.4005903402568,0.84712046262222,0.903632277740492
seller_N_1_gaspaid_high,`Earring_recoded_Silver Stud`,grf_blp_single,3258,0.0508350349829698,0.126830060763927,0.400812194496941,0.688558400045117,-0.197751884114326,0.299421954080266,5.21493111370766,-17.9426574815793,34.9078752675563,0.84712046262222,0.903632277740492
seller_N_1_gaspaid_high,Eyes_recoded_Angry,grf_blp_single,3258,0.0867598816892435,0.142618180149383,0.608336760421204,0.54296414489626,-0.192771751403548,0.366291514782035,9.06347668966245,-17.5329817529168,44.2375655198041,0.84712046262222,0.903632277740492
seller_N_1_gaspaid_high,Eyes_recoded_Blindfold,grf_blp_single,3258,0.152531180440223,0.156761351776142,0.973015215242853,0.330545740107966,-0.154721069041015,0.459783429921461,16.4778779843528,-14.3345908490931,58.3730959113052,0.84712046262222,0.903632277740492
seller_N_1_gaspaid_high,Eyes_recoded_Bloodshot,grf_blp_single,3258,0.0191634059792507,0.117140473977989,0.16359337920087,0.870051257117695,-0.210431923017607,0.248758734976108,1.93482026003224,-18.9765788423959,28.2432589612998,0.84712046262222,0.903632277740492
seller_N_1_gaspaid_high,Eyes_recoded_Bored,grf_blp_single,3258,0.115164821003667,0.0797309136378628,1.44441867964469,0.148621239390771,-0.0411077697265441,0.271437411733878,12.205836111713,-4.02743050013864,31.1848762947498,0.84712046262222,0.903632277740492
seller_N_1_gaspaid_high,Eyes_recoded_Closed,grf_blp_single,3258,-0.0928137038656059,0.145346045450302,-0.638570547812678,0.523102346222309,-0.377691952948198,0.192064545216986,-8.86367320640328,-31.4558383583472,21.174872702535,0.84712046262222,0.903632277740492
seller_N_1_gaspaid_high,Eyes_recoded_Coins,grf_blp_single,3258,-0.207331346113643,0.136588659981998,-1.51792503229015,0.129033298648162,-0.475045119678359,0.0603824274510735,-18.7249696287883,-37.8143002155701,6.22426996464092,0.84712046262222,0.903632277740492
seller_N_1_gaspaid_high,Eyes_recoded_Crazy,grf_blp_single,3258,-0.0292811193038831,0.127563907037006,-0.229540784568386,0.818448625192572,-0.279306377096415,0.220744138488649,-2.88565810726824,-24.3691847780411,24.700432933058,0.84712046262222,0.903632277740492
seller_N_1_gaspaid_high,Eyes_recoded_Eyepatch,grf_blp_single,3258,0.218231147045995,0.179510684273058,1.21570004554179,0.224099206820417,-0.1336097941292,0.570072088221189,24.3874552320519,-12.506859862744,76.8394527254758,0.84712046262222,0.903632277740492
seller_N_1_gaspaid_high,Eyes_recoded_Heart,grf_blp_single,3258,-0.263109600383773,0.147744977759899,-1.7808361703594,0.0749392185788351,-0.552689756793174,0.0264705560256283,-23.1342352478818,-42.4599959105449,2.68240130366524,0.84712046262222,0.903632277740492
seller_N_1_gaspaid_high,Eyes_recoded_Holographic,grf_blp_single,3258,0.180230961882817,0.274058328657709,0.657637236443633,0.510771261387983,-0.356923362286294,0.717385286051927,19.7493906632414,-30.0173871245995,104.906847215735,0.84712046262222,0.903632277740492
seller_N_1_gaspaid_high,Eyes_recoded_Hypnotized,grf_blp_single,3258,0.229226563946673,0.23080594412664,0.993157107864168,0.32063339723118,-0.223153086541542,0.681606214434887,25.7626939657404,-20.0007628145498,97.7050750728536,0.84712046262222,0.903632277740492
seller_N_1_gaspaid_high,Eyes_recoded_Other_Eyes,grf_blp_single,3258,0.2743466110322,0.260517245722535,1.05308426039631,0.292302375883941,-0.236267190583968,0.784960412648368,31.5670749212454,-21.0430319837643,119.232015086663,0.84712046262222,0.903632277740492
seller_N_1_gaspaid_high,Eyes_recoded_Robot,grf_blp_single,3258,0.154066430746759,0.17566267901978,0.87705841449344,0.380454910612865,-0.190232420132011,0.498365281625528,16.656838021308,-17.3233045673645,64.6028277486985,0.84712046262222,0.903632277740492
seller_N_1_gaspaid_high,Eyes_recoded_Sad,grf_blp_single,3258,-0.0441653345002289,0.113797118961854,-0.38810591079229,0.697937657955956,-0.267207687665463,0.178877018665005,-4.3204246952569,-23.4485932875155,19.5873664984267,0.84712046262222,0.903632277740492
seller_N_1_gaspaid_high,Eyes_recoded_Scumbag,grf_blp_single,3258,-0.147481181025427,0.17362437290926,-0.84942671673466,0.395643892063656,-0.487784951927576,0.192822589876723,-13.7121323339544,-38.6015104885046,21.2667634919421,0.84712046262222,0.903632277740492
seller_N_1_gaspaid_high,Eyes_recoded_Sleepy,grf_blp_single,3258,-0.0909828797017585,0.116906738101052,-0.778251802929569,0.436420582920881,-0.32012008637982,0.138154326976303,-8.69666578314182,-27.3938158299788,14.8152727540987,0.84712046262222,0.903632277740492
seller_N_1_gaspaid_high,Eyes_recoded_Sunglasses,grf_blp_single,3258,-0.16061454553855,0.169939005865807,-0.945130546811482,0.344592231938251,-0.493694997035533,0.172465905958432,-14.8379731317497,-38.9633081577146,18.8231308316761,0.84712046262222,0.903632277740492
seller_N_1_gaspaid_high,`Eyes_recoded_Wide Eyed`,grf_blp_single,3258,-0.0914328586549203,0.138609498195588,-0.659643529809926,0.509482613012013,-0.363107475118273,0.180241757808432,-8.73774111968135,-30.4488320717933,19.750683475734,0.84712046262222,0.903632277740492
seller_N_1_gaspaid_high,`Eyes_recoded_X Eyes`,grf_blp_single,3258,-0.270049633204021,0.20715643517317,-1.30360243445141,0.192369170208941,-0.676076246143435,0.135976979735393,-23.6658393693075,-49.1391262252886,14.5655519998081,0.84712046262222,0.903632277740492
seller_N_1_gaspaid_high,Eyes_recoded_Zombie,grf_blp_single,3258,-0.103966563496211,0.180765044135437,-0.575147501517575,0.565191544486062,-0.458266050001667,0.250332923009245,-9.87445682519325,-36.7620790665042,28.4452969460541,0.84712046262222,0.903632277740492
seller_N_1_gaspaid_high,Fur_recoded_Blue,grf_blp_single,3258,0.0806791141407845,0.154153683658934,0.523368058588127,0.600718147608426,-0.221462105830726,0.382820334112295,8.40229931015437,-19.865371207553,46.6414541728791,0.84712046262222,0.903632277740492
seller_N_1_gaspaid_high,Fur_recoded_Brown,grf_blp_single,3258,-0.1299603050115,0.0861360306220363,-1.50877982271744,0.131355058736546,-0.298786925030691,0.0388663150076912,-12.1869712399593,-25.828256598164,3.96314912318554,0.84712046262222,0.903632277740492
seller_N_1_gaspaid_high,Fur_recoded_Cheetah,grf_blp_single,3258,-0.00818511306813529,0.160077669885831,-0.0511321352564226,0.959220229244665,-0.321937346044364,0.305567119908094,-0.815170623852835,-27.5256403039393,35.7394590256746,0.84712046262222,0.903632277740492
seller_N_1_gaspaid_high,Fur_recoded_Cream,grf_blp_single,3258,0.121612906515572,0.121651280748901,0.999684555451509,0.317463188632162,-0.116823603752274,0.360049416783418,12.9316865959542,-11.0257873505664,43.3400246839723,0.84712046262222,0.903632277740492
seller_N_1_gaspaid_high,`Fur_recoded_Dark Brown`,grf_blp_single,3258,0.0361315122667954,0.0816657093914184,0.442431866888211,0.658176723389812,-0.123933278140385,0.196196302673976,3.67921884163038,-11.6561216405157,21.6765736259604,0.84712046262222,0.903632277740492
seller_N_1_gaspaid_high,`Fur_recoded_Death Bot`,grf_blp_single,3258,0.0441882528409104,0.209385690809284,0.211037596075076,0.832857934521686,-0.366207701145286,0.454584206827107,4.51790943032486,-30.6641225158576,57.5518157130698,0.84712046262222,0.903632277740492
seller_N_1_gaspaid_high,Fur_recoded_Dmt,grf_blp_single,3258,-0.011901732359941,0.231214434480728,-0.0514748674176439,0.958947128190381,-0.465082023942168,0.441278559222286,-1.18311868918095,-37.1916414814935,55.4693716301996,0.84712046262222,0.903632277740492
seller_N_1_gaspaid_high,`Fur_recoded_Golden Brown`,grf_blp_single,3258,0.137914881148401,0.121052367942974,1.13929932550655,0.254578329628371,-0.0993477600198282,0.375177522316631,14.7877840072225,-9.45722183159841,45.5249730992584,0.84712046262222,0.903632277740492
seller_N_1_gaspaid_high,Fur_recoded_Gray,grf_blp_single,3258,0.0733855262572727,0.136165683385878,0.538942885112296,0.589926264899809,-0.193499213179049,0.340270265693594,7.61453392358895,-17.5929515409222,40.532735101442,0.84712046262222,0.903632277740492
seller_N_1_gaspaid_high,Fur_recoded_Noise,grf_blp_single,3258,0.433063795673273,0.245218350534206,1.76603339321811,0.0773902466978069,-0.0475641713737715,0.913691762720318,54.1974588869934,-4.64507193980521,149.351101310636,0.84712046262222,0.903632277740492
seller_N_1_gaspaid_high,Fur_recoded_Other_Fur,grf_blp_single,3258,-0.491398525880216,0.362666911209405,-1.35495825698993,0.175430856927981,-1.20222567185065,0.219428620090216,-38.8229780851734,-69.9475402119861,24.536495074519,0.84712046262222,0.903632277740492
seller_N_1_gaspaid_high,Fur_recoded_Pink,grf_blp_single,3258,-0.180184998740672,0.130111357103564,-1.38485219700884,0.166097666535894,-0.435203258663657,0.0748332611823131,-16.4884298233474,-35.2866881703561,7.77044407384546,0.84712046262222,0.903632277740492
seller_N_1_gaspaid_high,Fur_recoded_Red,grf_blp_single,3258,0.0102411974709276,0.129491261706659,0.079087942583549,0.936962673896234,-0.243561675474124,0.264044070415979,1.02938180127914,-21.6168868615213,30.218558289668,0.84712046262222,0.903632277740492
seller_N_1_gaspaid_high,Fur_recoded_Robot,grf_blp_single,3258,0.00848120203130735,0.22054600784006,0.0384554774505731,0.969324529052635,-0.423788973335211,0.440751377397825,0.851726931779706,-34.5438002629474,55.3874326034963,0.84712046262222,0.903632277740492
seller_N_1_gaspaid_high,Fur_recoded_Tan,grf_blp_single,3258,-0.0420388011737016,0.14446279156478,-0.291000891775308,0.77105063747105,-0.325185872640671,0.241108270293268,-4.11674239786338,-27.7606931944712,27.2658818992717,0.84712046262222,0.903632277740492
seller_N_1_gaspaid_high,Fur_recoded_White,grf_blp_single,3258,-0.096632664895887,0.15374710364391,-0.628516977592604,0.529665328360333,-0.39797698803795,0.204711658246176,-9.21105554486573,-32.8322515899059,22.717116925699,0.84712046262222,0.903632277740492
seller_N_1_gaspaid_high,Fur_recoded_Zombie,grf_blp_single,3258,0.0518328449499246,0.189322395783275,0.273780842121075,0.784253047077974,-0.319239050785295,0.422904740685144,5.3199680153643,-27.3298190097437,52.6388886281242,0.84712046262222,0.903632277740492
seller_N_1_gaspaid_high,`Hat_recoded_Baby's Bonnet`,grf_blp_single,3258,-0.0621751112152708,0.226082356911785,-0.275010894545526,0.783307868281947,-0.505296530762369,0.380946308331827,-6.02816828340153,-39.6673356010686,46.3669016468815,0.84712046262222,0.903632277740492
seller_N_1_gaspaid_high,`Hat_recoded_Bayc Flipped Brim`,grf_blp_single,3258,0.00597395896996228,0.210092234993095,0.0284349346379157,0.977315261646703,-0.405806821616504,0.417754739556428,0.599183864927477,-33.3561103420619,51.8548188923729,0.84712046262222,0.903632277740492
seller_N_1_gaspaid_high,`Hat_recoded_Bayc Hat Black`,grf_blp_single,3258,0.190587940901577,0.261789024266581,0.728021128599725,0.466600652589835,-0.322518546660921,0.703694428464075,20.9960774000273,-27.5677502081427,102.120613238762,0.84712046262222,0.903632277740492
seller_N_1_gaspaid_high,`Hat_recoded_Bayc Hat Red`,grf_blp_single,3258,0.453208172905582,0.335712590535439,1.34998860835915,0.177019636961429,-0.204788504543878,1.11120485035504,57.3351681616254,-18.5180371161817,203.801654554433,0.84712046262222,0.903632277740492
seller_N_1_gaspaid_high,Hat_recoded_Beanie,grf_blp_single,3258,-0.138673663034897,0.129266794688866,-1.07277095690871,0.283373894732889,-0.392036580625074,0.114689254555281,-12.9487937625131,-32.4320603266139,12.1524874671633,0.84712046262222,0.903632277740492
seller_N_1_gaspaid_high,Hat_recoded_Bowler,grf_blp_single,3258,0.445475483439649,0.244719889119812,1.82034850147202,0.0687059496344473,-0.0341754992351819,0.925126466114481,56.1232359507806,-3.35981130379843,152.218721140609,0.84712046262222,0.903632277740492
seller_N_1_gaspaid_high,`Hat_recoded_Bunny Ears`,grf_blp_single,3258,-0.0951481377175339,0.153323865751791,-0.620569650073687,0.534882813844196,-0.395662914591044,0.205366639155976,-9.07617679851645,-32.6766405085265,22.7975206231601,0.84712046262222,0.903632277740492
seller_N_1_gaspaid_high,`Hat_recoded_Commie Hat`,grf_blp_single,3258,0.0691900171622224,0.171115417001122,0.404347068048046,0.685957518197979,-0.266196200159977,0.404576234484422,7.16398197604538,-23.3711233227527,49.866728196109,0.84712046262222,0.903632277740492
seller_N_1_gaspaid_high,`Hat_recoded_Cowboy Hat`,grf_blp_single,3258,0.0700966991265919,0.21771551801928,0.32196464342236,0.747479479909873,-0.356625716191197,0.496819114444381,7.26118968731306,-29.9965539728532,64.3485209096165,0.84712046262222,0.903632277740492
seller_N_1_gaspaid_high,`Hat_recoded_Faux Hawk`,grf_blp_single,3258,-0.660636015608637,0.311873716124008,-2.11828051372547,0.0341513179291759,-1.27190849921169,-0.0493635320055806,-48.3477286509262,-71.9703834029382,-4.81649557068783,0.84712046262222,0.903632277740492
seller_N_1_gaspaid_high,Hat_recoded_Fez,grf_blp_single,3258,0.123404508467712,0.143154121892816,0.86203950564629,0.388665778716286,-0.157177570442208,0.403986587377632,13.1341965805912,-14.5447697885845,49.7783857614143,0.84712046262222,0.903632277740492
seller_N_1_gaspaid_high,`Hat_recoded_Fisherman's Hat`,grf_blp_single,3258,-0.181664003928676,0.160425444542867,-1.13238897013082,0.25747093996821,-0.496097875232695,0.132769867375344,-16.6118525749536,-39.1097958272728,14.198715958581,0.84712046262222,0.903632277740492
seller_N_1_gaspaid_high,`Hat_recoded_Girl's Hair Pink`,grf_blp_single,3258,-0.115304267775027,0.224280338482792,-0.514107783834445,0.607176635640141,-0.554893731201299,0.324285195651244,-10.8905028829855,-42.5866729592369,38.3041688353908,0.84712046262222,0.903632277740492
seller_N_1_gaspaid_high,`Hat_recoded_Girl's Hair Short`,grf_blp_single,3258,-0.244762588017562,0.251494924518072,-0.97323072617306,0.33043864298461,-0.737692640072982,0.248167464037859,-21.7109616261944,-52.1783939916548,28.1674548618385,0.84712046262222,0.903632277740492
seller_N_1_gaspaid_high,Hat_recoded_Halo,grf_blp_single,3258,0.31176669829677,0.146730406343459,2.12475863773594,0.0336067578052907,0.0241751018635891,0.59935829472995,36.5836003989514,2.44696887377669,82.0949912234597,0.84712046262222,0.903632277740492
seller_N_1_gaspaid_high,Hat_recoded_Horns,grf_blp_single,3258,0.184938887361368,0.167232604275466,1.10587817586537,0.268779252113605,-0.142837017018546,0.512714791741281,20.3144910520785,-13.3104653429559,66.9818255962278,0.84712046262222,0.903632277740492
seller_N_1_gaspaid_high,`Hat_recoded_Irish Boho`,grf_blp_single,3258,-0.331594347753295,0.172809442422654,-1.91884391908567,0.0550040897532378,-0.670300854901696,0.00711215939510668,-28.2221567760462,-48.8445349091336,0.713751086633452,0.84712046262222,0.903632277740492
seller_N_1_gaspaid_high,Hat_recoded_No_Hat,grf_blp_single,3258,0.0641871181556992,0.0711799682202208,0.901758173832183,0.367185342802205,-0.0753256195559337,0.203699855867332,6.62919026697859,-7.25585559153864,22.5930142491478,0.84712046262222,0.903632277740492
seller_N_1_gaspaid_high,Hat_recoded_Other_Hat,grf_blp_single,3258,0.176487861711303,0.178707855382646,0.987577526088095,0.323359597329657,-0.173779534838684,0.526755258261289,19.3019945451189,-15.9517825727704,69.3428645856378,0.84712046262222,0.903632277740492
seller_N_1_gaspaid_high,`Hat_recoded_Party Hat 1`,grf_blp_single,3258,-0.370256438530579,0.410900700593476,-0.901084953118375,0.367543152565344,-1.17562181169379,0.435108934632633,-30.9442777549763,-69.1372987874792,54.5131368101778,0.84712046262222,0.903632277740492
seller_N_1_gaspaid_high,`Hat_recoded_Police Motorcycle Helmet`,grf_blp_single,3258,-0.208215079362803,0.256856762453405,-0.810627204726891,0.417579789058148,-0.711654333771476,0.295224175045871,-18.7967633475331,-50.9168473738395,34.3427487850907,0.84712046262222,0.903632277740492
seller_N_1_gaspaid_high,`Hat_recoded_Prussian Helmet`,grf_blp_single,3258,0.185738685656377,0.249348033694188,0.744897334478984,0.456333786652925,-0.302983460384233,0.674460831696986,20.4107568683731,-26.1388687383232,96.2974317066439,0.84712046262222,0.903632277740492
seller_N_1_gaspaid_high,`Hat_recoded_S&m Hat`,grf_blp_single,3258,-0.634764070776495,0.151982096847287,-4.17657134586262,2.95935950388979e-05,-0.932648980597177,-0.336879160955813,-46.9939469664212,-60.649007166218,-28.6004886822944,0.84712046262222,0.903632277740492
seller_N_1_gaspaid_high,Hat_recoded_Safari,grf_blp_single,3258,0.116921888006519,0.249810138990134,0.468043004496053,0.63975383659295,-0.372705984414144,0.606549760427182,12.4031625910282,-31.1132259075344,83.4092411339521,0.84712046262222,0.903632277740492
seller_N_1_gaspaid_high,`Hat_recoded_Sea Captain's Hat`,grf_blp_single,3258,0.13308392019018,0.193271234181289,0.688586280073874,0.491083657403999,-0.245727698805146,0.511895539185506,14.2345860190304,-21.78648277268,66.8450813305329,0.84712046262222,0.903632277740492
seller_N_1_gaspaid_high,`Hat_recoded_Seaman's Hat`,grf_blp_single,3258,-0.0602608430303549,0.149756181663725,-0.402393025522442,0.687394802071553,-0.353782959091256,0.233261273030546,-5.84810870949584,-29.7972680531144,26.2711348653174,0.84712046262222,0.903632277740492
seller_N_1_gaspaid_high,`Hat_recoded_Short Mohawk`,grf_blp_single,3258,-0.0888362205154933,0.181135980314956,-0.490439394542302,0.62382300586494,-0.443862741932807,0.26619030090182,-8.50045812186543,-35.8446526826037,30.4983374571852,0.84712046262222,0.903632277740492
seller_N_1_gaspaid_high,`Hat_recoded_Spinner Hat`,grf_blp_single,3258,-0.112982286500743,0.243205801134312,-0.464554241608519,0.642250707341941,-0.589665656723995,0.36370108372251,-10.6833518920308,-44.5487348678827,43.864411573583,0.84712046262222,0.903632277740492
seller_N_1_gaspaid_high,`Hat_recoded_Stuntman Helmet`,grf_blp_single,3258,-0.606396838439943,0.233585644803539,-2.59603640861562,0.00943060716570295,-1.06422470225488,-0.148568974625007,-45.4687818619813,-65.5004774871873,-13.8059446906317,0.84712046262222,0.903632277740492
seller_N_1_gaspaid_high,`Hat_recoded_Sushi Chef Headband`,grf_blp_single,3258,-0.30139409723236,0.228340465495055,-1.31993291937511,0.186857415460674,-0.748941409602667,0.146153215137947,-26.02138323911,-52.7133139798617,15.7373501607594,0.84712046262222,0.903632277740492
seller_N_1_gaspaid_high,`Hat_recoded_Vietnam Era Helmet`,grf_blp_single,3258,0.139477701237345,0.205152730593905,0.67987250685655,0.49658519125634,-0.262621650726709,0.541577053201398,14.9673169143101,-23.0967194721705,71.8715231360296,0.84712046262222,0.903632277740492
seller_N_1_gaspaid_high,`Hat_recoded_Ww2 Pilot Helm`,grf_blp_single,3258,0.119003972388598,0.348390616865622,0.341582024967394,0.732665466400359,-0.56384163666802,0.801849581445217,12.6374392676261,-43.0981104227404,122.966105678123,0.84712046262222,0.903632277740492
seller_N_1_gaspaid_high,`Mouth_recoded_Bored Bubblegum`,grf_blp_single,3258,-0.434415725073936,0.302193600254613,-1.43754111505975,0.150564298984831,-1.02671518157298,0.157883731425105,-35.2357041904248,-64.1818408219268,17.1030032799075,0.84712046262222,0.903632277740492
seller_N_1_gaspaid_high,`Mouth_recoded_Bored Cigar`,grf_blp_single,3258,0.780524102943354,0.262553289056269,2.97282165364943,0.0029507585254381,0.265919656393067,1.29512854949364,118.261588119339,30.4630235777203,265.146533799263,0.84712046262222,0.903632277740492
seller_N_1_gaspaid_high,`Mouth_recoded_Bored Cigarette`,grf_blp_single,3258,-0.0100449288785567,0.142301761538041,-0.0705889285556832,0.943724922164503,-0.288956381493118,0.268866523736004,-0.999464708033315,-25.0955123090758,30.8480478304306,0.84712046262222,0.903632277740492
seller_N_1_gaspaid_high,`Mouth_recoded_Bored Pipe`,grf_blp_single,3258,0.0227769566093519,0.349688260153259,0.0651350336993564,0.948066486787776,-0.662612033291036,0.70816594650974,2.3038332159721,-48.4496936769227,103.026422871054,0.84712046262222,0.903632277740492
seller_N_1_gaspaid_high,`Mouth_recoded_Bored Unshaven`,grf_blp_single,3258,-0.17655670946321,0.0898282562685036,-1.96549189305722,0.0493573330583001,-0.352620091749477,-0.000493327176943337,-16.1848753299862,-29.7155841042363,-0.0493205511099437,0.84712046262222,0.903632277740492
seller_N_1_gaspaid_high,`Mouth_recoded_Bored Unshaven Cigar`,grf_blp_single,3258,0.2419901790293,0.202248170224416,1.19650120325334,0.231501029306207,-0.154416234610556,0.638396592669156,27.3781682982179,-14.3084731022926,89.3442484503472,0.84712046262222,0.903632277740492
seller_N_1_gaspaid_high,`Mouth_recoded_Bored Unshaven Cigarette`,grf_blp_single,3258,0.252639251013529,0.146249242906921,1.72745681271198,0.0840856549574705,-0.0340092650840356,0.539287767111093,28.7418758040199,-3.34374506872243,71.4785100800988,0.84712046262222,0.903632277740492
seller_N_1_gaspaid_high,Mouth_recoded_Discomfort,grf_blp_single,3258,0.280675626324024,0.191127556634825,1.46852516333002,0.141961626191289,-0.0939343846802333,0.655285637328281,32.4024055721922,-8.96575073051156,92.5692488483986,0.84712046262222,0.903632277740492
seller_N_1_gaspaid_high,Mouth_recoded_Dumbfounded,grf_blp_single,3258,-0.232913237658193,0.121284256466847,-1.92039135534347,0.0548084846608503,-0.470630380333212,0.00480390501682634,-20.7777694394941,-37.5391596700025,0.481546226776586,0.84712046262222,0.903632277740492
seller_N_1_gaspaid_high,Mouth_recoded_Grin,grf_blp_single,3258,0.172370392755472,0.117214281767107,1.47055794018304,0.141410705586391,-0.0573695995080583,0.402110385019002,18.8117821958454,-5.57549876272091,49.4976346560767,0.84712046262222,0.903632277740492
seller_N_1_gaspaid_high,Mouth_recoded_Jovial,grf_blp_single,3258,-0.347135674577461,0.170469234504361,-2.03635380651973,0.0417148404286872,-0.681255374206008,-0.0130159749489128,-29.3290560751511,-49.4018602500778,-1.29316334723912,0.84712046262222,0.903632277740492
seller_N_1_gaspaid_high,Mouth_recoded_Other_Mouth,grf_blp_single,3258,0.0271094865898011,0.10680903182041,0.253812679768348,0.799640277117007,-0.182236215778203,0.236455188957805,2.74802919186001,-16.6595546118834,26.6750789925181,0.84712046262222,0.903632277740492
seller_N_1_gaspaid_high,`Mouth_recoded_Phoneme  ooo`,grf_blp_single,3258,0.0673595658084059,0.169513622207166,0.397369632784345,0.69109490550784,-0.26488713371764,0.399606265334452,6.96800293992277,-23.2707453453941,49.1237430164256,0.84712046262222,0.903632277740492
seller_N_1_gaspaid_high,`Mouth_recoded_Phoneme L`,grf_blp_single,3258,-0.161042990622871,0.147080082709963,-1.09493404991104,0.273545530381283,-0.449319952734399,0.127233971488656,-14.8744525682566,-36.1938083623695,13.5682704071679,0.84712046262222,0.903632277740492
seller_N_1_gaspaid_high,`Mouth_recoded_Phoneme Oh`,grf_blp_single,3258,-0.0973497301231745,0.204814893618287,-0.475305913566055,0.634568944719692,-0.498786921615018,0.304087461368669,-9.27613380448963,-39.2733124600854,35.5387594959942,0.84712046262222,0.903632277740492
seller_N_1_gaspaid_high,`Mouth_recoded_Phoneme Vuh`,grf_blp_single,3258,-0.237706470514192,0.149263000323258,-1.59253445260642,0.111264668244075,-0.530261951147778,0.0548490101193939,-21.1565914216679,-41.1549195876236,5.63810997770997,0.84712046262222,0.903632277740492
seller_N_1_gaspaid_high,`Mouth_recoded_Phoneme Wah`,grf_blp_single,3258,0.152273237639356,0.243607664145792,0.625075726469037,0.531921358330731,-0.325197784086396,0.629744259365107,16.4478372288313,-27.7615536639286,87.7130459338424,0.84712046262222,0.903632277740492
seller_N_1_gaspaid_high,Mouth_recoded_Rage,grf_blp_single,3258,0.179469036945562,0.177783386105693,1.00948148686327,0.312743775873677,-0.168986399821596,0.52792447371272,19.6581853664812,-15.5479611064114,69.540978675959,0.84712046262222,0.903632277740492
seller_N_1_gaspaid_high,`Mouth_recoded_Small Grin`,grf_blp_single,3258,-0.191547260700724,0.132913352281711,-1.4411438535892,0.149544046539327,-0.452057431172877,0.0689629097714298,-17.4319398059463,-36.3682375791809,7.13964700714209,0.84712046262222,0.903632277740492
seller_N_1_gaspaid_high,`Mouth_recoded_Tongue Out`,grf_blp_single,3258,-0.0870427655252574,0.243856751093769,-0.356942201250714,0.721135075823497,-0.565001997669045,0.39091646661853,-8.3362105706095,-43.1640988636797,47.8335017932228,0.84712046262222,0.903632277740492
seller_N_1_gaspaid_high,`log_price_change_n-1`,grf_blp_single,3258,0.000566209819574162,0.0282171996044738,0.0200661237653219,0.983990624020432,-0.0547395014051945,0.0558719210443428,0.0566370146612316,-5.32682618786683,5.74622364039343,0.84712046262222,0.903632277740492
buyer_N_gaslimit_cost_high,log_price_1_sale,grf_blp_single,3646,-0.00364697494214466,0.0239135961759944,-0.152506336366325,0.878787593198382,-0.0505176234470937,0.0432236735628044,-0.364033280605169,-4.92628267415897,4.41714222748821,0.875926300075943,0.940476495497657
buyer_N_gaslimit_cost_high,sold_after_30d,grf_blp_single,3646,0.425394222114044,0.0503293068697291,8.45221697996204,2.85822778713677e-17,0.326748780649375,0.524039663578713,53.0193536905507,38.6453129571422,68.8836218438327,0.875926300075943,0.940476495497657
buyer_N_gaslimit_cost_high,log_buyern_total_value,grf_blp_single,3646,0.00358601646679029,0.01699355016772,0.211022207331467,0.832869942582338,-0.0297213418619409,0.0368933747955215,0.359245391647378,-2.9284006224804,3.75823825061465,0.875926300075943,0.940476495497657
buyer_N_gaslimit_cost_high,log_buyern_rolling_avg_value_last10,grf_blp_single,3646,0.00454466696040865,0.0320094074860898,0.141979102936648,0.887096511898026,-0.0581937717123274,0.0672831056331447,0.45550096213467,-5.65328875146611,6.9598244603386,0.875926300075943,0.940476495497657
buyer_N_gaslimit_cost_high,log_sellern_total_value,grf_blp_single,3646,-0.0419940387659535,0.0207195528997497,-2.02678305700607,0.042684603937974,-0.0826043624494628,-0.00138371508244417,-4.1124503363296,-7.92846552659995,-0.138275819013578,0.875926300075943,0.940476495497657
buyer_N_gaslimit_cost_high,log_sellern_rolling_avg_value_last10,grf_blp_single,3646,0.0111221843006994,0.044428433227595,0.250339332105714,0.802324941957148,-0.0759575448253868,0.0982019134267857,1.11842657394279,-7.3144444461456,10.3185510588942,0.875926300075943,0.940476495497657
buyer_N_gaslimit_cost_high,log_buyern_1_total_value,grf_blp_single,3646,-0.0672927368277376,0.0182310775006671,-3.69110036558592,0.000223286003655925,-0.103025648729045,-0.0315598249264301,-6.50785246729816,-9.78961646320579,-3.10670116249563,0.875926300075943,0.940476495497657
buyer_N_gaslimit_cost_high,log_buyern_1_rolling_avg_value_last10,grf_blp_single,3646,-0.0965549658705351,0.0367545217188655,-2.62702278128067,0.00861355671164001,-0.168593828439512,-0.0245161033015587,-9.20400105830903,-15.5148011443828,-2.4218024519518,0.875926300075943,0.940476495497657
buyer_N_gaslimit_cost_high,log_sellern_1_total_value,grf_blp_single,3646,-0.026259078968564,0.0219421739348497,-1.19674007901551,0.231407880175743,-0.0692657398808694,0.0167475819437414,-2.59173074245089,-6.69213090908088,1.68886088809641,0.875926300075943,0.940476495497657
buyer_N_gaslimit_cost_high,log_sellern_1_rolling_avg_value_last10,grf_blp_single,3646,-0.0924377525026727,0.0457148830232787,-2.0220494156269,0.0431712470495484,-0.182038923228299,-0.00283658177704654,-8.82940393874719,-16.6431105408096,-0.283256248021047,0.875926300075943,0.940476495497657
buyer_N_gaslimit_cost_high,log_unique_makers_count,grf_blp_single,3646,-0.226966123601696,0.0368041600072946,-6.16686058197527,6.96591233625167e-10,-0.299102277215993,-0.154829969987398,-20.305222044674,-25.8516431318423,-14.3439193852696,0.875926300075943,0.940476495497657
buyer_N_gaslimit_cost_high,log_median_offer_price,grf_blp_single,3646,-0.0970983110908178,0.0195436287552069,-4.96828466744942,6.75477529785585e-07,-0.135403823451023,-0.0587927987306124,-9.25332123020158,-12.6636844056323,-5.70978805659568,0.875926300075943,0.940476495497657
buyer_N_gaslimit_cost_high,log_buyern_avg_total_gaspaid,grf_blp_single,3646,-0.0202960924367016,0.0182325275374289,-1.1131804076553,0.265630955458585,-0.0560318464100623,0.0154396615366591,-2.00915131437491,-5.44909756571804,1.5559468911799,0.875926300075943,0.940476495497657
buyer_N_gaslimit_cost_high,log_buyern_1_avg_total_gaspaid,grf_blp_single,3646,-0.0491911585993617,0.0209578393136695,-2.34714838028544,0.0189177194077243,-0.0902685236541538,-0.00811379354456956,-4.80008705165797,-8.63141939237525,-0.808096556820226,0.875926300075943,0.940476495497657
buyer_N_gaslimit_cost_high,log_sellern_avg_total_gaspaid,grf_blp_single,3646,-0.0542917136696134,0.0135931617070046,-3.99404603872524,6.49552425371674e-05,-0.0809343106153425,-0.0276491167238844,-5.28442320868674,-7.77457282295455,-2.72703785161739,0.875926300075943,0.940476495497657
buyer_N_gaslimit_cost_high,log_sellern_1_avg_total_gaspaid,grf_blp_single,3646,-0.0402686429717509,0.0151191529115965,-2.66341925418748,0.00773509734181256,-0.0699021826784801,-0.0106351032650217,-3.94686355113132,-6.75149713671629,-1.05787505036959,0.875926300075943,0.940476495497657
buyer_N_gaslimit_cost_high,log_buyern_1_avg_gasLimit_cost,grf_blp_single,3646,15.3995163147345,4.57224293885162,3.36804420077519,0.000757034581942757,6.43792015458531,24.3611124748837,487444158.6932,62410.5324404156,3800989946025.36,0.875926300075943,0.940476495497657
buyer_N_gaslimit_cost_high,log_sellern_avg_gasLimit_cost,grf_blp_single,3646,-6.35255885353053,3.51106984905801,-1.80929435375228,0.0704052857160371,-13.2342557576842,0.52913805062316,-99.8257716820074,-99.9998211719041,69.7468545909148,0.875926300075943,0.940476495497657
buyer_N_gaslimit_cost_high,log_sellern_1_avg_gasLimit_cost,grf_blp_single,3646,-3.10227232648004,3.76083724962593,-0.824888746990743,0.409434755609701,-10.4735133357469,4.26896868278678,-95.5053047884941,-99.9971724457109,7044.79121479641,0.875926300075943,0.940476495497657
buyer_N_gaslimit_cost_high,`time_n_sale_str_2021-06`,grf_blp_single,3646,0.134167151492238,0.0974051995165379,1.3774126243585,0.168384711967572,-0.0567470395601763,0.325081342544652,14.3583955434536,-5.51669554778789,38.4143231134292,0.875926300075943,0.940476495497657
buyer_N_gaslimit_cost_high,`time_n_sale_str_2021-07`,grf_blp_single,3646,-0.500160864429998,0.132576886002981,-3.77260983802826,0.00016154880970823,-0.760011560995841,-0.240310167864154,-39.3566901648931,-53.2338979648455,-21.3616087782496,0.875926300075943,0.940476495497657
buyer_N_gaslimit_cost_high,`time_n_sale_str_2021-08`,grf_blp_single,3646,0.242282004455335,0.120713474067914,2.00708335441515,0.04474078830443,0.00568359528222356,0.478880413628446,27.4153459108715,0.569977755318996,61.4266079792229,0.875926300075943,0.940476495497657
buyer_N_gaslimit_cost_high,`time_n_sale_str_2021-09`,grf_blp_single,3646,0.152497707822724,0.215545444817836,0.707496778471031,0.479257813975576,-0.269971364020234,0.574966779665683,16.473979230147,-23.6598645230397,77.707149102441,0.875926300075943,0.940476495497657
buyer_N_gaslimit_cost_high,`time_n_sale_str_2021-10`,grf_blp_single,3646,0.142410932028212,0.195408010319003,0.728787585502392,0.466131606679838,-0.240588768197033,0.525410632253458,15.3050376525194,-21.3835144086213,69.11531478465,0.875926300075943,0.940476495497657
buyer_N_gaslimit_cost_high,`time_n_sale_str_2021-11`,grf_blp_single,3646,0.593742028357761,0.174110437172129,3.41014610037868,0.00064928087964794,0.252485571500389,0.934998485215133,81.0751637397617,28.7220923354215,154.720959926153,0.875926300075943,0.940476495497657
buyer_N_gaslimit_cost_high,`time_n_sale_str_2021-12`,grf_blp_single,3646,0.0479174290203023,0.244792954073365,0.195746765676684,0.844808378696031,-0.431876760963494,0.527711619004099,4.90840278520972,-35.0710610446526,69.5048949207784,0.875926300075943,0.940476495497657
buyer_N_gaslimit_cost_high,`time_n_sale_str_2022-01`,grf_blp_single,3646,0.732665928980688,0.147926117592971,4.95291798975398,7.31087920867092e-07,0.442730738498466,1.02260111946291,108.062000574352,55.6953050379634,178.04175644504,0.875926300075943,0.940476495497657
buyer_N_gaslimit_cost_high,`time_n_sale_str_2022-02`,grf_blp_single,3646,0.655571882403299,0.282403365294024,2.32140251487708,0.0202651299398494,0.102061286427011,1.20908247837959,92.6243787374346,10.745134138397,235.040916900367,0.875926300075943,0.940476495497657
buyer_N_gaslimit_cost_high,`time_n_sale_str_2022-03`,grf_blp_single,3646,0.00720194741383562,0.221288987348868,0.0325454397894712,0.974037079493684,-0.426524467789945,0.440928362617616,0.722794380785929,-34.7226106554354,55.4149363162119,0.875926300075943,0.940476495497657
buyer_N_gaslimit_cost_high,`time_n_sale_str_2022-04`,grf_blp_single,3646,0.144547838173096,0.287268432415257,0.503180377174709,0.614837459755738,-0.418498289360807,0.707593965706999,15.5516971462475,-34.1965744749596,102.91032885966,0.875926300075943,0.940476495497657
buyer_N_gaslimit_cost_high,`time_n_sale_str_2022-05`,grf_blp_single,3646,0.140958890528418,0.237931878719358,0.592433814615817,0.553560128502572,-0.325387591761525,0.60730537281836,15.1377314498832,-27.7752637742994,83.5478798011607,0.875926300075943,0.940476495497657
buyer_N_gaslimit_cost_high,`time_n_sale_str_2022-06`,grf_blp_single,3646,-0.0130750431527879,0.247888875640318,-0.0527455825478814,0.957934619929205,-0.49893723940781,0.472787153102235,-1.29899361059711,-39.2824400756813,60.4459842329586,0.875926300075943,0.940476495497657
buyer_N_gaslimit_cost_high,`time_n_sale_str_2022-07`,grf_blp_single,3646,-0.858346523961842,0.323741033043624,-2.65133682898387,0.00801738417793602,-1.49287894872734,-0.22381409919634,-57.6137650540956,-77.5275247692808,-20.0536258492113,0.875926300075943,0.940476495497657
buyer_N_gaslimit_cost_high,`time_n_sale_str_2022-08`,grf_blp_single,3646,-0.137164908979403,0.195782421675562,-0.700598694231617,0.483553493545988,-0.520898455463505,0.246568637504699,-12.8173557732001,-40.6013362381044,27.9627010608396,0.875926300075943,0.940476495497657
buyer_N_gaslimit_cost_high,`time_n_sale_str_2022-09`,grf_blp_single,3646,-0.721243816227711,0.336058157168799,-2.14618750011605,0.0318580224508951,-1.37991780427856,-0.062569828176866,-51.3852798028876,-74.8400767409702,-6.06525323978009,0.875926300075943,0.940476495497657
buyer_N_gaslimit_cost_high,`time_n_sale_str_2022-10`,grf_blp_single,3646,-0.774392797601153,0.556928384356831,-1.39047105400358,0.164385883166715,-1.86597243094054,0.317186835738237,-53.9016393613328,-84.5254342769264,37.3259121840185,0.875926300075943,0.940476495497657
buyer_N_gaslimit_cost_high,`time_n_sale_str_2022-11`,grf_blp_single,3646,-0.173313660661866,0.269620322886755,-0.642806368623259,0.520349750180246,-0.701769493519906,0.355142172196175,-15.9126175563869,-50.4292623713141,42.6383431931572,0.875926300075943,0.940476495497657
buyer_N_gaslimit_cost_high,`time_n_sale_str_2022-12`,grf_blp_single,3646,-0.297872188992446,0.358279187311429,-0.831396853464237,0.405749476025197,-1.00009939612285,0.404355018137955,-25.7603779906837,-63.2157122801497,49.8335788927596,0.875926300075943,0.940476495497657
buyer_N_gaslimit_cost_high,`time_n_sale_str_2023-01`,grf_blp_single,3646,-0.396206067222711,0.272826535426963,-1.45222702257558,0.146438491324299,-0.930946076659558,0.138533942214137,-32.7131974395115,-60.5819391165566,14.8588666551032,0.875926300075943,0.940476495497657
buyer_N_gaslimit_cost_high,`time_n_sale_str_2023-02`,grf_blp_single,3646,-0.337309354706587,0.352916018200656,-0.955777967875645,0.339184421681598,-1.02902475037987,0.354406040966699,-28.6311976999843,-64.26446986962,42.5333812918185,0.875926300075943,0.940476495497657
buyer_N_gaslimit_cost_high,`time_n_sale_str_2023-03`,grf_blp_single,3646,-0.279018124660053,0.423137307541867,-0.659403270964109,0.509636842234668,-1.10836724744211,0.550330998122007,-24.3473808689253,-66.9902511166491,73.3826816319138,0.875926300075943,0.940476495497657
buyer_N_gaslimit_cost_high,`time_n_sale_str_2023-04`,grf_blp_single,3646,-0.694363616430906,0.387751532355003,-1.79074370696538,0.0733344324594483,-1.45435661984671,0.0656293869848996,-50.0607848156376,-76.644942261994,6.78308917950814,0.875926300075943,0.940476495497657
buyer_N_gaslimit_cost_high,`time_n_sale_str_2023-05`,grf_blp_single,3646,-0.401525737340432,0.378926698731341,-1.05963960492822,0.289308588514785,-1.14422206685386,0.341170592172997,-33.0701906474837,-68.1528428959691,40.6593174182321,0.875926300075943,0.940476495497657
buyer_N_gaslimit_cost_high,`time_n_sale_str_2023-06`,grf_blp_single,3646,-0.655845385028244,0.184134236079038,-3.56177861865258,0.000368350927323269,-1.01674848774316,-0.29494228231333,-48.099688039165,-63.8230672726836,-25.5425438653045,0.875926300075943,0.940476495497657
buyer_N_gaslimit_cost_high,`time_n_sale_str_2023-07`,grf_blp_single,3646,-0.110128349882736,0.185006153178567,-0.595268578858784,0.551663955619087,-0.472740410112727,0.252483710347255,-10.4280837531156,-37.6708149560187,28.7218527641188,0.875926300075943,0.940476495497657
buyer_N_gaslimit_cost_high,`time_n_sale_str_2023-08`,grf_blp_single,3646,0.0170528929634414,0.258081850018136,0.0660755220184723,0.947317698852305,-0.488787533072105,0.522893318998988,1.71991235784303,-38.6630366087737,68.6901339424198,0.875926300075943,0.940476495497657
buyer_N_gaslimit_cost_high,`time_n_sale_str_2023-09`,grf_blp_single,3646,-0.408062045623933,0.300403194570007,-1.3583811790285,0.174342763213516,-0.996852306981148,0.180728215733281,-33.5062378927092,-63.0960762896626,19.8089513159941,0.875926300075943,0.940476495497657
buyer_N_gaslimit_cost_high,`time_n_sale_str_2023-10`,grf_blp_single,3646,0.353177114090614,0.182999046458809,1.92993964135277,0.0536143169188151,-0.00550101696865241,0.71185524514988,42.3583257760554,-0.548591408124499,103.776831366239,0.875926300075943,0.940476495497657
buyer_N_gaslimit_cost_high,`time_n_sale_str_2023-11`,grf_blp_single,3646,-0.214990179303109,0.14313623487982,-1.50199688767571,0.133097912615517,-0.495537199667557,0.0655568410613391,-19.3450638984765,-39.0756466052143,6.77534278267111,0.875926300075943,0.940476495497657
buyer_N_gaslimit_cost_high,`time_n_sale_str_2023-12`,grf_blp_single,3646,0.0239167381572001,0.15135629537316,0.158016143948521,0.874444077505895,-0.272741600774194,0.320575077088594,2.42050371415572,-23.8710521172643,37.7919946722431,0.875926300075943,0.940476495497657
buyer_N_gaslimit_cost_high,`time_n_sale_str_2024-01`,grf_blp_single,3646,-0.0137802547599872,0.0624811766638721,-0.220550500098939,0.825442447070614,-0.136243361021177,0.108682851501202,-1.36857416855294,-12.7369757540874,11.4808734353475,0.875926300075943,0.940476495497657
buyer_N_gaslimit_cost_high,`time_n_sale_str_2024-02`,grf_blp_single,3646,0.174456156055369,0.142234234942253,1.22654124814746,0.219995062936214,-0.104322944431445,0.453235256542184,19.0598540704163,-9.90657012793411,57.3394294278496,0.875926300075943,0.940476495497657
buyer_N_gaslimit_cost_high,`time_n_sale_str_2024-03`,grf_blp_single,3646,-0.379606289467096,0.109759015493037,-3.45854313435581,0.000543105299718745,-0.594733959833449,-0.164478619100743,-31.5869294338845,-44.8290676814479,-15.1664105065259,0.875926300075943,0.940476495497657
buyer_N_gaslimit_cost_high,`time_n_sale_str_2024-04`,grf_blp_single,3646,-0.183417837500188,0.113672683249559,-1.61356125549978,0.10662262647737,-0.406216296669324,0.0393806216689482,-16.7579733341725,-33.3833937659778,4.01663181537837,0.875926300075943,0.940476495497657
buyer_N_gaslimit_cost_high,`time_n_sale_str_2024-05`,grf_blp_single,3646,0.111022643254477,0.136666557793536,0.812361451454721,0.416584258800195,-0.156843810020853,0.378889096529808,11.7420208598142,-14.5162434547264,46.0661034382853,0.875926300075943,0.940476495497657
buyer_N_gaslimit_cost_high,`time_n_sale_str_2024-06`,grf_blp_single,3646,-0.237308372156823,0.117294090864104,-2.02319119751537,0.0430534388653561,-0.467204790250466,-0.00741195406317927,-21.1251977417519,-37.3248275373871,-0.738455327125931,0.875926300075943,0.940476495497657
buyer_N_gaslimit_cost_high,`time_n_sale_str_2024-07`,grf_blp_single,3646,0.154037355982467,0.217550063970017,0.708054749198772,0.478911258857569,-0.272360769398766,0.580435481363701,16.6534463005466,-23.8420543040442,78.6816386581858,0.875926300075943,0.940476495497657
buyer_N_gaslimit_cost_high,`time_n_sale_str_2024-08`,grf_blp_single,3646,0.332008629352585,0.340234361039446,0.97582333641514,0.329152018192112,-0.334850718284728,0.998867976989899,39.3764875749157,-28.4555118779848,171.520641193085,0.875926300075943,0.940476495497657
buyer_N_gaslimit_cost_high,`time_n_sale_str_2024-09`,grf_blp_single,3646,0.521510536614487,0.290435207972743,1.79561748127807,0.0725553737195034,-0.0477424710120883,1.09076354424106,68.4570333975711,-4.66207217337729,197.654592962383,0.875926300075943,0.940476495497657
buyer_N_gaslimit_cost_high,`time_n_sale_str_2024-10`,grf_blp_single,3646,0.0671649037767478,0.237099930459626,0.283276775520543,0.776964678902548,-0.397550959924119,0.531880767477615,6.94718235770224,-32.8036301444031,70.213061194093,0.875926300075943,0.940476495497657
buyer_N_gaslimit_cost_high,`time_n_sale_str_2024-11`,grf_blp_single,3646,-0.153202105960698,0.166026383462051,-0.92275759289617,0.356133544962327,-0.478613817546317,0.172209605624921,-14.2043693795682,-38.0358266742019,18.7926803260191,0.875926300075943,0.940476495497657
buyer_N_gaslimit_cost_high,`time_n_sale_str_2024-12`,grf_blp_single,3646,0.080784397499183,0.153033152123711,0.527888214926643,0.597576924831322,-0.21916058066329,0.380729375661656,8.41371286910222,-19.6807269423977,46.3351533278308,0.875926300075943,0.940476495497657
buyer_N_gaslimit_cost_high,`time_n_sale_str_2025-01`,grf_blp_single,3646,0.579322285129355,0.202032892894282,2.86746517772478,0.0041377433599084,0.183337815056562,0.975306755202148,78.4828416014813,20.122012979361,165.198059506486,0.875926300075943,0.940476495497657
buyer_N_gaslimit_cost_high,`time_n_sale_str_2025-02`,grf_blp_single,3646,0.274904301323423,0.249575899111366,1.10148576966863,0.270685294531121,-0.214264460934853,0.7640730635817,31.6404690652722,-19.2865098855657,114.700331644138,0.875926300075943,0.940476495497657
buyer_N_gaslimit_cost_high,`time_n_sale_str_2025-03`,grf_blp_single,3646,0.430134952410291,0.405805821596871,1.05995264118608,0.289166145252604,-0.365244457919575,1.22551436274016,53.7464994155337,-30.5973030250278,240.591750938079,0.875926300075943,0.940476495497657
buyer_N_gaslimit_cost_high,`time_n-1_sale_str_2021-06`,grf_blp_single,3646,0.149216253696803,0.10705751023939,1.39379529155069,0.163379430404208,-0.0606164663724028,0.359048973766008,16.0924016175557,-5.8815853668435,43.1966928667746,0.875926300075943,0.940476495497657
buyer_N_gaslimit_cost_high,`time_n-1_sale_str_2021-07`,grf_blp_single,3646,0.426426828545325,0.138909762215016,3.06981180980834,0.00214193689426348,0.154163694603894,0.698689962486757,53.1774440678048,16.6681850671549,101.111634312643,0.875926300075943,0.940476495497657
buyer_N_gaslimit_cost_high,`time_n-1_sale_str_2021-08`,grf_blp_single,3646,-0.0715214400843806,0.0959284484417236,-0.745570696140569,0.455926790251917,-0.259541199030159,0.116498318861398,-6.90236828299105,-22.8594573816122,12.3555621612889,0.875926300075943,0.940476495497657
buyer_N_gaslimit_cost_high,`time_n-1_sale_str_2021-09`,grf_blp_single,3646,-0.535548510669056,0.148122889985694,-3.61556887474164,0.000299688779788602,-0.825869375041017,-0.245227646297096,-41.4651867622106,-56.2145832535739,-21.7473621268537,0.875926300075943,0.940476495497657
buyer_N_gaslimit_cost_high,`time_n-1_sale_str_2021-10`,grf_blp_single,3646,-0.35704354652085,0.124681569100796,-2.86364335238841,0.00418799262076053,-0.60141942195841,-0.11266767108329,-30.0257974259572,-45.1966806593256,-10.6552470766285,0.875926300075943,0.940476495497657
buyer_N_gaslimit_cost_high,`time_n-1_sale_str_2021-11`,grf_blp_single,3646,-0.00331889958476573,0.179026553341913,-0.0185385883982648,0.985209193758355,-0.354210944134916,0.347573144965384,-0.331339812548537,-29.8273073437696,41.5627852878135,0.875926300075943,0.940476495497657
buyer_N_gaslimit_cost_high,`time_n-1_sale_str_2021-12`,grf_blp_single,3646,0.243677867649509,0.313159272521059,0.778127582452866,0.436493803540706,-0.370114306491765,0.857470041790784,27.5933244905776,-30.9344620268336,135.718955246291,0.875926300075943,0.940476495497657
buyer_N_gaslimit_cost_high,`time_n-1_sale_str_2022-01`,grf_blp_single,3646,0.255205586217521,0.211047312432769,1.2092340019673,0.22657295811858,-0.158447146150707,0.668858318585748,29.0726949269377,-14.6531928328302,95.2007477335463,0.875926300075943,0.940476495497657
buyer_N_gaslimit_cost_high,`time_n-1_sale_str_2022-02`,grf_blp_single,3646,0.162605288809593,0.405296422730993,0.401200898132572,0.688272219551564,-0.631775699743154,0.95698627736234,17.6572191812813,-46.8353082953976,160.383739313092,0.875926300075943,0.940476495497657
buyer_N_gaslimit_cost_high,`time_n-1_sale_str_2022-03`,grf_blp_single,3646,0.574375310379286,0.319179704096688,1.79953581949964,0.0719339630992995,-0.0512169096502228,1.19996753040879,77.602071859818,-4.99274317280197,232.000912164745,0.875926300075943,0.940476495497657
buyer_N_gaslimit_cost_high,`time_n-1_sale_str_2022-04`,grf_blp_single,3646,0.45914910489742,0.41797727276161,1.09850256178711,0.271985099637099,-0.360086349715335,1.27838455951017,58.2726677488494,-30.2383915480164,259.083425858502,0.875926300075943,0.940476495497657
buyer_N_gaslimit_cost_high,`time_n-1_sale_str_2022-05`,grf_blp_single,3646,-0.147032520914866,0.304089969833015,-0.483516509918449,0.628729039967183,-0.743048861787574,0.448983819957843,-13.6734097237115,-52.4338523596154,56.671930740993,0.875926300075943,0.940476495497657
buyer_N_gaslimit_cost_high,`time_n-1_sale_str_2022-06`,grf_blp_single,3646,0.178025738935589,0.306763564495346,0.58033534467647,0.561688496793991,-0.423230847475289,0.779282325346467,19.4856075162569,-34.5072572683354,117.990723980268,0.875926300075943,0.940476495497657
buyer_N_gaslimit_cost_high,`time_n-1_sale_str_2022-07`,grf_blp_single,3646,-0.139318770156535,0.361559891483999,-0.38532694980273,0.699995197119773,-0.847976157465174,0.569338617152104,-13.0049330057444,-57.1719171608505,76.7097936594284,0.875926300075943,0.940476495497657
buyer_N_gaslimit_cost_high,`time_n-1_sale_str_2022-08`,grf_blp_single,3646,0.0423169457343694,0.201121553080109,0.210404827758634,0.833351724984669,-0.351881298302645,0.436515189771384,4.32250720945082,-29.6636392524627,54.7305745534607,0.875926300075943,0.940476495497657
buyer_N_gaslimit_cost_high,`time_n-1_sale_str_2022-09`,grf_blp_single,3646,0.0418019357428478,0.310041027353328,0.134827110139877,0.892748570751629,-0.565878477869675,0.649482349355371,4.26879390852792,-43.2138925809193,91.4549504670923,0.875926300075943,0.940476495497657
buyer_N_gaslimit_cost_high,`time_n-1_sale_str_2022-10`,grf_blp_single,3646,-0.232470652734755,0.469068027675457,-0.495601147421625,0.620175843101091,-1.15184398697865,0.686902681509141,-20.7426991144208,-68.3946566703282,98.7549914627822,0.875926300075943,0.940476495497657
buyer_N_gaslimit_cost_high,`time_n-1_sale_str_2022-11`,grf_blp_single,3646,-0.100828591688673,0.286034318337278,-0.352505224809354,0.724459400792949,-0.661455855629737,0.459798672252392,-9.59120121995152,-48.3900578961833,58.375509904841,0.875926300075943,0.940476495497657
buyer_N_gaslimit_cost_high,`time_n-1_sale_str_2022-12`,grf_blp_single,3646,-0.167537645560816,0.32399139448851,-0.517105233073582,0.605082700767417,-0.802560778758295,0.467485487636663,-15.4255221846934,-55.1820195949256,59.597604199986,0.875926300075943,0.940476495497657
buyer_N_gaslimit_cost_high,`time_n-1_sale_str_2023-01`,grf_blp_single,3646,-0.419809620498354,0.518648500241394,-0.809429932416583,0.418267890766933,-1.43636068097149,0.596741439974779,-34.2828080030954,-76.2208414700423,81.6190980230496,0.875926300075943,0.940476495497657
buyer_N_gaslimit_cost_high,`time_n-1_sale_str_2023-02`,grf_blp_single,3646,0.519154289598101,0.38284591484727,1.35603977857569,0.175086511915214,-0.231223703502549,1.26953228269875,68.0605742764745,-20.6438076404248,255.918747942931,0.875926300075943,0.940476495497657
buyer_N_gaslimit_cost_high,`time_n-1_sale_str_2023-03`,grf_blp_single,3646,-0.289005123609818,0.461624668166581,-0.626060831535822,0.531275041981139,-1.19378947321632,0.615779225996681,-25.0991632233789,-69.6929392696855,85.1098461760935,0.875926300075943,0.940476495497657
buyer_N_gaslimit_cost_high,`time_n-1_sale_str_2023-04`,grf_blp_single,3646,0.630379428606017,0.445086036874645,1.41630915459062,0.15668500868389,-0.241989203668287,1.50274806088032,87.8323133602276,-21.4935346675511,349.402196275829,0.875926300075943,0.940476495497657
buyer_N_gaslimit_cost_high,`time_n-1_sale_str_2023-05`,grf_blp_single,3646,0.664853514428828,0.402869056254922,1.65029680017949,0.0988822464339408,-0.124769835830819,1.45447686468847,94.4205702393616,-11.7299954871845,328.224268717587,0.875926300075943,0.940476495497657
buyer_N_gaslimit_cost_high,`time_n-1_sale_str_2023-06`,grf_blp_single,3646,-0.0788524270811219,0.112523238890687,-0.700765707230704,0.483449242434562,-0.299397975306869,0.141693121144625,-7.58237022238452,-25.873565418061,15.222300140056,0.875926300075943,0.940476495497657
buyer_N_gaslimit_cost_high,`time_n-1_sale_str_2023-07`,grf_blp_single,3646,0.0378552797546638,0.197788396042758,0.191392824412612,0.848217841443842,-0.349809976489142,0.425520535998469,3.85809183166796,-29.5177990252844,53.0386833802859,0.875926300075943,0.940476495497657
buyer_N_gaslimit_cost_high,`time_n-1_sale_str_2023-08`,grf_blp_single,3646,0.168446842863619,0.135423667705544,1.24385084023775,0.213554465017149,-0.096983545839247,0.433877231566485,18.3465315545601,-9.24290606714538,54.3229396630588,0.875926300075943,0.940476495497657
buyer_N_gaslimit_cost_high,`time_n-1_sale_str_2023-09`,grf_blp_single,3646,-0.3413797598636,0.22097693310416,-1.54486604130163,0.122378668964253,-0.774494548747754,0.0917350290205539,-28.9211072160484,-53.9063296837573,9.60743557043595,0.875926300075943,0.940476495497657
buyer_N_gaslimit_cost_high,`time_n-1_sale_str_2023-10`,grf_blp_single,3646,0.0386427361939191,0.116320384455046,0.332209495136713,0.739731074456739,-0.189345217337971,0.266630689725809,3.93990776386315,-17.2499210239458,30.5558201229831,0.875926300075943,0.940476495497657
buyer_N_gaslimit_cost_high,`time_n-1_sale_str_2023-11`,grf_blp_single,3646,-0.0710021341574122,0.0954488385807914,-0.743876355261394,0.456951281178862,-0.258081857775763,0.116077589460939,-6.85400957565879,-22.7468008231946,12.3083008157985,0.875926300075943,0.940476495497657
buyer_N_gaslimit_cost_high,`time_n-1_sale_str_2023-12`,grf_blp_single,3646,-0.249838083276802,0.0795404626930794,-3.14101873207408,0.00168361263675286,-0.405737390155238,-0.0939387763983663,-22.1073105848305,-33.3514829987787,-8.9661505263969,0.875926300075943,0.940476495497657
buyer_N_gaslimit_cost_high,`time_n-1_sale_str_2024-01`,grf_blp_single,3646,-0.175629521879747,0.049592266176828,-3.54146997948261,0.000397904135071502,-0.27283036358633,-0.0784286801731641,-16.1071269489889,-23.8778092368685,-7.54320023903191,0.875926300075943,0.940476495497657
buyer_N_gaslimit_cost_high,`time_n-1_sale_str_2024-02`,grf_blp_single,3646,-0.323736171612213,0.0735380834424913,-4.40229275033232,1.07112891679363e-05,-0.467870815159496,-0.17960152806493,-27.6558918501462,-37.3665568654964,-16.4396890530418,0.875926300075943,0.940476495497657
buyer_N_gaslimit_cost_high,`time_n-1_sale_str_2024-03`,grf_blp_single,3646,-0.313313904040997,0.0510779564546255,-6.13403365734347,8.56783795157832e-10,-0.413426698692063,-0.213201109389931,-26.8979593710293,-33.8619987376375,-19.20063742294,0.875926300075943,0.940476495497657
buyer_N_gaslimit_cost_high,`time_n-1_sale_str_2024-04`,grf_blp_single,3646,-0.233393833973003,0.0479973633221227,-4.86263864968243,1.15831188783071e-06,-0.327468666084364,-0.139319001861643,-20.8158342039271,-27.9254125287841,-13.0049531629434,0.875926300075943,0.940476495497657
buyer_N_gaslimit_cost_high,`time_n-1_sale_str_2024-05`,grf_blp_single,3646,-0.185845957558068,0.0552551260316382,-3.36341568475757,0.000769843484274958,-0.294146004580079,-0.0775459105360575,-16.9598497794707,-25.4832314394619,-7.46154614788531,0.875926300075943,0.940476495497657
buyer_N_gaslimit_cost_high,`time_n-1_sale_str_2024-06`,grf_blp_single,3646,-0.208008216247832,0.0447467944239182,-4.64856128636215,3.34258309031829e-06,-0.295711933318711,-0.120304499176952,-18.7799636554951,-25.5998280740245,-11.3349588712498,0.875926300075943,0.940476495497657
buyer_N_gaslimit_cost_high,`time_n-1_sale_str_2024-07`,grf_blp_single,3646,-0.153672114341421,0.0882114912054705,-1.74208725236798,0.0814931778456085,-0.326566637104143,0.0192224084213015,-14.2446845700084,-27.8603698313588,1.94083484079333,0.875926300075943,0.940476495497657
buyer_N_gaslimit_cost_high,`time_n-1_sale_str_2024-08`,grf_blp_single,3646,-0.261287538023048,0.0778002856800862,-3.35843931341665,0.000783839304112342,-0.413776097956017,-0.108798978090079,-22.9940533598103,-33.8851032700096,-10.3089301920988,0.875926300075943,0.940476495497657
buyer_N_gaslimit_cost_high,`time_n-1_sale_str_2024-09`,grf_blp_single,3646,-0.129513930410548,0.0763757164791963,-1.69574750170528,0.0899337084460688,-0.279210334709773,0.0201824738886766,-12.1477649846009,-24.3619206652177,2.0387517118216,0.875926300075943,0.940476495497657
buyer_N_gaslimit_cost_high,`time_n-1_sale_str_2024-10`,grf_blp_single,3646,-0.0445479578401034,0.146019043488582,-0.305083205421674,0.76030278197721,-0.330745283077724,0.241649367397518,-4.35702693103638,-28.16118686484,27.3347637336371,0.875926300075943,0.940476495497657
buyer_N_gaslimit_cost_high,`time_n-1_sale_str_2024-11`,grf_blp_single,3646,-0.231503041022235,0.0719379251815267,-3.21809449519242,0.00129045296195063,-0.372501374378027,-0.0905047076664426,-20.6659717065984,-31.0991295401194,-8.65299664213928,0.875926300075943,0.940476495497657
buyer_N_gaslimit_cost_high,`time_n-1_sale_str_2024-12`,grf_blp_single,3646,-0.122731239571766,0.0774748506082273,-1.58414296521061,0.113161188902463,-0.274581946763892,0.0291194676203595,-11.5498650419556,-24.0110268806966,2.95475847283024,0.875926300075943,0.940476495497657
buyer_N_gaslimit_cost_high,`time_n-1_sale_str_2025-01`,grf_blp_single,3646,-0.175875220067187,0.0536148200347742,-3.28034711210661,0.00103679441075712,-0.280960267335344,-0.0707901727990296,-16.1277367438384,-24.4941664636149,-6.83426413243901,0.875926300075943,0.940476495497657
buyer_N_gaslimit_cost_high,`time_n-1_sale_str_2025-02`,grf_blp_single,3646,-0.163255408059922,0.0949331023968582,-1.71968895925732,0.0854889958152795,-0.349324288757764,0.0228134726379201,-15.062577631412,-29.4835583705306,2.30756901387628,0.875926300075943,0.940476495497657
buyer_N_gaslimit_cost_high,`time_n-1_sale_str_2025-03`,grf_blp_single,3646,-0.338376160945189,0.253329836371278,-1.33571381007513,0.18164283372892,-0.834902640232894,0.158150318342517,-28.7072937864127,-56.6083274592145,17.1342255701136,0.875926300075943,0.940476495497657
buyer_N_gaslimit_cost_high,`Background_recoded_Army Green`,grf_blp_single,3646,0.0161568212447179,0.0947080900866576,0.170595999031704,0.864541444118063,-0.169471035325131,0.201784677814567,1.6288048466764,-15.5888796467155,22.3584514852604,0.875926300075943,0.940476495497657
buyer_N_gaslimit_cost_high,Background_recoded_Blue,grf_blp_single,3646,-0.110857044849794,0.0906919689656195,-1.22234687496772,0.221576479953257,-0.288613304022409,0.0668992143228197,-10.4933305822693,-25.0698098581803,6.91877139363637,0.875926300075943,0.940476495497657
buyer_N_gaslimit_cost_high,Background_recoded_Gray,grf_blp_single,3646,-0.103918709637326,0.0926324259143404,-1.12183944889257,0.261930709807482,-0.285478264429433,0.0776408451547813,-9.87014386697321,-24.8345321355903,8.07344379487958,0.875926300075943,0.940476495497657
buyer_N_gaslimit_cost_high,`Background_recoded_New Punk Blue`,grf_blp_single,3646,-0.00396488091958756,0.082579483593259,-0.048012905228572,0.961705957584211,-0.165820668762375,0.1578909069232,-0.395703115711898,-15.280185033991,17.1038435552991,0.875926300075943,0.940476495497657
buyer_N_gaslimit_cost_high,Background_recoded_Orange,grf_blp_single,3646,0.0330178163980226,0.094578045078882,0.349106564536033,0.727009308471792,-0.152355151956586,0.218390784752631,3.35689535531269,-14.1316736460532,24.4073137451811,0.875926300075943,0.940476495497657
buyer_N_gaslimit_cost_high,Background_recoded_Purple,grf_blp_single,3646,0.118521668118607,0.0886302437837186,1.33725986817583,0.18113782586573,-0.0551936096974814,0.292236945934695,12.5831268483151,-5.36980830114638,33.9420350249313,0.875926300075943,0.940476495497657
buyer_N_gaslimit_cost_high,Background_recoded_Yellow,grf_blp_single,3646,-0.0800779195802945,0.0803276473771676,-0.996891135181633,0.318817355061052,-0.237520108439543,0.077364269278954,-7.69555796493781,-21.1418966312396,8.0435574206239,0.875926300075943,0.940476495497657
buyer_N_gaslimit_cost_high,`Clothes_recoded_Bayc T Black`,grf_blp_single,3646,-0.00792310773964714,0.286494593534889,-0.0276553481930969,0.977937037048519,-0.56945251106803,0.553606295588736,-0.789180265393563,-43.4164857610092,73.9514924937283,0.875926300075943,0.940476495497657
buyer_N_gaslimit_cost_high,`Clothes_recoded_Bayc T Red`,grf_blp_single,3646,-0.0437473012472688,0.411327304509816,-0.106356424111944,0.915299565436289,-0.849948818086509,0.762454215591971,-4.28041908989634,-57.2563191577366,114.353045621345,0.875926300075943,0.940476495497657
buyer_N_gaslimit_cost_high,`Clothes_recoded_Biker Vest`,grf_blp_single,3646,-0.288605377729856,0.139675086170503,-2.06626239254689,0.0388037103792948,-0.562368546624041,-0.0148422088356704,-25.0692159372184,-43.0142270470066,-1.47326061726634,0.875926300075943,0.940476495497657
buyer_N_gaslimit_cost_high,`Clothes_recoded_Black Holes T`,grf_blp_single,3646,0.0865412453603438,0.203169096928289,0.425956735885328,0.670139371719232,-0.311670184619102,0.48475267533979,9.0396340580297,-26.7777013188956,62.3773359982927,0.875926300075943,0.940476495497657
buyer_N_gaslimit_cost_high,`Clothes_recoded_Black T`,grf_blp_single,3646,0.31110854783382,0.141071848447185,2.20531985125503,0.027431657797606,0.0346077248773362,0.587609370790303,36.4937374140437,3.52135406213652,79.9680898886941,0.875926300075943,0.940476495497657
buyer_N_gaslimit_cost_high,`Clothes_recoded_Bone Necklace`,grf_blp_single,3646,0.0515025664120177,0.178096927737327,0.289182789767031,0.772441501263459,-0.297567411953144,0.400572544777179,5.28518883404052,-25.7377480101147,49.2679078642723,0.875926300075943,0.940476495497657
buyer_N_gaslimit_cost_high,`Clothes_recoded_Bone Tee`,grf_blp_single,3646,0.161536362010278,0.168365614964301,0.959437959137492,0.337338160049773,-0.168460243319753,0.491532967340309,17.5315194204558,-15.5035144251238,63.4820426352532,0.875926300075943,0.940476495497657
buyer_N_gaslimit_cost_high,`Clothes_recoded_Caveman Pelt`,grf_blp_single,3646,-0.104416424904015,0.187285736351152,-0.557524704968665,0.577168984590464,-0.471496468152273,0.262663618344243,-9.91499171070106,-37.5932328235507,30.0389218293873,0.875926300075943,0.940476495497657
buyer_N_gaslimit_cost_high,`Clothes_recoded_Cowboy Shirt`,grf_blp_single,3646,-0.307432045478928,0.334184430229283,-0.919947243706119,0.357600328891575,-0.962433528728322,0.347569437770466,-26.4667164959344,-61.8037762024178,41.5622604879481,0.875926300075943,0.940476495497657
buyer_N_gaslimit_cost_high,Clothes_recoded_Guayabera,grf_blp_single,3646,0.176042619427502,0.200957948728228,0.876017199327501,0.381020683711634,-0.217834960079826,0.56992019893483,19.2488880761058,-19.574183458268,76.8125947469724,0.875926300075943,0.940476495497657
buyer_N_gaslimit_cost_high,Clothes_recoded_Hawaiian,grf_blp_single,3646,0.0923373265843975,0.175044367483149,0.527508127865276,0.597840773654145,-0.250749633682575,0.43542428685137,9.67347174657689,-22.1782813458464,54.5618705544382,0.875926300075943,0.940476495497657
buyer_N_gaslimit_cost_high,`Clothes_recoded_Hip Hop`,grf_blp_single,3646,-0.212009056388557,0.372608515394373,-0.568986074202208,0.56936559051477,-0.942321746561527,0.518303633784413,-19.1042628698956,-61.0278051448338,67.9176733602792,0.875926300075943,0.940476495497657
buyer_N_gaslimit_cost_high,`Clothes_recoded_Lab Coat`,grf_blp_single,3646,-0.244900959337269,0.291395778790082,-0.8404409986793,0.40066116982042,-0.81603668576583,0.326234767091292,-21.721793834302,-55.7819312754805,38.5740656991145,0.875926300075943,0.940476495497657
buyer_N_gaslimit_cost_high,`Clothes_recoded_Leather Jacket`,grf_blp_single,3646,-0.148386835790825,0.239369631213536,-0.619906690078213,0.535319220974172,-0.617551312969355,0.320777641387705,-13.7902439760727,-46.0736690744819,37.8199092382188,0.875926300075943,0.940476495497657
buyer_N_gaslimit_cost_high,`Clothes_recoded_Leather Punk Jacket`,grf_blp_single,3646,-0.0261248884293006,0.264200702786157,-0.0988827363205234,0.921231376141496,-0.543958265890169,0.491708489031568,-2.57865859721101,-41.9553860961825,63.5107397982807,0.875926300075943,0.940476495497657
buyer_N_gaslimit_cost_high,`Clothes_recoded_Lumberjack Shirt`,grf_blp_single,3646,0.0655562072952434,0.154158111088552,0.425253052416985,0.670652213564449,-0.236593690438318,0.367706105028805,6.77527511210045,-21.068807214288,44.4417469556918,0.875926300075943,0.940476495497657
buyer_N_gaslimit_cost_high,`Clothes_recoded_Navy Striped Tee`,grf_blp_single,3646,-0.0887035783213286,0.133815575366784,-0.662879325356522,0.507407843891341,-0.350982106040226,0.173574949397568,-8.48832061691081,-29.6003648974699,18.9549839472442,0.875926300075943,0.940476495497657
buyer_N_gaslimit_cost_high,Clothes_recoded_No_Clothes,grf_blp_single,3646,-0.0666995140387418,0.0818597876767311,-0.8148019428311,0.41518568867258,-0.227144697885135,0.0937456698076511,-6.45237434097215,-20.3194522119324,9.82803845322111,0.875926300075943,0.940476495497657
buyer_N_gaslimit_cost_high,Clothes_recoded_Other_Clothes,grf_blp_single,3646,-0.196747626367621,0.171576699533701,-1.1467036427576,0.25150412443724,-0.533037957453675,0.139542704718433,-17.8602093670315,-41.3180473752777,14.9747904330207,0.875926300075943,0.940476495497657
buyer_N_gaslimit_cost_high,`Clothes_recoded_Prison Jumpsuit`,grf_blp_single,3646,-0.0526482654325588,0.201251072565348,-0.261604893635852,0.793626070806049,-0.44710036766064,0.341803836795522,-5.12863508118999,-36.0520278029981,40.7484173826545,0.875926300075943,0.940476495497657
buyer_N_gaslimit_cost_high,`Clothes_recoded_Prom Dress`,grf_blp_single,3646,-0.2321318669178,0.186649903156146,-1.24367526043453,0.213619104734668,-0.597965677103847,0.133701943268247,-20.7158433160657,-45.0070767438379,14.3052074500928,0.875926300075943,0.940476495497657
buyer_N_gaslimit_cost_high,`Clothes_recoded_Puffy Vest`,grf_blp_single,3646,0.651310142861308,0.232532033566866,2.80094803658104,0.00509527228992502,0.195547357070251,1.10707292865236,91.8052105863079,21.5976377637402,202.548959705435,0.875926300075943,0.940476495497657
buyer_N_gaslimit_cost_high,`Clothes_recoded_Rainbow Suspenders`,grf_blp_single,3646,0.064101189292822,0.260966429104967,0.245630020354223,0.805968648165286,-0.447393011752913,0.575595390338557,6.62002813556084,-36.0707390612712,77.8188928309834,0.875926300075943,0.940476495497657
buyer_N_gaslimit_cost_high,`Clothes_recoded_Sailor Shirt`,grf_blp_single,3646,-0.28033977347092,0.151871389438475,-1.84590247384607,0.064906367416551,-0.578007696770331,0.0173281498284896,-24.4473010188205,-43.8985034177791,1.74791531585805,0.875926300075943,0.940476495497657
buyer_N_gaslimit_cost_high,Clothes_recoded_Service,grf_blp_single,3646,-0.0993113914611272,0.213312257683925,-0.465568141931542,0.641524651059172,-0.51740341652162,0.318780633599365,-9.45392886137572,-40.3933723859748,37.5449564388996,0.875926300075943,0.940476495497657
buyer_N_gaslimit_cost_high,`Clothes_recoded_Sleeveless Logo T`,grf_blp_single,3646,-0.0325809474034485,0.197677636480638,-0.164818580308348,0.86908677907802,-0.420029114905499,0.354867220098602,-3.20559059010984,-34.2972309762532,42.5991298726413,0.875926300075943,0.940476495497657
buyer_N_gaslimit_cost_high,`Clothes_recoded_Sleeveless T`,grf_blp_single,3646,0.0660217288357712,0.216874521181636,0.304423629276751,0.760805167969047,-0.359052332680234,0.491095790351777,6.82499287410763,-30.1662195493734,63.4105876685465,0.875926300075943,0.940476495497657
buyer_N_gaslimit_cost_high,`Clothes_recoded_Smoking Jacket`,grf_blp_single,3646,-6.24798272871279e-05,0.192809120633712,-0.000324050164648714,0.999741445381226,-0.377968356269362,0.377843396614787,-0.00624778754633182,-31.4747815741668,45.9134419592916,0.875926300075943,0.940476495497657
buyer_N_gaslimit_cost_high,`Clothes_recoded_Striped Tee`,grf_blp_single,3646,-0.0396222498676409,0.138186359663002,-0.28673054246648,0.77431864956891,-0.310467514807126,0.231223015071844,-3.88475539512327,-26.6895860945691,26.0140238380364,0.875926300075943,0.940476495497657
buyer_N_gaslimit_cost_high,`Clothes_recoded_Stunt Jacket`,grf_blp_single,3646,0.539909773229564,0.225455005219466,2.39475620735941,0.0166314194254857,0.0980179629994109,0.981801583459717,71.5852039412322,10.2982597806314,166.926080883864,0.875926300075943,0.940476495497657
buyer_N_gaslimit_cost_high,Clothes_recoded_Tanktop,grf_blp_single,3646,0.100198529600197,0.15451932252817,0.648453073446077,0.51669195278356,-0.202659342555015,0.403056401755409,10.5390348997209,-18.3443639945368,49.6391288378943,0.875926300075943,0.940476495497657
buyer_N_gaslimit_cost_high,`Clothes_recoded_Tie Dye`,grf_blp_single,3646,0.236207891340494,0.217836698251686,1.08433470226207,0.278216424175627,-0.190752037232811,0.663167819913798,26.6437564204688,-17.3662536326482,94.0931126247935,0.875926300075943,0.940476495497657
buyer_N_gaslimit_cost_high,Clothes_recoded_Toga,grf_blp_single,3646,0.0954963855358298,0.189532471192479,0.503852373870275,0.614365120407071,-0.275987258001428,0.466980029073088,10.0204845375755,-24.1177400383878,59.5169546084474,0.875926300075943,0.940476495497657
buyer_N_gaslimit_cost_high,`Clothes_recoded_Tuxedo Tee`,grf_blp_single,3646,0.163482539266963,0.197786521054192,0.826560568412899,0.408486174795227,-0.224179041999254,0.551144120533179,17.7604793164992,-20.0827963799653,73.5237203091417,0.875926300075943,0.940476495497657
buyer_N_gaslimit_cost_high,`Clothes_recoded_Tweed Suit`,grf_blp_single,3646,0.0189817944579755,0.288498806510489,0.0657950536696081,0.94754099430473,-0.546475866302582,0.584439455218533,1.91630940319723,-42.1013354419292,79.39850947599,0.875926300075943,0.940476495497657
buyer_N_gaslimit_cost_high,`Clothes_recoded_Vietnam Jacket`,grf_blp_single,3646,0.103498766512482,0.166835724906294,0.620363333875965,0.535018606515224,-0.223499254303854,0.430496787328818,10.9044425371768,-20.0284511787869,53.8021403334299,0.875926300075943,0.940476495497657
buyer_N_gaslimit_cost_high,`Clothes_recoded_Wool Turtleneck`,grf_blp_single,3646,-0.085300210010909,0.226441660727901,-0.376698394353361,0.706397756229794,-0.529125865037595,0.358525445015778,-8.17634207946622,-41.0880285193024,43.1217449015401,0.875926300075943,0.940476495497657
buyer_N_gaslimit_cost_high,`Clothes_recoded_Work Vest`,grf_blp_single,3646,-0.174132050181615,0.25598767661418,-0.680236066379336,0.496354999022152,-0.675867896345407,0.327603795982177,-15.9814056373604,-49.1285282685074,38.7639075184009,0.875926300075943,0.940476495497657
buyer_N_gaslimit_cost_high,`Earring_recoded_Diamond Stud`,grf_blp_single,3646,0.110304907883962,0.194405186278378,0.567396940357402,0.570444528162739,-0.270729257221658,0.491339072989583,11.6618484338049,-23.7177002732841,63.4503474635978,0.875926300075943,0.940476495497657
buyer_N_gaslimit_cost_high,`Earring_recoded_Gold Hoop`,grf_blp_single,3646,0.257363793382883,0.159455536211081,1.61401604170203,0.106523946784097,-0.0551690575908346,0.569896644356601,29.3515613595048,-5.36748490206573,76.8084300499266,0.875926300075943,0.940476495497657
buyer_N_gaslimit_cost_high,`Earring_recoded_Gold Stud`,grf_blp_single,3646,-0.0142853065673552,0.143469745482994,-0.0995701673496625,0.92068557910056,-0.295486007714024,0.266915394579313,-1.41837557122958,-25.5830172712694,30.5929952903496,0.875926300075943,0.940476495497657
buyer_N_gaslimit_cost_high,Earring_recoded_No_Earring,grf_blp_single,3646,-0.0827941597685276,0.0663103206467982,-1.24858632805488,0.211816415479011,-0.212762388236252,0.0471740686991968,-7.94593879876262,-19.1651812562572,4.83044701942994,0.875926300075943,0.940476495497657
buyer_N_gaslimit_cost_high,`Earring_recoded_Silver Hoop`,grf_blp_single,3646,0.0551853644667137,0.089145480022451,0.619048374105064,0.535884491668164,-0.11953977637729,0.229910505310718,5.67364779155768,-11.2671287604551,25.848737695276,0.875926300075943,0.940476495497657
buyer_N_gaslimit_cost_high,`Earring_recoded_Silver Stud`,grf_blp_single,3646,0.00925163614543366,0.119729700344967,0.0772710206304508,0.93840794414833,-0.225418576530702,0.24392184882157,0.929456481580115,-20.1817951446399,27.6244586573547,0.875926300075943,0.940476495497657
buyer_N_gaslimit_cost_high,Eyes_recoded_Angry,grf_blp_single,3646,-0.0357994181632157,0.138089217829254,-0.259248467954111,0.795443537005492,-0.306454285108554,0.234855448782123,-3.51661977884546,-26.3947834044883,26.47259378444,0.875926300075943,0.940476495497657
buyer_N_gaslimit_cost_high,Eyes_recoded_Blindfold,grf_blp_single,3646,-0.0907802376329228,0.157097826650837,-0.577858010949379,0.563359985830955,-0.398691977868563,0.217131502602717,-8.67816201184659,-32.8802586826275,24.2507484363024,0.875926300075943,0.940476495497657
buyer_N_gaslimit_cost_high,Eyes_recoded_Bloodshot,grf_blp_single,3646,0.000324483660241199,0.110030867154447,0.00294902392967359,0.997647022747615,-0.215336015962474,0.215984983282956,0.0324536310758683,-19.3729525094092,24.1083741857359,0.875926300075943,0.940476495497657
buyer_N_gaslimit_cost_high,Eyes_recoded_Bored,grf_blp_single,3646,0.119988991784304,0.0802267495234187,1.49562324906705,0.134751861121729,-0.0372554372815969,0.277233420850204,12.7484439919152,-3.65699920269077,31.9474327911226,0.875926300075943,0.940476495497657
buyer_N_gaslimit_cost_high,Eyes_recoded_Closed,grf_blp_single,3646,-0.0386131988743806,0.106958113076537,-0.361012341782338,0.718090220970099,-0.248251100504392,0.171024702755631,-3.78772126412735,-21.9835980897971,18.652005897476,0.875926300075943,0.940476495497657
buyer_N_gaslimit_cost_high,Eyes_recoded_Coins,grf_blp_single,3646,-0.0936446348536985,0.107589082559152,-0.870391610619163,0.384086429824087,-0.304519236669637,0.11722996696224,-8.93936975081942,-26.252215851945,12.4377969747674,0.875926300075943,0.940476495497657
buyer_N_gaslimit_cost_high,Eyes_recoded_Crazy,grf_blp_single,3646,-0.0857664307048722,0.134588732505867,-0.637248223592072,0.523963170723589,-0.349560346416371,0.178027485006627,-8.21914219106005,-29.500202352088,19.4858161467978,0.875926300075943,0.940476495497657
buyer_N_gaslimit_cost_high,Eyes_recoded_Eyepatch,grf_blp_single,3646,0.0930626244533423,0.191208178451608,0.486708388767457,0.626464999571509,-0.281705405311808,0.467830654218493,9.75304653613871,-24.5504077712581,59.6527014678167,0.875926300075943,0.940476495497657
buyer_N_gaslimit_cost_high,Eyes_recoded_Heart,grf_blp_single,3646,0.34430125236588,0.159092680762515,2.16415520007382,0.0304524402442966,0.0324795980713511,0.656122906660409,41.1003639672426,3.30128174751856,92.7305486910532,0.875926300075943,0.940476495497657
buyer_N_gaslimit_cost_high,Eyes_recoded_Holographic,grf_blp_single,3646,-0.0440457131169365,0.309789532531387,-0.142179475068202,0.886938243600427,-0.651233196878456,0.563141770644583,-4.30897868752612,-47.8597611667458,75.6181361022899,0.875926300075943,0.940476495497657
buyer_N_gaslimit_cost_high,Eyes_recoded_Hypnotized,grf_blp_single,3646,-0.310863535462376,0.252020879960364,-1.23348325547973,0.21739552014208,-0.804824460184689,0.183097389259938,-26.7186127847568,-55.283358481985,20.0931360202204,0.875926300075943,0.940476495497657
buyer_N_gaslimit_cost_high,Eyes_recoded_Other_Eyes,grf_blp_single,3646,0.185565599628168,0.259129339761738,0.716111883736478,0.473922266454655,-0.322327906304839,0.693459105561174,20.3899172522884,-27.5539403819373,100.062394730978,0.875926300075943,0.940476495497657
buyer_N_gaslimit_cost_high,Eyes_recoded_Robot,grf_blp_single,3646,-0.047199315333772,0.212871645487344,-0.221726642952916,0.824526688231276,-0.464427740488965,0.370029109821422,-4.6102747707661,-37.1505335651438,44.7776758572821,0.875926300075943,0.940476495497657
buyer_N_gaslimit_cost_high,Eyes_recoded_Sad,grf_blp_single,3646,-0.0072154588493616,0.122767114265411,-0.058773547725187,0.953132477885766,-0.247839002809567,0.233408085110843,-0.718948992293611,-21.9514410849526,26.2896743541856,0.875926300075943,0.940476495497657
buyer_N_gaslimit_cost_high,Eyes_recoded_Scumbag,grf_blp_single,3646,-0.0251133940823647,0.184397645452113,-0.136191511669201,0.891669885352187,-0.386532779168506,0.336305991003777,-2.48006760740263,-32.0591545434588,39.9767275480842,0.875926300075943,0.940476495497657
buyer_N_gaslimit_cost_high,Eyes_recoded_Sleepy,grf_blp_single,3646,0.00847435114994048,0.113401243382319,0.0747289085832169,0.94043040625221,-0.213792085879406,0.230740788179287,0.851036010929573,-19.2483738396482,25.9532711363729,0.875926300075943,0.940476495497657
buyer_N_gaslimit_cost_high,Eyes_recoded_Sunglasses,grf_blp_single,3646,-0.176287224866199,0.219615263129267,-0.802709348859946,0.422142748100475,-0.606733140599562,0.254158690867163,-16.1622854012089,-45.4871177450364,28.9376400292677,0.875926300075943,0.940476495497657
buyer_N_gaslimit_cost_high,`Eyes_recoded_Wide Eyed`,grf_blp_single,3646,-0.134005450036983,0.124997581318447,-1.07206434415389,0.283691132525673,-0.379000709421139,0.110989809347173,-12.5414701931874,-31.5454872964677,11.7383519928912,0.875926300075943,0.940476495497657
buyer_N_gaslimit_cost_high,`Eyes_recoded_X Eyes`,grf_blp_single,3646,-0.166235115528203,0.199280557038142,-0.83417628894115,0.404181650484632,-0.556825007322962,0.224354776266556,-15.3152896123132,-42.6974469448086,25.1514948476921,0.875926300075943,0.940476495497657
buyer_N_gaslimit_cost_high,Eyes_recoded_Zombie,grf_blp_single,3646,0.0142362482838319,0.150328574640844,0.0947008798416691,0.924552419107889,-0.280407758012222,0.308880254579885,1.43380662613481,-24.4524372598104,36.1899279537537,0.875926300075943,0.940476495497657
buyer_N_gaslimit_cost_high,Fur_recoded_Blue,grf_blp_single,3646,0.0517533250514784,0.145797719567756,0.354966629141462,0.722614591464275,-0.234010205301323,0.337516855404279,5.31159331518543,-20.8646260148993,40.1463230422225,0.875926300075943,0.940476495497657
buyer_N_gaslimit_cost_high,Fur_recoded_Brown,grf_blp_single,3646,0.0409386530113851,0.0853110958118179,0.479874893433428,0.631316354611201,-0.126271094779778,0.208148400802548,4.17881930166628,-11.8624122006263,23.1395896129387,0.875926300075943,0.940476495497657
buyer_N_gaslimit_cost_high,Fur_recoded_Cheetah,grf_blp_single,3646,-0.0197022510359307,0.198182353688569,-0.0994147595345018,0.920808964402895,-0.408139664265526,0.368735162193664,-1.95094300998878,-33.5113988479026,44.5904622754604,0.875926300075943,0.940476495497657
buyer_N_gaslimit_cost_high,Fur_recoded_Cream,grf_blp_single,3646,-0.103640269522358,0.115770187320223,-0.895224167131096,0.370667268323809,-0.330549836669996,0.12326929762528,-9.84504460531102,-28.1471448546917,13.1189006446752,0.875926300075943,0.940476495497657
buyer_N_gaslimit_cost_high,`Fur_recoded_Dark Brown`,grf_blp_single,3646,-0.0224946521881393,0.0831999098103023,-0.270368708805425,0.786876610708424,-0.185566475416332,0.140577171040053,-2.22435339630191,-16.9366382969906,15.0937895212216,0.875926300075943,0.940476495497657
buyer_N_gaslimit_cost_high,`Fur_recoded_Death Bot`,grf_blp_single,3646,0.100863146084516,0.19320026476313,0.522065258079109,0.601624894824216,-0.277809372851219,0.47953566502025,10.6125253832641,-24.2558803391329,61.5324176509571,0.875926300075943,0.940476495497657
buyer_N_gaslimit_cost_high,Fur_recoded_Dmt,grf_blp_single,3646,0.0837931267010566,0.270985033197672,0.309216806966358,0.757156609865951,-0.44733753836638,0.614923791768493,8.74039157033215,-36.0671925903019,84.9515645870963,0.875926300075943,0.940476495497657
buyer_N_gaslimit_cost_high,`Fur_recoded_Golden Brown`,grf_blp_single,3646,0.0912732946366204,0.106236891629601,0.859148768723845,0.390258443985254,-0.116951012957398,0.299497602230639,9.55683773097837,-11.0371227621433,34.9180811848156,0.875926300075943,0.940476495497657
buyer_N_gaslimit_cost_high,Fur_recoded_Gray,grf_blp_single,3646,-0.0740315247914123,0.11812716634578,-0.626710409481153,0.530849079188598,-0.305560770829142,0.157497721246317,-7.13575818786938,-26.3289867016517,17.057809051952,0.875926300075943,0.940476495497657
buyer_N_gaslimit_cost_high,Fur_recoded_Noise,grf_blp_single,3646,-0.346383989540665,0.317644972487651,-1.09047527756521,0.275503837796207,-0.968968135616461,0.276200156535132,-29.2759138134474,-62.0525597728531,31.8111666289591,0.875926300075943,0.940476495497657
buyer_N_gaslimit_cost_high,Fur_recoded_Other_Fur,grf_blp_single,3646,-0.747030784213464,0.565751292707874,-1.32042258469782,0.186693967256002,-1.8559033179209,0.36184174949397,-52.622880472213,-84.3688320259665,43.5971680733603,0.875926300075943,0.940476495497657
buyer_N_gaslimit_cost_high,Fur_recoded_Pink,grf_blp_single,3646,0.054149005648305,0.126432032585713,0.428285494908859,0.668443278064542,-0.193657778219692,0.301955789516302,5.56418870403772,-17.6060173819902,35.2501430645235,0.875926300075943,0.940476495497657
buyer_N_gaslimit_cost_high,Fur_recoded_Red,grf_blp_single,3646,-0.095749453522486,0.125143836909476,-0.765115213718016,0.444202941306889,-0.341031373865058,0.149532466820086,-9.13083429559882,-28.8963400109874,16.1291173631551,0.875926300075943,0.940476495497657
buyer_N_gaslimit_cost_high,Fur_recoded_Robot,grf_blp_single,3646,-0.0370078041873072,0.196861159585975,-0.187989364002221,0.850884988834533,-0.422855676975818,0.348840068601203,-3.63313853306638,-34.4826817136097,41.7422481853358,0.875926300075943,0.940476495497657
buyer_N_gaslimit_cost_high,Fur_recoded_Tan,grf_blp_single,3646,-0.198502856221804,0.124005397795289,-1.60075980361353,0.109430129727432,-0.44155343590057,0.0445477234569623,-18.0042571243226,-35.6963271534408,4.55548730128179,0.875926300075943,0.940476495497657
buyer_N_gaslimit_cost_high,Fur_recoded_White,grf_blp_single,3646,0.163769558435035,0.160660592219088,1.01935114375595,0.308036291674492,-0.151125202314377,0.478664319184448,17.7942836823228,-14.0259949523637,61.3917283549073,0.875926300075943,0.940476495497657
buyer_N_gaslimit_cost_high,Fur_recoded_Zombie,grf_blp_single,3646,-0.319690880777289,0.177048272792789,-1.8056707119162,0.0709697901089917,-0.666705495451154,0.0273237338965773,-27.3626461603347,-48.6602815943047,2.77004503872467,0.875926300075943,0.940476495497657
buyer_N_gaslimit_cost_high,`Hat_recoded_Baby's Bonnet`,grf_blp_single,3646,-0.171388429395193,0.190028715207902,-0.901908057462183,0.367105710775621,-0.543844711202681,0.201067852412295,-15.7505739629289,-41.9487944839431,22.2707732677942,0.875926300075943,0.940476495497657
buyer_N_gaslimit_cost_high,`Hat_recoded_Bayc Flipped Brim`,grf_blp_single,3646,0.126296928070773,0.235233775876276,0.536899633567932,0.591336944136242,-0.334761272646727,0.587355128788274,13.4619018506635,-28.4491122493941,79.9223402572049,0.875926300075943,0.940476495497657
buyer_N_gaslimit_cost_high,`Hat_recoded_Bayc Hat Black`,grf_blp_single,3646,0.0537233618532104,0.242449814247286,0.221585493971199,0.824636575925285,-0.421478274071471,0.528924997777891,5.51926552344644,-34.3923757895736,69.7106933928286,0.875926300075943,0.940476495497657
buyer_N_gaslimit_cost_high,`Hat_recoded_Bayc Hat Red`,grf_blp_single,3646,0.855182002422035,0.462441714287015,1.84927521891173,0.0644180821635017,-0.0512037575805155,1.76156776242458,135.180237535414,-4.99149362252042,482.155706221312,0.875926300075943,0.940476495497657
buyer_N_gaslimit_cost_high,Hat_recoded_Beanie,grf_blp_single,3646,-0.03924999413557,0.130659116438022,-0.300399965999986,0.763872089615013,-0.295341862354093,0.216841874082953,-3.84896928400048,-25.5722896353581,24.2147670868172,0.875926300075943,0.940476495497657
buyer_N_gaslimit_cost_high,Hat_recoded_Bowler,grf_blp_single,3646,0.218771961694134,0.160476830900576,1.36326197661315,0.172799960886688,-0.0957626268709947,0.533306550259263,24.4547439836174,-9.13203133890278,70.4559211375764,0.875926300075943,0.940476495497657
buyer_N_gaslimit_cost_high,`Hat_recoded_Bunny Ears`,grf_blp_single,3646,0.0136275940741992,0.163993988339999,0.0830981319019204,0.933773511236854,-0.307800623072198,0.335055811220597,1.37208729750271,-26.4938142224793,39.8018408158945,0.875926300075943,0.940476495497657
buyer_N_gaslimit_cost_high,`Hat_recoded_Commie Hat`,grf_blp_single,3646,0.0898980361617745,0.154371636494866,0.582348145054253,0.560332202226417,-0.212670371368163,0.392466443691712,9.40627231832223,-19.1577427471749,48.0628180031748,0.875926300075943,0.940476495497657
buyer_N_gaslimit_cost_high,`Hat_recoded_Cowboy Hat`,grf_blp_single,3646,-0.269555908030267,0.148390644837845,-1.81652898890511,0.0692892652518916,-0.560401571912443,0.0212897558519084,-23.6281419672743,-42.9020271616937,2.15179995773416,0.875926300075943,0.940476495497657
buyer_N_gaslimit_cost_high,`Hat_recoded_Faux Hawk`,grf_blp_single,3646,0.204585583908508,0.264401372604189,0.773768993305396,0.439067411718803,-0.313641106395702,0.722812274212719,22.7016464216993,-26.9218746180809,106.021897194434,0.875926300075943,0.940476495497657
buyer_N_gaslimit_cost_high,Hat_recoded_Fez,grf_blp_single,3646,-0.15821321300613,0.134058023550354,-1.18018458586854,0.237926808262283,-0.420966939164825,0.104540513152565,-14.633225050378,-34.3588197427148,11.0200370672129,0.875926300075943,0.940476495497657
buyer_N_gaslimit_cost_high,`Hat_recoded_Fisherman's Hat`,grf_blp_single,3646,0.155198056497692,0.173513288708578,0.894444786637368,0.371083958780935,-0.184887989371121,0.495284102366505,16.7889246254411,-16.8802618420506,64.0964374700992,0.875926300075943,0.940476495497657
buyer_N_gaslimit_cost_high,`Hat_recoded_Girl's Hair Pink`,grf_blp_single,3646,0.000474031530783964,0.228768381377881,0.0020721024816841,0.998346702604565,-0.447911995969864,0.448860059031431,0.0474143901485036,-36.1039087306878,56.652542077506,0.875926300075943,0.940476495497657
buyer_N_gaslimit_cost_high,`Hat_recoded_Girl's Hair Short`,grf_blp_single,3646,-0.565793669979959,0.260300037080278,-2.17362116550704,0.0297335975422541,-1.0759817426573,-0.0556055973026136,-43.2090764667646,-65.9037146843468,-5.40878673732997,0.875926300075943,0.940476495497657
buyer_N_gaslimit_cost_high,Hat_recoded_Halo,grf_blp_single,3646,0.0248183701020161,0.161017682554134,0.154134438580509,0.877503734668943,-0.290776287704086,0.340413027908118,2.51289095549383,-25.2317074826423,40.5527992980887,0.875926300075943,0.940476495497657
buyer_N_gaslimit_cost_high,Hat_recoded_Horns,grf_blp_single,3646,0.171830387247478,0.123313772852437,1.39344035360186,0.163486670082856,-0.0698646075432977,0.413525382038254,18.7476404990386,-6.74799324578647,51.2139268086236,0.875926300075943,0.940476495497657
buyer_N_gaslimit_cost_high,`Hat_recoded_Irish Boho`,grf_blp_single,3646,-0.241494482269476,0.202078694386625,-1.1950516753015,0.232066840968434,-0.637568723267261,0.154579758728309,-21.4546862304219,-47.1424022450407,16.7167366129998,0.875926300075943,0.940476495497657
buyer_N_gaslimit_cost_high,Hat_recoded_No_Hat,grf_blp_single,3646,0.0241221334622481,0.0699940051500856,0.34463142108419,0.730371480734054,-0.11306611663192,0.161310383556416,2.44154256532594,-10.6908390045308,17.5049628301387,0.875926300075943,0.940476495497657
buyer_N_gaslimit_cost_high,Hat_recoded_Other_Hat,grf_blp_single,3646,0.168909127013467,0.16560455857181,1.01995457413827,0.307750005091109,-0.155675807787281,0.493494061814215,18.4012539279556,-14.4163399037196,63.8029609383522,0.875926300075943,0.940476495497657
buyer_N_gaslimit_cost_high,`Hat_recoded_Party Hat 1`,grf_blp_single,3646,0.00534322875886444,0.265432905540714,0.0201302425107382,0.98393947499495,-0.514905266100935,0.525591723618664,0.53575292645951,-40.2442799139518,69.1459428810398,0.875926300075943,0.940476495497657
buyer_N_gaslimit_cost_high,`Hat_recoded_Police Motorcycle Helmet`,grf_blp_single,3646,0.0108379016429657,0.212627481555348,0.0509713117217379,0.959348380751749,-0.405911962205516,0.427587765491448,1.08968444452855,-33.3631169515286,53.3553766862266,0.875926300075943,0.940476495497657
buyer_N_gaslimit_cost_high,`Hat_recoded_Prussian Helmet`,grf_blp_single,3646,0.0243259648314052,0.238533142693172,0.101981488009388,0.918771368893939,-0.443198994847211,0.491850924510022,2.46242549343121,-35.802055622523,63.5340311874569,0.875926300075943,0.940476495497657
buyer_N_gaslimit_cost_high,`Hat_recoded_S&m Hat`,grf_blp_single,3646,0.316110585722482,0.167272575394088,1.88979326095588,0.0587856152139245,-0.0117436620499298,0.643964833494894,37.1781946736121,-1.16749743952246,90.4015036186743,0.875926300075943,0.940476495497657
buyer_N_gaslimit_cost_high,Hat_recoded_Safari,grf_blp_single,3646,-0.223536107291269,0.289799022220185,-0.771348728435081,0.440500256659512,-0.791542190842831,0.344469976260293,-20.0313983149634,-54.6854580580856,41.1241729786723,0.875926300075943,0.940476495497657
buyer_N_gaslimit_cost_high,`Hat_recoded_Sea Captain's Hat`,grf_blp_single,3646,0.219476053013903,0.233459534225306,0.940103190654409,0.347164632362969,-0.238104634067697,0.677056740095503,24.5424023446845,-21.1879777445384,96.8076638296182,0.875926300075943,0.940476495497657
buyer_N_gaslimit_cost_high,`Hat_recoded_Seaman's Hat`,grf_blp_single,3646,-0.0295921710723695,0.130119432214685,-0.22742314939974,0.820094721227895,-0.284626258213152,0.225441916068413,-2.91586099748465,-24.7704634001154,25.2876260023936,0.875926300075943,0.940476495497657
buyer_N_gaslimit_cost_high,`Hat_recoded_Short Mohawk`,grf_blp_single,3646,-0.112087853671123,0.205586071388049,-0.545211321537216,0.58560818581193,-0.515036553591699,0.290860846249454,-10.6034284119675,-40.2521245775363,33.757844194231,0.875926300075943,0.940476495497657
buyer_N_gaslimit_cost_high,`Hat_recoded_Spinner Hat`,grf_blp_single,3646,-0.124787715049653,0.302436106646565,-0.412608522286934,0.679893456313676,-0.717562484076921,0.467987053977615,-11.7315736718033,-51.205983047458,59.6776730645944,0.875926300075943,0.940476495497657
buyer_N_gaslimit_cost_high,`Hat_recoded_Stuntman Helmet`,grf_blp_single,3646,-0.105458375085105,0.21572694936208,-0.488851186172858,0.624947056592238,-0.528283195834783,0.317366445664573,-10.0088069175281,-41.0383642929405,37.3505794961707,0.875926300075943,0.940476495497657
buyer_N_gaslimit_cost_high,`Hat_recoded_Sushi Chef Headband`,grf_blp_single,3646,-0.348267917676922,0.181716019873873,-1.91655043907879,0.0552950694795064,-0.704431316629713,0.00789548127586892,-29.4090274816624,-50.5610354501867,0.792673278257516,0.875926300075943,0.940476495497657
buyer_N_gaslimit_cost_high,`Hat_recoded_Vietnam Era Helmet`,grf_blp_single,3646,-0.175010274713206,0.2377413165708,-0.736137400253218,0.46164708401186,-0.640983255191974,0.290962705765562,-16.0551604366619,-47.3225784163376,33.7714693974328,0.875926300075943,0.940476495497657
buyer_N_gaslimit_cost_high,`Hat_recoded_Ww2 Pilot Helm`,grf_blp_single,3646,-0.0643211859949502,0.289318806022864,-0.222319409094572,0.824065243873821,-0.631386045799764,0.502743673809864,-6.22962261609867,-46.8145884270988,65.3251035327024,0.875926300075943,0.940476495497657
buyer_N_gaslimit_cost_high,`Mouth_recoded_Bored Bubblegum`,grf_blp_single,3646,0.132983683172786,0.247993576856818,0.536238417374679,0.591793785557475,-0.353083727466577,0.619051093812148,14.2231360587091,-29.7481629168669,85.7164930170747,0.875926300075943,0.940476495497657
buyer_N_gaslimit_cost_high,`Mouth_recoded_Bored Cigar`,grf_blp_single,3646,-0.00351248948181249,0.303117538167966,-0.0115878794181356,0.99075441683482,-0.597622864291025,0.5905978853274,-0.350632790689942,-44.9882212333605,80.5067316099533,0.875926300075943,0.940476495497657
buyer_N_gaslimit_cost_high,`Mouth_recoded_Bored Cigarette`,grf_blp_single,3646,-0.0608259561093502,0.130264167201203,-0.466943115794842,0.640540576730573,-0.316143723823709,0.194491811605009,-5.90130014367311,-27.1045325514704,21.4693536453851,0.875926300075943,0.940476495497657
buyer_N_gaslimit_cost_high,`Mouth_recoded_Bored Pipe`,grf_blp_single,3646,0.191915992270779,0.39504154759668,0.485812172006568,0.62710034345176,-0.582365441018714,0.966197425560272,21.1568731551647,-44.1424474828726,162.793252680302,0.875926300075943,0.940476495497657
buyer_N_gaslimit_cost_high,`Mouth_recoded_Bored Unshaven`,grf_blp_single,3646,0.117710442279203,0.0818613352633039,1.43792477731511,0.150455398632658,-0.0427377748368722,0.278158659395279,12.4918335414862,-4.18373885255994,32.0695721371668,0.875926300075943,0.940476495497657
buyer_N_gaslimit_cost_high,`Mouth_recoded_Bored Unshaven Cigar`,grf_blp_single,3646,-0.648252966461639,0.297763885171707,-2.17707048686519,0.0294753086880285,-1.23187018139819,-0.0646357515250929,-47.7041394619489,-70.8253551621139,-6.25911490570008,0.875926300075943,0.940476495497657
buyer_N_gaslimit_cost_high,`Mouth_recoded_Bored Unshaven Cigarette`,grf_blp_single,3646,0.0194455818035267,0.141140699105586,0.137774447248413,0.890418679883854,-0.257190188443422,0.296081352050475,1.96358786053135,-22.6778857945206,34.4579536685191,0.875926300075943,0.940476495497657
buyer_N_gaslimit_cost_high,Mouth_recoded_Discomfort,grf_blp_single,3646,-0.151593619932494,0.158365586404186,-0.957238396134825,0.338446941151081,-0.4619901692847,0.158802929419711,-14.0662572605047,-36.9971466457387,17.210693612471,0.875926300075943,0.940476495497657
buyer_N_gaslimit_cost_high,Mouth_recoded_Dumbfounded,grf_blp_single,3646,-0.138833894992172,0.125998955980491,-1.1018654393745,0.270520175641183,-0.385791848713934,0.10812405872959,-12.9627410302428,-32.0087964483312,11.4185961307732,0.875926300075943,0.940476495497657
buyer_N_gaslimit_cost_high,Mouth_recoded_Grin,grf_blp_single,3646,-0.0922281783321302,0.115725504661419,-0.79695637190751,0.42547636976503,-0.319050167468512,0.134593810804251,-8.81029493439285,-27.3160915285218,14.407198028096,0.875926300075943,0.940476495497657
buyer_N_gaslimit_cost_high,Mouth_recoded_Jovial,grf_blp_single,3646,0.195854423726726,0.183481931353062,1.06743166633589,0.285776955402248,-0.163770161725276,0.555479009178728,21.6349820771068,-15.1062882298414,74.2775590370496,0.875926300075943,0.940476495497657
buyer_N_gaslimit_cost_high,Mouth_recoded_Other_Mouth,grf_blp_single,3646,-0.313811290541712,0.129784130319892,-2.41794809402528,0.0156083031204941,-0.5681881859687,-0.0594343951147237,-26.9343102982332,-43.3449005598011,-5.77026491269497,0.875926300075943,0.940476495497657
buyer_N_gaslimit_cost_high,`Mouth_recoded_Phoneme  ooo`,grf_blp_single,3646,-0.133120063653206,0.189879031005399,-0.701078275722932,0.483254166976817,-0.505282964423787,0.239042837117375,-12.4640013118657,-39.6665171021638,27.0032939968706,0.875926300075943,0.940476495497657
buyer_N_gaslimit_cost_high,`Mouth_recoded_Phoneme L`,grf_blp_single,3646,-0.08091519290949,0.176198513329571,-0.459227443980427,0.646070844699102,-0.426264279035448,0.264433893216469,-7.77280966751197,-34.7056240030329,30.2693303481462,0.875926300075943,0.940476495497657
buyer_N_gaslimit_cost_high,`Mouth_recoded_Phoneme Oh`,grf_blp_single,3646,0.312753151640728,0.17711544583422,1.76581522953941,0.077426852615597,-0.0343931221943428,0.6598994254758,36.718400224233,-3.38084013937466,93.4597753368684,0.875926300075943,0.940476495497657
buyer_N_gaslimit_cost_high,`Mouth_recoded_Phoneme Vuh`,grf_blp_single,3646,0.258319555287226,0.13848689525675,1.86529963581254,0.0621394161813634,-0.0131147594160052,0.529753869990456,29.4752497530311,-1.30291356790313,69.8514201849639,0.875926300075943,0.940476495497657
buyer_N_gaslimit_cost_high,`Mouth_recoded_Phoneme Wah`,grf_blp_single,3646,0.219251525840459,0.18999138197369,1.15400774268183,0.248496994603846,-0.153131582827973,0.591634634508891,24.5144423301212,-14.1983185895649,80.6939688584647,0.875926300075943,0.940476495497657
buyer_N_gaslimit_cost_high,Mouth_recoded_Rage,grf_blp_single,3646,0.23274919816375,0.172461426828797,1.34957249538937,0.177153151672833,-0.105275198420692,0.570773594748192,26.2064911433762,-9.99232112109222,76.9635502783269,0.875926300075943,0.940476495497657
buyer_N_gaslimit_cost_high,`Mouth_recoded_Small Grin`,grf_blp_single,3646,0.0035639217906058,0.135842297606238,0.0262357296174159,0.979069317569649,-0.26268698151762,0.269814825098832,0.357028011114569,-23.1017434601987,30.9721900653336,0.875926300075943,0.940476495497657
buyer_N_gaslimit_cost_high,`Mouth_recoded_Tongue Out`,grf_blp_single,3646,-0.173225845541765,0.241852714311901,-0.716245199209828,0.473839958225291,-0.647257165593092,0.300805474509561,-15.9052330885695,-47.6520372612007,35.0946522441503,0.875926300075943,0.940476495497657
buyer_N_gaslimit_cost_high,`log_price_change_n-1`,grf_blp_single,3646,0.0532678721351125,0.0284817324351044,1.87024691199819,0.0614495379384569,-0.00255632343769199,0.109092067707917,5.47121352736513,-0.255305882532719,11.526502550946,0.875926300075943,0.940476495497657
buyer_N_1_gaslimit_cost_high,log_price_1_sale,grf_blp_single,3611,-0.0498167836858917,0.0237498140864771,-2.09756520638437,0.035943571368314,-0.0963664192953868,-0.00326714807639661,-4.85962787837443,-9.18688016967967,-0.326181675577175,0.691077706058633,0.711298239369725
buyer_N_1_gaslimit_cost_high,sold_after_30d,grf_blp_single,3611,0.229851311154294,0.0515779623757459,4.4563860332408,8.33528801553101e-06,0.128758504897832,0.330944117410755,25.8412884058905,13.7415410745268,39.2281985811875,0.691077706058633,0.711298239369725
buyer_N_1_gaslimit_cost_high,log_buyern_total_value,grf_blp_single,3611,0.0115590129167605,0.0183398602781456,0.630267228945826,0.52851976014885,-0.024387113228405,0.0475051390619259,1.16260764535696,-2.40921502130254,4.86515901928986,0.691077706058633,0.711298239369725
buyer_N_1_gaslimit_cost_high,log_buyern_rolling_avg_value_last10,grf_blp_single,3611,0.0149212238365453,0.0321920404254828,0.463506619628056,0.643001271087821,-0.048175175397401,0.0780176230704916,1.50331010526685,-4.7033163889145,8.11417115387913,0.691077706058633,0.711298239369725
buyer_N_1_gaslimit_cost_high,log_sellern_total_value,grf_blp_single,3611,-0.038298900159247,0.0212797796184015,-1.79977898484101,0.0718955435318277,-0.0800072682113139,0.00340946789281997,-3.75747711594111,-7.68903629936545,0.341528673965397,0.691077706058633,0.711298239369725
buyer_N_1_gaslimit_cost_high,log_sellern_rolling_avg_value_last10,grf_blp_single,3611,-0.0544473676753639,0.0439021378078287,-1.2401985505511,0.214901964391219,-0.140495557778708,0.0316008224279803,-5.29916492028828,-13.1072475107445,3.21054297254193,0.691077706058633,0.711298239369725
buyer_N_1_gaslimit_cost_high,log_buyern_1_total_value,grf_blp_single,3611,-0.0522852006833751,0.0180215986632999,-2.90125208424775,0.00371674749020802,-0.0876075340634429,-0.0169628673033074,-5.09418437934176,-8.38796477902012,-1.68198079110377,0.691077706058633,0.711298239369725
buyer_N_1_gaslimit_cost_high,log_buyern_1_rolling_avg_value_last10,grf_blp_single,3611,-0.0531404930689181,0.0352042431760749,-1.50949113727952,0.131173318484737,-0.122140809694025,0.0158598235561887,-5.17532189768886,-11.4976260193638,1.59862580832311,0.691077706058633,0.711298239369725
buyer_N_1_gaslimit_cost_high,log_sellern_1_total_value,grf_blp_single,3611,0.0230727135642354,0.0218253240088707,1.05715331212759,0.290441623559617,-0.0197049214931511,0.065850348621622,2.33409476096758,-1.95120484545137,6.8066867526507,0.691077706058633,0.711298239369725
buyer_N_1_gaslimit_cost_high,log_sellern_1_rolling_avg_value_last10,grf_blp_single,3611,-0.0267778809750596,0.0455746065503104,-0.587561429532018,0.556826706565207,-0.116104109813668,0.0625483478635487,-2.6422532412709,-10.9617479086403,6.4545926194864,0.691077706058633,0.711298239369725
buyer_N_1_gaslimit_cost_high,log_unique_makers_count,grf_blp_single,3611,-0.117135565665626,0.0387605934785413,-3.02202714544282,0.00251088030430683,-0.193106328883567,-0.0411648024476848,-11.053539587138,-17.5605687448161,-4.03290392084856,0.691077706058633,0.711298239369725
buyer_N_1_gaslimit_cost_high,log_median_offer_price,grf_blp_single,3611,-0.0840003560420825,0.0216381764524581,-3.88204413743655,0.000103582070507402,-0.1264111818889,-0.0415895301952646,-8.05690712610362,-11.8747582757229,-4.07365515470555,0.691077706058633,0.711298239369725
buyer_N_1_gaslimit_cost_high,log_buyern_avg_total_gaspaid,grf_blp_single,3611,-0.0054959332516319,0.021411219210116,-0.256684740728602,0.797422152103108,-0.0474619229034593,0.0364700564001955,-0.548085824020805,-4.63532154580139,3.71432477504332,0.691077706058633,0.711298239369725
buyer_N_1_gaslimit_cost_high,log_buyern_1_avg_total_gaspaid,grf_blp_single,3611,-0.0195808775834127,0.0197357710281155,-0.992151639554284,0.32112355924939,-0.058262988798519,0.0191012336316936,-1.93904173519098,-5.65981892990792,1.92848292996426,0.691077706058633,0.711298239369725
buyer_N_1_gaslimit_cost_high,log_sellern_avg_total_gaspaid,grf_blp_single,3611,-0.035150306794618,0.0141117553385287,-2.49085290606256,0.0127436866860352,-0.0628093472581343,-0.00749126633110177,-3.45397098904208,-6.08774970974881,-0.746327673160496,0.691077706058633,0.711298239369725
buyer_N_1_gaslimit_cost_high,log_sellern_1_avg_total_gaspaid,grf_blp_single,3611,0.0238515957003505,0.0151458105869762,1.5747982297402,0.115303025180992,-0.00583419305012278,0.0535373844508238,2.41383200822003,-0.581720719482315,5.49964314925828,0.691077706058633,0.711298239369725
buyer_N_1_gaslimit_cost_high,log_buyern_avg_gasLimit_cost,grf_blp_single,3611,9.35252257426457,4.25871964626987,2.19608787407649,0.0280856543410118,1.00543206757562,17.6996130809535,1152686.6697725,173.308789641433,4862328359.13462,0.691077706058633,0.711298239369725
buyer_N_1_gaslimit_cost_high,log_sellern_avg_gasLimit_cost,grf_blp_single,3611,-1.73069487563577,3.61976559600688,-0.478123466763973,0.632562330584481,-8.82543544380925,5.36404569253772,-82.2838737856045,-99.9853052539085,21258.7309429484,0.691077706058633,0.711298239369725
buyer_N_1_gaslimit_cost_high,log_sellern_1_avg_gasLimit_cost,grf_blp_single,3611,1.27984079288801,3.81006457116628,0.335910525657113,0.736938339477592,-6.18788576659791,8.74756735237393,259.606716052513,-99.7945834849958,629435.50851264,0.691077706058633,0.711298239369725
buyer_N_1_gaslimit_cost_high,`time_n_sale_str_2021-06`,grf_blp_single,3611,-0.0700498355517146,0.121213770217773,-0.577903281333984,0.563329419818611,-0.30762882517855,0.167529154075121,-6.76526452966629,-26.4811849297808,18.2379760870808,0.691077706058633,0.711298239369725
buyer_N_1_gaslimit_cost_high,`time_n_sale_str_2021-07`,grf_blp_single,3611,-0.297440837637462,0.124872349499595,-2.38195916733694,0.0172208068299247,-0.542190642656667,-0.0526910326182563,-25.7283477214831,-41.8526943546507,-5.13269237571071,0.691077706058633,0.711298239369725
buyer_N_1_gaslimit_cost_high,`time_n_sale_str_2021-08`,grf_blp_single,3611,0.126318231525964,0.177027585152761,0.713551119261785,0.475504792467651,-0.220655835373448,0.473292298425376,13.4643190069522,-19.8007349701099,60.5270532456031,0.691077706058633,0.711298239369725
buyer_N_1_gaslimit_cost_high,`time_n_sale_str_2021-09`,grf_blp_single,3611,-0.237280729318292,0.285118051954582,-0.832219242842225,0.405285204157253,-0.796112111149273,0.321550652512688,-21.1230173881936,-54.8920694451209,37.9264867487978,0.691077706058633,0.711298239369725
buyer_N_1_gaslimit_cost_high,`time_n_sale_str_2021-10`,grf_blp_single,3611,-0.0404487544847481,0.189844169611021,-0.213062927176668,0.831277880525036,-0.41254332692235,0.331645817952854,-3.96416226896936,-33.803548481565,39.3259293684704,0.691077706058633,0.711298239369725
buyer_N_1_gaslimit_cost_high,`time_n_sale_str_2021-11`,grf_blp_single,3611,0.0328870747990916,0.208146683301103,0.157999513984653,0.874457181689401,-0.375080424471069,0.440854574069253,3.34338319287351,-31.2765993863079,55.4034688967545,0.691077706058633,0.711298239369725
buyer_N_1_gaslimit_cost_high,`time_n_sale_str_2021-12`,grf_blp_single,3611,0.0752214441733954,0.28082603306378,0.267857802756881,0.788808775629439,-0.475197580631613,0.625640468978404,7.8122868479775,-37.8237803839419,86.9442894271528,0.691077706058633,0.711298239369725
buyer_N_1_gaslimit_cost_high,`time_n_sale_str_2022-01`,grf_blp_single,3611,0.0564452137070499,0.209167429880793,0.269856610750625,0.787270568719492,-0.353522948859305,0.466413376273405,5.8068645553504,-29.7790122512525,59.4265894847648,0.691077706058633,0.711298239369725
buyer_N_1_gaslimit_cost_high,`time_n_sale_str_2022-02`,grf_blp_single,3611,0.137484953578896,0.363656257744023,0.378062938973738,0.705383839016069,-0.575281311599388,0.850251218757181,14.7384441812711,-43.7453404336593,134.023468893512,0.691077706058633,0.711298239369725
buyer_N_1_gaslimit_cost_high,`time_n_sale_str_2022-03`,grf_blp_single,3611,0.452959081254124,0.204009338441378,2.22028601589863,0.0263993585815996,0.0531007779090221,0.852817384599225,57.2959821654104,5.45359136888741,134.624783131671,0.691077706058633,0.711298239369725
buyer_N_1_gaslimit_cost_high,`time_n_sale_str_2022-04`,grf_blp_single,3611,0.883493353680351,0.223570318788642,3.95174707656782,7.7582714371387e-05,0.445295528854613,1.32169117850609,141.93365596558,56.0951433864093,274.975752730354,0.691077706058633,0.711298239369725
buyer_N_1_gaslimit_cost_high,`time_n_sale_str_2022-05`,grf_blp_single,3611,0.577250280239795,0.203001996142342,2.8435694781791,0.00446112818534122,0.179366367800805,0.975134192678785,78.1134071481488,19.6459007935605,165.15230020843,0.691077706058633,0.711298239369725
buyer_N_1_gaslimit_cost_high,`time_n_sale_str_2022-06`,grf_blp_single,3611,0.257393214655457,0.22054809463748,1.16706161111272,0.243185489388635,-0.174881050834003,0.689667480144917,29.3553671030341,-16.0443120579348,99.3052693452695,0.691077706058633,0.711298239369725
buyer_N_1_gaslimit_cost_high,`time_n_sale_str_2022-07`,grf_blp_single,3611,-0.989396261389286,0.520050738801736,-1.90249948239471,0.0571058864583378,-2.00869570944069,0.0299031866621153,-62.8198906049203,-86.5836451149188,3.03547770395243,0.691077706058633,0.711298239369725
buyer_N_1_gaslimit_cost_high,`time_n_sale_str_2022-08`,grf_blp_single,3611,-0.0361443741158946,0.225087759999724,-0.160579029779047,0.872424972349928,-0.477316383715354,0.405027635483565,-3.54989655534629,-37.9553800836422,49.9343934578895,0.691077706058633,0.711298239369725
buyer_N_1_gaslimit_cost_high,`time_n_sale_str_2022-09`,grf_blp_single,3611,-0.278433333213825,0.34020244714499,-0.818434245698298,0.41310927386963,-0.945230129618004,0.388363463190355,-24.3031269259702,-61.1409865488049,47.4565637231728,0.691077706058633,0.711298239369725
buyer_N_1_gaslimit_cost_high,`time_n_sale_str_2022-10`,grf_blp_single,3611,-0.197304273964028,0.740479520243989,-0.266454734492881,0.789889016226008,-1.64864413364225,1.25403558571419,-17.9059195606417,-80.7689520759588,250.445699568908,0.691077706058633,0.711298239369725
buyer_N_1_gaslimit_cost_high,`time_n_sale_str_2022-11`,grf_blp_single,3611,-0.177464626359982,0.249409580881553,-0.711538930191545,0.476750335465007,-0.666307404887825,0.311378152167862,-16.2609379633792,-48.6398396682845,36.5305416782918,0.691077706058633,0.711298239369725
buyer_N_1_gaslimit_cost_high,`time_n_sale_str_2022-12`,grf_blp_single,3611,-0.334927642510906,0.560461999781458,-0.597592062693822,0.550112161665598,-1.43343316208256,0.763577877060751,-28.4610151706999,-76.1511255367182,114.594041252821,0.691077706058633,0.711298239369725
buyer_N_1_gaslimit_cost_high,`time_n_sale_str_2023-01`,grf_blp_single,3611,0.427499680651081,0.232039218814247,1.84235959263984,0.0654225682202604,-0.0272971882248423,0.882296549527005,53.3418689972719,-2.69279869953782,141.644281957833,0.691077706058633,0.711298239369725
buyer_N_1_gaslimit_cost_high,`time_n_sale_str_2023-02`,grf_blp_single,3611,0.545807520987802,0.251716220670108,2.16834465230241,0.0301324734419302,0.0524437284743898,1.03917131350121,72.6001602292396,5.38432590420765,182.687345158316,0.691077706058633,0.711298239369725
buyer_N_1_gaslimit_cost_high,`time_n_sale_str_2023-03`,grf_blp_single,3611,0.216806824988111,0.286276759405691,0.757332957932741,0.448850410326568,-0.344295623447043,0.777909273423266,24.2104135479591,-29.1280616989168,117.69161678931,0.691077706058633,0.711298239369725
buyer_N_1_gaslimit_cost_high,`time_n_sale_str_2023-04`,grf_blp_single,3611,0.264053495809966,0.287359244947021,0.918896818018325,0.358149544439027,-0.299170624286195,0.827277615906126,30.2197856566684,-25.856710781613,128.708393641962,0.691077706058633,0.711298239369725
buyer_N_1_gaslimit_cost_high,`time_n_sale_str_2023-05`,grf_blp_single,3611,-0.05026739203546,0.351866448281591,-0.142859293010035,0.886401308210371,-0.739925630667378,0.639390846596458,-4.90248926685847,-52.2850600516041,89.5325983312695,0.691077706058633,0.711298239369725
buyer_N_1_gaslimit_cost_high,`time_n_sale_str_2023-06`,grf_blp_single,3611,0.130477995447778,0.165507029491394,0.788353194717703,0.430490140501484,-0.193915782355355,0.45487177325091,13.9372868227936,-17.6272726281707,57.5971288402328,0.691077706058633,0.711298239369725
buyer_N_1_gaslimit_cost_high,`time_n_sale_str_2023-07`,grf_blp_single,3611,-0.190224448320316,0.195843051095781,-0.971310686061987,0.331393589020493,-0.574076828468047,0.193627931827415,-17.3226454816899,-43.6775418222071,21.3644640397012,0.691077706058633,0.711298239369725
buyer_N_1_gaslimit_cost_high,`time_n_sale_str_2023-08`,grf_blp_single,3611,-0.161690070705622,0.303150686670929,-0.533365345403743,0.593780701593652,-0.755865416580643,0.432485275169399,-14.9295177968052,-53.0395964293039,54.1082782942701,0.691077706058633,0.711298239369725
buyer_N_1_gaslimit_cost_high,`time_n_sale_str_2023-09`,grf_blp_single,3611,-0.496968967915331,0.341173600835652,-1.45664543416631,0.145214279232944,-1.16566922555321,0.171731289722547,-39.1628137434599,-68.8286014749705,18.7358734848244,0.691077706058633,0.711298239369725
buyer_N_1_gaslimit_cost_high,`time_n_sale_str_2023-10`,grf_blp_single,3611,-0.111409655559105,0.190507038005492,-0.584805982631953,0.558678181187471,-0.484803450049869,0.26198413893166,-10.5427792621508,-38.4181776088845,29.9505930713545,0.691077706058633,0.711298239369725
buyer_N_1_gaslimit_cost_high,`time_n_sale_str_2023-11`,grf_blp_single,3611,-0.13441105276699,0.176216691239391,-0.762760053100711,0.445606508688084,-0.479795767596197,0.210973662062217,-12.5769364185543,-38.109021966844,23.4879830444937,0.691077706058633,0.711298239369725
buyer_N_1_gaslimit_cost_high,`time_n_sale_str_2023-12`,grf_blp_single,3611,-0.0712806411426973,0.129703279439115,-0.549566992067904,0.582616403754497,-0.325499068843363,0.182937786557968,-6.8799477724911,-27.7833147283735,20.0739703607098,0.691077706058633,0.711298239369725
buyer_N_1_gaslimit_cost_high,`time_n_sale_str_2024-01`,grf_blp_single,3611,-0.0991729334006209,0.0678385867484187,-1.46189562834507,0.143769813143187,-0.232136563427522,0.0337906966262798,-9.44139116002652,-20.716215674004,3.43680873394403,0.691077706058633,0.711298239369725
buyer_N_1_gaslimit_cost_high,`time_n_sale_str_2024-02`,grf_blp_single,3611,-0.247545439877297,0.126239383907804,-1.96092084905995,0.049888256805204,-0.494974632336593,-0.000116247418000426,-21.928525557728,-39.0413629117955,-0.0116240661531153,0.691077706058633,0.711298239369725
buyer_N_1_gaslimit_cost_high,`time_n_sale_str_2024-03`,grf_blp_single,3611,-0.159499867497025,0.111092270605185,-1.43574225846798,0.151075695699157,-0.377240717883187,0.0582409828891379,-14.7429919635512,-31.4249018498189,5.99703996643719,0.691077706058633,0.711298239369725
buyer_N_1_gaslimit_cost_high,`time_n_sale_str_2024-04`,grf_blp_single,3611,-0.0806471629115476,0.12016380920761,-0.67114352851624,0.502129099519365,-0.316168228958463,0.154873903135368,-7.74808670077657,-27.1063188428365,16.7510732380002,0.691077706058633,0.711298239369725
buyer_N_1_gaslimit_cost_high,`time_n_sale_str_2024-05`,grf_blp_single,3611,0.101471720169503,0.13642589329266,0.743786371637138,0.457005726330319,-0.165923030684111,0.368866471023118,10.6798617872044,-15.2888566732297,44.6094495263815,0.691077706058633,0.711298239369725
buyer_N_1_gaslimit_cost_high,`time_n_sale_str_2024-06`,grf_blp_single,3611,0.186238708417165,0.150821005122704,1.2348326963187,0.216892776026265,-0.109370461623335,0.481847878457666,20.4709800426753,-10.3601725181068,61.9063472135115,0.691077706058633,0.711298239369725
buyer_N_1_gaslimit_cost_high,`time_n_sale_str_2024-07`,grf_blp_single,3611,0.324182007164011,0.2336012567108,1.38775797582866,0.165210755388685,-0.133676455989157,0.78204047031718,38.2898981737273,-12.5126921238022,118.592803929481,0.691077706058633,0.711298239369725
buyer_N_1_gaslimit_cost_high,`time_n_sale_str_2024-08`,grf_blp_single,3611,0.0851224113197067,0.270301339905426,0.314916719796837,0.75282488647368,-0.444668214894929,0.614913037534342,8.88503461486108,-35.8963072742622,84.9495755853594,0.691077706058633,0.711298239369725
buyer_N_1_gaslimit_cost_high,`time_n_sale_str_2024-09`,grf_blp_single,3611,-0.197724309745459,0.304708491925084,-0.648896617538547,0.516405201184883,-0.794952953918623,0.399504334427706,-17.9403947709521,-54.8397519450123,49.1085434727474,0.691077706058633,0.711298239369725
buyer_N_1_gaslimit_cost_high,`time_n_sale_str_2024-10`,grf_blp_single,3611,-0.0729612590003747,0.213535031070894,-0.341682854726311,0.732589576331981,-0.491489919899328,0.345567401898578,-7.03631556111879,-38.8285690435895,41.2791312763333,0.691077706058633,0.711298239369725
buyer_N_1_gaslimit_cost_high,`time_n_sale_str_2024-11`,grf_blp_single,3611,-0.0528032217397439,0.178946073344416,-0.295078962912553,0.767933559763981,-0.403537525494799,0.297931082015311,-5.1433348586144,-33.2047038936676,34.706894740331,0.691077706058633,0.711298239369725
buyer_N_1_gaslimit_cost_high,`time_n_sale_str_2024-12`,grf_blp_single,3611,-0.352233125603603,0.14099469582478,-2.49820125177856,0.0124825306107014,-0.628582729420173,-0.0758835217870342,-29.6883811517307,-46.665283715286,-7.30758332577475,0.691077706058633,0.711298239369725
buyer_N_1_gaslimit_cost_high,`time_n_sale_str_2025-01`,grf_blp_single,3611,-0.259209216220359,0.249324639316399,-1.03964540741365,0.298504672630068,-0.747885509280502,0.229467076839784,-22.8338437961244,-52.6633575830126,25.7929451528659,0.691077706058633,0.711298239369725
buyer_N_1_gaslimit_cost_high,`time_n_sale_str_2025-02`,grf_blp_single,3611,-0.38876304359703,0.200060687526043,-1.94322557022315,0.0519889098693141,-0.780881991148076,0.00335590395401469,-32.2105117482908,-54.199812049244,0.336154130406019,0.691077706058633,0.711298239369725
buyer_N_1_gaslimit_cost_high,`time_n_sale_str_2025-03`,grf_blp_single,3611,-0.487062653565128,0.333144118488232,-1.46201786714819,0.143736313780444,-1.14002512580206,0.165899818671807,-38.5571464399626,-68.0189013792184,18.0454836266011,0.691077706058633,0.711298239369725
buyer_N_1_gaslimit_cost_high,`time_n-1_sale_str_2021-06`,grf_blp_single,3611,-0.176197857156727,0.129034292109992,-1.36551186723705,0.172092225783866,-0.429105069692311,0.0767093553788581,-16.1547926818892,-34.8908484398212,7.97282135859676,0.691077706058633,0.711298239369725
buyer_N_1_gaslimit_cost_high,`time_n-1_sale_str_2021-07`,grf_blp_single,3611,0.210037696790585,0.177936845938558,1.18040586637751,0.237838829855599,-0.138718521248989,0.558793914830159,23.3724566536788,-12.952698636576,74.8562312944878,0.691077706058633,0.711298239369725
buyer_N_1_gaslimit_cost_high,`time_n-1_sale_str_2021-08`,grf_blp_single,3611,-0.135207800964685,0.0835995447229644,-1.61732700115463,0.105807713849604,-0.299062908621695,0.0286473066923257,-12.6465628458513,-25.8487239578014,2.90615873287627,0.691077706058633,0.711298239369725
buyer_N_1_gaslimit_cost_high,`time_n-1_sale_str_2021-09`,grf_blp_single,3611,-0.692791246310268,0.131277186075663,-5.2773163945712,1.31089439575149e-07,-0.950094531018567,-0.43548796160197,-49.9822001199106,-61.3295533840441,-35.3051096179373,0.691077706058633,0.711298239369725
buyer_N_1_gaslimit_cost_high,`time_n-1_sale_str_2021-10`,grf_blp_single,3611,-0.439024135462868,0.133891060538075,-3.27896525502552,0.00104188462879832,-0.701450614117496,-0.17659765680824,-35.5334779851449,-50.4134527635769,-16.18830726655,0.691077706058633,0.711298239369725
buyer_N_1_gaslimit_cost_high,`time_n-1_sale_str_2021-11`,grf_blp_single,3611,-0.596877250666202,0.166349591049596,-3.58808967849069,0.000333109722865803,-0.922922449123409,-0.270832052208994,-44.9471884061698,-60.2643910376823,-23.7255413083021,0.691077706058633,0.711298239369725
buyer_N_1_gaslimit_cost_high,`time_n-1_sale_str_2021-12`,grf_blp_single,3611,-0.97339315602393,0.227076688057566,-4.28662741363027,1.814061730499e-05,-1.41846346461676,-0.528322847431101,-62.2201069969341,-75.7914295480912,-41.0407021695672,0.691077706058633,0.711298239369725
buyer_N_1_gaslimit_cost_high,`time_n-1_sale_str_2022-01`,grf_blp_single,3611,-0.88148741794445,0.198166258304538,-4.44822153623043,8.6584204038891e-06,-1.26989328422134,-0.493081551667555,-58.5833585256339,-71.9138407457283,-38.9258539949604,0.691077706058633,0.711298239369725
buyer_N_1_gaslimit_cost_high,`time_n-1_sale_str_2022-02`,grf_blp_single,3611,-0.81717378958605,0.365115664657485,-2.23812306259892,0.0252130310858849,-1.53280049231472,-0.101547086857379,-55.8321832340882,-78.4069890829937,-9.65613617456443,0.691077706058633,0.711298239369725
buyer_N_1_gaslimit_cost_high,`time_n-1_sale_str_2022-03`,grf_blp_single,3611,-0.769809521240611,0.238116127758023,-3.23291634417516,0.00122533439129064,-1.23651713164634,-0.303101910834887,-53.6898729133849,-70.9606137717687,-26.1476171044728,0.691077706058633,0.711298239369725
buyer_N_1_gaslimit_cost_high,`time_n-1_sale_str_2022-04`,grf_blp_single,3611,-0.343202553022316,0.3613251679088,-0.949844028326701,0.34219151052075,-1.05139988212356,0.364994776078932,-29.0505513247855,-65.055177976688,44.0506483037396,0.691077706058633,0.711298239369725
buyer_N_1_gaslimit_cost_high,`time_n-1_sale_str_2022-05`,grf_blp_single,3611,-0.246411005053982,0.30156900207064,-0.817096596009766,0.413873228092799,-0.837486249112437,0.344664239004473,-21.8399083026669,-56.7202898738654,41.1515908108306,0.691077706058633,0.711298239369725
buyer_N_1_gaslimit_cost_high,`time_n-1_sale_str_2022-06`,grf_blp_single,3611,0.00921839854840151,0.290422044238639,0.0317413871683472,0.97467828931463,-0.560008808159331,0.578445605256134,0.926101884726571,-42.8795967429473,78.3264378545599,0.691077706058633,0.711298239369725
buyer_N_1_gaslimit_cost_high,`time_n-1_sale_str_2022-07`,grf_blp_single,3611,1.24345591989981,0.460644033222054,2.69938570831417,0.00694676121581534,0.340593614784584,2.14631822501504,246.757644775055,40.5781835810577,755.330899482081,0.691077706058633,0.711298239369725
buyer_N_1_gaslimit_cost_high,`time_n-1_sale_str_2022-08`,grf_blp_single,3611,0.533598904072497,0.226937832129085,2.35129990917063,0.0187079483357042,0.0888007530994905,0.978397055045504,70.5057618613171,9.28628850893927,166.018868648194,0.691077706058633,0.711298239369725
buyer_N_1_gaslimit_cost_high,`time_n-1_sale_str_2022-09`,grf_blp_single,3611,0.37218913456003,0.405098356093493,0.918762391803268,0.358219867528534,-0.421803643383217,1.16618191250328,45.0907372071412,-34.4137190247031,220.971424362981,0.691077706058633,0.711298239369725
buyer_N_1_gaslimit_cost_high,`time_n-1_sale_str_2022-10`,grf_blp_single,3611,0.375157167125957,0.434779471545022,0.862867710365458,0.388210205748657,-0.477010597102286,1.2273249313542,45.5220109408309,-37.936404768408,241.208974266509,0.691077706058633,0.711298239369725
buyer_N_1_gaslimit_cost_high,`time_n-1_sale_str_2022-11`,grf_blp_single,3611,0.0446078895633188,0.267943739483362,0.166482298296388,0.867777412684862,-0.480561839824071,0.569777618950709,4.56177818709809,-38.1564167700321,76.7873866071517,0.691077706058633,0.711298239369725
buyer_N_1_gaslimit_cost_high,`time_n-1_sale_str_2022-12`,grf_blp_single,3611,-0.232947088080164,0.374726074264036,-0.621646328021538,0.534174450857042,-0.967410193637673,0.501516017477346,-20.7804511000401,-61.9933937861157,65.1222656555039,0.691077706058633,0.711298239369725
buyer_N_1_gaslimit_cost_high,`time_n-1_sale_str_2023-01`,grf_blp_single,3611,1.6369118220543,0.526926485269818,3.10652788921039,0.00189298451389292,0.604135910925456,2.66968773318314,413.927398817683,82.9670527314637,1343.5460773539,0.691077706058633,0.711298239369725
buyer_N_1_gaslimit_cost_high,`time_n-1_sale_str_2023-02`,grf_blp_single,3611,0.37153628602615,0.407043528984075,0.912767946350734,0.361364599823942,-0.426269030782638,1.16934160283494,44.9960458449976,-34.7059342646634,221.987198590189,0.691077706058633,0.711298239369725
buyer_N_1_gaslimit_cost_high,`time_n-1_sale_str_2023-03`,grf_blp_single,3611,-0.025874175391602,0.414167343311433,-0.0624727560235136,0.950186357093472,-0.837642168282011,0.785893817498807,-2.5542307347074,-56.7270374842731,119.436742844994,0.691077706058633,0.711298239369725
buyer_N_1_gaslimit_cost_high,`time_n-1_sale_str_2023-04`,grf_blp_single,3611,-0.0900535917155009,0.401475915817377,-0.224306336115226,0.822518946308443,-0.87694638671756,0.696839203286558,-8.61177925564256,-58.3948565907237,100.73976932759,0.691077706058633,0.711298239369725
buyer_N_1_gaslimit_cost_high,`time_n-1_sale_str_2023-05`,grf_blp_single,3611,0.200776923189522,0.471333988715763,0.425975906674111,0.670125402270707,-0.723037694693374,1.12459154107242,22.2352063007455,-51.4724105282319,207.89589637619,0.691077706058633,0.711298239369725
buyer_N_1_gaslimit_cost_high,`time_n-1_sale_str_2023-06`,grf_blp_single,3611,-0.303306156645754,0.114459453058553,-2.64990045418611,0.00805154902632398,-0.527646684640519,-0.0789656286509899,-26.1626996039806,-41.000822605196,-7.5928314510339,0.691077706058633,0.711298239369725
buyer_N_1_gaslimit_cost_high,`time_n-1_sale_str_2023-07`,grf_blp_single,3611,-0.282708375883211,0.178474673541235,-1.58402517440602,0.113187990397926,-0.632518736024032,0.0671019842576092,-24.6260435553146,-46.8747969176395,6.94045350410539,0.691077706058633,0.711298239369725
buyer_N_1_gaslimit_cost_high,`time_n-1_sale_str_2023-08`,grf_blp_single,3611,-0.207069891763625,0.15171479559751,-1.36486287278775,0.172296153285974,-0.504430891134746,0.0902911076074954,-18.7037171403932,-39.6150866448039,9.44928525297772,0.691077706058633,0.711298239369725
buyer_N_1_gaslimit_cost_high,`time_n-1_sale_str_2023-09`,grf_blp_single,3611,0.0290425763315719,0.264590094840525,0.109764412568341,0.912596215114176,-0.489554009555857,0.547639162219001,2.94684245310484,-38.7100319360904,72.9165915050463,0.691077706058633,0.711298239369725
buyer_N_1_gaslimit_cost_high,`time_n-1_sale_str_2023-10`,grf_blp_single,3611,0.0619929971413304,0.121155054629748,0.511683126476085,0.608872797233208,-0.175470909932976,0.299456904215636,6.3954893976192,-16.0938194817403,34.9125903984562,0.691077706058633,0.711298239369725
buyer_N_1_gaslimit_cost_high,`time_n-1_sale_str_2023-11`,grf_blp_single,3611,0.131137691018031,0.0997413724787784,1.3147772860849,0.188584763294448,-0.0643553990403742,0.326630781076437,14.0124755443038,-6.23283073139953,38.6289538346271,0.691077706058633,0.711298239369725
buyer_N_1_gaslimit_cost_high,`time_n-1_sale_str_2023-12`,grf_blp_single,3611,-0.0975591707795927,0.0866412853140569,-1.12601250576975,0.26016022596175,-0.267376089995144,0.0722577484359588,-9.2951330808985,-23.4614836373333,7.49323704979723,0.691077706058633,0.711298239369725
buyer_N_1_gaslimit_cost_high,`time_n-1_sale_str_2024-01`,grf_blp_single,3611,0.0335482341128654,0.0451199092873959,0.743535052324163,0.457157807944595,-0.0548867880904306,0.121983256316161,3.41173222549833,-5.34076925897883,12.9735185693186,0.691077706058633,0.711298239369725
buyer_N_1_gaslimit_cost_high,`time_n-1_sale_str_2024-02`,grf_blp_single,3611,0.133323939558894,0.0602358817407482,2.2133641229444,0.0268725520490647,0.0152616113470273,0.25138626777076,14.2620078230023,1.53786644523888,28.5806654090478,0.691077706058633,0.711298239369725
buyer_N_1_gaslimit_cost_high,`time_n-1_sale_str_2024-03`,grf_blp_single,3611,-0.185768280362937,0.073041455250635,-2.54332665916211,0.0109802523041123,-0.328929532654181,-0.0426070280716919,-16.9533992029902,-28.0306270132809,-4.17121036735162,0.691077706058633,0.711298239369725
buyer_N_1_gaslimit_cost_high,`time_n-1_sale_str_2024-04`,grf_blp_single,3611,-0.0853723794385838,0.0477545581389791,-1.78773258020996,0.0738191627027464,-0.178971313390983,0.00822655451381529,-8.18296870118273,-16.3870115215903,0.82604855948738,0.691077706058633,0.711298239369725
buyer_N_1_gaslimit_cost_high,`time_n-1_sale_str_2024-05`,grf_blp_single,3611,-0.134696394881415,0.0667365869088409,-2.01832909233738,0.0435569987743725,-0.265500105222744,-0.00389268454008732,-12.6018783417064,-23.3177637801527,-0.388511786503343,0.691077706058633,0.711298239369725
buyer_N_1_gaslimit_cost_high,`time_n-1_sale_str_2024-06`,grf_blp_single,3611,-0.0688216113257537,0.0438233037257018,-1.57043411780456,0.116314150329049,-0.154715286628129,0.0170720639766218,-6.6506810161414,-14.3340954948952,1.72186245031611,0.691077706058633,0.711298239369725
buyer_N_1_gaslimit_cost_high,`time_n-1_sale_str_2024-07`,grf_blp_single,3611,0.0126280769982915,0.138529661361663,0.0911579287364533,0.927367103720477,-0.258890059270567,0.28414621326715,1.27081478546223,-22.8092117505481,32.8627179472314,0.691077706058633,0.711298239369725
buyer_N_1_gaslimit_cost_high,`time_n-1_sale_str_2024-08`,grf_blp_single,3611,-0.167443205857008,0.0698762084251778,-2.3962835080885,0.0165622742255481,-0.304400574370357,-0.0304858373436598,-15.4175346188931,-26.2434642510789,-3.00258306192482,0.691077706058633,0.711298239369725
buyer_N_1_gaslimit_cost_high,`time_n-1_sale_str_2024-09`,grf_blp_single,3611,-0.163439262578692,0.114024897423175,-1.43336469729175,0.151753641660348,-0.386928061528116,0.0600495363707315,-15.0781923248672,-32.0860050540485,6.1889147377002,0.691077706058633,0.711298239369725
buyer_N_1_gaslimit_cost_high,`time_n-1_sale_str_2024-10`,grf_blp_single,3611,-0.166973264023825,0.0969694938646277,-1.72191539183369,0.0850848463267233,-0.357033471998496,0.0230869439508449,-15.3777764387724,-30.0250924657381,2.33555102506093,0.691077706058633,0.711298239369725
buyer_N_1_gaslimit_cost_high,`time_n-1_sale_str_2024-11`,grf_blp_single,3611,-0.100725831546228,0.0571624481678573,-1.76209792922877,0.0780527531182277,-0.212764229955229,0.0113125668627719,-9.58191032155181,-19.1653301311397,1.13767959172795,0.691077706058633,0.711298239369725
buyer_N_1_gaslimit_cost_high,`time_n-1_sale_str_2024-12`,grf_blp_single,3611,-0.31218964698059,0.0907831355236766,-3.43885067617178,0.000584189371204138,-0.490124592606996,-0.134254701354184,-26.815727669598,-38.744992978035,-12.563266630434,0.691077706058633,0.711298239369725
buyer_N_1_gaslimit_cost_high,`time_n-1_sale_str_2025-01`,grf_blp_single,3611,-0.147933152474203,0.0986097789002668,-1.50018744716811,0.133565853950485,-0.341208319118726,0.0453420141703198,-13.7511231744781,-28.9089203530921,4.6385677445201,0.691077706058633,0.711298239369725
buyer_N_1_gaslimit_cost_high,`time_n-1_sale_str_2025-02`,grf_blp_single,3611,-0.29294947190101,0.135634991372952,-2.15983699291501,0.0307852907731774,-0.558794054991995,-0.0271048888100244,-25.3940163269858,-42.8101673909462,-2.67408478239019,0.691077706058633,0.711298239369725
buyer_N_1_gaslimit_cost_high,`time_n-1_sale_str_2025-03`,grf_blp_single,3611,-0.0164683425145278,0.452240201262448,-0.0364150344630038,0.970951426362473,-0.902859136988926,0.869922451959871,-1.63334806936916,-59.4591118409521,138.672576044252,0.691077706058633,0.711298239369725
buyer_N_1_gaslimit_cost_high,`Background_recoded_Army Green`,grf_blp_single,3611,0.0214262812387884,0.0895665775809027,0.239221837179552,0.810933570555904,-0.154124210819781,0.196976773297358,2.16574722380016,-14.2834454836185,21.7715756855652,0.691077706058633,0.711298239369725
buyer_N_1_gaslimit_cost_high,Background_recoded_Blue,grf_blp_single,3611,0.147167887435264,0.0874445830395486,1.68298460944921,0.0923780708500917,-0.0242234953222515,0.318559270192779,15.8548452431543,-2.39324611504057,37.5145123885071,0.691077706058633,0.711298239369725
buyer_N_1_gaslimit_cost_high,Background_recoded_Gray,grf_blp_single,3611,-0.0593085562849674,0.0964573097429282,-0.614868447430607,0.538641601753241,-0.248364883381107,0.129747770811172,-5.75840640698876,-21.9924745154352,13.8541173788118,0.691077706058633,0.711298239369725
buyer_N_1_gaslimit_cost_high,`Background_recoded_New Punk Blue`,grf_blp_single,3611,-0.0899290474452209,0.0825994597266554,-1.08873650920746,0.276270096978572,-0.251823988509466,0.0719658936190238,-8.60039666757442,-22.2618445885951,7.46186920842675,0.691077706058633,0.711298239369725
buyer_N_1_gaslimit_cost_high,Background_recoded_Orange,grf_blp_single,3611,0.00730277716674683,0.107317839844772,0.0680481192810978,0.945747329380715,-0.203040188929007,0.217645743262501,0.732950747279237,-18.3754563263488,24.314659654622,0.691077706058633,0.711298239369725
buyer_N_1_gaslimit_cost_high,Background_recoded_Purple,grf_blp_single,3611,0.0449619967092196,0.0938372770460838,0.479148565736179,0.631832941844607,-0.138959066301105,0.228883059719544,4.59881081631457,-12.9736349160588,25.7195013675928,0.691077706058633,0.711298239369725
buyer_N_1_gaslimit_cost_high,Background_recoded_Yellow,grf_blp_single,3611,-0.0449486744215159,0.0847083693373343,-0.530628493655884,0.59567624645893,-0.210977078322691,0.121079729479659,-4.39534497838949,-19.0207371526139,12.8714900631649,0.691077706058633,0.711298239369725
buyer_N_1_gaslimit_cost_high,`Clothes_recoded_Bayc T Black`,grf_blp_single,3611,0.030922318381997,0.269129234234026,0.114897656770754,0.908526242421384,-0.496570980716695,0.558415617480689,3.14053795357692,-39.1385965033727,74.7900961558133,0.691077706058633,0.711298239369725
buyer_N_1_gaslimit_cost_high,`Clothes_recoded_Bayc T Red`,grf_blp_single,3611,-0.463289906816648,0.509589579629933,-0.909143211195748,0.363274535847345,-1.46208548289132,0.53550566925802,-37.078980625995,-76.8247545373305,70.8311864675232,0.691077706058633,0.711298239369725
buyer_N_1_gaslimit_cost_high,`Clothes_recoded_Biker Vest`,grf_blp_single,3611,-0.2114249699587,0.162213045339452,-1.30337834121951,0.192445627112684,-0.529362538824025,0.106512598906625,-19.0569989658458,-41.1019697888272,11.2391941279597,0.691077706058633,0.711298239369725
buyer_N_1_gaslimit_cost_high,`Clothes_recoded_Black Holes T`,grf_blp_single,3611,-0.343035005239804,0.203356421112113,-1.686865865183,0.0916291470094647,-0.741613590619546,0.0555435801399378,-29.0386629060783,-52.3655330226738,5.71150852919331,0.691077706058633,0.711298239369725
buyer_N_1_gaslimit_cost_high,`Clothes_recoded_Black T`,grf_blp_single,3611,-0.0740133300106623,0.168994160337857,-0.43796383178385,0.661412502191764,-0.405241884272863,0.257215224251538,-7.13406852797864,-33.318450083227,29.3323451378995,0.691077706058633,0.711298239369725
buyer_N_1_gaslimit_cost_high,`Clothes_recoded_Bone Necklace`,grf_blp_single,3611,-0.0944536852049078,0.177489744668757,-0.532164184365601,0.594612286459311,-0.442333584755672,0.253426214345856,-9.01301259130389,-35.7464740266346,28.8432308157207,0.691077706058633,0.711298239369725
buyer_N_1_gaslimit_cost_high,`Clothes_recoded_Bone Tee`,grf_blp_single,3611,0.181594915590477,0.143870327165998,1.26221243231728,0.206872356320778,-0.100390925654879,0.463580756835833,19.912834728357,-9.55162369933291,58.975633623223,0.691077706058633,0.711298239369725
buyer_N_1_gaslimit_cost_high,`Clothes_recoded_Caveman Pelt`,grf_blp_single,3611,-0.0409313007416053,0.226003155589375,-0.18110942139221,0.856281689686183,-0.483897485696779,0.402034884213569,-4.0104928237737,-38.3623613930666,49.4863478903352,0.691077706058633,0.711298239369725
buyer_N_1_gaslimit_cost_high,`Clothes_recoded_Cowboy Shirt`,grf_blp_single,3611,0.446655779906779,0.230369375244291,1.93886787005925,0.0525174291910178,-0.00486819557203244,0.89817975538559,56.3076164450281,-0.485636511341636,145.513010405885,0.691077706058633,0.711298239369725
buyer_N_1_gaslimit_cost_high,Clothes_recoded_Guayabera,grf_blp_single,3611,-0.0986726807980875,0.198171633639149,-0.497915261564431,0.618543769952413,-0.48708908273082,0.289743721134645,-9.39607764711612,-38.5587703018612,33.6085033788977,0.691077706058633,0.711298239369725
buyer_N_1_gaslimit_cost_high,Clothes_recoded_Hawaiian,grf_blp_single,3611,0.0491017717996242,0.197531971173327,0.248576326697713,0.803688522364007,-0.338060891700096,0.436264435299345,5.03272389941376,-28.6848138453133,54.6917800340831,0.691077706058633,0.711298239369725
buyer_N_1_gaslimit_cost_high,`Clothes_recoded_Hip Hop`,grf_blp_single,3611,-0.140200237347557,0.323755783114748,-0.433043190761679,0.664983392628508,-0.774761572252463,0.49436109755735,-13.0815825161033,-53.9186361340212,63.9450455476334,0.691077706058633,0.711298239369725
buyer_N_1_gaslimit_cost_high,`Clothes_recoded_Lab Coat`,grf_blp_single,3611,0.278824838096487,0.309799289455852,0.900017681080643,0.368110841418862,-0.328381769236983,0.886031445429956,32.1575833855568,-27.9911940246117,142.548485698818,0.691077706058633,0.711298239369725
buyer_N_1_gaslimit_cost_high,`Clothes_recoded_Leather Jacket`,grf_blp_single,3611,-0.209422701480276,0.243122547220133,-0.861387410895527,0.389024707313566,-0.685942894031737,0.267097491071185,-18.8947669845349,-49.6384850084013,30.6167779819617,0.691077706058633,0.711298239369725
buyer_N_1_gaslimit_cost_high,`Clothes_recoded_Leather Punk Jacket`,grf_blp_single,3611,0.28345251622041,0.220157661575038,1.28749785127873,0.197920818056438,-0.148056500466664,0.714961532907485,32.7705834325847,-13.761761144187,104.410804985272,0.691077706058633,0.711298239369725
buyer_N_1_gaslimit_cost_high,`Clothes_recoded_Lumberjack Shirt`,grf_blp_single,3611,0.073534144903082,0.158018460740851,0.465351608655885,0.641679682266134,-0.236182038148987,0.383250327955151,7.63052863841707,-21.0363083194148,46.7045226538383,0.691077706058633,0.711298239369725
buyer_N_1_gaslimit_cost_high,`Clothes_recoded_Navy Striped Tee`,grf_blp_single,3611,-0.379681989735501,0.153758577666672,-2.46933859233923,0.0135363069664015,-0.681048801962178,-0.0783151775088246,-31.5921081256721,-49.3914069991775,-7.53270555034644,0.691077706058633,0.711298239369725
buyer_N_1_gaslimit_cost_high,Clothes_recoded_No_Clothes,grf_blp_single,3611,0.0421079305396221,0.0766788522583394,0.549146593871227,0.582904851674196,-0.108182619886723,0.192398480965967,4.3007044989182,-10.2536313252505,21.2153440814526,0.691077706058633,0.711298239369725
buyer_N_1_gaslimit_cost_high,Clothes_recoded_Other_Clothes,grf_blp_single,3611,0.130962750802469,0.177642896685813,0.737224810255683,0.460985648095515,-0.217217326701726,0.479142828306663,13.9925319217769,-19.5244944462943,61.4689742491339,0.691077706058633,0.711298239369725
buyer_N_1_gaslimit_cost_high,`Clothes_recoded_Prison Jumpsuit`,grf_blp_single,3611,-0.0508941022301781,0.154637610950529,-0.329118523736504,0.742066103571126,-0.353983819693216,0.25219561523286,-4.96206917470933,-29.8113676000433,28.684773968588,0.691077706058633,0.711298239369725
buyer_N_1_gaslimit_cost_high,`Clothes_recoded_Prom Dress`,grf_blp_single,3611,-0.166329817787724,0.190992702147375,-0.87087001711395,0.383825129499004,-0.540675513996578,0.208015878421131,-15.3233090659976,-41.7645269297308,23.1232719425286,0.691077706058633,0.711298239369725
buyer_N_1_gaslimit_cost_high,`Clothes_recoded_Puffy Vest`,grf_blp_single,3611,0.421279898481268,0.195367428831943,2.15634663874118,0.0310566080376143,0.0383597379706594,0.804200058991876,52.391075902737,3.91049711641698,123.49079890144,0.691077706058633,0.711298239369725
buyer_N_1_gaslimit_cost_high,`Clothes_recoded_Rainbow Suspenders`,grf_blp_single,3611,-0.132426249497915,0.344795563161853,-0.384071791073925,0.700925238527249,-0.808225553295148,0.543373054299317,-12.4032465230493,-55.4351856079246,72.180481942412,0.691077706058633,0.711298239369725
buyer_N_1_gaslimit_cost_high,`Clothes_recoded_Sailor Shirt`,grf_blp_single,3611,0.0199697918329682,0.135900942239571,0.146943733456717,0.883176432261814,-0.246396054956591,0.286335638622528,2.01705220797495,-21.8387397929493,33.1539296274787,0.691077706058633,0.711298239369725
buyer_N_1_gaslimit_cost_high,Clothes_recoded_Service,grf_blp_single,3611,-0.18182421106078,0.275580057900604,-0.6597872590852,0.509390360644811,-0.721961124545963,0.358312702424403,-16.6252108808275,-51.4201390421686,43.0913000492209,0.691077706058633,0.711298239369725
buyer_N_1_gaslimit_cost_high,`Clothes_recoded_Sleeveless Logo T`,grf_blp_single,3611,0.184806048656149,0.225522495607355,0.819457270364307,0.412525571371043,-0.257218042734266,0.626830140046565,20.2985096923632,-22.680039517183,87.1668239848583,0.691077706058633,0.711298239369725
buyer_N_1_gaslimit_cost_high,`Clothes_recoded_Sleeveless T`,grf_blp_single,3611,0.270222492989733,0.224331269103857,1.20456900221356,0.228369729226315,-0.169466794453826,0.709911780433292,31.0255941066411,-15.5885216692583,103.381182873396,0.691077706058633,0.711298239369725
buyer_N_1_gaslimit_cost_high,`Clothes_recoded_Smoking Jacket`,grf_blp_single,3611,0.126073738866675,0.253460330724986,0.497410141090166,0.618899855684004,-0.370708509354296,0.622855987087647,13.4365812048465,-30.9754887768862,86.4244704877352,0.691077706058633,0.711298239369725
buyer_N_1_gaslimit_cost_high,`Clothes_recoded_Striped Tee`,grf_blp_single,3611,-0.0342853277788774,0.127996683437264,-0.267861063725779,0.788806265438884,-0.285158827315915,0.21658817175816,-3.37042457215482,-24.8105176601463,24.1832575088293,0.691077706058633,0.711298239369725
buyer_N_1_gaslimit_cost_high,`Clothes_recoded_Stunt Jacket`,grf_blp_single,3611,0.221507240835975,0.224536690622758,0.986507996629056,0.323883893121119,-0.218584672784631,0.661599154456582,24.795628443481,-19.6344571179363,93.7888841422762,0.691077706058633,0.711298239369725
buyer_N_1_gaslimit_cost_high,Clothes_recoded_Tanktop,grf_blp_single,3611,-0.326046106934325,0.196447446241303,-1.65971160823252,0.0969724829831517,-0.711083101567279,0.0589908876986293,-27.8228092025444,-50.8888014867816,6.07655746805189,0.691077706058633,0.711298239369725
buyer_N_1_gaslimit_cost_high,`Clothes_recoded_Tie Dye`,grf_blp_single,3611,0.0320319869356676,0.267937401530468,0.119550263429815,0.904839421072419,-0.493125320064049,0.557189293935384,3.25505329043594,-38.9285270539001,74.5758783224441,0.691077706058633,0.711298239369725
buyer_N_1_gaslimit_cost_high,Clothes_recoded_Toga,grf_blp_single,3611,0.131348469977802,0.189453876372678,0.693300514577091,0.488120980190205,-0.239981127712647,0.502678067668252,14.0365095081379,-21.3357293326328,65.3142575463334,0.691077706058633,0.711298239369725
buyer_N_1_gaslimit_cost_high,`Clothes_recoded_Tuxedo Tee`,grf_blp_single,3611,-0.0203100507958869,0.235461410532466,-0.0862563880423476,0.931262606511551,-0.481814415439521,0.441194313847747,-2.01051909629172,-38.2338320399966,55.4562746064469,0.691077706058633,0.711298239369725
buyer_N_1_gaslimit_cost_high,`Clothes_recoded_Tweed Suit`,grf_blp_single,3611,0.173956071904993,0.375596857065058,0.463145706980349,0.6432599296844,-0.56221376794252,0.910125911752506,19.0003290094599,-43.0054061815801,148.463535848255,0.691077706058633,0.711298239369725
buyer_N_1_gaslimit_cost_high,`Clothes_recoded_Vietnam Jacket`,grf_blp_single,3611,-0.0361257593531944,0.231097415960576,-0.15632264516258,0.875778707503251,-0.489076694635924,0.416825175929535,-3.54810114284772,-38.6807703369479,51.7137257638421,0.691077706058633,0.711298239369725
buyer_N_1_gaslimit_cost_high,`Clothes_recoded_Wool Turtleneck`,grf_blp_single,3611,0.0747572208691252,0.216527175692228,0.345255604199009,0.729902219602051,-0.349636043487642,0.499150485225892,7.7622494870891,-29.5055387783167,64.7321252374605,0.691077706058633,0.711298239369725
buyer_N_1_gaslimit_cost_high,`Clothes_recoded_Work Vest`,grf_blp_single,3611,0.0380029651046952,0.19434141873816,0.19554743065809,0.84496441000287,-0.342906215622098,0.418912145831489,3.87343128299196,-29.0295232340672,52.0306783634532,0.691077706058633,0.711298239369725
buyer_N_1_gaslimit_cost_high,`Earring_recoded_Diamond Stud`,grf_blp_single,3611,0.21989852105694,0.179715278483238,1.22359391428954,0.221105456510673,-0.132343424770207,0.572140466884087,24.5950286453606,-12.3959910453321,77.2056022136079,0.691077706058633,0.711298239369725
buyer_N_1_gaslimit_cost_high,`Earring_recoded_Gold Hoop`,grf_blp_single,3611,-0.182593531477594,0.210195570611873,-0.868684011494963,0.385019988911197,-0.594576849876865,0.229389786921676,-16.6893281418232,-44.820399097724,25.7832230021535,0.691077706058633,0.711298239369725
buyer_N_1_gaslimit_cost_high,`Earring_recoded_Gold Stud`,grf_blp_single,3611,-0.234308667936065,0.166667208854802,-1.40584743421359,0.159769433232404,-0.560976397291477,0.0923590614193474,-20.8882414427835,-42.9348390941033,9.67585550728891,0.691077706058633,0.711298239369725
buyer_N_1_gaslimit_cost_high,Earring_recoded_No_Earring,grf_blp_single,3611,0.0646529977036309,0.0704699933181415,0.917454290250186,0.358904635013203,-0.0734681891999265,0.202774184607188,6.67887819933353,-7.08342971741919,22.4795859259318,0.691077706058633,0.711298239369725
buyer_N_1_gaslimit_cost_high,`Earring_recoded_Silver Hoop`,grf_blp_single,3611,0.0754235093630356,0.0966090268851981,0.780708716305179,0.434973832940594,-0.113930183331953,0.264777202058024,7.83407415931943,-10.7679747465426,30.314060638751,0.691077706058633,0.711298239369725
buyer_N_1_gaslimit_cost_high,`Earring_recoded_Silver Stud`,grf_blp_single,3611,-0.147006380663878,0.120498919108111,-1.21998090731407,0.22247211275594,-0.383184262115775,0.0891715007880195,-13.6711530954804,-31.831272142747,9.32681365963066,0.691077706058633,0.711298239369725
buyer_N_1_gaslimit_cost_high,Eyes_recoded_Angry,grf_blp_single,3611,0.148172739742767,0.136206911161998,1.08785037762538,0.276661165501847,-0.11879280613475,0.415138285620283,15.9713207622786,-11.2008231850412,51.458017086952,0.691077706058633,0.711298239369725
buyer_N_1_gaslimit_cost_high,Eyes_recoded_Blindfold,grf_blp_single,3611,0.0511174698480188,0.160342288913624,0.318802171244765,0.74987653171087,-0.263153416422685,0.365388356118723,5.24465167544177,-23.1376031274371,44.1073549221955,0.691077706058633,0.711298239369725
buyer_N_1_gaslimit_cost_high,Eyes_recoded_Bloodshot,grf_blp_single,3611,-0.0473894409574024,0.118485515329196,-0.399959782642943,0.689186138721059,-0.279621051002627,0.184842169087822,-4.62840907781039,-24.3929800780206,20.3028550049397,0.691077706058633,0.711298239369725
buyer_N_1_gaslimit_cost_high,Eyes_recoded_Bored,grf_blp_single,3611,0.11518861751461,0.0880300262383648,1.30851508782589,0.190698660472441,-0.0573502339125853,0.287727468941805,12.2085062508897,-5.57367015832128,33.3393863360614,0.691077706058633,0.711298239369725
buyer_N_1_gaslimit_cost_high,Eyes_recoded_Closed,grf_blp_single,3611,-0.0379331617803417,0.119396503564057,-0.317707475914404,0.75070683986551,-0.271950308765893,0.19608398520521,-3.72227109393547,-23.8107880491112,21.662907988662,0.691077706058633,0.711298239369725
buyer_N_1_gaslimit_cost_high,Eyes_recoded_Coins,grf_blp_single,3611,0.0452134060211632,0.115811557425229,0.390404956347765,0.696237123436012,-0.181777246532285,0.272204058574612,4.62511123731888,-16.6212951312183,31.2854873273506,0.691077706058633,0.711298239369725
buyer_N_1_gaslimit_cost_high,Eyes_recoded_Crazy,grf_blp_single,3611,-0.0740491154496198,0.12539040888066,-0.590548480626583,0.554822993124645,-0.319814316855714,0.171716085956474,-7.13739171663933,-27.3716116770943,18.7340682661025,0.691077706058633,0.711298239369725
buyer_N_1_gaslimit_cost_high,Eyes_recoded_Eyepatch,grf_blp_single,3611,-0.046586124062134,0.176463917575506,-0.263998015584124,0.791781447860631,-0.392455402510126,0.299283154385858,-4.55176468674851,-32.4603533331982,34.8891513951599,0.691077706058633,0.711298239369725
buyer_N_1_gaslimit_cost_high,Eyes_recoded_Heart,grf_blp_single,3611,-0.417041681570634,0.188697576141424,-2.21010619266286,0.0270977931873772,-0.786888930807825,-0.0471944323334419,-34.1006548510435,-54.4741063552099,-4.6098089815691,0.691077706058633,0.711298239369725
buyer_N_1_gaslimit_cost_high,Eyes_recoded_Holographic,grf_blp_single,3611,-0.15203410123642,0.270223819781878,-0.562622870771128,0.573691714919169,-0.6816727880089,0.37760458553606,-14.1041011321869,-49.4229762046581,45.8786003732604,0.691077706058633,0.711298239369725
buyer_N_1_gaslimit_cost_high,Eyes_recoded_Hypnotized,grf_blp_single,3611,-0.0922783630583051,0.284048839943995,-0.324867945514227,0.745281017910483,-0.649014089348536,0.464457363231926,-8.81487114994253,-47.7439278944302,59.1150537798525,0.691077706058633,0.711298239369725
buyer_N_1_gaslimit_cost_high,Eyes_recoded_Other_Eyes,grf_blp_single,3611,0.0639625548272097,0.245169838093029,0.260890798495937,0.794176720923367,-0.416570327835126,0.544495437489546,6.60524794948199,-34.0695856268178,72.3738429132825,0.691077706058633,0.711298239369725
buyer_N_1_gaslimit_cost_high,Eyes_recoded_Robot,grf_blp_single,3611,-0.0121615381318172,0.179572752224787,-0.0677248523572974,0.946004665407213,-0.364124132492399,0.339801056228765,-1.20878855057085,-30.5195058479514,40.4668112792642,0.691077706058633,0.711298239369725
buyer_N_1_gaslimit_cost_high,Eyes_recoded_Sad,grf_blp_single,3611,-0.0839743949523722,0.128019411563014,-0.655950483814231,0.511855984384856,-0.33489244161588,0.166943651711135,-8.05452015223719,-28.458496890082,18.1687677353729,0.691077706058633,0.711298239369725
buyer_N_1_gaslimit_cost_high,Eyes_recoded_Scumbag,grf_blp_single,3611,0.157330578495878,0.199979970141397,0.786731683101242,0.431438952950493,-0.234630162981261,0.549291319973016,17.0382453227999,-20.9136713931559,73.2025131212687,0.691077706058633,0.711298239369725
buyer_N_1_gaslimit_cost_high,Eyes_recoded_Sleepy,grf_blp_single,3611,-0.0801789304924986,0.112213988876531,-0.714518138916882,0.474906843911597,-0.300118348690499,0.139760487705502,-7.70488124994356,-25.92694489967,14.9998327131112,0.691077706058633,0.711298239369725
buyer_N_1_gaslimit_cost_high,Eyes_recoded_Sunglasses,grf_blp_single,3611,0.0723480494146836,0.196799565134252,0.36762301464096,0.713154351580089,-0.31337909824845,0.458075197077817,7.50294423258657,-26.9027250452825,58.1027887268562,0.691077706058633,0.711298239369725
buyer_N_1_gaslimit_cost_high,`Eyes_recoded_Wide Eyed`,grf_blp_single,3611,0.151364806716274,0.122968215911834,1.23092626492037,0.218350443215879,-0.0896528964709194,0.392382509903468,16.3421004471193,-8.57515309270492,48.0503910514896,0.691077706058633,0.711298239369725
buyer_N_1_gaslimit_cost_high,`Eyes_recoded_X Eyes`,grf_blp_single,3611,-0.264456506704915,0.143144438714278,-1.84748013321552,0.0646775848347862,-0.5450196065849,0.0161065931750696,-23.2376965403303,-42.0169585265857,1.62370035618371,0.691077706058633,0.711298239369725
buyer_N_1_gaslimit_cost_high,Eyes_recoded_Zombie,grf_blp_single,3611,-0.0440331987071579,0.158483591386006,-0.277840742515166,0.781134614003101,-0.354661037823729,0.266594640409413,-4.30778116338015,-29.8588845229836,30.5511137597474,0.691077706058633,0.711298239369725
buyer_N_1_gaslimit_cost_high,Fur_recoded_Blue,grf_blp_single,3611,0.128407491332586,0.151017404456789,0.850282732606008,0.39516791435165,-0.167586621402722,0.424401604067893,13.7016232569353,-15.4296641895182,52.8675392779949,0.691077706058633,0.711298239369725
buyer_N_1_gaslimit_cost_high,Fur_recoded_Brown,grf_blp_single,3611,-0.126262773483637,0.0838816911218685,-1.50524830621494,0.132260250011048,-0.2906708880825,0.0381453411152247,-11.8616787786055,-25.2238265175862,3.88822142059346,0.691077706058633,0.711298239369725
buyer_N_1_gaslimit_cost_high,Fur_recoded_Cheetah,grf_blp_single,3611,0.260314523906553,0.193515179925814,1.34518916813837,0.178564153304992,-0.118975228748043,0.639604276561149,29.7338066339473,-11.217020685494,89.5730545841738,0.691077706058633,0.711298239369725
buyer_N_1_gaslimit_cost_high,Fur_recoded_Cream,grf_blp_single,3611,0.0146390102820483,0.117882331894891,0.124183243126723,0.901170189579538,-0.216410360231938,0.245688380796035,1.47466853703833,-19.4595272020049,27.8501105962979,0.691077706058633,0.711298239369725
buyer_N_1_gaslimit_cost_high,`Fur_recoded_Dark Brown`,grf_blp_single,3611,0.0983983393561661,0.0836255767569926,1.17665364081257,0.239333778468164,-0.0655077910875395,0.262304469799872,10.3402226111716,-6.34082503371086,29.992226925606,0.691077706058633,0.711298239369725
buyer_N_1_gaslimit_cost_high,`Fur_recoded_Death Bot`,grf_blp_single,3611,-0.0592856113658116,0.24201903214319,-0.244962600010463,0.806485390072744,-0.533642914366464,0.415071691634841,-5.7562440164348,-41.3535366923378,51.4479312297995,0.691077706058633,0.711298239369725
buyer_N_1_gaslimit_cost_high,Fur_recoded_Dmt,grf_blp_single,3611,-0.0785405762623384,0.28804680670711,-0.272666019666031,0.785109957609544,-0.643112317408275,0.486031164883598,-7.5535452145508,-47.4346126180705,62.5850664868514,0.691077706058633,0.711298239369725
buyer_N_1_gaslimit_cost_high,`Fur_recoded_Golden Brown`,grf_blp_single,3611,-0.0236999641883777,0.119071452992539,-0.199039850381793,0.84223157209712,-0.257080012053755,0.209680083676999,-2.34213256190468,-22.6693662538185,23.3283449332591,0.691077706058633,0.711298239369725
buyer_N_1_gaslimit_cost_high,Fur_recoded_Gray,grf_blp_single,3611,-0.0384867763430099,0.13090743473957,-0.293999927655571,0.768757958652653,-0.295065348432566,0.218091795746546,-3.77555709540433,-25.5517064916632,24.3701228862008,0.691077706058633,0.711298239369725
buyer_N_1_gaslimit_cost_high,Fur_recoded_Noise,grf_blp_single,3611,0.256558296962666,0.297919133414924,0.861167572629002,0.389145757026481,-0.327363204530585,0.840479798455918,29.2474110918454,-27.9178110299756,131.747863274397,0.691077706058633,0.711298239369725
buyer_N_1_gaslimit_cost_high,Fur_recoded_Other_Fur,grf_blp_single,3611,0.585694385143362,0.2987857344856,1.96024882563993,0.0499667141767593,7.43455515866964e-05,1.17131442473514,79.6237833559034,0.00743483152856328,222.62304899072,0.691077706058633,0.711298239369725
buyer_N_1_gaslimit_cost_high,Fur_recoded_Pink,grf_blp_single,3611,-0.00456712618889987,0.14310754249058,-0.0319139446420199,0.974540678088468,-0.285057909470436,0.275923657092637,-0.455671272731673,-24.8029293166928,31.774725953017,0.691077706058633,0.711298239369725
buyer_N_1_gaslimit_cost_high,Fur_recoded_Red,grf_blp_single,3611,-0.335933578560582,0.152113057435098,-2.20844669238152,0.0272131499596604,-0.634075171133373,-0.0377919859877902,-28.5329426312188,-46.9574185346359,-3.70867804977029,0.691077706058633,0.711298239369725
buyer_N_1_gaslimit_cost_high,Fur_recoded_Robot,grf_blp_single,3611,-0.0175331096598048,0.196515128632937,-0.0892201520655144,0.928906950211989,-0.402702761780362,0.367636542460752,-1.7380299077546,-33.1489223252075,44.4316995663047,0.691077706058633,0.711298239369725
buyer_N_1_gaslimit_cost_high,Fur_recoded_Tan,grf_blp_single,3611,0.153273451828634,0.120911906572498,1.2676456452759,0.204924523631925,-0.0837138850534629,0.390260788710731,16.5643682762268,-8.03056432434721,47.7366024029308,0.691077706058633,0.711298239369725
buyer_N_1_gaslimit_cost_high,Fur_recoded_White,grf_blp_single,3611,-0.168846571621464,0.148828725976261,-1.13450256671818,0.256583797697775,-0.460550874534935,0.122857731292007,-15.5361515041769,-36.9064016809754,13.0723542926257,0.691077706058633,0.711298239369725
buyer_N_1_gaslimit_cost_high,Fur_recoded_Zombie,grf_blp_single,3611,-0.148000203962596,0.18224350668568,-0.812101383770321,0.416733459239217,-0.505197477066528,0.209197069141336,-13.7569060961626,-39.6613591316891,23.26878993412,0.691077706058633,0.711298239369725
buyer_N_1_gaslimit_cost_high,`Hat_recoded_Baby's Bonnet`,grf_blp_single,3611,0.223020555367434,0.199648916574053,1.11706368957285,0.263967094367768,-0.168291321117711,0.614332431852578,24.9846264521144,-15.4892398871064,84.8422239784268,0.691077706058633,0.711298239369725
buyer_N_1_gaslimit_cost_high,`Hat_recoded_Bayc Flipped Brim`,grf_blp_single,3611,-0.0106143574986619,0.239827322053765,-0.0442583330696675,0.964698484501258,-0.480675908724041,0.459447193726717,-1.05582239887041,-38.1634707972111,58.3198540956006,0.691077706058633,0.711298239369725
buyer_N_1_gaslimit_cost_high,`Hat_recoded_Bayc Hat Black`,grf_blp_single,3611,0.0508261522542321,0.245579569194361,0.206964090787237,0.836037902696304,-0.430509803366715,0.532162107875179,5.2139965221663,-34.982245248413,70.2609557414195,0.691077706058633,0.711298239369725
buyer_N_1_gaslimit_cost_high,`Hat_recoded_Bayc Hat Red`,grf_blp_single,3611,0.732178114612606,0.420185298121276,1.74251245316365,0.0814188143038234,-0.0913850697050952,1.55574129893031,107.960529692509,-8.73337968795751,373.859794107906,0.691077706058633,0.711298239369725
buyer_N_1_gaslimit_cost_high,Hat_recoded_Beanie,grf_blp_single,3611,-0.0282014821579572,0.145101757213364,-0.194356586023203,0.845896681016232,-0.312600926296152,0.256197961980237,-2.78075323695122,-26.8458206582959,29.2008471180588,0.691077706058633,0.711298239369725
buyer_N_1_gaslimit_cost_high,Hat_recoded_Bowler,grf_blp_single,3611,-0.0619971158156663,0.17481023015562,-0.354653819518886,0.722848951434365,-0.404625166920682,0.280630935289349,-6.01144024095043,-33.2773137308756,32.3964885039147,0.691077706058633,0.711298239369725
buyer_N_1_gaslimit_cost_high,`Hat_recoded_Bunny Ears`,grf_blp_single,3611,-0.123588992362489,0.171098728931476,-0.722325601915986,0.470094316009354,-0.458942501068183,0.211764516343205,-11.6257008632124,-36.8048419604307,23.5856826725274,0.691077706058633,0.711298239369725
buyer_N_1_gaslimit_cost_high,`Hat_recoded_Commie Hat`,grf_blp_single,3611,-0.0401030363799703,0.154322465146101,-0.259865187754769,0.794967765100564,-0.342575068066328,0.262368995306387,-3.93095520134674,-29.0060176424595,30.0006150105113,0.691077706058633,0.711298239369725
buyer_N_1_gaslimit_cost_high,`Hat_recoded_Cowboy Hat`,grf_blp_single,3611,0.0403513560991564,0.14094872160214,0.286283945256752,0.774660653602431,-0.235908138241039,0.316610850439352,4.11765336581151,-21.0146772092879,37.2468372526297,0.691077706058633,0.711298239369725
buyer_N_1_gaslimit_cost_high,`Hat_recoded_Faux Hawk`,grf_blp_single,3611,0.166438615672577,0.298270677983537,0.558011993662226,0.576836194270407,-0.418171913175156,0.751049144520311,18.1091033166436,-34.1750942988157,111.922222108259,0.691077706058633,0.711298239369725
buyer_N_1_gaslimit_cost_high,Hat_recoded_Fez,grf_blp_single,3611,0.126219972514205,0.122584852418374,1.0296539093054,0.303172499033178,-0.114046338225808,0.366486283254217,13.4531706628182,-10.7783388810303,44.2656611860578,0.691077706058633,0.711298239369725
buyer_N_1_gaslimit_cost_high,`Hat_recoded_Fisherman's Hat`,grf_blp_single,3611,-0.193531595677212,0.161904146492391,-1.19534675219888,0.231951580551872,-0.510863722802297,0.123800531447874,-17.5956200438109,-40.0022858986329,13.1790091951062,0.691077706058633,0.711298239369725
buyer_N_1_gaslimit_cost_high,`Hat_recoded_Girl's Hair Pink`,grf_blp_single,3611,-0.00299406161343412,0.199177863500274,-0.0150321002586213,0.988006570969515,-0.393382674073972,0.387394550847104,-0.298958388094539,-32.5229518995639,47.3137604315958,0.691077706058633,0.711298239369725
buyer_N_1_gaslimit_cost_high,`Hat_recoded_Girl's Hair Short`,grf_blp_single,3611,-0.606827896305303,0.332696439766821,-1.82396871072806,0.0681568027086033,-1.25891291824827,0.0452571256376666,-45.4922829069483,-71.6037450719858,4.62968550705072,0.691077706058633,0.711298239369725
buyer_N_1_gaslimit_cost_high,Hat_recoded_Halo,grf_blp_single,3611,0.117303888115438,0.154858328979143,0.757491630503371,0.448755378226506,-0.186218436683682,0.420826212914558,12.4461088135894,-16.9907747422066,52.3219539521059,0.691077706058633,0.711298239369725
buyer_N_1_gaslimit_cost_high,Hat_recoded_Horns,grf_blp_single,3611,-0.252718347795282,0.134220824156272,-1.88285498456666,0.0597200231398051,-0.515791163141575,0.0103544675510109,-22.3313393484754,-40.2971938879102,1.04082605558011,0.691077706058633,0.711298239369725
buyer_N_1_gaslimit_cost_high,`Hat_recoded_Irish Boho`,grf_blp_single,3611,-0.146345068100713,0.232200985358222,-0.630251710064639,0.528529911964504,-0.601458999402828,0.308768863201401,-13.6140438630139,-45.1988495917301,36.1747584148368,0.691077706058633,0.711298239369725
buyer_N_1_gaslimit_cost_high,Hat_recoded_No_Hat,grf_blp_single,3611,0.00230560502697921,0.0743952478620379,0.0309912943801845,0.975276482417723,-0.143509080782615,0.148120290836574,0.230826497812209,-13.3687066647898,15.9652383528641,0.691077706058633,0.711298239369725
buyer_N_1_gaslimit_cost_high,Hat_recoded_Other_Hat,grf_blp_single,3611,0.245465825055472,0.169755476587536,1.44599650031848,0.148178183412122,-0.0872549090560978,0.578186559167042,27.8216599862938,-8.35565438803629,78.280249071022,0.691077706058633,0.711298239369725
buyer_N_1_gaslimit_cost_high,`Hat_recoded_Party Hat 1`,grf_blp_single,3611,0.466494634917413,0.30300111233315,1.53958060195007,0.123662616844385,-0.127387545255561,1.06037681509039,59.4395447996037,-11.9607585428336,188.745882235626,0.691077706058633,0.711298239369725
buyer_N_1_gaslimit_cost_high,`Hat_recoded_Police Motorcycle Helmet`,grf_blp_single,3611,-0.14991304616849,0.18987193126048,-0.789548224286129,0.429791655838495,-0.522062031439029,0.22223593910205,-13.9217178464593,-40.6704109016331,24.8865999429029,0.691077706058633,0.711298239369725
buyer_N_1_gaslimit_cost_high,`Hat_recoded_Prussian Helmet`,grf_blp_single,3611,0.0851093930279483,0.317284292930739,0.268243322862904,0.788512029664217,-0.5367678211163,0.706986607172196,8.88361712693899,-41.5365153768193,102.787126957278,0.691077706058633,0.711298239369725
buyer_N_1_gaslimit_cost_high,`Hat_recoded_S&m Hat`,grf_blp_single,3611,-0.451266558697279,0.207408284289897,-2.17574028078135,0.0295746864021934,-0.857786795905478,-0.0447463214890808,-36.3178930642871,-57.5900336482455,-4.37599713861138,0.691077706058633,0.711298239369725
buyer_N_1_gaslimit_cost_high,Hat_recoded_Safari,grf_blp_single,3611,0.161312636484776,0.202715774691158,0.795757689457269,0.426172888463883,-0.236010281909894,0.558635554879447,17.5052275607002,-21.0227446479176,74.8285432627138,0.691077706058633,0.711298239369725
buyer_N_1_gaslimit_cost_high,`Hat_recoded_Sea Captain's Hat`,grf_blp_single,3611,0.396690368404692,0.210397599822902,1.88543200463598,0.0593715364637086,-0.0156889272481953,0.80906966405758,48.6895468952225,-1.5566497131043,124.581764958984,0.691077706058633,0.711298239369725
buyer_N_1_gaslimit_cost_high,`Hat_recoded_Seaman's Hat`,grf_blp_single,3611,-0.162666398551266,0.133575816234612,-1.21778330192315,0.223306331407789,-0.424474998371105,0.0991422012685737,-15.0125339453395,-34.5886894554061,10.4223310350571,0.691077706058633,0.711298239369725
buyer_N_1_gaslimit_cost_high,`Hat_recoded_Short Mohawk`,grf_blp_single,3611,-0.214838333643581,0.192308868729271,-1.11715250088662,0.263929125845753,-0.591763716352952,0.16208704906579,-19.3328158666283,-44.6649529697459,17.5962603311699,0.691077706058633,0.711298239369725
buyer_N_1_gaslimit_cost_high,`Hat_recoded_Spinner Hat`,grf_blp_single,3611,0.0913905747988082,0.245225253326455,0.372680111689578,0.709386540374573,-0.389250921721043,0.572032071318659,9.56968732816295,-32.2435766901601,77.1863949531688,0.691077706058633,0.711298239369725
buyer_N_1_gaslimit_cost_high,`Hat_recoded_Stuntman Helmet`,grf_blp_single,3611,-0.00790773930927579,0.233535108516298,-0.0338610299732468,0.972987968931229,-0.465636552001219,0.449821073382667,-0.787655539102095,-37.2264608235916,56.8031597798949,0.691077706058633,0.711298239369725
buyer_N_1_gaslimit_cost_high,`Hat_recoded_Sushi Chef Headband`,grf_blp_single,3611,0.402995467301797,0.234061849768481,1.72174776752561,0.0851152201715058,-0.0557657582444253,0.861756692848019,49.6300109371394,-5.42393534199346,136.731568965246,0.691077706058633,0.711298239369725
buyer_N_1_gaslimit_cost_high,`Hat_recoded_Vietnam Era Helmet`,grf_blp_single,3611,-0.0453782502669501,0.221464690220192,-0.204900610665441,0.83764977809958,-0.479449043098526,0.388692542564626,-4.43640560893886,-38.0875591279441,47.505096622045,0.691077706058633,0.711298239369725
buyer_N_1_gaslimit_cost_high,`Hat_recoded_Ww2 Pilot Helm`,grf_blp_single,3611,0.134113245469276,0.24453836985088,0.548434364517349,0.583393685752307,-0.345181959438449,0.613408450377,14.3522311033092,-29.1908502186408,84.6715120670333,0.691077706058633,0.711298239369725
buyer_N_1_gaslimit_cost_high,`Mouth_recoded_Bored Bubblegum`,grf_blp_single,3611,0.127551031261442,0.310764025658231,0.410443361297292,0.681480743526323,-0.481546459028691,0.736648521551576,13.6042840461153,-38.2172791816961,108.892278985015,0.691077706058633,0.711298239369725
buyer_N_1_gaslimit_cost_high,`Mouth_recoded_Bored Cigar`,grf_blp_single,3611,0.0188207475556274,0.331998667865818,0.0566892261243474,0.95479275652199,-0.631896641461375,0.66953813657263,1.89989741885417,-46.8417377357595,95.3334938293879,0.691077706058633,0.711298239369725
buyer_N_1_gaslimit_cost_high,`Mouth_recoded_Bored Cigarette`,grf_blp_single,3611,-0.0504805887450616,0.146994522179692,-0.343418162775835,0.731283897531873,-0.338589852217258,0.237628674727135,-4.92276158216582,-28.722526787855,26.8238176493245,0.691077706058633,0.711298239369725
buyer_N_1_gaslimit_cost_high,`Mouth_recoded_Bored Pipe`,grf_blp_single,3611,0.385743916079859,0.339049621023143,1.13772112446493,0.255236949675172,-0.2787933411255,1.05028117328522,47.0707997917377,-24.3303734943815,185.845472618731,0.691077706058633,0.711298239369725
buyer_N_1_gaslimit_cost_high,`Mouth_recoded_Bored Unshaven`,grf_blp_single,3611,0.033417493934782,0.0819369238589333,0.407844136207935,0.683388108066739,-0.127178876828727,0.194013864698291,3.3982130409808,-11.9423856159608,21.4113116151586,0.691077706058633,0.711298239369725
buyer_N_1_gaslimit_cost_high,`Mouth_recoded_Bored Unshaven Cigar`,grf_blp_single,3611,0.473980387378535,0.254574883814416,1.86185054973477,0.0626241589517232,-0.0249863848977207,0.972947159654791,60.637548148426,-2.46768089370635,164.57303703622,0.691077706058633,0.711298239369725
buyer_N_1_gaslimit_cost_high,`Mouth_recoded_Bored Unshaven Cigarette`,grf_blp_single,3611,-0.0163109962614079,0.151031031466054,-0.10799764858306,0.913997557460159,-0.312331817934873,0.279709825412057,-1.61786922751898,-26.8261316078473,32.2745929388579,0.691077706058633,0.711298239369725
buyer_N_1_gaslimit_cost_high,Mouth_recoded_Discomfort,grf_blp_single,3611,0.0700660524107269,0.145292938381397,0.482239902305519,0.629635534002764,-0.214708106816812,0.354840211638266,7.25790253447984,-19.3223101511661,42.5952785417076,0.691077706058633,0.711298239369725
buyer_N_1_gaslimit_cost_high,Mouth_recoded_Dumbfounded,grf_blp_single,3611,-0.0105753333277907,0.116922484464438,-0.0904473880813509,0.927931700736911,-0.239743402878088,0.218592736222507,-1.05196110903566,-21.3170266589458,24.4324405221646,0.691077706058633,0.711298239369725
buyer_N_1_gaslimit_cost_high,Mouth_recoded_Grin,grf_blp_single,3611,-0.104377302161257,0.114748397777761,-0.909618819806179,0.363023569965985,-0.329284161805667,0.120529557483154,-9.91146726915292,-28.0561449259909,12.8094084094879,0.691077706058633,0.711298239369725
buyer_N_1_gaslimit_cost_high,Mouth_recoded_Jovial,grf_blp_single,3611,0.107137511830907,0.18702998438779,0.572836019751611,0.566755728049959,-0.25944125756916,0.473716281230975,11.3087306629338,-22.8517474578166,60.5951283863375,0.691077706058633,0.711298239369725
buyer_N_1_gaslimit_cost_high,Mouth_recoded_Other_Mouth,grf_blp_single,3611,0.122378408338803,0.129757983186333,0.943128163167176,0.345615351959375,-0.131947238706409,0.376704055384016,13.01816910498,-12.3612766816319,45.7472914277923,0.691077706058633,0.711298239369725
buyer_N_1_gaslimit_cost_high,`Mouth_recoded_Phoneme  ooo`,grf_blp_single,3611,0.0399820976248695,0.182076065019207,0.21959007967715,0.826190418119476,-0.316886989812775,0.396851185062514,4.07921413742551,-27.1586931428259,48.7134605740147,0.691077706058633,0.711298239369725
buyer_N_1_gaslimit_cost_high,`Mouth_recoded_Phoneme L`,grf_blp_single,3611,-0.0302216294806913,0.176404663876242,-0.17131990060021,0.863972233372785,-0.375974770678126,0.315531511716743,-2.97695219589309,-31.338034422792,37.0987813422394,0.691077706058633,0.711298239369725
buyer_N_1_gaslimit_cost_high,`Mouth_recoded_Phoneme Oh`,grf_blp_single,3611,0.182470653819159,0.178322464475983,1.02326229258532,0.306183847175631,-0.167041376553768,0.531982684192086,20.0178929768862,-15.3835400762184,70.2304096340829,0.691077706058633,0.711298239369725
buyer_N_1_gaslimit_cost_high,`Mouth_recoded_Phoneme Vuh`,grf_blp_single,3611,-0.386582981816302,0.144791014568193,-2.66993765441315,0.00758653320869571,-0.67037337036996,-0.102792593262644,-32.0625652681797,-48.8482443371418,-9.76858999012428,0.691077706058633,0.711298239369725
buyer_N_1_gaslimit_cost_high,`Mouth_recoded_Phoneme Wah`,grf_blp_single,3611,0.153052256776428,0.25220506999568,0.606856383890496,0.54394622565061,-0.341269680415105,0.647374193967961,16.5385876660774,-28.9132824600666,91.0517588264595,0.691077706058633,0.711298239369725
buyer_N_1_gaslimit_cost_high,Mouth_recoded_Rage,grf_blp_single,3611,0.0709033113629657,0.184312125527306,0.384691518043729,0.700465980126936,-0.290348454670555,0.432155077396486,7.34774277810113,-25.1997122934312,54.0574004843219,0.691077706058633,0.711298239369725
buyer_N_1_gaslimit_cost_high,`Mouth_recoded_Small Grin`,grf_blp_single,3611,0.168618242218541,0.127744705332916,1.31996266913063,0.186847482103832,-0.0817613802339743,0.418997864671057,18.3668178122019,-7.8508181374002,52.0437108153366,0.691077706058633,0.711298239369725
buyer_N_1_gaslimit_cost_high,`Mouth_recoded_Tongue Out`,grf_blp_single,3611,-0.0986699928526645,0.197729287196308,-0.499015569477593,0.617768415668925,-0.486219395757429,0.2888794100521,-9.39583410839042,-38.5053124223223,33.4930739593542,0.691077706058633,0.711298239369725
buyer_N_1_gaslimit_cost_high,`log_price_change_n-1`,grf_blp_single,3611,-0.12994065589535,0.0285423587481323,-4.55255492519001,5.29983181112383e-06,-0.185883679041689,-0.0739976327490106,-12.1852457746058,-16.9629821180585,-7.13261077571247,0.691077706058633,0.711298239369725
seller_N_gaslimit_cost_high,log_price_1_sale,grf_blp_single,3238,0.0325902638837066,0.0257799775726682,1.26416959796965,0.206169160374312,-0.0179384921587231,0.0831190199261363,3.31271430036522,-1.77785551789116,8.66711363701766,0.719379374198643,0.735414229749054
seller_N_gaslimit_cost_high,sold_after_30d,grf_blp_single,3238,0.29612173303449,0.0520735714695227,5.68660310168667,1.29591161325337e-08,0.194057532954226,0.398185933114755,34.4633833226235,21.4166135511499,48.9120881052242,0.719379374198643,0.735414229749054
seller_N_gaslimit_cost_high,log_buyern_total_value,grf_blp_single,3238,0.000749709091225109,0.0194318594928439,0.0385814384619857,0.969224101235024,-0.0373367355147489,0.0388361536971991,0.0749990193329664,-3.66483140005593,3.96001350565249,0.719379374198643,0.735414229749054
seller_N_gaslimit_cost_high,log_buyern_rolling_avg_value_last10,grf_blp_single,3238,0.0702797912927106,0.0337378261410534,2.08311558068027,0.0372406895124385,0.00415365205624584,0.136405930529175,7.28083016882766,0.416229042506644,14.6147055257468,0.719379374198643,0.735414229749054
seller_N_gaslimit_cost_high,log_sellern_total_value,grf_blp_single,3238,-0.0348277107312489,0.02026403076004,-1.71869610462337,0.0856697217135572,-0.0745452110209273,0.00488978955842948,-3.42282059592227,-7.18344901999206,0.490176408908161,0.719379374198643,0.735414229749054
seller_N_gaslimit_cost_high,log_sellern_rolling_avg_value_last10,grf_blp_single,3238,0.0746005591839441,0.045970840700447,1.62277996328266,0.104636450457833,-0.0155022885889319,0.16470340695682,7.74536859381467,-1.53827466349938,17.9043370786171,0.719379374198643,0.735414229749054
seller_N_gaslimit_cost_high,log_buyern_1_total_value,grf_blp_single,3238,-0.00733607119910337,0.0202143308481311,-0.362914372690285,0.716668849833905,-0.0469561596614403,0.0322840172632335,-0.730922791031963,-4.58707739782234,3.2810799749587,0.719379374198643,0.735414229749054
seller_N_gaslimit_cost_high,log_buyern_1_rolling_avg_value_last10,grf_blp_single,3238,0.0546260156423658,0.0428085182634151,1.27605481007854,0.201936144556206,-0.0292786801539278,0.138530711438659,5.61455588893471,-2.88542123053667,14.8584955724929,0.719379374198643,0.735414229749054
seller_N_gaslimit_cost_high,log_sellern_1_total_value,grf_blp_single,3238,0.00262636183422759,0.022523075721694,0.116607601318762,0.907171013841811,-0.0415188665802927,0.0467715902487479,0.262981374379612,-4.06687641290536,4.78826351309927,0.719379374198643,0.735414229749054
seller_N_gaslimit_cost_high,log_sellern_1_rolling_avg_value_last10,grf_blp_single,3238,-0.074698102549324,0.0448751821795103,-1.66457491471601,0.0959975935081263,-0.162653459621164,0.0132572545225162,-7.19763879955571,-15.0114342913425,1.33455215494274,0.719379374198643,0.735414229749054
seller_N_gaslimit_cost_high,log_unique_makers_count,grf_blp_single,3238,-0.138628542297654,0.040626264173842,-3.4122887032993,0.000644198471025274,-0.218256020078385,-0.059001064516924,-12.9448658592955,-19.608040424058,-5.72942343696762,0.719379374198643,0.735414229749054
seller_N_gaslimit_cost_high,log_median_offer_price,grf_blp_single,3238,-0.0610813109883859,0.0255455247624463,-2.39107677592827,0.0167990395343445,-0.111150539522781,-0.0110120824539911,-5.92532563814816,-10.5195964583042,-1.095167142775,0.719379374198643,0.735414229749054
seller_N_gaslimit_cost_high,log_buyern_avg_total_gaspaid,grf_blp_single,3238,0.016066755153954,0.0232396632367713,0.691350601351752,0.489345239599729,-0.0294829847901177,0.0616164950980258,1.61965194970386,-2.905260162559,6.35543881849816,0.719379374198643,0.735414229749054
seller_N_gaslimit_cost_high,log_buyern_1_avg_total_gaspaid,grf_blp_single,3238,-0.0339230836048536,0.0224092060879489,-1.51380122400215,0.130076262099457,-0.0778451275372336,0.00999896032752629,-3.33541473074499,-7.48923108443201,1.00491169633581,0.719379374198643,0.735414229749054
seller_N_gaslimit_cost_high,log_sellern_avg_total_gaspaid,grf_blp_single,3238,-0.0715847621401165,0.0157168253625633,-4.55465785798117,5.24709096654909e-06,-0.102389739850741,-0.0407797844294925,-6.90826322977347,-9.73223263589058,-3.99594774576438,0.719379374198643,0.735414229749054
seller_N_gaslimit_cost_high,log_sellern_1_avg_total_gaspaid,grf_blp_single,3238,-0.0197474232599413,0.0188044327414348,-1.05014724620906,0.293650419437659,-0.0566041114331536,0.017109264913271,-1.95537200392066,-5.50319026092794,1.72564666926478,0.719379374198643,0.735414229749054
seller_N_gaslimit_cost_high,log_buyern_avg_gasLimit_cost,grf_blp_single,3238,1.71424291569613,4.46376987156167,0.38403478786338,0.700952663797576,-7.03474603256473,10.463231863957,455.247023262582,-99.9119258183734,3500349.8611073,0.719379374198643,0.735414229749054
seller_N_gaslimit_cost_high,log_buyern_1_avg_gasLimit_cost,grf_blp_single,3238,3.22263764362842,4.75061443225313,0.678362281255478,0.497542018352184,-6.0885666435877,12.5338419308446,2409.42225820298,-99.7731341618526,27757274.6730076,0.719379374198643,0.735414229749054
seller_N_gaslimit_cost_high,log_sellern_1_avg_gasLimit_cost,grf_blp_single,3238,-5.43310455191756,4.25238551169815,-1.27766039484692,0.201369195553448,-13.7677801548459,2.90157105101081,-99.5630490644982,-99.999895111216,1720.27203193709,0.719379374198643,0.735414229749054
seller_N_gaslimit_cost_high,`time_n_sale_str_2021-06`,grf_blp_single,3238,-0.0714971031396556,0.127277368847297,-0.561742466765128,0.574291496075108,-0.320960746080357,0.177966539801046,-6.90010254350344,-27.4548272744959,19.4785342810684,0.719379374198643,0.735414229749054
seller_N_gaslimit_cost_high,`time_n_sale_str_2021-07`,grf_blp_single,3238,-0.512358203982351,0.148665500172505,-3.44638267377322,0.000568145208579611,-0.80374258432046,-0.220973823644241,-40.0918843849015,-55.2349544479405,-19.8262333414093,0.719379374198643,0.735414229749054
seller_N_gaslimit_cost_high,`time_n_sale_str_2021-08`,grf_blp_single,3238,-0.230321786675907,0.203849925972823,-1.12985955514457,0.258535408579765,-0.629867641582641,0.169224068230826,-20.5722026692272,-46.7337701319846,18.4385492356111,0.719379374198643,0.735414229749054
seller_N_gaslimit_cost_high,`time_n_sale_str_2021-09`,grf_blp_single,3238,-0.21188431322949,0.245695428879943,-0.862386061455889,0.388475108165009,-0.693447353834179,0.269678727375199,-19.0941710506612,-50.0150064113372,30.9543662613236,0.719379374198643,0.735414229749054
seller_N_gaslimit_cost_high,`time_n_sale_str_2021-10`,grf_blp_single,3238,-0.138597628295369,0.240237853159842,-0.57691836016847,0.563994607078883,-0.609463820488659,0.33226856389792,-12.9421745950812,-45.6357719204518,39.4127210478055,0.719379374198643,0.735414229749054
seller_N_gaslimit_cost_high,`time_n_sale_str_2021-11`,grf_blp_single,3238,0.421505797069476,0.224601324239953,1.87668438062796,0.0605613646317882,-0.018712798440833,0.861724392579784,52.4255047202032,-1.85388010445009,136.72392259556,0.719379374198643,0.735414229749054
seller_N_gaslimit_cost_high,`time_n_sale_str_2021-12`,grf_blp_single,3238,-0.0027328598959166,0.254127787374267,-0.0107538806525387,0.99141981003631,-0.500823323149479,0.495357603357646,-0.272912903372635,-39.396850550504,64.1084991641638,0.719379374198643,0.735414229749054
seller_N_gaslimit_cost_high,`time_n_sale_str_2022-01`,grf_blp_single,3238,0.0996360972677888,0.212643234877288,0.468559920682578,0.639384231080217,-0.317144643091696,0.516416837627273,10.4768816526363,-27.1774585267933,67.6011456450088,0.719379374198643,0.735414229749054
seller_N_gaslimit_cost_high,`time_n_sale_str_2022-02`,grf_blp_single,3238,-0.101895804519873,0.340891434626314,-0.298909840992548,0.765008838174608,-0.770043016387449,0.566251407347703,-9.68763518312884,-53.7006848409937,76.1650946845383,0.719379374198643,0.735414229749054
seller_N_gaslimit_cost_high,`time_n_sale_str_2022-03`,grf_blp_single,3238,-0.519253776337236,0.212549969173014,-2.44297272005045,0.0145668383373684,-0.935851715916343,-0.10265583675813,-40.5035641158419,-60.7748363744285,-9.75624941408619,0.719379374198643,0.735414229749054
seller_N_gaslimit_cost_high,`time_n_sale_str_2022-04`,grf_blp_single,3238,0.170972243874889,0.278662277666128,0.613546423673944,0.539515096578626,-0.375205820350723,0.7171503081005,18.6457817093072,-31.2852164772955,104.858704281028,0.719379374198643,0.735414229749054
seller_N_gaslimit_cost_high,`time_n_sale_str_2022-05`,grf_blp_single,3238,0.568013294008926,0.298848713490884,1.90067170567309,0.0573450268343408,-0.0177301844332065,1.15375677245106,76.4757512054635,-1.75739295519778,217.007983606644,0.719379374198643,0.735414229749054
seller_N_gaslimit_cost_high,`time_n_sale_str_2022-06`,grf_blp_single,3238,-0.159436636208068,0.263327976887638,-0.605467896318893,0.544868149550664,-0.675559470907838,0.356686198491702,-14.7376008825998,-49.1128357927239,42.8587506594717,0.719379374198643,0.735414229749054
seller_N_gaslimit_cost_high,`time_n_sale_str_2022-07`,grf_blp_single,3238,-0.45315057792991,0.253391774401754,-1.7883397320208,0.0737212133150352,-0.949798455757348,0.0434972998975293,-36.437758428747,-61.3181023263571,4.44571741668223,0.719379374198643,0.735414229749054
seller_N_gaslimit_cost_high,`time_n_sale_str_2022-08`,grf_blp_single,3238,-0.0941428412502843,0.236708076248708,-0.397717064589587,0.690838757178564,-0.558090670697752,0.369804988197183,-8.98472544010128,-42.7699268102615,44.7452316852715,0.719379374198643,0.735414229749054
seller_N_gaslimit_cost_high,`time_n_sale_str_2022-09`,grf_blp_single,3238,0.0662580246785045,0.341364577564705,0.194097539795105,0.846099507955864,-0.602816547348317,0.735332596705326,6.85023815838419,-45.2731943062024,108.617573230614,0.719379374198643,0.735414229749054
seller_N_gaslimit_cost_high,`time_n_sale_str_2022-10`,grf_blp_single,3238,-0.724201252794851,0.468901860272465,-1.5444623153639,0.122476373816314,-1.64324889892888,0.19484639333918,-51.5288423608822,-80.6649156605471,21.5124320964139,0.719379374198643,0.735414229749054
seller_N_gaslimit_cost_high,`time_n_sale_str_2022-11`,grf_blp_single,3238,-0.417693604986448,0.230781224427146,-1.80991155594769,0.0703095037966854,-0.870024804863654,0.0346375948907574,-34.1436021765283,-58.1058842659532,3.524446292554,0.719379374198643,0.735414229749054
seller_N_gaslimit_cost_high,`time_n_sale_str_2022-12`,grf_blp_single,3238,-0.768582344152623,0.384181834992351,-2.0005691944491,0.0454388361537589,-1.52157874073763,-0.0155859475676151,-53.6330073015309,-78.1633129995705,-1.54651152633184,0.719379374198643,0.735414229749054
seller_N_gaslimit_cost_high,`time_n_sale_str_2023-01`,grf_blp_single,3238,0.168616036310374,0.306349904213787,0.550403424290629,0.582042700517033,-0.431829775948647,0.769061848569396,18.3665567061598,-35.0680102858224,115.77410161225,0.719379374198643,0.735414229749054
seller_N_gaslimit_cost_high,`time_n_sale_str_2023-02`,grf_blp_single,3238,0.0998515286620259,0.264808675678124,0.377070458157481,0.706121244549611,-0.419173475667097,0.618876532991149,10.5006844051197,-34.240989051037,85.6840770229441,0.719379374198643,0.735414229749054
seller_N_gaslimit_cost_high,`time_n_sale_str_2023-03`,grf_blp_single,3238,-0.133697103552827,0.260111134840664,-0.513999924050641,0.607252043766821,-0.643514927840528,0.376120720734874,-12.5144985049131,-47.4557717316802,45.662296775257,0.719379374198643,0.735414229749054
seller_N_gaslimit_cost_high,`time_n_sale_str_2023-04`,grf_blp_single,3238,-0.192487427649585,0.271320563101383,-0.709446513929205,0.478047431708852,-0.724275731328296,0.339300876029126,-17.509531087078,-51.5324522871848,40.3965701296364,0.719379374198643,0.735414229749054
seller_N_gaslimit_cost_high,`time_n_sale_str_2023-05`,grf_blp_single,3238,0.468474261173138,0.338675192658644,1.38325531756712,0.166586593440027,-0.195329116437804,1.13227763878408,59.7554881303666,-17.7436105796681,210.271532310453,0.719379374198643,0.735414229749054
seller_N_gaslimit_cost_high,`time_n_sale_str_2023-06`,grf_blp_single,3238,-0.563953902940197,0.17777450171004,-3.17229916279016,0.00151237124857825,-0.912391926291875,-0.21551587958852,-43.1044982271889,-59.8437433675273,-19.3874530784266,0.719379374198643,0.735414229749054
seller_N_gaslimit_cost_high,`time_n_sale_str_2023-07`,grf_blp_single,3238,-0.221835664379036,0.211655045453387,-1.04810005310216,0.294592511844832,-0.636679553467674,0.193008224709602,-19.8953005926172,-47.0953819640293,21.2892769168901,0.719379374198643,0.735414229749054
seller_N_gaslimit_cost_high,`time_n_sale_str_2023-08`,grf_blp_single,3238,-0.167329858042237,0.273497779431373,-0.611814320358034,0.540660613975253,-0.703385505727728,0.368725789643254,-15.4079468379074,-50.5093045964472,44.5891071004146,0.719379374198643,0.735414229749054
seller_N_gaslimit_cost_high,`time_n_sale_str_2023-09`,grf_blp_single,3238,-0.52007626713712,0.366606566230562,-1.41862234625127,0.156009147424956,-1.23862513694902,0.198472602674782,-40.5524792680936,-71.0217644762754,21.9538614860499,0.719379374198643,0.735414229749054
seller_N_gaslimit_cost_high,`time_n_sale_str_2023-10`,grf_blp_single,3238,0.191719673373044,0.206512661905424,0.928367643921248,0.353216896430663,-0.213045143961588,0.596484490707676,21.1330901059813,-19.1880345329637,81.5724371239192,0.719379374198643,0.735414229749054
seller_N_gaslimit_cost_high,`time_n_sale_str_2023-11`,grf_blp_single,3238,0.106018239062603,0.157649942403127,0.672491454462467,0.501270878565078,-0.202975648047526,0.415012126172732,11.1842155280272,-18.3701880363413,51.438910432457,0.719379374198643,0.735414229749054
seller_N_gaslimit_cost_high,`time_n_sale_str_2023-12`,grf_blp_single,3238,0.305351729731502,0.180674280958154,1.69006749666946,0.0910150423492681,-0.0487698609464805,0.659473320409485,35.710225228074,-4.75997110199397,93.3773587067881,0.719379374198643,0.735414229749054
seller_N_gaslimit_cost_high,`time_n_sale_str_2024-01`,grf_blp_single,3238,-0.16132371319468,0.112484753897114,-1.4341829235119,0.151520068848105,-0.381793830833023,0.0591464044436636,-14.8983458770058,-31.7364222852054,6.09305543181533,0.719379374198643,0.735414229749054
seller_N_gaslimit_cost_high,`time_n_sale_str_2024-02`,grf_blp_single,3238,0.302057435855883,0.150801517811828,2.00301323381103,0.0451758680387759,0.00648646094469912,0.597628410767066,35.2638914452182,0.650754359176453,81.7802603208772,0.719379374198643,0.735414229749054
seller_N_gaslimit_cost_high,`time_n_sale_str_2024-03`,grf_blp_single,3238,0.0988451874514984,0.106453905888823,0.92852569970264,0.35313494309127,-0.109804468090595,0.307494842993592,10.3895389471187,-10.3990683418279,36.001379488402,0.719379374198643,0.735414229749054
seller_N_gaslimit_cost_high,`time_n_sale_str_2024-04`,grf_blp_single,3238,0.178042073107992,0.169290294056997,1.05169687429362,0.292938645537431,-0.153766903243722,0.509851049459707,19.4875592307096,-14.2528128369836,66.5043167395031,0.719379374198643,0.735414229749054
seller_N_gaslimit_cost_high,`time_n_sale_str_2024-05`,grf_blp_single,3238,0.0978943193656705,0.151291364746997,0.647058208043651,0.517594271786313,-0.198636755538444,0.394425394269785,10.2846229460682,-18.0152355632419,48.3531500262901,0.719379374198643,0.735414229749054
seller_N_gaslimit_cost_high,`time_n_sale_str_2024-06`,grf_blp_single,3238,0.429507675385196,0.160554290360373,2.6751553908721,0.00746946202989754,0.114821266278865,0.744194084491528,53.6500880102526,12.1672938876271,110.474450504351,0.719379374198643,0.735414229749054
seller_N_gaslimit_cost_high,`time_n_sale_str_2024-07`,grf_blp_single,3238,-0.275230492396813,0.280129011207471,-0.98251334701271,0.325847010806467,-0.824283354363457,0.27382236956983,-24.0602932199019,-56.1450835778457,31.4981200815612,0.719379374198643,0.735414229749054
seller_N_gaslimit_cost_high,`time_n_sale_str_2024-08`,grf_blp_single,3238,-0.245028476784977,0.271297400932841,-0.903172960531357,0.366434106210292,-0.776771382613345,0.286714429043392,-21.7317750349612,-54.0111579297868,33.2043766143366,0.719379374198643,0.735414229749054
seller_N_gaslimit_cost_high,`time_n_sale_str_2024-09`,grf_blp_single,3238,0.247755731454981,0.23624552047799,1.04872139354728,0.294306364955201,-0.215285488681879,0.710796951591842,28.1146950068285,-19.3688785410347,103.561289731605,0.719379374198643,0.735414229749054
seller_N_gaslimit_cost_high,`time_n_sale_str_2024-10`,grf_blp_single,3238,0.303968382870848,0.182375388950364,1.66671821576528,0.0955704490725168,-0.0534873794718646,0.661424145213561,35.5226207050275,-5.20820958471082,93.7549722638892,0.719379374198643,0.735414229749054
seller_N_gaslimit_cost_high,`time_n_sale_str_2024-11`,grf_blp_single,3238,0.175396079304739,0.143453733854119,1.22266653221521,0.221455672661072,-0.105773239049335,0.456565397658813,19.1718138038593,-10.0371374409633,57.8642653348421,0.719379374198643,0.735414229749054
seller_N_gaslimit_cost_high,`time_n_sale_str_2024-12`,grf_blp_single,3238,-0.018104937901647,0.153315577448138,-0.118089356626344,0.905996856624919,-0.318603469699997,0.282393593896703,-1.7942028151943,-27.2836165360873,32.6300641105103,0.719379374198643,0.735414229749054
seller_N_gaslimit_cost_high,`time_n_sale_str_2025-01`,grf_blp_single,3238,0.584152349932091,0.172833962268524,3.37984700613714,0.000725261896457053,0.245397783885784,0.922906915978398,79.3470106086918,27.8129631469118,151.659529849899,0.719379374198643,0.735414229749054
seller_N_gaslimit_cost_high,`time_n_sale_str_2025-02`,grf_blp_single,3238,-0.100442195107518,0.231722244089774,-0.433459444094652,0.664681023262022,-0.554617793523475,0.353733403308438,-9.55626081920568,-42.5708282731247,42.4375402087767,0.719379374198643,0.735414229749054
seller_N_gaslimit_cost_high,`time_n_sale_str_2025-03`,grf_blp_single,3238,-0.104909039154477,0.387786107851272,-0.270533257975072,0.786750034291989,-0.864969810542971,0.655151732234016,-9.95935794092158,-57.8935735863048,92.5434645713406,0.719379374198643,0.735414229749054
seller_N_gaslimit_cost_high,`time_n-1_sale_str_2021-06`,grf_blp_single,3238,-0.0680807325093301,0.108713898965535,-0.626237612275439,0.531159100287005,-0.281159974481779,0.144998509463119,-6.58149485706358,-24.5092440125724,15.6037847149691,0.719379374198643,0.735414229749054
seller_N_gaslimit_cost_high,`time_n-1_sale_str_2021-07`,grf_blp_single,3238,-0.0692551301735796,0.154129216623449,-0.449331617267449,0.653192453016955,-0.37134839475554,0.232838134408381,-6.69114093465032,-31.0196424258016,26.2177159738863,0.719379374198643,0.735414229749054
seller_N_gaslimit_cost_high,`time_n-1_sale_str_2021-08`,grf_blp_single,3238,-0.0195220942972531,0.0972512642682763,-0.200738719893652,0.840902881816572,-0.210134572263075,0.171090383668568,-1.9332772203933,-18.9524828846819,18.6597993254821,0.719379374198643,0.735414229749054
seller_N_gaslimit_cost_high,`time_n-1_sale_str_2021-09`,grf_blp_single,3238,-0.417457041750928,0.183971255105851,-2.26914276097501,0.0232596457269449,-0.778040701758395,-0.0568733817434604,-34.1280211311009,-54.0694954152091,-5.52863202070038,0.719379374198643,0.735414229749054
seller_N_gaslimit_cost_high,`time_n-1_sale_str_2021-10`,grf_blp_single,3238,-0.324425861098401,0.159844529993575,-2.02963380174123,0.042393776371958,-0.637721139885809,-0.0111305823109927,-27.7057696188614,-47.1504580074234,-1.10688665693126,0.719379374198643,0.735414229749054
seller_N_gaslimit_cost_high,`time_n-1_sale_str_2021-11`,grf_blp_single,3238,0.0452663688393385,0.185909458701155,0.243486098854729,0.807628852642008,-0.319116170214925,0.409648907893601,4.63065262480435,-27.3208887077857,50.6288846141302,0.719379374198643,0.735414229749054
seller_N_gaslimit_cost_high,`time_n-1_sale_str_2021-12`,grf_blp_single,3238,-0.0720620651047817,0.2660735836263,-0.270835098030598,0.786517864041387,-0.593566289012331,0.449442158802767,-6.95268558941441,-44.7646085674162,56.7437560316638,0.719379374198643,0.735414229749054
seller_N_gaslimit_cost_high,`time_n-1_sale_str_2022-01`,grf_blp_single,3238,-0.473714744018172,0.240011346181164,-1.97371812439486,0.0484138031233161,-0.944136982533254,-0.00329250550309018,-37.7315148185368,-61.0984847053837,-0.328709115073789,0.719379374198643,0.735414229749054
seller_N_gaslimit_cost_high,`time_n-1_sale_str_2022-02`,grf_blp_single,3238,-0.422123279123529,0.410739853081364,-1.02771444250361,0.304084172111851,-1.227173391163,0.382926832915945,-34.4346793941569,-70.6880056767557,46.6570721439468,0.719379374198643,0.735414229749054
seller_N_gaslimit_cost_high,`time_n-1_sale_str_2022-03`,grf_blp_single,3238,0.114455248724322,0.270863540749878,0.42255686537751,0.672618603337773,-0.416437291145439,0.645347788594083,12.1262462015638,-34.0608138792707,90.6650025105686,0.719379374198643,0.735414229749054
seller_N_gaslimit_cost_high,`time_n-1_sale_str_2022-04`,grf_blp_single,3238,0.575449591914284,0.324852738203321,1.77141678132975,0.0764914200251297,-0.0612617749642261,1.21216095879279,77.792969006475,-5.94230119612497,236.073923029415,0.719379374198643,0.735414229749054
seller_N_gaslimit_cost_high,`time_n-1_sale_str_2022-05`,grf_blp_single,3238,0.287863981478814,0.292895603581854,0.982821107447474,0.325695491526312,-0.28621140154162,0.861939364499248,33.3575900764645,-24.8896185342276,136.774817061828,0.719379374198643,0.735414229749054
seller_N_gaslimit_cost_high,`time_n-1_sale_str_2022-06`,grf_blp_single,3238,-0.0310235818838073,0.278488985858644,-0.111399672730879,0.911299419569598,-0.576861994166749,0.514814830399134,-3.05472887147292,-43.8341909526355,67.3328623515062,0.719379374198643,0.735414229749054
seller_N_gaslimit_cost_high,`time_n-1_sale_str_2022-07`,grf_blp_single,3238,0.0260394045471417,0.408779046297648,0.0637004386183273,0.94920875549116,-0.775167526196249,0.827246335290532,2.63813917705493,-53.9373392488591,128.701239614509,0.719379374198643,0.735414229749054
seller_N_gaslimit_cost_high,`time_n-1_sale_str_2022-08`,grf_blp_single,3238,0.177457110932031,0.164994893226301,1.07553092984907,0.28213709219967,-0.145932879791518,0.50084710165558,19.4176839672472,-13.5784292423547,65.0118496930903,0.719379374198643,0.735414229749054
seller_N_gaslimit_cost_high,`time_n-1_sale_str_2022-09`,grf_blp_single,3238,0.217256908741494,0.299122223997423,0.72631483491299,0.4676457870393,-0.369022650293454,0.803536467776443,24.2663312199719,-30.8590250360778,123.342541567131,0.719379374198643,0.735414229749054
seller_N_gaslimit_cost_high,`time_n-1_sale_str_2022-10`,grf_blp_single,3238,0.581669372234961,0.38614595262759,1.50634589920444,0.13197840110772,-0.175176694915115,1.33851543938504,78.9022483771575,-16.0691293914209,281.337811014326,0.719379374198643,0.735414229749054
seller_N_gaslimit_cost_high,`time_n-1_sale_str_2022-11`,grf_blp_single,3238,0.155658622481589,0.234875453801836,0.662728352247987,0.507504548002317,-0.304697266970009,0.616014511933187,16.8427260200146,-26.2653440234678,85.153405043801,0.719379374198643,0.735414229749054
seller_N_gaslimit_cost_high,`time_n-1_sale_str_2022-12`,grf_blp_single,3238,0.607242074539939,0.282891420399797,2.1465552885335,0.0318287026992426,0.052774890556337,1.16170925852354,83.5362619040618,5.41923097627786,219.539035921221,0.719379374198643,0.735414229749054
seller_N_gaslimit_cost_high,`time_n-1_sale_str_2023-01`,grf_blp_single,3238,0.928948393202955,0.473374210677659,1.96239755408965,0.0497162173144123,0.00113494027474415,1.85676184613117,153.18452714759,0.113558456317775,540.296936552488,0.719379374198643,0.735414229749054
seller_N_gaslimit_cost_high,`time_n-1_sale_str_2023-02`,grf_blp_single,3238,0.351588939804158,0.39652402775714,0.886677515591807,0.375252547038797,-0.425598154599837,1.12877603420815,42.1324153836176,-34.6621153341884,209.186984030902,0.719379374198643,0.735414229749054
seller_N_gaslimit_cost_high,`time_n-1_sale_str_2023-03`,grf_blp_single,3238,0.217840023371828,0.375366413548451,0.58033967747013,0.561685575503829,-0.517878147183137,0.953558193926792,24.3388138665561,-40.4216627640465,159.492650365751,0.719379374198643,0.735414229749054
seller_N_gaslimit_cost_high,`time_n-1_sale_str_2023-04`,grf_blp_single,3238,0.188746075395259,0.387067966265665,0.48763031778691,0.625811716933186,-0.569907138485445,0.947399289275963,20.773424010409,-43.4422043313294,157.899371337731,0.719379374198643,0.735414229749054
seller_N_gaslimit_cost_high,`time_n-1_sale_str_2023-05`,grf_blp_single,3238,1.15401165000392,0.19500894541965,5.91773699160593,3.26401354787342e-09,0.771794116981409,1.53622918302644,217.088792123445,116.364460516442,364.703407622088,0.719379374198643,0.735414229749054
seller_N_gaslimit_cost_high,`time_n-1_sale_str_2023-06`,grf_blp_single,3238,0.143562176681748,0.105388781631714,1.36221497638555,0.173130050785199,-0.0629998353164122,0.350124188679907,15.4378584005609,-6.1056371682274,41.9243791662287,0.719379374198643,0.735414229749054
seller_N_gaslimit_cost_high,`time_n-1_sale_str_2023-07`,grf_blp_single,3238,-0.0621190001780601,0.188318439024518,-0.329861486213639,0.741504625714795,-0.431223140666116,0.306985140309996,-6.02289527851981,-35.0286082997877,35.9320768836662,0.719379374198643,0.735414229749054
seller_N_gaslimit_cost_high,`time_n-1_sale_str_2023-08`,grf_blp_single,3238,-0.0659199660360142,0.170073807518368,-0.387596226590592,0.698314861797089,-0.399264628772016,0.267424696699988,-6.37942104462596,-32.9186838599762,30.6595235198423,0.719379374198643,0.735414229749054
seller_N_gaslimit_cost_high,`time_n-1_sale_str_2023-09`,grf_blp_single,3238,-0.524131141416785,0.305814555723534,-1.71388552836123,0.0865497513643384,-1.12352767063491,0.0752653878013418,-40.7930434325646,-67.4869185224447,7.81702461509537,0.719379374198643,0.735414229749054
seller_N_gaslimit_cost_high,`time_n-1_sale_str_2023-10`,grf_blp_single,3238,0.118943774639388,0.142717125305395,0.833423279686054,0.404606049937981,-0.160781790959187,0.398669340237962,12.6306589513873,-14.8522148997871,48.9840906712206,0.719379374198643,0.735414229749054
seller_N_gaslimit_cost_high,`time_n-1_sale_str_2023-11`,grf_blp_single,3238,0.0195600749147249,0.123574489158103,0.1582857032061,0.874231673312313,-0.222645923835157,0.261766073664607,1.97526265726358,-19.9601798947082,29.9222584500833,0.719379374198643,0.735414229749054
seller_N_gaslimit_cost_high,`time_n-1_sale_str_2023-12`,grf_blp_single,3238,-0.155013246526192,0.108350622208403,-1.43066318740687,0.152526768493024,-0.367380466054662,0.0573539730022791,-14.3596166967328,-30.745389537062,5.90306123020505,0.719379374198643,0.735414229749054
seller_N_gaslimit_cost_high,`time_n-1_sale_str_2024-01`,grf_blp_single,3238,-0.235601748994506,0.147002330981769,-1.60270757219302,0.108999230966335,-0.523726317718773,0.0525228197297612,-20.9904732480236,-40.7690702013203,5.39266121246054,0.719379374198643,0.735414229749054
seller_N_gaslimit_cost_high,`time_n-1_sale_str_2024-02`,grf_blp_single,3238,-0.164367164475338,0.149380820117838,-1.10032308261314,0.271191378404903,-0.4571535719063,0.128419242955624,-15.1569548836605,-36.691689118291,13.7029594434018,0.719379374198643,0.735414229749054
seller_N_gaslimit_cost_high,`time_n-1_sale_str_2024-03`,grf_blp_single,3238,-0.105108820576916,0.0528618711572794,-1.9883673860917,0.0467710730507415,-0.208718088045184,-0.00149955310864817,-9.97734459171025,-18.8375990093995,-0.149842934067213,0.719379374198643,0.735414229749054
seller_N_gaslimit_cost_high,`time_n-1_sale_str_2024-04`,grf_blp_single,3238,-0.238283637719384,0.0694893405864407,-3.42906747579469,0.000605658932187574,-0.374482745268808,-0.10208453016996,-21.2020841217348,-31.2355125619053,-9.70467783464647,0.719379374198643,0.735414229749054
seller_N_gaslimit_cost_high,`time_n-1_sale_str_2024-05`,grf_blp_single,3238,-0.158911504451819,0.111041463347758,-1.43110059666759,0.152401386321974,-0.376552772613425,0.0587297637097871,-14.6928151310282,-31.3777097044776,6.04886195038259,0.719379374198643,0.735414229749054
seller_N_gaslimit_cost_high,`time_n-1_sale_str_2024-06`,grf_blp_single,3238,-0.116054806401532,0.0479057274791142,-2.42256641342372,0.0154113084788539,-0.209950032260596,-0.0221595805424681,-10.9573579107815,-18.9375249955505,-2.19158606009179,0.719379374198643,0.735414229749054
seller_N_gaslimit_cost_high,`time_n-1_sale_str_2024-07`,grf_blp_single,3238,-0.264322881382679,0.074761511045802,-3.53554760578266,0.000406930916357308,-0.410855443032451,-0.117790319732907,-23.227438467441,-33.6917222091457,-11.1117585822218,0.719379374198643,0.735414229749054
seller_N_gaslimit_cost_high,`time_n-1_sale_str_2024-08`,grf_blp_single,3238,-0.0716544221865287,0.0600807579568497,-1.19263512351145,0.233012303862523,-0.189412707781954,0.0461038634088967,-6.91474777861787,-17.2555056750582,4.71831693225373,0.719379374198643,0.735414229749054
seller_N_gaslimit_cost_high,`time_n-1_sale_str_2024-09`,grf_blp_single,3238,-0.177544131659459,0.107504322674021,-1.65150690914835,0.0986351111296709,-0.38825260410054,0.0331643407816222,-16.2675953979301,-32.1759004833134,3.37204077025459,0.719379374198643,0.735414229749054
seller_N_gaslimit_cost_high,`time_n-1_sale_str_2024-10`,grf_blp_single,3238,-0.0884806339463747,0.0687803187649028,-1.28642372607794,0.198295222452318,-0.223290058725584,0.0463287908328348,-8.46791632832359,-20.011719734375,4.74187360269172,0.719379374198643,0.735414229749054
seller_N_gaslimit_cost_high,`time_n-1_sale_str_2024-11`,grf_blp_single,3238,-0.260635864059413,0.0839235985416806,-3.10563260618488,0.00189872464230493,-0.425126117201107,-0.0961456109177187,-22.9438542343848,-34.6312661286557,-9.16682565799834,0.719379374198643,0.735414229749054
seller_N_gaslimit_cost_high,`time_n-1_sale_str_2024-12`,grf_blp_single,3238,0.0805048306470975,0.059898319002794,1.3440248739425,0.178940343560621,-0.0368958745983786,0.197905535892574,8.38340822495687,-3.62235162620029,21.8847251065639,0.719379374198643,0.735414229749054
seller_N_gaslimit_cost_high,`time_n-1_sale_str_2025-01`,grf_blp_single,3238,-0.136169515197546,0.0392226758911129,-3.47170385762486,0.000517166502143782,-0.213045959944128,-0.0592930704509651,-12.730531506252,-19.1881004740897,-5.75694698601411,0.719379374198643,0.735414229749054
seller_N_gaslimit_cost_high,`time_n-1_sale_str_2025-02`,grf_blp_single,3238,0.00106197454256175,0.0676241067376945,0.0157040823722969,0.987470470137375,-0.131481274663319,0.133605223748443,0.106253863719341,-12.3204306721365,14.2941524399434,0.719379374198643,0.735414229749054
seller_N_gaslimit_cost_high,`time_n-1_sale_str_2025-03`,grf_blp_single,3238,-0.24210873229289,0.513051134145469,-0.471899809160627,0.636998304292647,-1.24768895521801,0.763471490632229,-21.5029178765825,-71.2832312033532,114.571212573542,0.719379374198643,0.735414229749054
seller_N_gaslimit_cost_high,`Background_recoded_Army Green`,grf_blp_single,3238,-0.100772422984307,0.104099041897408,-0.968043712483163,0.333022539175609,-0.304806545103226,0.103261699134612,-9.58612293224169,-26.2734011687834,10.8781538280113,0.719379374198643,0.735414229749054
seller_N_gaslimit_cost_high,Background_recoded_Blue,grf_blp_single,3238,-0.0551607897897147,0.093547134723028,-0.589657715899406,0.555420148972091,-0.23851317384685,0.12819159426742,-5.36670249601704,-21.2201690145503,13.6770780598829,0.719379374198643,0.735414229749054
seller_N_gaslimit_cost_high,Background_recoded_Gray,grf_blp_single,3238,0.0207543210364166,0.110862534117839,0.187207709092742,0.851497780714883,-0.196536245834547,0.238044887907381,2.09711896793086,-17.8428447790977,26.8766143803847,0.719379374198643,0.735414229749054
seller_N_gaslimit_cost_high,`Background_recoded_New Punk Blue`,grf_blp_single,3238,0.0714464401621104,0.096022397621584,0.744060156086445,0.45684008267105,-0.116757459176194,0.259650339500415,7.40606226478984,-11.0199019943486,29.6476680717436,0.719379374198643,0.735414229749054
seller_N_gaslimit_cost_high,Background_recoded_Orange,grf_blp_single,3238,0.153556830539122,0.108348747672012,1.41724601196095,0.156411013542216,-0.0588067148980209,0.365920375976265,16.5974048173029,-5.71110020584,44.1840432946916,0.719379374198643,0.735414229749054
seller_N_gaslimit_cost_high,Background_recoded_Purple,grf_blp_single,3238,0.0913233617282984,0.10820265618709,0.844002956548438,0.398667753479877,-0.120753844398399,0.303400567854996,9.56232306053311,-11.3747911339017,35.4456907690569,0.719379374198643,0.735414229749054
seller_N_gaslimit_cost_high,Background_recoded_Yellow,grf_blp_single,3238,-0.157394696791164,0.0885803777070643,-1.7768573680242,0.0755917101967608,-0.33101223709701,0.0162228435146826,-14.5633223565209,-28.1803619651982,1.63551483256799,0.719379374198643,0.735414229749054
seller_N_gaslimit_cost_high,`Clothes_recoded_Bayc T Black`,grf_blp_single,3238,0.310170196627265,0.270722238741495,1.14571376946774,0.25191360457811,-0.220445391306065,0.840785784560595,36.3657184236346,-19.7838557345707,131.818785750441,0.719379374198643,0.735414229749054
seller_N_gaslimit_cost_high,`Clothes_recoded_Bayc T Red`,grf_blp_single,3238,-0.660971028126779,0.38895257581472,-1.69936148833126,0.0892510935832085,-1.42331807672363,0.101376020470072,-48.3650299101875,-75.9086679635327,10.6692702645091,0.719379374198643,0.735414229749054
seller_N_gaslimit_cost_high,`Clothes_recoded_Biker Vest`,grf_blp_single,3238,-0.00572870640867588,0.15264904032878,-0.0375286107029381,0.970063528167596,-0.304920825453085,0.293463412635733,-0.57123286594809,-26.2818261888754,34.1064112511377,0.719379374198643,0.735414229749054
seller_N_gaslimit_cost_high,`Clothes_recoded_Black Holes T`,grf_blp_single,3238,0.0402851060819133,0.214050464988444,0.188203777478774,0.850716911403904,-0.379253805295438,0.459824017459264,4.11075579796523,-31.5628106588819,58.3795240157721,0.719379374198643,0.735414229749054
seller_N_gaslimit_cost_high,`Clothes_recoded_Black T`,grf_blp_single,3238,0.152106626484822,0.169252764963802,0.898695076073662,0.368815100461325,-0.179628792844231,0.483842045813875,16.4284373363917,-16.4419672754204,62.2295377067507,0.719379374198643,0.735414229749054
seller_N_gaslimit_cost_high,`Clothes_recoded_Bone Necklace`,grf_blp_single,3238,-0.0218704559807928,0.193204718375705,-0.113198353356275,0.909873301109223,-0.400551703997175,0.356810792035589,-2.16330315683927,-33.00496702168,42.8765510463754,0.719379374198643,0.735414229749054
seller_N_gaslimit_cost_high,`Clothes_recoded_Bone Tee`,grf_blp_single,3238,-0.261696437699598,0.193466359885025,-1.35267153346516,0.176160588487876,-0.640890503074247,0.11749762767505,-23.0255346297048,-47.3176922473315,12.4678961836607,0.719379374198643,0.735414229749054
seller_N_gaslimit_cost_high,`Clothes_recoded_Caveman Pelt`,grf_blp_single,3238,-0.117575038602008,0.235533340784084,-0.499186392086166,0.617648080202838,-0.579220386538812,0.344070309334796,-11.0926205611322,-43.9664958934585,41.0677815839829,0.719379374198643,0.735414229749054
seller_N_gaslimit_cost_high,`Clothes_recoded_Cowboy Shirt`,grf_blp_single,3238,-0.271785407205648,0.280985184771617,-0.967258851837879,0.333414648356574,-0.822516369358016,0.27894555494672,-23.7982232932411,-56.0675240950713,32.1735379957334,0.719379374198643,0.735414229749054
seller_N_gaslimit_cost_high,Clothes_recoded_Guayabera,grf_blp_single,3238,0.351155680742647,0.250971861843821,1.39918347085926,0.16175797192812,-0.140749168471242,0.843060529956536,42.0708485648723,-13.129281647715,132.346714690336,0.719379374198643,0.735414229749054
seller_N_gaslimit_cost_high,Clothes_recoded_Hawaiian,grf_blp_single,3238,0.0821953453472529,0.232737859609642,0.353167058789293,0.723963201970166,-0.373970859487646,0.538361550182152,8.56678692833874,-31.2003039879215,71.3197573122128,0.719379374198643,0.735414229749054
seller_N_gaslimit_cost_high,`Clothes_recoded_Hip Hop`,grf_blp_single,3238,0.194439484443328,0.328398518557321,0.592083926862748,0.553794389474038,-0.449221611929022,0.838100580815678,21.4629976651743,-36.1875333015536,131.197140074971,0.719379374198643,0.735414229749054
seller_N_gaslimit_cost_high,`Clothes_recoded_Lab Coat`,grf_blp_single,3238,0.402072562873197,0.347346551495863,1.15755449749437,0.247045887372729,-0.278726678058694,1.08287180380509,49.4919804416692,-24.3253289568743,195.314824740193,0.719379374198643,0.735414229749054
seller_N_gaslimit_cost_high,`Clothes_recoded_Leather Jacket`,grf_blp_single,3238,0.299341379109762,0.374802840678889,0.798663581544789,0.424485509273134,-0.43527218862086,1.03395494684038,34.8970055074071,-35.291148702437,181.216583666209,0.719379374198643,0.735414229749054
seller_N_gaslimit_cost_high,`Clothes_recoded_Leather Punk Jacket`,grf_blp_single,3238,-0.277144563910377,0.295506736927152,-0.937862083254967,0.348315291044321,-0.856337768287595,0.302048640466842,-24.2055082291068,-57.5285358905141,35.2627017519017,0.719379374198643,0.735414229749054
seller_N_gaslimit_cost_high,`Clothes_recoded_Lumberjack Shirt`,grf_blp_single,3238,0.207459717974568,0.201228034174853,1.03096826853807,0.302555700322367,-0.186947229008144,0.60186666495728,23.0548146869962,-17.051249189101,82.5523262209433,0.719379374198643,0.735414229749054
seller_N_gaslimit_cost_high,`Clothes_recoded_Navy Striped Tee`,grf_blp_single,3238,-0.262092509346192,0.14554224302312,-1.80080026184946,0.0717343676063782,-0.547355305671507,0.0231702869791236,-23.0560159961487,-42.1522314237044,2.34408033520825,0.719379374198643,0.735414229749054
seller_N_gaslimit_cost_high,Clothes_recoded_No_Clothes,grf_blp_single,3238,-0.00636750001536286,0.0864712133141068,-0.0736372229707581,0.941299051879595,-0.175851078111012,0.163116078080286,-0.634727044717254,-16.1257118788925,17.7173325777907,0.719379374198643,0.735414229749054
seller_N_gaslimit_cost_high,Clothes_recoded_Other_Clothes,grf_blp_single,3238,0.182598088488871,0.183354355667232,0.995875379258876,0.319310699315471,-0.176776448618903,0.541972625596646,20.0331883919997,-16.2032907713447,71.9395242148996,0.719379374198643,0.735414229749054
seller_N_gaslimit_cost_high,`Clothes_recoded_Prison Jumpsuit`,grf_blp_single,3238,-0.0944054970380397,0.174568978262746,-0.540791943548806,0.588650996469304,-0.436560694433022,0.247749700356943,-9.00862798952969,-35.3744727401506,28.1139223368727,0.719379374198643,0.735414229749054
seller_N_gaslimit_cost_high,`Clothes_recoded_Prom Dress`,grf_blp_single,3238,-0.0921467467808631,0.206293739703522,-0.446677378156472,0.655108017645108,-0.496482476599767,0.312188983038041,-8.80286891289765,-39.1332097802311,36.6412897491165,0.719379374198643,0.735414229749054
seller_N_gaslimit_cost_high,`Clothes_recoded_Puffy Vest`,grf_blp_single,3238,-0.166007079818122,0.220928747362121,-0.751405517843372,0.452408642975414,-0.599027424647879,0.267013265011635,-15.2959762722651,-45.0654343590348,30.6057771087277,0.719379374198643,0.735414229749054
seller_N_gaslimit_cost_high,`Clothes_recoded_Rainbow Suspenders`,grf_blp_single,3238,-0.113713023208356,0.306688017583642,-0.370777522070432,0.710803244699696,-0.714821537672295,0.487395491255583,-10.7485950047324,-51.0720578050147,62.8070369664088,0.719379374198643,0.735414229749054
seller_N_gaslimit_cost_high,`Clothes_recoded_Sailor Shirt`,grf_blp_single,3238,-0.0174437200499889,0.161315615538716,-0.10813410711502,0.913889313204182,-0.333622326505873,0.298734886405895,-1.72924591599537,-28.3675732164468,34.8152162625906,0.719379374198643,0.735414229749054
seller_N_gaslimit_cost_high,Clothes_recoded_Service,grf_blp_single,3238,-0.343645556710744,0.225278243380837,-1.52542718530438,0.127152582394683,-0.785190913737184,0.0978998003156958,-29.0819752312734,-54.3967369419423,10.2852274122316,0.719379374198643,0.735414229749054
seller_N_gaslimit_cost_high,`Clothes_recoded_Sleeveless Logo T`,grf_blp_single,3238,-0.209925758107979,0.242995195589612,-0.863909089225437,0.38763783335792,-0.686196341463619,0.266344825247661,-18.9355572487781,-49.6512473876771,30.5185041854992,0.719379374198643,0.735414229749054
seller_N_gaslimit_cost_high,`Clothes_recoded_Sleeveless T`,grf_blp_single,3238,-0.0532477344894017,0.254685075155655,-0.209072849898482,0.834391368974314,-0.552430481794485,0.445935012815681,-5.1854904856088,-42.4450752918719,56.1949956505635,0.719379374198643,0.735414229749054
seller_N_gaslimit_cost_high,`Clothes_recoded_Smoking Jacket`,grf_blp_single,3238,0.0486546228584129,0.308428502197534,0.157750086362809,0.874653731364502,-0.555865241448753,0.653174487165579,4.98576912680038,-42.6424235092972,92.163135081769,0.719379374198643,0.735414229749054
seller_N_gaslimit_cost_high,`Clothes_recoded_Striped Tee`,grf_blp_single,3238,0.258839126188164,0.178321514732614,1.45153054905508,0.146632182001654,-0.0906710426877591,0.608349295064088,29.5425388043973,-8.66818958429579,83.7395895636741,0.719379374198643,0.735414229749054
seller_N_gaslimit_cost_high,`Clothes_recoded_Stunt Jacket`,grf_blp_single,3238,0.486783432608107,0.353116625402782,1.37853444893131,0.168038339434068,-0.205325153181346,1.17889201839756,62.7074200003862,-18.5617525695731,225.077041298055,0.719379374198643,0.735414229749054
seller_N_gaslimit_cost_high,Clothes_recoded_Tanktop,grf_blp_single,3238,-0.110026944454525,0.190199863756444,-0.578480669131381,0.562939644763368,-0.482818677417154,0.262764788508104,-10.4190002140406,-38.2958303175159,30.05207855394,0.719379374198643,0.735414229749054
seller_N_gaslimit_cost_high,`Clothes_recoded_Tie Dye`,grf_blp_single,3238,-0.114714369898699,0.284434761115281,-0.403306436417613,0.686722807344268,-0.67220650168465,0.442777761887252,-10.8379218726871,-48.9419263303173,55.7026265309638,0.719379374198643,0.735414229749054
seller_N_gaslimit_cost_high,Clothes_recoded_Toga,grf_blp_single,3238,0.181009582704564,0.206316077269716,0.877341141320417,0.380301372308279,-0.22336992874408,0.585389094153208,19.8426663406832,-20.0181081446746,79.5689542030764,0.719379374198643,0.735414229749054
seller_N_gaslimit_cost_high,`Clothes_recoded_Tuxedo Tee`,grf_blp_single,3238,0.00126913048747256,0.22079915920499,0.00574789547225722,0.995413868198593,-0.431497221554308,0.434035482529253,0.126993617437421,-35.0464132764186,54.3473633493226,0.719379374198643,0.735414229749054
seller_N_gaslimit_cost_high,`Clothes_recoded_Tweed Suit`,grf_blp_single,3238,-0.129094134809981,0.360742037842789,-0.357857197852389,0.720450183457791,-0.836148528981846,0.577960259361885,-12.110877260731,-56.6623549926946,78.2399088500581,0.719379374198643,0.735414229749054
seller_N_gaslimit_cost_high,`Clothes_recoded_Vietnam Jacket`,grf_blp_single,3238,-0.169820679717315,0.184586238854429,-0.920007259323604,0.357568965717783,-0.531609707871996,0.191968348437365,-15.6183883625059,-41.2341750199187,21.1632166306573,0.719379374198643,0.735414229749054
seller_N_gaslimit_cost_high,`Clothes_recoded_Wool Turtleneck`,grf_blp_single,3238,-0.376516935047371,0.240369533204888,-1.56640872920626,0.117252960674276,-0.847641220128952,0.0946073500342104,-31.375250404549,-57.1575700343088,9.92271588725635,0.719379374198643,0.735414229749054
seller_N_gaslimit_cost_high,`Clothes_recoded_Work Vest`,grf_blp_single,3238,0.289952068964621,0.242300624708936,1.19666249029662,0.231438132823405,-0.184957155464894,0.764861293394136,33.6363433207382,-16.8860107108387,114.869631561135,0.719379374198643,0.735414229749054
seller_N_gaslimit_cost_high,`Earring_recoded_Diamond Stud`,grf_blp_single,3238,0.268896625755419,0.187007322329912,1.4378935669751,0.150464255265962,-0.0976377260112089,0.635430977522046,30.85198668019,-9.30225814286894,88.7835580859768,0.719379374198643,0.735414229749054
seller_N_gaslimit_cost_high,`Earring_recoded_Gold Hoop`,grf_blp_single,3238,-0.050901101812131,0.176814082532026,-0.287879229319369,0.773439186783387,-0.397456703574903,0.295654499950641,-4.96273439816664,-32.7972961613955,34.4005722562157,0.719379374198643,0.735414229749054
seller_N_gaslimit_cost_high,`Earring_recoded_Gold Stud`,grf_blp_single,3238,-0.274308605183535,0.150455786869284,-1.82318414526557,0.0682755055484807,-0.569201947447331,0.0205847370802615,-23.9902530956542,-43.4023062144445,2.0798064025924,0.719379374198643,0.735414229749054
seller_N_gaslimit_cost_high,Earring_recoded_No_Earring,grf_blp_single,3238,-0.0337876684030763,0.0743219751616392,-0.454612089218473,0.649388335933654,-0.179458739719889,0.111883402913737,-3.32232399010339,-16.4277567626549,11.8382452907275,0.719379374198643,0.735414229749054
seller_N_gaslimit_cost_high,`Earring_recoded_Silver Hoop`,grf_blp_single,3238,0.16958149404373,0.106570644528986,1.59125896998404,0.111551306530535,-0.0392969692330829,0.378459957320543,18.4808897967048,-3.85348588195967,46.0034341940323,0.719379374198643,0.735414229749054
seller_N_gaslimit_cost_high,`Earring_recoded_Silver Stud`,grf_blp_single,3238,0.00451310233097607,0.138535568735477,0.0325772101141297,0.974011743876625,-0.267016612390558,0.27604281705251,0.452330171515025,-23.4339648089078,31.790429159652,0.719379374198643,0.735414229749054
seller_N_gaslimit_cost_high,Eyes_recoded_Angry,grf_blp_single,3238,0.222061931771488,0.182049223235916,1.21979060291688,0.222544264604139,-0.134754545770907,0.578878409313882,24.8648706496069,-12.6069604724541,78.4036349648733,0.719379374198643,0.735414229749054
seller_N_gaslimit_cost_high,Eyes_recoded_Blindfold,grf_blp_single,3238,0.211475578787697,0.180264981884345,1.17313732582502,0.240740740380541,-0.14184378570562,0.564794943281013,23.5499792857532,-13.2243198084923,75.9087033120591,0.719379374198643,0.735414229749054
seller_N_gaslimit_cost_high,Eyes_recoded_Bloodshot,grf_blp_single,3238,0.129521234949462,0.118950407116553,1.08886752125658,0.276212310603047,-0.103621562998982,0.362664032897907,13.8283282594127,-9.84335810375618,43.7152942014408,0.719379374198643,0.735414229749054
seller_N_gaslimit_cost_high,Eyes_recoded_Bored,grf_blp_single,3238,-0.137065597011256,0.0875378685793501,-1.56578631894619,0.117398650138734,-0.308639819426782,0.0345086254042704,-12.808697063264,-26.5554744694773,3.5110956588075,0.719379374198643,0.735414229749054
seller_N_gaslimit_cost_high,Eyes_recoded_Closed,grf_blp_single,3238,0.0982400652132791,0.148069956473572,0.66347061586942,0.507029192648977,-0.191977049474922,0.388457179901481,10.322759988989,-17.4674190064978,47.4703835149215,0.719379374198643,0.735414229749054
seller_N_gaslimit_cost_high,Eyes_recoded_Coins,grf_blp_single,3238,0.0752373689016031,0.158955989368439,0.473322013222244,0.6359834593149,-0.236316370260537,0.386791108063744,7.81400374301351,-21.0469149664315,47.224891822231,0.719379374198643,0.735414229749054
seller_N_gaslimit_cost_high,Eyes_recoded_Crazy,grf_blp_single,3238,0.038494205148947,0.146475938058731,0.262802243556975,0.792703006197355,-0.248598633446165,0.32558704374406,3.92447060722556,-22.0107066486281,38.4843371042303,0.719379374198643,0.735414229749054
seller_N_gaslimit_cost_high,Eyes_recoded_Eyepatch,grf_blp_single,3238,-0.189873994779812,0.196898018938323,-0.964326587964755,0.334882214893456,-0.575794111898925,0.1960461223393,-17.2936658323658,-43.77418044472,21.6583015694972,0.719379374198643,0.735414229749054
seller_N_gaslimit_cost_high,Eyes_recoded_Heart,grf_blp_single,3238,-0.156956521707275,0.163120726388993,-0.962210782049746,0.33594373414838,-0.476673145429701,0.16276010201515,-14.5258779301191,-37.9154577702895,17.6754354825653,0.719379374198643,0.735414229749054
seller_N_gaslimit_cost_high,Eyes_recoded_Holographic,grf_blp_single,3238,0.650657875348296,0.278212914511202,2.3387047883505,0.019350717176557,0.10536056290634,1.19595518779025,91.6801430717885,11.1111163609461,230.671479608455,0.719379374198643,0.735414229749054
seller_N_gaslimit_cost_high,Eyes_recoded_Hypnotized,grf_blp_single,3238,-0.164331988165079,0.271302878906231,-0.605714133324312,0.544704597234462,-0.696085630821292,0.367421654491135,-15.1539703658903,-50.1467068620972,44.4006662660973,0.719379374198643,0.735414229749054
seller_N_gaslimit_cost_high,Eyes_recoded_Other_Eyes,grf_blp_single,3238,-0.0806855526519827,0.277929343966245,-0.290309585524665,0.77157940628942,-0.625427066825823,0.464055961521858,-7.75162815980448,-46.4967115075106,59.0511975420266,0.719379374198643,0.735414229749054
seller_N_gaslimit_cost_high,Eyes_recoded_Robot,grf_blp_single,3238,0.107721413865713,0.205419482001608,0.524397261720628,0.600002260690552,-0.294900770857438,0.510343598588864,11.3737430358408,-25.5394529637448,66.5863484963908,0.719379374198643,0.735414229749054
seller_N_gaslimit_cost_high,Eyes_recoded_Sad,grf_blp_single,3238,-0.136002286100444,0.123037702899138,-1.1053708163906,0.268998943915147,-0.377156183782755,0.105151611581866,-12.715936291493,-31.4191046705585,11.0879019714419,0.719379374198643,0.735414229749054
seller_N_gaslimit_cost_high,Eyes_recoded_Scumbag,grf_blp_single,3238,-0.154049523936516,0.196059905772569,-0.785726807984977,0.432027554205722,-0.53832693925075,0.230227891377719,-14.2770433422424,-41.6275958348513,25.8886866704589,0.719379374198643,0.735414229749054
seller_N_gaslimit_cost_high,Eyes_recoded_Sleepy,grf_blp_single,3238,-0.00779724124145566,0.129031244640582,-0.0604290942335319,0.951813887144977,-0.260698480736997,0.245103998254086,-0.776692161030368,-22.9486790831606,27.7754190500226,0.719379374198643,0.735414229749054
seller_N_gaslimit_cost_high,Eyes_recoded_Sunglasses,grf_blp_single,3238,0.407734743710734,0.230524914083801,1.76872311320985,0.0769400931610232,-0.0440940878935161,0.859563575314984,50.3408319762703,-4.31360760734041,136.212957706315,0.719379374198643,0.735414229749054
seller_N_gaslimit_cost_high,`Eyes_recoded_Wide Eyed`,grf_blp_single,3238,-0.0268071670298043,0.144558508803469,-0.185441640562641,0.852882650318757,-0.310141844284604,0.256527510224995,-2.64510442382214,-26.6657071656457,29.2434320469567,0.719379374198643,0.735414229749054
seller_N_gaslimit_cost_high,`Eyes_recoded_X Eyes`,grf_blp_single,3238,0.0403134989397205,0.211509034549444,0.190599418249893,0.848839446006017,-0.374244208777191,0.454871206656632,4.11371184181588,-31.2191077658305,57.5970395466266,0.719379374198643,0.735414229749054
seller_N_gaslimit_cost_high,Eyes_recoded_Zombie,grf_blp_single,3238,-0.284676141589269,0.164494464887368,-1.73061228403151,0.0835209392736662,-0.60708529276851,0.0377330095899715,-24.7742160097876,-45.5063111950522,3.84539386198233,0.719379374198643,0.735414229749054
seller_N_gaslimit_cost_high,Fur_recoded_Blue,grf_blp_single,3238,-0.0247978488742638,0.175379988616332,-0.141394973679195,0.88755792480304,-0.368542626562275,0.318946928813748,-2.44929080456086,-30.8258277601956,37.5678314088641,0.719379374198643,0.735414229749054
seller_N_gaslimit_cost_high,Fur_recoded_Brown,grf_blp_single,3238,-0.0599101488179661,0.0932229790818714,-0.642654304850643,0.520448437601437,-0.242627187818434,0.122806890182502,-5.81508439575541,-21.5436045745154,13.0666057148124,0.719379374198643,0.735414229749054
seller_N_gaslimit_cost_high,Fur_recoded_Cheetah,grf_blp_single,3238,-0.276765295705057,0.207348157487696,-1.33478541144732,0.181946589535364,-0.683167684380941,0.129637092970826,-24.176756336245,-49.498527129567,13.841516948293,0.719379374198643,0.735414229749054
seller_N_gaslimit_cost_high,Fur_recoded_Cream,grf_blp_single,3238,-0.0128374889048623,0.133868888865382,-0.0958959845985699,0.923603183710201,-0.275220511081011,0.249545533271287,-1.27554398208563,-24.0595352379238,28.3442002438259,0.719379374198643,0.735414229749054
seller_N_gaslimit_cost_high,`Fur_recoded_Dark Brown`,grf_blp_single,3238,-0.0117191931555097,0.0903462783979093,-0.129714177089788,0.896792565641535,-0.188797898815412,0.165359512504393,-1.16507908786495,-17.2046179765115,17.9817201512129,0.719379374198643,0.735414229749054
seller_N_gaslimit_cost_high,`Fur_recoded_Death Bot`,grf_blp_single,3238,-0.207968746251922,0.234736685214402,-0.885966103091084,0.375635793352558,-0.668052649272149,0.252115156768305,-18.7767578377264,-48.7293975267747,28.6744206057763,0.719379374198643,0.735414229749054
seller_N_gaslimit_cost_high,Fur_recoded_Dmt,grf_blp_single,3238,0.0439789426946986,0.231016891082676,0.190371113075708,0.849018332151425,-0.408814163827346,0.496772049216744,4.49603506076386,-33.5562302591625,64.3407859910923,0.719379374198643,0.735414229749054
seller_N_gaslimit_cost_high,`Fur_recoded_Golden Brown`,grf_blp_single,3238,0.0294934395786377,0.124326172824117,0.237226312920947,0.812481224094701,-0.214185859156632,0.273172738313908,2.99326786573813,-19.2801654123761,31.4127225341224,0.719379374198643,0.735414229749054
seller_N_gaslimit_cost_high,Fur_recoded_Gray,grf_blp_single,3238,0.125645523615445,0.140271238169736,0.89573261956529,0.370395584347654,-0.149286103197238,0.400577150428128,13.3880163295793,-13.8677347520932,49.2685953417368,0.719379374198643,0.735414229749054
seller_N_gaslimit_cost_high,Fur_recoded_Noise,grf_blp_single,3238,-0.0248193589336458,0.266215271600434,-0.0932304100528744,0.925720515864792,-0.546601291270497,0.496962573403206,-2.45138910354107,-42.1085969246786,64.3720998685766,0.719379374198643,0.735414229749054
seller_N_gaslimit_cost_high,Fur_recoded_Other_Fur,grf_blp_single,3238,0.396575375836595,0.461724014397893,0.858901342512464,0.390394948682395,-0.508403692383276,1.30155444405647,48.6724496854207,-39.8545080023379,267.500481936753,0.719379374198643,0.735414229749054
seller_N_gaslimit_cost_high,Fur_recoded_Pink,grf_blp_single,3238,0.0400187284344157,0.155947866665641,0.256616068498184,0.797475169432747,-0.26563909023024,0.345676547099072,4.08302671312473,-23.3284207207339,41.2945520569788,0.719379374198643,0.735414229749054
seller_N_gaslimit_cost_high,Fur_recoded_Red,grf_blp_single,3238,-0.144146152461417,0.1426465607265,-1.01051263856121,0.312249747365295,-0.423733411485356,0.135441106562522,-13.4238794319019,-34.5401632943681,14.5041758403436,0.719379374198643,0.735414229749054
seller_N_gaslimit_cost_high,Fur_recoded_Robot,grf_blp_single,3238,0.291246307059414,0.251537367149183,1.15786497394115,0.246919143186256,-0.201766932552985,0.784259546671812,33.8094125393422,-18.2714611634739,119.078416658561,0.719379374198643,0.735414229749054
seller_N_gaslimit_cost_high,Fur_recoded_Tan,grf_blp_single,3238,0.192462127226449,0.146496420189175,1.31376675947383,0.188924707014424,-0.0946708563443346,0.479595110797233,21.223059230334,-9.0327701935643,61.5420203564495,0.719379374198643,0.735414229749054
seller_N_gaslimit_cost_high,Fur_recoded_White,grf_blp_single,3238,-0.0679776742485985,0.152604214922187,-0.445450830327724,0.655993985672652,-0.367081935496085,0.231126586998888,-6.57186681228714,-30.7247118332068,26.0018731343962,0.719379374198643,0.735414229749054
seller_N_gaslimit_cost_high,Fur_recoded_Zombie,grf_blp_single,3238,0.115978764287192,0.211827454204941,0.54751526294124,0.584024787482216,-0.299203045954493,0.531160574528877,12.2972024768638,-25.8591145917747,70.0905190799178,0.719379374198643,0.735414229749054
seller_N_gaslimit_cost_high,`Hat_recoded_Baby's Bonnet`,grf_blp_single,3238,-0.247595822189055,0.208669172712049,-1.18654719799327,0.235406273944182,-0.656587400704671,0.161395756326561,-21.932458880007,-48.1381845999593,17.5149949825515,0.719379374198643,0.735414229749054
seller_N_gaslimit_cost_high,`Hat_recoded_Bayc Flipped Brim`,grf_blp_single,3238,-0.352983345798301,0.214715805199216,-1.64395604445978,0.100185282206182,-0.773826323988765,0.067859632392163,-29.7411105663036,-53.8755184587541,7.02150744051568,0.719379374198643,0.735414229749054
seller_N_gaslimit_cost_high,`Hat_recoded_Bayc Hat Black`,grf_blp_single,3238,0.236750129433911,0.272951899649462,0.867369414676933,0.38573963441694,-0.298235593879035,0.771735852746858,26.7124461108939,-25.7873521305364,116.351854574007,0.719379374198643,0.735414229749054
seller_N_gaslimit_cost_high,`Hat_recoded_Bayc Hat Red`,grf_blp_single,3238,0.229629223492809,0.467447597163552,0.491240568752921,0.623256308678647,-0.686568066947753,1.14582651393337,25.813343711631,-49.6699598239573,214.503970204174,0.719379374198643,0.735414229749054
seller_N_gaslimit_cost_high,Hat_recoded_Beanie,grf_blp_single,3238,0.155252839262454,0.151620749644915,1.02395509602772,0.305856484847412,-0.141923830041579,0.452429508566488,16.7953228208795,-13.2312654322081,57.212704562099,0.719379374198643,0.735414229749054
seller_N_gaslimit_cost_high,Hat_recoded_Bowler,grf_blp_single,3238,0.084171606993862,0.198705258511686,0.423600299379656,0.671857336951276,-0.305290699689042,0.473633913676766,8.78155545494164,-26.3090876001324,60.5819011031514,0.719379374198643,0.735414229749054
seller_N_gaslimit_cost_high,`Hat_recoded_Bunny Ears`,grf_blp_single,3238,-0.116809615961586,0.213864911167954,-0.546184109041862,0.584939388335937,-0.535984841850775,0.302365609927604,-11.0245427891988,-41.4907217551804,35.3055826931525,0.719379374198643,0.735414229749054
seller_N_gaslimit_cost_high,`Hat_recoded_Commie Hat`,grf_blp_single,3238,-0.0296215087354928,0.188879536243189,-0.156827517287813,0.875380785530057,-0.399825399772142,0.340582382301157,-2.91870917746964,-32.9562905713557,40.5766045478087,0.719379374198643,0.735414229749054
seller_N_gaslimit_cost_high,`Hat_recoded_Cowboy Hat`,grf_blp_single,3238,0.0515533064032798,0.145995608395395,0.353115459909312,0.724001883191259,-0.234598086051695,0.337704698858254,5.29053113913509,-20.9111345058759,40.1726510843024,0.719379374198643,0.735414229749054
seller_N_gaslimit_cost_high,`Hat_recoded_Faux Hawk`,grf_blp_single,3238,0.349356526412944,0.28323835583373,1.23343650045062,0.217412954081304,-0.205790651021166,0.904503703847055,41.8154709832803,-18.5996530758445,147.070541713398,0.719379374198643,0.735414229749054
seller_N_gaslimit_cost_high,Hat_recoded_Fez,grf_blp_single,3238,0.00311626071345863,0.151620483320786,0.0205530324479015,0.983602207219058,-0.294059886595283,0.3002924080222,0.312112130151743,-25.4768139291924,35.025357483392,0.719379374198643,0.735414229749054
seller_N_gaslimit_cost_high,`Hat_recoded_Fisherman's Hat`,grf_blp_single,3238,-0.123971060995391,0.195908678938328,-0.632800249928782,0.526864093545133,-0.507952071714514,0.260009949723731,-11.6594594614059,-39.8273389204212,29.6942990826029,0.719379374198643,0.735414229749054
seller_N_gaslimit_cost_high,`Hat_recoded_Girl's Hair Pink`,grf_blp_single,3238,0.53716957777509,0.221234642094418,2.42805363884123,0.0151800980070151,0.10354967927003,0.970789476280149,71.115670545773,10.9100891319114,164.002787622905,0.719379374198643,0.735414229749054
seller_N_gaslimit_cost_high,`Hat_recoded_Girl's Hair Short`,grf_blp_single,3238,-0.00813940480360375,0.255076714319249,-0.0319096348144764,0.974544115082827,-0.508089764869331,0.491810955262124,-0.810636953821886,-39.8356237135663,63.527494985849,0.719379374198643,0.735414229749054
seller_N_gaslimit_cost_high,Hat_recoded_Halo,grf_blp_single,3238,0.380412501698008,0.192032928990912,1.98097536551146,0.0475940362637182,0.00402796087582008,0.756797042520195,46.28879087369,0.403608401312638,113.143836920172,0.719379374198643,0.735414229749054
seller_N_gaslimit_cost_high,Hat_recoded_Horns,grf_blp_single,3238,0.00578496799266012,0.156144480922317,0.0370488150364928,0.97044608366427,-0.300258214615082,0.311828150600402,0.580173323320032,-25.9373044715158,36.5919940337358,0.719379374198643,0.735414229749054
seller_N_gaslimit_cost_high,`Hat_recoded_Irish Boho`,grf_blp_single,3238,-0.0585948046632644,0.25395588789076,-0.230728277851424,0.817525903633063,-0.556348344929154,0.439158735602625,-5.69111730573395,-42.670126461892,55.140153050028,0.719379374198643,0.735414229749054
seller_N_gaslimit_cost_high,Hat_recoded_No_Hat,grf_blp_single,3238,-0.169670983674922,0.0799678962121232,-2.12173874406864,0.0338596831535366,-0.326408060250683,-0.0129339070991601,-15.605755823696,-27.8489292487151,-1.28506235698826,0.719379374198643,0.735414229749054
seller_N_gaslimit_cost_high,Hat_recoded_Other_Hat,grf_blp_single,3238,0.0381196315882246,0.16810040641822,0.226767040011706,0.820604894319998,-0.291357164991487,0.367596428167936,3.88555053789357,-25.2751260739257,44.4259059070214,0.719379374198643,0.735414229749054
seller_N_gaslimit_cost_high,`Hat_recoded_Party Hat 1`,grf_blp_single,3238,-0.0912079188905065,0.364579924856494,-0.25017263066914,0.802453849964104,-0.805784571609235,0.623368733828221,-8.71721029965661,-55.3262708367563,86.5200835378862,0.719379374198643,0.735414229749054
seller_N_gaslimit_cost_high,`Hat_recoded_Police Motorcycle Helmet`,grf_blp_single,3238,-0.48483229761337,0.301258614183704,-1.60935579859544,0.107538564549692,-1.07529918141343,0.105634586186689,-38.419954068793,-65.8804339370662,11.1415675655135,0.719379374198643,0.735414229749054
seller_N_gaslimit_cost_high,`Hat_recoded_Prussian Helmet`,grf_blp_single,3238,0.0541029256699638,0.25341111480282,0.213498629340159,0.830938058102919,-0.442582859343563,0.550788710683491,5.55932442058253,-35.762488801721,73.4620592279162,0.719379374198643,0.735414229749054
seller_N_gaslimit_cost_high,`Hat_recoded_S&m Hat`,grf_blp_single,3238,0.0692087424520205,0.193739774705616,0.357225265473659,0.720923172943555,-0.310521215970987,0.448938700875028,7.16598867145168,-26.693522843414,56.6648620066436,0.719379374198643,0.735414229749054
seller_N_gaslimit_cost_high,Hat_recoded_Safari,grf_blp_single,3238,0.23204703585196,0.283595391206364,0.818232746536795,0.413224299964147,-0.323799930912513,0.787894002616432,26.1179048064252,-27.6605043128174,119.876096199835,0.719379374198643,0.735414229749054
seller_N_gaslimit_cost_high,`Hat_recoded_Sea Captain's Hat`,grf_blp_single,3238,0.473191709135443,0.237940691367446,1.98869603351998,0.0467347640737844,0.00682795405524833,0.939555464215638,60.5109067553977,0.685131767851699,155.884366788565,0.719379374198643,0.735414229749054
seller_N_gaslimit_cost_high,`Hat_recoded_Seaman's Hat`,grf_blp_single,3238,0.143767394636625,0.145106079548005,0.990774439530373,0.321795733034207,-0.140640521277466,0.428175310550715,15.4615507527421,-13.1198428752059,53.4455063551387,0.719379374198643,0.735414229749054
seller_N_gaslimit_cost_high,`Hat_recoded_Short Mohawk`,grf_blp_single,3238,0.154144976974581,0.236394070033788,0.652067866814717,0.514357392196133,-0.309187400291644,0.617477354240806,16.6660013357515,-26.5956802773165,85.4244534803241,0.719379374198643,0.735414229749054
seller_N_gaslimit_cost_high,`Hat_recoded_Spinner Hat`,grf_blp_single,3238,-0.301656069658031,0.26958835438014,-1.11895066962972,0.263161184721972,-0.830049244243106,0.226737104927043,-26.0407610584527,-56.3972186066826,25.4500022709841,0.719379374198643,0.735414229749054
seller_N_gaslimit_cost_high,`Hat_recoded_Stuntman Helmet`,grf_blp_single,3238,-0.263351582986858,0.233761716937024,-1.12658131723855,0.25991954185195,-0.721524548183425,0.194821382209708,-23.1528331754465,-51.3989255928707,21.5093929712485,0.719379374198643,0.735414229749054
seller_N_gaslimit_cost_high,`Hat_recoded_Sushi Chef Headband`,grf_blp_single,3238,-0.225824497173323,0.213333188427803,-1.05855304951647,0.289803378765478,-0.643957546491817,0.192308552145171,-20.2141884266519,-47.4790236408854,21.2044438186281,0.719379374198643,0.735414229749054
seller_N_gaslimit_cost_high,`Hat_recoded_Vietnam Era Helmet`,grf_blp_single,3238,-0.106604068185578,0.202446002013302,-0.526580259058777,0.598485103759674,-0.50339823213165,0.290190095760494,-10.1118501673046,-39.5526974125196,33.6681561373521,0.719379374198643,0.735414229749054
seller_N_gaslimit_cost_high,`Hat_recoded_Ww2 Pilot Helm`,grf_blp_single,3238,0.0589134933707188,0.277164779437856,0.212557647079859,0.83167200920336,-0.484329474327479,0.602156461068916,6.06834806186443,-38.3889824017674,82.6052368415281,0.719379374198643,0.735414229749054
seller_N_gaslimit_cost_high,`Mouth_recoded_Bored Bubblegum`,grf_blp_single,3238,-0.439307136428815,0.276321990862722,-1.58983776520003,0.111871378844561,-0.98089823851975,0.102283965662121,-35.5517194918426,-62.5025868673217,10.7697975260693,0.719379374198643,0.735414229749054
seller_N_gaslimit_cost_high,`Mouth_recoded_Bored Cigar`,grf_blp_single,3238,0.324233020146838,0.374910905537022,0.864826857149987,0.387133827850666,-0.410592354705725,1.0590583949994,38.2969529338687,-33.6742749803131,188.365444706645,0.719379374198643,0.735414229749054
seller_N_gaslimit_cost_high,`Mouth_recoded_Bored Cigarette`,grf_blp_single,3238,0.0350107672306017,0.165908966004044,0.2110239613557,0.832868573889726,-0.290170806137325,0.360192340598529,3.56308596158752,-25.1864229516539,43.3605128512469,0.719379374198643,0.735414229749054
seller_N_gaslimit_cost_high,`Mouth_recoded_Bored Pipe`,grf_blp_single,3238,0.400874216510869,0.425847314909039,0.941356684605363,0.346522103123966,-0.433786520710847,1.23553495373259,49.3129445656302,-35.194941390208,244.02183862064,0.719379374198643,0.735414229749054
seller_N_gaslimit_cost_high,`Mouth_recoded_Bored Unshaven`,grf_blp_single,3238,-0.0939241859366734,0.089009353319029,-1.05521703545052,0.291326074701604,-0.26838251844197,0.0805341465686234,-8.96482229081363,-23.5384754276159,8.38658563102117,0.719379374198643,0.735414229749054
seller_N_gaslimit_cost_high,`Mouth_recoded_Bored Unshaven Cigar`,grf_blp_single,3238,-0.0135383401098464,0.22108061968661,-0.0612371185182922,0.951170368886522,-0.446856354695602,0.419779674475909,-1.34471089535873,-36.0364217647337,52.162626557908,0.719379374198643,0.735414229749054
seller_N_gaslimit_cost_high,`Mouth_recoded_Bored Unshaven Cigarette`,grf_blp_single,3238,-0.161743320544892,0.152862234066967,-1.0580986306535,0.290010478654984,-0.461353299316149,0.137866658226364,-14.9340476657008,-36.9570092407071,14.7822487383279,0.719379374198643,0.735414229749054
seller_N_gaslimit_cost_high,Mouth_recoded_Discomfort,grf_blp_single,3238,-0.100140330290351,0.189454557131078,-0.528571768379618,0.597102548939009,-0.471471262267264,0.271190601686562,-9.52895491527546,-37.5916597859287,31.1525025444721,0.719379374198643,0.735414229749054
seller_N_gaslimit_cost_high,Mouth_recoded_Dumbfounded,grf_blp_single,3238,-0.0804614767915791,0.133094690382552,-0.60454310055728,0.545482622995046,-0.341327069941381,0.180404116358223,-7.7309552104456,-28.9173619760489,19.7701276014568,0.719379374198643,0.735414229749054
seller_N_gaslimit_cost_high,Mouth_recoded_Grin,grf_blp_single,3238,-0.0155521841519054,0.130553575492278,-0.119124919354087,0.905176388523344,-0.27143719211677,0.240332823812959,-1.54318734415487,-23.7716840643807,27.1672322727856,0.719379374198643,0.735414229749054
seller_N_gaslimit_cost_high,Mouth_recoded_Jovial,grf_blp_single,3238,-0.0103261544715606,0.201155087860381,-0.0513342942572146,0.959059141253459,-0.404590126677907,0.383937817734786,-1.02730227777651,-33.274975710788,46.8054151911094,0.719379374198643,0.735414229749054
seller_N_gaslimit_cost_high,Mouth_recoded_Other_Mouth,grf_blp_single,3238,0.0652735783000704,0.127811019869876,0.510703837325806,0.609558453327314,-0.185236020644886,0.315783177245027,6.74510158754351,-16.9091850770096,37.1332887214498,0.719379374198643,0.735414229749054
seller_N_gaslimit_cost_high,`Mouth_recoded_Phoneme  ooo`,grf_blp_single,3238,-0.170880954818344,0.210201066186549,-0.812940476080602,0.416252186453613,-0.582875044543981,0.241113134907293,-15.7078086708695,-44.1709054367954,27.2665010001716,0.719379374198643,0.735414229749054
seller_N_gaslimit_cost_high,`Mouth_recoded_Phoneme L`,grf_blp_single,3238,-0.231352039643113,0.18205744205153,-1.27076397996205,0.20381262662534,-0.588184626064112,0.125480546777886,-20.6539912544052,-44.4665489992196,13.3693114762044,0.719379374198643,0.735414229749054
seller_N_gaslimit_cost_high,`Mouth_recoded_Phoneme Oh`,grf_blp_single,3238,-0.120925801030265,0.224712181478517,-0.538136385106587,0.590482894519718,-0.561361676728158,0.319510074667629,-11.3900295161087,-42.9568208923119,37.6453239805117,0.719379374198643,0.735414229749054
seller_N_gaslimit_cost_high,`Mouth_recoded_Phoneme Vuh`,grf_blp_single,3238,-0.073504143284414,0.154303841842941,-0.476359774367968,0.633818087271512,-0.375939673296578,0.22893138672775,-7.08677038758169,-31.335624525298,25.7255771617784,0.719379374198643,0.735414229749054
seller_N_gaslimit_cost_high,`Mouth_recoded_Phoneme Wah`,grf_blp_single,3238,-0.01873832318846,0.241215279174677,-0.0776829861382477,0.938080228297589,-0.491520270370827,0.454043623993907,-1.85638522741955,-38.8304255971875,57.4666689226761,0.719379374198643,0.735414229749054
seller_N_gaslimit_cost_high,Mouth_recoded_Rage,grf_blp_single,3238,0.118946875511582,0.214024538818986,0.555762793219628,0.578373023745276,-0.30054122057363,0.538434971596795,12.6310082052074,-25.9582616900078,71.3323363129294,0.719379374198643,0.735414229749054
seller_N_gaslimit_cost_high,`Mouth_recoded_Small Grin`,grf_blp_single,3238,0.0354524231284418,0.154412156717896,0.229596062136557,0.818405667101934,-0.267195404038634,0.338100250295518,3.60883531129237,-23.4476529528268,40.2281075451221,0.719379374198643,0.735414229749054
seller_N_gaslimit_cost_high,`Mouth_recoded_Tongue Out`,grf_blp_single,3238,0.0804455321124821,0.252538032521558,0.318548185828662,0.750069149634929,-0.414529011629772,0.575420075854737,8.3769814382239,-33.9348633449255,77.7877213360604,0.719379374198643,0.735414229749054
seller_N_gaslimit_cost_high,`log_price_change_n-1`,grf_blp_single,3238,-0.0173665640312882,0.0291261578259987,-0.596253173351494,0.551006108222445,-0.0744538333702455,0.0397207053076692,-1.72166344334259,-7.17496727410402,4.05201218581521,0.719379374198643,0.735414229749054
seller_N_1_gaslimit_cost_high,log_price_1_sale,grf_blp_single,3238,-0.0319138144975344,0.0301226394054951,-1.05946275384197,0.289389083296145,-0.0909541877323047,0.027126558737236,-3.14099430972765,-8.69404607308329,2.74978333633646,0.619528802642388,0.6429385799625
seller_N_1_gaslimit_cost_high,sold_after_30d,grf_blp_single,3238,-0.0440774003126126,0.0537611518866205,-0.819874551898917,0.412287625389648,-0.149449258010389,0.0612944573851636,-4.31201081960276,-13.8817864993997,6.3211938706089,0.619528802642388,0.6429385799625
seller_N_1_gaslimit_cost_high,log_buyern_total_value,grf_blp_single,3238,-0.00642304327797648,0.0203845737471367,-0.315093332715808,0.752690790602292,-0.0463768078223645,0.0335307212664115,-0.640245962896902,-4.53178372994368,3.40992120756842,0.619528802642388,0.6429385799625
seller_N_1_gaslimit_cost_high,log_buyern_rolling_avg_value_last10,grf_blp_single,3238,-0.0573207011081973,0.0347647350993339,-1.64881742790255,0.0991850434320182,-0.125459581902892,0.0108181796864971,-5.57088144281388,-11.7908583836943,1.08769077783208,0.619528802642388,0.6429385799625
seller_N_1_gaslimit_cost_high,log_sellern_total_value,grf_blp_single,3238,-0.00330162628279064,0.0219748198104972,-0.150245886485653,0.880570624566289,-0.0463722731113651,0.0397690205457839,-0.329618190814673,-4.53135080819169,4.05703960500978,0.619528802642388,0.6429385799625
seller_N_1_gaslimit_cost_high,log_sellern_rolling_avg_value_last10,grf_blp_single,3238,-0.0335517156662825,0.0472674322841492,-0.709827338717822,0.477811213555253,-0.126195882943215,0.0590924516106499,-3.29950993644864,-11.8557829614821,6.08733156532251,0.619528802642388,0.6429385799625
seller_N_1_gaslimit_cost_high,log_buyern_1_total_value,grf_blp_single,3238,0.00267891340385715,0.020953229897616,0.127852050349619,0.898266057802699,-0.0383894171954703,0.0437472440031846,0.26825048987551,-3.76618830960956,4.47182627085265,0.619528802642388,0.6429385799625
seller_N_1_gaslimit_cost_high,log_buyern_1_rolling_avg_value_last10,grf_blp_single,3238,0.00423366496404323,0.0432356482263906,0.0979207005727057,0.921995262299288,-0.0805082055596823,0.0889755354877688,0.424263958426585,-7.73526672850593,9.30539149683522,0.619528802642388,0.6429385799625
seller_N_1_gaslimit_cost_high,log_sellern_1_total_value,grf_blp_single,3238,0.0725840628376925,0.0225628961312686,3.21696569515748,0.00129554088457628,0.0283607864204061,0.116807339254979,7.52831936475655,2.87667825587274,12.3902876865004,0.619528802642388,0.6429385799625
seller_N_1_gaslimit_cost_high,log_sellern_1_rolling_avg_value_last10,grf_blp_single,3238,0.0594666759309341,0.0464824451139743,1.27933622650708,0.200778680817138,-0.0316389164924554,0.150572268354324,6.12703945423376,-3.11436430218919,16.2499313979831,0.619528802642388,0.6429385799625
seller_N_1_gaslimit_cost_high,log_unique_makers_count,grf_blp_single,3238,0.0192325404875932,0.0399605846832941,0.481287764931867,0.630311991587193,-0.0590902054916632,0.0975552864668497,1.94186771732234,-5.73782643352047,10.2472391681788,0.619528802642388,0.6429385799625
seller_N_1_gaslimit_cost_high,log_median_offer_price,grf_blp_single,3238,-0.0032459015006433,0.0224636036046596,-0.144496028231642,0.885108792551965,-0.0472745645657762,0.0407827615644896,-0.324063925748141,-4.61745250426784,4.16257998060801,0.619528802642388,0.6429385799625
seller_N_1_gaslimit_cost_high,log_buyern_avg_total_gaspaid,grf_blp_single,3238,-0.0233027284405517,0.024309170422267,-0.958598258836777,0.337761170050702,-0.070948702468195,0.0243432455870917,-2.30333165985935,-6.84903249508089,2.46419613687219,0.619528802642388,0.6429385799625
seller_N_1_gaslimit_cost_high,log_buyern_1_avg_total_gaspaid,grf_blp_single,3238,0.0113544749978685,0.0235288737775106,0.482576221252091,0.629396666305632,-0.0347621176060523,0.0574710676017893,1.14191817208251,-3.41648558913831,5.91546263280118,0.619528802642388,0.6429385799625
seller_N_1_gaslimit_cost_high,log_sellern_avg_total_gaspaid,grf_blp_single,3238,0.0107356689542703,0.0179680914467953,0.597485213499685,0.550183476251316,-0.0244817902814484,0.0459531281899891,1.07935030254098,-2.41845419185289,4.70253338342552,0.619528802642388,0.6429385799625
seller_N_1_gaslimit_cost_high,log_sellern_1_avg_total_gaspaid,grf_blp_single,3238,0.0139455668241265,0.0168139467005431,0.829404724095863,0.406875429220961,-0.019009768708938,0.0469009023571909,1.40432598410687,-1.8830222565984,4.80181478054682,0.619528802642388,0.6429385799625
seller_N_1_gaslimit_cost_high,log_buyern_avg_gasLimit_cost,grf_blp_single,3238,-4.06499091028008,4.82556272572588,-0.842386917614589,0.39957141340127,-13.5230938527028,5.39311203214264,-98.2836854718923,-99.9998660338855,21888.6616101879,0.619528802642388,0.6429385799625
seller_N_1_gaslimit_cost_high,log_buyern_1_avg_gasLimit_cost,grf_blp_single,3238,-0.692884081037536,4.8655574204697,-0.142405899501367,0.886759402750879,-10.2293766251581,8.84360846308307,-49.9868432931938,-99.9963905737009,692895.406048316,0.619528802642388,0.6429385799625
seller_N_1_gaslimit_cost_high,log_sellern_avg_gasLimit_cost,grf_blp_single,3238,1.1709964269309,4.43656055188027,0.263942397097368,0.791824305510419,-7.52466225475443,9.86665510861623,222.520471880057,-99.9460389111369,1927575.23734631,0.619528802642388,0.6429385799625
seller_N_1_gaslimit_cost_high,`time_n_sale_str_2021-06`,grf_blp_single,3238,-0.0551291403265453,0.114348082816436,-0.482116874797497,0.629722922933193,-0.279251382646759,0.168993101993669,-5.36370735555605,-24.3650253886103,18.4111970883926,0.619528802642388,0.6429385799625
seller_N_1_gaslimit_cost_high,`time_n_sale_str_2021-07`,grf_blp_single,3238,0.126311646538236,0.124256691659996,1.01653798158302,0.3093732702478,-0.117231469115357,0.369854762191828,13.4635718482639,-11.0620694505047,44.7524364129609,0.619528802642388,0.6429385799625
seller_N_1_gaslimit_cost_high,`time_n_sale_str_2021-08`,grf_blp_single,3238,-0.0685075632713675,0.155512966142857,-0.440526375199063,0.659555913842034,-0.373312976911368,0.236297850368633,-6.62136024031094,-31.1550269748159,26.655149682172,0.619528802642388,0.6429385799625
seller_N_1_gaslimit_cost_high,`time_n_sale_str_2021-09`,grf_blp_single,3238,-0.160888969923526,0.214717965725824,-0.749303717458682,0.453674167707683,-0.581736182746142,0.25995824289909,-14.8613404621671,-44.1072875947005,29.6875931755953,0.619528802642388,0.6429385799625
seller_N_1_gaslimit_cost_high,`time_n_sale_str_2021-10`,grf_blp_single,3238,-0.255557641110213,0.22083362061335,-1.15724064298009,0.247174056875617,-0.688391537512379,0.177276255291952,-22.5515506872143,-49.7616515467494,19.3960885584612,0.619528802642388,0.6429385799625
seller_N_1_gaslimit_cost_high,`time_n_sale_str_2021-11`,grf_blp_single,3238,-0.0893420449349764,0.247530403434377,-0.360933621467885,0.71814906904656,-0.574501635666356,0.395817545796403,-8.54672912103169,-43.7014629265791,48.5598239178853,0.619528802642388,0.6429385799625
seller_N_1_gaslimit_cost_high,`time_n_sale_str_2021-12`,grf_blp_single,3238,-0.0789410170105473,0.272519796671857,-0.28967076144417,0.772068126712244,-0.613079818487388,0.455197784466293,-7.59055713103999,-45.8319978702572,57.6485156476296,0.619528802642388,0.6429385799625
seller_N_1_gaslimit_cost_high,`time_n_sale_str_2022-01`,grf_blp_single,3238,-0.0998078172734236,0.179521905994552,-0.555964558868112,0.578235083125526,-0.451670753022745,0.252055118475898,-9.49886711311402,-36.3436278092749,28.6666954451917,0.619528802642388,0.6429385799625
seller_N_1_gaslimit_cost_high,`time_n_sale_str_2022-02`,grf_blp_single,3238,-0.183696749365182,0.34082883077707,-0.538970687856318,0.589907080332686,-0.85172125768824,0.484327758957876,-16.7811872856021,-57.3320126494978,62.3083538650326,0.619528802642388,0.6429385799625
seller_N_1_gaslimit_cost_high,`time_n_sale_str_2022-03`,grf_blp_single,3238,0.0235857235740153,0.201122856700477,0.117270229554965,0.906645915597268,-0.370615075558919,0.41778652270695,2.38660664433095,-30.9690392535316,51.8596453936396,0.619528802642388,0.6429385799625
seller_N_1_gaslimit_cost_high,`time_n_sale_str_2022-04`,grf_blp_single,3238,0.219430595000489,0.295330408485123,0.743000343669464,0.457481472363361,-0.359417005630351,0.79827819563133,24.5367410231654,-30.1916813972024,122.171227943734,0.619528802642388,0.6429385799625
seller_N_1_gaslimit_cost_high,`time_n_sale_str_2022-05`,grf_blp_single,3238,-0.266902727144563,0.207434837888183,-1.28668226543719,0.198205056914835,-0.673475009405402,0.139669555116275,-23.4252445706114,-49.0066528292628,14.9893759559991,0.619528802642388,0.6429385799625
seller_N_1_gaslimit_cost_high,`time_n_sale_str_2022-06`,grf_blp_single,3238,0.332484210928954,0.245969236450486,1.35173087385619,0.176461424700083,-0.149615492513998,0.814583914371905,39.4427882290204,-13.8961011280471,125.823585735641,0.619528802642388,0.6429385799625
seller_N_1_gaslimit_cost_high,`time_n_sale_str_2022-07`,grf_blp_single,3238,0.185692774011743,0.351958597846268,0.527598345794218,0.597778141385783,-0.504146077766941,0.875531625790428,20.4052287393975,-39.5978857648626,140.015093699371,0.619528802642388,0.6429385799625
seller_N_1_gaslimit_cost_high,`time_n_sale_str_2022-08`,grf_blp_single,3238,0.23509531230178,0.230024435585291,1.02204494797949,0.306759627179287,-0.21575258144539,0.68594320604895,26.5029335844855,-19.4065319598776,98.5643823828732,0.619528802642388,0.6429385799625
seller_N_1_gaslimit_cost_high,`time_n_sale_str_2022-09`,grf_blp_single,3238,0.221374063813007,0.280202988708612,0.790048902880253,0.429499209227228,-0.327823794055873,0.770571921681888,24.7790096398514,-27.9510036864933,116.100182422435,0.619528802642388,0.6429385799625
seller_N_1_gaslimit_cost_high,`time_n_sale_str_2022-10`,grf_blp_single,3238,-0.44036234568902,0.577745372224201,-0.762208347933131,0.445935664539435,-1.57274327524845,0.692018583870414,-35.6196900463529,-79.252476072949,99.7744079872384,0.619528802642388,0.6429385799625
seller_N_1_gaslimit_cost_high,`time_n_sale_str_2022-11`,grf_blp_single,3238,-0.0619786916118267,0.247375908715566,-0.250544573776948,0.802166238687711,-0.546835472694336,0.422878089470683,-6.00970856061447,-42.1221524285933,52.6348206705765,0.619528802642388,0.6429385799625
seller_N_1_gaslimit_cost_high,`time_n_sale_str_2022-12`,grf_blp_single,3238,0.586175246796342,0.440266501685938,1.33141005402788,0.183054123017361,-0.276747096508096,1.44909759010078,79.7101783156292,-24.1753764015426,325.926917372686,0.619528802642388,0.6429385799625
seller_N_1_gaslimit_cost_high,`time_n_sale_str_2023-01`,grf_blp_single,3238,-0.204360711021318,0.224836089958938,-0.908931973770942,0.363386034968815,-0.645039447340836,0.236318025298199,-18.4831722032943,-47.5358154027323,26.6577049666724,0.619528802642388,0.6429385799625
seller_N_1_gaslimit_cost_high,`time_n_sale_str_2023-02`,grf_blp_single,3238,0.294207652026713,0.302278636425558,0.973299520950987,0.330404460478813,-0.29825847536738,0.886673779420806,34.2062556744415,-25.7890502069464,142.704332883225,0.619528802642388,0.6429385799625
seller_N_1_gaslimit_cost_high,`time_n_sale_str_2023-03`,grf_blp_single,3238,-0.150854422096606,0.326143558845523,-0.462539939867577,0.643694167569199,-0.79009579743383,0.488386953240619,-14.0027117403799,-54.6198679801956,62.9685340003131,0.619528802642388,0.6429385799625
seller_N_1_gaslimit_cost_high,`time_n_sale_str_2023-04`,grf_blp_single,3238,-0.244942491505898,0.336310469704943,-0.728322528052113,0.46641617499681,-0.904111012127587,0.414226029115791,-21.7250448304495,-59.5098322165249,51.3199115291315,0.619528802642388,0.6429385799625
seller_N_1_gaslimit_cost_high,`time_n_sale_str_2023-05`,grf_blp_single,3238,0.570015016797132,0.39344207069847,1.4487902012746,0.147396181058086,-0.201131441771869,1.34116147536613,76.8293605340699,-18.2195069240176,282.348180731025,0.619528802642388,0.6429385799625
seller_N_1_gaslimit_cost_high,`time_n_sale_str_2023-06`,grf_blp_single,3238,0.232141284321631,0.250551463298862,0.926521367168105,0.354175098128483,-0.258939583744138,0.723222152387399,26.1297917861074,-22.8130344890403,106.106358381817,0.619528802642388,0.6429385799625
seller_N_1_gaslimit_cost_high,`time_n_sale_str_2023-07`,grf_blp_single,3238,0.244033409599233,0.203416876354285,1.1996714037345,0.230266983230189,-0.154663668055165,0.642730487253631,27.6386973354356,-14.3296734290236,90.1666272275687,0.619528802642388,0.6429385799625
seller_N_1_gaslimit_cost_high,`time_n_sale_str_2023-08`,grf_blp_single,3238,-0.312100898675469,0.300420496601318,-1.03888017697292,0.298860466694177,-0.900925072014053,0.276723274663114,-26.8092324012494,-59.3806272564354,31.8801374780711,0.619528802642388,0.6429385799625
seller_N_1_gaslimit_cost_high,`time_n_sale_str_2023-09`,grf_blp_single,3238,0.106319597959284,0.351787215335728,0.302227009181723,0.762479016021385,-0.583183344098743,0.79582254001731,11.217726929773,-44.1881148688256,121.626321245983,0.619528802642388,0.6429385799625
seller_N_1_gaslimit_cost_high,`time_n_sale_str_2023-10`,grf_blp_single,3238,0.221468598005556,0.204909644732945,1.08081099986383,0.279781194415936,-0.180154305671016,0.623091501682128,24.7908060803495,-16.4858665575699,86.468381341924,0.619528802642388,0.6429385799625
seller_N_1_gaslimit_cost_high,`time_n_sale_str_2023-11`,grf_blp_single,3238,-0.220618272804327,0.203439069992643,-1.08444397043452,0.278167996876348,-0.619358849989907,0.178122304381253,-19.7977224230946,-46.1710548732791,19.4971462543099,0.619528802642388,0.6429385799625
seller_N_1_gaslimit_cost_high,`time_n_sale_str_2023-12`,grf_blp_single,3238,0.488877890161506,0.204619961434181,2.38919940525334,0.0168851350040285,0.0878227657505114,0.8899330145725,63.0485609130723,9.17946014826803,143.496653855231,0.619528802642388,0.6429385799625
seller_N_1_gaslimit_cost_high,`time_n_sale_str_2024-01`,grf_blp_single,3238,-0.0556880144203255,0.118245574778458,-0.470952207088183,0.637674864902594,-0.287449340986102,0.176073312145451,-5.41658235123753,-24.982543108769,19.2525482047626,0.619528802642388,0.6429385799625
seller_N_1_gaslimit_cost_high,`time_n_sale_str_2024-02`,grf_blp_single,3238,-0.256342708189457,0.207235402315855,-1.23696388418595,0.216100490973112,-0.662524096728533,0.149838680349619,-22.612329054439,-48.4451603208678,16.1646831151437,0.619528802642388,0.6429385799625
seller_N_1_gaslimit_cost_high,`time_n_sale_str_2024-03`,grf_blp_single,3238,-0.0065105983383971,0.128043343021164,-0.0508468318991092,0.959447572657474,-0.257475550659878,0.244454353983084,-0.648945031335713,-22.6999474564793,27.6924374382447,0.619528802642388,0.6429385799625
seller_N_1_gaslimit_cost_high,`time_n_sale_str_2024-04`,grf_blp_single,3238,-0.101300961176068,0.196281038562421,-0.516101615917691,0.605783439405646,-0.486011796758412,0.283409874406276,-9.63389749288508,-38.4925448615158,32.7649219747517,0.619528802642388,0.6429385799625
seller_N_1_gaslimit_cost_high,`time_n_sale_str_2024-05`,grf_blp_single,3238,0.205207748844658,0.146496540343958,1.40076856670371,0.161283291176872,-0.081925470229499,0.492340967918815,22.7780108368781,-7.86593765572486,63.6141896005005,0.619528802642388,0.6429385799625
seller_N_1_gaslimit_cost_high,`time_n_sale_str_2024-06`,grf_blp_single,3238,-0.120058159554838,0.2293009681082,-0.523583308632984,0.600568393360708,-0.569488057046909,0.329371737937234,-11.3131144680628,-43.4184970416646,39.0094510417424,0.619528802642388,0.6429385799625
seller_N_1_gaslimit_cost_high,`time_n_sale_str_2024-07`,grf_blp_single,3238,0.398853113858235,0.173611397214764,2.29739014982317,0.021596523185191,0.0585747753172984,0.739131452399172,49.0114725328812,6.032426881399,109.411588506354,0.619528802642388,0.6429385799625
seller_N_1_gaslimit_cost_high,`time_n_sale_str_2024-08`,grf_blp_single,3238,-0.14959679150197,0.323808691613189,-0.461991278729088,0.644087574651103,-0.78426182706382,0.48506824405988,-13.894490882942,-54.3543478694611,62.428585292297,0.619528802642388,0.6429385799625
seller_N_1_gaslimit_cost_high,`time_n_sale_str_2024-09`,grf_blp_single,3238,-0.234846311911375,0.480826231002406,-0.488422421176518,0.625250663759652,-1.17726572467609,0.70757310085334,-20.9307639711331,-69.1879927030618,102.90609520951,0.619528802642388,0.6429385799625
seller_N_1_gaslimit_cost_high,`time_n_sale_str_2024-10`,grf_blp_single,3238,-0.293239642958677,0.298481502181681,-0.982438244297588,0.325883992980526,-0.878263387234771,0.291784101317417,-25.4156616835966,-58.449614520087,33.8813938268993,0.619528802642388,0.6429385799625
seller_N_1_gaslimit_cost_high,`time_n_sale_str_2024-11`,grf_blp_single,3238,0.193265560207936,0.194929855647271,0.991462080378564,0.321459999556847,-0.188796956860714,0.575328077276587,21.3204929697351,-17.2045399869757,77.7713658708363,0.619528802642388,0.6429385799625
seller_N_1_gaslimit_cost_high,`time_n_sale_str_2024-12`,grf_blp_single,3238,0.0801449460824118,0.143314592538771,0.559223904995789,0.57600892056222,-0.200751655293579,0.361041547458402,8.34440972716828,-18.1884418998947,43.4823072892119,0.619528802642388,0.6429385799625
seller_N_1_gaslimit_cost_high,`time_n_sale_str_2025-01`,grf_blp_single,3238,-0.121875033204464,0.308885775739972,-0.394563436637695,0.693165101953794,-0.727291153654809,0.483541087245882,-11.4741010430351,-51.6783822818118,62.1807206837154,0.619528802642388,0.6429385799625
seller_N_1_gaslimit_cost_high,`time_n_sale_str_2025-02`,grf_blp_single,3238,-0.0913871493580384,0.251337560391347,-0.363603232305364,0.716154312739857,-0.584008767725079,0.401234469009002,-8.73356949065569,-44.2341643096804,49.3667446171332,0.619528802642388,0.6429385799625
seller_N_1_gaslimit_cost_high,`time_n_sale_str_2025-03`,grf_blp_single,3238,-0.749532719733855,0.540971460005235,-1.38553098480759,0.16589016487339,-1.80983678134412,0.310771341876405,-52.7412668111651,-83.6319149609038,36.447718671971,0.619528802642388,0.6429385799625
seller_N_1_gaslimit_cost_high,`time_n-1_sale_str_2021-06`,grf_blp_single,3238,-0.0631061420930815,0.10637637992472,-0.593234533246385,0.553024204661299,-0.271603846745533,0.14539156255937,-6.11561824475003,-23.7843868075593,15.6492320715166,0.619528802642388,0.6429385799625
seller_N_1_gaslimit_cost_high,`time_n-1_sale_str_2021-07`,grf_blp_single,3238,0.0355524448837162,0.161544754582289,0.220077990001255,0.825810416025425,-0.28107527409757,0.352180163865003,3.61919896714904,-24.5028496457372,42.2164723332154,0.619528802642388,0.6429385799625
seller_N_1_gaslimit_cost_high,`time_n-1_sale_str_2021-08`,grf_blp_single,3238,-0.185510862917991,0.100325026471152,-1.84909856935181,0.0644435809394323,-0.38214791480145,0.0111261889654679,-16.9320188074763,-31.7605890449181,1.11883152015397,0.619528802642388,0.6429385799625
seller_N_1_gaslimit_cost_high,`time_n-1_sale_str_2021-09`,grf_blp_single,3238,-0.548058346453006,0.235795612106163,-2.32429408485453,0.0201097376308594,-1.01021774618108,-0.085898946724927,-42.1928864713795,-63.5860319086554,-8.23130381923103,0.619528802642388,0.6429385799625
seller_N_1_gaslimit_cost_high,`time_n-1_sale_str_2021-10`,grf_blp_single,3238,-0.244158989441251,0.155909612436657,-1.56602909612419,0.117341805651997,-0.5497418298171,0.0614238509345974,-21.6636922096501,-42.2901219152404,6.33495203735368,0.619528802642388,0.6429385799625
seller_N_1_gaslimit_cost_high,`time_n-1_sale_str_2021-11`,grf_blp_single,3238,-0.37485221366998,0.261739906154179,-1.43215537583777,0.152099359430771,-0.887862429732171,0.138158002392211,-31.260914174301,-58.8465502865923,14.8156947487541,0.619528802642388,0.6429385799625
seller_N_1_gaslimit_cost_high,`time_n-1_sale_str_2021-12`,grf_blp_single,3238,-0.721313549583052,0.338982422832106,-2.12787891347485,0.0333471243204436,-1.38571909833398,-0.0569080008321249,-51.3886697522483,-74.985614292968,-5.53190247675428,0.619528802642388,0.6429385799625
seller_N_1_gaslimit_cost_high,`time_n-1_sale_str_2022-01`,grf_blp_single,3238,-0.921626595626278,0.266464124403612,-3.45872675238748,0.000542735210617409,-1.44389627945736,-0.399356911795198,-60.212866132694,-76.399358201093,-32.9248740409999,0.619528802642388,0.6429385799625
seller_N_1_gaslimit_cost_high,`time_n-1_sale_str_2022-02`,grf_blp_single,3238,-0.0343679962383467,0.43795304683572,-0.0784741571879929,0.937450886392019,-0.892755968036358,0.824019975559665,-3.37841246011688,-59.0474443268778,127.964556186526,0.619528802642388,0.6429385799625
seller_N_1_gaslimit_cost_high,`time_n-1_sale_str_2022-03`,grf_blp_single,3238,-0.552754650875877,0.375470598170975,-1.47216494065981,0.140976342325381,-1.28867702329099,0.183167721539234,-42.4637297951741,-72.4364799070544,20.1015827412397,0.619528802642388,0.6429385799625
seller_N_1_gaslimit_cost_high,`time_n-1_sale_str_2022-04`,grf_blp_single,3238,-0.323850583430749,0.446444994445994,-0.725398621240282,0.468207518686955,-1.1988827725449,0.551181605683399,-27.6641683976436,-69.8469097600024,73.5302249937779,0.619528802642388,0.6429385799625
seller_N_1_gaslimit_cost_high,`time_n-1_sale_str_2022-05`,grf_blp_single,3238,-0.0385137090755371,0.416948386091561,-0.0923704476627464,0.926403718372425,-0.855732545814996,0.778705127663922,-3.77814864768871,-57.502823425895,117.86493654517,0.619528802642388,0.6429385799625
seller_N_1_gaslimit_cost_high,`time_n-1_sale_str_2022-06`,grf_blp_single,3238,0.201330673398698,0.239102642453944,0.842026132929412,0.399773325827647,-0.267310505811032,0.669971852608429,22.3029128163217,-23.4564637565739,95.4182314726993,0.619528802642388,0.6429385799625
seller_N_1_gaslimit_cost_high,`time_n-1_sale_str_2022-07`,grf_blp_single,3238,0.0433999859899553,0.425493222492265,0.101999241576038,0.918757277079905,-0.790566730094884,0.877366702074795,4.43555389032531,-54.6412339351687,140.455944079034,0.619528802642388,0.6429385799625
seller_N_1_gaslimit_cost_high,`time_n-1_sale_str_2022-08`,grf_blp_single,3238,0.428163189907522,0.164595485823448,2.6013057877346,0.00928696325633991,0.105556037693565,0.750770342121479,53.4436465081779,11.132837905713,111.863145920044,0.619528802642388,0.6429385799625
seller_N_1_gaslimit_cost_high,`time_n-1_sale_str_2022-09`,grf_blp_single,3238,0.350759965902684,0.313227029242382,1.11982662144798,0.262787652499322,-0.263165011412384,0.964684943217752,42.0146401437557,-23.1384943409703,162.396082957699,0.619528802642388,0.6429385799625
seller_N_1_gaslimit_cost_high,`time_n-1_sale_str_2022-10`,grf_blp_single,3238,0.113145942387552,0.422329973129211,0.267908861758517,0.788769472279074,-0.714620804945701,0.940912689720805,11.9795346630261,-51.0622353799632,156.231895361518,0.619528802642388,0.6429385799625
seller_N_1_gaslimit_cost_high,`time_n-1_sale_str_2022-11`,grf_blp_single,3238,0.071132438298757,0.299380058166731,0.237599119775512,0.812192033284748,-0.515652475708037,0.657917352305551,7.37234185551599,-40.288913284761,93.076703670099,0.619528802642388,0.6429385799625
seller_N_1_gaslimit_cost_high,`time_n-1_sale_str_2022-12`,grf_blp_single,3238,-0.0182249221138904,0.348771957497022,-0.0522545512107176,0.958325866688054,-0.701817958808054,0.665368114580274,-1.80598525353982,-50.43166477318,94.5206448412452,0.619528802642388,0.6429385799625
seller_N_1_gaslimit_cost_high,`time_n-1_sale_str_2023-01`,grf_blp_single,3238,1.05126740781136,0.437977837170869,2.40027535320521,0.0163827431121136,0.192830846956459,1.90970396866626,186.127522353701,21.2677648054117,575.108996852018,0.619528802642388,0.6429385799625
seller_N_1_gaslimit_cost_high,`time_n-1_sale_str_2023-02`,grf_blp_single,3238,0.62262430686779,0.415997375102534,1.49670248932299,0.134470688259653,-0.192730548333177,1.43797916206876,86.3812846282738,-17.5295837885578,321.217508720005,0.619528802642388,0.6429385799625
seller_N_1_gaslimit_cost_high,`time_n-1_sale_str_2023-03`,grf_blp_single,3238,0.449542271595585,0.396796994799138,1.1329276115691,0.257244653588645,-0.328179838210725,1.2272643814019,56.7594488723509,-27.9766517443021,241.188314704866,0.619528802642388,0.6429385799625
seller_N_1_gaslimit_cost_high,`time_n-1_sale_str_2023-04`,grf_blp_single,3238,0.754552160035594,0.386374715740934,1.95290253035482,0.0508311458254269,-0.00274228281663669,1.51184660288782,112.665890721212,-0.273852619380544,353.509759116953,0.619528802642388,0.6429385799625
seller_N_1_gaslimit_cost_high,`time_n-1_sale_str_2023-05`,grf_blp_single,3238,-0.153540498261704,0.455800792497005,-0.336858778635654,0.736223360872938,-1.04691005155583,0.739829055032426,-14.2333970487833,-64.8979288998877,109.557725548796,0.619528802642388,0.6429385799625
seller_N_1_gaslimit_cost_high,`time_n-1_sale_str_2023-06`,grf_blp_single,3238,-0.134216207700001,0.119411296834836,-1.12398249795111,0.26102045091358,-0.36826234949628,0.0998299340962777,-12.5599008062758,-30.8064371089071,10.4982982165896,0.619528802642388,0.6429385799625
seller_N_1_gaslimit_cost_high,`time_n-1_sale_str_2023-07`,grf_blp_single,3238,-0.0844472022757292,0.133499013309317,-0.632567988199772,0.527015797192117,-0.34610526836199,0.177210863810532,-8.097982373021,-29.2561987654117,19.3882813266206,0.619528802642388,0.6429385799625
seller_N_1_gaslimit_cost_high,`time_n-1_sale_str_2023-08`,grf_blp_single,3238,0.35193672555044,0.13072110175602,2.6922717206538,0.00709671000833112,0.0957233661086411,0.608150084992238,42.181855608577,10.0454598845289,83.7029904324144,0.619528802642388,0.6429385799625
seller_N_1_gaslimit_cost_high,`time_n-1_sale_str_2023-09`,grf_blp_single,3238,0.408588099946478,0.202826406650021,2.01447191563917,0.0439600105660135,0.0110483429124359,0.80612785698052,50.4691810186632,1.11096012461545,123.922059572207,0.619528802642388,0.6429385799625
seller_N_1_gaslimit_cost_high,`time_n-1_sale_str_2023-10`,grf_blp_single,3238,0.26056200474517,0.140671147749483,1.85227752039955,0.0639859820052541,-0.0151534448438155,0.536277454334156,29.7659172384259,-1.50392091478557,70.9630823188553,0.619528802642388,0.6429385799625
seller_N_1_gaslimit_cost_high,`time_n-1_sale_str_2023-11`,grf_blp_single,3238,-0.0662304637830733,0.124773542092312,-0.530805350817673,0.595553671735417,-0.310786606284005,0.178325678717858,-6.4084855110108,-26.7129750909997,19.5214513785911,0.619528802642388,0.6429385799625
seller_N_1_gaslimit_cost_high,`time_n-1_sale_str_2023-12`,grf_blp_single,3238,-0.149252352270405,0.130053863958775,-1.14761951492434,0.25112567002841,-0.404157925629603,0.105653221088793,-13.8648276592525,-33.2461308524021,11.1436386970424,0.619528802642388,0.6429385799625
seller_N_1_gaslimit_cost_high,`time_n-1_sale_str_2024-01`,grf_blp_single,3238,0.0177057663753432,0.0675709084431578,0.262032386174558,0.793296473714086,-0.114733214173246,0.150144746923932,1.78634426753654,-10.8396020515356,16.200242683281,0.619528802642388,0.6429385799625
seller_N_1_gaslimit_cost_high,`time_n-1_sale_str_2024-02`,grf_blp_single,3238,-0.065185995911446,0.115361333443172,-0.565059313773944,0.572033421057004,-0.291294209460063,0.160922217637171,-6.31068111318584,-25.2704215816918,17.4593602594804,0.619528802642388,0.6429385799625
seller_N_1_gaslimit_cost_high,`time_n-1_sale_str_2024-03`,grf_blp_single,3238,0.054416681873293,0.0573905458784886,0.948181987822661,0.343036815206274,-0.0580687880485447,0.166902151795131,5.59244950976809,-5.64149621690668,18.1638638431938,0.619528802642388,0.6429385799625
seller_N_1_gaslimit_cost_high,`time_n-1_sale_str_2024-04`,grf_blp_single,3238,0.0871406382292515,0.0580561549725292,1.50097157261766,0.133362914377158,-0.0266494255169057,0.200930701975409,9.1050112284599,-2.62974630403119,22.254004927741,0.619528802642388,0.6429385799625
seller_N_1_gaslimit_cost_high,`time_n-1_sale_str_2024-05`,grf_blp_single,3238,0.0976771097880651,0.0542680014546703,1.79990246867031,0.0718760398055468,-0.00868817306308858,0.204042392639219,10.2606706711276,-0.865053995401921,22.6350140573333,0.619528802642388,0.6429385799625
seller_N_1_gaslimit_cost_high,`time_n-1_sale_str_2024-06`,grf_blp_single,3238,-0.0808121415569066,0.0834585719104056,-0.968290490803749,0.332899312527784,-0.244390942501302,0.0827666593874883,-7.76330504107935,-21.6818604487843,8.62883037947393,0.619528802642388,0.6429385799625
seller_N_1_gaslimit_cost_high,`time_n-1_sale_str_2024-07`,grf_blp_single,3238,0.00653523472104172,0.0776936602955791,0.0841154181200751,0.93296466620109,-0.145744339458293,0.158814808900377,0.655663596278311,-13.5621337544761,17.2120860229102,0.619528802642388,0.6429385799625
seller_N_1_gaslimit_cost_high,`time_n-1_sale_str_2024-08`,grf_blp_single,3238,-0.00307040821866058,0.0684973237038751,-0.0448252289671118,0.964246615492887,-0.137325162678256,0.131184346240935,-0.306569933597622,-12.8313259949934,14.017794945852,0.619528802642388,0.6429385799625
seller_N_1_gaslimit_cost_high,`time_n-1_sale_str_2024-09`,grf_blp_single,3238,0.131669265604847,0.0875455346449813,1.50400892676934,0.132579068256744,-0.0399199822993167,0.30325851350901,14.0730977900782,-3.91336776099461,35.4264514865823,0.619528802642388,0.6429385799625
seller_N_1_gaslimit_cost_high,`time_n-1_sale_str_2024-10`,grf_blp_single,3238,-0.0256308917022179,0.0798796714959251,-0.320868767011959,0.748309843736605,-0.182195047834231,0.130933264429795,-2.53052088445268,-16.6561235864734,13.9891707450534,0.619528802642388,0.6429385799625
seller_N_1_gaslimit_cost_high,`time_n-1_sale_str_2024-11`,grf_blp_single,3238,-0.0213965775643736,0.0543314108126869,-0.39381597577395,0.693716908658962,-0.12788614275724,0.0850929876284928,-2.11692947099496,-12.004643747238,8.8818308623581,0.619528802642388,0.6429385799625
seller_N_1_gaslimit_cost_high,`time_n-1_sale_str_2024-12`,grf_blp_single,3238,0.203302114019508,0.0583939015489037,3.48156414671568,0.000498494366596681,0.0888500669836571,0.31775416105536,22.5442635728648,9.29167797319841,37.4038427546002,0.619528802642388,0.6429385799625
seller_N_1_gaslimit_cost_high,`time_n-1_sale_str_2025-01`,grf_blp_single,3238,-0.0140622052419312,0.04154324619306,-0.338495580643391,0.734989756890081,-0.0954869677803288,0.0673625572964664,-1.3963794265638,-9.10697930453914,6.96832293390504,0.619528802642388,0.6429385799625
seller_N_1_gaslimit_cost_high,`time_n-1_sale_str_2025-02`,grf_blp_single,3238,-0.052517063794116,0.0901209749637561,-0.582739632091606,0.560068589163626,-0.229154174723078,0.124120047134846,-5.11618698608397,-20.4794076599383,13.2151774418334,0.619528802642388,0.6429385799625
seller_N_1_gaslimit_cost_high,`time_n-1_sale_str_2025-03`,grf_blp_single,3238,-0.274904689856412,0.504015341157636,-0.545429210993862,0.585458354600386,-1.26277475852538,0.712965378812554,-24.0355478396806,-71.7131953971221,104.003176499842,0.619528802642388,0.6429385799625
seller_N_1_gaslimit_cost_high,`Background_recoded_Army Green`,grf_blp_single,3238,-0.051048956255239,0.104797186770214,-0.487121437402445,0.626172275355954,-0.256451442324858,0.15435352981438,-4.97678504139608,-22.6207432784649,16.6903348989667,0.619528802642388,0.6429385799625
seller_N_1_gaslimit_cost_high,Background_recoded_Blue,grf_blp_single,3238,-0.0134227404619997,0.106261607977836,-0.126317874512113,0.899480307775936,-0.221695492098558,0.194850011174559,-1.33330571947555,-19.8840713472282,21.5128717091849,0.619528802642388,0.6429385799625
seller_N_1_gaslimit_cost_high,Background_recoded_Gray,grf_blp_single,3238,0.0254038713428523,0.104548333712989,0.242986860150179,0.808015576538367,-0.179510862734606,0.230318605420311,2.57292995508918,-16.4321126863962,25.9001070601304,0.619528802642388,0.6429385799625
seller_N_1_gaslimit_cost_high,`Background_recoded_New Punk Blue`,grf_blp_single,3238,-0.123454441985368,0.0871312804239659,-1.41687854677057,0.156518439784667,-0.294231751616341,0.0473228676456053,-11.6138092679443,-25.4896207575813,4.84604684008763,0.619528802642388,0.6429385799625
seller_N_1_gaslimit_cost_high,Background_recoded_Orange,grf_blp_single,3238,0.209071899656461,0.116576894983903,1.79342484362213,0.0729050180705784,-0.0194188145119898,0.437562613824912,23.2533614087932,-1.9231483872803,54.8927279859421,0.619528802642388,0.6429385799625
seller_N_1_gaslimit_cost_high,Background_recoded_Purple,grf_blp_single,3238,0.00622365425938484,0.111620644814282,0.0557571967958074,0.955535233874916,-0.212552809576608,0.225000118095377,0.624306143585085,-19.1482382279057,25.2322864085397,0.619528802642388,0.6429385799625
seller_N_1_gaslimit_cost_high,Background_recoded_Yellow,grf_blp_single,3238,0.00787526782562285,0.0930080609784715,0.0846729599861858,0.932521393551923,-0.174420531692181,0.190171067343427,0.79063593116202,-16.0056399526338,20.9456478468234,0.619528802642388,0.6429385799625
seller_N_1_gaslimit_cost_high,`Clothes_recoded_Bayc T Black`,grf_blp_single,3238,-0.175281713018565,0.310840621493867,-0.563895774548961,0.57282506589557,-0.784529331146545,0.433965905109415,-16.0779431894608,-54.3665566347446,54.3366246316124,0.619528802642388,0.6429385799625
seller_N_1_gaslimit_cost_high,`Clothes_recoded_Bayc T Red`,grf_blp_single,3238,0.114755029336259,0.328695374596171,0.349122738575938,0.726997166409958,-0.529487904872235,0.758997963544753,12.1598645150718,-41.1093531393017,113.613466291107,0.619528802642388,0.6429385799625
seller_N_1_gaslimit_cost_high,`Clothes_recoded_Biker Vest`,grf_blp_single,3238,-0.0626511087006608,0.184472078523615,-0.33962380216061,0.734139850973877,-0.424216382606947,0.298914165205625,-6.07288799491664,-34.571770871733,34.8393879394173,0.619528802642388,0.6429385799625
seller_N_1_gaslimit_cost_high,`Clothes_recoded_Black Holes T`,grf_blp_single,3238,-0.00925449501722926,0.233032432666406,-0.0397133347978107,0.968321670433047,-0.465998063043385,0.447489073008926,-0.921180397439958,-37.2491500497097,56.4379207869395,0.619528802642388,0.6429385799625
seller_N_1_gaslimit_cost_high,`Clothes_recoded_Black T`,grf_blp_single,3238,0.0096050109319909,0.173049883327671,0.0555042901346761,0.955736712187797,-0.329572760390244,0.348782782254226,0.965128709183327,-28.0769048249514,41.7341285223,0.619528802642388,0.6429385799625
seller_N_1_gaslimit_cost_high,`Clothes_recoded_Bone Necklace`,grf_blp_single,3238,-0.196039950894932,0.191274729053,-1.02491297133461,0.305404253574716,-0.570938419838812,0.178858518048948,-17.8020604790246,-43.5005012659524,19.5851540789394,0.619528802642388,0.6429385799625
seller_N_1_gaslimit_cost_high,`Clothes_recoded_Bone Tee`,grf_blp_single,3238,-0.115037332366647,0.172585103593799,-0.666554238872213,0.505056907455053,-0.453304135410492,0.223229470677199,-10.8667132279726,-36.4475181370656,25.0107403817704,0.619528802642388,0.6429385799625
seller_N_1_gaslimit_cost_high,`Clothes_recoded_Caveman Pelt`,grf_blp_single,3238,-0.0898747965954343,0.340523836158335,-0.263930999983345,0.791833087803324,-0.757301515465772,0.577551922274903,-8.59543802691947,-53.1069878105909,78.1671417426598,0.619528802642388,0.6429385799625
seller_N_1_gaslimit_cost_high,`Clothes_recoded_Cowboy Shirt`,grf_blp_single,3238,-0.140223852366584,0.357718202084898,-0.391995295596684,0.695061689782422,-0.841351528452984,0.560903823719816,-13.0836350719504,-56.8872551516843,75.2255514902811,0.619528802642388,0.6429385799625
seller_N_1_gaslimit_cost_high,Clothes_recoded_Guayabera,grf_blp_single,3238,-0.150736930636523,0.33793071322908,-0.446058688173572,0.655554853242509,-0.81308112856552,0.511607267292474,-13.9926071998321,-55.6510489242151,66.7969915148988,0.619528802642388,0.6429385799625
seller_N_1_gaslimit_cost_high,Clothes_recoded_Hawaiian,grf_blp_single,3238,0.291757121172575,0.205579944499471,1.41919058244189,0.155843460826211,-0.111179570046389,0.694693812391539,33.8777817362298,-10.5221940835663,100.309565696691,0.619528802642388,0.6429385799625
seller_N_1_gaslimit_cost_high,`Clothes_recoded_Hip Hop`,grf_blp_single,3238,0.439294563759572,0.309779307880781,1.41808878961223,0.15616484377416,-0.16787287968676,1.0464620072059,55.1612268822627,-15.4538696840509,184.755863309659,0.619528802642388,0.6429385799625
seller_N_1_gaslimit_cost_high,`Clothes_recoded_Lab Coat`,grf_blp_single,3238,0.623784274596837,0.330367143800377,1.88815469789501,0.0590051855330177,-0.0237353272519016,1.27130387644558,86.5976063425891,-2.34558598221238,256.549850234539,0.619528802642388,0.6429385799625
seller_N_1_gaslimit_cost_high,`Clothes_recoded_Leather Jacket`,grf_blp_single,3238,0.355630153670161,0.218268248015583,1.62932610172768,0.103244003395323,-0.0721756124403817,0.783435919780703,42.7079650478215,-6.96325026424377,118.898052070098,0.619528802642388,0.6429385799625
seller_N_1_gaslimit_cost_high,`Clothes_recoded_Leather Punk Jacket`,grf_blp_single,3238,0.320810977695533,0.242206170720299,1.32453676444935,0.185324841483821,-0.153913116916253,0.79553507230732,37.8245037217192,-14.2653493316022,121.562619991406,0.619528802642388,0.6429385799625
seller_N_1_gaslimit_cost_high,`Clothes_recoded_Lumberjack Shirt`,grf_blp_single,3238,-0.120412573957929,0.196446707163701,-0.612952875089875,0.539907499880779,-0.505448119998783,0.264622972082924,-11.3445408083579,-39.6764806904296,30.2939638542267,0.619528802642388,0.6429385799625
seller_N_1_gaslimit_cost_high,`Clothes_recoded_Navy Striped Tee`,grf_blp_single,3238,0.0236142654789941,0.159336662689584,0.148203590312412,0.882182098450332,-0.288685593392591,0.335914124350579,2.38952899483342,-25.0752263186546,39.9218860823069,0.619528802642388,0.6429385799625
seller_N_1_gaslimit_cost_high,Clothes_recoded_No_Clothes,grf_blp_single,3238,-0.0134768355391697,0.0898511417902442,-0.149990698734036,0.880771953578982,-0.189585073448048,0.162631402369709,-1.33864295755631,-17.2697667558425,17.6602916702641,0.619528802642388,0.6429385799625
seller_N_1_gaslimit_cost_high,Clothes_recoded_Other_Clothes,grf_blp_single,3238,-0.0140084627961021,0.176611600625691,-0.0793179085998519,0.936779762175469,-0.360167200022457,0.332150274430253,-1.39108008442804,-30.2440315674833,39.3962309665673,0.619528802642388,0.6429385799625
seller_N_1_gaslimit_cost_high,`Clothes_recoded_Prison Jumpsuit`,grf_blp_single,3238,-0.264741051853183,0.214309654149126,-1.23532023279252,0.216711346585565,-0.684787973985469,0.155305870279104,-23.2595357740782,-49.5802878851337,16.8015167598226,0.619528802642388,0.6429385799625
seller_N_1_gaslimit_cost_high,`Clothes_recoded_Prom Dress`,grf_blp_single,3238,0.212164646198433,0.205814922071183,1.03085162175488,0.302610406213982,-0.191232601061086,0.615561893457953,23.635142888438,-17.405954881891,85.0696201546504,0.619528802642388,0.6429385799625
seller_N_1_gaslimit_cost_high,`Clothes_recoded_Puffy Vest`,grf_blp_single,3238,-0.166830412995971,0.231309613433186,-0.72124288532504,0.470760090426829,-0.620197255325016,0.286536429333074,-15.3656872036981,-46.2161664345274,33.1806683839778,0.619528802642388,0.6429385799625
seller_N_1_gaslimit_cost_high,`Clothes_recoded_Rainbow Suspenders`,grf_blp_single,3238,0.233978078329673,0.368646523996569,0.634694926166862,0.525627403455103,-0.488569108703603,0.956525265362948,26.3616791313435,-38.6496376580037,160.263726950517,0.619528802642388,0.6429385799625
seller_N_1_gaslimit_cost_high,`Clothes_recoded_Sailor Shirt`,grf_blp_single,3238,-0.0916841407953483,0.163495236847752,-0.560775607675503,0.574950517162438,-0.412134805016942,0.228766523426245,-8.76067081440105,-33.7765002565394,25.7048513365548,0.619528802642388,0.6429385799625
seller_N_1_gaslimit_cost_high,Clothes_recoded_Service,grf_blp_single,3238,-0.223892608609883,0.230914201315695,-0.969592200627746,0.332249802090428,-0.676484443188645,0.228699225968879,-20.0599021457833,-49.1598832469146,25.6963920043302,0.619528802642388,0.6429385799625
seller_N_1_gaslimit_cost_high,`Clothes_recoded_Sleeveless Logo T`,grf_blp_single,3238,-0.341234519273759,0.265313488631982,-1.28615593965178,0.198388644523711,-0.861248956992443,0.178779918444925,-28.9107829260004,-57.7366099017354,19.5757551025646,0.619528802642388,0.6429385799625
seller_N_1_gaslimit_cost_high,`Clothes_recoded_Sleeveless T`,grf_blp_single,3238,0.366400319940595,0.271736348452537,1.34836698155084,0.177540378328977,-0.166202923026378,0.899003562907568,44.2532601648045,-15.3125633557373,145.715349203269,0.619528802642388,0.6429385799625
seller_N_1_gaslimit_cost_high,`Clothes_recoded_Smoking Jacket`,grf_blp_single,3238,-0.0200970821274107,0.272646926462642,-0.0737110166182799,0.94124033264437,-0.554485057994188,0.514290893739367,-1.98964818467273,-42.5632048756824,67.2452134937664,0.619528802642388,0.6429385799625
seller_N_1_gaslimit_cost_high,`Clothes_recoded_Striped Tee`,grf_blp_single,3238,0.174958747485001,0.195498184063854,0.894937967443497,0.370820249267675,-0.208217693280154,0.558135188250155,19.1197075723539,-18.796975605805,74.7410867757959,0.619528802642388,0.6429385799625
seller_N_1_gaslimit_cost_high,`Clothes_recoded_Stunt Jacket`,grf_blp_single,3238,-0.425879603604014,0.309180273238245,-1.37744752970007,0.168373926585452,-1.03187293915097,0.180113731942946,-34.6805020291828,-64.366106596267,19.7353532721917,0.619528802642388,0.6429385799625
seller_N_1_gaslimit_cost_high,Clothes_recoded_Tanktop,grf_blp_single,3238,-0.25649776875863,0.211863208046232,-1.21067631857372,0.22601948189374,-0.671749656529244,0.158754119011985,-22.6243279004447,-48.9185953678041,17.2049726503483,0.619528802642388,0.6429385799625
seller_N_1_gaslimit_cost_high,`Clothes_recoded_Tie Dye`,grf_blp_single,3238,0.236497462926464,0.266256735150898,0.88823091289102,0.374416553610501,-0.285365737969295,0.758360663822223,26.6804341640287,-24.8260735556688,113.477373858752,0.619528802642388,0.6429385799625
seller_N_1_gaslimit_cost_high,Clothes_recoded_Toga,grf_blp_single,3238,0.0587763461940011,0.27589538012132,0.213038529924479,0.831296909900298,-0.481978598843785,0.599531291231788,6.05380208488127,-38.2439721872759,82.1264957449509,0.619528802642388,0.6429385799625
seller_N_1_gaslimit_cost_high,`Clothes_recoded_Tuxedo Tee`,grf_blp_single,3238,-0.0438293346615442,0.230490739002351,-0.190156597402801,0.849186420761465,-0.495591183106153,0.407932513783065,-4.28827097186865,-39.0789354225331,50.3705678338189,0.619528802642388,0.6429385799625
seller_N_1_gaslimit_cost_high,`Clothes_recoded_Tweed Suit`,grf_blp_single,3238,0.419955503696038,0.345249599586508,1.21638230485713,0.223839321515149,-0.256733711493518,1.09664471888559,52.1893835461296,-22.6425819745909,199.410309384204,0.619528802642388,0.6429385799625
seller_N_1_gaslimit_cost_high,`Clothes_recoded_Vietnam Jacket`,grf_blp_single,3238,-0.00321741951221599,0.177249586848074,-0.0181519154398579,0.985517662228394,-0.35062660973444,0.344191770710009,-0.321224916460272,-29.5753336382659,41.0849169113514,0.619528802642388,0.6429385799625
seller_N_1_gaslimit_cost_high,`Clothes_recoded_Wool Turtleneck`,grf_blp_single,3238,-0.119810117907928,0.238400248486735,-0.502558695590432,0.615274575398699,-0.587074604941928,0.347454369126071,-11.2911136984755,-44.404871470274,41.5459720476987,0.619528802642388,0.6429385799625
seller_N_1_gaslimit_cost_high,`Clothes_recoded_Work Vest`,grf_blp_single,3238,0.301078780215431,0.24497683174958,1.22900920085047,0.21906835634982,-0.179075810013745,0.781233370444608,35.1315794294165,-16.3957483400135,118.416448882926,0.619528802642388,0.6429385799625
seller_N_1_gaslimit_cost_high,`Earring_recoded_Diamond Stud`,grf_blp_single,3238,0.125433951391186,0.2662832896404,0.471054535793731,0.637601790598024,-0.396481296303997,0.64734919908637,13.3640291123641,-32.7317141760739,91.0469835700485,0.619528802642388,0.6429385799625
seller_N_1_gaslimit_cost_high,`Earring_recoded_Gold Hoop`,grf_blp_single,3238,0.286649821662168,0.196146671359716,1.46140548638971,0.143904195955692,-0.0977976542028752,0.671097297527211,33.1957709063951,-9.31676210888492,95.6382877357218,0.619528802642388,0.6429385799625
seller_N_1_gaslimit_cost_high,`Earring_recoded_Gold Stud`,grf_blp_single,3238,0.110218062740533,0.150269997588661,0.733466856386306,0.463273735457384,-0.184311132533242,0.404747258014308,11.6521515656311,-16.8322998204514,49.8923611248321,0.619528802642388,0.6429385799625
seller_N_1_gaslimit_cost_high,Earring_recoded_No_Earring,grf_blp_single,3238,-0.118349997524556,0.0752564474577179,-1.57262269908568,0.115806208481626,-0.265852634541683,0.0291526394925709,-11.1614934378367,-23.3447917523058,2.95817373156682,0.619528802642388,0.6429385799625
seller_N_1_gaslimit_cost_high,`Earring_recoded_Silver Hoop`,grf_blp_single,3238,0.00571301294419869,0.115105023243155,0.0496330462670615,0.96041481196262,-0.219892832612385,0.231318858500782,0.572936332446439,-19.7395193585863,26.0261020329739,0.619528802642388,0.6429385799625
seller_N_1_gaslimit_cost_high,`Earring_recoded_Silver Stud`,grf_blp_single,3238,0.00045517267152416,0.12515332644627,0.00363692028369356,0.997098163853961,-0.244845347163165,0.245755692506213,0.0455276278323646,-21.7174404920239,27.858716695531,0.619528802642388,0.6429385799625
seller_N_1_gaslimit_cost_high,Eyes_recoded_Angry,grf_blp_single,3238,-0.100909411394421,0.192462056919027,-0.524308079264037,0.600064278409323,-0.478135042955714,0.276316220166872,-9.59850773720671,-38.0061526994801,31.8264659994951,0.619528802642388,0.6429385799625
seller_N_1_gaslimit_cost_high,Eyes_recoded_Blindfold,grf_blp_single,3238,-0.0252904709030152,0.176582348435033,-0.143221964863152,0.886114883196346,-0.37139187383568,0.32081093202965,-2.49733459814373,-31.0226415630963,37.8244974278416,0.619528802642388,0.6429385799625
seller_N_1_gaslimit_cost_high,Eyes_recoded_Bloodshot,grf_blp_single,3238,0.0311813141377549,0.130777468169142,0.23843032423159,0.811547350159727,-0.225142523473763,0.287505151749273,3.16725437472396,-20.1597580436256,33.3097459929382,0.619528802642388,0.6429385799625
seller_N_1_gaslimit_cost_high,Eyes_recoded_Bored,grf_blp_single,3238,0.0907000914431481,0.090053167829072,1.00718379630247,0.313846458329527,-0.085804117501833,0.267204300388129,9.49405739638733,-8.22260105243606,30.630729815879,0.619528802642388,0.6429385799625
seller_N_1_gaslimit_cost_high,Eyes_recoded_Closed,grf_blp_single,3238,-0.00939028930223649,0.130856471678403,-0.0717602208113507,0.942792730361474,-0.265868973791907,0.247088395187434,-0.934633821437536,-23.3460442307021,28.0292279452514,0.619528802642388,0.6429385799625
seller_N_1_gaslimit_cost_high,Eyes_recoded_Coins,grf_blp_single,3238,-0.0553426567718419,0.13874727154758,-0.398873838415364,0.689986166823534,-0.327287309005098,0.216601995461414,-5.3839116033112,-27.9123401067588,24.1849741931956,0.619528802642388,0.6429385799625
seller_N_1_gaslimit_cost_high,Eyes_recoded_Crazy,grf_blp_single,3238,-0.0665640887379414,0.175983343749387,-0.378240845524184,0.705251685052394,-0.411491442486741,0.278363265010858,-6.43970476775708,-33.7338808297846,32.0965970779062,0.619528802642388,0.6429385799625
seller_N_1_gaslimit_cost_high,Eyes_recoded_Eyepatch,grf_blp_single,3238,0.276799101639582,0.203241790581491,1.36192020768779,0.173223068091141,-0.12155480790014,0.675153011179304,31.8901379292994,-11.4457482707058,96.4333517964248,0.619528802642388,0.6429385799625
seller_N_1_gaslimit_cost_high,Eyes_recoded_Heart,grf_blp_single,3238,-0.0115147016672417,0.195329012318801,-0.0589502886977605,0.95299170307706,-0.394359565812091,0.371330162477608,-1.1448661211754,-32.588837483585,44.9661618255094,0.619528802642388,0.6429385799625
seller_N_1_gaslimit_cost_high,Eyes_recoded_Holographic,grf_blp_single,3238,-0.611292437859495,0.297736292023,-2.05313377722953,0.0400596048639224,-1.19485557022457,-0.027729305494415,-45.7350924549667,-69.7252323196386,-2.73483773812211,0.619528802642388,0.6429385799625
seller_N_1_gaslimit_cost_high,Eyes_recoded_Hypnotized,grf_blp_single,3238,-0.257770577970774,0.281818751582355,-0.914667943575242,0.360365978066861,-0.810135331072189,0.294594175130641,-22.7227497193028,-55.520213282264,34.2581395194578,0.619528802642388,0.6429385799625
seller_N_1_gaslimit_cost_high,Eyes_recoded_Other_Eyes,grf_blp_single,3238,-0.0453148304332974,0.291881834155426,-0.155250601889693,0.876623757312867,-0.617403225377932,0.526773564511337,-4.43034478949329,-46.0656826626912,69.3459646468359,0.619528802642388,0.6429385799625
seller_N_1_gaslimit_cost_high,Eyes_recoded_Robot,grf_blp_single,3238,-0.171204628110845,0.218087151430348,-0.785028494287631,0.43243686225,-0.598655444914327,0.256246188692638,-15.735087387035,-45.0449960128552,29.2070782004057,0.619528802642388,0.6429385799625
seller_N_1_gaslimit_cost_high,Eyes_recoded_Sad,grf_blp_single,3238,-0.0342869231450188,0.133153218097604,-0.257499770827061,0.79679299219476,-0.295267230616323,0.226693384326286,-3.37057873158475,-25.5667347587129,25.4445176414163,0.619528802642388,0.6429385799625
seller_N_1_gaslimit_cost_high,Eyes_recoded_Scumbag,grf_blp_single,3238,-0.142971463649624,0.212417041828397,-0.673069648362415,0.500902982272794,-0.559308865633282,0.273365938334035,-13.3221196753799,-42.8396017481366,31.4381139274909,0.619528802642388,0.6429385799625
seller_N_1_gaslimit_cost_high,Eyes_recoded_Sleepy,grf_blp_single,3238,0.0534381746175003,0.136037640852298,0.392819033634378,0.69445314561374,-0.213195601453004,0.320071950688004,5.48917706642351,-19.2001923839215,37.7226853190784,0.619528802642388,0.6429385799625
seller_N_1_gaslimit_cost_high,Eyes_recoded_Sunglasses,grf_blp_single,3238,0.0805941702677456,0.206883611965089,0.389562853733168,0.696859824627993,-0.324897709183829,0.486086049719321,8.39309159007988,-27.7398734665039,62.5939901864022,0.619528802642388,0.6429385799625
seller_N_1_gaslimit_cost_high,`Eyes_recoded_Wide Eyed`,grf_blp_single,3238,-0.0434474034347126,0.139016344443528,-0.312534498073801,0.754634349452807,-0.315919438544027,0.229024631674602,-4.25170869208503,-27.0881813375664,25.7373009831237,0.619528802642388,0.6429385799625
seller_N_1_gaslimit_cost_high,`Eyes_recoded_X Eyes`,grf_blp_single,3238,0.197824494371578,0.232734268669161,0.85000157262097,0.395324211916247,-0.258334672219978,0.653983660963134,21.8748477832972,-22.7663290791916,92.3186913830871,0.619528802642388,0.6429385799625
seller_N_1_gaslimit_cost_high,Eyes_recoded_Zombie,grf_blp_single,3238,0.155414076189556,0.17491408924437,0.888516624709571,0.374262917276001,-0.187417538729408,0.498245691108521,16.8141560580969,-17.0902516206438,64.583143988446,0.619528802642388,0.6429385799625
seller_N_1_gaslimit_cost_high,Fur_recoded_Blue,grf_blp_single,3238,-0.0925615217872292,0.192302137146054,-0.481333817506813,0.630279265835358,-0.469473710593496,0.284350667019038,-8.84068735990938,-37.4668713072542,32.8898850055105,0.619528802642388,0.6429385799625
seller_N_1_gaslimit_cost_high,Fur_recoded_Brown,grf_blp_single,3238,0.0127254889976293,0.0975784775093701,0.13041286687843,0.896239787230339,-0.178528326920736,0.203979304915995,1.28068025850498,-16.3499638937644,22.6272775375511,0.619528802642388,0.6429385799625
seller_N_1_gaslimit_cost_high,Fur_recoded_Cheetah,grf_blp_single,3238,-0.0682507423796581,0.18298395417816,-0.372987580720913,0.709157687237134,-0.426899292568851,0.290397807809535,-6.59737557503151,-34.7470736535087,33.6959235076638,0.619528802642388,0.6429385799625
seller_N_1_gaslimit_cost_high,Fur_recoded_Cream,grf_blp_single,3238,-0.153972235058274,0.138526538322595,-1.1114999113001,0.266353228209112,-0.425484250170559,0.117539780054012,-14.2704176550401,-34.6546726358552,12.4726370729607,0.619528802642388,0.6429385799625
seller_N_1_gaslimit_cost_high,`Fur_recoded_Dark Brown`,grf_blp_single,3238,0.077189641653084,0.0975706376722406,0.791115477920515,0.428876607877205,-0.114048808184508,0.268428091490676,8.02469167798885,-10.7785592545762,30.7906924011769,0.619528802642388,0.6429385799625
seller_N_1_gaslimit_cost_high,`Fur_recoded_Death Bot`,grf_blp_single,3238,0.194434990183801,0.2129424788678,0.913086910688734,0.361196833898786,-0.222932268397087,0.611802248764689,21.4624517801665,-19.9830955808856,84.3751304746182,0.619528802642388,0.6429385799625
seller_N_1_gaslimit_cost_high,Fur_recoded_Dmt,grf_blp_single,3238,0.166192197444878,0.236200543413968,0.703606329785649,0.481677968344977,-0.296760867646499,0.629145262536255,18.0800026663417,-25.6778280527716,87.6006400833288,0.619528802642388,0.6429385799625
seller_N_1_gaslimit_cost_high,`Fur_recoded_Golden Brown`,grf_blp_single,3238,-0.167464017735732,0.122221169745301,-1.37017194390066,0.170633234062161,-0.407017510436522,0.0720894749650581,-15.4192949205871,-33.4367465316771,7.4751503115023,0.619528802642388,0.6429385799625
seller_N_1_gaslimit_cost_high,Fur_recoded_Gray,grf_blp_single,3238,0.179171927751659,0.153206476888263,1.16948011200814,0.24221024948495,-0.121112766949337,0.479456622452655,19.6226391003059,-11.4065950120394,61.5196502185081,0.619528802642388,0.6429385799625
seller_N_1_gaslimit_cost_high,Fur_recoded_Noise,grf_blp_single,3238,0.277100287988412,0.265645919302813,1.04311893333676,0.296893212837467,-0.243565713845101,0.797766289821925,31.929867421079,-21.6172034009713,122.057526306214,0.619528802642388,0.6429385799625
seller_N_1_gaslimit_cost_high,Fur_recoded_Other_Fur,grf_blp_single,3238,0.526334373978406,0.536375694042488,0.981279315644593,0.326455020038643,-0.524961986344871,1.57763073430168,69.2716058324119,-40.8422148024159,384.346674666474,0.619528802642388,0.6429385799625
seller_N_1_gaslimit_cost_high,Fur_recoded_Pink,grf_blp_single,3238,-0.0488778318949045,0.149485509019101,-0.326973712807567,0.743687767521435,-0.341869429572343,0.244113765782534,-4.77025370312093,-28.9559038766451,27.648954306095,0.619528802642388,0.6429385799625
seller_N_1_gaslimit_cost_high,Fur_recoded_Red,grf_blp_single,3238,-0.20546069071423,0.146360068535073,-1.40380291407827,0.160377545989334,-0.492326425042973,0.0814050436145127,-18.5727897607185,-38.8797178641203,8.48102030373124,0.619528802642388,0.6429385799625
seller_N_1_gaslimit_cost_high,Fur_recoded_Robot,grf_blp_single,3238,0.136745103255355,0.262834791010579,0.520270177055257,0.602875278961837,-0.378411087125379,0.651901293636089,14.6535863011568,-31.5051130879353,91.9186299058095,0.619528802642388,0.6429385799625
seller_N_1_gaslimit_cost_high,Fur_recoded_Tan,grf_blp_single,3238,-0.016151816443747,0.13894810463643,-0.116243517578089,0.907459548463452,-0.28849010153115,0.256186468643656,-1.60220753140161,-25.0605777033837,29.1993621777697,0.619528802642388,0.6429385799625
seller_N_1_gaslimit_cost_high,Fur_recoded_White,grf_blp_single,3238,0.300453588656078,0.211002644479869,1.42393281087405,0.154465922707836,-0.113111594524466,0.714018771836621,35.0471227101201,-10.694900504603,104.21818524733,0.619528802642388,0.6429385799625
seller_N_1_gaslimit_cost_high,Fur_recoded_Zombie,grf_blp_single,3238,-0.0168473458001246,0.212046182848171,-0.0794513043047212,0.936673662644567,-0.43245786418254,0.398763172582291,-1.67062228967185,-35.1087804995791,48.9980708536023,0.619528802642388,0.6429385799625
seller_N_1_gaslimit_cost_high,`Hat_recoded_Baby's Bonnet`,grf_blp_single,3238,-0.162112139417692,0.249310545923066,-0.650241805124915,0.515536041143728,-0.650760809426901,0.326536530591517,-14.9654158094171,-47.8351249537391,38.6158886042159,0.619528802642388,0.6429385799625
seller_N_1_gaslimit_cost_high,`Hat_recoded_Bayc Flipped Brim`,grf_blp_single,3238,0.354758445910517,0.278548987368845,1.27359445554458,0.202807178215793,-0.191197569332419,0.900714461153453,42.5836196116411,-17.4030614190317,146.136102994035,0.619528802642388,0.6429385799625
seller_N_1_gaslimit_cost_high,`Hat_recoded_Bayc Hat Black`,grf_blp_single,3238,-0.360186518793521,0.281631263087698,-1.27892945848615,0.200921897863624,-0.912183794445409,0.191810756858367,-30.2453791540509,-59.8353847018651,21.1441238325035,0.619528802642388,0.6429385799625
seller_N_1_gaslimit_cost_high,`Hat_recoded_Bayc Hat Red`,grf_blp_single,3238,0.0705573046906401,0.410084528349979,0.172055514931361,0.863393885082366,-0.733208370875318,0.874322980256598,7.31060616796875,-51.9634675028891,139.72517576762,0.619528802642388,0.6429385799625
seller_N_1_gaslimit_cost_high,Hat_recoded_Beanie,grf_blp_single,3238,-0.0142648173352587,0.154446467425264,-0.0923609168475244,0.926411290493283,-0.316979893488776,0.288450258818259,-1.41635568875336,-27.1654600536573,33.4357975329589,0.619528802642388,0.6429385799625
seller_N_1_gaslimit_cost_high,Hat_recoded_Bowler,grf_blp_single,3238,-0.323189905720296,0.191910761572387,-1.68406348384164,0.0921694005122259,-0.699334998402175,0.0529551869615828,-27.6163619354438,-50.3084356362024,5.43823939819024,0.619528802642388,0.6429385799625
seller_N_1_gaslimit_cost_high,`Hat_recoded_Bunny Ears`,grf_blp_single,3238,-0.10304475351509,0.173025057086326,-0.595548154991669,0.551477120272655,-0.442173865404288,0.236084358374109,-9.79133989681926,-35.736210675536,26.6281127078412,0.619528802642388,0.6429385799625
seller_N_1_gaslimit_cost_high,`Hat_recoded_Commie Hat`,grf_blp_single,3238,-0.0104005246259917,0.193694504228512,-0.0536955070946238,0.957177762458742,-0.390041752913874,0.369240703661891,-1.03466261889232,-32.2971394009054,44.6635772298142,0.619528802642388,0.6429385799625
seller_N_1_gaslimit_cost_high,`Hat_recoded_Cowboy Hat`,grf_blp_single,3238,-0.294310106345349,0.213262353152272,-1.38003778911324,0.167575009994923,-0.712304318523802,0.123684105833104,-25.4954587694342,-50.9487403085591,13.1658330264183,0.619528802642388,0.6429385799625
seller_N_1_gaslimit_cost_high,`Hat_recoded_Faux Hawk`,grf_blp_single,3238,0.624105982861075,0.363919377766453,1.71495672116036,0.0863531620378655,-0.0891759975611732,1.33738796328332,86.6576459917444,-8.53154228474429,280.908104033423,0.619528802642388,0.6429385799625
seller_N_1_gaslimit_cost_high,Hat_recoded_Fez,grf_blp_single,3238,-0.34124682751232,0.167935052530292,-2.03201667770203,0.0421519675956117,-0.670399530471692,-0.0120941245529475,-28.9116579036585,-48.849582454771,-1.20212845695831,0.619528802642388,0.6429385799625
seller_N_1_gaslimit_cost_high,`Hat_recoded_Fisherman's Hat`,grf_blp_single,3238,0.264507117041707,0.176157770798017,1.50153533303388,0.133217155013696,-0.080762113722406,0.609776347805819,30.2788695160684,-7.75869052354287,84.0019828287098,0.619528802642388,0.6429385799625
seller_N_1_gaslimit_cost_high,`Hat_recoded_Girl's Hair Pink`,grf_blp_single,3238,-0.0219112019595433,0.270761030467993,-0.0809245035065468,0.935501992890862,-0.552602821676809,0.508780417757722,-2.16728952759502,-42.4549934461519,66.3261473334107,0.619528802642388,0.6429385799625
seller_N_1_gaslimit_cost_high,`Hat_recoded_Girl's Hair Short`,grf_blp_single,3238,-0.0236823800781107,0.331891612287555,-0.0713557655611736,0.943114613793542,-0.674189940161719,0.626825180005498,-2.34041532009717,-49.0430965126154,87.1658956320273,0.619528802642388,0.6429385799625
seller_N_1_gaslimit_cost_high,Hat_recoded_Halo,grf_blp_single,3238,-0.0440401782047759,0.153429066640468,-0.287039341169792,0.774082197202337,-0.344761148820092,0.25668079241054,-4.30844904466283,-29.1610467061586,29.2632442810807,0.619528802642388,0.6429385799625
seller_N_1_gaslimit_cost_high,Hat_recoded_Horns,grf_blp_single,3238,-0.322147517820341,0.205142994591775,-1.57035592885539,0.116332329322213,-0.72422778722022,0.0799327515795367,-27.5408707682665,-51.5301284981335,8.32142207801958,0.619528802642388,0.6429385799625
seller_N_1_gaslimit_cost_high,`Hat_recoded_Irish Boho`,grf_blp_single,3238,0.0985652740240817,0.203286266751879,0.484859482142912,0.627776025488126,-0.2998758088096,0.497006356857764,10.358643757112,-25.9089770508362,64.379296804494,0.619528802642388,0.6429385799625
seller_N_1_gaslimit_cost_high,Hat_recoded_No_Hat,grf_blp_single,3238,0.03434586222051,0.0800155935893702,0.429239610428545,0.667748859632351,-0.122484701214656,0.191176425655676,3.49424923434956,-11.5280560027249,21.0673027023297,0.619528802642388,0.6429385799625
seller_N_1_gaslimit_cost_high,Hat_recoded_Other_Hat,grf_blp_single,3238,0.0869379103907491,0.166883157959336,0.520950774504958,0.602401063388458,-0.240153079209549,0.414028899991047,9.08289484724261,-21.3492546088477,51.2900849073599,0.619528802642388,0.6429385799625
seller_N_1_gaslimit_cost_high,`Hat_recoded_Party Hat 1`,grf_blp_single,3238,-0.143371698921841,0.347055109448063,-0.413109316125185,0.679526524179299,-0.823599713440043,0.536856315596362,-13.3568042789429,-56.1150923118263,71.0620748731903,0.619528802642388,0.6429385799625
seller_N_1_gaslimit_cost_high,`Hat_recoded_Police Motorcycle Helmet`,grf_blp_single,3238,0.117028869963867,0.340293694492491,0.343905490633325,0.730917362526896,-0.549946771241415,0.784004511169149,12.4151883446321,-42.301947847999,119.022551008611,0.619528802642388,0.6429385799625
seller_N_1_gaslimit_cost_high,`Hat_recoded_Prussian Helmet`,grf_blp_single,3238,0.193004121429327,0.29612666525234,0.65176204670681,0.514554688984724,-0.387404142465258,0.773412385323913,21.2887792340136,-32.1183299171713,116.714879733028,0.619528802642388,0.6429385799625
seller_N_1_gaslimit_cost_high,`Hat_recoded_S&m Hat`,grf_blp_single,3238,-0.28752155025005,0.209530064464768,-1.37222097928766,0.169994656367192,-0.698200476600995,0.123157376100894,-24.9879598685418,-50.2520274810064,13.1062409133396,0.619528802642388,0.6429385799625
seller_N_1_gaslimit_cost_high,Hat_recoded_Safari,grf_blp_single,3238,0.0934973770528397,0.289538600764547,0.322918522110535,0.746756948546645,-0.473998280445673,0.660993034551352,9.80077233212826,-37.7491676996353,93.6714604322042,0.619528802642388,0.6429385799625
seller_N_1_gaslimit_cost_high,`Hat_recoded_Sea Captain's Hat`,grf_blp_single,3238,-0.1255674093126,0.257367644795478,-0.487891200979766,0.625626907327588,-0.630007993111736,0.378873174486537,-11.8003692341729,-46.7412456041865,46.0637777859807,0.619528802642388,0.6429385799625
seller_N_1_gaslimit_cost_high,`Hat_recoded_Seaman's Hat`,grf_blp_single,3238,0.0342593403013236,0.156716103168954,0.218607658106385,0.826955686782953,-0.272904221909826,0.341422902512473,3.48529510065105,-23.883431286639,40.6948116959587,0.619528802642388,0.6429385799625
seller_N_1_gaslimit_cost_high,`Hat_recoded_Short Mohawk`,grf_blp_single,3238,0.273108482958823,0.200894179137719,1.35946439130822,0.17399947877877,-0.120644108151105,0.666861074068752,31.4042788342528,-11.3650652024313,94.8112731778498,0.619528802642388,0.6429385799625
seller_N_1_gaslimit_cost_high,`Hat_recoded_Spinner Hat`,grf_blp_single,3238,0.165309072119878,0.32701890319288,0.505503108553869,0.613205515670061,-0.475647978138167,0.806266122377922,17.9757692579667,-37.8517780927015,123.953022385255,0.619528802642388,0.6429385799625
seller_N_1_gaslimit_cost_high,`Hat_recoded_Stuntman Helmet`,grf_blp_single,3238,0.171701913779314,0.263600861755005,0.651370836332456,0.514807131784357,-0.344955775260496,0.688359602819124,18.7323855577759,-29.1748324978968,99.0447728884189,0.619528802642388,0.6429385799625
seller_N_1_gaslimit_cost_high,`Hat_recoded_Sushi Chef Headband`,grf_blp_single,3238,0.243191647006856,0.223688027668192,1.08719116325525,0.276952335334791,-0.195236887222802,0.681620181236513,27.531301062103,-17.7360237875864,97.707836399701,0.619528802642388,0.6429385799625
seller_N_1_gaslimit_cost_high,`Hat_recoded_Vietnam Era Helmet`,grf_blp_single,3238,0.198813925270914,0.277711978881129,0.715899710455105,0.474053277259755,-0.345501553336098,0.743129403877927,21.9954941993493,-29.2134767749614,110.250481686027,0.619528802642388,0.6429385799625
seller_N_1_gaslimit_cost_high,`Hat_recoded_Ww2 Pilot Helm`,grf_blp_single,3238,-0.0674471574805963,0.301010072883003,-0.224069436728823,0.822703273807557,-0.657426900331282,0.52253258537009,-6.52228847112006,-48.1817043046792,68.629292712642,0.619528802642388,0.6429385799625
seller_N_1_gaslimit_cost_high,`Mouth_recoded_Bored Bubblegum`,grf_blp_single,3238,0.143710845521269,0.296651859060167,0.484442760536084,0.628071677662394,-0.437726798236659,0.725148489279196,15.4550216887975,-35.4497888915405,106.503771316308,0.619528802642388,0.6429385799625
seller_N_1_gaslimit_cost_high,`Mouth_recoded_Bored Cigar`,grf_blp_single,3238,0.413772282541826,0.35356732141152,1.17027863573464,0.241888856552396,-0.279219667424753,1.1067642325084,51.2512662126688,-24.3626265705597,202.455578422177,0.619528802642388,0.6429385799625
seller_N_1_gaslimit_cost_high,`Mouth_recoded_Bored Cigarette`,grf_blp_single,3238,0.177279021342278,0.143677220748657,1.23387006248125,0.217251326740399,-0.104328331325091,0.458886374009647,19.3964188145076,-9.90705545035179,58.231090092448,0.619528802642388,0.6429385799625
seller_N_1_gaslimit_cost_high,`Mouth_recoded_Bored Pipe`,grf_blp_single,3238,-0.223468661251128,0.408555209210929,-0.54697298238524,0.584397293827647,-1.02423687130455,0.577299548802294,-20.0260045675527,-64.0929622213565,78.1221827558598,0.619528802642388,0.6429385799625
seller_N_1_gaslimit_cost_high,`Mouth_recoded_Bored Unshaven`,grf_blp_single,3238,0.175138251814285,0.0946736448765736,1.84991559205957,0.0643257162363671,-0.0104220921437997,0.360698595772369,19.141091994807,-1.03679703255158,43.433108226944,0.619528802642388,0.6429385799625
seller_N_1_gaslimit_cost_high,`Mouth_recoded_Bored Unshaven Cigar`,grf_blp_single,3238,-0.287591991870581,0.268882348256982,-1.06958301180752,0.284807045256451,-0.814601394454265,0.239417410713103,-24.9932436521067,-55.7184198978649,27.0508749881075,0.619528802642388,0.6429385799625
seller_N_1_gaslimit_cost_high,`Mouth_recoded_Bored Unshaven Cigarette`,grf_blp_single,3238,-0.325254238411575,0.177293997103489,-1.8345473830212,0.0665727809773187,-0.672750472734413,0.0222419959112636,-27.7656317215554,-48.9696928914628,2.24911932213405,0.619528802642388,0.6429385799625
seller_N_1_gaslimit_cost_high,Mouth_recoded_Discomfort,grf_blp_single,3238,0.133663112170921,0.233380185366672,0.572726908931527,0.566829614792001,-0.323762051147757,0.591088275489598,14.3007689396341,-27.6577640578384,80.5952720432498,0.619528802642388,0.6429385799625
seller_N_1_gaslimit_cost_high,Mouth_recoded_Dumbfounded,grf_blp_single,3238,0.105228775083445,0.138908060562032,0.757542612413429,0.448724846589719,-0.167031023618138,0.377488573785027,11.0964742336696,-15.3826640429208,45.861677723025,0.619528802642388,0.6429385799625
seller_N_1_gaslimit_cost_high,Mouth_recoded_Grin,grf_blp_single,3238,-0.210578836166569,0.141802446657683,-1.4850155348512,0.137539708976093,-0.488511631615629,0.0673539592824903,-18.9884813739973,-38.6461113164892,6.96740322272331,0.619528802642388,0.6429385799625
seller_N_1_gaslimit_cost_high,Mouth_recoded_Jovial,grf_blp_single,3238,0.11767756094744,0.218276497380995,0.539121537863224,0.589802995183932,-0.31014437391931,0.54549949581419,12.4881347209983,-26.6658926743834,72.5470032221881,0.619528802642388,0.6429385799625
seller_N_1_gaslimit_cost_high,Mouth_recoded_Other_Mouth,grf_blp_single,3238,0.0712932358897582,0.109802417442301,0.649286578114015,0.516153159538326,-0.143919502297152,0.286505974076668,7.3896084576033,-13.4042547160652,33.1766123943373,0.619528802642388,0.6429385799625
seller_N_1_gaslimit_cost_high,`Mouth_recoded_Phoneme  ooo`,grf_blp_single,3238,0.201100520838727,0.226007269452014,0.889796692497207,0.373575062890954,-0.241873727287221,0.644074768964675,22.2747677268015,-21.4844685015902,90.4224366480418,0.619528802642388,0.6429385799625
seller_N_1_gaslimit_cost_high,`Mouth_recoded_Phoneme L`,grf_blp_single,3238,0.0270270063535184,0.152616162666506,0.177091376701545,0.859436615269197,-0.272100672472833,0.32615468517987,2.73955485962194,-23.8222432802018,38.5629688673935,0.619528802642388,0.6429385799625
seller_N_1_gaslimit_cost_high,`Mouth_recoded_Phoneme Oh`,grf_blp_single,3238,0.148544368519841,0.218754542086636,0.679045870787044,0.497108797927291,-0.280214533969966,0.577303271009648,16.0144270516619,-24.4378382439602,78.1228457647923,0.619528802642388,0.6429385799625
seller_N_1_gaslimit_cost_high,`Mouth_recoded_Phoneme Vuh`,grf_blp_single,3238,-0.082121352182811,0.163472516417794,-0.502355710809088,0.615417327280799,-0.402527484361687,0.238284779996065,-7.88398328835884,-33.1372038139118,26.9070547274668,0.619528802642388,0.6429385799625
seller_N_1_gaslimit_cost_high,`Mouth_recoded_Phoneme Wah`,grf_blp_single,3238,-0.133901439620473,0.248851019558294,-0.538078726211956,0.590522698754098,-0.621649437954729,0.353846558713782,-12.532373121988,-46.294213700233,42.4536586983053,0.619528802642388,0.6429385799625
seller_N_1_gaslimit_cost_high,Mouth_recoded_Rage,grf_blp_single,3238,0.0694672292071952,0.203724804790094,0.340985621651571,0.733114406043144,-0.329833388181389,0.46876784659578,7.1936932406063,-28.0956475398369,59.8023968983969,0.619528802642388,0.6429385799625
seller_N_1_gaslimit_cost_high,`Mouth_recoded_Small Grin`,grf_blp_single,3238,-0.0126571812966078,0.146005890108404,-0.0866895252459358,0.930918302714467,-0.29882872590908,0.273514363315865,-1.25774160664116,-25.8313569773901,31.4576240750232,0.619528802642388,0.6429385799625
seller_N_1_gaslimit_cost_high,`Mouth_recoded_Tongue Out`,grf_blp_single,3238,-0.341913576110853,0.261779555288073,-1.30611260201201,0.191514268033676,-0.855001504475475,0.17117435225377,-28.959040158342,-57.4717448745376,18.6697634392822,0.619528802642388,0.6429385799625
seller_N_1_gaslimit_cost_high,`log_price_change_n-1`,grf_blp_single,3238,-0.011560315708808,0.0290764346150982,-0.397583674265388,0.690937096635258,-0.0685501275544004,0.0454294961367844,-1.14937520052174,-6.62533475057621,4.64772213261053,0.619528802642388,0.6429385799625
