treatment,covariate,SMD_raw,SMD_kept,flag_gt_0_1,flag_gt_0_25
seller_N_total_value_high,log_price_1_sale,0.0907234908109004,0.102260182058671,1,0
seller_N_total_value_high,sold_after_30d,-0.90740369670727,-0.605462430543865,1,1
seller_N_total_value_high,log_buyern_total_value,0.334976637695974,0.152482062899917,1,0
seller_N_total_value_high,log_buyern_rolling_avg_value_last10,-0.148225642367597,-0.0543329475617509,0,0
seller_N_total_value_high,log_sellern_rolling_avg_value_last10,0.193355050144862,0.148719902831324,1,0
seller_N_total_value_high,log_buyern_1_total_value,0.879279893393245,0.698157446720547,1,1
seller_N_total_value_high,log_buyern_1_rolling_avg_value_last10,0.119410190930005,0.20193339181439,1,0
seller_N_total_value_high,log_sellern_1_total_value,0.30870029113971,0.140284500709913,1,0
seller_N_total_value_high,log_sellern_1_rolling_avg_value_last10,0.320107481479685,0.19824208318047,1,0
seller_N_total_value_high,log_unique_makers_count,0.505127335835716,0.353565670047872,1,1
seller_N_total_value_high,log_median_offer_price,0.123038745263407,0.131443899495715,1,0
seller_N_total_value_high,log_buyern_avg_total_gaspaid,0.34911882506306,0.155505675795208,1,0
seller_N_total_value_high,log_buyern_1_avg_total_gaspaid,0.437599207474203,0.26789594682499,1,1
seller_N_total_value_high,log_sellern_avg_total_gaspaid,2.00762119087419,1.66467285202248,1,1
seller_N_total_value_high,log_sellern_1_avg_total_gaspaid,0.436349525213732,0.0724445547026445,0,0
seller_N_total_value_high,log_buyern_avg_gasLimit_cost,-0.238836532097492,-0.118623051664141,1,0
seller_N_total_value_high,log_buyern_1_avg_gasLimit_cost,-0.418218432788495,-0.228764380459667,1,0
seller_N_total_value_high,log_sellern_avg_gasLimit_cost,1.03145525751892,0.682223752142107,1,1
seller_N_total_value_high,log_sellern_1_avg_gasLimit_cost,0.265296789307251,0.00343109072740758,0,0
seller_N_total_value_high,`time_n_sale_str_2021-06`,-0.0965381418029346,-0.067323124511601,0,0
seller_N_total_value_high,`time_n_sale_str_2021-07`,0,0.0365803839006425,0,0
seller_N_total_value_high,`time_n_sale_str_2021-08`,-0.0858376111975313,-0.0457166145915931,0,0
seller_N_total_value_high,`time_n_sale_str_2021-09`,-0.0589862562696858,-0.0298548371549529,0,0
seller_N_total_value_high,`time_n_sale_str_2021-10`,-0.0776479195315842,-0.0454422135146323,0,0
seller_N_total_value_high,`time_n_sale_str_2021-11`,-0.120006841556503,-0.0863792602001041,0,0
seller_N_total_value_high,`time_n_sale_str_2021-12`,-0.168027057079973,-0.140922283781586,1,0
seller_N_total_value_high,`time_n_sale_str_2022-01`,-0.16414330146809,-0.11638184489567,1,0
seller_N_total_value_high,`time_n_sale_str_2022-02`,-0.120402637130542,-0.0918356038398995,0,0
seller_N_total_value_high,`time_n_sale_str_2022-03`,-0.14671775388231,-0.110027928660609,1,0
seller_N_total_value_high,`time_n_sale_str_2022-04`,-0.138671914567854,-0.101772801487959,1,0
seller_N_total_value_high,`time_n_sale_str_2022-05`,-0.205604958344589,-0.172862692361825,1,0
seller_N_total_value_high,`time_n_sale_str_2022-06`,-0.102483041362892,-0.0654448949944188,0,0
seller_N_total_value_high,`time_n_sale_str_2022-07`,0.0315917325750653,0.0654788050504193,0,0
seller_N_total_value_high,`time_n_sale_str_2022-08`,-0.0378824111071033,-0.000594831108184196,0,0
seller_N_total_value_high,`time_n_sale_str_2022-09`,-0.0373232251018626,-0.00879505706093386,0,0
seller_N_total_value_high,`time_n_sale_str_2022-10`,0.00692652440163717,0.0315945296802645,0,0
seller_N_total_value_high,`time_n_sale_str_2022-11`,-0.0470450806845277,-0.0112783709010551,0,0
seller_N_total_value_high,`time_n_sale_str_2022-12`,-0.0191900422244896,0.00557829994480965,0,0
seller_N_total_value_high,`time_n_sale_str_2023-01`,-0.0254009252100902,0.00583126538619611,0,0
seller_N_total_value_high,`time_n_sale_str_2023-02`,-0.084438647148313,-0.0631023535557937,0,0
seller_N_total_value_high,`time_n_sale_str_2023-03`,-0.0904960311297338,-0.0659605730831321,0,0
seller_N_total_value_high,`time_n_sale_str_2023-04`,-0.0729711661155744,-0.0450282151404379,0,0
seller_N_total_value_high,`time_n_sale_str_2023-05`,-0.025129962533134,-0.000394358074460785,0,0
seller_N_total_value_high,`time_n_sale_str_2023-06`,0.0989466538938821,0.0686613012114778,0,0
seller_N_total_value_high,`time_n_sale_str_2023-07`,0.00706873053669183,0.0353197166129981,0,0
seller_N_total_value_high,`time_n_sale_str_2023-08`,0.00420841084237933,0.0448380029534469,0,0
seller_N_total_value_high,`time_n_sale_str_2023-09`,0,0.0181277261229533,0,0
seller_N_total_value_high,`time_n_sale_str_2023-10`,0.011299882758288,0.0444003220415659,0,0
seller_N_total_value_high,`time_n_sale_str_2023-11`,0.131770050280734,0.0979625882113218,0,0
seller_N_total_value_high,`time_n_sale_str_2023-12`,0.0731551209995329,-0.0298836351887371,0,0
seller_N_total_value_high,`time_n_sale_str_2024-01`,0.339445279706396,0.166040383872167,1,0
seller_N_total_value_high,`time_n_sale_str_2024-02`,0.0819946712289723,0.00856167712843613,0,0
seller_N_total_value_high,`time_n_sale_str_2024-03`,0.192173155356371,0.163681121879705,1,0
seller_N_total_value_high,`time_n_sale_str_2024-04`,0.20745215673955,0.0952052215984468,0,0
seller_N_total_value_high,`time_n_sale_str_2024-05`,0.19268880981759,0.137813422516467,1,0
seller_N_total_value_high,`time_n_sale_str_2024-06`,0.128953547219897,0.0984009230893552,0,0
seller_N_total_value_high,`time_n_sale_str_2024-07`,0,0.0166718117577226,0,0
seller_N_total_value_high,`time_n_sale_str_2024-08`,0.0134974880100908,0.0365803839006424,0,0
seller_N_total_value_high,`time_n_sale_str_2024-09`,0.0637284075868243,0.0787196530107966,0,0
seller_N_total_value_high,`time_n_sale_str_2024-10`,0.0752042860291657,0.0904439623071861,0,0
seller_N_total_value_high,`time_n_sale_str_2024-11`,-0.0725233870205543,-0.0308906213831833,0,0
seller_N_total_value_high,`time_n_sale_str_2024-12`,0.00319194355305609,0.0500135216397902,0,0
seller_N_total_value_high,`time_n_sale_str_2025-01`,0,0.00739770835969224,0,0
seller_N_total_value_high,`time_n_sale_str_2025-02`,-0.0694549788677684,-0.0450223084241568,0,0
seller_N_total_value_high,`time_n_sale_str_2025-03`,-0.0332320063662229,-0.0107676594437661,0,0
seller_N_total_value_high,`time_n-1_sale_str_2021-06`,-0.229882399146159,-0.158407698716798,1,0
seller_N_total_value_high,`time_n-1_sale_str_2021-07`,-0.211266833505186,-0.165791945663779,1,0
seller_N_total_value_high,`time_n-1_sale_str_2021-08`,-0.174230553456289,-0.102812484323351,1,0
seller_N_total_value_high,`time_n-1_sale_str_2021-09`,-0.113718780561184,-0.0815288557392395,0,0
seller_N_total_value_high,`time_n-1_sale_str_2021-10`,-0.107100837247714,-0.0764089721429782,0,0
seller_N_total_value_high,`time_n-1_sale_str_2021-11`,-0.145237031854605,-0.117413806531408,1,0
seller_N_total_value_high,`time_n-1_sale_str_2021-12`,-0.053531134655029,-0.0201233746692242,0,0
seller_N_total_value_high,`time_n-1_sale_str_2022-01`,-0.101856805964403,-0.0607083718588553,0,0
seller_N_total_value_high,`time_n-1_sale_str_2022-02`,-0.0242844365119566,0.00148199655135953,0,0
seller_N_total_value_high,`time_n-1_sale_str_2022-03`,-0.0263002242608119,0.0103314686395201,0,0
seller_N_total_value_high,`time_n-1_sale_str_2022-04`,-0.0983865703570033,-0.0740748686262367,0,0
seller_N_total_value_high,`time_n-1_sale_str_2022-05`,0.00925027795647382,0.0464539807805879,0,0
seller_N_total_value_high,`time_n-1_sale_str_2022-06`,-0.110450061353753,-0.0816029696573614,0,0
seller_N_total_value_high,`time_n-1_sale_str_2022-07`,-0.0273607001713894,0.0012502745636863,0,0
seller_N_total_value_high,`time_n-1_sale_str_2022-08`,-0.0619432877128407,-0.0319772371795514,0,0
seller_N_total_value_high,`time_n-1_sale_str_2022-09`,-0.0242844365119566,0.00148199655135953,0,0
seller_N_total_value_high,`time_n-1_sale_str_2022-10`,0.0497947356714961,0.0720689994313014,0,0
seller_N_total_value_high,`time_n-1_sale_str_2022-11`,0,0.0303564032737028,0,0
seller_N_total_value_high,`time_n-1_sale_str_2022-12`,-0.0537743746988193,-0.0305146415960599,0,0
seller_N_total_value_high,`time_n-1_sale_str_2023-01`,-0.0199374414718585,0.00376184917284601,0,0
seller_N_total_value_high,`time_n-1_sale_str_2023-02`,-0.00617361673521507,0.0205982561665752,0,0
seller_N_total_value_high,`time_n-1_sale_str_2023-03`,-0.0228236869783992,0.00488943527943328,0,0
seller_N_total_value_high,`time_n-1_sale_str_2023-04`,-0.0479924645278694,-0.0205298858192183,0,0
seller_N_total_value_high,`time_n-1_sale_str_2023-05`,-0.0678548584502465,-0.0499551939197909,0,0
seller_N_total_value_high,`time_n-1_sale_str_2023-06`,0.201561382287933,0.185389585632713,1,0
seller_N_total_value_high,`time_n-1_sale_str_2023-07`,0.0411221326685034,0.0654788050504194,0,0
seller_N_total_value_high,`time_n-1_sale_str_2023-08`,0.0447140605031003,0.0812073685873507,0,0
seller_N_total_value_high,`time_n-1_sale_str_2023-09`,-0.0297022846283982,-0.0194731023489888,0,0
seller_N_total_value_high,`time_n-1_sale_str_2023-10`,0.0320773310635957,0.0507183854439829,0,0
seller_N_total_value_high,`time_n-1_sale_str_2023-11`,0.159085588189563,0.137581105820123,1,0
seller_N_total_value_high,`time_n-1_sale_str_2023-12`,0.208240796212515,0.136752320205243,1,0
seller_N_total_value_high,`time_n-1_sale_str_2024-01`,0.376952476042465,0.182101066952566,1,0
seller_N_total_value_high,`time_n-1_sale_str_2024-02`,0.207694158270376,0.133082297687217,1,0
seller_N_total_value_high,`time_n-1_sale_str_2024-03`,0.213339656867908,0.142471670640368,1,0
seller_N_total_value_high,`time_n-1_sale_str_2024-04`,0.295836724251854,0.182076988559789,1,0
seller_N_total_value_high,`time_n-1_sale_str_2024-05`,0.200630552380958,0.127910371658493,1,0
seller_N_total_value_high,`time_n-1_sale_str_2024-06`,0.108735831895247,0.0708157893830316,0,0
seller_N_total_value_high,`time_n-1_sale_str_2024-07`,0.0963370101036962,0.12224031881687,1,0
seller_N_total_value_high,`time_n-1_sale_str_2024-08`,0.0506342993396627,0.0534195316452441,0,0
seller_N_total_value_high,`time_n-1_sale_str_2024-09`,0.0502718382948319,0.073314662555369,0,0
seller_N_total_value_high,`time_n-1_sale_str_2024-10`,0.0383084236421774,0.0345189879921236,0,0
seller_N_total_value_high,`time_n-1_sale_str_2024-11`,0.00907988352388463,0.0418336261646358,0,0
seller_N_total_value_high,`time_n-1_sale_str_2024-12`,0.163983469641927,0.189898203312384,1,0
seller_N_total_value_high,`time_n-1_sale_str_2025-01`,0.113153984459031,0.108275232584074,1,0
seller_N_total_value_high,`time_n-1_sale_str_2025-02`,-0.049794735671496,-0.0467603730919664,0,0
seller_N_total_value_high,`time_n-1_sale_str_2025-03`,0.0148192912752926,0.0268708229359192,0,0
seller_N_total_value_high,`Background_recoded_Army Green`,-0.00859762250759931,-0.0292886803624909,0,0
seller_N_total_value_high,Background_recoded_Blue,-0.00165624903025156,0.00334991076547034,0,0
seller_N_total_value_high,Background_recoded_Gray,-0.0016688469536327,0.0187050226502177,0,0
seller_N_total_value_high,`Background_recoded_New Punk Blue`,-0.0162776659468242,-0.0108090802088494,0,0
seller_N_total_value_high,Background_recoded_Orange,-0.00164703254258515,0.0178854979382655,0,0
seller_N_total_value_high,Background_recoded_Purple,0.0248923936279302,0.00957130668414791,0,0
seller_N_total_value_high,Background_recoded_Yellow,0,-0.0240557422164432,0,0
seller_N_total_value_high,`Clothes_recoded_Bayc T Black`,-0.0438404501002743,-0.0259723369613967,0,0
seller_N_total_value_high,`Clothes_recoded_Bayc T Red`,-0.10444895260306,-0.0889488535103964,0,0
seller_N_total_value_high,`Clothes_recoded_Biker Vest`,0.113786245152131,0.101322389653513,1,0
seller_N_total_value_high,`Clothes_recoded_Black Holes T`,-0.0404525069568008,-0.0516376495041589,0,0
seller_N_total_value_high,`Clothes_recoded_Black T`,-0.0307418781754354,-0.0199503514765616,0,0
seller_N_total_value_high,`Clothes_recoded_Bone Necklace`,-0.0142934684639286,-0.0324092296855844,0,0
seller_N_total_value_high,`Clothes_recoded_Bone Tee`,0.0798769416746223,0.0741454665696056,0,0
seller_N_total_value_high,`Clothes_recoded_Caveman Pelt`,0.0788923922230643,0.0666342545397707,0,0
seller_N_total_value_high,`Clothes_recoded_Cowboy Shirt`,0.00533097955091207,0.00488943527943327,0,0
seller_N_total_value_high,Clothes_recoded_Guayabera,0.00367675443178501,-0.0303220746578439,0,0
seller_N_total_value_high,Clothes_recoded_Hawaiian,0,-0.00628575749356177,0,0
seller_N_total_value_high,`Clothes_recoded_Hip Hop`,-0.0437640506565954,-0.0126774393004502,0,0
seller_N_total_value_high,`Clothes_recoded_Lab Coat`,-0.00496700240328387,0.00437731053510509,0,0
seller_N_total_value_high,`Clothes_recoded_Leather Jacket`,-0.0585128213888599,-0.0572866317705028,0,0
seller_N_total_value_high,`Clothes_recoded_Leather Punk Jacket`,-0.0929339929224869,-0.0968317993963655,0,0
seller_N_total_value_high,`Clothes_recoded_Lumberjack Shirt`,-0.0285891285333641,-0.044463060663551,0,0
seller_N_total_value_high,`Clothes_recoded_Navy Striped Tee`,-0.0715561763325021,-0.089965183730796,0,0
seller_N_total_value_high,Clothes_recoded_No_Clothes,0.0469311285405935,0.0541383030454195,0,0
seller_N_total_value_high,Clothes_recoded_Other_Clothes,-0.00278792207854427,0.0397068331657598,0,0
seller_N_total_value_high,`Clothes_recoded_Prison Jumpsuit`,0.0755120078338989,0.0683811487008712,0,0
seller_N_total_value_high,`Clothes_recoded_Prom Dress`,0.0514087820858743,0.035229167372054,0,0
seller_N_total_value_high,`Clothes_recoded_Puffy Vest`,-0.00367675443178502,0.00656788139490799,0,0
seller_N_total_value_high,`Clothes_recoded_Rainbow Suspenders`,-0.0282950676391296,-0.038932580786266,0,0
seller_N_total_value_high,`Clothes_recoded_Sailor Shirt`,0.0487527366954224,0.044937234444794,0,0
seller_N_total_value_high,Clothes_recoded_Service,0,0.00739770835969225,0,0
seller_N_total_value_high,`Clothes_recoded_Sleeveless Logo T`,-0.058986256269686,-0.0433072390599675,0,0
seller_N_total_value_high,`Clothes_recoded_Sleeveless T`,0.0139871373583075,0.00406015966034938,0,0
seller_N_total_value_high,`Clothes_recoded_Smoking Jacket`,0.0114424909444385,-0.00450963198324618,0,0
seller_N_total_value_high,`Clothes_recoded_Striped Tee`,0.0671670920221955,0.0566916985505588,0,0
seller_N_total_value_high,`Clothes_recoded_Stunt Jacket`,-0.0258653086841634,-0.0219006909943239,0,0
seller_N_total_value_high,Clothes_recoded_Tanktop,-0.00699344034148636,-0.00648650904461255,0,0
seller_N_total_value_high,`Clothes_recoded_Tie Dye`,-0.00925027795647381,-0.00818129019614732,0,0
seller_N_total_value_high,Clothes_recoded_Toga,0.0109029271282379,-0.00434833174817831,0,0
seller_N_total_value_high,`Clothes_recoded_Tuxedo Tee`,-0.0479638472660455,-0.0425422743899474,0,0
seller_N_total_value_high,`Clothes_recoded_Tweed Suit`,-0.0145849116940544,-0.0184066048988226,0,0
seller_N_total_value_high,`Clothes_recoded_Vietnam Jacket`,-0.00372082567338276,0.0054550692475682,0,0
seller_N_total_value_high,`Clothes_recoded_Wool Turtleneck`,-0.0349723362035065,-0.0108110403709194,0,0
seller_N_total_value_high,`Clothes_recoded_Work Vest`,-0.00848330159241839,-0.0177645886468117,0,0
seller_N_total_value_high,`Earring_recoded_Diamond Stud`,-0.0752207552957039,-0.0587658351938531,0,0
seller_N_total_value_high,`Earring_recoded_Gold Hoop`,-0.0425924639265769,-0.0388307070199466,0,0
seller_N_total_value_high,`Earring_recoded_Gold Stud`,-0.0734389714460233,-0.0402253538619499,0,0
seller_N_total_value_high,Earring_recoded_No_Earring,0.0923491343401613,0.0624767928305498,0,0
seller_N_total_value_high,`Earring_recoded_Silver Hoop`,-0.0135478542542743,-0.0246538464251269,0,0
seller_N_total_value_high,`Earring_recoded_Silver Stud`,0.00404081321066023,0.0180255194533992,0,0
seller_N_total_value_high,Eyes_recoded_Angry,-0.029720163466547,-0.0296456969075069,0,0
seller_N_total_value_high,Eyes_recoded_Blindfold,0.0699611497256933,0.0524713572842849,0,0
seller_N_total_value_high,Eyes_recoded_Bloodshot,0.0443215083018394,0.0339021723192407,0,0
seller_N_total_value_high,Eyes_recoded_Bored,0.00432728975346941,0.0571435291772304,0,0
seller_N_total_value_high,Eyes_recoded_Closed,0.0729757330428435,0.02133560282736,0,0
seller_N_total_value_high,Eyes_recoded_Coins,0.0279217374364268,-0.0114809602391333,0,0
seller_N_total_value_high,Eyes_recoded_Crazy,0.0704690597696645,0.0378796823713084,0,0
seller_N_total_value_high,Eyes_recoded_Eyepatch,0.0159602058723366,0.0254415336918194,0,0
seller_N_total_value_high,Eyes_recoded_Heart,-0.115951634829402,-0.0746072693866169,0,0
seller_N_total_value_high,Eyes_recoded_Holographic,-0.0363251528643507,-0.0195565287316434,0,0
seller_N_total_value_high,Eyes_recoded_Hypnotized,0.0120741343872398,0.000795727160948658,0,0
seller_N_total_value_high,Eyes_recoded_Other_Eyes,-0.0207226521499659,0.0136745220062343,0,0
seller_N_total_value_high,Eyes_recoded_Robot,-0.0542829652251944,-0.0338741286237764,0,0
seller_N_total_value_high,Eyes_recoded_Sad,0.0159534610135966,0.0237525296108582,0,0
seller_N_total_value_high,Eyes_recoded_Scumbag,-0.0120741343872396,0.00970823891506135,0,0
seller_N_total_value_high,Eyes_recoded_Sleepy,0.0105988337606689,-0.0177448769307467,0,0
seller_N_total_value_high,Eyes_recoded_Sunglasses,-0.133778948643155,-0.120747400009986,1,0
seller_N_total_value_high,`Eyes_recoded_Wide Eyed`,-0.031094972845022,-0.016731817621738,0,0
seller_N_total_value_high,`Eyes_recoded_X Eyes`,0.0659228260932504,0.0338906157785815,0,0
seller_N_total_value_high,Eyes_recoded_Zombie,-0.0189068309244076,-0.0090411033693226,0,0
seller_N_total_value_high,Fur_recoded_Blue,0.0128977645408899,0.00254571338518084,0,0
seller_N_total_value_high,Fur_recoded_Brown,-0.00315687152701841,-0.0550610765026719,0,0
seller_N_total_value_high,Fur_recoded_Cheetah,-0.0273391541546506,0.0050041177686513,0,0
seller_N_total_value_high,Fur_recoded_Cream,0.0266435676066017,0.00866888797137705,0,0
seller_N_total_value_high,`Fur_recoded_Dark Brown`,0.0397631275815065,0.0544764886769254,0,0
seller_N_total_value_high,`Fur_recoded_Death Bot`,-0.0898791560812289,-0.06480156861077,0,0
seller_N_total_value_high,Fur_recoded_Dmt,-0.0294620085421349,-0.0184162244343642,0,0
seller_N_total_value_high,`Fur_recoded_Golden Brown`,0.0118318097382076,0.0189425844376003,0,0
seller_N_total_value_high,Fur_recoded_Gray,-0.0249258553471268,-0.0327168547528484,0,0
seller_N_total_value_high,Fur_recoded_Noise,-0.0134974880100908,0.0231431557343802,0,0
seller_N_total_value_high,Fur_recoded_Other_Fur,0.00617361673521509,0.0337997226567083,0,0
seller_N_total_value_high,Fur_recoded_Pink,0.0218323022558852,0.0231693822311675,0,0
seller_N_total_value_high,Fur_recoded_Red,0.0761268655795691,0.0702935665072029,0,0
seller_N_total_value_high,Fur_recoded_Robot,-0.015985894556231,0.0157516423636223,0,0
seller_N_total_value_high,Fur_recoded_Tan,-0.0447648589841334,-0.0496925002233819,0,0
seller_N_total_value_high,Fur_recoded_White,-0.00820522984505779,-0.00269219646498057,0,0
seller_N_total_value_high,Fur_recoded_Zombie,-0.0236206040176588,-0.0266224315808461,0,0
seller_N_total_value_high,`Hat_recoded_Baby's Bonnet`,-0.0455992400288497,-0.0476036156441484,0,0
seller_N_total_value_high,`Hat_recoded_Bayc Flipped Brim`,-0.0394231867361008,0.000592043372212193,0,0
seller_N_total_value_high,`Hat_recoded_Bayc Hat Black`,-0.0190713734481095,0.0196077693123664,0,0
seller_N_total_value_high,`Hat_recoded_Bayc Hat Red`,-0.0526645756049698,-0.0252752095933919,0,0
seller_N_total_value_high,Hat_recoded_Beanie,0.0167420094023244,0.019603802259044,0,0
seller_N_total_value_high,Hat_recoded_Bowler,0.051770882743834,0.0569353733579527,0,0
seller_N_total_value_high,`Hat_recoded_Bunny Ears`,0.0195759897076523,0.0176948347875659,0,0
seller_N_total_value_high,`Hat_recoded_Commie Hat`,-0.00605114157225767,0.00613552053239252,0,0
seller_N_total_value_high,`Hat_recoded_Cowboy Hat`,0.0596184823081291,0.0494719077283297,0,0
seller_N_total_value_high,`Hat_recoded_Faux Hawk`,0.0107999592275635,0.0239007488526069,0,0
seller_N_total_value_high,Hat_recoded_Fez,0.0228328001985456,0.00883576751748623,0,0
seller_N_total_value_high,`Hat_recoded_Fisherman's Hat`,0.0084189105593648,-0.00941575182428415,0,0
seller_N_total_value_high,`Hat_recoded_Girl's Hair Pink`,0.0149013750496721,0.0207196880838268,0,0
seller_N_total_value_high,`Hat_recoded_Girl's Hair Short`,0.022910935258449,0.00583126538619611,0,0
seller_N_total_value_high,Hat_recoded_Halo,-0.00591488948063428,0.0050041177686513,0,0
seller_N_total_value_high,Hat_recoded_Horns,0.02979184310434,-0.00648650904461258,0,0
seller_N_total_value_high,`Hat_recoded_Irish Boho`,0.0107799015333795,-0.00802445945976289,0,0
seller_N_total_value_high,Hat_recoded_No_Hat,-0.0516266535167328,-0.0262737086663341,0,0
seller_N_total_value_high,Hat_recoded_Other_Hat,-0.0295775536636844,0.00481911227677634,0,0
seller_N_total_value_high,`Hat_recoded_Party Hat 1`,0.010278495386909,0.0320195608960673,0,0
seller_N_total_value_high,`Hat_recoded_Police Motorcycle Helmet`,-0.022910935258449,-0.0726647222680959,0,0
seller_N_total_value_high,`Hat_recoded_Prussian Helmet`,-0.0188623291723671,-0.0209699395051341,0,0
seller_N_total_value_high,`Hat_recoded_S&m Hat`,0.0137003367112205,-0.0125153186845907,0,0
seller_N_total_value_high,Hat_recoded_Safari,-0.0285847905376117,-0.0756277304941164,0,0
seller_N_total_value_high,`Hat_recoded_Sea Captain's Hat`,-0.0443120621053806,-0.0238575178133315,0,0
seller_N_total_value_high,`Hat_recoded_Seaman's Hat`,0.026774791676438,0.0232477371472672,0,0
seller_N_total_value_high,`Hat_recoded_Short Mohawk`,0.0307418781754353,0.0230014710866488,0,0
seller_N_total_value_high,`Hat_recoded_Spinner Hat`,-0.0320773310635959,-0.00928887994704131,0,0
seller_N_total_value_high,`Hat_recoded_Stuntman Helmet`,0.0142881148313421,0.0106905613284006,0,0
seller_N_total_value_high,`Hat_recoded_Sushi Chef Headband`,0.00810717950135448,0.000795727160948651,0,0
seller_N_total_value_high,`Hat_recoded_Vietnam Era Helmet`,0.0585100000800441,0.0465621600490122,0,0
seller_N_total_value_high,`Hat_recoded_Ww2 Pilot Helm`,-0.0156027360705671,-0.057406082301616,0,0
seller_N_total_value_high,`Mouth_recoded_Bored Bubblegum`,-0.0273607001713898,-0.00564183526260751,0,0
seller_N_total_value_high,`Mouth_recoded_Bored Cigar`,-0.0693441542676547,-0.0676223444140897,0,0
seller_N_total_value_high,`Mouth_recoded_Bored Cigarette`,-0.0355473196324231,-0.0578089402412551,0,0
seller_N_total_value_high,`Mouth_recoded_Bored Pipe`,-0.0632071387292115,-0.0595699134243472,0,0
seller_N_total_value_high,`Mouth_recoded_Bored Unshaven`,0,0.0162643585560295,0,0
seller_N_total_value_high,`Mouth_recoded_Bored Unshaven Cigar`,-0.0780707503949993,-0.0606770942715368,0,0
seller_N_total_value_high,`Mouth_recoded_Bored Unshaven Cigarette`,-0.00778143925639695,-0.0192594577002028,0,0
seller_N_total_value_high,Mouth_recoded_Discomfort,0.00376657411893837,-0.0396284811244059,0,0
seller_N_total_value_high,Mouth_recoded_Dumbfounded,0.00945782107995812,-0.00260980581966687,0,0
seller_N_total_value_high,Mouth_recoded_Grin,0.0279552035464751,0.0554183529607831,0,0
seller_N_total_value_high,Mouth_recoded_Jovial,0.0127126863793154,-0.00289030780510487,0,0
seller_N_total_value_high,Mouth_recoded_Other_Mouth,-0.0526443311159463,0.0107463929614167,0,0
seller_N_total_value_high,`Mouth_recoded_Phoneme  ooo`,-0.0137003367112205,-0.0617492873714103,0,0
seller_N_total_value_high,`Mouth_recoded_Phoneme L`,0.0279763284019476,0.00656788139490799,0,0
seller_N_total_value_high,`Mouth_recoded_Phoneme Oh`,0.0299511769013605,0.0147268715399162,0,0
seller_N_total_value_high,`Mouth_recoded_Phoneme Vuh`,0.0293609310276256,0.0199550869701149,0,0
seller_N_total_value_high,`Mouth_recoded_Phoneme Wah`,0.0229109352584489,0.0351220418333926,0,0
seller_N_total_value_high,Mouth_recoded_Rage,-0.0131776910965884,-0.0345685034406161,0,0
seller_N_total_value_high,`Mouth_recoded_Small Grin`,0.0133025073626408,-0.00868404998598606,0,0
seller_N_total_value_high,`Mouth_recoded_Tongue Out`,0.0509158518903939,0.0464539807805879,0,0
seller_N_total_value_high,`log_price_change_n-1`,-0.259443112871015,-0.170662408012909,1,0
seller_N_1_total_value_high,log_price_1_sale,0.159414325412901,0.16755485098727,1,0
seller_N_1_total_value_high,sold_after_30d,-0.493076729400906,-0.151195037857732,1,0
seller_N_1_total_value_high,log_buyern_total_value,0.264318916088944,0.0821257690989213,0,0
seller_N_1_total_value_high,log_buyern_rolling_avg_value_last10,-0.0619117597724858,0.0457294229163226,0,0
seller_N_1_total_value_high,log_sellern_total_value,0.426152822688652,0.221521158312456,1,0
seller_N_1_total_value_high,log_sellern_rolling_avg_value_last10,0.118215936185143,0.0616281619698135,0,0
seller_N_1_total_value_high,log_buyern_1_total_value,0.506367500408625,0.283223376089101,1,1
seller_N_1_total_value_high,log_buyern_1_rolling_avg_value_last10,-0.00923336123960148,0.0664821897057411,0,0
seller_N_1_total_value_high,log_sellern_1_rolling_avg_value_last10,0.487454123682684,0.36777861596602,1,1
seller_N_1_total_value_high,log_unique_makers_count,0.317710866934604,0.12845750109193,1,0
seller_N_1_total_value_high,log_median_offer_price,-0.00588834127280467,-0.0113427804721565,0,0
seller_N_1_total_value_high,log_buyern_avg_total_gaspaid,0.253332570872065,0.0545967643969547,0,0
seller_N_1_total_value_high,log_buyern_1_avg_total_gaspaid,0.35164960377356,0.154266179464893,1,0
seller_N_1_total_value_high,log_sellern_avg_total_gaspaid,0.627355873693707,0.164625830944886,1,0
seller_N_1_total_value_high,log_sellern_1_avg_total_gaspaid,1.8020134294993,1.46822215469673,1,1
seller_N_1_total_value_high,log_buyern_avg_gasLimit_cost,-0.241693121389964,-0.122544177142354,1,0
seller_N_1_total_value_high,log_buyern_1_avg_gasLimit_cost,-0.340455305940485,-0.134414077875918,1,0
seller_N_1_total_value_high,log_sellern_avg_gasLimit_cost,0.448545497129003,0.0043998566312613,0,0
seller_N_1_total_value_high,log_sellern_1_avg_gasLimit_cost,1.02743316591055,0.784362625540041,1,1
seller_N_1_total_value_high,`time_n_sale_str_2021-06`,-0.114143321383325,-0.084952140596611,0,0
seller_N_1_total_value_high,`time_n_sale_str_2021-07`,-0.120470403040951,-0.0947902976160316,0,0
seller_N_1_total_value_high,`time_n_sale_str_2021-08`,-0.121716277565102,-0.0827781069570327,0,0
seller_N_1_total_value_high,`time_n_sale_str_2021-09`,-0.108252752778438,-0.083347176489943,0,0
seller_N_1_total_value_high,`time_n_sale_str_2021-10`,-0.103591332885464,-0.0720704884255392,0,0
seller_N_1_total_value_high,`time_n_sale_str_2021-11`,-0.0899342888650447,-0.0494655680541294,0,0
seller_N_1_total_value_high,`time_n_sale_str_2021-12`,-0.115537809302069,-0.0780684108791833,0,0
seller_N_1_total_value_high,`time_n_sale_str_2022-01`,-0.142138368220776,-0.0873804483506219,0,0
seller_N_1_total_value_high,`time_n_sale_str_2022-02`,-0.120402637130542,-0.0893787683731508,0,0
seller_N_1_total_value_high,`time_n_sale_str_2022-03`,-0.0865453441239678,-0.0388762603334678,0,0
seller_N_1_total_value_high,`time_n_sale_str_2022-04`,-0.152275846057445,-0.11419273500966,1,0
seller_N_1_total_value_high,`time_n_sale_str_2022-05`,-0.0992865266598825,-0.0485966900148615,0,0
seller_N_1_total_value_high,`time_n_sale_str_2022-06`,-0.109824605566628,-0.0705856314260259,0,0
seller_N_1_total_value_high,`time_n_sale_str_2022-07`,0,0.0347002456838603,0,0
seller_N_1_total_value_high,`time_n_sale_str_2022-08`,-0.105355994313959,-0.0729230599948345,0,0
seller_N_1_total_value_high,`time_n_sale_str_2022-09`,-0.0586658027781177,-0.0301166751259933,0,0
seller_N_1_total_value_high,`time_n_sale_str_2022-10`,0.0207805707600935,0.0483491297644404,0,0
seller_N_1_total_value_high,`time_n_sale_str_2022-11`,-0.0898791560812289,-0.0561091158330163,0,0
seller_N_1_total_value_high,`time_n_sale_str_2022-12`,0.00639641887758306,0.0353004151012802,0,0
seller_N_1_total_value_high,`time_n_sale_str_2023-01`,-0.0660731237395744,-0.0366216335652859,0,0
seller_N_1_total_value_high,`time_n_sale_str_2023-02`,-0.0506342993396627,-0.0230219529667274,0,0
seller_N_1_total_value_high,`time_n_sale_str_2023-03`,-0.0100449581424702,0.0255846938226369,0,0
seller_N_1_total_value_high,`time_n_sale_str_2023-04`,-0.102225008534728,-0.0759442415526142,0,0
seller_N_1_total_value_high,`time_n_sale_str_2023-05`,-0.062850973472174,-0.040382256290351,0,0
seller_N_1_total_value_high,`time_n_sale_str_2023-06`,0.11263514612876,0.0717932404513014,0,0
seller_N_1_total_value_high,`time_n_sale_str_2023-07`,0.0707310788440479,0.101300321661882,1,0
seller_N_1_total_value_high,`time_n_sale_str_2023-08`,0.0715886678796028,0.119347260128977,1,0
seller_N_1_total_value_high,`time_n_sale_str_2023-09`,0.0260715467259826,0.0485962378816414,0,0
seller_N_1_total_value_high,`time_n_sale_str_2023-10`,0.0716106655534072,0.109376872533871,1,0
seller_N_1_total_value_high,`time_n_sale_str_2023-11`,0.146087780432719,0.101960636537325,1,0
seller_N_1_total_value_high,`time_n_sale_str_2023-12`,0.117170601075227,0.0230341166561605,0,0
seller_N_1_total_value_high,`time_n_sale_str_2024-01`,0.310643768850955,0.112781808169795,1,0
seller_N_1_total_value_high,`time_n_sale_str_2024-02`,0.098997101462613,0.0222180793104055,0,0
seller_N_1_total_value_high,`time_n_sale_str_2024-03`,0.125575941481524,0.0854049036109923,0,0
seller_N_1_total_value_high,`time_n_sale_str_2024-04`,0.232766695083164,0.123219278038562,1,0
seller_N_1_total_value_high,`time_n_sale_str_2024-05`,0.116648132757745,0.0282022262401281,0,0
seller_N_1_total_value_high,`time_n_sale_str_2024-06`,0.0846409456945742,0.037597371870371,0,0
seller_N_1_total_value_high,`time_n_sale_str_2024-07`,-0.024682077087084,0.00255077556309687,0,0
seller_N_1_total_value_high,`time_n_sale_str_2024-08`,0.0224967246467974,0.0495649234669326,0,0
seller_N_1_total_value_high,`time_n_sale_str_2024-09`,-0.0173723089241808,-0.00197117586701183,0,0
seller_N_1_total_value_high,`time_n_sale_str_2024-10`,-0.0397937801126598,-0.0313907567180726,0,0
seller_N_1_total_value_high,`time_n_sale_str_2024-11`,0,0.0488202526900556,0,0
seller_N_1_total_value_high,`time_n_sale_str_2024-12`,-0.022344971633852,0.0186127693409239,0,0
seller_N_1_total_value_high,`time_n_sale_str_2025-01`,-0.0324327173540183,-0.0272441145288288,0,0
seller_N_1_total_value_high,`time_n_sale_str_2025-02`,0.0449257031169305,0.0885847541195579,0,0
seller_N_1_total_value_high,`time_n_sale_str_2025-03`,-0.0465309791754095,-0.0329706543254696,0,0
seller_N_1_total_value_high,`time_n-1_sale_str_2021-06`,-0.229882399146159,-0.152295920871913,1,0
seller_N_1_total_value_high,`time_n-1_sale_str_2021-07`,-0.227111090125714,-0.180140461274529,1,0
seller_N_1_total_value_high,`time_n-1_sale_str_2021-08`,-0.149190275692346,-0.0687390093094015,0,0
seller_N_1_total_value_high,`time_n-1_sale_str_2021-09`,-0.0979927334169346,-0.0609180072538908,0,0
seller_N_1_total_value_high,`time_n-1_sale_str_2021-10`,-0.12363667676159,-0.0927129111131273,0,0
seller_N_1_total_value_high,`time_n-1_sale_str_2021-11`,-0.0744367256451635,-0.034452082932957,0,0
seller_N_1_total_value_high,`time_n-1_sale_str_2021-12`,-0.0803326985333738,-0.0472613915714791,0,0
seller_N_1_total_value_high,`time_n-1_sale_str_2022-01`,-0.122298010418956,-0.0802810945821904,0,0
seller_N_1_total_value_high,`time_n-1_sale_str_2022-02`,-0.0972453938360738,-0.0788118107148569,0,0
seller_N_1_total_value_high,`time_n-1_sale_str_2022-03`,-0.078955335226114,-0.0449325558137377,0,0
seller_N_1_total_value_high,`time_n-1_sale_str_2022-04`,-0.0885275521822844,-0.0607105014246122,0,0
seller_N_1_total_value_high,`time_n-1_sale_str_2022-05`,-0.0185011499107296,0.019639924960118,0,0
seller_N_1_total_value_high,`time_n-1_sale_str_2022-06`,-0.076404750084767,-0.0405565471421987,0,0
seller_N_1_total_value_high,`time_n-1_sale_str_2022-07`,0.0711762156738385,0.108000590887824,1,0
seller_N_1_total_value_high,`time_n-1_sale_str_2022-08`,-0.0238146057268806,0.0126709059278147,0,0
seller_N_1_total_value_high,`time_n-1_sale_str_2022-09`,-0.0607346138113203,-0.0368978215874782,0,0
seller_N_1_total_value_high,`time_n-1_sale_str_2022-10`,0.0996822517825625,0.123435646625418,1,0
seller_N_1_total_value_high,`time_n-1_sale_str_2022-11`,0,0.0328974992843825,0,0
seller_N_1_total_value_high,`time_n-1_sale_str_2022-12`,0.00597279745625522,0.0369046867975979,0,0
seller_N_1_total_value_high,`time_n-1_sale_str_2023-01`,0.0066455201577137,0.0344821505322654,0,0
seller_N_1_total_value_high,`time_n-1_sale_str_2023-02`,0.0679486629959659,0.100571007861221,1,0
seller_N_1_total_value_high,`time_n-1_sale_str_2023-03`,0.0228236869783993,0.0562810401266649,0,0
seller_N_1_total_value_high,`time_n-1_sale_str_2023-04`,-0.0266571718368733,0.00533952968830214,0,0
seller_N_1_total_value_high,`time_n-1_sale_str_2023-05`,0.0135634756406729,0.0412884173074661,0,0
seller_N_1_total_value_high,`time_n-1_sale_str_2023-06`,0.227887625329713,0.203840803873467,1,0
seller_N_1_total_value_high,`time_n-1_sale_str_2023-07`,0.123575660002514,0.150405477641661,1,0
seller_N_1_total_value_high,`time_n-1_sale_str_2023-08`,0.124414839844102,0.165643855016073,1,0
seller_N_1_total_value_high,`time_n-1_sale_str_2023-09`,0.119006266803313,0.140179771005108,1,0
seller_N_1_total_value_high,`time_n-1_sale_str_2023-10`,0.133169087223282,0.158279760558084,1,0
seller_N_1_total_value_high,`time_n-1_sale_str_2023-11`,0.213782201898273,0.18106713184277,1,0
seller_N_1_total_value_high,`time_n-1_sale_str_2023-12`,0.163279262576282,0.0459775919332037,0,0
seller_N_1_total_value_high,`time_n-1_sale_str_2024-01`,0.31609448685246,0.0790812956245869,0,0
seller_N_1_total_value_high,`time_n-1_sale_str_2024-02`,0.147962497190315,0.0475976380728181,0,0
seller_N_1_total_value_high,`time_n-1_sale_str_2024-03`,0.202423949579584,0.123291142442269,1,0
seller_N_1_total_value_high,`time_n-1_sale_str_2024-04`,0.25644354107822,0.1211404943493,1,0
seller_N_1_total_value_high,`time_n-1_sale_str_2024-05`,0.147294183853255,0.040717783999661,0,0
seller_N_1_total_value_high,`time_n-1_sale_str_2024-06`,0.133930709512395,0.100022774370186,1,0
seller_N_1_total_value_high,`time_n-1_sale_str_2024-07`,-0.0288706238698358,-0.00555113097219524,0,0
seller_N_1_total_value_high,`time_n-1_sale_str_2024-08`,0.00562425236242807,0.0183024683636527,0,0
seller_N_1_total_value_high,`time_n-1_sale_str_2024-09`,0.0125642370205613,0.0279108276337897,0,0
seller_N_1_total_value_high,`time_n-1_sale_str_2024-10`,-0.00547164825229891,-0.00744185713913034,0,0
seller_N_1_total_value_high,`time_n-1_sale_str_2024-11`,-0.0544989729212717,-0.0313907567180726,0,0
seller_N_1_total_value_high,`time_n-1_sale_str_2024-12`,0.023349410889742,0.0372493397598103,0,0
seller_N_1_total_value_high,`time_n-1_sale_str_2025-01`,0.0465309791754092,0.0402877936524895,0,0
seller_N_1_total_value_high,`time_n-1_sale_str_2025-02`,-0.0331907727310836,-0.0144603287922868,0,0
seller_N_1_total_value_high,`time_n-1_sale_str_2025-03`,-0.0741453487977359,-0.0741453487977359,0,0
seller_N_1_total_value_high,`Background_recoded_Army Green`,0.0670985860071186,0.0655148391465387,0,0
seller_N_1_total_value_high,Background_recoded_Blue,-0.0215324785179281,-0.013707621083002,0,0
seller_N_1_total_value_high,Background_recoded_Gray,-0.0250346576899433,-0.00878498923206127,0,0
seller_N_1_total_value_high,`Background_recoded_New Punk Blue`,-0.0814531371097077,-0.0882242133714369,0,0
seller_N_1_total_value_high,Background_recoded_Orange,-0.0345928478443465,-0.0296127700330435,0,0
seller_N_1_total_value_high,Background_recoded_Purple,0.0248923936279302,0.0111844496067665,0,0
seller_N_1_total_value_high,Background_recoded_Yellow,0.0715376689088249,0.0581095491182658,0,0
seller_N_1_total_value_high,`Clothes_recoded_Bayc T Black`,-0.00876606735368959,0.0218861204652651,0,0
seller_N_1_total_value_high,`Clothes_recoded_Bayc T Red`,-0.0745565851673219,-0.052384694612494,0,0
seller_N_1_total_value_high,`Clothes_recoded_Biker Vest`,0.0378742721102612,0.000291078206575707,0,0
seller_N_1_total_value_high,`Clothes_recoded_Black Holes T`,-0.0183845181778829,-0.0274071586923277,0,0
seller_N_1_total_value_high,`Clothes_recoded_Black T`,-0.0491960771053197,-0.0288774396272213,0,0
seller_N_1_total_value_high,`Clothes_recoded_Bone Necklace`,0.0214408875266737,0.00888538623987747,0,0
seller_N_1_total_value_high,`Clothes_recoded_Bone Tee`,0.0865453441239679,0.0779090589478824,0,0
seller_N_1_total_value_high,`Clothes_recoded_Caveman Pelt`,0.0236509699670473,-0.0132155818504628,0,0
seller_N_1_total_value_high,`Clothes_recoded_Cowboy Shirt`,0.0159933934303983,0.0196451166663908,0,0
seller_N_1_total_value_high,Clothes_recoded_Guayabera,0.0183845181778829,0.00137961763388302,0,0
seller_N_1_total_value_high,Clothes_recoded_Hawaiian,-0.00665114328126605,-0.0198150481013086,0,0
seller_N_1_total_value_high,`Clothes_recoded_Hip Hop`,-0.0243093359420691,0.0113226088283853,0,0
seller_N_1_total_value_high,`Clothes_recoded_Lab Coat`,0.0248368513517396,0.0285176882561543,0,0
seller_N_1_total_value_high,`Clothes_recoded_Leather Jacket`,-0.0404998471033632,-0.0336176972003872,0,0
seller_N_1_total_value_high,`Clothes_recoded_Leather Punk Jacket`,-0.048641599903371,-0.0417846629887962,0,0
seller_N_1_total_value_high,`Clothes_recoded_Lumberjack Shirt`,0.0285891285333641,0.0269071027900116,0,0
seller_N_1_total_value_high,`Clothes_recoded_Navy Striped Tee`,0.0178783138270964,0.0124686171300017,0,0
seller_N_1_total_value_high,Clothes_recoded_No_Clothes,-0.0355497130013366,-0.0316492946215464,0,0
seller_N_1_total_value_high,Clothes_recoded_Other_Clothes,0.025093250228504,0.0721896002794635,0,0
seller_N_1_total_value_high,`Clothes_recoded_Prison Jumpsuit`,0.053918318205849,0.0279380396678404,0,0
seller_N_1_total_value_high,`Clothes_recoded_Prom Dress`,0.0616995125623225,0.0500273938274754,0,0
seller_N_1_total_value_high,`Clothes_recoded_Puffy Vest`,0.0183845181778829,0.0352861419521647,0,0
seller_N_1_total_value_high,`Clothes_recoded_Rainbow Suspenders`,-0.0377296953510111,-0.0554213873215629,0,0
seller_N_1_total_value_high,`Clothes_recoded_Sailor Shirt`,-0.0097477659568336,-0.0248513092536003,0,0
seller_N_1_total_value_high,Clothes_recoded_Service,-0.0162147588783888,-0.00825499968962296,0,0
seller_N_1_total_value_high,`Clothes_recoded_Sleeveless Logo T`,-0.0196544843461405,-0.00924957123150847,0,0
seller_N_1_total_value_high,`Clothes_recoded_Sleeveless T`,0,-0.00908563785389219,0,0
seller_N_1_total_value_high,`Clothes_recoded_Smoking Jacket`,0.0190713734481095,-0.00280152957258554,0,0
seller_N_1_total_value_high,`Clothes_recoded_Striped Tee`,-0.0111883794823886,-0.0444113632994987,0,0
seller_N_1_total_value_high,`Clothes_recoded_Stunt Jacket`,-0.0258653086841632,-0.0251947434149188,0,0
seller_N_1_total_value_high,Clothes_recoded_Tanktop,0.0139871373583074,0.0123026048273762,0,0
seller_N_1_total_value_high,`Clothes_recoded_Tie Dye`,0.0185011499107296,0.0207396304685912,0,0
seller_N_1_total_value_high,Clothes_recoded_Toga,-0.0181720255231214,-0.0309499448781395,0,0
seller_N_1_total_value_high,`Clothes_recoded_Tuxedo Tee`,0,0.00753293460455733,0,0
seller_N_1_total_value_high,`Clothes_recoded_Tweed Suit`,0.0340354852963923,0.0407177839996609,0,0
seller_N_1_total_value_high,`Clothes_recoded_Vietnam Jacket`,0.0334920707510934,0.0513486626928148,0,0
seller_N_1_total_value_high,`Clothes_recoded_Wool Turtleneck`,-0.0419696283242755,-0.0198150481013086,0,0
seller_N_1_total_value_high,`Clothes_recoded_Work Vest`,-0.00848330159241839,-0.015000483743513,0,0
seller_N_1_total_value_high,`Earring_recoded_Diamond Stud`,-0.0584886825729558,-0.0368136715665876,0,0
seller_N_1_total_value_high,`Earring_recoded_Gold Hoop`,-0.0212926089741419,-0.0166034358493281,0,0
seller_N_1_total_value_high,`Earring_recoded_Gold Stud`,-0.0407804153947937,0.00134209084302593,0,0
seller_N_1_total_value_high,Earring_recoded_No_Earring,0.0947847659541379,0.0630901814586926,0,0
seller_N_1_total_value_high,`Earring_recoded_Silver Hoop`,-0.032905631738474,-0.049184945331265,0,0
seller_N_1_total_value_high,`Earring_recoded_Silver Stud`,-0.0242466123514808,-0.0135416974873055,0,0
seller_N_1_total_value_high,Eyes_recoded_Angry,0.0513460798505438,0.0621753798093191,0,0
seller_N_1_total_value_high,Eyes_recoded_Blindfold,0.0508661699472637,0.0165080618070998,0,0
seller_N_1_total_value_high,Eyes_recoded_Bloodshot,-0.0362601073951598,-0.0581799029146311,0,0
seller_N_1_total_value_high,Eyes_recoded_Bored,-0.0302944339928323,0.0208733494939662,0,0
seller_N_1_total_value_high,Eyes_recoded_Closed,0.089686334222063,0.0306273212022546,0,0
seller_N_1_total_value_high,Eyes_recoded_Coins,0.0482377857176869,0.00743929089859307,0,0
seller_N_1_total_value_high,Eyes_recoded_Crazy,0.075696213339498,0.0350391966082686,0,0
seller_N_1_total_value_high,Eyes_recoded_Eyepatch,-0.022344971633852,-0.0327996566035884,0,0
seller_N_1_total_value_high,Eyes_recoded_Heart,-0.034732384135302,0.0202075137089488,0,0
seller_N_1_total_value_high,Eyes_recoded_Holographic,-0.0908916655820273,-0.073373278817191,0,0
seller_N_1_total_value_high,Eyes_recoded_Hypnotized,-0.0442818748150338,-0.0585617757751019,0,0
seller_N_1_total_value_high,Eyes_recoded_Other_Eyes,-0.0207226521499658,0.0169338726425997,0,0
seller_N_1_total_value_high,Eyes_recoded_Robot,-0.0798621156118785,-0.0641870625750298,0,0
seller_N_1_total_value_high,Eyes_recoded_Sad,0.0341898971714446,0.0536223902506425,0,0
seller_N_1_total_value_high,Eyes_recoded_Scumbag,-0.0442818748150336,-0.0235966978268981,0,0
seller_N_1_total_value_high,Eyes_recoded_Sleepy,0.0572563595363277,0.0494614501459681,0,0
seller_N_1_total_value_high,Eyes_recoded_Sunglasses,-0.0954518030600567,-0.072688734241366,0,0
seller_N_1_total_value_high,`Eyes_recoded_Wide Eyed`,-0.0119583728170765,-0.0019825227578481,0,0
seller_N_1_total_value_high,`Eyes_recoded_X Eyes`,0.0527279446496389,0.0123026048273762,0,0
seller_N_1_total_value_high,Eyes_recoded_Zombie,-0.0252099845395486,-0.00390452103712207,0,0
seller_N_1_total_value_high,Fur_recoded_Blue,0.0180572310221819,0.010080011046179,0,0
seller_N_1_total_value_high,Fur_recoded_Brown,0.0378892121903305,-0.00604091863751753,0,0
seller_N_1_total_value_high,Fur_recoded_Cheetah,-0.051653025170614,-0.0140610003660153,0,0
seller_N_1_total_value_high,Fur_recoded_Cream,-0.013320896824312,-0.0461475677004449,0,0
seller_N_1_total_value_high,`Fur_recoded_Dark Brown`,0.0206738438172445,0.0290329433030461,0,0
seller_N_1_total_value_high,`Fur_recoded_Death Bot`,-0.0556048378901256,-0.0177249688984802,0,0
seller_N_1_total_value_high,Fur_recoded_Dmt,-0.0126254562577895,0.00382024791943486,0,0
seller_N_1_total_value_high,`Fur_recoded_Golden Brown`,0.0197202967273395,0.0246205897450054,0,0
seller_N_1_total_value_high,Fur_recoded_Gray,-0.0348988009188703,-0.0361466507007382,0,0
seller_N_1_total_value_high,Fur_recoded_Noise,-0.0314973285192221,0.0066100565741003,0,0
seller_N_1_total_value_high,Fur_recoded_Other_Fur,-0.0432252084986944,-0.0177865397513306,0,0
seller_N_1_total_value_high,Fur_recoded_Pink,0.00727704848387978,0.0083550054515907,0,0
seller_N_1_total_value_high,Fur_recoded_Red,0.0183629204297625,-0.00709049905066662,0,0
seller_N_1_total_value_high,Fur_recoded_Robot,-0.015985894556231,0.0191233793689982,0,0
seller_N_1_total_value_high,Fur_recoded_Tan,-0.00447537561572497,-0.0151174136487474,0,0
seller_N_1_total_value_high,Fur_recoded_White,0.00820522984505779,0.017439380260274,0,0
seller_N_1_total_value_high,Fur_recoded_Zombie,-0.0303707320649987,-0.0359217454711641,0,0
seller_N_1_total_value_high,`Hat_recoded_Baby's Bonnet`,0.029013208960298,0.0419112416946697,0,0
seller_N_1_total_value_high,`Hat_recoded_Bayc Flipped Brim`,-0.0236509699670474,0.01636804587272,0,0
seller_N_1_total_value_high,`Hat_recoded_Bayc Hat Black`,-0.0572349529029107,-0.0189938000697545,0,0
seller_N_1_total_value_high,`Hat_recoded_Bayc Hat Red`,-0.0210596946907932,0.0119004125295875,0,0
seller_N_1_total_value_high,Hat_recoded_Beanie,-0.0167420094023243,-0.0240392587153062,0,0
seller_N_1_total_value_high,Hat_recoded_Bowler,0.00646922601718002,-0.00466008508697137,0,0
seller_N_1_total_value_high,`Hat_recoded_Bunny Ears`,-0.0195759897076521,-0.0198373608483206,0,0
seller_N_1_total_value_high,`Hat_recoded_Commie Hat`,0.0121024494170245,0.0273702671666669,0,0
seller_N_1_total_value_high,`Hat_recoded_Cowboy Hat`,0.0178783138270964,0.00025420871490136,0,0
seller_N_1_total_value_high,`Hat_recoded_Faux Hawk`,-0.0648328659400124,-0.0612694457009207,0,0
seller_N_1_total_value_high,Hat_recoded_Fez,0.0685341589109158,0.0634809105215577,0,0
seller_N_1_total_value_high,`Hat_recoded_Fisherman's Hat`,0.0364876964245735,0.0246528031857287,0,0
seller_N_1_total_value_high,`Hat_recoded_Girl's Hair Pink`,0.0149013750496721,0.0104170102984725,0,0
seller_N_1_total_value_high,`Hat_recoded_Girl's Hair Short`,0.00458189829175304,-0.0206592859082264,0,0
seller_N_1_total_value_high,Hat_recoded_Halo,-0.0295775536636843,-0.0262661591272681,0,0
seller_N_1_total_value_high,Hat_recoded_Horns,0.0430378528609941,0.00875037620549027,0,0
seller_N_1_total_value_high,`Hat_recoded_Irish Boho`,0.0395334564692374,0.0250125246082585,0,0
seller_N_1_total_value_high,Hat_recoded_No_Hat,-0.041031535202455,-0.0326092427788964,0,0
seller_N_1_total_value_high,Hat_recoded_Other_Hat,-0.0414129252644407,-0.000161453651613242,0,0
seller_N_1_total_value_high,`Hat_recoded_Party Hat 1`,-0.0205578056920213,0.00037284632179189,0,0
seller_N_1_total_value_high,`Hat_recoded_Police Motorcycle Helmet`,0.022910935258449,-0.00448849698600008,0,0
seller_N_1_total_value_high,`Hat_recoded_Prussian Helmet`,0.0471668430375834,0.0578783457806759,0,0
seller_N_1_total_value_high,`Hat_recoded_S&m Hat`,0.0342550638112107,0.0158933589917326,0,0
seller_N_1_total_value_high,Hat_recoded_Safari,0.0285847905376116,0.00520851866960364,0,0
seller_N_1_total_value_high,`Hat_recoded_Sea Captain's Hat`,-0.0238561815502035,0.00307959709241404,0,0
seller_N_1_total_value_high,`Hat_recoded_Seaman's Hat`,0,0.000233164768793537,0,0
seller_N_1_total_value_high,`Hat_recoded_Short Mohawk`,-0.0368921725115341,-0.0584083681303884,0,0
seller_N_1_total_value_high,`Hat_recoded_Spinner Hat`,0.0137459836169985,0.0442689444580073,0,0
seller_N_1_total_value_high,`Hat_recoded_Stuntman Helmet`,0.0619432877128405,0.0683871883421282,0,0
seller_N_1_total_value_high,`Hat_recoded_Sushi Chef Headband`,-0.00810717950135451,-0.0213116484894528,0,0
seller_N_1_total_value_high,`Hat_recoded_Vietnam Era Helmet`,-0.0365592125768942,-0.0486430756452463,0,0
seller_N_1_total_value_high,`Hat_recoded_Ww2 Pilot Helm`,0.0468196138750919,0.016892443631889,0,0
seller_N_1_total_value_high,`Mouth_recoded_Bored Bubblegum`,0.00547164825229886,0.0328974992843825,0,0
seller_N_1_total_value_high,`Mouth_recoded_Bored Cigar`,0.0053309795509121,0.0209283650535243,0,0
seller_N_1_total_value_high,`Mouth_recoded_Bored Cigarette`,-0.0188170290195418,-0.0348960151289822,0,0
seller_N_1_total_value_high,`Mouth_recoded_Bored Pipe`,-0.0843089563145088,-0.0745611339346685,0,0
seller_N_1_total_value_high,`Mouth_recoded_Bored Unshaven`,0.0273799148738282,0.0557271390980709,0,0
seller_N_1_total_value_high,`Mouth_recoded_Bored Unshaven Cigar`,-0.0260059678240016,0.000372846321791892,0,0
seller_N_1_total_value_high,`Mouth_recoded_Bored Unshaven Cigarette`,-0.00259379562523639,-0.0228702697137689,0,0
seller_N_1_total_value_high,Mouth_recoded_Discomfort,0.0263682646922956,0.00255077556309688,0,0
seller_N_1_total_value_high,Mouth_recoded_Dumbfounded,0.0378376344434161,0.0331407354915764,0,0
seller_N_1_total_value_high,Mouth_recoded_Grin,-0.0322570488282149,-0.0215669246607241,0,0
seller_N_1_total_value_high,Mouth_recoded_Jovial,0.0127126863793154,0.000957257905572118,0,0
seller_N_1_total_value_high,Mouth_recoded_Other_Mouth,-0.0189462440463265,0.0548072851159169,0,0
seller_N_1_total_value_high,`Mouth_recoded_Phoneme  ooo`,-0.00685004775157737,-0.055429582443717,0,0
seller_N_1_total_value_high,`Mouth_recoded_Phoneme L`,0.0279763284019475,0.000291078206575707,0,0
seller_N_1_total_value_high,`Mouth_recoded_Phoneme Oh`,-0.00748700675762675,-0.0384946184542771,0,0
seller_N_1_total_value_high,`Mouth_recoded_Phoneme Vuh`,-0.0234878331787241,-0.0518488949683701,0,0
seller_N_1_total_value_high,`Mouth_recoded_Phoneme Wah`,0.0137459836169985,0.0276863977934893,0,0
seller_N_1_total_value_high,Mouth_recoded_Rage,0.0395399438274059,0.0144508801431839,0,0
seller_N_1_total_value_high,`Mouth_recoded_Small Grin`,0.0332601331783094,0.00523569744406887,0,0
seller_N_1_total_value_high,`Mouth_recoded_Tongue Out`,0.0339377886562149,0.0184633241913268,0,0
seller_N_1_total_value_high,`log_price_change_n-1`,-0.416511196510771,-0.336742600778231,1,1
buyer_N_total_value_high,log_price_1_sale,0.0237384832775941,0.0237384832775941,0,0
buyer_N_total_value_high,sold_after_30d,-0.21633823918066,-0.21633823918066,1,0
buyer_N_total_value_high,log_buyern_rolling_avg_value_last10,-0.0298886123533449,-0.0298886123533449,0,0
buyer_N_total_value_high,log_sellern_total_value,0.22661443118424,0.22661443118424,1,0
buyer_N_total_value_high,log_sellern_rolling_avg_value_last10,0.101945912033556,0.101945912033556,1,0
buyer_N_total_value_high,log_buyern_1_total_value,0.319776596001836,0.319776596001836,1,1
buyer_N_total_value_high,log_buyern_1_rolling_avg_value_last10,-0.0146518611297732,-0.0146518611297732,0,0
buyer_N_total_value_high,log_sellern_1_total_value,0.166696940316086,0.166696940316086,1,0
buyer_N_total_value_high,log_sellern_1_rolling_avg_value_last10,0.190038759426674,0.190038759426674,1,0
buyer_N_total_value_high,log_unique_makers_count,0.164330350189258,0.164330350189258,1,0
buyer_N_total_value_high,log_median_offer_price,-0.0401459898684666,-0.0401459898684666,0,0
buyer_N_total_value_high,log_buyern_avg_total_gaspaid,1.58603573683843,1.58603573683843,1,1
buyer_N_total_value_high,log_buyern_1_avg_total_gaspaid,0.228384842798882,0.228384842798882,1,0
buyer_N_total_value_high,log_sellern_avg_total_gaspaid,0.494391470226241,0.494391470226241,1,1
buyer_N_total_value_high,log_sellern_1_avg_total_gaspaid,0.267596731118572,0.267596731118572,1,1
buyer_N_total_value_high,log_buyern_avg_gasLimit_cost,0.278402286584576,0.278402286584576,1,1
buyer_N_total_value_high,log_buyern_1_avg_gasLimit_cost,-0.183318870288373,-0.183318870288373,1,0
buyer_N_total_value_high,log_sellern_avg_gasLimit_cost,0.434726055490839,0.434726055490839,1,1
buyer_N_total_value_high,log_sellern_1_avg_gasLimit_cost,0.181274918602427,0.181274918602427,1,0
buyer_N_total_value_high,`time_n_sale_str_2021-06`,-0.0882708996790769,-0.0882708996790769,0,0
buyer_N_total_value_high,`time_n_sale_str_2021-07`,-0.167490966361246,-0.167490966361246,1,0
buyer_N_total_value_high,`time_n_sale_str_2021-08`,-0.086504406717294,-0.086504406717294,0,0
buyer_N_total_value_high,`time_n_sale_str_2021-09`,-0.0496334757964372,-0.0496334757964372,0,0
buyer_N_total_value_high,`time_n_sale_str_2021-10`,-0.0868287334797826,-0.0868287334797826,0,0
buyer_N_total_value_high,`time_n_sale_str_2021-11`,-0.165840527489764,-0.165840527489764,1,0
buyer_N_total_value_high,`time_n_sale_str_2021-12`,-0.131110636490712,-0.131110636490712,1,0
buyer_N_total_value_high,`time_n_sale_str_2022-01`,-0.148508829180243,-0.148508829180243,1,0
buyer_N_total_value_high,`time_n_sale_str_2022-02`,-0.104297462225612,-0.104297462225612,1,0
buyer_N_total_value_high,`time_n_sale_str_2022-03`,-0.0473084609486423,-0.0473084609486423,0,0
buyer_N_total_value_high,`time_n_sale_str_2022-04`,-0.00410705575356464,-0.00410705575356464,0,0
buyer_N_total_value_high,`time_n_sale_str_2022-05`,-0.0565959313478748,-0.0565959313478748,0,0
buyer_N_total_value_high,`time_n_sale_str_2022-06`,-0.125144807258362,-0.125144807258362,1,0
buyer_N_total_value_high,`time_n_sale_str_2022-07`,-0.0636493094629962,-0.0636493094629962,0,0
buyer_N_total_value_high,`time_n_sale_str_2022-08`,-0.0216232172389274,-0.0216232172389274,0,0
buyer_N_total_value_high,`time_n_sale_str_2022-09`,0.0262045772356165,0.0262045772356165,0,0
buyer_N_total_value_high,`time_n_sale_str_2022-10`,-0.048833406730026,-0.048833406730026,0,0
buyer_N_total_value_high,`time_n_sale_str_2022-11`,-0.116155036824564,-0.116155036824564,1,0
buyer_N_total_value_high,`time_n_sale_str_2022-12`,-0.070752236855436,-0.070752236855436,0,0
buyer_N_total_value_high,`time_n_sale_str_2023-01`,0.00460063791668509,0.00460063791668509,0,0
buyer_N_total_value_high,`time_n_sale_str_2023-02`,0.0389536429136757,0.0389536429136757,0,0
buyer_N_total_value_high,`time_n_sale_str_2023-03`,-0.0607641040261387,-0.0607641040261387,0,0
buyer_N_total_value_high,`time_n_sale_str_2023-04`,-0.0248080017878181,-0.0248080017878181,0,0
buyer_N_total_value_high,`time_n_sale_str_2023-05`,-0.0632130411439426,-0.0632130411439426,0,0
buyer_N_total_value_high,`time_n_sale_str_2023-06`,0.201479847461021,0.201479847461021,1,0
buyer_N_total_value_high,`time_n_sale_str_2023-07`,0.0558841199274201,0.0558841199274201,0,0
buyer_N_total_value_high,`time_n_sale_str_2023-08`,-0.0552999368562489,-0.0552999368562489,0,0
buyer_N_total_value_high,`time_n_sale_str_2023-09`,-0.0655530377644076,-0.0655530377644076,0,0
buyer_N_total_value_high,`time_n_sale_str_2023-10`,0.048335249336705,0.048335249336705,0,0
buyer_N_total_value_high,`time_n_sale_str_2023-11`,0.0953939846985843,0.0953939846985843,0,0
buyer_N_total_value_high,`time_n_sale_str_2023-12`,0.0724987708954788,0.0724987708954788,0,0
buyer_N_total_value_high,`time_n_sale_str_2024-01`,0.304906853319676,0.304906853319676,1,1
buyer_N_total_value_high,`time_n_sale_str_2024-02`,0.00193864321757966,0.00193864321757966,0,0
buyer_N_total_value_high,`time_n_sale_str_2024-03`,0.124426907666914,0.124426907666914,1,0
buyer_N_total_value_high,`time_n_sale_str_2024-04`,0.176241845736107,0.176241845736107,1,0
buyer_N_total_value_high,`time_n_sale_str_2024-05`,0.122859397807507,0.122859397807507,1,0
buyer_N_total_value_high,`time_n_sale_str_2024-06`,0.0618784663018359,0.0618784663018359,0,0
buyer_N_total_value_high,`time_n_sale_str_2024-07`,-0.00059568368792456,-0.00059568368792456,0,0
buyer_N_total_value_high,`time_n_sale_str_2024-08`,0.012955300394665,0.012955300394665,0,0
buyer_N_total_value_high,`time_n_sale_str_2024-09`,0.0285411525269133,0.0285411525269133,0,0
buyer_N_total_value_high,`time_n_sale_str_2024-10`,0.00386786060288899,0.00386786060288899,0,0
buyer_N_total_value_high,`time_n_sale_str_2024-11`,-0.000751757322873977,-0.000751757322873977,0,0
buyer_N_total_value_high,`time_n_sale_str_2024-12`,-0.0231210408220088,-0.0231210408220088,0,0
buyer_N_total_value_high,`time_n_sale_str_2025-01`,0.0886916513597296,0.0886916513597296,0,0
buyer_N_total_value_high,`time_n_sale_str_2025-02`,0.00348293225112368,0.00348293225112368,0,0
buyer_N_total_value_high,`time_n_sale_str_2025-03`,-0.0601776685616867,-0.0601776685616867,0,0
buyer_N_total_value_high,`time_n-1_sale_str_2021-06`,-0.0736126474939619,-0.0736126474939619,0,0
buyer_N_total_value_high,`time_n-1_sale_str_2021-07`,-0.086632381981853,-0.086632381981853,0,0
buyer_N_total_value_high,`time_n-1_sale_str_2021-08`,-0.079834257808364,-0.079834257808364,0,0
buyer_N_total_value_high,`time_n-1_sale_str_2021-09`,-0.106440870525201,-0.106440870525201,1,0
buyer_N_total_value_high,`time_n-1_sale_str_2021-10`,-0.0911518360069596,-0.0911518360069596,0,0
buyer_N_total_value_high,`time_n-1_sale_str_2021-11`,-0.00454205513642276,-0.00454205513642276,0,0
buyer_N_total_value_high,`time_n-1_sale_str_2021-12`,-0.0629929439289066,-0.0629929439289066,0,0
buyer_N_total_value_high,`time_n-1_sale_str_2022-01`,-0.0549937554774532,-0.0549937554774532,0,0
buyer_N_total_value_high,`time_n-1_sale_str_2022-02`,-0.0125402944933032,-0.0125402944933032,0,0
buyer_N_total_value_high,`time_n-1_sale_str_2022-03`,-0.0619333799571364,-0.0619333799571364,0,0
buyer_N_total_value_high,`time_n-1_sale_str_2022-04`,-0.0496334757964371,-0.0496334757964371,0,0
buyer_N_total_value_high,`time_n-1_sale_str_2022-05`,-0.0560369346088366,-0.0560369346088366,0,0
buyer_N_total_value_high,`time_n-1_sale_str_2022-06`,-0.102467551927127,-0.102467551927127,1,0
buyer_N_total_value_high,`time_n-1_sale_str_2022-07`,-0.0387450127211275,-0.0387450127211275,0,0
buyer_N_total_value_high,`time_n-1_sale_str_2022-08`,-0.0529062532797841,-0.0529062532797841,0,0
buyer_N_total_value_high,`time_n-1_sale_str_2022-09`,-0.0489654832545454,-0.0489654832545454,0,0
buyer_N_total_value_high,`time_n-1_sale_str_2022-10`,-0.000291267415802989,-0.000291267415802989,0,0
buyer_N_total_value_high,`time_n-1_sale_str_2022-11`,-0.0559065554319738,-0.0559065554319738,0,0
buyer_N_total_value_high,`time_n-1_sale_str_2022-12`,-0.00637886117305622,-0.00637886117305622,0,0
buyer_N_total_value_high,`time_n-1_sale_str_2023-01`,-0.00700977342368891,-0.00700977342368891,0,0
buyer_N_total_value_high,`time_n-1_sale_str_2023-02`,0.030484442071103,0.030484442071103,0,0
buyer_N_total_value_high,`time_n-1_sale_str_2023-03`,-0.0460706017680483,-0.0460706017680483,0,0
buyer_N_total_value_high,`time_n-1_sale_str_2023-04`,-0.0377723824613383,-0.0377723824613383,0,0
buyer_N_total_value_high,`time_n-1_sale_str_2023-05`,0.0539348759855164,0.0539348759855164,0,0
buyer_N_total_value_high,`time_n-1_sale_str_2023-06`,0.187769959365947,0.187769959365947,1,0
buyer_N_total_value_high,`time_n-1_sale_str_2023-07`,-0.000473606324237673,-0.000473606324237673,0,0
buyer_N_total_value_high,`time_n-1_sale_str_2023-08`,-0.0352589645401915,-0.0352589645401915,0,0
buyer_N_total_value_high,`time_n-1_sale_str_2023-09`,-0.0745846929665499,-0.0745846929665499,0,0
buyer_N_total_value_high,`time_n-1_sale_str_2023-10`,0.0223803352675152,0.0223803352675152,0,0
buyer_N_total_value_high,`time_n-1_sale_str_2023-11`,0.13119526416318,0.13119526416318,1,0
buyer_N_total_value_high,`time_n-1_sale_str_2023-12`,0.095639581120242,0.095639581120242,0,0
buyer_N_total_value_high,`time_n-1_sale_str_2024-01`,0.233596611324146,0.233596611324146,1,0
buyer_N_total_value_high,`time_n-1_sale_str_2024-02`,-0.0171507173048726,-0.0171507173048726,0,0
buyer_N_total_value_high,`time_n-1_sale_str_2024-03`,0.136373602416199,0.136373602416199,1,0
buyer_N_total_value_high,`time_n-1_sale_str_2024-04`,0.222102130828437,0.222102130828437,1,0
buyer_N_total_value_high,`time_n-1_sale_str_2024-05`,0.078528097638751,0.078528097638751,0,0
buyer_N_total_value_high,`time_n-1_sale_str_2024-06`,0.057915326965691,0.057915326965691,0,0
buyer_N_total_value_high,`time_n-1_sale_str_2024-07`,0.0283676515895092,0.0283676515895092,0,0
buyer_N_total_value_high,`time_n-1_sale_str_2024-08`,0.0389536429136758,0.0389536429136758,0,0
buyer_N_total_value_high,`time_n-1_sale_str_2024-09`,0.0373213194188646,0.0373213194188646,0,0
buyer_N_total_value_high,`time_n-1_sale_str_2024-10`,0.0159726254324064,0.0159726254324064,0,0
buyer_N_total_value_high,`time_n-1_sale_str_2024-11`,-0.0459399021799884,-0.0459399021799884,0,0
buyer_N_total_value_high,`time_n-1_sale_str_2024-12`,0.0321734274214683,0.0321734274214683,0,0
buyer_N_total_value_high,`time_n-1_sale_str_2025-01`,0.046180367060286,0.046180367060286,0,0
buyer_N_total_value_high,`time_n-1_sale_str_2025-02`,-0.000291267415802987,-0.000291267415802987,0,0
buyer_N_total_value_high,`time_n-1_sale_str_2025-03`,-0.0149786340936507,-0.0149786340936507,0,0
buyer_N_total_value_high,`Background_recoded_Army Green`,0.100008728156216,0.100008728156216,1,0
buyer_N_total_value_high,Background_recoded_Blue,-4.5426670994439e-06,-4.5426670994439e-06,0,0
buyer_N_total_value_high,Background_recoded_Gray,-0.0634185675168349,-0.0634185675168349,0,0
buyer_N_total_value_high,`Background_recoded_New Punk Blue`,0.0178336943240838,0.0178336943240838,0,0
buyer_N_total_value_high,Background_recoded_Orange,-0.0461529902070005,-0.0461529902070005,0,0
buyer_N_total_value_high,Background_recoded_Purple,0.0232361848745669,0.0232361848745669,0,0
buyer_N_total_value_high,Background_recoded_Yellow,-0.0179527290062611,-0.0179527290062611,0,0
buyer_N_total_value_high,`Clothes_recoded_Bayc T Black`,-0.000557792959192353,-0.000557792959192353,0,0
buyer_N_total_value_high,`Clothes_recoded_Bayc T Red`,-0.0451951727006646,-0.0451951727006646,0,0
buyer_N_total_value_high,`Clothes_recoded_Biker Vest`,0.0440521303785149,0.0440521303785149,0,0
buyer_N_total_value_high,`Clothes_recoded_Black Holes T`,0.00300719807623336,0.00300719807623336,0,0
buyer_N_total_value_high,`Clothes_recoded_Black T`,-0.0192522116886796,-0.0192522116886796,0,0
buyer_N_total_value_high,`Clothes_recoded_Bone Necklace`,0.0708373742397145,0.0708373742397145,0,0
buyer_N_total_value_high,`Clothes_recoded_Bone Tee`,0.0192111766310038,0.0192111766310038,0,0
buyer_N_total_value_high,`Clothes_recoded_Caveman Pelt`,0.00726069599472009,0.00726069599472009,0,0
buyer_N_total_value_high,`Clothes_recoded_Cowboy Shirt`,-0.0591046137226728,-0.0591046137226728,0,0
buyer_N_total_value_high,Clothes_recoded_Guayabera,0.0250719372305031,0.0250719372305031,0,0
buyer_N_total_value_high,Clothes_recoded_Hawaiian,-0.0140462888882594,-0.0140462888882594,0,0
buyer_N_total_value_high,`Clothes_recoded_Hip Hop`,-0.034531569035593,-0.034531569035593,0,0
buyer_N_total_value_high,`Clothes_recoded_Lab Coat`,0.00447668495845214,0.00447668495845214,0,0
buyer_N_total_value_high,`Clothes_recoded_Leather Jacket`,-0.0230375700869928,-0.0230375700869928,0,0
buyer_N_total_value_high,`Clothes_recoded_Leather Punk Jacket`,0.012710092485447,0.012710092485447,0,0
buyer_N_total_value_high,`Clothes_recoded_Lumberjack Shirt`,-0.0149827895800078,-0.0149827895800078,0,0
buyer_N_total_value_high,`Clothes_recoded_Navy Striped Tee`,-0.0544818851289659,-0.0544818851289659,0,0
buyer_N_total_value_high,Clothes_recoded_No_Clothes,0.0192594755395159,0.0192594755395159,0,0
buyer_N_total_value_high,Clothes_recoded_Other_Clothes,0.0353526222683052,0.0353526222683052,0,0
buyer_N_total_value_high,`Clothes_recoded_Prison Jumpsuit`,-0.00427914596689881,-0.00427914596689881,0,0
buyer_N_total_value_high,`Clothes_recoded_Prom Dress`,0.0818557895727899,0.0818557895727899,0,0
buyer_N_total_value_high,`Clothes_recoded_Puffy Vest`,0.0103612109851555,0.0103612109851555,0,0
buyer_N_total_value_high,`Clothes_recoded_Rainbow Suspenders`,-0.000517321352511751,-0.000517321352511751,0,0
buyer_N_total_value_high,`Clothes_recoded_Sailor Shirt`,-0.0170087391036389,-0.0170087391036389,0,0
buyer_N_total_value_high,Clothes_recoded_Service,0.01561091930538,0.01561091930538,0,0
buyer_N_total_value_high,`Clothes_recoded_Sleeveless Logo T`,-0.000495921465588323,-0.000495921465588323,0,0
buyer_N_total_value_high,`Clothes_recoded_Sleeveless T`,-0.0146924063065127,-0.0146924063065127,0,0
buyer_N_total_value_high,`Clothes_recoded_Smoking Jacket`,0.0184282179968912,0.0184282179968912,0,0
buyer_N_total_value_high,`Clothes_recoded_Striped Tee`,-0.0400588515312008,-0.0400588515312008,0,0
buyer_N_total_value_high,`Clothes_recoded_Stunt Jacket`,0.0339265554704685,0.0339265554704685,0,0
buyer_N_total_value_high,Clothes_recoded_Tanktop,0.0412691688686357,0.0412691688686357,0,0
buyer_N_total_value_high,`Clothes_recoded_Tie Dye`,-0.0375288837380679,-0.0375288837380679,0,0
buyer_N_total_value_high,Clothes_recoded_Toga,0.0538658677062475,0.0538658677062475,0,0
buyer_N_total_value_high,`Clothes_recoded_Tuxedo Tee`,-0.0281218272072847,-0.0281218272072847,0,0
buyer_N_total_value_high,`Clothes_recoded_Tweed Suit`,0.0238106784842403,0.0238106784842403,0,0
buyer_N_total_value_high,`Clothes_recoded_Vietnam Jacket`,0.00305957330953904,0.00305957330953904,0,0
buyer_N_total_value_high,`Clothes_recoded_Wool Turtleneck`,-0.0916888349437574,-0.0916888349437574,0,0
buyer_N_total_value_high,`Clothes_recoded_Work Vest`,-0.0260262542908749,-0.0260262542908749,0,0
buyer_N_total_value_high,`Earring_recoded_Diamond Stud`,-0.100897603423006,-0.100897603423006,1,0
buyer_N_total_value_high,`Earring_recoded_Gold Hoop`,-0.0435347547717085,-0.0435347547717085,0,0
buyer_N_total_value_high,`Earring_recoded_Gold Stud`,-0.0797982047136988,-0.0797982047136988,0,0
buyer_N_total_value_high,Earring_recoded_No_Earring,0.161080173443424,0.161080173443424,1,0
buyer_N_total_value_high,`Earring_recoded_Silver Hoop`,-0.0497589150899324,-0.0497589150899324,0,0
buyer_N_total_value_high,`Earring_recoded_Silver Stud`,-0.0336239111223155,-0.0336239111223155,0,0
buyer_N_total_value_high,Eyes_recoded_Angry,-0.00363216933464595,-0.00363216933464595,0,0
buyer_N_total_value_high,Eyes_recoded_Blindfold,-0.0134932739177723,-0.0134932739177723,0,0
buyer_N_total_value_high,Eyes_recoded_Bloodshot,0.0551223846742825,0.0551223846742825,0,0
buyer_N_total_value_high,Eyes_recoded_Bored,-0.0294310254033768,-0.0294310254033768,0,0
buyer_N_total_value_high,Eyes_recoded_Closed,0.0341808779042344,0.0341808779042344,0,0
buyer_N_total_value_high,Eyes_recoded_Coins,-0.0187636149632353,-0.0187636149632353,0,0
buyer_N_total_value_high,Eyes_recoded_Crazy,0.0747405427615669,0.0747405427615669,0,0
buyer_N_total_value_high,Eyes_recoded_Eyepatch,0.00879876683255498,0.00879876683255498,0,0
buyer_N_total_value_high,Eyes_recoded_Heart,-0.081944733213315,-0.081944733213315,0,0
buyer_N_total_value_high,Eyes_recoded_Holographic,-0.0186968595985527,-0.0186968595985527,0,0
buyer_N_total_value_high,Eyes_recoded_Hypnotized,-0.0448840586774045,-0.0448840586774045,0,0
buyer_N_total_value_high,Eyes_recoded_Other_Eyes,0.00355331139378885,0.00355331139378885,0,0
buyer_N_total_value_high,Eyes_recoded_Robot,-0.0231210408220089,-0.0231210408220089,0,0
buyer_N_total_value_high,Eyes_recoded_Sad,-0.00796207474082677,-0.00796207474082677,0,0
buyer_N_total_value_high,Eyes_recoded_Scumbag,0.00341537937293564,0.00341537937293564,0,0
buyer_N_total_value_high,Eyes_recoded_Sleepy,-0.00758243575761351,-0.00758243575761351,0,0
buyer_N_total_value_high,Eyes_recoded_Sunglasses,-0.0198495572489206,-0.0198495572489206,0,0
buyer_N_total_value_high,`Eyes_recoded_Wide Eyed`,-0.0321586066343943,-0.0321586066343943,0,0
buyer_N_total_value_high,`Eyes_recoded_X Eyes`,0.0717865434532385,0.0717865434532385,0,0
buyer_N_total_value_high,Eyes_recoded_Zombie,0.0559612033306649,0.0559612033306649,0,0
buyer_N_total_value_high,Fur_recoded_Blue,-0.0190357647069904,-0.0190357647069904,0,0
buyer_N_total_value_high,Fur_recoded_Brown,0.0266418590076008,0.0266418590076008,0,0
buyer_N_total_value_high,Fur_recoded_Cheetah,-0.0403097238852099,-0.0403097238852099,0,0
buyer_N_total_value_high,Fur_recoded_Cream,0.0610393430649524,0.0610393430649524,0,0
buyer_N_total_value_high,`Fur_recoded_Dark Brown`,-0.00652572528519214,-0.00652572528519214,0,0
buyer_N_total_value_high,`Fur_recoded_Death Bot`,0.00370344842428091,0.00370344842428091,0,0
buyer_N_total_value_high,Fur_recoded_Dmt,-0.0300404180770297,-0.0300404180770297,0,0
buyer_N_total_value_high,`Fur_recoded_Golden Brown`,-0.0210525295981342,-0.0210525295981342,0,0
buyer_N_total_value_high,Fur_recoded_Gray,-0.0209565941181249,-0.0209565941181249,0,0
buyer_N_total_value_high,Fur_recoded_Noise,-0.0230375700869928,-0.0230375700869928,0,0
buyer_N_total_value_high,Fur_recoded_Other_Fur,0.0675832679519014,0.0675832679519014,0,0
buyer_N_total_value_high,Fur_recoded_Pink,0.0207846539218225,0.0207846539218225,0,0
buyer_N_total_value_high,Fur_recoded_Red,0.0646619513596463,0.0646619513596463,0,0
buyer_N_total_value_high,Fur_recoded_Robot,-0.000613812206200209,-0.000613812206200209,0,0
buyer_N_total_value_high,Fur_recoded_Tan,-0.0235263972525233,-0.0235263972525233,0,0
buyer_N_total_value_high,Fur_recoded_White,-0.0200636579461711,-0.0200636579461711,0,0
buyer_N_total_value_high,Fur_recoded_Zombie,0.0904878001397313,0.0904878001397313,0,0
buyer_N_total_value_high,`Hat_recoded_Baby's Bonnet`,0.00355331139378884,0.00355331139378884,0,0
buyer_N_total_value_high,`Hat_recoded_Bayc Flipped Brim`,0.0703879205251488,0.0703879205251488,0,0
buyer_N_total_value_high,`Hat_recoded_Bayc Hat Black`,-0.0197145389187793,-0.0197145389187793,0,0
buyer_N_total_value_high,`Hat_recoded_Bayc Hat Red`,0.0100678987532761,0.0100678987532761,0,0
buyer_N_total_value_high,Hat_recoded_Beanie,-0.0800399583808342,-0.0800399583808342,0,0
buyer_N_total_value_high,Hat_recoded_Bowler,0.0121726110456691,0.0121726110456691,0,0
buyer_N_total_value_high,`Hat_recoded_Bunny Ears`,-0.0358632840000437,-0.0358632840000437,0,0
buyer_N_total_value_high,`Hat_recoded_Commie Hat`,0.0112796301521472,0.0112796301521472,0,0
buyer_N_total_value_high,`Hat_recoded_Cowboy Hat`,-0.000836839859694168,-0.000836839859694168,0,0
buyer_N_total_value_high,`Hat_recoded_Faux Hawk`,-0.000450239683567,-0.000450239683567,0,0
buyer_N_total_value_high,Hat_recoded_Fez,0.0105394636240142,0.0105394636240142,0,0
buyer_N_total_value_high,`Hat_recoded_Fisherman's Hat`,-0.0767039157840506,-0.0767039157840506,0,0
buyer_N_total_value_high,`Hat_recoded_Girl's Hair Pink`,0.0144119801089836,0.0144119801089836,0,0
buyer_N_total_value_high,`Hat_recoded_Girl's Hair Short`,0.0498947598169602,0.0498947598169602,0,0
buyer_N_total_value_high,Hat_recoded_Halo,0.00507138505428606,0.00507138505428606,0,0
buyer_N_total_value_high,Hat_recoded_Horns,0.0422951121011667,0.0422951121011667,0,0
buyer_N_total_value_high,`Hat_recoded_Irish Boho`,-0.0186518810781214,-0.0186518810781214,0,0
buyer_N_total_value_high,Hat_recoded_No_Hat,0.0386998439227287,0.0386998439227287,0,0
buyer_N_total_value_high,Hat_recoded_Other_Hat,0.0169024715359504,0.0169024715359504,0,0
buyer_N_total_value_high,`Hat_recoded_Party Hat 1`,-0.000473606324237671,-0.000473606324237671,0,0
buyer_N_total_value_high,`Hat_recoded_Police Motorcycle Helmet`,-0.050938803063766,-0.050938803063766,0,0
buyer_N_total_value_high,`Hat_recoded_Prussian Helmet`,-0.0288088736843261,-0.0288088736843261,0,0
buyer_N_total_value_high,`Hat_recoded_S&m Hat`,-0.0281218272072846,-0.0281218272072846,0,0
buyer_N_total_value_high,Hat_recoded_Safari,-0.0128493117122141,-0.0128493117122141,0,0
buyer_N_total_value_high,`Hat_recoded_Sea Captain's Hat`,-0.0313961871411324,-0.0313961871411324,0,0
buyer_N_total_value_high,`Hat_recoded_Seaman's Hat`,0.0419096260295445,0.0419096260295445,0,0
buyer_N_total_value_high,`Hat_recoded_Short Mohawk`,-0.0623052136053277,-0.0623052136053277,0,0
buyer_N_total_value_high,`Hat_recoded_Spinner Hat`,-0.0326057974461628,-0.0326057974461628,0,0
buyer_N_total_value_high,`Hat_recoded_Stuntman Helmet`,0.0233050816759018,0.0233050816759018,0,0
buyer_N_total_value_high,`Hat_recoded_Sushi Chef Headband`,-0.024925777559548,-0.024925777559548,0,0
buyer_N_total_value_high,`Hat_recoded_Vietnam Era Helmet`,0.0871633210058805,0.0871633210058805,0,0
buyer_N_total_value_high,`Hat_recoded_Ww2 Pilot Helm`,-0.00566850833911397,-0.00566850833911397,0,0
buyer_N_total_value_high,`Mouth_recoded_Bored Bubblegum`,-0.00591570766107201,-0.00591570766107201,0,0
buyer_N_total_value_high,`Mouth_recoded_Bored Cigar`,-0.0377723824613383,-0.0377723824613383,0,0
buyer_N_total_value_high,`Mouth_recoded_Bored Cigarette`,0.000847519830159223,0.000847519830159223,0,0
buyer_N_total_value_high,`Mouth_recoded_Bored Pipe`,-0.0320488298938995,-0.0320488298938995,0,0
buyer_N_total_value_high,`Mouth_recoded_Bored Unshaven`,0.089487304520499,0.089487304520499,0,0
buyer_N_total_value_high,`Mouth_recoded_Bored Unshaven Cigar`,-0.0576835037053237,-0.0576835037053237,0,0
buyer_N_total_value_high,`Mouth_recoded_Bored Unshaven Cigarette`,-0.0450745822650263,-0.0450745822650263,0,0
buyer_N_total_value_high,Mouth_recoded_Discomfort,0.0257177090645078,0.0257177090645078,0,0
buyer_N_total_value_high,Mouth_recoded_Dumbfounded,-0.0625769743829875,-0.0625769743829875,0,0
buyer_N_total_value_high,Mouth_recoded_Grin,-0.0592780208915835,-0.0592780208915835,0,0
buyer_N_total_value_high,Mouth_recoded_Jovial,-0.0134932739177722,-0.0134932739177722,0,0
buyer_N_total_value_high,Mouth_recoded_Other_Mouth,-0.00333827901169746,-0.00333827901169746,0,0
buyer_N_total_value_high,`Mouth_recoded_Phoneme  ooo`,0.0198309216946965,0.0198309216946965,0,0
buyer_N_total_value_high,`Mouth_recoded_Phoneme L`,-0.0356744687258424,-0.0356744687258424,0,0
buyer_N_total_value_high,`Mouth_recoded_Phoneme Oh`,-0.0306053041468766,-0.0306053041468766,0,0
buyer_N_total_value_high,`Mouth_recoded_Phoneme Vuh`,0.010893347719571,0.010893347719571,0,0
buyer_N_total_value_high,`Mouth_recoded_Phoneme Wah`,0.0223803352675151,0.0223803352675151,0,0
buyer_N_total_value_high,Mouth_recoded_Rage,0.032199309569753,0.032199309569753,0,0
buyer_N_total_value_high,`Mouth_recoded_Small Grin`,-0.000744283693414793,-0.000744283693414793,0,0
buyer_N_total_value_high,`Mouth_recoded_Tongue Out`,-0.0345103491085888,-0.0345103491085888,0,0
buyer_N_total_value_high,`log_price_change_n-1`,-0.0932806541208747,-0.0932806541208747,0,0
buyer_N_1_total_value_high,log_price_1_sale,0.139476754080874,0.141316046402112,1,0
buyer_N_1_total_value_high,sold_after_30d,-0.723756020587692,-0.719364241000017,1,1
buyer_N_1_total_value_high,log_buyern_total_value,0.276108018682944,0.272967905808965,1,1
buyer_N_1_total_value_high,log_buyern_rolling_avg_value_last10,0.00478251537104074,0.00714558673645866,0,0
buyer_N_1_total_value_high,log_sellern_total_value,0.757806630771667,0.755474412797234,1,1
buyer_N_1_total_value_high,log_sellern_rolling_avg_value_last10,0.223415669809832,0.222788857774036,1,0
buyer_N_1_total_value_high,log_buyern_1_rolling_avg_value_last10,0.286552908651773,0.290259121101051,1,1
buyer_N_1_total_value_high,log_sellern_1_total_value,0.286822738044773,0.284388732516375,1,1
buyer_N_1_total_value_high,log_sellern_1_rolling_avg_value_last10,0.376510970310938,0.374802492714943,1,1
buyer_N_1_total_value_high,log_unique_makers_count,0.596063469467038,0.590320900499934,1,1
buyer_N_1_total_value_high,log_median_offer_price,0.225397675622664,0.226659516232429,1,0
buyer_N_1_total_value_high,log_buyern_avg_total_gaspaid,0.276297768090686,0.272504547861823,1,1
buyer_N_1_total_value_high,log_buyern_1_avg_total_gaspaid,1.51867177031238,1.51569134482642,1,1
buyer_N_1_total_value_high,log_sellern_avg_total_gaspaid,0.689252756610266,0.683743683719854,1,1
buyer_N_1_total_value_high,log_sellern_1_avg_total_gaspaid,0.298605468194988,0.293366365681631,1,1
buyer_N_1_total_value_high,log_buyern_avg_gasLimit_cost,-0.219814938023157,-0.217430149860106,1,0
buyer_N_1_total_value_high,log_buyern_1_avg_gasLimit_cost,0.0446155881869548,0.0484367886903494,0,0
buyer_N_1_total_value_high,log_sellern_avg_gasLimit_cost,0.421555750355568,0.416139833762618,1,1
buyer_N_1_total_value_high,log_sellern_1_avg_gasLimit_cost,0.166231478874012,0.162345828525509,1,0
buyer_N_1_total_value_high,`time_n_sale_str_2021-06`,-0.167134548213039,-0.166876490751193,1,0
buyer_N_1_total_value_high,`time_n_sale_str_2021-07`,-0.111173601614855,-0.110821855473995,1,0
buyer_N_1_total_value_high,`time_n_sale_str_2021-08`,-0.136098679384811,-0.135618987114518,1,0
buyer_N_1_total_value_high,`time_n_sale_str_2021-09`,-0.128009519055927,-0.127730940969942,1,0
buyer_N_1_total_value_high,`time_n_sale_str_2021-10`,-0.129587034680291,-0.129229925959629,1,0
buyer_N_1_total_value_high,`time_n_sale_str_2021-11`,-0.157714401262239,-0.157316956256396,1,0
buyer_N_1_total_value_high,`time_n_sale_str_2021-12`,-0.152999569917898,-0.152587043639783,1,0
buyer_N_1_total_value_high,`time_n_sale_str_2022-01`,-0.202799835252514,-0.202199899464585,1,0
buyer_N_1_total_value_high,`time_n_sale_str_2022-02`,-0.145433976042585,-0.145084947220219,1,0
buyer_N_1_total_value_high,`time_n_sale_str_2022-03`,-0.153425151582476,-0.152920705172118,1,0
buyer_N_1_total_value_high,`time_n_sale_str_2022-04`,-0.0776636618435326,-0.077033799879724,0,0
buyer_N_1_total_value_high,`time_n_sale_str_2022-05`,-0.155411627965129,-0.154847386682556,1,0
buyer_N_1_total_value_high,`time_n_sale_str_2022-06`,-0.0951456090256344,-0.0946063406016125,0,0
buyer_N_1_total_value_high,`time_n_sale_str_2022-07`,-0.0421264001269476,-0.0417184869712546,0,0
buyer_N_1_total_value_high,`time_n_sale_str_2022-08`,-0.0631575074248862,-0.062659920263745,0,0
buyer_N_1_total_value_high,`time_n_sale_str_2022-09`,-0.0479924645278703,-0.0475997633612487,0,0
buyer_N_1_total_value_high,`time_n_sale_str_2022-10`,-0.0346376105025587,-0.0343332857844491,0,0
buyer_N_1_total_value_high,`time_n_sale_str_2022-11`,-0.0213794328486247,-0.0208309449907345,0,0
buyer_N_1_total_value_high,`time_n_sale_str_2022-12`,-0.0575913506840231,-0.0572954770670653,0,0
buyer_N_1_total_value_high,`time_n_sale_str_2023-01`,-0.0558993596443211,-0.0554956928587162,0,0
buyer_N_1_total_value_high,`time_n_sale_str_2023-02`,-0.00562425236242801,-0.00519730823516463,0,0
buyer_N_1_total_value_high,`time_n_sale_str_2023-03`,-0.0502400091933343,-0.04982138491549,0,0
buyer_N_1_total_value_high,`time_n_sale_str_2023-04`,-0.0340354852963924,-0.033575651231125,0,0
buyer_N_1_total_value_high,`time_n_sale_str_2023-05`,0.0376986659116058,0.038119014539154,0,0
buyer_N_1_total_value_high,`time_n_sale_str_2023-06`,0.12633944410803,0.127162904969991,1,0
buyer_N_1_total_value_high,`time_n_sale_str_2023-07`,0.0424216629300284,0.0431641464649106,0,0
buyer_N_1_total_value_high,`time_n_sale_str_2023-08`,0.0210431729246288,0.0216486643381581,0,0
buyer_N_1_total_value_high,`time_n_sale_str_2023-09`,0.0130349422914043,0.013421327727324,0,0
buyer_N_1_total_value_high,`time_n_sale_str_2023-10`,0.0640645063286186,0.0647777469693893,0,0
buyer_N_1_total_value_high,`time_n_sale_str_2023-11`,0.110330551188354,0.111113275483313,1,0
buyer_N_1_total_value_high,`time_n_sale_str_2023-12`,0.073155120999533,0.0738960680834003,0,0
buyer_N_1_total_value_high,`time_n_sale_str_2024-01`,0.277277783469081,0.275035073542105,1,1
buyer_N_1_total_value_high,`time_n_sale_str_2024-02`,0.0989971014626128,0.0999776086677713,0,0
buyer_N_1_total_value_high,`time_n_sale_str_2024-03`,0.103479767027438,0.102745242292811,1,0
buyer_N_1_total_value_high,`time_n_sale_str_2024-04`,0.20745215673955,0.204622251838434,1,0
buyer_N_1_total_value_high,`time_n_sale_str_2024-05`,0.158041571389425,0.150802265856653,1,0
buyer_N_1_total_value_high,`time_n_sale_str_2024-06`,0.0772693472070846,0.0780086298648068,0,0
buyer_N_1_total_value_high,`time_n_sale_str_2024-07`,-0.0329113865278248,-0.0323546275886601,0,0
buyer_N_1_total_value_high,`time_n_sale_str_2024-08`,0.0495048284574225,0.0500945885329759,0,0
buyer_N_1_total_value_high,`time_n_sale_str_2024-09`,0.028955791287851,0.0294039112203301,0,0
buyer_N_1_total_value_high,`time_n_sale_str_2024-10`,0.0663463309815739,0.0669571561301297,0,0
buyer_N_1_total_value_high,`time_n_sale_str_2024-11`,0.0857318321854719,0.0865623746656339,0,0
buyer_N_1_total_value_high,`time_n_sale_str_2024-12`,0.111892679301836,0.112765824159428,1,0
buyer_N_1_total_value_high,`time_n_sale_str_2025-01`,-0.0162147588783889,-0.0156270630050264,0,0
buyer_N_1_total_value_high,`time_n_sale_str_2025-02`,0.118618795743492,0.119301816047277,1,0
buyer_N_1_total_value_high,`time_n_sale_str_2025-03`,0.0066455201577137,0.00701832749817789,0,0
buyer_N_1_total_value_high,`time_n-1_sale_str_2021-06`,-0.354858799951421,-0.354088576662703,1,1
buyer_N_1_total_value_high,`time_n-1_sale_str_2021-07`,-0.264251142824378,-0.26372536991038,1,1
buyer_N_1_total_value_high,`time_n-1_sale_str_2021-08`,-0.145023986241697,-0.143959867132548,1,0
buyer_N_1_total_value_high,`time_n-1_sale_str_2021-09`,-0.0587505001300701,-0.0581994661514467,0,0
buyer_N_1_total_value_high,`time_n-1_sale_str_2021-10`,-0.0905868820439924,-0.0901216586585548,0,0
buyer_N_1_total_value_high,`time_n-1_sale_str_2021-11`,-0.113718780561183,-0.113263363459506,1,0
buyer_N_1_total_value_high,`time_n-1_sale_str_2021-12`,-0.0892754573545714,-0.0888585065924215,0,0
buyer_N_1_total_value_high,`time_n-1_sale_str_2022-01`,-0.00678169881109096,-0.00605793048094931,0,0
buyer_N_1_total_value_high,`time_n-1_sale_str_2022-02`,-0.0364300136421384,-0.0360772089798355,0,0
buyer_N_1_total_value_high,`time_n-1_sale_str_2022-03`,-0.0613907986102965,-0.0609150329841671,0,0
buyer_N_1_total_value_high,`time_n-1_sale_str_2022-04`,-0.0196544843461405,-0.0191805737949083,0,0
buyer_N_1_total_value_high,`time_n-1_sale_str_2022-05`,0.0277532100512835,0.0283102845663712,0,0
buyer_N_1_total_value_high,`time_n-1_sale_str_2022-06`,-0.144591425840643,-0.144256696536447,1,0
buyer_N_1_total_value_high,`time_n-1_sale_str_2022-07`,-0.0711762156738383,-0.0708360746812381,0,0
buyer_N_1_total_value_high,`time_n-1_sale_str_2022-08`,-0.0428731027460146,-0.0424153192785117,0,0
buyer_N_1_total_value_high,`time_n-1_sale_str_2022-09`,-0.0485796235031885,-0.0482463377694587,0,0
buyer_N_1_total_value_high,`time_n-1_sale_str_2022-10`,0.0165936717594692,0.0169019653542619,0,0
buyer_N_1_total_value_high,`time_n-1_sale_str_2022-11`,-0.0443815990692595,-0.04400173663813,0,0
buyer_N_1_total_value_high,`time_n-1_sale_str_2022-12`,0.0179190319801232,0.0183446526698968,0,0
buyer_N_1_total_value_high,`time_n-1_sale_str_2023-01`,-0.0731492216772007,-0.0728990271448693,0,0
buyer_N_1_total_value_high,`time_n-1_sale_str_2023-02`,0.0679486629959663,0.0683906303580923,0,0
buyer_N_1_total_value_high,`time_n-1_sale_str_2023-03`,-0.079941518791009,-0.0796382053809864,0,0
buyer_N_1_total_value_high,`time_n-1_sale_str_2023-04`,0.00533097955091207,0.00579445408878386,0,0
buyer_N_1_total_value_high,`time_n-1_sale_str_2023-05`,0.0271288239351784,0.0275122809985235,0,0
buyer_N_1_total_value_high,`time_n-1_sale_str_2023-06`,0.227887625329713,0.228773549000729,1,0
buyer_N_1_total_value_high,`time_n-1_sale_str_2023-07`,0.154635793831501,0.155167309169172,1,0
buyer_N_1_total_value_high,`time_n-1_sale_str_2023-08`,0.0944780511235547,0.0950336247568773,0,0
buyer_N_1_total_value_high,`time_n-1_sale_str_2023-09`,0.0594242429017321,0.0597912291191182,0,0
buyer_N_1_total_value_high,`time_n-1_sale_str_2023-10`,0.0963312192025728,0.0969338350025871,0,0
buyer_N_1_total_value_high,`time_n-1_sale_str_2023-11`,0.193221741604535,0.19406762794436,1,0
buyer_N_1_total_value_high,`time_n-1_sale_str_2023-12`,0.140894570111972,0.141655823011165,1,0
buyer_N_1_total_value_high,`time_n-1_sale_str_2024-01`,0.31609448685246,0.313584572513435,1,1
buyer_N_1_total_value_high,`time_n-1_sale_str_2024-02`,0.181088077099226,0.181959859683476,1,0
buyer_N_1_total_value_high,`time_n-1_sale_str_2024-03`,0.273741211141778,0.272910133932328,1,1
buyer_N_1_total_value_high,`time_n-1_sale_str_2024-04`,0.239652788432783,0.234569501438267,1,0
buyer_N_1_total_value_high,`time_n-1_sale_str_2024-05`,0.223612920199743,0.219430674020154,1,0
buyer_N_1_total_value_high,`time_n-1_sale_str_2024-06`,0.108735831895246,0.109400876824745,1,0
buyer_N_1_total_value_high,`time_n-1_sale_str_2024-07`,0.0673960219816755,0.06795903103384,0,0
buyer_N_1_total_value_high,`time_n-1_sale_str_2024-08`,0.0844386471483128,0.0849274668276119,0,0
buyer_N_1_total_value_high,`time_n-1_sale_str_2024-09`,0.0880331259593213,0.0884709590629599,0,0
buyer_N_1_total_value_high,`time_n-1_sale_str_2024-10`,0.0711762156738383,0.0716745566594642,0,0
buyer_N_1_total_value_high,`time_n-1_sale_str_2024-11`,0.0908916655820275,0.0914980278065153,0,0
buyer_N_1_total_value_high,`time_n-1_sale_str_2024-12`,0.154555288549028,0.155148383119437,1,0
buyer_N_1_total_value_high,`time_n-1_sale_str_2025-01`,0.139896326761661,0.140291264426376,1,0
buyer_N_1_total_value_high,`time_n-1_sale_str_2025-02`,0.0830370175433606,0.0833648254828811,0,0
buyer_N_1_total_value_high,`time_n-1_sale_str_2025-03`,-0.0444676458611267,-0.0443827281967168,0,0
buyer_N_1_total_value_high,`Background_recoded_Army Green`,0.00515854298271364,0.00675123610652567,0,0
buyer_N_1_total_value_high,Background_recoded_Blue,-0.0215324785179282,-0.0232617100128013,0,0
buyer_N_1_total_value_high,Background_recoded_Gray,-0.0350511584426874,-0.0351553056002335,0,0
buyer_N_1_total_value_high,`Background_recoded_New Punk Blue`,-0.0293019738761983,-0.0276336154505366,0,0
buyer_N_1_total_value_high,Background_recoded_Orange,-0.0939844798738699,-0.0924294842783558,0,0
buyer_N_1_total_value_high,Background_recoded_Purple,0.044814088571806,0.0416511565942561,0,0
buyer_N_1_total_value_high,Background_recoded_Yellow,0.0878246894149697,0.0880852938268237,0,0
buyer_N_1_total_value_high,`Clothes_recoded_Bayc T Black`,0,0.00055964347452447,0,0
buyer_N_1_total_value_high,`Clothes_recoded_Bayc T Red`,-0.0845141775706638,-0.0841497674765074,0,0
buyer_N_1_total_value_high,`Clothes_recoded_Biker Vest`,0.0654424889107092,0.0662234834769523,0,0
buyer_N_1_total_value_high,`Clothes_recoded_Black Holes T`,-0.0846409456945741,-0.0840879171483996,0,0
buyer_N_1_total_value_high,`Clothes_recoded_Black T`,-0.00614767809877953,-0.00534271241929665,0,0
buyer_N_1_total_value_high,`Clothes_recoded_Bone Necklace`,0,0.000692255059162003,0,0
buyer_N_1_total_value_high,`Clothes_recoded_Bone Tee`,0.0798769416746225,0.0806958011262292,0,0
buyer_N_1_total_value_high,`Clothes_recoded_Caveman Pelt`,0.0630962345355389,0.0637775748516738,0,0
buyer_N_1_total_value_high,`Clothes_recoded_Cowboy Shirt`,-0.0159933934303983,-0.0155547495282925,0,0
buyer_N_1_total_value_high,Clothes_recoded_Guayabera,-0.00367675443178502,-0.00300910396905264,0,0
buyer_N_1_total_value_high,Clothes_recoded_Hawaiian,0.00665114328126604,0.00408824132483776,0,0
buyer_N_1_total_value_high,`Clothes_recoded_Hip Hop`,-0.0340354852963924,-0.0335756512311247,0,0
buyer_N_1_total_value_high,`Clothes_recoded_Lab Coat`,0.0149013750496721,0.0154089683835901,0,0
buyer_N_1_total_value_high,`Clothes_recoded_Leather Jacket`,-0.0495048284574225,-0.0490255721806247,0,0
buyer_N_1_total_value_high,`Clothes_recoded_Leather Punk Jacket`,-0.0221046291562345,-0.0215765798369812,0,0
buyer_N_1_total_value_high,`Clothes_recoded_Lumberjack Shirt`,-0.0142934684639286,-0.0173000025918741,0,0
buyer_N_1_total_value_high,`Clothes_recoded_Navy Striped Tee`,-0.0536521026799311,-0.0528807151108719,0,0
buyer_N_1_total_value_high,Clothes_recoded_No_Clothes,0.0611644423586018,0.0605357035783689,0,0
buyer_N_1_total_value_high,Clothes_recoded_Other_Clothes,0.025093250228504,0.0260228219261174,0,0
buyer_N_1_total_value_high,`Clothes_recoded_Prison Jumpsuit`,0.0251547284868693,0.025869247436836,0,0
buyer_N_1_total_value_high,`Clothes_recoded_Prom Dress`,0.0926043981707973,0.0931409732462649,0,0
buyer_N_1_total_value_high,`Clothes_recoded_Puffy Vest`,-0.00367675443178502,-0.00300910396905264,0,0
buyer_N_1_total_value_high,`Clothes_recoded_Rainbow Suspenders`,-0.0471668430375834,-0.0467101880674426,0,0
buyer_N_1_total_value_high,`Clothes_recoded_Sailor Shirt`,0.0292460784593008,0.0300421978469298,0,0
buyer_N_1_total_value_high,Clothes_recoded_Service,0.0162147588783888,0.0168387603481149,0,0
buyer_N_1_total_value_high,`Clothes_recoded_Sleeveless Logo T`,0.0196544843461404,0.0201721313916327,0,0
buyer_N_1_total_value_high,`Clothes_recoded_Sleeveless T`,-0.0279763284019476,-0.030976744645404,0,0
buyer_N_1_total_value_high,`Clothes_recoded_Smoking Jacket`,0.0495985684937397,0.0467617537348736,0,0
buyer_N_1_total_value_high,`Clothes_recoded_Striped Tee`,-0.0223778100349752,-0.0215055159249685,0,0
buyer_N_1_total_value_high,`Clothes_recoded_Stunt Jacket`,-0.0431152617403276,-0.0426014593657716,0,0
buyer_N_1_total_value_high,Clothes_recoded_Tanktop,0,0.000708212404535205,0,0
buyer_N_1_total_value_high,`Clothes_recoded_Tie Dye`,-0.0185011499107295,-0.0179937832454596,0,0
buyer_N_1_total_value_high,Clothes_recoded_Toga,-0.0399847979949167,-0.0393548845701694,0,0
buyer_N_1_total_value_high,`Clothes_recoded_Tuxedo Tee`,-0.0205511081294647,-0.0198517089000563,0,0
buyer_N_1_total_value_high,`Clothes_recoded_Tweed Suit`,-0.0437640506565956,-0.0487170011751069,0,0
buyer_N_1_total_value_high,`Clothes_recoded_Vietnam Jacket`,0.0186049015362062,0.0156496958690276,0,0
buyer_N_1_total_value_high,`Clothes_recoded_Wool Turtleneck`,-0.0489684621468786,-0.0483228373060852,0,0
buyer_N_1_total_value_high,`Clothes_recoded_Work Vest`,-0.0254517375186225,-0.0249037677139348,0,0
buyer_N_1_total_value_high,`Earring_recoded_Diamond Stud`,-0.0501274667779648,-0.0496048012313827,0,0
buyer_N_1_total_value_high,`Earring_recoded_Gold Hoop`,0.0106458517578677,0.0116070573689965,0,0
buyer_N_1_total_value_high,`Earring_recoded_Gold Stud`,-0.00815445500390858,-0.00723642663444406,0,0
buyer_N_1_total_value_high,Earring_recoded_No_Earring,0.0558577884173293,0.0531568344659075,0,0
buyer_N_1_total_value_high,`Earring_recoded_Silver Hoop`,-0.044524391658649,-0.0432124707200401,0,0
buyer_N_1_total_value_high,`Earring_recoded_Silver Stud`,0.0161637479801655,0.0174816260813672,0,0
buyer_N_1_total_value_high,Eyes_recoded_Angry,0.0135079813312591,0.0144568692686386,0,0
buyer_N_1_total_value_high,Eyes_recoded_Blindfold,0.0317850890447089,0.0326020220595438,0,0
buyer_N_1_total_value_high,Eyes_recoded_Bloodshot,0.0765926658131691,0.0741621995525798,0,0
buyer_N_1_total_value_high,Eyes_recoded_Bored,-0.0331803781665089,-0.0326636244485096,0,0
buyer_N_1_total_value_high,Eyes_recoded_Closed,0.0312583232444252,0.0264068508508412,0,0
buyer_N_1_total_value_high,Eyes_recoded_Coins,0.0279217374364268,0.0264759352585679,0,0
buyer_N_1_total_value_high,Eyes_recoded_Crazy,0.075696213339498,0.0767425023059145,0,0
buyer_N_1_total_value_high,Eyes_recoded_Eyepatch,0.0159602058723366,0.0167576072537657,0,0
buyer_N_1_total_value_high,Eyes_recoded_Heart,-0.05790283981172,-0.0571104536124624,0,0
buyer_N_1_total_value_high,Eyes_recoded_Holographic,-0.0908916655820268,-0.0904884582433148,0,0
buyer_N_1_total_value_high,Eyes_recoded_Hypnotized,-0.0362276878892598,-0.0356617216817201,0,0
buyer_N_1_total_value_high,Eyes_recoded_Other_Eyes,0.029013208960298,0.0296355093166834,0,0
buyer_N_1_total_value_high,Eyes_recoded_Robot,0.00957592827759399,0.0103665368298163,0,0
buyer_N_1_total_value_high,Eyes_recoded_Sad,-0.0296301660741779,-0.0285373568221619,0,0
buyer_N_1_total_value_high,Eyes_recoded_Scumbag,-0.0603971071454554,-0.0598668085823686,0,0
buyer_N_1_total_value_high,Eyes_recoded_Sleepy,-0.0402831755538143,-0.0391057481729138,0,0
buyer_N_1_total_value_high,Eyes_recoded_Sunglasses,-0.133778948643156,-0.133196140458973,1,0
buyer_N_1_total_value_high,`Eyes_recoded_Wide Eyed`,-0.0167420094023243,-0.0181353338539989,0,0
buyer_N_1_total_value_high,`Eyes_recoded_X Eyes`,0.0725233870205544,0.0733448559442997,0,0
buyer_N_1_total_value_high,Eyes_recoded_Zombie,0.00630202653412746,0.00709988083479951,0,0
buyer_N_1_total_value_high,Fur_recoded_Blue,0.00257950138770284,0.00356491431725763,0,0
buyer_N_1_total_value_high,Fur_recoded_Brown,0.0252569555723884,0.0255050142255038,0,0
buyer_N_1_total_value_high,Fur_recoded_Cheetah,0.00911229424586641,0.00994493268340508,0,0
buyer_N_1_total_value_high,Fur_recoded_Cream,0.0399697874862924,0.0411777034713279,0,0
buyer_N_1_total_value_high,`Fur_recoded_Dark Brown`,0.0556789495363179,0.0575097273632351,0,0
buyer_N_1_total_value_high,`Fur_recoded_Death Bot`,-0.0727339927807004,-0.0722620254893276,0,0
buyer_N_1_total_value_high,Fur_recoded_Dmt,-0.0210431729246289,-0.0204847338649267,0,0
buyer_N_1_total_value_high,`Fur_recoded_Golden Brown`,-0.039446349642585,-0.0381583340831645,0,0
buyer_N_1_total_value_high,Fur_recoded_Gray,-0.029912049131765,-0.0315100254891266,0,0
buyer_N_1_total_value_high,Fur_recoded_Noise,-0.067524375621978,-0.0670740923004693,0,0
buyer_N_1_total_value_high,Fur_recoded_Other_Fur,0.0679486629959658,0.0683906303580931,0,0
buyer_N_1_total_value_high,Fur_recoded_Pink,-0.0460999167853805,-0.0476558289833966,0,0
buyer_N_1_total_value_high,Fur_recoded_Red,0.00262316598092709,0.00359060148235973,0,0
buyer_N_1_total_value_high,Fur_recoded_Robot,-0.015985894556231,-0.0153888775535226,0,0
buyer_N_1_total_value_high,Fur_recoded_Tan,-0.0492439367109137,-0.0481527201924843,0,0
buyer_N_1_total_value_high,Fur_recoded_White,0.0519835782047218,0.0503701212216471,0,0
buyer_N_1_total_value_high,Fur_recoded_Zombie,0.0641415733037507,0.0649374240778406,0,0
buyer_N_1_total_value_high,`Hat_recoded_Baby's Bonnet`,-0.0124331639306857,-0.0118546235967596,0,0
buyer_N_1_total_value_high,`Hat_recoded_Bayc Flipped Brim`,0.0394231867361008,0.0400866034941522,0,0
buyer_N_1_total_value_high,`Hat_recoded_Bayc Hat Black`,-0.110778570206164,-0.110298870342738,1,0
buyer_N_1_total_value_high,`Hat_recoded_Bayc Hat Red`,-0.0315917325750654,-0.0311682231728063,0,0
buyer_N_1_total_value_high,Hat_recoded_Beanie,0.0406661488027366,0.0371508596748627,0,0
buyer_N_1_total_value_high,Hat_recoded_Bowler,0.0258789359937657,0.0266754554907042,0,0
buyer_N_1_total_value_high,`Hat_recoded_Bunny Ears`,0.043075105898519,0.0437460259107311,0,0
buyer_N_1_total_value_high,`Hat_recoded_Commie Hat`,-0.0242062291512007,-0.0234093039989611,0,0
buyer_N_1_total_value_high,`Hat_recoded_Cowboy Hat`,0.0357609166672038,0.0366381339645993,0,0
buyer_N_1_total_value_high,`Hat_recoded_Faux Hawk`,-0.0432092929324558,-0.0428151512034739,0,0
buyer_N_1_total_value_high,Hat_recoded_Fez,-0.0399627749389574,-0.0391325431940535,0,0
buyer_N_1_total_value_high,`Hat_recoded_Fisherman's Hat`,0.019644898629552,0.0205623371294705,0,0
buyer_N_1_total_value_high,`Hat_recoded_Girl's Hair Pink`,0.0646045294762972,0.0651489793516323,0,0
buyer_N_1_total_value_high,`Hat_recoded_Girl's Hair Short`,0.00458189829175305,0.000529462841900152,0,0
buyer_N_1_total_value_high,Hat_recoded_Halo,-0.00591488948063428,-0.00507530438794007,0,0
buyer_N_1_total_value_high,Hat_recoded_Horns,0.0364142488703703,0.037202170584665,0,0
buyer_N_1_total_value_high,`Hat_recoded_Irish Boho`,-0.0107799015333795,-0.0137874458816762,0,0
buyer_N_1_total_value_high,Hat_recoded_No_Hat,-0.0463286067883419,-0.0454032530246978,0,0
buyer_N_1_total_value_high,Hat_recoded_Other_Hat,-0.0236611109610365,-0.0228430313839761,0,0
buyer_N_1_total_value_high,`Hat_recoded_Party Hat 1`,0.0308387461566298,0.0313435740517982,0,0
buyer_N_1_total_value_high,`Hat_recoded_Police Motorcycle Helmet`,0.0320773310635958,0.0326433109807963,0,0
buyer_N_1_total_value_high,`Hat_recoded_Prussian Helmet`,0.00943084985208644,0.00995999787153833,0,0
buyer_N_1_total_value_high,`Hat_recoded_S&m Hat`,0.0479638472660454,0.048734982009304,0,0
buyer_N_1_total_value_high,Hat_recoded_Safari,-0.0204166856281057,-0.024114323800432,0,0
buyer_N_1_total_value_high,`Hat_recoded_Sea Captain's Hat`,-0.11263514612876,-0.112072690807652,1,0
buyer_N_1_total_value_high,`Hat_recoded_Seaman's Hat`,-0.0160639532403503,-0.017880033383422,0,0
buyer_N_1_total_value_high,`Hat_recoded_Short Mohawk`,0.0122955305556697,0.0131211590648821,0,0
buyer_N_1_total_value_high,`Hat_recoded_Spinner Hat`,0.0504167690138607,0.050996762679495,0,0
buyer_N_1_total_value_high,`Hat_recoded_Stuntman Helmet`,0.0142881148313421,0.0148168621484933,0,0
buyer_N_1_total_value_high,`Hat_recoded_Sushi Chef Headband`,-0.0081071795013545,-0.00750967860539786,0,0
buyer_N_1_total_value_high,`Hat_recoded_Vietnam Era Helmet`,0.036559212576894,0.0372719558432974,0,0
buyer_N_1_total_value_high,`Hat_recoded_Ww2 Pilot Helm`,0.0260059678240016,0.0215444654284887,0,0
buyer_N_1_total_value_high,`Mouth_recoded_Bored Bubblegum`,-0.0164154364946784,-0.0159893746493724,0,0
buyer_N_1_total_value_high,`Mouth_recoded_Bored Cigar`,-0.0693441542676547,-0.0689879392463508,0,0
buyer_N_1_total_value_high,`Mouth_recoded_Bored Cigarette`,-0.0355473196324232,-0.0343438278447217,0,0
buyer_N_1_total_value_high,`Mouth_recoded_Bored Pipe`,-0.0210596946907931,-0.0262326780882036,0,0
buyer_N_1_total_value_high,`Mouth_recoded_Bored Unshaven`,0.0456407996124524,0.0460811627043395,0,0
buyer_N_1_total_value_high,`Mouth_recoded_Bored Unshaven Cigar`,-0.0260059678240016,-0.0255687799357609,0,0
buyer_N_1_total_value_high,`Mouth_recoded_Bored Unshaven Cigarette`,0.0492970520112393,0.0503255566575375,0,0
buyer_N_1_total_value_high,Mouth_recoded_Discomfort,-0.00376657411893837,-0.00311578039661779,0,0
buyer_N_1_total_value_high,Mouth_recoded_Dumbfounded,0.00945782107995813,0.00819758432509873,0,0
buyer_N_1_total_value_high,Mouth_recoded_Grin,-0.0322570488282149,-0.0310895053383512,0,0
buyer_N_1_total_value_high,Mouth_recoded_Jovial,-0.0190695113814475,-0.0183084898459743,0,0
buyer_N_1_total_value_high,Mouth_recoded_Other_Mouth,-0.0737266004372754,-0.0725840480334619,0,0
buyer_N_1_total_value_high,`Mouth_recoded_Phoneme  ooo`,0.0205511081294646,0.0179516278596952,0,0
buyer_N_1_total_value_high,`Mouth_recoded_Phoneme L`,0.0279763284019475,0.0287136776897882,0,0
buyer_N_1_total_value_high,`Mouth_recoded_Phoneme Oh`,-0.00748700675762677,-0.00683630751020796,0,0
buyer_N_1_total_value_high,`Mouth_recoded_Phoneme Vuh`,0.0293609310276255,0.0302454708571323,0,0
buyer_N_1_total_value_high,`Mouth_recoded_Phoneme Wah`,0.0137459836169985,0.0142951050196545,0,0
buyer_N_1_total_value_high,Mouth_recoded_Rage,0.0197670732875938,0.020542585509455,0,0
buyer_N_1_total_value_high,`Mouth_recoded_Small Grin`,0.0865453441239678,0.0844280328083083,0,0
buyer_N_1_total_value_high,`Mouth_recoded_Tongue Out`,0.0424256736491878,0.0430450357574366,0,0
buyer_N_1_total_value_high,`log_price_change_n-1`,-0.185774613682787,-0.184253196485242,1,0
buyer_N_gaspaid_high,log_price_1_sale,-0.011924781539793,-0.00918216160858062,0,0
buyer_N_gaspaid_high,sold_after_30d,-0.347066607298165,-0.338186050022703,1,1
buyer_N_gaspaid_high,log_buyern_total_value,1.65825321303929,1.65086160047501,1,1
buyer_N_gaspaid_high,log_buyern_rolling_avg_value_last10,-0.438016552928742,-0.43253474685573,1,1
buyer_N_gaspaid_high,log_sellern_total_value,0.250400852722624,0.245000036680908,1,0
buyer_N_gaspaid_high,log_sellern_rolling_avg_value_last10,0.0474881221778226,0.0459107282848876,0,0
buyer_N_gaspaid_high,log_buyern_1_total_value,0.273054176120264,0.265605969868702,1,1
buyer_N_gaspaid_high,log_buyern_1_rolling_avg_value_last10,-0.0792944274539367,-0.0736179447074297,0,0
buyer_N_gaspaid_high,log_sellern_1_total_value,0.17410334287107,0.169265574103021,1,0
buyer_N_gaspaid_high,log_sellern_1_rolling_avg_value_last10,0.0998254678038833,0.0960329384001057,0,0
buyer_N_gaspaid_high,log_unique_makers_count,0.129325483080724,0.116141754148299,1,0
buyer_N_gaspaid_high,log_median_offer_price,-0.0535390973065874,-0.0550405295721509,0,0
buyer_N_gaspaid_high,log_buyern_1_avg_total_gaspaid,0.286024478135526,0.279978479685603,1,1
buyer_N_gaspaid_high,log_sellern_avg_total_gaspaid,0.590493040238728,0.579874771874583,1,1
buyer_N_gaspaid_high,log_sellern_1_avg_total_gaspaid,0.318666294217206,0.308960762923151,1,1
buyer_N_gaspaid_high,log_buyern_avg_gasLimit_cost,0.602390425636753,0.609743650183858,1,1
buyer_N_gaspaid_high,log_buyern_1_avg_gasLimit_cost,-0.131591066663294,-0.12507303227045,1,0
buyer_N_gaspaid_high,log_sellern_avg_gasLimit_cost,0.591398720112284,0.581712976472264,1,1
buyer_N_gaspaid_high,log_sellern_1_avg_gasLimit_cost,0.209604148340912,0.202422858710641,1,0
buyer_N_gaspaid_high,`time_n_sale_str_2021-06`,0.149437346681728,0.15063447158694,1,0
buyer_N_gaspaid_high,`time_n_sale_str_2021-07`,-0.0185011499107296,-0.0175470155519194,0,0
buyer_N_gaspaid_high,`time_n_sale_str_2021-08`,0.100177221271243,0.101631801687562,1,0
buyer_N_gaspaid_high,`time_n_sale_str_2021-09`,0.0688281155828855,0.069866569159345,0,0
buyer_N_gaspaid_high,`time_n_sale_str_2021-10`,-0.017242737615883,-0.0162104498685118,0,0
buyer_N_gaspaid_high,`time_n_sale_str_2021-11`,-0.044933067413449,-0.043800830896278,0,0
buyer_N_gaspaid_high,`time_n_sale_str_2021-12`,-0.0781969375833505,-0.0771527618960828,0,0
buyer_N_gaspaid_high,`time_n_sale_str_2022-01`,-0.103748261601076,-0.10227792757264,1,0
buyer_N_gaspaid_high,`time_n_sale_str_2022-02`,-0.112071949535234,-0.1112827186839,1,0
buyer_N_gaspaid_high,`time_n_sale_str_2022-03`,-0.0332601331783094,-0.0319324636312371,0,0
buyer_N_gaspaid_high,`time_n_sale_str_2022-04`,-0.0236206040176589,-0.0222909019983793,0,0
buyer_N_gaspaid_high,`time_n_sale_str_2022-05`,-0.0682151504693243,-0.0668698179405642,0,0
buyer_N_gaspaid_high,`time_n_sale_str_2022-06`,-0.168742003259513,-0.168004642372911,1,0
buyer_N_gaspaid_high,`time_n_sale_str_2022-07`,-0.11601670809216,-0.115514642869498,1,0
buyer_N_gaspaid_high,`time_n_sale_str_2022-08`,-0.122271630750922,-0.121540614449701,1,0
buyer_N_gaspaid_high,`time_n_sale_str_2022-09`,-0.11212606429622,-0.111620104998949,1,0
buyer_N_gaspaid_high,`time_n_sale_str_2022-10`,-0.0762466893279131,-0.0758195036551627,0,0
buyer_N_gaspaid_high,`time_n_sale_str_2022-11`,-0.115635237661273,-0.114898193631677,1,0
buyer_N_gaspaid_high,`time_n_sale_str_2022-12`,-0.0575913506840228,-0.0570348264630116,0,0
buyer_N_gaspaid_high,`time_n_sale_str_2023-01`,-0.015239768090234,-0.01436943253642,0,0
buyer_N_gaspaid_high,`time_n_sale_str_2023-02`,-0.0281239322705115,-0.0273756226979029,0,0
buyer_N_gaspaid_high,`time_n_sale_str_2023-03`,-0.0602963867463711,-0.0595400195868583,0,0
buyer_N_gaspaid_high,`time_n_sale_str_2023-04`,0.00486152226505568,0.00581737678523295,0,0
buyer_N_gaspaid_high,`time_n_sale_str_2023-05`,-0.0628509734721737,-0.0622987246222629,0,0
buyer_N_gaspaid_high,`time_n_sale_str_2023-06`,0.11263514612876,0.114172345989685,1,0
buyer_N_gaspaid_high,`time_n_sale_str_2023-07`,0.0282775729952792,0.0296495905115869,0,0
buyer_N_gaspaid_high,`time_n_sale_str_2023-08`,-0.0463048290331676,-0.0453200912194783,0,0
buyer_N_gaspaid_high,`time_n_sale_str_2023-09`,-0.0260715467259826,-0.0254323139055537,0,0
buyer_N_gaspaid_high,`time_n_sale_str_2023-10`,-0.0565210809087603,-0.0554288152685045,0,0
buyer_N_gaspaid_high,`time_n_sale_str_2023-11`,0.0746785562052983,0.0761132148787459,0,0
buyer_N_gaspaid_high,`time_n_sale_str_2023-12`,0.139238183651667,0.137793776489337,1,0
buyer_N_gaspaid_high,`time_n_sale_str_2024-01`,0.201814357870138,0.20423036062845,1,0
buyer_N_gaspaid_high,`time_n_sale_str_2024-02`,0.224580606936646,0.226524411592863,1,0
buyer_N_gaspaid_high,`time_n_sale_str_2024-03`,0.0814213409349693,0.0775917501661021,0,0
buyer_N_gaspaid_high,`time_n_sale_str_2024-04`,0.117045701868843,0.0942383954816503,0,0
buyer_N_gaspaid_high,`time_n_sale_str_2024-05`,0.102886056152187,0.104406424828692,1,0
buyer_N_gaspaid_high,`time_n_sale_str_2024-06`,0.0257393700027367,0.0270530106308188,0,0
buyer_N_gaspaid_high,`time_n_sale_str_2024-07`,0,0.00112388378431568,0,0
buyer_N_gaspaid_high,`time_n_sale_str_2024-08`,-0.0585128213888599,-0.0576380319655747,0,0
buyer_N_gaspaid_high,`time_n_sale_str_2024-09`,0.00579057536264083,0.00659333178100152,0,0
buyer_N_gaspaid_high,`time_n_sale_str_2024-10`,-0.0574922763985912,-0.0565952011150347,0,0
buyer_N_gaspaid_high,`time_n_sale_str_2024-11`,-0.105566069179714,-0.104432136949903,1,0
buyer_N_gaspaid_high,`time_n_sale_str_2024-12`,-0.0670684287703293,-0.0657675634269786,0,0
buyer_N_gaspaid_high,`time_n_sale_str_2025-01`,0.0324327173540184,0.0336347295063843,0,0
buyer_N_gaspaid_high,`time_n_sale_str_2025-02`,-0.0367543265350818,-0.0357085423858433,0,0
buyer_N_gaspaid_high,`time_n_sale_str_2025-03`,-0.0731492216772018,-0.0726785709912396,0,0
buyer_N_gaspaid_high,`time_n-1_sale_str_2021-06`,-0.0136639553848646,-0.0111494359256775,0,0
buyer_N_gaspaid_high,`time_n-1_sale_str_2021-07`,-0.0544898856973411,-0.0527828638067166,0,0
buyer_N_gaspaid_high,`time_n-1_sale_str_2021-08`,-0.0330660083037086,-0.0307642215490852,0,0
buyer_N_gaspaid_high,`time_n-1_sale_str_2021-09`,-0.0352405651151175,-0.0341399064453544,0,0
buyer_N_gaspaid_high,`time_n-1_sale_str_2021-10`,-0.0740914066569409,-0.0731622574432599,0,0
buyer_N_gaspaid_high,`time_n-1_sale_str_2021-11`,-0.0274076466884218,-0.0262872172671336,0,0
buyer_N_gaspaid_high,`time_n-1_sale_str_2021-12`,-0.080332698533374,-0.0795177483572501,0,0
buyer_N_gaspaid_high,`time_n-1_sale_str_2022-01`,-0.108666688355415,-0.10758772499331,1,0
buyer_N_gaspaid_high,`time_n-1_sale_str_2022-02`,-0.0121415466297707,-0.011414495298203,0,0
buyer_N_gaspaid_high,`time_n-1_sale_str_2022-03`,-0.0701710387294923,-0.0693035052942036,0,0
buyer_N_gaspaid_high,`time_n-1_sale_str_2022-04`,-0.0983865703570033,-0.097741340695705,0,0
buyer_N_gaspaid_high,`time_n-1_sale_str_2022-05`,-0.111173601614855,-0.110511906949334,1,0
buyer_N_gaspaid_high,`time_n-1_sale_str_2022-06`,-0.0849087095277863,-0.0840514906661599,0,0
buyer_N_gaspaid_high,`time_n-1_sale_str_2022-07`,-0.060215193379484,-0.0595383147745654,0,0
buyer_N_gaspaid_high,`time_n-1_sale_str_2022-08`,-0.138445611989071,-0.137931906739206,1,0
buyer_N_gaspaid_high,`time_n-1_sale_str_2022-09`,-0.0850661422978506,-0.0845691935633353,0,0
buyer_N_gaspaid_high,`time_n-1_sale_str_2022-10`,0.0165936717594692,0.0171733528337798,0,0
buyer_N_gaspaid_high,`time_n-1_sale_str_2022-11`,-0.0332826123441824,-0.0325364347921037,0,0
buyer_N_gaspaid_high,`time_n-1_sale_str_2022-12`,-0.0179190319801231,-0.0171932884871733,0,0
buyer_N_gaspaid_high,`time_n-1_sale_str_2023-01`,0.0066455201577137,0.00734654587265446,0,0
buyer_N_gaspaid_high,`time_n-1_sale_str_2023-02`,-0.0308716156955019,-0.0302053458339498,0,0
buyer_N_gaspaid_high,`time_n-1_sale_str_2023-03`,-0.0685067764287575,-0.0678948169190663,0,0
buyer_N_gaspaid_high,`time_n-1_sale_str_2023-04`,-0.0586658027781177,-0.0579603877618817,0,0
buyer_N_gaspaid_high,`time_n-1_sale_str_2023-05`,0.0271288239351783,0.0278498193237249,0,0
buyer_N_gaspaid_high,`time_n-1_sale_str_2023-06`,0.0971523651463294,0.0987565784376284,0,0
buyer_N_gaspaid_high,`time_n-1_sale_str_2023-07`,0.051408782085874,0.0523855223913831,0,0
buyer_N_gaspaid_high,`time_n-1_sale_str_2023-08`,-0.0447140605031004,-0.0438998162192719,0,0
buyer_N_gaspaid_high,`time_n-1_sale_str_2023-09`,-0.0445595731754266,-0.0440644180082157,0,0
buyer_N_gaspaid_high,`time_n-1_sale_str_2023-10`,0.0229109352584489,0.0239599965251591,0,0
buyer_N_gaspaid_high,`time_n-1_sale_str_2023-11`,0.104741654853182,0.106286909530498,1,0
buyer_N_gaspaid_high,`time_n-1_sale_str_2023-12`,0.193222148287937,0.192048294537019,1,0
buyer_N_gaspaid_high,`time_n-1_sale_str_2024-01`,0.148579315057096,0.150613172919209,1,0
buyer_N_gaspaid_high,`time_n-1_sale_str_2024-02`,0.154577071208818,0.15620605090158,1,0
buyer_N_gaspaid_high,`time_n-1_sale_str_2024-03`,0.137270616208953,0.132310106151678,1,0
buyer_N_gaspaid_high,`time_n-1_sale_str_2024-04`,0.17295179614819,0.149690211095734,1,0
buyer_N_gaspaid_high,`time_n-1_sale_str_2024-05`,0.0640645063286184,0.0654055847931564,0,0
buyer_N_gaspaid_high,`time_n-1_sale_str_2024-06`,0.0501274667779648,0.0513211457091461,0,0
buyer_N_gaspaid_high,`time_n-1_sale_str_2024-07`,0.0192459679894218,0.0202391021515273,0,0
buyer_N_gaspaid_high,`time_n-1_sale_str_2024-08`,0.00562425236242805,0.00645054465924454,0,0
buyer_N_gaspaid_high,`time_n-1_sale_str_2024-09`,0,0.00072815864405882,0,0
buyer_N_gaspaid_high,`time_n-1_sale_str_2024-10`,-0.0492595923728765,-0.0485480434920086,0,0
buyer_N_gaspaid_high,`time_n-1_sale_str_2024-11`,-0.0726863009278041,-0.0718658307286548,0,0
buyer_N_gaspaid_high,`time_n-1_sale_str_2024-12`,-0.0140090351993683,-0.0130540796872266,0,0
buyer_N_gaspaid_high,`time_n-1_sale_str_2025-01`,0.00664552015771369,0.00734654587265443,0,0
buyer_N_gaspaid_high,`time_n-1_sale_str_2025-02`,-0.0331907727310836,-0.0327269250987439,0,0
buyer_N_gaspaid_high,`time_n-1_sale_str_2025-03`,-0.0148192912752926,-0.0145492798601147,0,0
buyer_N_gaspaid_high,`Background_recoded_Army Green`,0.0636540510627399,0.0634469533953499,0,0
buyer_N_gaspaid_high,Background_recoded_Blue,-0.0149066504157086,-0.0151709005164971,0,0
buyer_N_gaspaid_high,Background_recoded_Gray,0.0150200411337959,0.0181580012697449,0,0
buyer_N_gaspaid_high,`Background_recoded_New Punk Blue`,0.0553634416225424,0.0539254898305036,0,0
buyer_N_gaspaid_high,Background_recoded_Orange,-0.0939844798738699,-0.0910599344683092,0,0
buyer_N_gaspaid_high,Background_recoded_Purple,-0.0282120013409932,-0.0268493344240856,0,0
buyer_N_gaspaid_high,Background_recoded_Yellow,0.0292498257847308,0.0293152492873797,0,0
buyer_N_gaspaid_high,`Clothes_recoded_Bayc T Black`,0.0175326402208721,0.0186194474730319,0,0
buyer_N_gaspaid_high,`Clothes_recoded_Bayc T Red`,-0.0845141775706639,-0.0838287127818257,0,0
buyer_N_gaspaid_high,`Clothes_recoded_Biker Vest`,-0.0103276320571178,-0.0125252768048564,0,0
buyer_N_gaspaid_high,`Clothes_recoded_Black Holes T`,0.0257393700027364,0.0270530106308186,0,0
buyer_N_gaspaid_high,`Clothes_recoded_Black T`,0.0184437317535086,0.0200085029864434,0,0
buyer_N_gaspaid_high,`Clothes_recoded_Bone Necklace`,0.057195799997312,0.0585992097232294,0,0
buyer_N_gaspaid_high,`Clothes_recoded_Bone Tee`,-0.00665114328126606,-0.00526122380614657,0,0
buyer_N_gaspaid_high,`Clothes_recoded_Caveman Pelt`,0.00788316644711934,0.00514340644674532,0,0
buyer_N_gaspaid_high,`Clothes_recoded_Cowboy Shirt`,-0.0800284355561973,-0.0793960386334616,0,0
buyer_N_gaspaid_high,Clothes_recoded_Guayabera,0.00367675443178502,0.00125554755030034,0,0
buyer_N_gaspaid_high,Clothes_recoded_Hawaiian,0,0.00140427944257516,0,0
buyer_N_gaspaid_high,`Clothes_recoded_Hip Hop`,-0.0145849116940544,-0.0136713235670383,0,0
buyer_N_gaspaid_high,`Clothes_recoded_Lab Coat`,0.0149013750496722,0.0109798629644133,0,0
buyer_N_gaspaid_high,`Clothes_recoded_Leather Jacket`,-0.00449907154867101,-0.00348427287685891,0,0
buyer_N_gaspaid_high,`Clothes_recoded_Leather Punk Jacket`,-0.0397937801126597,-0.0388462754997401,0,0
buyer_N_gaspaid_high,`Clothes_recoded_Lumberjack Shirt`,-0.0142934684639286,-0.0130231338416911,0,0
buyer_N_gaspaid_high,`Clothes_recoded_Navy Striped Tee`,-0.0536521026799309,-0.055413957091232,0,0
buyer_N_gaspaid_high,Clothes_recoded_No_Clothes,0.0526234774907305,0.0524547505215624,0,0
buyer_N_gaspaid_high,Clothes_recoded_Other_Clothes,0.00278792207854427,0.00449056259521394,0,0
buyer_N_gaspaid_high,`Clothes_recoded_Prison Jumpsuit`,0.0107799015333795,0.0120961678506409,0,0
buyer_N_gaspaid_high,`Clothes_recoded_Prom Dress`,0.0205578056920214,0.0165157557746758,0,0
buyer_N_gaspaid_high,`Clothes_recoded_Puffy Vest`,0.055172215609496,0.0565334354329364,0,0
buyer_N_gaspaid_high,`Clothes_recoded_Rainbow Suspenders`,-0.0188623291723671,-0.0179287102269385,0,0
buyer_N_gaspaid_high,`Clothes_recoded_Sailor Shirt`,0.00324922099612713,0.0046953804130923,0,0
buyer_N_gaspaid_high,Clothes_recoded_Service,-0.0324327173540182,-0.0357085423858433,0,0
buyer_N_gaspaid_high,`Clothes_recoded_Sleeveless Logo T`,-0.0196544843461403,-0.0187632607324401,0,0
buyer_N_gaspaid_high,`Clothes_recoded_Sleeveless T`,0.00699344034148637,0.0048470742521494,0,0
buyer_N_gaspaid_high,`Clothes_recoded_Smoking Jacket`,0.0419643525642025,0.0432573165672507,0,0
buyer_N_gaspaid_high,`Clothes_recoded_Striped Tee`,-0.0111883794823885,-0.00952231568508289,0,0
buyer_N_gaspaid_high,`Clothes_recoded_Stunt Jacket`,0.0603748432148128,0.0615450620176352,0,0
buyer_N_gaspaid_high,Clothes_recoded_Tanktop,0.0349723362035066,0.0330277456899508,0,0
buyer_N_gaspaid_high,`Clothes_recoded_Tie Dye`,-0.0462632737445665,-0.0453818872410438,0,0
buyer_N_gaspaid_high,Clothes_recoded_Toga,0.032712672430751,0.0305732961332695,0,0
buyer_N_gaspaid_high,`Clothes_recoded_Tuxedo Tee`,-0.0342550638112106,-0.0366087666470061,0,0
buyer_N_gaspaid_high,`Clothes_recoded_Tweed Suit`,-0.0243093359420691,-0.0286170297544739,0,0
buyer_N_gaspaid_high,`Clothes_recoded_Vietnam Jacket`,0.0111626316475807,0.01243310306493,0,0
buyer_N_gaspaid_high,`Clothes_recoded_Wool Turtleneck`,-0.0839947876789312,-0.0828819049601753,0,0
buyer_N_gaspaid_high,`Clothes_recoded_Work Vest`,0,0.00108868381570831,0,0
buyer_N_gaspaid_high,`Earring_recoded_Diamond Stud`,-0.0501274667779649,-0.0537688840877877,0,0
buyer_N_gaspaid_high,`Earring_recoded_Gold Hoop`,-0.0372664242659146,-0.0383610701183798,0,0
buyer_N_gaspaid_high,`Earring_recoded_Gold Stud`,-0.106156336649047,-0.104687256579489,1,0
buyer_N_gaspaid_high,Earring_recoded_No_Earring,0.0996573033363921,0.104757845596677,1,0
buyer_N_gaspaid_high,`Earring_recoded_Silver Hoop`,-0.0367781233841939,-0.0443526579947834,0,0
buyer_N_gaspaid_high,`Earring_recoded_Silver Stud`,0.0202050563556536,0.0206911292186292,0,0
buyer_N_gaspaid_high,Eyes_recoded_Angry,-0.00270153708193734,-0.000951435659518775,0,0
buyer_N_gaspaid_high,Eyes_recoded_Blindfold,0,-0.00496584752509087,0,0
buyer_N_gaspaid_high,Eyes_recoded_Bloodshot,-0.0120849361564573,-0.0117060990373017,0,0
buyer_N_gaspaid_high,Eyes_recoded_Bored,-0.00432728975346941,-0.000520916901978876,0,0
buyer_N_gaspaid_high,Eyes_recoded_Closed,0.0729757330428436,0.0695332951389294,0,0
buyer_N_gaspaid_high,Eyes_recoded_Coins,-0.0431576191469649,-0.044050982816296,0,0
buyer_N_gaspaid_high,Eyes_recoded_Crazy,0.0443527849830599,0.0387181319391851,0,0
buyer_N_gaspaid_high,Eyes_recoded_Eyepatch,-0.00319194355305609,-0.00173199491084013,0,0
buyer_N_gaspaid_high,Eyes_recoded_Heart,-0.115951634829402,-0.114631604979741,1,0
buyer_N_gaspaid_high,Eyes_recoded_Holographic,-0.0454106567220119,-0.0445072953797487,0,0
buyer_N_gaspaid_high,Eyes_recoded_Hypnotized,-0.0201242096365279,-0.0190196961776677,0,0
buyer_N_gaspaid_high,Eyes_recoded_Other_Eyes,-0.0455992400288496,-0.0445947284763551,0,0
buyer_N_gaspaid_high,Eyes_recoded_Robot,0.022344971633852,0.0238567862673805,0,0
buyer_N_gaspaid_high,Eyes_recoded_Sad,-0.0433110306084856,-0.043675605555489,0,0
buyer_N_gaspaid_high,Eyes_recoded_Scumbag,0.0281752635390459,0.0293786945845466,0,0
buyer_N_gaspaid_high,Eyes_recoded_Sleepy,0.0445255124363477,0.0448722973452641,0,0
buyer_N_gaspaid_high,Eyes_recoded_Sunglasses,-0.00635624683300585,-0.00489638922929788,0,0
buyer_N_gaspaid_high,`Eyes_recoded_Wide Eyed`,-0.00717494156279502,-0.00760535797895122,0,0
buyer_N_gaspaid_high,`Eyes_recoded_X Eyes`,0.0131776910965884,0.0113615400108902,0,0
buyer_N_gaspaid_high,Eyes_recoded_Zombie,0.0378187345953835,0.0393792768971509,0,0
buyer_N_gaspaid_high,Fur_recoded_Blue,0.0283773492304869,0.0277637876499477,0,0
buyer_N_gaspaid_high,Fur_recoded_Brown,0.0157848298283334,0.0160177309841872,0,0
buyer_N_gaspaid_high,Fur_recoded_Cheetah,-0.0151874374711205,-0.0136742941207976,0,0
buyer_N_gaspaid_high,Fur_recoded_Cream,0.0266435676066017,0.0245153308211315,0,0
buyer_N_gaspaid_high,`Fur_recoded_Dark Brown`,0.0365809662851476,0.0352646986618686,0,0
buyer_N_gaspaid_high,`Fur_recoded_Death Bot`,-0.0299328487395686,-0.0289225829679258,0,0
buyer_N_gaspaid_high,Fur_recoded_Dmt,0.00420841084237934,0.00531469971155377,0,0
buyer_N_gaspaid_high,`Fur_recoded_Golden Brown`,-0.0118318097382076,-0.00934409700534088,0,0
buyer_N_gaspaid_high,Fur_recoded_Gray,0.029912049131765,0.0318933072378076,0,0
buyer_N_gaspaid_high,Fur_recoded_Noise,0.0134974880100908,0.0145487123378469,0,0
buyer_N_gaspaid_high,Fur_recoded_Other_Fur,0.00617361673521509,0.00692717671710916,0,0
buyer_N_gaspaid_high,Fur_recoded_Pink,-0.0218323022558853,-0.0223987227626289,0,0
buyer_N_gaspaid_high,Fur_recoded_Red,0.0551073566522787,0.0545429573679355,0,0
buyer_N_gaspaid_high,Fur_recoded_Robot,-0.0319748551174664,-0.0308910232399001,0,0
buyer_N_gaspaid_high,Fur_recoded_Tan,-0.0223782234965073,-0.0225587690217467,0,0
buyer_N_gaspaid_high,Fur_recoded_White,-0.0465084877054265,-0.0448851394652407,0,0
buyer_N_gaspaid_high,Fur_recoded_Zombie,-0.00337414136822253,-0.00199847497388813,0,0
buyer_N_gaspaid_high,`Hat_recoded_Baby's Bonnet`,-0.00414431675585441,-0.00303796423820204,0,0
buyer_N_gaspaid_high,`Hat_recoded_Bayc Flipped Brim`,0.0157667005292284,0.0169730691466137,0,0
buyer_N_gaspaid_high,`Hat_recoded_Bayc Hat Black`,-0.0267010888901481,-0.0255461642438676,0,0
buyer_N_gaspaid_high,`Hat_recoded_Bayc Hat Red`,-0.0105294093105217,-0.00968064405708731,0,0
buyer_N_gaspaid_high,Hat_recoded_Beanie,-0.0502401199604907,-0.0483482302964966,0,0
buyer_N_gaspaid_high,Hat_recoded_Bowler,0.0323501942232151,0.0338597920676359,0,0
buyer_N_gaspaid_high,`Hat_recoded_Bunny Ears`,-0.00391501780958092,-0.00274021842809523,0,0
buyer_N_gaspaid_high,`Hat_recoded_Commie Hat`,-0.0181540898296549,-0.0166412628280881,0,0
buyer_N_gaspaid_high,`Hat_recoded_Cowboy Hat`,-0.0238384929815631,-0.0223131950949403,0,0
buyer_N_gaspaid_high,`Hat_recoded_Faux Hawk`,0,0.00084945883038879,0,0
buyer_N_gaspaid_high,Hat_recoded_Fez,0.0342519920714997,0.0276443181062456,0,0
buyer_N_gaspaid_high,`Hat_recoded_Fisherman's Hat`,-0.0477203223517303,-0.0521502271416348,0,0
buyer_N_gaspaid_high,`Hat_recoded_Girl's Hair Pink`,-0.0447140605031003,-0.0494526692568465,0,0
buyer_N_gaspaid_high,`Hat_recoded_Girl's Hair Short`,-0.0137459836169985,-0.0127709746658063,0,0
buyer_N_gaspaid_high,Hat_recoded_Halo,0.0354947732322752,0.0343076072308809,0,0
buyer_N_gaspaid_high,Hat_recoded_Horns,0.0364142488703703,0.0347290734005705,0,0
buyer_N_gaspaid_high,`Hat_recoded_Irish Boho`,0.0107799015333795,0.0120961678506409,0,0
buyer_N_gaspaid_high,Hat_recoded_No_Hat,0.0383833301796858,0.0349836759798481,0,0
buyer_N_gaspaid_high,Hat_recoded_Other_Hat,-0.0118299342528863,-0.0102642208019472,0,0
buyer_N_gaspaid_high,`Hat_recoded_Party Hat 1`,0.0205578056920214,0.0214903941256343,0,0
buyer_N_gaspaid_high,`Hat_recoded_Police Motorcycle Helmet`,-0.0779512393141893,-0.0771582095883644,0,0
buyer_N_gaspaid_high,`Hat_recoded_Prussian Helmet`,-0.056607142270428,-0.0557762187184319,0,0
buyer_N_gaspaid_high,`Hat_recoded_S&m Hat`,0.0411087311707156,0.0425476014863871,0,0
buyer_N_gaspaid_high,Hat_recoded_Safari,-0.0449257031169303,-0.0439017936229145,0,0
buyer_N_gaspaid_high,`Hat_recoded_Sea Captain's Hat`,-0.0374922067758856,-0.036211104410203,0,0
buyer_N_gaspaid_high,`Hat_recoded_Seaman's Hat`,0.0589248327547045,0.0608119047365073,0,0
buyer_N_gaspaid_high,`Hat_recoded_Short Mohawk`,-0.0430435138621816,-0.0448953902788315,0,0
buyer_N_gaspaid_high,`Hat_recoded_Spinner Hat`,-0.032077331063596,-0.0311474571901783,0,0
buyer_N_gaspaid_high,`Hat_recoded_Stuntman Helmet`,0.0142881148313421,0.0152823641255323,0,0
buyer_N_gaspaid_high,`Hat_recoded_Sushi Chef Headband`,0,0.00114110538245171,0,0
buyer_N_gaspaid_high,`Hat_recoded_Vietnam Era Helmet`,0.0804819463151268,0.0818837784433862,0,0
buyer_N_gaspaid_high,`Hat_recoded_Ww2 Pilot Helm`,-0.00520077127002717,-0.00432915061512672,0,0
buyer_N_gaspaid_high,`Mouth_recoded_Bored Bubblegum`,0.00547164825229884,0.00632084782855102,0,0
buyer_N_gaspaid_high,`Mouth_recoded_Bored Cigar`,-0.0266571718368734,-0.0258588562262506,0,0
buyer_N_gaspaid_high,`Mouth_recoded_Bored Cigarette`,0.0313641843617366,0.0317270429228205,0,0
buyer_N_gaspaid_high,`Mouth_recoded_Bored Pipe`,0,0.000871769042961638,0,0
buyer_N_gaspaid_high,`Mouth_recoded_Bored Unshaven`,0.0243372232119287,0.0233812698910982,0,0
buyer_N_gaspaid_high,`Mouth_recoded_Bored Unshaven Cigar`,-0.0780707503949999,-0.0774077592165527,0,0
buyer_N_gaspaid_high,`Mouth_recoded_Bored Unshaven Cigarette`,-0.0181573027433085,-0.0217046628110303,0,0
buyer_N_gaspaid_high,Mouth_recoded_Discomfort,0.0339039800369875,0.031606247644473,0,0
buyer_N_gaspaid_high,Mouth_recoded_Dumbfounded,-0.0378376344434161,-0.0358889590339767,0,0
buyer_N_gaspaid_high,Mouth_recoded_Grin,-0.0322570488282148,-0.0300613424640077,0,0
buyer_N_gaspaid_high,Mouth_recoded_Jovial,-0.0127126863793154,-0.0145286875354992,0,0
buyer_N_gaspaid_high,Mouth_recoded_Other_Mouth,-0.082165995963412,-0.0800394258979935,0,0
buyer_N_gaspaid_high,`Mouth_recoded_Phoneme  ooo`,0.0137003367112205,0.0117028067965483,0,0
buyer_N_gaspaid_high,`Mouth_recoded_Phoneme L`,-0.0209813477729037,-0.0196965283387165,0,0
buyer_N_gaspaid_high,`Mouth_recoded_Phoneme Oh`,-0.00748700675762678,-0.0139704366353465,0,0
buyer_N_gaspaid_high,`Mouth_recoded_Phoneme Vuh`,0.0528624442258028,0.0545673868418869,0,0
buyer_N_gaspaid_high,`Mouth_recoded_Phoneme Wah`,-0.0137459836169985,-0.0127709746658063,0,0
buyer_N_gaspaid_high,Mouth_recoded_Rage,0.0329479847300573,0.0280637369451186,0,0
buyer_N_gaspaid_high,`Mouth_recoded_Small Grin`,0.0266067813460779,0.0280637369451185,0,0
buyer_N_gaspaid_high,`Mouth_recoded_Tongue Out`,-0.0254517375186224,-0.0244212298970826,0,0
buyer_N_gaspaid_high,`log_price_change_n-1`,-0.157182803380388,-0.154499418719848,1,0
buyer_N_1_gaspaid_high,log_price_1_sale,-0.0166989983890568,-0.0182751639932983,0,0
buyer_N_1_gaspaid_high,sold_after_30d,-0.412358312736557,-0.322169588162152,1,1
buyer_N_1_gaspaid_high,log_buyern_total_value,0.235616124976144,0.189939206031756,1,0
buyer_N_1_gaspaid_high,log_buyern_rolling_avg_value_last10,-0.0707218271599014,-0.0347686924233386,0,0
buyer_N_1_gaspaid_high,log_sellern_total_value,0.483830692076096,0.433846729714671,1,1
buyer_N_1_gaspaid_high,log_sellern_rolling_avg_value_last10,0.0193279246108766,0.00246150331804737,0,0
buyer_N_1_gaspaid_high,log_buyern_1_total_value,1.52449399035332,1.45318695685114,1,1
buyer_N_1_gaspaid_high,log_buyern_1_rolling_avg_value_last10,-0.208997970616748,-0.153808333335372,1,0
buyer_N_1_gaspaid_high,log_sellern_1_total_value,0.298258078628452,0.251728072946352,1,1
buyer_N_1_gaspaid_high,log_sellern_1_rolling_avg_value_last10,0.211010262796947,0.174855730270664,1,0
buyer_N_1_gaspaid_high,log_unique_makers_count,0.306069862218987,0.224679437055026,1,0
buyer_N_1_gaspaid_high,log_median_offer_price,0.0823550768344888,0.0807742768253313,0,0
buyer_N_1_gaspaid_high,log_buyern_avg_total_gaspaid,0.297039523297711,0.246968353003458,1,0
buyer_N_1_gaspaid_high,log_sellern_avg_total_gaspaid,0.625019545235943,0.516607127535838,1,1
buyer_N_1_gaspaid_high,log_sellern_1_avg_total_gaspaid,0.483536993008279,0.387568799309308,1,1
buyer_N_1_gaspaid_high,log_buyern_avg_gasLimit_cost,-0.0957523408922053,-0.0559473819261275,0,0
buyer_N_1_gaspaid_high,log_buyern_1_avg_gasLimit_cost,0.526978116651911,0.6190670983474,1,1
buyer_N_1_gaspaid_high,log_sellern_avg_gasLimit_cost,0.457024073416629,0.352662345323346,1,1
buyer_N_1_gaspaid_high,log_sellern_1_avg_gasLimit_cost,0.304204287489236,0.232807700897709,1,0
buyer_N_1_gaspaid_high,`time_n_sale_str_2021-06`,-0.0439779575121154,-0.0342960879078615,0,0
buyer_N_1_gaspaid_high,`time_n_sale_str_2021-07`,-0.0927236425510523,-0.085207800802294,0,0
buyer_N_1_gaspaid_high,`time_n_sale_str_2021-08`,-0.100341811304732,-0.0897767948690034,0,0
buyer_N_1_gaspaid_high,`time_n_sale_str_2021-09`,-0.108363214728638,-0.102121546321176,1,0
buyer_N_1_gaspaid_high,`time_n_sale_str_2021-10`,-0.103722567960047,-0.0957864334082537,0,0
buyer_N_1_gaspaid_high,`time_n_sale_str_2021-11`,-0.0900918150938504,-0.0798484208653981,0,0
buyer_N_1_gaspaid_high,`time_n_sale_str_2021-12`,-0.0411015269385379,-0.0293264682790014,0,0
buyer_N_1_gaspaid_high,`time_n_sale_str_2022-01`,-0.0875589899326032,-0.072001839553699,0,0
buyer_N_1_gaspaid_high,`time_n_sale_str_2022-02`,-0.112207834669685,-0.104097001256511,1,0
buyer_N_1_gaspaid_high,`time_n_sale_str_2022-03`,-0.0334454123126288,-0.0198663957316449,0,0
buyer_N_1_gaspaid_high,`time_n_sale_str_2022-04`,-0.0643218067377666,-0.0517873756204086,0,0
buyer_N_1_gaspaid_high,`time_n_sale_str_2022-05`,-0.0994806989972697,-0.0866333776363817,0,0
buyer_N_1_gaspaid_high,`time_n_sale_str_2022-06`,-0.124677184777751,-0.115305623138162,1,0
buyer_N_1_gaspaid_high,`time_n_sale_str_2022-07`,-0.000115515797351671,0.00878718137080363,0,0
buyer_N_1_gaspaid_high,`time_n_sale_str_2022-08`,-0.1478197519002,-0.141362479229525,1,0
buyer_N_1_gaspaid_high,`time_n_sale_str_2022-09`,-0.0801343896657191,-0.0736385173010278,0,0
buyer_N_1_gaspaid_high,`time_n_sale_str_2022-10`,-0.0624495217232564,-0.0575127295532873,0,0
buyer_N_1_gaspaid_high,`time_n_sale_str_2022-11`,-0.064306681279435,-0.0549352944422766,0,0
buyer_N_1_gaspaid_high,`time_n_sale_str_2022-12`,-0.0961369471004977,-0.0919407367585512,0,0
buyer_N_1_gaspaid_high,`time_n_sale_str_2023-01`,0.0151202269226543,0.0246503223712639,0,0
buyer_N_1_gaspaid_high,`time_n_sale_str_2023-02`,-0.0958171065969647,-0.0904435443392134,0,0
buyer_N_1_gaspaid_high,`time_n_sale_str_2023-03`,-0.0906075715562035,-0.083904197145071,0,0
buyer_N_1_gaspaid_high,`time_n_sale_str_2023-04`,-0.00498683326153411,0.00456997839085179,0,0
buyer_N_1_gaspaid_high,`time_n_sale_str_2023-05`,-9.64870391638701e-05,0.00733912831811232,0,0
buyer_N_1_gaspaid_high,`time_n_sale_str_2023-06`,0.0714318042300504,0.086641651960603,0,0
buyer_N_1_gaspaid_high,`time_n_sale_str_2023-07`,0.0493233767941783,0.063676959472251,0,0
buyer_N_1_gaspaid_high,`time_n_sale_str_2023-08`,-0.00435382958495167,0.00676696848683919,0,0
buyer_N_1_gaspaid_high,`time_n_sale_str_2023-09`,0.0129422580883199,0.0203542648818228,0,0
buyer_N_1_gaspaid_high,`time_n_sale_str_2023-10`,0.0337417221794042,0.0432426567900295,0,0
buyer_N_1_gaspaid_high,`time_n_sale_str_2023-11`,0.138767879971347,0.151021368813327,1,0
buyer_N_1_gaspaid_high,`time_n_sale_str_2023-12`,0.102323128694406,0.113628573912084,1,0
buyer_N_1_gaspaid_high,`time_n_sale_str_2024-01`,0.258064703751492,0.154961236717805,1,0
buyer_N_1_gaspaid_high,`time_n_sale_str_2024-02`,0.0931107838926234,0.0763360445445686,0,0
buyer_N_1_gaspaid_high,`time_n_sale_str_2024-03`,0.174078947048311,0.171607847694887,1,0
buyer_N_1_gaspaid_high,`time_n_sale_str_2024-04`,0.202165502343619,0.136049308743714,1,0
buyer_N_1_gaspaid_high,`time_n_sale_str_2024-05`,0.10271358750469,0.0797731094718681,0,0
buyer_N_1_gaspaid_high,`time_n_sale_str_2024-06`,0.0476458557998339,0.0506415972604567,0,0
buyer_N_1_gaspaid_high,`time_n_sale_str_2024-07`,-0.03305929327106,-0.0223482905588574,0,0
buyer_N_1_gaspaid_high,`time_n_sale_str_2024-08`,0.00436335578504218,0.0149177664568223,0,0
buyer_N_1_gaspaid_high,`time_n_sale_str_2024-09`,-0.0754275362498196,-0.0695236799434214,0,0
buyer_N_1_gaspaid_high,`time_n_sale_str_2024-10`,-0.0310855411861296,-0.0211538254951207,0,0
buyer_N_1_gaspaid_high,`time_n_sale_str_2024-11`,-0.0331351568201036,-0.0194038657775497,0,0
buyer_N_1_gaspaid_high,`time_n_sale_str_2024-12`,-0.0033862896285914,0.0115305757557289,0,0
buyer_N_1_gaspaid_high,`time_n_sale_str_2025-01`,-0.0569208990933343,-0.0466864426874203,0,0
buyer_N_1_gaspaid_high,`time_n_sale_str_2025-02`,-0.00423318283989863,0.00724739353162588,0,0
buyer_N_1_gaspaid_high,`time_n_sale_str_2025-03`,0.00655445721978977,0.0137092781388196,0,0
buyer_N_1_gaspaid_high,`time_n-1_sale_str_2021-06`,-0.100007492497848,-0.0764629703121724,0,0
buyer_N_1_gaspaid_high,`time_n-1_sale_str_2021-07`,-0.158949871524632,-0.144625144015828,1,0
buyer_N_1_gaspaid_high,`time_n-1_sale_str_2021-08`,-0.103767042307159,-0.0820482278144048,0,0
buyer_N_1_gaspaid_high,`time_n-1_sale_str_2021-09`,-0.00407177659552557,0.00792973333855128,0,0
buyer_N_1_gaspaid_high,`time_n-1_sale_str_2021-10`,-0.0989811016355882,-0.0902893457676468,0,0
buyer_N_1_gaspaid_high,`time_n-1_sale_str_2021-11`,-0.113864134333832,-0.105063184821201,1,0
buyer_N_1_gaspaid_high,`time_n-1_sale_str_2021-12`,-0.098350600287435,-0.0906220792444018,0,0
buyer_N_1_gaspaid_high,`time_n-1_sale_str_2022-01`,-0.115652815966448,-0.104814776097518,1,0
buyer_N_1_gaspaid_high,`time_n-1_sale_str_2022-02`,-0.0729884914583369,-0.0674032664507512,0,0
buyer_N_1_gaspaid_high,`time_n-1_sale_str_2022-03`,-0.114269595651705,-0.106940306215418,1,0
buyer_N_1_gaspaid_high,`time_n-1_sale_str_2022-04`,-0.128114585700381,-0.122713303226722,1,0
buyer_N_1_gaspaid_high,`time_n-1_sale_str_2022-05`,-0.0186327101009817,-0.00887859040776909,0,0
buyer_N_1_gaspaid_high,`time_n-1_sale_str_2022-06`,-0.178972148235558,-0.17407280785634,1,0
buyer_N_1_gaspaid_high,`time_n-1_sale_str_2022-07`,-0.104198689724505,-0.0989071723175246,0,0
buyer_N_1_gaspaid_high,`time_n-1_sale_str_2022-08`,-0.186636574870537,-0.183751768293645,1,0
buyer_N_1_gaspaid_high,`time_n-1_sale_str_2022-09`,-0.133927236983612,-0.131068706684686,1,0
buyer_N_1_gaspaid_high,`time_n-1_sale_str_2022-10`,-0.0664728577466937,-0.0629310617601495,0,0
buyer_N_1_gaspaid_high,`time_n-1_sale_str_2022-11`,-0.08892797854762,-0.0831450069162199,0,0
buyer_N_1_gaspaid_high,`time_n-1_sale_str_2022-12`,-0.00607431303929512,0.00162530018478745,0,0
buyer_N_1_gaspaid_high,`time_n-1_sale_str_2023-01`,-0.126582083467171,-0.124211698783092,1,0
buyer_N_1_gaspaid_high,`time_n-1_sale_str_2023-02`,-0.0680400188249961,-0.0624122363780777,0,0
buyer_N_1_gaspaid_high,`time_n-1_sale_str_2023-03`,-0.0686067965584805,-0.0623242540224584,0,0
buyer_N_1_gaspaid_high,`time_n-1_sale_str_2023-04`,-0.0267703215103329,-0.0186036673865068,0,0
buyer_N_1_gaspaid_high,`time_n-1_sale_str_2023-05`,-0.0407844803261226,-0.0349560378767995,0,0
buyer_N_1_gaspaid_high,`time_n-1_sale_str_2023-06`,0.155555991158501,0.172395596460844,1,0
buyer_N_1_gaspaid_high,`time_n-1_sale_str_2023-07`,0.123475810710541,0.133778544283582,1,0
buyer_N_1_gaspaid_high,`time_n-1_sale_str_2023-08`,0.0843999105176557,0.0949777154603138,0,0
buyer_N_1_gaspaid_high,`time_n-1_sale_str_2023-09`,0.0296224230539523,0.0363903367922611,0,0
buyer_N_1_gaspaid_high,`time_n-1_sale_str_2023-10`,0.0686407570548931,0.0758348978936739,0,0
buyer_N_1_gaspaid_high,`time_n-1_sale_str_2023-11`,0.152109591220794,0.165443571774416,1,0
buyer_N_1_gaspaid_high,`time_n-1_sale_str_2023-12`,0.193086617177562,0.205010174608907,1,0
buyer_N_1_gaspaid_high,`time_n-1_sale_str_2024-01`,0.304935788983771,0.192451219437683,1,0
buyer_N_1_gaspaid_high,`time_n-1_sale_str_2024-02`,0.207535780110501,0.188211743429059,1,0
buyer_N_1_gaspaid_high,`time_n-1_sale_str_2024-03`,0.246002139583235,0.234886208340974,1,0
buyer_N_1_gaspaid_high,`time_n-1_sale_str_2024-04`,0.2338674503853,0.162386944200358,1,0
buyer_N_1_gaspaid_high,`time_n-1_sale_str_2024-05`,0.192855903684847,0.172769142139651,1,0
buyer_N_1_gaspaid_high,`time_n-1_sale_str_2024-06`,0.0918300934036598,0.100818155656337,1,0
buyer_N_1_gaspaid_high,`time_n-1_sale_str_2024-07`,-0.048250702703799,-0.0396913054051301,0,0
buyer_N_1_gaspaid_high,`time_n-1_sale_str_2024-08`,-0.0282308527934068,-0.0205742030233904,0,0
buyer_N_1_gaspaid_high,`time_n-1_sale_str_2024-09`,-0.0629414864866,-0.0572715011720073,0,0
buyer_N_1_gaspaid_high,`time_n-1_sale_str_2024-10`,-0.0165261396753023,-0.00833510885888255,0,0
buyer_N_1_gaspaid_high,`time_n-1_sale_str_2024-11`,-0.0273755958411716,-0.0176393563525326,0,0
buyer_N_1_gaspaid_high,`time_n-1_sale_str_2024-12`,0.0325618423912503,0.0432233715624613,0,0
buyer_N_1_gaspaid_high,`time_n-1_sale_str_2025-01`,-0.0599215088586443,-0.0545832194506986,0,0
buyer_N_1_gaspaid_high,`time_n-1_sale_str_2025-02`,-7.28166883507738e-05,0.0055382676105054,0,0
buyer_N_1_gaspaid_high,`time_n-1_sale_str_2025-03`,-0.0741657380536549,-0.0741657380536549,0,0
buyer_N_1_gaspaid_high,`Background_recoded_Army Green`,0.0357205997930385,0.0366134411103016,0,0
buyer_N_1_gaspaid_high,Background_recoded_Blue,-0.0153218154734827,-0.0193088344462646,0,0
buyer_N_1_gaspaid_high,Background_recoded_Gray,-0.0221072392095567,-0.00695238451411528,0,0
buyer_N_1_gaspaid_high,`Background_recoded_New Punk Blue`,-0.0264705278956424,-0.0259610566842742,0,0
buyer_N_1_gaspaid_high,Background_recoded_Orange,-0.06138626277248,-0.0596598944147169,0,0
buyer_N_1_gaspaid_high,Background_recoded_Purple,0.0244783346411042,0.0185613029788667,0,0
buyer_N_1_gaspaid_high,Background_recoded_Yellow,0.0743685903860904,0.0672653520416927,0,0
buyer_N_1_gaspaid_high,`Clothes_recoded_Bayc T Black`,-0.0264389740256218,-0.0162941755965861,0,0
buyer_N_1_gaspaid_high,`Clothes_recoded_Bayc T Red`,-0.0746727064112475,-0.06727995855522,0,0
buyer_N_1_gaspaid_high,`Clothes_recoded_Biker Vest`,-0.0173923017789873,-0.0190169668853312,0,0
buyer_N_1_gaspaid_high,`Clothes_recoded_Black Holes T`,-0.0332617738881275,-0.0251987643842003,0,0
buyer_N_1_gaspaid_high,`Clothes_recoded_Black T`,-0.0617054749879913,-0.0546365182094715,0,0
buyer_N_1_gaspaid_high,`Clothes_recoded_Bone Necklace`,-0.0359099512918038,-0.0437877289201711,0,0
buyer_N_1_gaspaid_high,`Clothes_recoded_Bone Tee`,0.1063908268801,0.104311078470729,1,0
buyer_N_1_gaspaid_high,`Clothes_recoded_Caveman Pelt`,0.055049802021688,0.0604957388710135,0,0
buyer_N_1_gaspaid_high,`Clothes_recoded_Cowboy Shirt`,-0.0267703215103327,-0.030801515754437,0,0
buyer_N_1_gaspaid_high,Clothes_recoded_Guayabera,0.0108631119349985,0.00459530624363052,0,0
buyer_N_1_gaspaid_high,Clothes_recoded_Hawaiian,0.00646510461493088,-0.000276159991350214,0,0
buyer_N_1_gaspaid_high,`Clothes_recoded_Hip Hop`,-0.0049868332615341,0.00456997839085179,0,0
buyer_N_1_gaspaid_high,`Clothes_recoded_Lab Coat`,0.0346529706083398,0.0349855092251531,0,0
buyer_N_1_gaspaid_high,`Clothes_recoded_Leather Jacket`,-0.0406338765535596,-0.0415415874129738,0,0
buyer_N_1_gaspaid_high,`Clothes_recoded_Leather Punk Jacket`,0.0219669065221135,0.0286071466793888,0,0
buyer_N_1_gaspaid_high,`Clothes_recoded_Lumberjack Shirt`,-0.00731904672211096,-0.00568174570732103,0,0
buyer_N_1_gaspaid_high,`Clothes_recoded_Navy Striped Tee`,-0.00616841397409047,-0.00289471692989235,0,0
buyer_N_1_gaspaid_high,Clothes_recoded_No_Clothes,0.0264989303785979,0.032756761497175,0,0
buyer_N_1_gaspaid_high,Clothes_recoded_Other_Clothes,-0.00301272541325416,0.0142644347585309,0,0
buyer_N_1_gaspaid_high,`Clothes_recoded_Prison Jumpsuit`,0.0249837476432149,0.0124996380656889,0,0
buyer_N_1_gaspaid_high,`Clothes_recoded_Prom Dress`,-0.000118401307917305,-0.0076746372696068,0,0
buyer_N_1_gaspaid_high,`Clothes_recoded_Puffy Vest`,0.0402864425128008,0.0503458644862084,0,0
buyer_N_1_gaspaid_high,`Clothes_recoded_Rainbow Suspenders`,-0.000129330038460003,-0.00537221498288072,0,0
buyer_N_1_gaspaid_high,`Clothes_recoded_Sailor Shirt`,-0.00993841129084375,-0.0166763948119538,0,0
buyer_N_1_gaspaid_high,Clothes_recoded_Service,0.0322824832941773,0.0364864712599783,0,0
buyer_N_1_gaspaid_high,`Clothes_recoded_Sleeveless Logo T`,0.0490274835008504,0.0547960396992836,0,0
buyer_N_1_gaspaid_high,`Clothes_recoded_Sleeveless T`,-0.0211574768593268,-0.0354987259023999,0,0
buyer_N_1_gaspaid_high,`Clothes_recoded_Smoking Jacket`,0.0341718775250344,0.0358013852089957,0,0
buyer_N_1_gaspaid_high,`Clothes_recoded_Striped Tee`,0.0277496774966494,0.0103510181577656,0,0
buyer_N_1_gaspaid_high,`Clothes_recoded_Stunt Jacket`,-0.0260065179573886,-0.0302329711444892,0,0
buyer_N_1_gaspaid_high,Clothes_recoded_Tanktop,0.0347968070629609,0.0385680569738538,0,0
buyer_N_1_gaspaid_high,`Clothes_recoded_Tie Dye`,-0.0741781978124129,-0.0957397793327573,0,0
buyer_N_1_gaspaid_high,Clothes_recoded_Toga,0.0107335704482265,0.0126586325049475,0,0
buyer_N_1_gaspaid_high,`Clothes_recoded_Tuxedo Tee`,-0.0412878361062671,-0.0439078734475557,0,0
buyer_N_1_gaspaid_high,`Clothes_recoded_Tweed Suit`,-0.0244340013263803,-0.0377574582242475,0,0
buyer_N_1_gaspaid_high,`Clothes_recoded_Vietnam Jacket`,0.0333276756596655,0.02783835327305,0,0
buyer_N_1_gaspaid_high,`Clothes_recoded_Wool Turtleneck`,-0.0561431653205832,-0.0439078734475554,0,0
buyer_N_1_gaspaid_high,`Clothes_recoded_Work Vest`,-0.000144256732448296,-0.00731376772122836,0,0
buyer_N_1_gaspaid_high,`Earring_recoded_Diamond Stud`,-0.0753619641557729,-0.0660569414503675,0,0
buyer_N_1_gaspaid_high,`Earring_recoded_Gold Hoop`,-0.0215288810686902,-0.00949488230494541,0,0
buyer_N_1_gaspaid_high,`Earring_recoded_Gold Stud`,-0.0246957810083141,-0.00742492022296501,0,0
buyer_N_1_gaspaid_high,Earring_recoded_No_Earring,0.0784381923399287,0.0652001520333754,0,0
buyer_N_1_gaspaid_high,`Earring_recoded_Silver Hoop`,-0.00614689110248626,-0.0111468000049507,0,0
buyer_N_1_gaspaid_high,`Earring_recoded_Silver Stud`,-0.0366964819516283,-0.0392042637183309,0,0
buyer_N_1_gaspaid_high,Eyes_recoded_Angry,0.00246888004457374,0.00328756024712309,0,0
buyer_N_1_gaspaid_high,Eyes_recoded_Blindfold,0.0506726598234066,0.0311355912440123,0,0
buyer_N_1_gaspaid_high,Eyes_recoded_Bloodshot,0.0238465519190395,0.00458799237557365,0,0
buyer_N_1_gaspaid_high,Eyes_recoded_Bored,-0.0394584459132755,-0.0294229724697422,0,0
buyer_N_1_gaspaid_high,Eyes_recoded_Closed,0.0434553844653792,0.0272678507834621,0,0
buyer_N_1_gaspaid_high,Eyes_recoded_Coins,0.0175182847343637,0.00765761646310703,0,0
buyer_N_1_gaspaid_high,Eyes_recoded_Crazy,0.0754572874355868,0.0645605252941525,0,0
buyer_N_1_gaspaid_high,Eyes_recoded_Eyepatch,0.0349232325691046,0.0474155716576296,0,0
buyer_N_1_gaspaid_high,Eyes_recoded_Heart,-0.0523226993013661,-0.0369164931334625,0,0
buyer_N_1_gaspaid_high,Eyes_recoded_Holographic,-0.0637208888529115,-0.0604561474246961,0,0
buyer_N_1_gaspaid_high,Eyes_recoded_Hypnotized,-0.012226332966957,-0.00945682118713946,0,0
buyer_N_1_gaspaid_high,Eyes_recoded_Other_Eyes,-0.0291601814518555,-0.0184392853201947,0,0
buyer_N_1_gaspaid_high,Eyes_recoded_Robot,-0.0225389868713354,-0.022061072889615,0,0
buyer_N_1_gaspaid_high,Eyes_recoded_Sad,-0.0572779790824472,-0.0548078113556405,0,0
buyer_N_1_gaspaid_high,Eyes_recoded_Scumbag,-0.0444324181768512,-0.0429954426987389,0,0
buyer_N_1_gaspaid_high,Eyes_recoded_Sleepy,0.0272536478012889,0.0249319755728028,0,0
buyer_N_1_gaspaid_high,Eyes_recoded_Sunglasses,-0.0446984447327695,-0.0342399099945365,0,0
buyer_N_1_gaspaid_high,`Eyes_recoded_Wide Eyed`,-0.0313608764712239,-0.0272228724045159,0,0
buyer_N_1_gaspaid_high,`Eyes_recoded_X Eyes`,0.0261696524105141,0.0311355912440124,0,0
buyer_N_1_gaspaid_high,Eyes_recoded_Zombie,0.0250133626504892,0.0310779961753407,0,0
buyer_N_1_gaspaid_high,Fur_recoded_Blue,-0.0131424737945182,-0.0197847920488451,0,0
buyer_N_1_gaspaid_high,Fur_recoded_Brown,0.0121844302602736,-0.00383964279069361,0,0
buyer_N_1_gaspaid_high,Fur_recoded_Cheetah,0.00283247223555318,0.0186996240359209,0,0
buyer_N_1_gaspaid_high,Fur_recoded_Cream,-0.000289843081884079,0.00799204001999283,0,0
buyer_N_1_gaspaid_high,`Fur_recoded_Dark Brown`,0.0647950931223598,0.0641639661155353,0,0
buyer_N_1_gaspaid_high,`Fur_recoded_Death Bot`,-0.0814409191636567,-0.0726198199070005,0,0
buyer_N_1_gaspaid_high,Fur_recoded_Dmt,-0.0548722644626176,-0.0549352944422764,0,0
buyer_N_1_gaspaid_high,`Fur_recoded_Golden Brown`,-0.0397790713584283,-0.0300397070442673,0,0
buyer_N_1_gaspaid_high,Fur_recoded_Gray,0.0346450705923862,0.0345128844424992,0,0
buyer_N_1_gaspaid_high,Fur_recoded_Noise,-0.00463478741407994,0.00573176191724309,0,0
buyer_N_1_gaspaid_high,Fur_recoded_Other_Fur,0.0431297733040976,0.0513812942503856,0,0
buyer_N_1_gaspaid_high,Fur_recoded_Pink,-0.0220942183650841,-0.0235155126254944,0,0
buyer_N_1_gaspaid_high,Fur_recoded_Red,0.0181227909603344,0.0178882776497765,0,0
buyer_N_1_gaspaid_high,Fur_recoded_Robot,0.00783936087624133,0.0198313601702688,0,0
buyer_N_1_gaspaid_high,Fur_recoded_Tan,-0.0137135566257899,-0.0184987884934529,0,0
buyer_N_1_gaspaid_high,Fur_recoded_White,0.0189169052806048,0.0228498473057673,0,0
buyer_N_1_gaspaid_high,Fur_recoded_Zombie,0.0504469073683445,0.0488496344781872,0,0
buyer_N_1_gaspaid_high,`Hat_recoded_Baby's Bonnet`,-0.045745043204838,-0.0402066302557025,0,0
buyer_N_1_gaspaid_high,`Hat_recoded_Bayc Flipped Brim`,-0.0238061459399876,-0.012341177453492,0,0
buyer_N_1_gaspaid_high,`Hat_recoded_Bayc Hat Black`,-0.0268615808581743,-0.0150514857828385,0,0
buyer_N_1_gaspaid_high,`Hat_recoded_Bayc Hat Red`,-0.000115515797351671,0.00878718137080372,0,0
buyer_N_1_gaspaid_high,Hat_recoded_Beanie,0.0356144904570332,0.0220546986192313,0,0
buyer_N_1_gaspaid_high,Hat_recoded_Bowler,-0.000191627225526636,0.000835359724704376,0,0
buyer_N_1_gaspaid_high,`Hat_recoded_Bunny Ears`,0.0115885831328983,0.00747964213135423,0,0
buyer_N_1_gaspaid_high,`Hat_recoded_Commie Hat`,-0.024411659156931,-0.0123617794585889,0,0
buyer_N_1_gaspaid_high,`Hat_recoded_Cowboy Hat`,0.0534446653645751,0.0405581702756581,0,0
buyer_N_1_gaspaid_high,`Hat_recoded_Faux Hawk`,-0.043319460782548,-0.04207577486658,0,0
buyer_N_1_gaspaid_high,Hat_recoded_Fez,-0.0230516705699565,-0.0254575912142026,0,0
buyer_N_1_gaspaid_high,`Hat_recoded_Fisherman's Hat`,0.0362652376481891,0.0370815509258555,0,0
buyer_N_1_gaspaid_high,`Hat_recoded_Girl's Hair Pink`,0.0445937857411655,0.0453042338314478,0,0
buyer_N_1_gaspaid_high,`Hat_recoded_Girl's Hair Short`,0.0136129757077817,0.00983863943889465,0,0
buyer_N_1_gaspaid_high,Hat_recoded_Halo,0.00570401339504281,0.00648972050919485,0,0
buyer_N_1_gaspaid_high,Hat_recoded_Horns,0.00974269825524944,0.00694325156874534,0,0
buyer_N_1_gaspaid_high,`Hat_recoded_Irish Boho`,0.0106085112426346,-0.00683336257468795,0,0
buyer_N_1_gaspaid_high,Hat_recoded_No_Hat,-0.00455286650318061,0.0080544044303199,0,0
buyer_N_1_gaspaid_high,Hat_recoded_Other_Hat,-0.0653062951092871,-0.0540083332016304,0,0
buyer_N_1_gaspaid_high,`Hat_recoded_Party Hat 1`,0.0101602222311436,0.0142039416453034,0,0
buyer_N_1_gaspaid_high,`Hat_recoded_Police Motorcycle Helmet`,0.0502862646968986,0.0294613425791569,0,0
buyer_N_1_gaspaid_high,`Hat_recoded_Prussian Helmet`,0.0187333904543898,0.0194522366628977,0,0
buyer_N_1_gaspaid_high,`Hat_recoded_S&m Hat`,0.0272228006539237,0.0312457667432465,0,0
buyer_N_1_gaspaid_high,Hat_recoded_Safari,0.012099676619019,0.0111538742426264,0,0
buyer_N_1_gaspaid_high,`Hat_recoded_Sea Captain's Hat`,-0.105962086129411,-0.103294734817329,1,0
buyer_N_1_gaspaid_high,`Hat_recoded_Seaman's Hat`,-0.000234974400482695,0.00657414486396508,0,0
buyer_N_1_gaspaid_high,`Hat_recoded_Short Mohawk`,-0.0186458498331376,-0.0202517914867404,0,0
buyer_N_1_gaspaid_high,`Hat_recoded_Spinner Hat`,0.0227782847601201,0.0288956204598289,0,0
buyer_N_1_gaspaid_high,`Hat_recoded_Stuntman Helmet`,0.014160329569157,0.00943140858883357,0,0
buyer_N_1_gaspaid_high,`Hat_recoded_Sushi Chef Headband`,-0.0163657195858305,-0.0324720832497652,0,0
buyer_N_1_gaspaid_high,`Hat_recoded_Vietnam Era Helmet`,0.00714228378189449,0.0126586325049474,0,0
buyer_N_1_gaspaid_high,`Hat_recoded_Ww2 Pilot Helm`,0.0571187808180889,0.0421942224681514,0,0
buyer_N_1_gaspaid_high,`Mouth_recoded_Bored Bubblegum`,0.0272506203220964,0.0309292501139257,0,0
buyer_N_1_gaspaid_high,`Mouth_recoded_Bored Cigar`,-0.00544499060149799,0.0032310021123239,0,0
buyer_N_1_gaspaid_high,`Mouth_recoded_Bored Cigarette`,-0.0149459349767496,-0.0348116789101401,0,0
buyer_N_1_gaspaid_high,`Mouth_recoded_Bored Pipe`,-0.0211746583239912,-0.0246166867354467,0,0
buyer_N_1_gaspaid_high,`Mouth_recoded_Bored Unshaven`,0.0573538704972605,0.0633969651097202,0,0
buyer_N_1_gaspaid_high,`Mouth_recoded_Bored Unshaven Cigar`,-0.0886067137198124,-0.0821838558357255,0,0
buyer_N_1_gaspaid_high,`Mouth_recoded_Bored Unshaven Cigarette`,0.0438628821817227,0.0478007875338719,0,0
buyer_N_1_gaspaid_high,Mouth_recoded_Discomfort,0.0111367654439413,0.0121759995118775,0,0
buyer_N_1_gaspaid_high,Mouth_recoded_Dumbfounded,-0.009727559465498,-0.0199094726725396,0,0
buyer_N_1_gaspaid_high,Mouth_recoded_Grin,0.00184942592169447,0.0115034254928492,0,0
buyer_N_1_gaspaid_high,Mouth_recoded_Jovial,-0.019264521013721,-0.0220610728896149,0,0
buyer_N_1_gaspaid_high,Mouth_recoded_Other_Mouth,-0.074033096684371,-0.0543834481332841,0,0
buyer_N_1_gaspaid_high,`Mouth_recoded_Phoneme  ooo`,0.0340755758630553,0.0348277290871311,0,0
buyer_N_1_gaspaid_high,`Mouth_recoded_Phoneme L`,-0.0281521956955982,-0.03885894253966,0,0
buyer_N_1_gaspaid_high,`Mouth_recoded_Phoneme Oh`,0.0148102380776036,0.00406564651694587,0,0
buyer_N_1_gaspaid_high,`Mouth_recoded_Phoneme Vuh`,0.00565902532017975,0.00352060078389683,0,0
buyer_N_1_gaspaid_high,`Mouth_recoded_Phoneme Wah`,-0.0138789918338352,-0.00887859040776911,0,0
buyer_N_1_gaspaid_high,Mouth_recoded_Rage,-0.00677664656356945,-0.0138739300982306,0,0
buyer_N_1_gaspaid_high,`Mouth_recoded_Small Grin`,0.0264212183123033,0.0277121216345883,0,0
buyer_N_1_gaspaid_high,`Mouth_recoded_Tongue Out`,-0.000144256732448295,0.00198638031477417,0,0
buyer_N_1_gaspaid_high,`log_price_change_n-1`,-0.280741579965593,-0.255873487534051,1,1
seller_N_gaspaid_high,log_price_1_sale,-0.000728347916377789,-0.0137042504291073,0,0
seller_N_gaspaid_high,sold_after_30d,-0.793248057764452,-0.509227822871794,1,1
seller_N_gaspaid_high,log_buyern_total_value,0.286688055986149,0.10244156219691,1,0
seller_N_gaspaid_high,log_buyern_rolling_avg_value_last10,-0.24846326610505,-0.166281410530002,1,0
seller_N_gaspaid_high,log_sellern_total_value,1.77222757954833,1.67124473676482,1,1
seller_N_gaspaid_high,log_sellern_rolling_avg_value_last10,-0.199213399676736,-0.281227925207314,1,1
seller_N_gaspaid_high,log_buyern_1_total_value,0.543705872434739,0.355558935315498,1,1
seller_N_gaspaid_high,log_buyern_1_rolling_avg_value_last10,-0.0349018421519183,0.0243965924848943,0,0
seller_N_gaspaid_high,log_sellern_1_total_value,0.267950385418137,0.108111969039465,1,0
seller_N_gaspaid_high,log_sellern_1_rolling_avg_value_last10,0.210988755873425,0.0894232347565871,0,0
seller_N_gaspaid_high,log_unique_makers_count,0.386341210622825,0.242423389761438,1,0
seller_N_gaspaid_high,log_median_offer_price,0.0379499675486659,0.0440240653049603,0,0
seller_N_gaspaid_high,log_buyern_avg_total_gaspaid,0.370269295591559,0.179785154122669,1,0
seller_N_gaspaid_high,log_buyern_1_avg_total_gaspaid,0.421020117551413,0.260598694942999,1,1
seller_N_gaspaid_high,log_sellern_1_avg_total_gaspaid,0.513192895439858,0.178638738884049,1,0
seller_N_gaspaid_high,log_buyern_avg_gasLimit_cost,-0.161021852281035,-0.0478780444145351,0,0
seller_N_gaspaid_high,log_buyern_1_avg_gasLimit_cost,-0.363465948490275,-0.180634291717593,1,0
seller_N_gaspaid_high,log_sellern_avg_gasLimit_cost,1.53668443685589,1.22428182403358,1,1
seller_N_gaspaid_high,log_sellern_1_avg_gasLimit_cost,0.326847395028106,0.0836915611932244,0,0
seller_N_gaspaid_high,`time_n_sale_str_2021-06`,0.06922978956487,0.108455718702817,1,0
seller_N_gaspaid_high,`time_n_sale_str_2021-07`,0.0546222172094191,0.0913354805099275,0,0
seller_N_gaspaid_high,`time_n_sale_str_2021-08`,0.0703320266804657,0.118473152058044,1,0
seller_N_gaspaid_high,`time_n_sale_str_2021-09`,0.0581465110125974,0.0928605515084798,0,0
seller_N_gaspaid_high,`time_n_sale_str_2021-10`,0.00762854183514312,0.0446207683986119,0,0
seller_N_gaspaid_high,`time_n_sale_str_2021-11`,-0.00114995245560711,0.041067723963436,0,0
seller_N_gaspaid_high,`time_n_sale_str_2021-12`,-0.109150901080561,-0.0763961479370075,0,0
seller_N_gaspaid_high,`time_n_sale_str_2022-01`,-0.0998503225923316,-0.0486858901951684,0,0
seller_N_gaspaid_high,`time_n_sale_str_2022-02`,-0.129664346954404,-0.10437618837897,1,0
seller_N_gaspaid_high,`time_n_sale_str_2022-03`,-0.141219548677549,-0.106512013777103,1,0
seller_N_gaspaid_high,`time_n_sale_str_2022-04`,-0.167042749156724,-0.136455852911981,1,0
seller_N_gaspaid_high,`time_n_sale_str_2022-05`,-0.162953059578485,-0.126843955128194,1,0
seller_N_gaspaid_high,`time_n_sale_str_2022-06`,-0.0596696659726584,-0.0209964473915935,0,0
seller_N_gaspaid_high,`time_n_sale_str_2022-07`,-0.0113370636717256,0.0175995235426626,0,0
seller_N_gaspaid_high,`time_n_sale_str_2022-08`,-0.0557276313557275,-0.022722001141164,0,0
seller_N_gaspaid_high,`time_n_sale_str_2022-09`,-0.0167894730237053,0.0113662340314501,0,0
seller_N_gaspaid_high,`time_n_sale_str_2022-10`,-0.00753768574588265,0.0144220177199288,0,0
seller_N_gaspaid_high,`time_n_sale_str_2022-11`,-0.0480314093907311,-0.0149402339047475,0,0
seller_N_gaspaid_high,`time_n_sale_str_2022-12`,-0.0198492263886996,0.00307802024740853,0,0
seller_N_gaspaid_high,`time_n_sale_str_2023-01`,-0.0770421088558829,-0.0530802236613454,0,0
seller_N_gaspaid_high,`time_n_sale_str_2023-02`,-0.0851276845574388,-0.0654260145467705,0,0
seller_N_gaspaid_high,`time_n_sale_str_2023-03`,-0.0912769227500073,-0.0686170530035589,0,0
seller_N_gaspaid_high,`time_n_sale_str_2023-04`,-0.151831925628916,-0.136610465242019,1,0
seller_N_gaspaid_high,`time_n_sale_str_2023-05`,-0.0760528079586984,-0.0584508441698606,0,0
seller_N_gaspaid_high,`time_n_sale_str_2023-06`,0.104577935118939,0.0682519521930925,0,0
seller_N_gaspaid_high,`time_n_sale_str_2023-07`,-0.0577762262903742,-0.0263403732862823,0,0
seller_N_gaspaid_high,`time_n_sale_str_2023-08`,-0.0557276313557277,-0.022722001141164,0,0
seller_N_gaspaid_high,`time_n_sale_str_2023-09`,0.0123861512788853,0.0298109138778874,0,0
seller_N_gaspaid_high,`time_n_sale_str_2023-10`,-0.0501085743027781,-0.0312894057709601,0,0
seller_N_gaspaid_high,`time_n_sale_str_2023-11`,0.0521247689060233,0.00187708337338458,0,0
seller_N_gaspaid_high,`time_n_sale_str_2023-12`,0.0573504556687673,-0.0668766193876725,0,0
seller_N_gaspaid_high,`time_n_sale_str_2024-01`,0.289851775176418,0.106108347230628,1,0
seller_N_gaspaid_high,`time_n_sale_str_2024-02`,0.0748034263382981,-0.00355075680949742,0,0
seller_N_gaspaid_high,`time_n_sale_str_2024-03`,0.141287239208858,0.120126251484922,1,0
seller_N_gaspaid_high,`time_n_sale_str_2024-04`,0.145360378432399,0.0169404275634944,0,0
seller_N_gaspaid_high,`time_n_sale_str_2024-05`,0.17077417292087,0.127396158658778,1,0
seller_N_gaspaid_high,`time_n_sale_str_2024-06`,0.09827958195271,0.058430411906076,0,0
seller_N_gaspaid_high,`time_n_sale_str_2024-07`,0.0154133555886733,0.0360469558925226,0,0
seller_N_gaspaid_high,`time_n_sale_str_2024-08`,-0.0234432147733265,-0.0011768427229905,0,0
seller_N_gaspaid_high,`time_n_sale_str_2024-09`,0.0166414879347495,0.0249442948650801,0,0
seller_N_gaspaid_high,`time_n_sale_str_2024-10`,0.0388375597088262,0.0525848804438414,0,0
seller_N_gaspaid_high,`time_n_sale_str_2024-11`,-0.100218703019343,-0.0692658798173524,0,0
seller_N_gaspaid_high,`time_n_sale_str_2024-12`,-0.0620178639785757,-0.0248509696945848,0,0
seller_N_gaspaid_high,`time_n_sale_str_2025-01`,-0.00916518623423595,0.00977479628680491,0,0
seller_N_gaspaid_high,`time_n_sale_str_2025-02`,-0.0704741576193236,-0.0430712685547104,0,0
seller_N_gaspaid_high,`time_n_sale_str_2025-03`,-0.0338575451006522,-0.0130758563070412,0,0
seller_N_gaspaid_high,`time_n-1_sale_str_2021-06`,-0.0902688093482933,-0.01021853951203,0,0
seller_N_gaspaid_high,`time_n-1_sale_str_2021-07`,-0.139434338247559,-0.0888376188970329,0,0
seller_N_gaspaid_high,`time_n-1_sale_str_2021-08`,-0.126391145871646,-0.0554223600066934,0,0
seller_N_gaspaid_high,`time_n-1_sale_str_2021-09`,-0.0911840139943106,-0.0587500440848215,0,0
seller_N_gaspaid_high,`time_n-1_sale_str_2021-10`,-0.0750979308658279,-0.0430712685547104,0,0
seller_N_gaspaid_high,`time_n-1_sale_str_2021-11`,-0.130459855341559,-0.102688799824169,1,0
seller_N_gaspaid_high,`time_n-1_sale_str_2021-12`,-0.0723169302480049,-0.0431941876223987,0,0
seller_N_gaspaid_high,`time_n-1_sale_str_2022-01`,-0.103079520758511,-0.0650435703261738,0,0
seller_N_gaspaid_high,`time_n-1_sale_str_2022-02`,-0.122186164274707,-0.110288360815591,1,0
seller_N_gaspaid_high,`time_n-1_sale_str_2022-03`,-0.123824890097271,-0.100165377268583,1,0
seller_N_gaspaid_high,`time_n-1_sale_str_2022-04`,-0.109026147038473,-0.0878632636028412,0,0
seller_N_gaspaid_high,`time_n-1_sale_str_2022-05`,-0.0471706989937708,-0.0169174490063166,0,0
seller_N_gaspaid_high,`time_n-1_sale_str_2022-06`,-0.111376958384231,-0.0847368138570612,0,0
seller_N_gaspaid_high,`time_n-1_sale_str_2022-07`,-0.0719075386452356,-0.0497579861826782,0,0
seller_N_gaspaid_high,`time_n-1_sale_str_2022-08`,-0.0723407576699612,-0.0456322926649348,0,0
seller_N_gaspaid_high,`time_n-1_sale_str_2022-09`,-0.0371158092176364,-0.0143350561495934,0,0
seller_N_gaspaid_high,`time_n-1_sale_str_2022-10`,-0.000509720527922745,0.0181755796101215,0,0
seller_N_gaspaid_high,`time_n-1_sale_str_2022-11`,-0.0118584014752509,0.0154965439593708,0,0
seller_N_gaspaid_high,`time_n-1_sale_str_2022-12`,-0.0544564039813614,-0.0329537583634363,0,0
seller_N_gaspaid_high,`time_n-1_sale_str_2023-01`,-0.0471446021282551,-0.0276706748606681,0,0
seller_N_gaspaid_high,`time_n-1_sale_str_2023-02`,-0.0933015626228827,-0.077508663073229,0,0
seller_N_gaspaid_high,`time_n-1_sale_str_2023-03`,-0.0577926170286692,-0.0353421511847656,0,0
seller_N_gaspaid_high,`time_n-1_sale_str_2023-04`,-0.123508238713343,-0.107369070461334,1,0
seller_N_gaspaid_high,`time_n-1_sale_str_2023-05`,-0.122749792516974,-0.114471171268252,1,0
seller_N_gaspaid_high,`time_n-1_sale_str_2023-06`,0.154507210791868,0.130764224097487,1,0
seller_N_gaspaid_high,`time_n-1_sale_str_2023-07`,0.0300180175180363,0.056715775225619,0,0
seller_N_gaspaid_high,`time_n-1_sale_str_2023-08`,-0.00582506581708359,0.0253258933090826,0,0
seller_N_gaspaid_high,`time_n-1_sale_str_2023-09`,-0.015417326395098,-0.00475231694189029,0,0
seller_N_gaspaid_high,`time_n-1_sale_str_2023-10`,-0.0238395108163256,-0.0202878178622205,0,0
seller_N_gaspaid_high,`time_n-1_sale_str_2023-11`,0.0899563980902894,0.0563279164166672,0,0
seller_N_gaspaid_high,`time_n-1_sale_str_2023-12`,0.207327697438046,0.124420057087852,1,0
seller_N_gaspaid_high,`time_n-1_sale_str_2024-01`,0.325816676402094,0.112662572787566,1,0
seller_N_gaspaid_high,`time_n-1_sale_str_2024-02`,0.160003182542453,0.0719994294295198,0,0
seller_N_gaspaid_high,`time_n-1_sale_str_2024-03`,0.217342979642084,0.16560719614052,1,0
seller_N_gaspaid_high,`time_n-1_sale_str_2024-04`,0.249475110369314,0.126728063670828,1,0
seller_N_gaspaid_high,`time_n-1_sale_str_2024-05`,0.176771145803483,0.112152103758876,1,0
seller_N_gaspaid_high,`time_n-1_sale_str_2024-06`,0.0826130192124128,0.0414112543183446,0,0
seller_N_gaspaid_high,`time_n-1_sale_str_2024-07`,0.0858567451339154,0.108525561909494,1,0
seller_N_gaspaid_high,`time_n-1_sale_str_2024-08`,0.038635946980575,0.0443318136044267,0,0
seller_N_gaspaid_high,`time_n-1_sale_str_2024-09`,0.0118904972504089,0.0304482781401182,0,0
seller_N_gaspaid_high,`time_n-1_sale_str_2024-10`,0.0265901463205335,0.0257707043891307,0,0
seller_N_gaspaid_high,`time_n-1_sale_str_2024-11`,-0.0281778050395512,-0.00684475240945338,0,0
seller_N_gaspaid_high,`time_n-1_sale_str_2024-12`,0.08795491421139,0.10762329298676,1,0
seller_N_gaspaid_high,`time_n-1_sale_str_2025-01`,0.126059516261513,0.13707658942076,1,0
seller_N_gaspaid_high,`time_n-1_sale_str_2025-02`,-0.0502692417845806,-0.0361152719103313,0,0
seller_N_gaspaid_high,`time_n-1_sale_str_2025-03`,0.0145404459358915,0.0257158678016004,0,0
seller_N_gaspaid_high,`Background_recoded_Army Green`,0.0540045348727254,0.0441922892818829,0,0
seller_N_gaspaid_high,Background_recoded_Blue,-0.0410056697545526,-0.0401329247382005,0,0
seller_N_gaspaid_high,Background_recoded_Gray,-0.0412663365568758,-0.0314146186423824,0,0
seller_N_gaspaid_high,`Background_recoded_New Punk Blue`,-0.0127414426876176,-0.00727791965123938,0,0
seller_N_gaspaid_high,Background_recoded_Orange,-0.0210460317103297,-0.00500232643566071,0,0
seller_N_gaspaid_high,Background_recoded_Purple,0.0518840060286522,0.0406556759648654,0,0
seller_N_gaspaid_high,Background_recoded_Yellow,-0.0062319203062197,-0.0270454312582427,0,0
seller_N_gaspaid_high,`Clothes_recoded_Bayc T Black`,-0.0798874659578253,-0.0692749816045662,0,0
seller_N_gaspaid_high,`Clothes_recoded_Bayc T Red`,-0.0853141690682338,-0.0686170530035592,0,0
seller_N_gaspaid_high,`Clothes_recoded_Biker Vest`,0.105674154094915,0.0926665445673263,0,0
seller_N_gaspaid_high,`Clothes_recoded_Black Holes T`,-0.0122015360066317,-0.0206318819586187,0,0
seller_N_gaspaid_high,`Clothes_recoded_Black T`,-0.00756388043622032,0.00706572334673917,0,0
seller_N_gaspaid_high,`Clothes_recoded_Bone Necklace`,-0.044086523034164,-0.0602077273876506,0,0
seller_N_gaspaid_high,`Clothes_recoded_Bone Tee`,0.0519394651417727,0.0300607373043851,0,0
seller_N_gaspaid_high,`Clothes_recoded_Caveman Pelt`,0.0778415290560292,0.0764269291399288,0,0
seller_N_gaspaid_high,`Clothes_recoded_Cowboy Shirt`,0.0258651326288305,0.0265724467642853,0,0
seller_N_gaspaid_high,Clothes_recoded_Guayabera,-0.0122015360066317,-0.0412932119486094,0,0
seller_N_gaspaid_high,Clothes_recoded_Hawaiian,0.0120009049428099,0.00475231025557878,0,0
seller_N_gaspaid_high,`Clothes_recoded_Hip Hop`,-0.0738061529499589,-0.0479798768069378,0,0
seller_N_gaspaid_high,`Clothes_recoded_Lab Coat`,-0.00582506581708362,0.0013031901345937,0,0
seller_N_gaspaid_high,`Clothes_recoded_Leather Jacket`,-0.0144463332434906,-0.00828622710417295,0,0
seller_N_gaspaid_high,`Clothes_recoded_Leather Punk Jacket`,-0.0938399380140914,-0.092613508898015,0,0
seller_N_gaspaid_high,`Clothes_recoded_Lumberjack Shirt`,-0.00835375806720651,-0.0179512733659002,0,0
seller_N_gaspaid_high,`Clothes_recoded_Navy Striped Tee`,-0.0610677407293511,-0.0757505770037665,0,0
seller_N_gaspaid_high,Clothes_recoded_No_Clothes,0.0148643781342905,0.02308239620339,0,0
seller_N_gaspaid_high,Clothes_recoded_Other_Clothes,-0.0378175044439247,0.00036643006302526,0,0
seller_N_gaspaid_high,`Clothes_recoded_Prison Jumpsuit`,0.0887666156102173,0.067938068831542,0,0
seller_N_gaspaid_high,`Clothes_recoded_Prom Dress`,0.0300180175180365,0.0209640712925746,0,0
seller_N_gaspaid_high,`Clothes_recoded_Puffy Vest`,0.0172146548959746,0.0318015885504671,0,0
seller_N_gaspaid_high,`Clothes_recoded_Rainbow Suspenders`,-0.0480550701281095,-0.0644482103654297,0,0
seller_N_gaspaid_high,`Clothes_recoded_Sailor Shirt`,0.0604481947937851,0.059016084364404,0,0
seller_N_gaspaid_high,Clothes_recoded_Service,0.0394960925922346,0.0493833192608158,0,0
seller_N_gaspaid_high,`Clothes_recoded_Sleeveless Logo T`,-0.0401700905956507,-0.0305675215932743,0,0
seller_N_gaspaid_high,`Clothes_recoded_Sleeveless T`,-0.00822845197121256,-0.0201499820884838,0,0
seller_N_gaspaid_high,`Clothes_recoded_Smoking Jacket`,-0.0278245600482599,-0.0541676562483458,0,0
seller_N_gaspaid_high,`Clothes_recoded_Striped Tee`,0.0656168161155775,0.0579613329772877,0,0
seller_N_gaspaid_high,`Clothes_recoded_Stunt Jacket`,0.0421350734207543,0.0528668123849516,0,0
seller_N_gaspaid_high,Clothes_recoded_Tanktop,0.0197484578819406,0.0214152461371103,0,0
seller_N_gaspaid_high,`Clothes_recoded_Tie Dye`,-0.00092350264853401,-0.000693599447385996,0,0
seller_N_gaspaid_high,Clothes_recoded_Toga,0.0169877234193356,0.000256168134335427,0,0
seller_N_gaspaid_high,`Clothes_recoded_Tuxedo Tee`,-0.0218114734231874,-0.0152190332158784,0,0
seller_N_gaspaid_high,`Clothes_recoded_Tweed Suit`,-0.0154605952831594,-0.014748733259018,0,0
seller_N_gaspaid_high,`Clothes_recoded_Vietnam Jacket`,0.0174496435143975,0.0266301852491736,0,0
seller_N_gaspaid_high,`Clothes_recoded_Wool Turtleneck`,-0.0362010895775316,-0.0152190332158784,0,0
seller_N_gaspaid_high,`Clothes_recoded_Work Vest`,-0.0349397849910766,-0.0452728604689359,0,0
seller_N_gaspaid_high,`Earring_recoded_Diamond Stud`,-0.0594921421216144,-0.0430917349795036,0,0
seller_N_gaspaid_high,`Earring_recoded_Gold Hoop`,-0.0229465579689789,-0.0269201289160496,0,0
seller_N_gaspaid_high,`Earring_recoded_Gold Stud`,-0.0804816242647264,-0.04478553155818,0,0
seller_N_gaspaid_high,Earring_recoded_No_Earring,0.0728755014484232,0.0465795807282771,0,0
seller_N_gaspaid_high,`Earring_recoded_Silver Hoop`,-0.015933072028036,-0.0353571101135349,0,0
seller_N_gaspaid_high,`Earring_recoded_Silver Stud`,0.0300676353840885,0.0521436477649998,0,0
seller_N_gaspaid_high,Eyes_recoded_Angry,-0.0475590859338558,-0.0540454533789148,0,0
seller_N_gaspaid_high,Eyes_recoded_Blindfold,0.0877460422560939,0.0813331351272989,0,0
seller_N_gaspaid_high,Eyes_recoded_Bloodshot,0.0380203372497855,0.0185966440050185,0,0
seller_N_gaspaid_high,Eyes_recoded_Bored,-0.0453785496954983,-0.00812365984345276,0,0
seller_N_gaspaid_high,Eyes_recoded_Closed,0.049930654798275,-0.0112109389730172,0,0
seller_N_gaspaid_high,Eyes_recoded_Coins,0.0160239229715371,-0.0295158668918164,0,0
seller_N_gaspaid_high,Eyes_recoded_Crazy,0.0740238425809854,0.0449979998894363,0,0
seller_N_gaspaid_high,Eyes_recoded_Eyepatch,0.0401518905043079,0.0532265739712581,0,0
seller_N_gaspaid_high,Eyes_recoded_Heart,-0.0767834660450958,-0.0309201646501354,0,0
seller_N_gaspaid_high,Eyes_recoded_Holographic,-0.0463368551252572,-0.0270415644576859,0,0
seller_N_gaspaid_high,Eyes_recoded_Hypnotized,0.00295842494127722,-0.00160598712671139,0,0
seller_N_gaspaid_high,Eyes_recoded_Other_Eyes,0.00311005322476209,0.0366357348395291,0,0
seller_N_gaspaid_high,Eyes_recoded_Robot,-0.0109359852708956,0.0233370941402571,0,0
seller_N_gaspaid_high,Eyes_recoded_Sad,-0.0133637972507069,-0.00579418966918777,0,0
seller_N_gaspaid_high,Eyes_recoded_Scumbag,-0.00509087316394263,0.0147346304142044,0,0
seller_N_gaspaid_high,Eyes_recoded_Sleepy,0.021179365307239,0.00144453884761069,0,0
seller_N_gaspaid_high,Eyes_recoded_Sunglasses,-0.090404753501283,-0.0733620503742592,0,0
seller_N_gaspaid_high,`Eyes_recoded_Wide Eyed`,-0.0186054530062195,-0.00686165498034021,0,0
seller_N_gaspaid_high,`Eyes_recoded_X Eyes`,-0.00131558222332078,-0.0417963861124556,0,0
seller_N_gaspaid_high,Eyes_recoded_Zombie,0.0364461154141861,0.0577286991495565,0,0
seller_N_gaspaid_high,Fur_recoded_Blue,0.0163448397002281,0.00939103106286774,0,0
seller_N_gaspaid_high,Fur_recoded_Brown,0.0663942110299239,0.0312315522083504,0,0
seller_N_gaspaid_high,Fur_recoded_Cheetah,-0.0287704532028703,0.00729909301677885,0,0
seller_N_gaspaid_high,Fur_recoded_Cream,0.0246165782568223,0.00168911673058012,0,0
seller_N_gaspaid_high,`Fur_recoded_Dark Brown`,0.0112411109953023,0.0162602315785787,0,0
seller_N_gaspaid_high,`Fur_recoded_Death Bot`,-0.0736992171133276,-0.0430917349795034,0,0
seller_N_gaspaid_high,Fur_recoded_Dmt,0.0116084804717677,0.0254795601520622,0,0
seller_N_gaspaid_high,`Fur_recoded_Golden Brown`,0.0134443522063225,0.0177211345001034,0,0
seller_N_gaspaid_high,Fur_recoded_Gray,-0.0167341706009126,-0.0203595485563169,0,0
seller_N_gaspaid_high,Fur_recoded_Noise,-0.0144463332434905,0.0194806359897362,0,0
seller_N_gaspaid_high,Fur_recoded_Other_Fur,-0.0562391605118855,-0.0358319212863497,0,0
seller_N_gaspaid_high,Fur_recoded_Pink,0.000590792307616205,0.000564985498310253,0,0
seller_N_gaspaid_high,Fur_recoded_Red,0.0692057194462318,0.0548720946959769,0,0
seller_N_gaspaid_high,Fur_recoded_Robot,-0.049029599731286,-0.0234843114747113,0,0
seller_N_gaspaid_high,Fur_recoded_Tan,-0.0512482200671092,-0.0709829924157163,0,0
seller_N_gaspaid_high,Fur_recoded_White,-0.0152817396949026,-0.00392597734094749,0,0
seller_N_gaspaid_high,Fur_recoded_Zombie,-0.0181525095991862,-0.0185326069653816,0,0
seller_N_gaspaid_high,`Hat_recoded_Baby's Bonnet`,-0.0134665297264856,-0.00693579861491448,0,0
seller_N_gaspaid_high,`Hat_recoded_Bayc Flipped Brim`,-0.087838712831643,-0.0553400300162345,0,0
seller_N_gaspaid_high,`Hat_recoded_Bayc Hat Black`,-0.035452664871615,-0.00125742715147359,0,0
seller_N_gaspaid_high,`Hat_recoded_Bayc Hat Red`,-0.0429195685406991,-0.016578591365985,0,0
seller_N_gaspaid_high,Hat_recoded_Beanie,-0.0233888338745869,-0.0345293118933784,0,0
seller_N_gaspaid_high,Hat_recoded_Bowler,0.0115980770728063,0.00746677305598901,0,0
seller_N_gaspaid_high,`Hat_recoded_Bunny Ears`,0.0341508466713082,0.036635734839529,0,0
seller_N_gaspaid_high,`Hat_recoded_Commie Hat`,-0.0377475110600691,-0.0295740225371601,0,0
seller_N_gaspaid_high,`Hat_recoded_Cowboy Hat`,0.0402665539831323,0.0271540834305973,0,0
seller_N_gaspaid_high,`Hat_recoded_Faux Hawk`,-0.0223846122486097,-0.00846289591193628,0,0
seller_N_gaspaid_high,Hat_recoded_Fez,0.0612989290884174,0.0537067396943272,0,0
seller_N_gaspaid_high,`Hat_recoded_Fisherman's Hat`,0.0461668935967168,0.038553571989853,0,0
seller_N_gaspaid_high,`Hat_recoded_Girl's Hair Pink`,0.053823448436622,0.067609408936511,0,0
seller_N_gaspaid_high,`Hat_recoded_Girl's Hair Short`,0.031152541466705,0.00754470474570984,0,0
seller_N_gaspaid_high,Hat_recoded_Halo,0.00443875229806529,0.0206227171977018,0,0
seller_N_gaspaid_high,Hat_recoded_Horns,-0.00461884813895167,-0.0417963861124556,0,0
seller_N_gaspaid_high,`Hat_recoded_Irish Boho`,0.00958016868236536,-0.00715536515301287,0,0
seller_N_gaspaid_high,Hat_recoded_No_Hat,-0.0186374410443035,-0.00493429956870079,0,0
seller_N_gaspaid_high,Hat_recoded_Other_Hat,-0.0487989852480236,-0.0203251774448989,0,0
seller_N_gaspaid_high,`Hat_recoded_Party Hat 1`,-0.021383044374803,-0.00511259836514738,0,0
seller_N_gaspaid_high,`Hat_recoded_Police Motorcycle Helmet`,0.0219823861761783,-0.00356776863117553,0,0
seller_N_gaspaid_high,`Hat_recoded_Prussian Helmet`,-0.0197649184279651,-0.01759803252317,0,0
seller_N_gaspaid_high,`Hat_recoded_S&m Hat`,0.0535738358496778,0.0367832671568641,0,0
seller_N_gaspaid_high,Hat_recoded_Safari,-0.0132991025164205,-0.0392499121503324,0,0
seller_N_gaspaid_high,`Hat_recoded_Sea Captain's Hat`,-0.079676817376714,-0.0623262698215346,0,0
seller_N_gaspaid_high,`Hat_recoded_Seaman's Hat`,0.00906471433532483,0.00921463522813451,0,0
seller_N_gaspaid_high,`Hat_recoded_Short Mohawk`,0.0477906703118648,0.0432412869292824,0,0
seller_N_gaspaid_high,`Hat_recoded_Spinner Hat`,-0.0238395108163254,-0.00249050925516045,0,0
seller_N_gaspaid_high,`Hat_recoded_Stuntman Helmet`,0.0419913473954364,0.0460949426286043,0,0
seller_N_gaspaid_high,`Hat_recoded_Sushi Chef Headband`,-0.0172715015778228,-0.0259027768668697,0,0
seller_N_gaspaid_high,`Hat_recoded_Vietnam Era Helmet`,0.0500270060607046,0.0428599425942983,0,0
seller_N_gaspaid_high,`Hat_recoded_Ww2 Pilot Helm`,0.00438223059870804,-0.0251204844445292,0,0
seller_N_gaspaid_high,`Mouth_recoded_Bored Bubblegum`,-0.0171903701279202,0.00355922199060038,0,0
seller_N_gaspaid_high,`Mouth_recoded_Bored Cigar`,-0.0167894730237054,-0.00165169765194126,0,0
seller_N_gaspaid_high,`Mouth_recoded_Bored Cigarette`,-0.0168103342374851,-0.0401983209643286,0,0
seller_N_gaspaid_high,`Mouth_recoded_Bored Pipe`,-0.0639809652860914,-0.0620110735565784,0,0
seller_N_gaspaid_high,`Mouth_recoded_Bored Unshaven`,0.024109998051983,0.0474948481393014,0,0
seller_N_gaspaid_high,`Mouth_recoded_Bored Unshaven Cigar`,-0.0476195649311331,-0.0281208443441358,0,0
seller_N_gaspaid_high,`Mouth_recoded_Bored Unshaven Cigarette`,-0.0146718027466741,-0.0311072022140166,0,0
seller_N_gaspaid_high,Mouth_recoded_Discomfort,0.025229795949322,-0.00438408503076654,0,0
seller_N_gaspaid_high,Mouth_recoded_Dumbfounded,-0.00661726098725269,-0.0225384647294522,0,0
seller_N_gaspaid_high,Mouth_recoded_Grin,0.0344573311886765,0.0598893558142412,0,0
seller_N_gaspaid_high,Mouth_recoded_Jovial,-0.0458620298844929,-0.0760785700404985,0,0
seller_N_gaspaid_high,Mouth_recoded_Other_Mouth,-0.0168934203262825,0.044237961981585,0,0
seller_N_gaspaid_high,`Mouth_recoded_Phoneme  ooo`,0.0329986690270547,0.00340648109438486,0,0
seller_N_gaspaid_high,`Mouth_recoded_Phoneme L`,0.00575844192412763,-0.0179512733659003,0,0
seller_N_gaspaid_high,`Mouth_recoded_Phoneme Oh`,-0.0161229839929326,-0.0323708644438479,0,0
seller_N_gaspaid_high,`Mouth_recoded_Phoneme Vuh`,0.0220021597476794,0.0117032187899609,0,0
seller_N_gaspaid_high,`Mouth_recoded_Phoneme Wah`,-0.0238395108163256,-0.00249050925516046,0,0
seller_N_gaspaid_high,Mouth_recoded_Rage,-0.0144924281762738,-0.0435246524475831,0,0
seller_N_gaspaid_high,`Mouth_recoded_Small Grin`,0.0319632109283597,0.00185499560347915,0,0
seller_N_gaspaid_high,`Mouth_recoded_Tongue Out`,0.0414281423956904,0.0329583124606726,0,0
seller_N_gaspaid_high,`log_price_change_n-1`,-0.249704642952725,-0.164672897012201,1,0
seller_N_1_gaspaid_high,log_price_1_sale,-0.0152010115977357,-0.0302765297089225,0,0
seller_N_1_gaspaid_high,sold_after_30d,-0.295807345447948,-0.00297208104987849,0,0
seller_N_1_gaspaid_high,log_buyern_total_value,0.259200668803804,0.104957760392058,1,0
seller_N_1_gaspaid_high,log_buyern_rolling_avg_value_last10,-0.122259262214066,-0.0254645913413592,0,0
seller_N_1_gaspaid_high,log_sellern_total_value,0.216187542005757,0.0436997797990035,0,0
seller_N_1_gaspaid_high,log_sellern_rolling_avg_value_last10,-0.0559843899466166,-0.113426724790919,1,0
seller_N_1_gaspaid_high,log_buyern_1_total_value,0.182933686991983,-0.0312493966061621,0,0
seller_N_1_gaspaid_high,log_buyern_1_rolling_avg_value_last10,-0.210900720550705,-0.154124454722364,1,0
seller_N_1_gaspaid_high,log_sellern_1_total_value,1.37519509023703,1.29085428651502,1,1
seller_N_1_gaspaid_high,log_sellern_1_rolling_avg_value_last10,0.0428751334652223,-0.0812475989686937,0,0
seller_N_1_gaspaid_high,log_unique_makers_count,0.116185801199699,-0.0565002606346355,0,0
seller_N_1_gaspaid_high,log_median_offer_price,-0.183880712310138,-0.212631013354145,1,0
seller_N_1_gaspaid_high,log_buyern_avg_total_gaspaid,0.257260829019793,0.0822524160689354,0,0
seller_N_1_gaspaid_high,log_buyern_1_avg_total_gaspaid,0.330645888637681,0.157604464431992,1,0
seller_N_1_gaspaid_high,log_sellern_avg_total_gaspaid,0.562168360664353,0.206984050847112,1,0
seller_N_1_gaspaid_high,log_buyern_avg_gasLimit_cost,-0.09242260222885,0.00926423082683639,0,0
seller_N_1_gaspaid_high,log_buyern_1_avg_gasLimit_cost,-0.201254836304498,-0.0224348054521986,0,0
seller_N_1_gaspaid_high,log_sellern_avg_gasLimit_cost,0.510971569637898,0.186535939100212,1,0
seller_N_1_gaspaid_high,log_sellern_1_avg_gasLimit_cost,1.55428913911661,1.3596173133214,1,1
seller_N_1_gaspaid_high,`time_n_sale_str_2021-06`,0.0526141052610738,0.0874211218801858,0,0
seller_N_1_gaspaid_high,`time_n_sale_str_2021-07`,0.0185011499107296,0.0500657808051402,0,0
seller_N_1_gaspaid_high,`time_n_sale_str_2021-08`,-0.00714659727630716,0.0323845674174349,0,0
seller_N_1_gaspaid_high,`time_n_sale_str_2021-09`,0.0688281155828854,0.100403099928079,1,0
seller_N_1_gaspaid_high,`time_n_sale_str_2021-10`,0.0172427376158831,0.0510615111533326,0,0
seller_N_1_gaspaid_high,`time_n_sale_str_2021-11`,-0.037441334126259,-0.00190194289381585,0,0
seller_N_1_gaspaid_high,`time_n_sale_str_2021-12`,-0.0707397969439988,-0.0376597843438919,0,0
seller_N_1_gaspaid_high,`time_n_sale_str_2022-01`,-0.0272680293529962,0.0243912236689986,0,0
seller_N_1_gaspaid_high,`time_n_sale_str_2022-02`,-0.0788029815062103,-0.0506624224859474,0,0
seller_N_1_gaspaid_high,`time_n_sale_str_2022-03`,-0.0399145897444181,0.00052660288801702,0,0
seller_N_1_gaspaid_high,`time_n_sale_str_2022-04`,-0.0776636618435327,-0.0409354905704182,0,0
seller_N_1_gaspaid_high,`time_n_sale_str_2022-05`,-0.0620075103865676,-0.0198748693845406,0,0
seller_N_1_gaspaid_high,`time_n_sale_str_2022-06`,-0.131877088310772,-0.104164583268731,1,0
seller_N_1_gaspaid_high,`time_n_sale_str_2022-07`,-0.0421264001269477,-0.0183846683797832,0,0
seller_N_1_gaspaid_high,`time_n_sale_str_2022-08`,-0.130739042771757,-0.108811876849273,1,0
seller_N_1_gaspaid_high,`time_n_sale_str_2022-09`,-0.0373232251018625,-0.0135318795936609,0,0
seller_N_1_gaspaid_high,`time_n_sale_str_2022-10`,-0.0762466893279131,-0.0628217799770709,0,0
seller_N_1_gaspaid_high,`time_n_sale_str_2022-11`,-0.107044128930426,-0.0829660920691942,0,0
seller_N_1_gaspaid_high,`time_n_sale_str_2022-12`,-0.0191900422244896,0.00147885808252222,0,0
seller_N_1_gaspaid_high,`time_n_sale_str_2023-01`,-0.0864368334659641,-0.065928047942112,0,0
seller_N_1_gaspaid_high,`time_n_sale_str_2023-02`,-0.00562425236242801,0.0190295829887131,0,0
seller_N_1_gaspaid_high,`time_n_sale_str_2023-03`,-0.0301379172015624,-0.00410295896547234,0,0
seller_N_1_gaspaid_high,`time_n_sale_str_2023-04`,-0.0632311975287474,-0.0390225652435193,0,0
seller_N_1_gaspaid_high,`time_n_sale_str_2023-05`,-0.0628509734721738,-0.0456190134783896,0,0
seller_N_1_gaspaid_high,`time_n_sale_str_2023-06`,0.11263514612876,0.0971465175449043,0,0
seller_N_1_gaspaid_high,`time_n_sale_str_2023-07`,0.0565721214468526,0.0851621881474319,0,0
seller_N_1_gaspaid_high,`time_n_sale_str_2023-08`,0.0210431729246288,0.0558885977889121,0,0
seller_N_1_gaspaid_high,`time_n_sale_str_2023-09`,0.0391114765068545,0.0558723188586476,0,0
seller_N_1_gaspaid_high,`time_n_sale_str_2023-10`,-0.0263682646922956,-0.00859886824532787,0,0
seller_N_1_gaspaid_high,`time_n_sale_str_2023-11`,0.0960590519872556,0.0563113291961609,0,0
seller_N_1_gaspaid_high,`time_n_sale_str_2023-12`,0.0951456090256341,0.00644605615174438,0,0
seller_N_1_gaspaid_high,`time_n_sale_str_2024-01`,0.244137549607968,0.0664507693921661,0,0
seller_N_1_gaspaid_high,`time_n_sale_str_2024-02`,0.065009980109416,-0.0088082437057754,0,0
seller_N_1_gaspaid_high,`time_n_sale_str_2024-03`,0.085830396299498,0.0647355721305646,0,0
seller_N_1_gaspaid_high,`time_n_sale_str_2024-04`,0.167148242473883,0.0434413796385313,0,0
seller_N_1_gaspaid_high,`time_n_sale_str_2024-05`,0.123535250636654,0.0515990158269919,0,0
seller_N_1_gaspaid_high,`time_n_sale_str_2024-06`,0.0257393700027367,-0.0249820715057742,0,0
seller_N_1_gaspaid_high,`time_n_sale_str_2024-07`,-0.0493754415661823,-0.0235272365112516,0,0
seller_N_1_gaspaid_high,`time_n_sale_str_2024-08`,-0.0224967246467973,0.00210022402998366,0,0
seller_N_1_gaspaid_high,`time_n_sale_str_2024-09`,-0.052132671275224,-0.0395355998468489,0,0
seller_N_1_gaspaid_high,`time_n_sale_str_2024-10`,-0.0309482964827884,-0.0231938728179603,0,0
seller_N_1_gaspaid_high,`time_n_sale_str_2024-11`,-0.0923401507670118,-0.0601357743507032,0,0
seller_N_1_gaspaid_high,`time_n_sale_str_2024-12`,-0.118308325460176,-0.0827154341715654,0,0
seller_N_1_gaspaid_high,`time_n_sale_str_2025-01`,-0.0486570781819209,-0.0378845028820064,0,0
seller_N_1_gaspaid_high,`time_n_sale_str_2025-02`,-0.0776378235204866,-0.0542569017577893,0,0
seller_N_1_gaspaid_high,`time_n_sale_str_2025-03`,-0.0864720393747527,-0.0733344875526299,0,0
seller_N_1_gaspaid_high,`time_n-1_sale_str_2021-06`,0.138922426728485,0.225890520919516,1,0
seller_N_1_gaspaid_high,`time_n-1_sale_str_2021-07`,-0.101287657116334,-0.0523648419398946,0,0
seller_N_1_gaspaid_high,`time_n-1_sale_str_2021-08`,-0.0785816521217157,-0.0109126660817141,0,0
seller_N_1_gaspaid_high,`time_n-1_sale_str_2021-09`,-0.121589518736087,-0.0956743873500939,0,0
seller_N_1_gaspaid_high,`time_n-1_sale_str_2021-10`,-0.12363667676159,-0.0999587165165892,0,0
seller_N_1_gaspaid_high,`time_n-1_sale_str_2021-11`,-0.121589518736088,-0.0956743873500937,0,0
seller_N_1_gaspaid_high,`time_n-1_sale_str_2021-12`,-0.152055015143744,-0.135181697811619,1,0
seller_N_1_gaspaid_high,`time_n-1_sale_str_2022-01`,-0.170154305324025,-0.143377882810491,1,0
seller_N_1_gaspaid_high,`time_n-1_sale_str_2022-02`,-0.109435454062146,-0.0969734078499584,0,0
seller_N_1_gaspaid_high,`time_n-1_sale_str_2022-03`,-0.149437346681728,-0.131521885341086,1,0
seller_N_1_gaspaid_high,`time_n-1_sale_str_2022-04`,-0.137901564750099,-0.122691451903653,1,0
seller_N_1_gaspaid_high,`time_n-1_sale_str_2022-05`,-0.120470403040951,-0.100824068742581,1,0
seller_N_1_gaspaid_high,`time_n-1_sale_str_2022-06`,-0.187449323156329,-0.173655555754449,1,0
seller_N_1_gaspaid_high,`time_n-1_sale_str_2022-07`,-0.0383084236421775,-0.0153019627395776,0,0
seller_N_1_gaspaid_high,`time_n-1_sale_str_2022-08`,-0.119276250508478,-0.10051284689954,1,0
seller_N_1_gaspaid_high,`time_n-1_sale_str_2022-09`,-0.121637693185019,-0.110927895795081,1,0
seller_N_1_gaspaid_high,`time_n-1_sale_str_2022-10`,-0.0497947356714961,-0.0370425893465359,0,0
seller_N_1_gaspaid_high,`time_n-1_sale_str_2022-11`,-0.111097778175364,-0.0962231728151166,0,0
seller_N_1_gaspaid_high,`time_n-1_sale_str_2022-12`,-0.113665871497541,-0.101330133740566,1,0
seller_N_1_gaspaid_high,`time_n-1_sale_str_2023-01`,-0.113153984459031,-0.1037226014616,1,0
seller_N_1_gaspaid_high,`time_n-1_sale_str_2023-02`,-0.0308716156955018,-0.0102818139931688,0,0
seller_N_1_gaspaid_high,`time_n-1_sale_str_2023-03`,-0.0342383188995135,-0.0119921616548788,0,0
seller_N_1_gaspaid_high,`time_n-1_sale_str_2023-04`,-0.0479924645278699,-0.0251007637691486,0,0
seller_N_1_gaspaid_high,`time_n-1_sale_str_2023-05`,-0.0678548584502462,-0.0529639025176046,0,0
seller_N_1_gaspaid_high,`time_n-1_sale_str_2023-06`,0.155730832353094,0.144486772816795,1,0
seller_N_1_gaspaid_high,`time_n-1_sale_str_2023-07`,0.051408782085874,0.0708612748927957,0,0
seller_N_1_gaspaid_high,`time_n-1_sale_str_2023-08`,-0.00496700240328387,0.0231191498969965,0,0
seller_N_1_gaspaid_high,`time_n-1_sale_str_2023-09`,0.0297022846283982,0.0423366323924023,0,0
seller_N_1_gaspaid_high,`time_n-1_sale_str_2023-10`,-0.0504167690138608,-0.0474174177456321,0,0
seller_N_1_gaspaid_high,`time_n-1_sale_str_2023-11`,0.131877245472455,0.101495581498953,1,0
seller_N_1_gaspaid_high,`time_n-1_sale_str_2023-12`,0.118562471719495,0.0135156401203584,0,0
seller_N_1_gaspaid_high,`time_n-1_sale_str_2024-01`,0.266938268067876,0.0477111694565983,0,0
seller_N_1_gaspaid_high,`time_n-1_sale_str_2024-02`,0.0952013183750368,-0.00448189529337544,0,0
seller_N_1_gaspaid_high,`time_n-1_sale_str_2024-03`,0.169780159124483,0.127609512954918,1,0
seller_N_1_gaspaid_high,`time_n-1_sale_str_2024-04`,0.211777139044729,0.0698837839750482,0,0
seller_N_1_gaspaid_high,`time_n-1_sale_str_2024-05`,0.109393818363729,0.00778467614500902,0,0
seller_N_1_gaspaid_high,`time_n-1_sale_str_2024-06`,0.0417688782650801,-0.00146588207296215,0,0
seller_N_1_gaspaid_high,`time_n-1_sale_str_2024-07`,-0.0673960219816758,-0.0496998371169477,0,0
seller_N_1_gaspaid_high,`time_n-1_sale_str_2024-08`,-0.0281239322705116,-0.00503004286850399,0,0
seller_N_1_gaspaid_high,`time_n-1_sale_str_2024-09`,-0.0125642370205613,-0.00633536643657044,0,0
seller_N_1_gaspaid_high,`time_n-1_sale_str_2024-10`,-0.0602151933794838,-0.0702894736852192,0,0
seller_N_1_gaspaid_high,`time_n-1_sale_str_2024-11`,-0.109119618006019,-0.0940585588549831,0,0
seller_N_1_gaspaid_high,`time_n-1_sale_str_2024-12`,-0.0794452223556038,-0.068475694537032,0,0
seller_N_1_gaspaid_high,`time_n-1_sale_str_2025-01`,0.00664552015771371,0.0128727144682714,0,0
seller_N_1_gaspaid_high,`time_n-1_sale_str_2025-02`,-0.0664090004349259,-0.0555810585088097,0,0
seller_N_1_gaspaid_high,`time_n-1_sale_str_2025-03`,-0.0741453487977358,-0.0741453487977358,0,0
seller_N_1_gaspaid_high,`Background_recoded_Army Green`,0.0292347707617524,0.027941000166746,0,0
seller_N_1_gaspaid_high,Background_recoded_Blue,0.0149066504157085,0.0223667798663687,0,0
seller_N_1_gaspaid_high,Background_recoded_Gray,-0.0283732446686117,-0.0134744274949728,0,0
seller_N_1_gaspaid_high,`Background_recoded_New Punk Blue`,-0.0521044878437542,-0.0452111873985977,0,0
seller_N_1_gaspaid_high,Background_recoded_Orange,0.0181180956268557,0.0252191770534618,0,0
seller_N_1_gaspaid_high,Background_recoded_Purple,0.00497810838521628,-0.0104183838091984,0,0
seller_N_1_gaspaid_high,Background_recoded_Yellow,0.0617724852167047,0.0434416705717829,0,0
seller_N_1_gaspaid_high,`Clothes_recoded_Bayc T Black`,-0.0438404501002744,-0.0313904189175968,0,0
seller_N_1_gaspaid_high,`Clothes_recoded_Bayc T Red`,0.00496700240328388,0.0280649480264612,0,0
seller_N_1_gaspaid_high,`Clothes_recoded_Biker Vest`,0.0447636893173718,0.0258135421397555,0,0
seller_N_1_gaspaid_high,`Clothes_recoded_Black Holes T`,0.0183845181778829,0.015490323566016,0,0
seller_N_1_gaspaid_high,`Clothes_recoded_Black T`,-0.0491960771053198,-0.0366383473872094,0,0
seller_N_1_gaspaid_high,`Clothes_recoded_Bone Necklace`,0.0428891734944014,0.0455971846416143,0,0
seller_N_1_gaspaid_high,`Clothes_recoded_Bone Tee`,0.0598868024888263,0.0431173478820736,0,0
seller_N_1_gaspaid_high,`Clothes_recoded_Caveman Pelt`,0.0473118707099342,0.0328570787280476,0,0
seller_N_1_gaspaid_high,`Clothes_recoded_Cowboy Shirt`,0.0053309795509121,0.000300810335628189,0,0
seller_N_1_gaspaid_high,Clothes_recoded_Guayabera,0.0478113901191438,0.035546954715996,0,0
seller_N_1_gaspaid_high,Clothes_recoded_Hawaiian,-0.0465703723947871,-0.0586572475412494,0,0
seller_N_1_gaspaid_high,`Clothes_recoded_Hip Hop`,-0.0437640506565952,-0.0178423166946596,0,0
seller_N_1_gaspaid_high,`Clothes_recoded_Lab Coat`,0.00496700240328387,0.0043120253152375,0,0
seller_N_1_gaspaid_high,`Clothes_recoded_Leather Jacket`,-0.0224967246467974,-0.0205865990650876,0,0
seller_N_1_gaspaid_high,`Clothes_recoded_Leather Punk Jacket`,-0.0486415999033707,-0.0372238426963442,0,0
seller_N_1_gaspaid_high,`Clothes_recoded_Lumberjack Shirt`,0,-0.00750973666638838,0,0
seller_N_1_gaspaid_high,`Clothes_recoded_Navy Striped Tee`,0.0119186111872876,0.000751944252307788,0,0
seller_N_1_gaspaid_high,Clothes_recoded_No_Clothes,-0.0440853903384831,-0.0399391566501854,0,0
seller_N_1_gaspaid_high,Clothes_recoded_Other_Clothes,-0.0195163652173944,0.0215923444728663,0,0
seller_N_1_gaspaid_high,`Clothes_recoded_Prison Jumpsuit`,0.0683115511837372,0.0527255249164104,0,0
seller_N_1_gaspaid_high,`Clothes_recoded_Prom Dress`,0.0411221326685032,0.0246310612388287,0,0
seller_N_1_gaspaid_high,`Clothes_recoded_Puffy Vest`,0.055172215609496,0.0814321844674375,0,0
seller_N_1_gaspaid_high,`Clothes_recoded_Rainbow Suspenders`,-0.00943084985208649,-0.0212752530912316,0,0
seller_N_1_gaspaid_high,`Clothes_recoded_Sailor Shirt`,0.016246619839213,-0.000614644493674196,0,0
seller_N_1_gaspaid_high,Clothes_recoded_Service,-0.0486570781819208,-0.0433318652441191,0,0
seller_N_1_gaspaid_high,`Clothes_recoded_Sleeveless Logo T`,0.0196544843461404,0.0331128163433301,0,0
seller_N_1_gaspaid_high,`Clothes_recoded_Sleeveless T`,0.0279763284019476,0.0177826782580016,0,0
seller_N_1_gaspaid_high,`Clothes_recoded_Smoking Jacket`,0.0419643525642025,0.0344941187954327,0,0
seller_N_1_gaspaid_high,`Clothes_recoded_Striped Tee`,0,-0.0236125071498392,0,0
seller_N_1_gaspaid_high,`Clothes_recoded_Stunt Jacket`,-0.0344893228404477,-0.0372238426963441,0,0
seller_N_1_gaspaid_high,Clothes_recoded_Tanktop,0.0419696283242756,0.0463811712683599,0,0
seller_N_1_gaspaid_high,`Clothes_recoded_Tie Dye`,-0.0462632737445666,-0.0563113792543175,0,0
seller_N_1_gaspaid_high,Clothes_recoded_Toga,-0.00363426101466311,-0.013351389265499,0,0
seller_N_1_gaspaid_high,`Clothes_recoded_Tuxedo Tee`,-0.0274026033418037,-0.0302904941555737,0,0
seller_N_1_gaspaid_high,`Clothes_recoded_Tweed Suit`,0.0145849116940544,0.0164958507796793,0,0
seller_N_1_gaspaid_high,`Clothes_recoded_Vietnam Jacket`,-0.0260479447226646,-0.0169416530552949,0,0
seller_N_1_gaspaid_high,`Clothes_recoded_Wool Turtleneck`,-0.0139871373583074,0.000939043898192774,0,0
seller_N_1_gaspaid_high,`Clothes_recoded_Work Vest`,0,0.00320251889757486,0,0
seller_N_1_gaspaid_high,`Earring_recoded_Diamond Stud`,-0.0334124781030735,-0.0119505594715482,0,0
seller_N_1_gaspaid_high,`Earring_recoded_Gold Hoop`,-0.0212926089741419,-0.00971286309141876,0,0
seller_N_1_gaspaid_high,`Earring_recoded_Gold Stud`,-0.0462205387335989,-0.0123061000145267,0,0
seller_N_1_gaspaid_high,Earring_recoded_No_Earring,0.0218501757316956,-0.0119384592107299,0,0
seller_N_1_gaspaid_high,`Earring_recoded_Silver Hoop`,0.0135478542542743,-0.00394674959432565,0,0
seller_N_1_gaspaid_high,`Earring_recoded_Silver Stud`,0.0161637479801655,0.0334858605467862,0,0
seller_N_1_gaspaid_high,Eyes_recoded_Angry,0.00810467042882999,0.00819575939332725,0,0
seller_N_1_gaspaid_high,Eyes_recoded_Blindfold,0.031785089044709,0.00359195805831402,0,0
seller_N_1_gaspaid_high,Eyes_recoded_Bloodshot,0.0201422143375964,-0.00202370633293144,0,0
seller_N_1_gaspaid_high,Eyes_recoded_Bored,-0.0707231007142551,-0.0266081870171741,0,0
seller_N_1_gaspaid_high,Eyes_recoded_Closed,0.131552735755961,0.0916226260360241,0,0
seller_N_1_gaspaid_high,Eyes_recoded_Coins,0.0380782878713521,0.00485636219361972,0,0
seller_N_1_gaspaid_high,Eyes_recoded_Crazy,0.0286947571956308,-0.0145587149322958,0,0
seller_N_1_gaspaid_high,Eyes_recoded_Eyepatch,0.0478928255205298,0.0494374467035103,0,0
seller_N_1_gaspaid_high,Eyes_recoded_Heart,-0.092705205998921,-0.0570239313281359,0,0
seller_N_1_gaspaid_high,Eyes_recoded_Holographic,0,0.0207284104867749,0,0
seller_N_1_gaspaid_high,Eyes_recoded_Hypnotized,-0.0201242096365278,-0.0264911323610529,0,0
seller_N_1_gaspaid_high,Eyes_recoded_Other_Eyes,-0.0538955712002119,-0.0235272365112516,0,0
seller_N_1_gaspaid_high,Eyes_recoded_Robot,-0.0734641457937086,-0.0587107509555264,0,0
seller_N_1_gaspaid_high,Eyes_recoded_Sad,0.0159534610135966,0.0319517161017043,0,0
seller_N_1_gaspaid_high,Eyes_recoded_Scumbag,-0.0442818748150336,-0.0272838962014932,0,0
seller_N_1_gaspaid_high,Eyes_recoded_Sleepy,0.0742419206029527,0.0684178204876205,0,0
seller_N_1_gaspaid_high,Eyes_recoded_Sunglasses,-0.0890752680297901,-0.0759589885304452,0,0
seller_N_1_gaspaid_high,`Eyes_recoded_Wide Eyed`,0.00239163350004237,0.01351466115494,0,0
seller_N_1_gaspaid_high,`Eyes_recoded_X Eyes`,0.0461331920078405,0.0156824498673616,0,0
seller_N_1_gaspaid_high,Eyes_recoded_Zombie,-0.00630202653412746,0.00919270733946172,0,0
seller_N_1_gaspaid_high,Fur_recoded_Blue,0.00773855568255457,0.000300778012903777,0,0
seller_N_1_gaspaid_high,Fur_recoded_Brown,0.0284146771992952,-0.00495840250030327,0,0
seller_N_1_gaspaid_high,Fur_recoded_Cheetah,-0.0394939004779293,-0.0131776709034398,0,0
seller_N_1_gaspaid_high,Fur_recoded_Cream,-0.0177615023530873,-0.033811707378949,0,0
seller_N_1_gaspaid_high,`Fur_recoded_Dark Brown`,0.00477064560531514,0.0104912481299744,0,0
seller_N_1_gaspaid_high,`Fur_recoded_Death Bot`,-0.0470450806845275,-0.017218701282597,0,0
seller_N_1_gaspaid_high,Fur_recoded_Dmt,-0.00420841084237934,0.0145190111651395,0,0
seller_N_1_gaspaid_high,`Fur_recoded_Golden Brown`,-0.0157759611525818,-0.0159645176990235,0,0
seller_N_1_gaspaid_high,Fur_recoded_Gray,-0.0249258553471267,-0.0258039926750409,0,0
seller_N_1_gaspaid_high,Fur_recoded_Noise,0.0134974880100908,0.0456903357708058,0,0
seller_N_1_gaspaid_high,Fur_recoded_Other_Fur,-0.00617361673521507,0.016180910238878,0,0
seller_N_1_gaspaid_high,Fur_recoded_Pink,0.026684710560904,0.0300783601609468,0,0
seller_N_1_gaspaid_high,Fur_recoded_Red,0.0341060891773136,0.0182805501538987,0,0
seller_N_1_gaspaid_high,Fur_recoded_Robot,-0.00799275568725255,0.0177835498383144,0,0
seller_N_1_gaspaid_high,Fur_recoded_Tan,0,-0.00887692936488758,0,0
seller_N_1_gaspaid_high,Fur_recoded_White,0.0191462528431058,0.0259810284155524,0,0
seller_N_1_gaspaid_high,Fur_recoded_Zombie,-0.0168712833973054,-0.025753689919486,0,0
seller_N_1_gaspaid_high,`Hat_recoded_Baby's Bonnet`,-0.0207226521499658,-0.0186256329777608,0,0
seller_N_1_gaspaid_high,`Hat_recoded_Bayc Flipped Brim`,-0.0947033129053411,-0.0661994831634704,0,0
seller_N_1_gaspaid_high,`Hat_recoded_Bayc Hat Black`,-0.0190713734481095,0.0125533401646344,0,0
seller_N_1_gaspaid_high,`Hat_recoded_Bayc Hat Red`,-0.0105294093105217,0.0155592759130359,0,0
seller_N_1_gaspaid_high,Hat_recoded_Beanie,0.0119583728170765,0.00328099725137087,0,0
seller_N_1_gaspaid_high,Hat_recoded_Bowler,0.00646922601718004,0.00116038677403142,0,0
seller_N_1_gaspaid_high,`Hat_recoded_Bunny Ears`,0.0117452335524047,0.0121722005298515,0,0
seller_N_1_gaspaid_high,`Hat_recoded_Commie Hat`,-0.0363126702509561,-0.0247350346067039,0,0
seller_N_1_gaspaid_high,`Hat_recoded_Cowboy Hat`,0.0238384929815631,-0.00483278760682249,0,0
seller_N_1_gaspaid_high,`Hat_recoded_Faux Hawk`,0.0216008638090214,0.0370627193880107,0,0
seller_N_1_gaspaid_high,Hat_recoded_Fez,0.0342519920714998,0.0207302003308877,0,0
seller_N_1_gaspaid_high,`Hat_recoded_Fisherman's Hat`,-0.0196448986295519,-0.035682583267824,0,0
seller_N_1_gaspaid_high,`Hat_recoded_Girl's Hair Pink`,0.0248368513517396,0.0325786435186854,0,0
seller_N_1_gaspaid_high,`Hat_recoded_Girl's Hair Short`,-0.00458189829175302,-0.0258410124480602,0,0
seller_N_1_gaspaid_high,Hat_recoded_Halo,0.0236611109610365,0.0438739128596533,0,0
seller_N_1_gaspaid_high,Hat_recoded_Horns,0.0297918431043401,0.00438137412743168,0,0
seller_N_1_gaspaid_high,`Hat_recoded_Irish Boho`,0.0323434653953366,0.0200332736743325,0,0
seller_N_1_gaspaid_high,Hat_recoded_No_Hat,-0.0304398707705313,-0.0169009551093265,0,0
seller_N_1_gaspaid_high,Hat_recoded_Other_Hat,-0.0532526497432101,-0.0263970444965359,0,0
seller_N_1_gaspaid_high,`Hat_recoded_Party Hat 1`,0,0.0155592759130359,0,0
seller_N_1_gaspaid_high,`Hat_recoded_Police Motorcycle Helmet`,0.0687689326428615,0.0435348442367333,0,0
seller_N_1_gaspaid_high,`Hat_recoded_Prussian Helmet`,0.0188623291723671,0.0231191498969964,0,0
seller_N_1_gaspaid_high,`Hat_recoded_S&m Hat`,0.0685403105129176,0.061988194237898,0,0
seller_N_1_gaspaid_high,Hat_recoded_Safari,0.0449257031169301,0.0266615424053913,0,0
seller_N_1_gaspaid_high,`Hat_recoded_Sea Captain's Hat`,-0.0374922067758856,-0.0190155953892532,0,0
seller_N_1_gaspaid_high,`Hat_recoded_Seaman's Hat`,0.0374879352206263,0.0424050094126478,0,0
seller_N_1_gaspaid_high,`Hat_recoded_Short Mohawk`,-0.0615055696735058,-0.0803704554531474,0,0
seller_N_1_gaspaid_high,`Hat_recoded_Spinner Hat`,0.00458189829175306,0.0305489698053809,0,0
seller_N_1_gaspaid_high,`Hat_recoded_Stuntman Helmet`,-0.00476259685402311,-0.0102767631839568,0,0
seller_N_1_gaspaid_high,`Hat_recoded_Sushi Chef Headband`,-0.0162147588783888,-0.0336401392575594,0,0
seller_N_1_gaspaid_high,`Hat_recoded_Vietnam Era Helmet`,0.0219331811553456,0.0245106957235128,0,0
seller_N_1_gaspaid_high,`Hat_recoded_Ww2 Pilot Helm`,0.0364113117372151,0.0181205079707335,0,0
seller_N_1_gaspaid_high,`Mouth_recoded_Bored Bubblegum`,-0.0273607001713899,-0.0102284908049102,0,0
seller_N_1_gaspaid_high,`Mouth_recoded_Bored Cigar`,0.0586658027781177,0.077168105251599,0,0
seller_N_1_gaspaid_high,`Mouth_recoded_Bored Cigarette`,0.0313641843617366,0.0167842395871847,0,0
seller_N_1_gaspaid_high,`Mouth_recoded_Bored Pipe`,-0.0210596946907932,-0.00856926199207839,0,0
seller_N_1_gaspaid_high,`Mouth_recoded_Bored Unshaven`,-0.0304227967282815,-0.0158845738639261,0,0
seller_N_1_gaspaid_high,`Mouth_recoded_Bored Unshaven Cigar`,-0.067648483441555,-0.0529662914944858,0,0
seller_N_1_gaspaid_high,`Mouth_recoded_Bored Unshaven Cigarette`,0.0337241107334799,0.0291919627460745,0,0
seller_N_1_gaspaid_high,Mouth_recoded_Discomfort,0.0489800662992094,0.0250903817214276,0,0
seller_N_1_gaspaid_high,Mouth_recoded_Dumbfounded,0.0567691593767359,0.058722788452833,0,0
seller_N_1_gaspaid_high,Mouth_recoded_Grin,-0.058079620842753,-0.0544645641556252,0,0
seller_N_1_gaspaid_high,Mouth_recoded_Jovial,0.044504523458435,0.0535325660446913,0,0
seller_N_1_gaspaid_high,Mouth_recoded_Other_Mouth,-0.0610747407551661,-0.0115817089001747,0,0
seller_N_1_gaspaid_high,`Mouth_recoded_Phoneme  ooo`,0.00685004775157735,-0.0274708309987406,0,0
seller_N_1_gaspaid_high,`Mouth_recoded_Phoneme L`,0.0279763284019476,0.00887816398516496,0,0
seller_N_1_gaspaid_high,`Mouth_recoded_Phoneme Oh`,0.0224622801284628,-0.00561160596657701,0,0
seller_N_1_gaspaid_high,`Mouth_recoded_Phoneme Vuh`,-0.0411095586827914,-0.0630412127977365,0,0
seller_N_1_gaspaid_high,`Mouth_recoded_Phoneme Wah`,-0.0137459836169985,0.00537763045401437,0,0
seller_N_1_gaspaid_high,Mouth_recoded_Rage,0.026357099547767,0.00525034365382692,0,0
seller_N_1_gaspaid_high,`Mouth_recoded_Small Grin`,0.0399145897444182,0.0156824498673616,0,0
seller_N_1_gaspaid_high,`Mouth_recoded_Tongue Out`,0.0254517375186223,0.0215015213988578,0,0
seller_N_1_gaspaid_high,`log_price_change_n-1`,-0.350516825155011,-0.285505407748431,1,1
buyer_N_gaslimit_cost_high,log_price_1_sale,-0.0859470007530589,-0.0859470007530589,0,0
buyer_N_gaslimit_cost_high,sold_after_30d,0.288863538068608,0.288863538068608,1,1
buyer_N_gaslimit_cost_high,log_buyern_total_value,0.176615303481541,0.176615303481541,1,0
buyer_N_gaslimit_cost_high,log_buyern_rolling_avg_value_last10,-0.00666892990523133,-0.00666892990523133,0,0
buyer_N_gaslimit_cost_high,log_sellern_total_value,-0.16790230121719,-0.16790230121719,1,0
buyer_N_gaslimit_cost_high,log_sellern_rolling_avg_value_last10,-0.201586229175799,-0.201586229175799,1,0
buyer_N_gaslimit_cost_high,log_buyern_1_total_value,-0.296915923916696,-0.296915923916696,1,1
buyer_N_gaslimit_cost_high,log_buyern_1_rolling_avg_value_last10,-0.0155593327415262,-0.0155593327415262,0,0
buyer_N_gaslimit_cost_high,log_sellern_1_total_value,-0.191699596638444,-0.191699596638444,1,0
buyer_N_gaslimit_cost_high,log_sellern_1_rolling_avg_value_last10,-0.278395512203937,-0.278395512203937,1,1
buyer_N_gaslimit_cost_high,log_unique_makers_count,-0.434981446479239,-0.434981446479239,1,1
buyer_N_gaslimit_cost_high,log_median_offer_price,-0.176561786150583,-0.176561786150583,1,0
buyer_N_gaslimit_cost_high,log_buyern_avg_total_gaspaid,0.539490402287531,0.539490402287531,1,1
buyer_N_gaslimit_cost_high,log_buyern_1_avg_total_gaspaid,-0.0844160134658943,-0.0844160134658943,0,0
buyer_N_gaslimit_cost_high,log_sellern_avg_total_gaspaid,-0.400109490812319,-0.400109490812319,1,1
buyer_N_gaslimit_cost_high,log_sellern_1_avg_total_gaspaid,-0.199710990157647,-0.199710990157647,1,0
buyer_N_gaslimit_cost_high,log_buyern_1_avg_gasLimit_cost,0.405301897642694,0.405301897642694,1,1
buyer_N_gaslimit_cost_high,log_sellern_avg_gasLimit_cost,-0.179335821062033,-0.179335821062033,1,0
buyer_N_gaslimit_cost_high,log_sellern_1_avg_gasLimit_cost,-0.0624555084530561,-0.0624555084530561,0,0
buyer_N_gaslimit_cost_high,`time_n_sale_str_2021-06`,0.256293440867711,0.256293440867711,1,1
buyer_N_gaslimit_cost_high,`time_n_sale_str_2021-07`,0.148410007239017,0.148410007239017,1,0
buyer_N_gaslimit_cost_high,`time_n_sale_str_2021-08`,0.266765483751841,0.266765483751841,1,1
buyer_N_gaslimit_cost_high,`time_n_sale_str_2021-09`,0.187527974898711,0.187527974898711,1,0
buyer_N_gaslimit_cost_high,`time_n_sale_str_2021-10`,0.216789351993519,0.216789351993519,1,0
buyer_N_gaslimit_cost_high,`time_n_sale_str_2021-11`,0.279714904376745,0.279714904376745,1,1
buyer_N_gaslimit_cost_high,`time_n_sale_str_2021-12`,0.220863602530713,0.220863602530713,1,0
buyer_N_gaslimit_cost_high,`time_n_sale_str_2022-01`,0.354439379430808,0.354439379430808,1,1
buyer_N_gaslimit_cost_high,`time_n_sale_str_2022-02`,0.170533523801522,0.170533523801522,1,0
buyer_N_gaslimit_cost_high,`time_n_sale_str_2022-03`,0.187044076179634,0.187044076179634,1,0
buyer_N_gaslimit_cost_high,`time_n_sale_str_2022-04`,0.145471368285474,0.145471368285474,1,0
buyer_N_gaslimit_cost_high,`time_n_sale_str_2022-05`,0.0930672251362226,0.0930672251362226,0,0
buyer_N_gaslimit_cost_high,`time_n_sale_str_2022-06`,0.0292456101448837,0.0292456101448837,0,0
buyer_N_gaslimit_cost_high,`time_n_sale_str_2022-07`,-0.0948699808452004,-0.0948699808452004,0,0
buyer_N_gaslimit_cost_high,`time_n_sale_str_2022-08`,0.00420841084237932,0.00420841084237932,0,0
buyer_N_gaslimit_cost_high,`time_n_sale_str_2022-09`,-0.101418466865051,-0.101418466865051,1,0
buyer_N_gaslimit_cost_high,`time_n_sale_str_2022-10`,-0.0901357256919075,-0.0901357256919075,0,0
buyer_N_gaslimit_cost_high,`time_n_sale_str_2022-11`,-0.0813043362717373,-0.0813043362717373,0,0
buyer_N_gaslimit_cost_high,`time_n_sale_str_2022-12`,-0.0447859338055946,-0.0447859338055946,0,0
buyer_N_gaslimit_cost_high,`time_n_sale_str_2023-01`,0.0355640504530439,0.0355640504530439,0,0
buyer_N_gaslimit_cost_high,`time_n_sale_str_2023-02`,0.0168732911282435,0.0168732911282435,0,0
buyer_N_gaslimit_cost_high,`time_n_sale_str_2023-03`,0.0200906769064755,0.0200906769064755,0,0
buyer_N_gaslimit_cost_high,`time_n_sale_str_2023-04`,0.024309335942069,0.024309335942069,0,0
buyer_N_gaslimit_cost_high,`time_n_sale_str_2023-05`,0.025129962533134,0.025129962533134,0,0
buyer_N_gaslimit_cost_high,`time_n_sale_str_2023-06`,0.064781859844253,0.064781859844253,0,0
buyer_N_gaslimit_cost_high,`time_n_sale_str_2023-07`,0.0141377261284147,0.0141377261284147,0,0
buyer_N_gaslimit_cost_high,`time_n_sale_str_2023-08`,-0.029462008542135,-0.029462008542135,0,0
buyer_N_gaslimit_cost_high,`time_n_sale_str_2023-09`,0,0,0,0
buyer_N_gaslimit_cost_high,`time_n_sale_str_2023-10`,-0.109393818363729,-0.109393818363729,1,0
buyer_N_gaslimit_cost_high,`time_n_sale_str_2023-11`,-0.060439541032539,-0.060439541032539,0,0
buyer_N_gaslimit_cost_high,`time_n_sale_str_2023-12`,-0.0292456101448835,-0.0292456101448835,0,0
buyer_N_gaslimit_cost_high,`time_n_sale_str_2024-01`,-0.353922380749321,-0.353922380749321,1,1
buyer_N_gaslimit_cost_high,`time_n_sale_str_2024-02`,-0.0876599941205621,-0.0876599941205621,0,0
buyer_N_gaslimit_cost_high,`time_n_sale_str_2024-03`,-0.0197897595273514,-0.0197897595273514,0,0
buyer_N_gaslimit_cost_high,`time_n_sale_str_2024-04`,-0.177203398491869,-0.177203398491869,1,0
buyer_N_gaslimit_cost_high,`time_n_sale_str_2024-05`,-0.199637964923366,-0.199637964923366,1,0
buyer_N_gaslimit_cost_high,`time_n_sale_str_2024-06`,-0.136355661498394,-0.136355661498394,1,0
buyer_N_gaslimit_cost_high,`time_n_sale_str_2024-07`,-0.13191387307947,-0.13191387307947,1,0
buyer_N_gaslimit_cost_high,`time_n_sale_str_2024-08`,-0.0675243756219781,-0.0675243756219781,0,0
buyer_N_gaslimit_cost_high,`time_n_sale_str_2024-09`,-0.098558889604992,-0.098558889604992,0,0
buyer_N_gaslimit_cost_high,`time_n_sale_str_2024-10`,-0.119570940539155,-0.119570940539155,1,0
buyer_N_gaslimit_cost_high,`time_n_sale_str_2024-11`,-0.112184106220123,-0.112184106220123,1,0
buyer_N_gaslimit_cost_high,`time_n_sale_str_2024-12`,-0.144009355505717,-0.144009355505717,1,0
buyer_N_gaslimit_cost_high,`time_n_sale_str_2025-01`,-0.179070348253186,-0.179070348253186,1,0
buyer_N_gaslimit_cost_high,`time_n_sale_str_2025-02`,-0.12683125322382,-0.12683125322382,1,0
buyer_N_gaslimit_cost_high,`time_n_sale_str_2025-03`,-0.0864720393747532,-0.0864720393747532,0,0
buyer_N_gaslimit_cost_high,`time_n-1_sale_str_2021-06`,0.289937440869155,0.289937440869155,1,1
buyer_N_gaslimit_cost_high,`time_n-1_sale_str_2021-07`,0.221825118782107,0.221825118782107,1,0
buyer_N_gaslimit_cost_high,`time_n-1_sale_str_2021-08`,0.249890211167031,0.249890211167031,1,0
buyer_N_gaslimit_cost_high,`time_n-1_sale_str_2021-09`,0.153132543777259,0.153132543777259,1,0
buyer_N_gaslimit_cost_high,`time_n-1_sale_str_2021-10`,0.131913873079471,0.131913873079471,1,0
buyer_N_gaslimit_cost_high,`time_n-1_sale_str_2021-11`,0.0744367256451633,0.0744367256451633,0,0
buyer_N_gaslimit_cost_high,`time_n-1_sale_str_2021-12`,0.0535311346550288,0.0535311346550288,0,0
buyer_N_gaslimit_cost_high,`time_n-1_sale_str_2022-01`,0.0406983872120613,0.0406983872120613,0,0
buyer_N_gaslimit_cost_high,`time_n-1_sale_str_2022-02`,0.0364300136421383,0.0364300136421383,0,0
buyer_N_gaslimit_cost_high,`time_n-1_sale_str_2022-03`,0.0350693254244101,0.0350693254244101,0,0
buyer_N_gaslimit_cost_high,`time_n-1_sale_str_2022-04`,-0.0294835071500383,-0.0294835071500383,0,0
buyer_N_gaslimit_cost_high,`time_n-1_sale_str_2022-05`,-0.0370070529482622,-0.0370070529482622,0,0
buyer_N_gaslimit_cost_high,`time_n-1_sale_str_2022-06`,-0.0764047500847668,-0.0764047500847668,0,0
buyer_N_gaslimit_cost_high,`time_n-1_sale_str_2022-07`,-0.0492595923728765,-0.0492595923728765,0,0
buyer_N_gaslimit_cost_high,`time_n-1_sale_str_2022-08`,-0.0905818956326662,-0.0905818956326662,0,0
buyer_N_gaslimit_cost_high,`time_n-1_sale_str_2022-09`,-0.0485796235031885,-0.0485796235031885,0,0
buyer_N_gaslimit_cost_high,`time_n-1_sale_str_2022-10`,-0.0165936717594692,-0.0165936717594692,0,0
buyer_N_gaslimit_cost_high,`time_n-1_sale_str_2022-11`,0,0,0,0
buyer_N_gaslimit_cost_high,`time_n-1_sale_str_2022-12`,-0.00597279745625523,-0.00597279745625523,0,0
buyer_N_gaslimit_cost_high,`time_n-1_sale_str_2023-01`,0.0199374414718586,0.0199374414718586,0,0
buyer_N_gaslimit_cost_high,`time_n-1_sale_str_2023-02`,-0.043225208498694,-0.043225208498694,0,0
buyer_N_gaslimit_cost_high,`time_n-1_sale_str_2023-03`,-0.0342383188995137,-0.0342383188995137,0,0
buyer_N_gaslimit_cost_high,`time_n-1_sale_str_2023-04`,-0.0373232251018624,-0.0373232251018624,0,0
buyer_N_gaslimit_cost_high,`time_n-1_sale_str_2023-05`,-0.0271288239351782,-0.0271288239351782,0,0
buyer_N_gaslimit_cost_high,`time_n-1_sale_str_2023-06`,0.0194084907768851,0.0194084907768851,0,0
buyer_N_gaslimit_cost_high,`time_n-1_sale_str_2023-07`,-0.0102784953869089,-0.0102784953869089,0,0
buyer_N_gaslimit_cost_high,`time_n-1_sale_str_2023-08`,-0.084514177570664,-0.084514177570664,0,0
buyer_N_gaslimit_cost_high,`time_n-1_sale_str_2023-09`,-0.0148499134744872,-0.0148499134744872,0,0
buyer_N_gaslimit_cost_high,`time_n-1_sale_str_2023-10`,-0.0871384732042127,-0.0871384732042127,0,0
buyer_N_gaslimit_cost_high,`time_n-1_sale_str_2023-11`,-0.0709014030459532,-0.0709014030459532,0,0
buyer_N_gaslimit_cost_high,`time_n-1_sale_str_2023-12`,-0.0517974990356206,-0.0517974990356206,0,0
buyer_N_gaslimit_cost_high,`time_n-1_sale_str_2024-01`,-0.31609448685246,-0.31609448685246,1,1
buyer_N_gaslimit_cost_high,`time_n-1_sale_str_2024-02`,-0.0557661943482918,-0.0557661943482918,0,0
buyer_N_gaslimit_cost_high,`time_n-1_sale_str_2024-03`,-0.099477503255757,-0.099477503255757,0,0
buyer_N_gaslimit_cost_high,`time_n-1_sale_str_2024-04`,-0.239652788432784,-0.239652788432784,1,0
buyer_N_gaslimit_cost_high,`time_n-1_sale_str_2024-05`,-0.19298765936656,-0.19298765936656,1,0
buyer_N_gaslimit_cost_high,`time_n-1_sale_str_2024-06`,-0.167625049612103,-0.167625049612103,1,0
buyer_N_gaslimit_cost_high,`time_n-1_sale_str_2024-07`,-0.096337010103696,-0.096337010103696,0,0
buyer_N_gaslimit_cost_high,`time_n-1_sale_str_2024-08`,-0.0618961677770443,-0.0618961677770443,0,0
buyer_N_gaslimit_cost_high,`time_n-1_sale_str_2024-09`,-0.100639152129028,-0.100639152129028,1,0
buyer_N_gaslimit_cost_high,`time_n-1_sale_str_2024-10`,-0.126097458240673,-0.126097458240673,1,0
buyer_N_gaslimit_cost_high,`time_n-1_sale_str_2024-11`,-0.072686300927804,-0.072686300927804,0,0
buyer_N_gaslimit_cost_high,`time_n-1_sale_str_2024-12`,-0.0981789856290371,-0.0981789856290371,0,0
buyer_N_gaslimit_cost_high,`time_n-1_sale_str_2025-01`,-0.113153984459031,-0.113153984459031,1,0
buyer_N_gaslimit_cost_high,`time_n-1_sale_str_2025-02`,-0.0331907727310839,-0.0331907727310839,0,0
buyer_N_gaslimit_cost_high,`time_n-1_sale_str_2025-03`,-0.0148192912752924,-0.0148192912752924,0,0
buyer_N_gaslimit_cost_high,`Background_recoded_Army Green`,0.00171950924066455,0.00171950924066455,0,0
buyer_N_gaslimit_cost_high,Background_recoded_Blue,-0.0115939341422242,-0.0115939341422242,0,0
buyer_N_gaslimit_cost_high,Background_recoded_Gray,-0.0216962800606146,-0.0216962800606146,0,0
buyer_N_gaslimit_cost_high,`Background_recoded_New Punk Blue`,-0.00651088514215409,-0.00651088514215409,0,0
buyer_N_gaslimit_cost_high,Background_recoded_Orange,0.0082352297695054,0.0082352297695054,0,0
buyer_N_gaslimit_cost_high,Background_recoded_Purple,0.031531842320005,0.031531842320005,0,0
buyer_N_gaslimit_cost_high,Background_recoded_Yellow,0.00649930021907856,0.00649930021907856,0,0
buyer_N_gaslimit_cost_high,`Clothes_recoded_Bayc T Black`,0.0263002242608119,0.0263002242608119,0,0
buyer_N_gaslimit_cost_high,`Clothes_recoded_Bayc T Red`,-0.00496700240328387,-0.00496700240328387,0,0
buyer_N_gaslimit_cost_high,`Clothes_recoded_Biker Vest`,-0.0103276320571178,-0.0103276320571178,0,0
buyer_N_gaslimit_cost_high,`Clothes_recoded_Black Holes T`,-0.0257393700027365,-0.0257393700027365,0,0
buyer_N_gaslimit_cost_high,`Clothes_recoded_Black T`,0.0676628497220431,0.0676628497220431,0,0
buyer_N_gaslimit_cost_high,`Clothes_recoded_Bone Necklace`,-0.0142934684639286,-0.0142934684639286,0,0
buyer_N_gaslimit_cost_high,`Clothes_recoded_Bone Tee`,0.00665114328126605,0.00665114328126605,0,0
buyer_N_gaslimit_cost_high,`Clothes_recoded_Caveman Pelt`,-0.0394231867361007,-0.0394231867361007,0,0
buyer_N_gaslimit_cost_high,`Clothes_recoded_Cowboy Shirt`,-0.0479924645278697,-0.0479924645278697,0,0
buyer_N_gaslimit_cost_high,Clothes_recoded_Guayabera,-0.0183845181778829,-0.0183845181778829,0,0
buyer_N_gaslimit_cost_high,Clothes_recoded_Hawaiian,0.026606781346078,0.026606781346078,0,0
buyer_N_gaslimit_cost_high,`Clothes_recoded_Hip Hop`,0.0243093359420691,0.0243093359420691,0,0
buyer_N_gaslimit_cost_high,`Clothes_recoded_Lab Coat`,-0.00496700240328387,-0.00496700240328387,0,0
buyer_N_gaslimit_cost_high,`Clothes_recoded_Leather Jacket`,-0.00449907154867101,-0.00449907154867101,0,0
buyer_N_gaslimit_cost_high,`Clothes_recoded_Leather Punk Jacket`,0.0397937801126598,0.0397937801126598,0,0
buyer_N_gaslimit_cost_high,`Clothes_recoded_Lumberjack Shirt`,-0.0142934684639286,-0.0142934684639286,0,0
buyer_N_gaslimit_cost_high,`Clothes_recoded_Navy Striped Tee`,-0.0596184823081291,-0.0596184823081291,0,0
buyer_N_gaslimit_cost_high,Clothes_recoded_No_Clothes,0.0497771518149691,0.0497771518149691,0,0
buyer_N_gaslimit_cost_high,Clothes_recoded_Other_Clothes,0.0585714213329385,0.0585714213329385,0,0
buyer_N_gaslimit_cost_high,`Clothes_recoded_Prison Jumpsuit`,-0.075512007833899,-0.075512007833899,0,0
buyer_N_gaslimit_cost_high,`Clothes_recoded_Prom Dress`,-0.0411221326685034,-0.0411221326685034,0,0
buyer_N_gaslimit_cost_high,`Clothes_recoded_Puffy Vest`,-0.0110304124930919,-0.0110304124930919,0,0
buyer_N_gaslimit_cost_high,`Clothes_recoded_Rainbow Suspenders`,0.0282950676391295,0.0282950676391295,0,0
buyer_N_gaslimit_cost_high,`Clothes_recoded_Sailor Shirt`,-0.0227459886454404,-0.0227459886454404,0,0
buyer_N_gaslimit_cost_high,Clothes_recoded_Service,0.0730126462031564,0.0730126462031564,0,0
buyer_N_gaslimit_cost_high,`Clothes_recoded_Sleeveless Logo T`,0.0589862562696859,0.0589862562696859,0,0
buyer_N_gaslimit_cost_high,`Clothes_recoded_Sleeveless T`,-0.0279763284019476,-0.0279763284019476,0,0
buyer_N_gaslimit_cost_high,`Clothes_recoded_Smoking Jacket`,-0.00381410813104496,-0.00381410813104496,0,0
buyer_N_gaslimit_cost_high,`Clothes_recoded_Striped Tee`,-0.0952074883603159,-0.0952074883603159,0,0
buyer_N_gaslimit_cost_high,`Clothes_recoded_Stunt Jacket`,-0.0517436075767131,-0.0517436075767131,0,0
buyer_N_gaslimit_cost_high,Clothes_recoded_Tanktop,0.0349723362035066,0.0349723362035066,0,0
buyer_N_gaslimit_cost_high,`Clothes_recoded_Tie Dye`,-0.00925027795647382,-0.00925027795647382,0,0
buyer_N_gaslimit_cost_high,Clothes_recoded_Toga,0.0181720255231215,0.0181720255231215,0,0
buyer_N_gaslimit_cost_high,`Clothes_recoded_Tuxedo Tee`,0.00685004775157739,0.00685004775157739,0,0
buyer_N_gaslimit_cost_high,`Clothes_recoded_Tweed Suit`,-0.0145849116940544,-0.0145849116940544,0,0
buyer_N_gaslimit_cost_high,`Clothes_recoded_Vietnam Jacket`,0.00372082567338276,0.00372082567338276,0,0
buyer_N_gaslimit_cost_high,`Clothes_recoded_Wool Turtleneck`,-0.0419696283242755,-0.0419696283242755,0,0
buyer_N_gaslimit_cost_high,`Clothes_recoded_Work Vest`,0.033937788656215,0.033937788656215,0,0
buyer_N_gaslimit_cost_high,`Earring_recoded_Diamond Stud`,0.00835202632383118,0.00835202632383118,0,0
buyer_N_gaslimit_cost_high,`Earring_recoded_Gold Hoop`,0,0,0,0
buyer_N_gaslimit_cost_high,`Earring_recoded_Gold Stud`,-0.0625475500750503,-0.0625475500750503,0,0
buyer_N_gaslimit_cost_high,Earring_recoded_No_Earring,0.046137673037057,0.046137673037057,0,0
buyer_N_gaslimit_cost_high,`Earring_recoded_Silver Hoop`,-0.0638995966267247,-0.0638995966267247,0,0
buyer_N_gaslimit_cost_high,`Earring_recoded_Silver Stud`,0.00404081321066024,0.00404081321066024,0,0
buyer_N_gaslimit_cost_high,Eyes_recoded_Angry,-0.00810467042883001,-0.00810467042883001,0,0
buyer_N_gaslimit_cost_high,Eyes_recoded_Blindfold,-0.0508661699472637,-0.0508661699472637,0,0
buyer_N_gaslimit_cost_high,Eyes_recoded_Bloodshot,-0.0120849361564573,-0.0120849361564573,0,0
buyer_N_gaslimit_cost_high,Eyes_recoded_Bored,0.0591653741949242,0.0591653741949242,0,0
buyer_N_gaslimit_cost_high,Eyes_recoded_Closed,-0.0521085271458492,-0.0521085271458492,0,0
buyer_N_gaslimit_cost_high,Eyes_recoded_Coins,-0.0126907171129838,-0.0126907171129838,0,0
buyer_N_gaslimit_cost_high,Eyes_recoded_Crazy,-0.0809249171950487,-0.0809249171950487,0,0
buyer_N_gaslimit_cost_high,Eyes_recoded_Eyepatch,0.028730420933373,0.028730420933373,0,0
buyer_N_gaslimit_cost_high,Eyes_recoded_Heart,0.0173642273069785,0.0173642273069785,0,0
buyer_N_gaslimit_cost_high,Eyes_recoded_Holographic,0.0272418978358068,0.0272418978358068,0,0
buyer_N_gaslimit_cost_high,Eyes_recoded_Hypnotized,-0.0684589393343383,-0.0684589393343383,0,0
buyer_N_gaslimit_cost_high,Eyes_recoded_Other_Eyes,0.0788029815062103,0.0788029815062103,0,0
buyer_N_gaslimit_cost_high,Eyes_recoded_Robot,0.0159602058723366,0.0159602058723366,0,0
buyer_N_gaslimit_cost_high,Eyes_recoded_Sad,-0.0935409236598264,-0.0935409236598264,0,0
buyer_N_gaslimit_cost_high,Eyes_recoded_Scumbag,0.0362276878892599,0.0362276878892599,0,0
buyer_N_gaslimit_cost_high,Eyes_recoded_Sleepy,-0.00211973816207864,-0.00211973816207864,0,0
buyer_N_gaslimit_cost_high,Eyes_recoded_Sunglasses,0.0635942891815682,0.0635942891815682,0,0
buyer_N_gaslimit_cost_high,`Eyes_recoded_Wide Eyed`,0.00239163350004237,0.00239163350004237,0,0
buyer_N_gaslimit_cost_high,`Eyes_recoded_X Eyes`,-0.0329479847300574,-0.0329479847300574,0,0
buyer_N_gaslimit_cost_high,Eyes_recoded_Zombie,0.0756780920325867,0.0756780920325867,0,0
buyer_N_gaslimit_cost_high,Fur_recoded_Blue,-0.0180572310221819,-0.0180572310221819,0,0
buyer_N_gaslimit_cost_high,Fur_recoded_Brown,-0.0536860909583694,-0.0536860909583694,0,0
buyer_N_gaslimit_cost_high,Fur_recoded_Cheetah,0.0455728311464273,0.0455728311464273,0,0
buyer_N_gaslimit_cost_high,Fur_recoded_Cream,-0.0133208968243119,-0.0133208968243119,0,0
buyer_N_gaslimit_cost_high,`Fur_recoded_Dark Brown`,-0.00795111624434855,-0.00795111624434855,0,0
buyer_N_gaslimit_cost_high,`Fur_recoded_Death Bot`,0.00427565192957418,0.00427565192957418,0,0
buyer_N_gaslimit_cost_high,Fur_recoded_Dmt,0.0631575074248864,0.0631575074248864,0,0
buyer_N_gaslimit_cost_high,`Fur_recoded_Golden Brown`,0.00788779643471602,0.00788779643471602,0,0
buyer_N_gaslimit_cost_high,Fur_recoded_Gray,0.0199401264850547,0.0199401264850547,0,0
buyer_N_gaslimit_cost_high,Fur_recoded_Noise,0.0945859206655618,0.0945859206655618,0,0
buyer_N_gaslimit_cost_high,Fur_recoded_Other_Fur,0.0185215565287088,0.0185215565287088,0,0
buyer_N_gaslimit_cost_high,Fur_recoded_Pink,-0.0121285569463102,-0.0121285569463102,0,0
buyer_N_gaslimit_cost_high,Fur_recoded_Red,0.0131161008116962,0.0131161008116962,0,0
buyer_N_gaslimit_cost_high,Fur_recoded_Robot,0.104045578520215,0.104045578520215,1,0
buyer_N_gaslimit_cost_high,Fur_recoded_Tan,-0.0179021751490899,-0.0179021751490899,0,0
buyer_N_gaslimit_cost_high,Fur_recoded_White,-0.0574598375260532,-0.0574598375260532,0,0
buyer_N_gaslimit_cost_high,Fur_recoded_Zombie,0.0101225394119654,0.0101225394119654,0,0
buyer_N_gaslimit_cost_high,`Hat_recoded_Baby's Bonnet`,-0.0621946850105929,-0.0621946850105929,0,0
buyer_N_gaslimit_cost_high,`Hat_recoded_Bayc Flipped Brim`,0.0867958211113238,0.0867958211113238,0,0
buyer_N_gaslimit_cost_high,`Hat_recoded_Bayc Hat Black`,0.0419643525642025,0.0419643525642025,0,0
buyer_N_gaslimit_cost_high,`Hat_recoded_Bayc Hat Red`,0.0526645756049698,0.0526645756049698,0,0
buyer_N_gaslimit_cost_high,Hat_recoded_Beanie,-0.0406661488027365,-0.0406661488027365,0,0
buyer_N_gaslimit_cost_high,Hat_recoded_Bowler,-0.0194084907768851,-0.0194084907768851,0,0
buyer_N_gaslimit_cost_high,`Hat_recoded_Bunny Ears`,0.0039150178095809,0.0039150178095809,0,0
buyer_N_gaslimit_cost_high,`Hat_recoded_Commie Hat`,-0.0121024494170245,-0.0121024494170245,0,0
buyer_N_gaslimit_cost_high,`Hat_recoded_Cowboy Hat`,0.0119186111872876,0.0119186111872876,0,0
buyer_N_gaslimit_cost_high,`Hat_recoded_Faux Hawk`,0.0216008638090215,0.0216008638090215,0,0
buyer_N_gaslimit_cost_high,Hat_recoded_Fez,-0.0171241116691462,-0.0171241116691462,0,0
buyer_N_gaslimit_cost_high,`Hat_recoded_Fisherman's Hat`,-0.0814495761371123,-0.0814495761371123,0,0
buyer_N_gaslimit_cost_high,`Hat_recoded_Girl's Hair Pink`,-0.054657268120172,-0.054657268120172,0,0
buyer_N_gaslimit_cost_high,`Hat_recoded_Girl's Hair Short`,-0.0504167690138609,-0.0504167690138609,0,0
buyer_N_gaslimit_cost_high,Hat_recoded_Halo,0,0,0,0
buyer_N_gaslimit_cost_high,Hat_recoded_Horns,-0.00330984193574229,-0.00330984193574229,0,0
buyer_N_gaslimit_cost_high,`Hat_recoded_Irish Boho`,-0.0467249809073161,-0.0467249809073161,0,0
buyer_N_gaslimit_cost_high,Hat_recoded_No_Hat,0.0304398707705313,0.0304398707705313,0,0
buyer_N_gaslimit_cost_high,Hat_recoded_Other_Hat,0.0828791995835926,0.0828791995835926,0,0
buyer_N_gaslimit_cost_high,`Hat_recoded_Party Hat 1`,0.0205578056920214,0.0205578056920214,0,0
buyer_N_gaslimit_cost_high,`Hat_recoded_Police Motorcycle Helmet`,-0.00458189829175302,-0.00458189829175302,0,0
buyer_N_gaslimit_cost_high,`Hat_recoded_Prussian Helmet`,-0.0282950676391296,-0.0282950676391296,0,0
buyer_N_gaslimit_cost_high,`Hat_recoded_S&m Hat`,-0.0137003367112205,-0.0137003367112205,0,0
buyer_N_gaslimit_cost_high,Hat_recoded_Safari,-0.0122496026685016,-0.0122496026685016,0,0
buyer_N_gaslimit_cost_high,`Hat_recoded_Sea Captain's Hat`,0.0170395356389508,0.0170395356389508,0,0
buyer_N_gaslimit_cost_high,`Hat_recoded_Seaman's Hat`,0.00535449747236317,0.00535449747236317,0,0
buyer_N_gaslimit_cost_high,`Hat_recoded_Short Mohawk`,-0.0368921725115341,-0.0368921725115341,0,0
buyer_N_gaslimit_cost_high,`Hat_recoded_Spinner Hat`,0.0137459836169986,0.0137459836169986,0,0
buyer_N_gaslimit_cost_high,`Hat_recoded_Stuntman Helmet`,0.0428731027460144,0.0428731027460144,0,0
buyer_N_gaslimit_cost_high,`Hat_recoded_Sushi Chef Headband`,0,0,0,0
buyer_N_gaslimit_cost_high,`Hat_recoded_Vietnam Era Helmet`,0.0146216320417502,0.0146216320417502,0,0
buyer_N_gaslimit_cost_high,`Hat_recoded_Ww2 Pilot Helm`,-0.00520077127002717,-0.00520077127002717,0,0
buyer_N_gaslimit_cost_high,`Mouth_recoded_Bored Bubblegum`,0.0492595923728764,0.0492595923728764,0,0
buyer_N_gaslimit_cost_high,`Mouth_recoded_Bored Cigar`,0.0159933934303982,0.0159933934303982,0,0
buyer_N_gaslimit_cost_high,`Mouth_recoded_Bored Cigarette`,0.0146352109735793,0.0146352109735793,0,0
buyer_N_gaslimit_cost_high,`Mouth_recoded_Bored Pipe`,0.0105294093105216,0.0105294093105216,0,0
buyer_N_gaslimit_cost_high,`Mouth_recoded_Bored Unshaven`,0.0395527950418739,0.0395527950418739,0,0
buyer_N_gaslimit_cost_high,`Mouth_recoded_Bored Unshaven Cigar`,-0.0676484834415554,-0.0676484834415554,0,0
buyer_N_gaslimit_cost_high,`Mouth_recoded_Bored Unshaven Cigarette`,0.0129692400349099,0.0129692400349099,0,0
buyer_N_gaslimit_cost_high,Mouth_recoded_Discomfort,-0.0263682646922956,-0.0263682646922956,0,0
buyer_N_gaslimit_cost_high,Mouth_recoded_Dumbfounded,-0.0141869300155086,-0.0141869300155086,0,0
buyer_N_gaslimit_cost_high,Mouth_recoded_Grin,0.0107511060312681,0.0107511060312681,0,0
buyer_N_gaslimit_cost_high,Mouth_recoded_Jovial,0.00635624683300589,0.00635624683300589,0,0
buyer_N_gaslimit_cost_high,Mouth_recoded_Other_Mouth,0.0779457782452666,0.0779457782452666,0,0
buyer_N_gaslimit_cost_high,`Mouth_recoded_Phoneme  ooo`,-0.0137003367112205,-0.0137003367112205,0,0
buyer_N_gaslimit_cost_high,`Mouth_recoded_Phoneme L`,-0.0349723362035067,-0.0349723362035067,0,0
buyer_N_gaslimit_cost_high,`Mouth_recoded_Phoneme Oh`,-0.0224622801284629,-0.0224622801284629,0,0
buyer_N_gaslimit_cost_high,`Mouth_recoded_Phoneme Vuh`,-0.0763858730958242,-0.0763858730958242,0,0
buyer_N_gaslimit_cost_high,`Mouth_recoded_Phoneme Wah`,-0.0229109352584489,-0.0229109352584489,0,0
buyer_N_gaslimit_cost_high,Mouth_recoded_Rage,-0.118805820879253,-0.118805820879253,1,0
buyer_N_gaslimit_cost_high,`Mouth_recoded_Small Grin`,-0.00665114328126606,-0.00665114328126606,0,0
buyer_N_gaslimit_cost_high,`Mouth_recoded_Tongue Out`,-0.0169670613392468,-0.0169670613392468,0,0
buyer_N_gaslimit_cost_high,`log_price_change_n-1`,0.135286017898147,0.135286017898147,1,0
buyer_N_1_gaslimit_cost_high,log_price_1_sale,-0.108820259025902,-0.114392772118948,1,0
buyer_N_1_gaslimit_cost_high,sold_after_30d,0.843230753792782,0.823917922546457,1,1
buyer_N_1_gaslimit_cost_high,log_buyern_total_value,-0.187253996445434,-0.174783987818672,1,0
buyer_N_1_gaslimit_cost_high,log_buyern_rolling_avg_value_last10,0.0590430997178495,0.0469389766943242,0,0
buyer_N_1_gaslimit_cost_high,log_sellern_total_value,-0.4363304020105,-0.424517655548205,1,1
buyer_N_1_gaslimit_cost_high,log_sellern_rolling_avg_value_last10,-0.143071843299498,-0.139949134717063,1,0
buyer_N_1_gaslimit_cost_high,log_buyern_1_total_value,-0.293689899069521,-0.272673661295049,1,1
buyer_N_1_gaslimit_cost_high,log_buyern_1_rolling_avg_value_last10,-0.0267336471384564,-0.0410451063567174,0,0
buyer_N_1_gaslimit_cost_high,log_sellern_1_total_value,-0.259303956145887,-0.248365869126331,1,0
buyer_N_1_gaslimit_cost_high,log_sellern_1_rolling_avg_value_last10,-0.437906997168914,-0.430558377489276,1,1
buyer_N_1_gaslimit_cost_high,log_unique_makers_count,-0.669938560804603,-0.64325432291268,1,1
buyer_N_1_gaslimit_cost_high,log_median_offer_price,-0.237649816618598,-0.237620136343008,1,0
buyer_N_1_gaslimit_cost_high,log_buyern_avg_total_gaspaid,-0.2019008528253,-0.187636802555411,1,0
buyer_N_1_gaslimit_cost_high,log_buyern_1_avg_total_gaspaid,0.401451591801045,0.423764637674233,1,1
buyer_N_1_gaslimit_cost_high,log_sellern_avg_total_gaspaid,-0.72193024381686,-0.697264270578347,1,1
buyer_N_1_gaslimit_cost_high,log_sellern_1_avg_total_gaspaid,-0.374753102622886,-0.351983240204353,1,1
buyer_N_1_gaslimit_cost_high,log_buyern_avg_gasLimit_cost,0.489967957613115,0.480255961892732,1,1
buyer_N_1_gaslimit_cost_high,log_sellern_avg_gasLimit_cost,-0.385835247663445,-0.361422993132704,1,1
buyer_N_1_gaslimit_cost_high,log_sellern_1_avg_gasLimit_cost,-0.165391970464666,-0.148143032132671,1,0
buyer_N_1_gaslimit_cost_high,`time_n_sale_str_2021-06`,0.0877441988820467,0.0858384644528706,0,0
buyer_N_1_gaslimit_cost_high,`time_n_sale_str_2021-07`,0.12047040304095,0.118999304641536,1,0
buyer_N_1_gaslimit_cost_high,`time_n_sale_str_2021-08`,0.0571957999973121,0.0544622670769148,0,0
buyer_N_1_gaslimit_cost_high,`time_n_sale_str_2021-09`,0.11812682589839,0.116792752245829,1,0
buyer_N_1_gaslimit_cost_high,`time_n_sale_str_2021-10`,0.13826618593374,0.136768113229347,1,0
buyer_N_1_gaslimit_cost_high,`time_n_sale_str_2021-11`,0.210796533683316,0.209598490991481,1,0
buyer_N_1_gaslimit_cost_high,`time_n_sale_str_2021-12`,0.175551260620455,0.173947160303055,1,0
buyer_N_1_gaslimit_cost_high,`time_n_sale_str_2022-01`,0.292081686521244,0.290327581911221,1,1
buyer_N_1_gaslimit_cost_high,`time_n_sale_str_2022-02`,0.178917281284262,0.177722996099727,1,0
buyer_N_1_gaslimit_cost_high,`time_n_sale_str_2022-03`,0.247976341825912,0.246717188816719,1,0
buyer_N_1_gaslimit_cost_high,`time_n_sale_str_2022-04`,0.193221741604536,0.191425716498238,1,0
buyer_N_1_gaslimit_cost_high,`time_n_sale_str_2022-05`,0.2119043518894,0.209937217710291,1,0
buyer_N_1_gaslimit_cost_high,`time_n_sale_str_2022-06`,0.117170601075227,0.114959971179986,1,0
buyer_N_1_gaslimit_cost_high,`time_n_sale_str_2022-07`,0.0105294093105216,0.00853214418854661,0,0
buyer_N_1_gaslimit_cost_high,`time_n_sale_str_2022-08`,0.0126254562577895,0.0101077635359977,0,0
buyer_N_1_gaslimit_cost_high,`time_n_sale_str_2022-09`,0.0479924645278702,0.0462537645809448,0,0
buyer_N_1_gaslimit_cost_high,`time_n_sale_str_2022-10`,-0.0346376105025587,-0.0363221485240245,0,0
buyer_N_1_gaslimit_cost_high,`time_n_sale_str_2022-11`,0.0727339927807001,0.0706440116478013,0,0
buyer_N_1_gaslimit_cost_high,`time_n_sale_str_2022-12`,-0.0447859338055945,-0.0466315202535215,0,0
buyer_N_1_gaslimit_cost_high,`time_n_sale_str_2023-01`,0.106827426675561,0.105467534564764,1,0
buyer_N_1_gaslimit_cost_high,`time_n_sale_str_2023-02`,0.0393772448857267,0.0376891034260771,0,0
buyer_N_1_gaslimit_cost_high,`time_n_sale_str_2023-03`,0.0401874405135561,0.0382656007119043,0,0
buyer_N_1_gaslimit_cost_high,`time_n_sale_str_2023-04`,0.0243093359420691,0.0222147613214948,0,0
buyer_N_1_gaslimit_cost_high,`time_n_sale_str_2023-05`,0.025129962533134,0.0235560930865743,0,0
buyer_N_1_gaslimit_cost_high,`time_n_sale_str_2023-06`,-0.0238561815502036,-0.0271873457532601,0,0
buyer_N_1_gaslimit_cost_high,`time_n_sale_str_2023-07`,0.0494959631029583,0.046676855633168,0,0
buyer_N_1_gaslimit_cost_high,`time_n_sale_str_2023-08`,0.0378824111071033,0.0355108998527366,0,0
buyer_N_1_gaslimit_cost_high,`time_n_sale_str_2023-09`,0.0391114765068544,0.0376942664203215,0,0
buyer_N_1_gaslimit_cost_high,`time_n_sale_str_2023-10`,0.0263682646922955,0.0236105447561251,0,0
buyer_N_1_gaslimit_cost_high,`time_n_sale_str_2023-11`,-0.110330551188354,-0.113791846175467,1,0
buyer_N_1_gaslimit_cost_high,`time_n_sale_str_2023-12`,-0.168742003259513,-0.172165830988108,1,0
buyer_N_1_gaslimit_cost_high,`time_n_sale_str_2024-01`,-0.325019885031974,-0.303016009927247,1,1
buyer_N_1_gaslimit_cost_high,`time_n_sale_str_2024-02`,-0.121701020525752,-0.118679401646421,1,0
buyer_N_1_gaslimit_cost_high,`time_n_sale_str_2024-03`,-0.174360817800234,-0.180281986549498,1,0
buyer_N_1_gaslimit_cost_high,`time_n_sale_str_2024-04`,-0.253097577995855,-0.232923006422225,1,0
buyer_N_1_gaslimit_cost_high,`time_n_sale_str_2024-05`,-0.19268880981759,-0.191313500847582,1,0
buyer_N_1_gaslimit_cost_high,`time_n_sale_str_2024-06`,-0.218216248582545,-0.219118582854681,1,0
buyer_N_1_gaslimit_cost_high,`time_n_sale_str_2024-07`,-0.12363667676159,-0.126638893462307,1,0
buyer_N_1_gaslimit_cost_high,`time_n_sale_str_2024-08`,-0.112654892109353,-0.115386036920546,1,0
buyer_N_1_gaslimit_cost_high,`time_n_sale_str_2024-09`,-0.0869403385595569,-0.0890413493385497,0,0
buyer_N_1_gaslimit_cost_high,`time_n_sale_str_2024-10`,-0.0929339929224864,-0.0956899309862431,0,0
buyer_N_1_gaslimit_cost_high,`time_n_sale_str_2024-11`,-0.112184106220123,-0.115924589770997,1,0
buyer_N_1_gaslimit_cost_high,`time_n_sale_str_2024-12`,-0.04150415218415,-0.0451422006254892,0,0
buyer_N_1_gaslimit_cost_high,`time_n_sale_str_2025-01`,-0.0324327173540182,-0.0352604387474422,0,0
buyer_N_1_gaslimit_cost_high,`time_n_sale_str_2025-02`,-0.0122496026685015,-0.0149722785876158,0,0
buyer_N_1_gaslimit_cost_high,`time_n_sale_str_2025-03`,-0.033232006366223,-0.0349805644332181,0,0
buyer_N_1_gaslimit_cost_high,`time_n-1_sale_str_2021-06`,0.253822110360409,0.249521432014116,1,0
buyer_N_1_gaslimit_cost_high,`time_n-1_sale_str_2021-07`,0.232401766985665,0.229759072756735,1,0
buyer_N_1_gaslimit_cost_high,`time_n-1_sale_str_2021-08`,0.391643416506226,0.38907542160896,1,1
buyer_N_1_gaslimit_cost_high,`time_n-1_sale_str_2021-09`,0.240537552486688,0.239875958449549,1,0
buyer_N_1_gaslimit_cost_high,`time_n-1_sale_str_2021-10`,0.115365807850002,0.113513734589383,1,0
buyer_N_1_gaslimit_cost_high,`time_n-1_sale_str_2021-11`,0.192724596203263,0.191487698575053,1,0
buyer_N_1_gaslimit_cost_high,`time_n-1_sale_str_2021-12`,0.152055015143744,0.150799624285692,1,0
buyer_N_1_gaslimit_cost_high,`time_n-1_sale_str_2022-01`,0.245980328074669,0.244784218425735,1,0
buyer_N_1_gaslimit_cost_high,`time_n-1_sale_str_2022-02`,0.0607346138113204,0.0593526831046683,0,0
buyer_N_1_gaslimit_cost_high,`time_n-1_sale_str_2022-03`,0.0877441988820467,0.0858384644528706,0,0
buyer_N_1_gaslimit_cost_high,`time_n-1_sale_str_2022-04`,0.0294835071500383,0.0274442079449556,0,0
buyer_N_1_gaslimit_cost_high,`time_n-1_sale_str_2022-05`,0.0647852336207606,0.0628410006863207,0,0
buyer_N_1_gaslimit_cost_high,`time_n-1_sale_str_2022-06`,-0.0594087833928824,-0.0622022089295867,0,0
buyer_N_1_gaslimit_cost_high,`time_n-1_sale_str_2022-07`,-0.0931184928417101,-0.0953466267405964,0,0
buyer_N_1_gaslimit_cost_high,`time_n-1_sale_str_2022-08`,-0.119276250508478,-0.121855891926069,1,0
buyer_N_1_gaslimit_cost_high,`time_n-1_sale_str_2022-09`,-0.0485796235031885,-0.0505295288582088,0,0
buyer_N_1_gaslimit_cost_high,`time_n-1_sale_str_2022-10`,-0.0830370175433607,-0.0844860796163228,0,0
buyer_N_1_gaslimit_cost_high,`time_n-1_sale_str_2022-11`,-0.0332826123441825,-0.0353640958113152,0,0
buyer_N_1_gaslimit_cost_high,`time_n-1_sale_str_2022-12`,-0.00597279745625524,-0.00780448882030992,0,0
buyer_N_1_gaslimit_cost_high,`time_n-1_sale_str_2023-01`,-0.0864720393747539,-0.0882993271983118,0,0
buyer_N_1_gaslimit_cost_high,`time_n-1_sale_str_2023-02`,-0.0555837512246276,-0.057517442227842,0,0
buyer_N_1_gaslimit_cost_high,`time_n-1_sale_str_2023-03`,-0.0342383188995135,-0.0362666739694269,0,0
buyer_N_1_gaslimit_cost_high,`time_n-1_sale_str_2023-04`,-0.0373232251018625,-0.0394996098892948,0,0
buyer_N_1_gaslimit_cost_high,`time_n-1_sale_str_2023-05`,-0.0406979188303767,-0.0424331421127807,0,0
buyer_N_1_gaslimit_cost_high,`time_n-1_sale_str_2023-06`,-0.0388224689578297,-0.0424007745825102,0,0
buyer_N_1_gaslimit_cost_high,`time_n-1_sale_str_2023-07`,0,-0.00210243451944236,0,0
buyer_N_1_gaslimit_cost_high,`time_n-1_sale_str_2023-08`,-0.0248368513517397,-0.0271228460785557,0,0
buyer_N_1_gaslimit_cost_high,`time_n-1_sale_str_2023-09`,0,-0.00144636581807058,0,0
buyer_N_1_gaslimit_cost_high,`time_n-1_sale_str_2023-10`,-0.0687689326428623,-0.071383094641331,0,0
buyer_N_1_gaslimit_cost_high,`time_n-1_sale_str_2023-11`,-0.172721831386226,-0.176455193296796,1,0
buyer_N_1_gaslimit_cost_high,`time_n-1_sale_str_2023-12`,-0.223294394940993,-0.226640120659325,1,0
buyer_N_1_gaslimit_cost_high,`time_n-1_sale_str_2024-01`,-0.410569182304998,-0.38941273044878,1,1
buyer_N_1_gaslimit_cost_high,`time_n-1_sale_str_2024-02`,-0.288229657914819,-0.285835328235133,1,1
buyer_N_1_gaslimit_cost_high,`time_n-1_sale_str_2024-03`,-0.295880716164591,-0.298863058318685,1,1
buyer_N_1_gaslimit_cost_high,`time_n-1_sale_str_2024-04`,-0.301490929466555,-0.281109804806627,1,1
buyer_N_1_gaslimit_cost_high,`time_n-1_sale_str_2024-05`,-0.215942835327875,-0.216713605489061,1,0
buyer_N_1_gaslimit_cost_high,`time_n-1_sale_str_2024-06`,-0.20146181043027,-0.201665997741549,1,0
buyer_N_1_gaslimit_cost_high,`time_n-1_sale_str_2024-07`,-0.164133388347827,-0.166655673017677,1,0
buyer_N_1_gaslimit_cost_high,`time_n-1_sale_str_2024-08`,-0.0957214158846351,-0.0978897001958809,0,0
buyer_N_1_gaslimit_cost_high,`time_n-1_sale_str_2024-09`,-0.100639152129028,-0.10257290010474,1,0
buyer_N_1_gaslimit_cost_high,`time_n-1_sale_str_2024-10`,-0.115094392972387,-0.117325465627629,1,0
buyer_N_1_gaslimit_cost_high,`time_n-1_sale_str_2024-11`,-0.136513924997469,-0.139227750615289,1,0
buyer_N_1_gaslimit_cost_high,`time_n-1_sale_str_2024-12`,-0.023349410889742,-0.0257731279308225,0,0
buyer_N_1_gaslimit_cost_high,`time_n-1_sale_str_2025-01`,-0.0864720393747532,-0.0882993271983113,0,0
buyer_N_1_gaslimit_cost_high,`time_n-1_sale_str_2025-02`,-0.0331907727310839,-0.0346052375272971,0,0
buyer_N_1_gaslimit_cost_high,`time_n-1_sale_str_2025-03`,-0.0444676458611264,-0.0452758241882237,0,0
buyer_N_1_gaslimit_cost_high,`Background_recoded_Army Green`,0.0429976538751892,0.0362181679038717,0,0
buyer_N_1_gaslimit_cost_high,Background_recoded_Blue,-0.0182194894445242,-0.0173709276402427,0,0
buyer_N_1_gaslimit_cost_high,Background_recoded_Gray,0.00834430452463938,0.00618896990937508,0,0
buyer_N_1_gaslimit_cost_high,`Background_recoded_New Punk Blue`,0.00976639243852048,0.0105813145799626,0,0
buyer_N_1_gaslimit_cost_high,Background_recoded_Orange,-0.0115294155588128,-0.0157106025334718,0,0
buyer_N_1_gaslimit_cost_high,Background_recoded_Purple,-0.0116157462412388,-0.00390947587484594,0,0
buyer_N_1_gaslimit_cost_high,Background_recoded_Yellow,-0.016248701224791,-0.0157305807095474,0,0
buyer_N_1_gaslimit_cost_high,`Clothes_recoded_Bayc T Black`,-0.00876606735368963,-0.0112839833385236,0,0
buyer_N_1_gaslimit_cost_high,`Clothes_recoded_Bayc T Red`,0.0248368513517397,0.0227941027580186,0,0
buyer_N_1_gaslimit_cost_high,`Clothes_recoded_Biker Vest`,-0.0447636893173716,-0.0481453310521618,0,0
buyer_N_1_gaslimit_cost_high,`Clothes_recoded_Black Holes T`,0.003676754431785,0.00448033465248384,0,0
buyer_N_1_gaslimit_cost_high,`Clothes_recoded_Black T`,0.00614767809877953,0.00258563045476472,0,0
buyer_N_1_gaslimit_cost_high,`Clothes_recoded_Bone Necklace`,-0.0357384657104018,-0.0389609858834802,0,0
buyer_N_1_gaslimit_cost_high,`Clothes_recoded_Bone Tee`,0.00665114328126605,0.00338051518504669,0,0
buyer_N_1_gaslimit_cost_high,`Clothes_recoded_Caveman Pelt`,-0.0315363426528028,-0.0344407078659787,0,0
buyer_N_1_gaslimit_cost_high,`Clothes_recoded_Cowboy Shirt`,0.0373232251018626,0.0414643286718545,0,0
buyer_N_1_gaslimit_cost_high,Clothes_recoded_Guayabera,-0.0110304124930919,-0.00667483461736081,0,0
buyer_N_1_gaslimit_cost_high,Clothes_recoded_Hawaiian,0,0.00347860965119595,0,0
buyer_N_1_gaslimit_cost_high,`Clothes_recoded_Hip Hop`,0.15113667866293,0.150120717818747,1,0
buyer_N_1_gaslimit_cost_high,`Clothes_recoded_Lab Coat`,0.0447140605031,0.0427973930116654,0,0
buyer_N_1_gaslimit_cost_high,`Clothes_recoded_Leather Jacket`,-0.00449907154867102,-0.00693109218418206,0,0
buyer_N_1_gaslimit_cost_high,`Clothes_recoded_Leather Punk Jacket`,0.0752042860291662,0.0732225174037893,0,0
buyer_N_1_gaslimit_cost_high,`Clothes_recoded_Lumberjack Shirt`,0.0214408875266736,0.0260395236381009,0,0
buyer_N_1_gaslimit_cost_high,`Clothes_recoded_Navy Striped Tee`,-0.0476871548842117,-0.0430371866516318,0,0
buyer_N_1_gaslimit_cost_high,Clothes_recoded_No_Clothes,0.00426530114875745,0.00814047301915332,0,0
buyer_N_1_gaslimit_cost_high,Clothes_recoded_Other_Clothes,0.080915840029377,0.0773971804843585,0,0
buyer_N_1_gaslimit_cost_high,`Clothes_recoded_Prison Jumpsuit`,-0.0467249809073162,-0.0499712472797333,0,0
buyer_N_1_gaslimit_cost_high,`Clothes_recoded_Prom Dress`,-0.0205578056920214,-0.0177506964333633,0,0
buyer_N_1_gaslimit_cost_high,`Clothes_recoded_Puffy Vest`,0.0183845181778829,0.015507769480346,0,0
buyer_N_1_gaslimit_cost_high,`Clothes_recoded_Rainbow Suspenders`,0.0471668430375839,0.0504446329278817,0,0
buyer_N_1_gaslimit_cost_high,`Clothes_recoded_Sailor Shirt`,-0.0617645654108297,-0.0593595812705175,0,0
buyer_N_1_gaslimit_cost_high,Clothes_recoded_Service,-0.0243231381054069,-0.0191750339241664,0,0
buyer_N_1_gaslimit_cost_high,`Clothes_recoded_Sleeveless Logo T`,0.0393146674337548,0.0373374128443584,0,0
buyer_N_1_gaslimit_cost_high,`Clothes_recoded_Sleeveless T`,-0.0209813477729037,-0.0207766897603071,0,0
buyer_N_1_gaslimit_cost_high,`Clothes_recoded_Smoking Jacket`,-0.0114424909444385,-0.0143578343866044,0,0
buyer_N_1_gaslimit_cost_high,`Clothes_recoded_Striped Tee`,-0.044764031594728,-0.0435592190668911,0,0
buyer_N_1_gaslimit_cost_high,`Clothes_recoded_Stunt Jacket`,-0.0344893228404477,-0.0371573416077343,0,0
buyer_N_1_gaslimit_cost_high,Clothes_recoded_Tanktop,0.0349723362035065,0.0320289125362484,0,0
buyer_N_1_gaslimit_cost_high,`Clothes_recoded_Tie Dye`,-0.0185011499107295,-0.0163936569424599,0,0
buyer_N_1_gaslimit_cost_high,Clothes_recoded_Toga,-0.0327126724307509,-0.0358686477456436,0,0
buyer_N_1_gaslimit_cost_high,`Clothes_recoded_Tuxedo Tee`,-0.0411087311707154,-0.0444937441816073,0,0
buyer_N_1_gaslimit_cost_high,`Clothes_recoded_Tweed Suit`,0.0145849116940544,0.0227941027580186,0,0
buyer_N_1_gaslimit_cost_high,`Clothes_recoded_Vietnam Jacket`,-0.00372082567338276,0.000886901958778124,0,0
buyer_N_1_gaslimit_cost_high,`Clothes_recoded_Wool Turtleneck`,0.0209813477729037,0.0179577980062014,0,0
buyer_N_1_gaslimit_cost_high,`Clothes_recoded_Work Vest`,0.0254517375186225,0.0275552025721055,0,0
buyer_N_1_gaslimit_cost_high,`Earring_recoded_Diamond Stud`,0.0334124781030735,0.0309925851059503,0,0
buyer_N_1_gaslimit_cost_high,`Earring_recoded_Gold Hoop`,0.0106458517578677,0.00650053234055334,0,0
buyer_N_1_gaslimit_cost_high,`Earring_recoded_Gold Stud`,0.0353411971977676,0.0314274845048289,0,0
buyer_N_1_gaslimit_cost_high,Earring_recoded_No_Earring,-0.0607192874589785,-0.0600620595391096,0,0
buyer_N_1_gaslimit_cost_high,`Earring_recoded_Silver Hoop`,-0.0367781233841939,-0.0315006327832775,0,0
buyer_N_1_gaslimit_cost_high,`Earring_recoded_Silver Stud`,0.0404163039786387,0.0412434444644765,0,0
buyer_N_1_gaslimit_cost_high,Eyes_recoded_Angry,0.00810467042883002,0.00955705288832563,0,0
buyer_N_1_gaslimit_cost_high,Eyes_recoded_Blindfold,-0.0445045234584352,-0.0451422006254891,0,0
buyer_N_1_gaslimit_cost_high,Eyes_recoded_Bloodshot,-0.0402905623447848,-0.0343186067139109,0,0
buyer_N_1_gaslimit_cost_high,Eyes_recoded_Bored,0.0216376649928382,0.023137759350287,0,0
buyer_N_1_gaslimit_cost_high,Eyes_recoded_Closed,-0.0688006038909195,-0.064641038152906,0,0
buyer_N_1_gaslimit_cost_high,Eyes_recoded_Coins,-0.0482377857176868,-0.0455260934735398,0,0
buyer_N_1_gaslimit_cost_high,Eyes_recoded_Crazy,-0.0547958254550767,-0.0568549976941293,0,0
buyer_N_1_gaslimit_cost_high,Eyes_recoded_Eyepatch,0.00957592827759398,0.00617340424825093,0,0
buyer_N_1_gaslimit_cost_high,Eyes_recoded_Heart,0.0173642273069786,0.0136206161685533,0,0
buyer_N_1_gaslimit_cost_high,Eyes_recoded_Holographic,0.0363251528643508,0.0341402301364064,0,0
buyer_N_1_gaslimit_cost_high,Eyes_recoded_Hypnotized,-0.0201242096365277,-0.0189753718624013,0,0
buyer_N_1_gaslimit_cost_high,Eyes_recoded_Other_Eyes,0.0871130268598131,0.0850465089657473,0,0
buyer_N_1_gaslimit_cost_high,Eyes_recoded_Robot,0.022344971633852,0.0223504355165361,0,0
buyer_N_1_gaslimit_cost_high,Eyes_recoded_Sad,-0.00683701991987537,-0.0118680127471738,0,0
buyer_N_1_gaslimit_cost_high,Eyes_recoded_Scumbag,0.0442818748150337,0.0418270552318106,0,0
buyer_N_1_gaslimit_cost_high,Eyes_recoded_Sleepy,0.00635924307590538,0.00963599212991312,0,0
buyer_N_1_gaslimit_cost_high,Eyes_recoded_Sunglasses,0.0763301365568889,0.0733141504669359,0,0
buyer_N_1_gaslimit_cost_high,`Eyes_recoded_Wide Eyed`,0.0406661488027364,0.0386777317350075,0,0
buyer_N_1_gaslimit_cost_high,`Eyes_recoded_X Eyes`,-0.0131776910965884,-0.013298782833509,0,0
buyer_N_1_gaslimit_cost_high,Eyes_recoded_Zombie,0.0315138897286874,0.0281838596435417,0,0
buyer_N_1_gaslimit_cost_high,Fur_recoded_Blue,0.0386997354833566,0.0427812481144321,0,0
buyer_N_1_gaslimit_cost_high,Fur_recoded_Brown,-0.0315726114107897,-0.0301572831243761,0,0
buyer_N_1_gaslimit_cost_high,Fur_recoded_Cheetah,0.0151874374711205,0.0116266648129441,0,0
buyer_N_1_gaslimit_cost_high,Fur_recoded_Cream,-0.0266435676066017,-0.0253150661860595,0,0
buyer_N_1_gaslimit_cost_high,`Fur_recoded_Dark Brown`,-0.046128380574904,-0.0447132590837348,0,0
buyer_N_1_gaslimit_cost_high,`Fur_recoded_Death Bot`,0.00427565192957417,0.00175648439870797,0,0
buyer_N_1_gaslimit_cost_high,Fur_recoded_Dmt,0.0294620085421348,0.02703932060963,0,0
buyer_N_1_gaslimit_cost_high,`Fur_recoded_Golden Brown`,-0.0552352097388171,-0.0595162388168609,0,0
buyer_N_1_gaslimit_cost_high,Fur_recoded_Gray,0.0448743510891033,0.0459052911871533,0,0
buyer_N_1_gaslimit_cost_high,Fur_recoded_Noise,0.0585128213888596,0.056453456857567,0,0
buyer_N_1_gaslimit_cost_high,Fur_recoded_Other_Fur,0.117500528150937,0.116697217351939,1,0
buyer_N_1_gaslimit_cost_high,Fur_recoded_Pink,0.00242566854768713,0.00271948192673733,0,0
buyer_N_1_gaslimit_cost_high,Fur_recoded_Red,-0.0446048784522452,-0.0490813766276894,0,0
buyer_N_1_gaslimit_cost_high,Fur_recoded_Robot,0.0719808254713591,0.0696946740297719,0,0
buyer_N_1_gaslimit_cost_high,Fur_recoded_Tan,-0.0402864547480175,-0.0412080394508057,0,0
buyer_N_1_gaslimit_cost_high,Fur_recoded_White,0.0355613197453832,0.0345638255805415,0,0
buyer_N_1_gaslimit_cost_high,Fur_recoded_Zombie,-0.0303707320649987,-0.0304915123256973,0,0
buyer_N_1_gaslimit_cost_high,`Hat_recoded_Baby's Bonnet`,-0.0538955712002116,-0.0567365081556418,0,0
buyer_N_1_gaslimit_cost_high,`Hat_recoded_Bayc Flipped Brim`,0.0788923922230644,0.0766163949922124,0,0
buyer_N_1_gaslimit_cost_high,`Hat_recoded_Bayc Hat Black`,0.0878088817648057,0.0855000675377842,0,0
buyer_N_1_gaslimit_cost_high,`Hat_recoded_Bayc Hat Red`,0.0737549710493539,0.0721854487645088,0,0
buyer_N_1_gaslimit_cost_high,Hat_recoded_Beanie,-0.0358802526069748,-0.0313691858599006,0,0
buyer_N_1_gaslimit_cost_high,Hat_recoded_Bowler,-0.0323501942232151,-0.0327681600434946,0,0
buyer_N_1_gaslimit_cost_high,`Hat_recoded_Bunny Ears`,-0.0195759897076522,-0.0186049690126579,0,0
buyer_N_1_gaslimit_cost_high,`Hat_recoded_Commie Hat`,0.0363126702509562,0.0328546822424142,0,0
buyer_N_1_gaslimit_cost_high,`Hat_recoded_Cowboy Hat`,-0.0655864535332627,-0.069584407515867,0,0
buyer_N_1_gaslimit_cost_high,`Hat_recoded_Faux Hawk`,0.0432092929324558,0.0414643286718545,0,0
buyer_N_1_gaslimit_cost_high,Hat_recoded_Fez,-0.0342519920714998,-0.0327394234654268,0,0
buyer_N_1_gaslimit_cost_high,`Hat_recoded_Fisherman's Hat`,-0.0252585229991844,-0.0265845801003098,0,0
buyer_N_1_gaslimit_cost_high,`Hat_recoded_Girl's Hair Pink`,-0.0149013750496721,-0.0171468793771508,0,0
buyer_N_1_gaslimit_cost_high,`Hat_recoded_Girl's Hair Short`,-0.00458189829175305,-0.00234265805245341,0,0
buyer_N_1_gaslimit_cost_high,Hat_recoded_Halo,-0.0118299342528863,-0.0156331681253227,0,0
buyer_N_1_gaslimit_cost_high,Hat_recoded_Horns,-0.0231704174351969,-0.0233529261358733,0,0
buyer_N_1_gaslimit_cost_high,`Hat_recoded_Irish Boho`,-0.075512007833899,-0.0788519932371678,0,0
buyer_N_1_gaslimit_cost_high,Hat_recoded_No_Hat,0.0304398707705313,0.031138570845601,0,0
buyer_N_1_gaslimit_cost_high,Hat_recoded_Other_Hat,0.0177452896287592,0.0140924436986494,0,0
buyer_N_1_gaslimit_cost_high,`Hat_recoded_Party Hat 1`,0.0719951438728617,0.0765094786440662,0,0
buyer_N_1_gaslimit_cost_high,`Hat_recoded_Police Motorcycle Helmet`,-0.0320773310635958,-0.0345807905791952,0,0
buyer_N_1_gaslimit_cost_high,`Hat_recoded_Prussian Helmet`,-0.0566071422704284,-0.0548824515902739,0,0
buyer_N_1_gaslimit_cost_high,`Hat_recoded_S&m Hat`,-0.0137003367112205,-0.0169688633845805,0,0
buyer_N_1_gaslimit_cost_high,Hat_recoded_Safari,-0.00408313277655355,-0.00676776161513773,0,0
buyer_N_1_gaslimit_cost_high,`Hat_recoded_Sea Captain's Hat`,0.0306736592911043,0.0312379584182141,0,0
buyer_N_1_gaslimit_cost_high,`Hat_recoded_Seaman's Hat`,0.0482043073055077,0.0471600546710256,0,0
buyer_N_1_gaslimit_cost_high,`Hat_recoded_Short Mohawk`,0.0184437317535087,0.0278866623188413,0,0
buyer_N_1_gaslimit_cost_high,`Hat_recoded_Spinner Hat`,0.0595909698610721,0.0575854089175248,0,0
buyer_N_1_gaslimit_cost_high,`Hat_recoded_Stuntman Helmet`,-0.0524064087090137,-0.0505658934859961,0,0
buyer_N_1_gaslimit_cost_high,`Hat_recoded_Sushi Chef Headband`,-0.0486570781819209,-0.0439614779857519,0,0
buyer_N_1_gaslimit_cost_high,`Hat_recoded_Vietnam Era Helmet`,0.0292456101448836,0.0342409646046809,0,0
buyer_N_1_gaslimit_cost_high,`Hat_recoded_Ww2 Pilot Helm`,-0.00520077127002715,-0.00205119124775719,0,0
buyer_N_1_gaslimit_cost_high,`Mouth_recoded_Bored Bubblegum`,-0.00547164825229887,-0.00746962695755961,0,0
buyer_N_1_gaslimit_cost_high,`Mouth_recoded_Bored Cigar`,0.0373232251018624,0.0355118541970376,0,0
buyer_N_1_gaslimit_cost_high,`Mouth_recoded_Bored Cigarette`,-0.0104535849651307,-0.00333080692438197,0,0
buyer_N_1_gaslimit_cost_high,`Mouth_recoded_Bored Pipe`,0.0526645756049698,0.0509324510644015,0,0
buyer_N_1_gaslimit_cost_high,`Mouth_recoded_Bored Unshaven`,0.0395527950418738,0.037773648862502,0,0
buyer_N_1_gaslimit_cost_high,`Mouth_recoded_Bored Unshaven Cigar`,0.00520077127002716,0.00314982909217921,0,0
buyer_N_1_gaslimit_cost_high,`Mouth_recoded_Bored Unshaven Cigarette`,0.00778143925639695,0.00615032708867987,0,0
buyer_N_1_gaslimit_cost_high,Mouth_recoded_Discomfort,-0.0565210809087599,-0.0561801371396631,0,0
buyer_N_1_gaslimit_cost_high,Mouth_recoded_Dumbfounded,-0.0425693635048476,-0.0406437039576573,0,0
buyer_N_1_gaslimit_cost_high,Mouth_recoded_Grin,0.0623858587505144,0.0596892603798603,0,0
buyer_N_1_gaslimit_cost_high,Mouth_recoded_Jovial,-0.025426914640363,-0.0227635680881932,0,0
buyer_N_1_gaslimit_cost_high,Mouth_recoded_Other_Mouth,0.0568591571819645,0.0516997932302653,0,0
buyer_N_1_gaslimit_cost_high,`Mouth_recoded_Phoneme  ooo`,-0.0411087311707155,-0.0412291989256967,0,0
buyer_N_1_gaslimit_cost_high,`Mouth_recoded_Phoneme L`,-0.069976792187368,-0.0733919240414456,0,0
buyer_N_1_gaslimit_cost_high,`Mouth_recoded_Phoneme Oh`,-0.0299511769013606,-0.0257264659001077,0,0
buyer_N_1_gaslimit_cost_high,`Mouth_recoded_Phoneme Vuh`,-0.0176153431471098,-0.0214756670208529,0,0
buyer_N_1_gaslimit_cost_high,`Mouth_recoded_Phoneme Wah`,-0.0595909698610716,-0.062182144233442,0,0
buyer_N_1_gaslimit_cost_high,Mouth_recoded_Rage,-0.0329479847300573,-0.0300345999107074,0,0
buyer_N_1_gaslimit_cost_high,`Mouth_recoded_Small Grin`,-0.0133025073626408,-0.0100190856808452,0,0
buyer_N_1_gaslimit_cost_high,`Mouth_recoded_Tongue Out`,-0.0169670613392468,-0.0154279422873749,0,0
buyer_N_1_gaslimit_cost_high,`log_price_change_n-1`,0.35915923926272,0.353776350541405,1,1
seller_N_gaslimit_cost_high,log_price_1_sale,-0.0929536422574564,-0.111448269569371,1,0
seller_N_gaslimit_cost_high,sold_after_30d,-0.449830036211117,-0.153664937024922,1,0
seller_N_gaslimit_cost_high,log_buyern_total_value,0.360052600166808,0.18035873971416,1,0
seller_N_gaslimit_cost_high,log_buyern_rolling_avg_value_last10,-0.252056222497113,-0.166224866152017,1,0
seller_N_gaslimit_cost_high,log_sellern_total_value,0.634733267838634,0.486084364513734,1,1
seller_N_gaslimit_cost_high,log_sellern_rolling_avg_value_last10,-0.0541657381336395,-0.115212413196495,1,0
seller_N_gaslimit_cost_high,log_buyern_1_total_value,0.263535308711601,0.0557161652579105,0,0
seller_N_gaslimit_cost_high,log_buyern_1_rolling_avg_value_last10,-0.104991766747851,-0.056193729893915,0,0
seller_N_gaslimit_cost_high,log_sellern_1_total_value,0.160685444635843,-0.00143755225431521,0,0
seller_N_gaslimit_cost_high,log_sellern_1_rolling_avg_value_last10,0.0150999240259386,-0.11919886896118,1,0
seller_N_gaslimit_cost_high,log_unique_makers_count,0.0842556961286442,-0.0968509125333314,0,0
seller_N_gaslimit_cost_high,log_median_offer_price,-0.160285831927922,-0.186189680977849,1,0
seller_N_gaslimit_cost_high,log_buyern_avg_total_gaspaid,0.386295127219418,0.191388018330665,1,0
seller_N_gaslimit_cost_high,log_buyern_1_avg_total_gaspaid,0.277471570806517,0.109259946699333,1,0
seller_N_gaslimit_cost_high,log_sellern_avg_total_gaspaid,1.65223345124085,1.33250186663306,1,1
seller_N_gaslimit_cost_high,log_sellern_1_avg_total_gaspaid,0.489932260050576,0.169891543040548,1,0
seller_N_gaslimit_cost_high,log_buyern_avg_gasLimit_cost,0.0382793516909271,0.164674508498222,1,0
seller_N_gaslimit_cost_high,log_buyern_1_avg_gasLimit_cost,-0.0705895836329208,0.13128160148842,1,0
seller_N_gaslimit_cost_high,log_sellern_1_avg_gasLimit_cost,0.400033073197749,0.176063881812113,1,0
seller_N_gaslimit_cost_high,`time_n_sale_str_2021-06`,0.105081234075488,0.143377510557723,1,0
seller_N_gaslimit_cost_high,`time_n_sale_str_2021-07`,0.0923555509256371,0.128428480061102,1,0
seller_N_gaslimit_cost_high,`time_n_sale_str_2021-08`,0.0998480582510116,0.146821418851272,1,0
seller_N_gaslimit_cost_high,`time_n_sale_str_2021-09`,0.0981609546455363,0.132183359340311,1,0
seller_N_gaslimit_cost_high,`time_n_sale_str_2021-10`,0.129336635848068,0.168550642096541,1,0
seller_N_gaslimit_cost_high,`time_n_sale_str_2021-11`,0.180142943276786,0.225897717488609,1,0
seller_N_gaslimit_cost_high,`time_n_sale_str_2021-12`,0.100275306764522,0.14537203922434,1,0
seller_N_gaslimit_cost_high,`time_n_sale_str_2022-01`,0.108776807725316,0.171235741101446,1,0
seller_N_gaslimit_cost_high,`time_n_sale_str_2022-02`,0.0370123596171521,0.075351269982925,0,0
seller_N_gaslimit_cost_high,`time_n_sale_str_2022-03`,-0.0535957907502417,-0.0117791228616025,0,0
seller_N_gaslimit_cost_high,`time_n_sale_str_2022-04`,-0.00374059758277915,0.0410795410552817,0,0
seller_N_gaslimit_cost_high,`time_n_sale_str_2022-05`,-0.0189948429162901,0.0290693523492407,0,0
seller_N_gaslimit_cost_high,`time_n_sale_str_2022-06`,-0.0368939093103482,0.00189546938291343,0,0
seller_N_gaslimit_cost_high,`time_n_sale_str_2022-07`,-0.0318202794774997,-0.00574027433181675,0,0
seller_N_gaslimit_cost_high,`time_n_sale_str_2022-08`,-0.0803021879950398,-0.0511687911047191,0,0
seller_N_gaslimit_cost_high,`time_n_sale_str_2022-09`,-0.0375478016632867,-0.0123132131309482,0,0
seller_N_gaslimit_cost_high,`time_n_sale_str_2022-10`,-0.0209538982033304,-0.000973741870980856,0,0
seller_N_gaslimit_cost_high,`time_n_sale_str_2022-11`,-0.0558849130203829,-0.0250026823422377,0,0
seller_N_gaslimit_cost_high,`time_n_sale_str_2022-12`,-0.0962174531189055,-0.082566166208163,0,0
seller_N_gaslimit_cost_high,`time_n_sale_str_2023-01`,-0.0459645678688538,-0.0200248168854816,0,0
seller_N_gaslimit_cost_high,`time_n_sale_str_2023-02`,-0.0621018599564953,-0.0407312760116892,0,0
seller_N_gaslimit_cost_high,`time_n_sale_str_2023-03`,-0.120965563780764,-0.10316878065718,1,0
seller_N_gaslimit_cost_high,`time_n_sale_str_2023-04`,-0.131755696236154,-0.114286025184098,1,0
seller_N_gaslimit_cost_high,`time_n_sale_str_2023-05`,-0.0504571711501608,-0.0308464503138061,0,0
seller_N_gaslimit_cost_high,`time_n_sale_str_2023-06`,0.0849201500056064,0.0636020535169213,0,0
seller_N_gaslimit_cost_high,`time_n_sale_str_2023-07`,-0.049841142193577,-0.0239435058459862,0,0
seller_N_gaslimit_cost_high,`time_n_sale_str_2023-08`,-0.147944157838691,-0.126942441960697,1,0
seller_N_gaslimit_cost_high,`time_n_sale_str_2023-09`,0.012849573951374,0.0364021005495259,0,0
seller_N_gaslimit_cost_high,`time_n_sale_str_2023-10`,-0.132414398976497,-0.127005731899147,1,0
seller_N_gaslimit_cost_high,`time_n_sale_str_2023-11`,-0.0110078891262663,-0.0802747562078047,0,0
seller_N_gaslimit_cost_high,`time_n_sale_str_2023-12`,0.043540544687329,-0.0751465528718865,0,0
seller_N_gaslimit_cost_high,`time_n_sale_str_2024-01`,0.272036547692528,0.0778554645400484,0,0
seller_N_gaslimit_cost_high,`time_n_sale_str_2024-02`,0.0136825184638315,-0.0802936362216416,0,0
seller_N_gaslimit_cost_high,`time_n_sale_str_2024-03`,0.0192038771104348,-0.0176631708636614,0,0
seller_N_gaslimit_cost_high,`time_n_sale_str_2024-04`,0.0716379760522022,-0.0858179349617225,0,0
seller_N_gaslimit_cost_high,`time_n_sale_str_2024-05`,0.13699032388365,0.079651221792179,0,0
seller_N_gaslimit_cost_high,`time_n_sale_str_2024-06`,-0.0334282825219728,-0.110747835904026,1,0
seller_N_gaslimit_cost_high,`time_n_sale_str_2024-07`,-0.0661392621078318,-0.0511687911047189,0,0
seller_N_gaslimit_cost_high,`time_n_sale_str_2024-08`,-0.121940025459182,-0.106954454544397,1,0
seller_N_gaslimit_cost_high,`time_n_sale_str_2024-09`,-0.0523347922443855,-0.0385567007347331,0,0
seller_N_gaslimit_cost_high,`time_n_sale_str_2024-10`,-0.0666137946032353,-0.0621766536429107,0,0
seller_N_gaslimit_cost_high,`time_n_sale_str_2024-11`,-0.219032117080372,-0.206546837035033,1,0
seller_N_gaslimit_cost_high,`time_n_sale_str_2024-12`,-0.118678052701838,-0.0852885955603724,0,0
seller_N_gaslimit_cost_high,`time_n_sale_str_2025-01`,-0.0895548118882789,-0.0827089729992661,0,0
seller_N_gaslimit_cost_high,`time_n_sale_str_2025-02`,-0.118892779595117,-0.0928400160558968,0,0
seller_N_gaslimit_cost_high,`time_n_sale_str_2025-03`,-0.0467062924513786,-0.0280885668003612,0,0
seller_N_gaslimit_cost_high,`time_n-1_sale_str_2021-06`,0.0481400155158308,0.134866805789602,1,0
seller_N_gaslimit_cost_high,`time_n-1_sale_str_2021-07`,-0.0238317972471187,0.0344511202700727,0,0
seller_N_gaslimit_cost_high,`time_n-1_sale_str_2021-08`,-0.0171613560077829,0.0594469026747689,0,0
seller_N_gaslimit_cost_high,`time_n-1_sale_str_2021-09`,0.074132966052244,0.116229169173782,1,0
seller_N_gaslimit_cost_high,`time_n-1_sale_str_2021-10`,0.00792908778149459,0.0450105764261,0,0
seller_N_gaslimit_cost_high,`time_n-1_sale_str_2021-11`,-0.0277198682198101,0.00889155226588573,0,0
seller_N_gaslimit_cost_high,`time_n-1_sale_str_2021-12`,-0.0270308703385523,0.0047437124272978,0,0
seller_N_gaslimit_cost_high,`time_n-1_sale_str_2022-01`,-0.0342760545760414,0.00814341873816343,0,0
seller_N_gaslimit_cost_high,`time_n-1_sale_str_2022-02`,-0.0609236679481659,-0.0415196108131875,0,0
seller_N_gaslimit_cost_high,`time_n-1_sale_str_2022-03`,-0.114395877617203,-0.0906719621711234,0,0
seller_N_gaslimit_cost_high,`time_n-1_sale_str_2022-04`,-0.098612209365378,-0.0771518965143145,0,0
seller_N_gaslimit_cost_high,`time_n-1_sale_str_2022-05`,-0.0928463496004785,-0.0685834227309884,0,0
seller_N_gaslimit_cost_high,`time_n-1_sale_str_2022-06`,-0.110714852502101,-0.0852471886457018,0,0
seller_N_gaslimit_cost_high,`time_n-1_sale_str_2022-07`,-0.0713851487213045,-0.0502098509369495,0,0
seller_N_gaslimit_cost_high,`time_n-1_sale_str_2022-08`,-0.119500598879719,-0.0995836343787852,0,0
seller_N_gaslimit_cost_high,`time_n-1_sale_str_2022-09`,-0.0730806511621402,-0.0550374113515154,0,0
seller_N_gaslimit_cost_high,`time_n-1_sale_str_2022-10`,-0.033331932357825,-0.0180674084247333,0,0
seller_N_gaslimit_cost_high,`time_n-1_sale_str_2022-11`,-0.100151351310733,-0.0828497914013694,0,0
seller_N_gaslimit_cost_high,`time_n-1_sale_str_2022-12`,-0.0898617349552034,-0.0734304471833882,0,0
seller_N_gaslimit_cost_high,`time_n-1_sale_str_2023-01`,-0.0999566092148445,-0.0878907734449278,0,0
seller_N_gaslimit_cost_high,`time_n-1_sale_str_2023-02`,-0.0928741906422767,-0.077776560388133,0,0
seller_N_gaslimit_cost_high,`time_n-1_sale_str_2023-03`,-0.068706819574923,-0.0484508961014456,0,0
seller_N_gaslimit_cost_high,`time_n-1_sale_str_2023-04`,-0.112322370834699,-0.0953824091730723,0,0
seller_N_gaslimit_cost_high,`time_n-1_sale_str_2023-05`,-0.149716816985496,-0.14687501842039,1,0
seller_N_gaslimit_cost_high,`time_n-1_sale_str_2023-06`,0.0708299768818346,0.0456158710059035,0,0
seller_N_gaslimit_cost_high,`time_n-1_sale_str_2023-07`,0.0100419491462132,0.0339956025749783,0,0
seller_N_gaslimit_cost_high,`time_n-1_sale_str_2023-08`,-0.094702431110488,-0.0731406829320762,0,0
seller_N_gaslimit_cost_high,`time_n-1_sale_str_2023-09`,-0.000162912923251343,0.0198229248004636,0,0
seller_N_gaslimit_cost_high,`time_n-1_sale_str_2023-10`,-0.0965778882459109,-0.106832881837246,1,0
seller_N_gaslimit_cost_high,`time_n-1_sale_str_2023-11`,0.0367574410605751,-0.0104521442984578,0,0
seller_N_gaslimit_cost_high,`time_n-1_sale_str_2023-12`,0.162990522061356,0.0715461656719193,0,0
seller_N_gaslimit_cost_high,`time_n-1_sale_str_2024-01`,0.310230902321289,0.0845633664078189,0,0
seller_N_gaslimit_cost_high,`time_n-1_sale_str_2024-02`,0.108007570727,0.00495859164894889,0,0
seller_N_gaslimit_cost_high,`time_n-1_sale_str_2024-03`,0.099019523460792,0.0284723036608866,0,0
seller_N_gaslimit_cost_high,`time_n-1_sale_str_2024-04`,0.155941585799283,-0.00600223209254042,0,0
seller_N_gaslimit_cost_high,`time_n-1_sale_str_2024-05`,0.154605986450207,0.0813809062422769,0,0
seller_N_gaslimit_cost_high,`time_n-1_sale_str_2024-06`,0.00805894785321132,-0.0620216850544957,0,0
seller_N_gaslimit_cost_high,`time_n-1_sale_str_2024-07`,-0.0483747804849321,-0.0334737712908615,0,0
seller_N_gaslimit_cost_high,`time_n-1_sale_str_2024-08`,-0.0508433892892595,-0.0358194435099425,0,0
seller_N_gaslimit_cost_high,`time_n-1_sale_str_2024-09`,-0.000192974166680442,0.0162501014527588,0,0
seller_N_gaslimit_cost_high,`time_n-1_sale_str_2024-10`,-0.0275808615214372,-0.03078325163218,0,0
seller_N_gaslimit_cost_high,`time_n-1_sale_str_2024-11`,-0.109363495946188,-0.099849416630614,0,0
seller_N_gaslimit_cost_high,`time_n-1_sale_str_2024-12`,-0.0609855783836637,-0.0526695269313488,0,0
seller_N_gaslimit_cost_high,`time_n-1_sale_str_2025-01`,0.033053287853432,0.043162031864744,0,0
seller_N_gaslimit_cost_high,`time_n-1_sale_str_2025-02`,-0.0665367192168973,-0.0550433514350887,0,0
seller_N_gaslimit_cost_high,`time_n-1_sale_str_2025-03`,0.0147396209526525,0.0254242396695822,0,0
seller_N_gaslimit_cost_high,`Background_recoded_Army Green`,0.0490917686006417,0.0296984545542845,0,0
seller_N_gaslimit_cost_high,Background_recoded_Blue,-0.0223627404100054,-0.012425143457346,0,0
seller_N_gaslimit_cost_high,Background_recoded_Gray,-0.0125041504785597,-0.000888953617914657,0,0
seller_N_gaslimit_cost_high,`Background_recoded_New Punk Blue`,0.00891640538038355,0.0148946011646292,0,0
seller_N_gaslimit_cost_high,Background_recoded_Orange,-0.00248364945056582,0.0198202027671776,0,0
seller_N_gaslimit_cost_high,Background_recoded_Purple,0.014106454126236,0.00530790285829484,0,0
seller_N_gaslimit_cost_high,Background_recoded_Yellow,-0.0106010636619766,-0.0388782110314569,0,0
seller_N_gaslimit_cost_high,`Clothes_recoded_Bayc T Black`,-0.0616620843279545,-0.0379595717657383,0,0
seller_N_gaslimit_cost_high,`Clothes_recoded_Bayc T Red`,-0.0747888309079293,-0.0578356079618913,0,0
seller_N_gaslimit_cost_high,`Clothes_recoded_Biker Vest`,0.0788902452694284,0.0636020535169215,0,0
seller_N_gaslimit_cost_high,`Clothes_recoded_Black Holes T`,0.018050270653149,0.0126585149038359,0,0
seller_N_gaslimit_cost_high,`Clothes_recoded_Black T`,-0.00655230285374829,0.00980716200013111,0,0
seller_N_gaslimit_cost_high,`Clothes_recoded_Bone Necklace`,-0.028932824186888,-0.0389702269006401,0,0
seller_N_gaslimit_cost_high,`Clothes_recoded_Bone Tee`,-0.033630693112402,-0.0750987180893241,0,0
seller_N_gaslimit_cost_high,`Clothes_recoded_Caveman Pelt`,0.0312267673198229,0.016156429725952,0,0
seller_N_gaslimit_cost_high,`Clothes_recoded_Cowboy Shirt`,-0.00555900184201874,-0.0108524985845258,0,0
seller_N_gaslimit_cost_high,Clothes_recoded_Guayabera,0.0474803232126401,0.0328291318423266,0,0
seller_N_gaslimit_cost_high,Clothes_recoded_Hawaiian,0.0062790660564045,0.000400437512179209,0,0
seller_N_gaslimit_cost_high,`Clothes_recoded_Hip Hop`,-0.121979732779721,-0.103149743053844,1,0
seller_N_gaslimit_cost_high,`Clothes_recoded_Lab Coat`,-0.00521216122116014,0.000647832258231304,0,0
seller_N_gaslimit_cost_high,`Clothes_recoded_Leather Jacket`,-0.00477050350743115,0.00121248051713654,0,0
seller_N_gaslimit_cost_high,`Clothes_recoded_Leather Punk Jacket`,-0.0666137946032355,-0.0559181322922697,0,0
seller_N_gaslimit_cost_high,`Clothes_recoded_Lumberjack Shirt`,-0.0360814384427352,-0.0575633928299809,0,0
seller_N_gaslimit_cost_high,`Clothes_recoded_Navy Striped Tee`,0.0055408513861752,-8.90456486585933e-05,0,0
seller_N_gaslimit_cost_high,Clothes_recoded_No_Clothes,0.00891833031641151,0.0123631845283132,0,0
seller_N_gaslimit_cost_high,Clothes_recoded_Other_Clothes,-0.0534355590179608,-0.0122935573435712,0,0
seller_N_gaslimit_cost_high,`Clothes_recoded_Prison Jumpsuit`,0.0391929706247795,0.0164716029475931,0,0
seller_N_gaslimit_cost_high,`Clothes_recoded_Prom Dress`,0.0923884183376464,0.0908436906038848,0,0
seller_N_gaslimit_cost_high,`Clothes_recoded_Puffy Vest`,0.0180502706531489,0.0351961929732558,0,0
seller_N_gaslimit_cost_high,`Clothes_recoded_Rainbow Suspenders`,0.0280381690842541,0.0295159383840305,0,0
seller_N_gaslimit_cost_high,`Clothes_recoded_Sailor Shirt`,0.0353674502945186,0.0321312428917197,0,0
seller_N_gaslimit_cost_high,Clothes_recoded_Service,0.0159128387238323,0.0211743301184791,0,0
seller_N_gaslimit_cost_high,`Clothes_recoded_Sleeveless Logo T`,-0.000247960274168122,0.0129150624423321,0,0
seller_N_gaslimit_cost_high,`Clothes_recoded_Sleeveless T`,0.00664058481350432,-0.00465231315281818,0,0
seller_N_gaslimit_cost_high,`Clothes_recoded_Smoking Jacket`,0.0111205145243502,-0.00398385556077435,0,0
seller_N_gaslimit_cost_high,`Clothes_recoded_Striped Tee`,0.0499177167445915,0.0372900945739399,0,0
seller_N_gaslimit_cost_high,`Clothes_recoded_Stunt Jacket`,0.0600983259983097,0.0710330641396269,0,0
seller_N_gaslimit_cost_high,Clothes_recoded_Tanktop,0.0416193957532045,0.052507042349445,0,0
seller_N_gaslimit_cost_high,`Clothes_recoded_Tie Dye`,-0.0372679659052272,-0.0509726093836749,0,0
seller_N_gaslimit_cost_high,Clothes_recoded_Toga,0.0396484661502775,0.0340309466657447,0,0
seller_N_gaslimit_cost_high,`Clothes_recoded_Tuxedo Tee`,-0.00721070315341087,-0.00495836865376666,0,0
seller_N_gaslimit_cost_high,`Clothes_recoded_Tweed Suit`,-0.0440103673625716,-0.0492206409665334,0,0
seller_N_gaslimit_cost_high,`Clothes_recoded_Vietnam Jacket`,-0.0487115862785537,-0.0507785851609739,0,0
seller_N_gaslimit_cost_high,`Clothes_recoded_Wool Turtleneck`,-0.0353233989368449,-0.0161271695519617,0,0
seller_N_gaslimit_cost_high,`Clothes_recoded_Work Vest`,0.0166791079160295,0.0133665365990395,0,0
seller_N_gaslimit_cost_high,`Earring_recoded_Diamond Stud`,-0.0420587652598793,-0.0250026823422377,0,0
seller_N_gaslimit_cost_high,`Earring_recoded_Gold Hoop`,-0.0377380028590624,-0.0393683448216732,0,0
seller_N_gaslimit_cost_high,`Earring_recoded_Gold Stud`,-0.101149592089519,-0.0665491438993263,0,0
seller_N_gaslimit_cost_high,Earring_recoded_No_Earring,0.0523856294722936,0.0275674860277025,0,0
seller_N_gaslimit_cost_high,`Earring_recoded_Silver Hoop`,-0.0219715348040785,-0.0408207408024181,0,0
seller_N_gaslimit_cost_high,`Earring_recoded_Silver Stud`,0.051903053883085,0.065609273197191,0,0
seller_N_gaslimit_cost_high,Eyes_recoded_Angry,-0.0139731117451124,-0.0211234245456219,0,0
seller_N_gaslimit_cost_high,Eyes_recoded_Blindfold,0.114226858461172,0.109128625269758,1,0
seller_N_gaslimit_cost_high,Eyes_recoded_Bloodshot,0.00337861241218348,-0.0227652878704645,0,0
seller_N_gaslimit_cost_high,Eyes_recoded_Bored,-0.106453727979566,-0.0657844836839713,0,0
seller_N_gaslimit_cost_high,Eyes_recoded_Closed,0.10579908068847,0.0603915976761159,0,0
seller_N_gaslimit_cost_high,Eyes_recoded_Coins,0.0629897293230292,0.0372558210852797,0,0
seller_N_gaslimit_cost_high,Eyes_recoded_Crazy,0.101384221921227,0.0775128569028934,0,0
seller_N_gaslimit_cost_high,Eyes_recoded_Eyepatch,0.00918734740206235,0.0121874923336109,0,0
seller_N_gaslimit_cost_high,Eyes_recoded_Heart,-0.046744545504931,-0.000490404011753068,0,0
seller_N_gaslimit_cost_high,Eyes_recoded_Holographic,-0.000268957190494041,0.0222758081589638,0,0
seller_N_gaslimit_cost_high,Eyes_recoded_Hypnotized,-0.00432927978498454,-0.0171304192680328,0,0
seller_N_gaslimit_cost_high,Eyes_recoded_Other_Eyes,-0.0707831554298213,-0.0401079187293216,0,0
seller_N_gaslimit_cost_high,Eyes_recoded_Robot,-0.0355037879177567,-0.00979579174149211,0,0
seller_N_gaslimit_cost_high,Eyes_recoded_Sad,0.0245088375235934,0.0397228501402967,0,0
seller_N_gaslimit_cost_high,Eyes_recoded_Scumbag,-0.0445829631787954,-0.0310220172797611,0,0
seller_N_gaslimit_cost_high,Eyes_recoded_Sleepy,-0.00697083666002209,-0.0348673279191914,0,0
seller_N_gaslimit_cost_high,Eyes_recoded_Sunglasses,-0.0321742397917821,-0.00979579174149211,0,0
seller_N_gaslimit_cost_high,`Eyes_recoded_Wide Eyed`,0.0114258582418711,0.0212228002231605,0,0
seller_N_gaslimit_cost_high,`Eyes_recoded_X Eyes`,-0.0333223305898659,-0.0884590132872412,0,0
seller_N_gaslimit_cost_high,Eyes_recoded_Zombie,-0.0319066621094077,-0.0168769484585069,0,0
seller_N_gaslimit_cost_high,Fur_recoded_Blue,0.0898931373502338,0.0906421730442762,0,0
seller_N_gaslimit_cost_high,Fur_recoded_Brown,0.0433208043265199,0.00143120826616061,0,0
seller_N_gaslimit_cost_high,Fur_recoded_Cheetah,-0.0642226103582848,-0.034028100669219,0,0
seller_N_gaslimit_cost_high,Fur_recoded_Cream,0.00830086283353163,-0.0147010746930724,0,0
seller_N_gaslimit_cost_high,`Fur_recoded_Dark Brown`,-0.0183704584555204,-0.0142551994730538,0,0
seller_N_gaslimit_cost_high,`Fur_recoded_Death Bot`,-0.0644457140015425,-0.0343549368903848,0,0
seller_N_gaslimit_cost_high,Fur_recoded_Dmt,-0.00449924857278303,0.00584014323896716,0,0
seller_N_gaslimit_cost_high,`Fur_recoded_Golden Brown`,-0.0322206358015679,-0.030558237005353,0,0
seller_N_gaslimit_cost_high,Fur_recoded_Gray,0.054347462609056,0.0611216859518701,0,0
seller_N_gaslimit_cost_high,Fur_recoded_Noise,-0.0767993149539705,-0.0498003442184524,0,0
seller_N_gaslimit_cost_high,Fur_recoded_Other_Fur,-0.00636992083557162,0.0173343227262998,0,0
seller_N_gaslimit_cost_high,Fur_recoded_Pink,-0.0126526817185979,-0.017535500589528,0,0
seller_N_gaslimit_cost_high,Fur_recoded_Red,0.0703943937554992,0.0631060188765834,0,0
seller_N_gaslimit_cost_high,Fur_recoded_Robot,-0.0802861868802371,-0.059894217221137,0,0
seller_N_gaslimit_cost_high,Fur_recoded_Tan,0.0128520783390557,0.00950437260244068,0,0
seller_N_gaslimit_cost_high,Fur_recoded_White,-0.00319414163108683,0.000290608709103082,0,0
seller_N_gaslimit_cost_high,Fur_recoded_Zombie,-0.0509910054278396,-0.0538496390460673,0,0
seller_N_gaslimit_cost_high,`Hat_recoded_Baby's Bonnet`,0.0536055307296979,0.0754235240246599,0,0
seller_N_gaslimit_cost_high,`Hat_recoded_Bayc Flipped Brim`,-0.110821580094051,-0.0823229991542683,0,0
seller_N_gaslimit_cost_high,`Hat_recoded_Bayc Hat Black`,-0.111079795577098,-0.0865444527925826,0,0
seller_N_gaslimit_cost_high,`Hat_recoded_Bayc Hat Red`,-0.0739724507558067,-0.0519145926585291,0,0
seller_N_gaslimit_cost_high,Hat_recoded_Beanie,-0.0364117867765629,-0.0460128452701458,0,0
seller_N_gaslimit_cost_high,Hat_recoded_Bowler,0.0190257575443726,0.0138949962583381,0,0
seller_N_gaslimit_cost_high,`Hat_recoded_Bunny Ears`,0.0349292133217676,0.0403992769523303,0,0
seller_N_gaslimit_cost_high,`Hat_recoded_Commie Hat`,0.0298485925962024,0.0408429544337625,0,0
seller_N_gaslimit_cost_high,`Hat_recoded_Cowboy Hat`,-0.0123368569159482,-0.0287888903907764,0,0
seller_N_gaslimit_cost_high,`Hat_recoded_Faux Hawk`,0.0105751389911239,0.0266637293463666,0,0
seller_N_gaslimit_cost_high,Hat_recoded_Fez,0.0452386086787617,0.0397722514285276,0,0
seller_N_gaslimit_cost_high,`Hat_recoded_Fisherman's Hat`,0.0248128255269726,0.0185047376662587,0,0
seller_N_gaslimit_cost_high,`Hat_recoded_Girl's Hair Pink`,0.024593075374649,0.0339956025749782,0,0
seller_N_gaslimit_cost_high,`Hat_recoded_Girl's Hair Short`,0.0226456346781399,0.00805434427948509,0,0
seller_N_gaslimit_cost_high,Hat_recoded_Halo,0.00549313743162878,0.0194363681457276,0,0
seller_N_gaslimit_cost_high,Hat_recoded_Horns,0.00293584412920666,-0.0298390907870768,0,0
seller_N_gaslimit_cost_high,`Hat_recoded_Irish Boho`,0.0248127675829222,0.00889155226588575,0,0
seller_N_gaslimit_cost_high,Hat_recoded_No_Hat,0.000157520927258844,0.0118099554292326,0,0
seller_N_gaslimit_cost_high,Hat_recoded_Other_Hat,-0.0418326384431717,-0.0111013146353896,0,0
seller_N_gaslimit_cost_high,`Hat_recoded_Party Hat 1`,-0.0413548369963567,-0.0286741349812451,0,0
seller_N_gaslimit_cost_high,`Hat_recoded_Police Motorcycle Helmet`,0.00431552501510525,-0.0200248168854816,0,0
seller_N_gaslimit_cost_high,`Hat_recoded_Prussian Helmet`,-0.00968931490284401,-0.00743746396807414,0,0
seller_N_gaslimit_cost_high,`Hat_recoded_S&m Hat`,0.0544644104296293,0.0400328107946174,0,0
seller_N_gaslimit_cost_high,Hat_recoded_Safari,0.0364567055212927,0.0186670879580597,0,0
seller_N_gaslimit_cost_high,`Hat_recoded_Sea Captain's Hat`,-0.0719644007155845,-0.0600468452755156,0,0
seller_N_gaslimit_cost_high,`Hat_recoded_Seaman's Hat`,-0.0165336345163282,-0.0192978407400506,0,0
seller_N_gaslimit_cost_high,`Hat_recoded_Short Mohawk`,0.0487945219177097,0.0382797758031678,0,0
seller_N_gaslimit_cost_high,`Hat_recoded_Spinner Hat`,-0.041508550797443,-0.0175993849608771,0,0
seller_N_gaslimit_cost_high,`Hat_recoded_Stuntman Helmet`,0.0426211686139548,0.0452999023042668,0,0
seller_N_gaslimit_cost_high,`Hat_recoded_Sushi Chef Headband`,-0.0165166809022588,-0.0379595717657383,0,0
seller_N_gaslimit_cost_high,`Hat_recoded_Vietnam Era Helmet`,0.0728269397837834,0.0712576376791595,0,0
seller_N_gaslimit_cost_high,`Hat_recoded_Ww2 Pilot Helm`,0.0257736964217486,0.00696322013952259,0,0
seller_N_gaslimit_cost_high,`Mouth_recoded_Bored Bubblegum`,-0.0604278730612479,-0.0455258944346303,0,0
seller_N_gaslimit_cost_high,`Mouth_recoded_Bored Cigar`,0.0264308739286801,0.0502087919687191,0,0
seller_N_gaslimit_cost_high,`Mouth_recoded_Bored Cigarette`,0.0391103822192461,0.0270479040756632,0,0
seller_N_gaslimit_cost_high,`Mouth_recoded_Bored Pipe`,-0.0212896224502592,-0.0141241892930638,0,0
seller_N_gaslimit_cost_high,`Mouth_recoded_Bored Unshaven`,-0.0709408151978052,-0.0599408847501129,0,0
seller_N_gaslimit_cost_high,`Mouth_recoded_Bored Unshaven Cigar`,-0.0887140569773148,-0.0754805149477065,0,0
seller_N_gaslimit_cost_high,`Mouth_recoded_Bored Unshaven Cigarette`,-0.0393993733942268,-0.0555495770076999,0,0
seller_N_gaslimit_cost_high,Mouth_recoded_Discomfort,0.0109736483501666,-0.0234605292726622,0,0
seller_N_gaslimit_cost_high,Mouth_recoded_Dumbfounded,0.0372993010054964,0.0315099397586573,0,0
seller_N_gaslimit_cost_high,Mouth_recoded_Grin,-0.01565313680806,0.000172405318060053,0,0
seller_N_gaslimit_cost_high,Mouth_recoded_Jovial,-0.0258165546694454,-0.0448161234748499,0,0
seller_N_gaslimit_cost_high,Mouth_recoded_Other_Mouth,-0.0195626264794703,0.0378137658622237,0,0
seller_N_gaslimit_cost_high,`Mouth_recoded_Phoneme  ooo`,0.0201910139141388,-0.0140058892195684,0,0
seller_N_gaslimit_cost_high,`Mouth_recoded_Phoneme L`,0.0276245970024236,0.0152223648917693,0,0
seller_N_gaslimit_cost_high,`Mouth_recoded_Phoneme Oh`,-0.00781546926322537,-0.0294449119358827,0,0
seller_N_gaslimit_cost_high,`Mouth_recoded_Phoneme Vuh`,0.0642006962697444,0.0614527396566133,0,0
seller_N_gaslimit_cost_high,`Mouth_recoded_Phoneme Wah`,0.0409829524588381,0.0613565282461223,0,0
seller_N_gaslimit_cost_high,Mouth_recoded_Rage,0.00621292223867275,-0.0206367113285771,0,0
seller_N_gaslimit_cost_high,`Mouth_recoded_Small Grin`,0.0528596248075161,0.0290389134334888,0,0
seller_N_gaslimit_cost_high,`Mouth_recoded_Tongue Out`,0.00819492823851688,-0.00191528681770206,0,0
seller_N_gaslimit_cost_high,`log_price_change_n-1`,-0.119367940136854,-0.027244636619561,0,0
seller_N_1_gaslimit_cost_high,log_price_1_sale,2.98336599065404e-05,-0.00737246408792283,0,0
seller_N_1_gaslimit_cost_high,sold_after_30d,-0.25109003956553,0.0664088865345019,0,0
seller_N_1_gaslimit_cost_high,log_buyern_total_value,0.243697394555934,0.0762508495428186,0,0
seller_N_1_gaslimit_cost_high,log_buyern_rolling_avg_value_last10,-0.115486247710216,-0.0159483380831223,0,0
seller_N_1_gaslimit_cost_high,log_sellern_total_value,0.206200859681078,0.0217853975313134,0,0
seller_N_1_gaslimit_cost_high,log_sellern_rolling_avg_value_last10,-0.0168886695725749,-0.0742037020559776,0,0
seller_N_1_gaslimit_cost_high,log_buyern_1_total_value,0.243995996270421,0.0275457699368744,0,0
seller_N_1_gaslimit_cost_high,log_buyern_1_rolling_avg_value_last10,-0.218645957868874,-0.170022596497559,1,0
seller_N_1_gaslimit_cost_high,log_sellern_1_total_value,0.965551911600116,0.855264690201459,1,1
seller_N_1_gaslimit_cost_high,log_sellern_1_rolling_avg_value_last10,0.253598126642531,0.141482996950858,1,0
seller_N_1_gaslimit_cost_high,log_unique_makers_count,0.0842295415077441,-0.0814664477854447,0,0
seller_N_1_gaslimit_cost_high,log_median_offer_price,-0.16573425706641,-0.192777904226831,1,0
seller_N_1_gaslimit_cost_high,log_buyern_avg_total_gaspaid,0.218067724382632,0.0259798954749128,0,0
seller_N_1_gaslimit_cost_high,log_buyern_1_avg_total_gaspaid,0.267629195981671,0.0827524719485131,0,0
seller_N_1_gaslimit_cost_high,log_sellern_avg_total_gaspaid,0.521723053244718,0.134244712213957,1,0
seller_N_1_gaslimit_cost_high,log_sellern_1_avg_total_gaspaid,1.94680615609664,1.66950835149721,1,1
seller_N_1_gaslimit_cost_high,log_buyern_avg_gasLimit_cost,-0.0665847771280468,0.0425291046881163,0,0
seller_N_1_gaslimit_cost_high,log_buyern_1_avg_gasLimit_cost,-0.18219477640429,0.00257832321228926,0,0
seller_N_1_gaslimit_cost_high,log_sellern_avg_gasLimit_cost,0.558554245208844,0.218607351986375,1,0
seller_N_1_gaslimit_cost_high,`time_n_sale_str_2021-06`,-0.00890543778217742,0.0247989542543226,0,0
seller_N_1_gaslimit_cost_high,`time_n_sale_str_2021-07`,-0.0834483291174122,-0.0581262620266186,0,0
seller_N_1_gaslimit_cost_high,`time_n_sale_str_2021-08`,0.0570258854880681,0.102507520806728,1,0
seller_N_1_gaslimit_cost_high,`time_n_sale_str_2021-09`,0.0391924690089221,0.0716963033497215,0,0
seller_N_1_gaslimit_cost_high,`time_n_sale_str_2021-10`,-0.0346300168002328,-0.00221926845151195,0,0
seller_N_1_gaslimit_cost_high,`time_n_sale_str_2021-11`,-0.0151384193533221,0.0242612835818638,0,0
seller_N_1_gaslimit_cost_high,`time_n_sale_str_2021-12`,0.0109974105756344,0.0523411156819644,0,0
seller_N_1_gaslimit_cost_high,`time_n_sale_str_2022-01`,-0.0384081944966673,0.0156176779574015,0,0
seller_N_1_gaslimit_cost_high,`time_n_sale_str_2022-02`,-0.0374517151218529,-0.00380461945763626,0,0
seller_N_1_gaslimit_cost_high,`time_n_sale_str_2022-03`,-0.0201400989194947,0.024287054260306,0,0
seller_N_1_gaslimit_cost_high,`time_n_sale_str_2022-04`,-0.0305532956284168,0.0124111717679662,0,0
seller_N_1_gaslimit_cost_high,`time_n_sale_str_2022-05`,-0.0497964106589854,-0.00403476394313898,0,0
seller_N_1_gaslimit_cost_high,`time_n_sale_str_2022-06`,-0.0659961579591236,-0.0296375057644299,0,0
seller_N_1_gaslimit_cost_high,`time_n_sale_str_2022-07`,-0.0422397059073491,-0.0170314527734,0,0
seller_N_1_gaslimit_cost_high,`time_n_sale_str_2022-08`,-0.0548722644626177,-0.0232862363452947,0,0
seller_N_1_gaslimit_cost_high,`time_n_sale_str_2022-09`,-0.0801343896657193,-0.0591403806900612,0,0
seller_N_1_gaslimit_cost_high,`time_n_sale_str_2022-10`,-0.0208672343087449,-0.000867703168005978,0,0
seller_N_1_gaslimit_cost_high,`time_n_sale_str_2022-11`,-0.0985924814230731,-0.0720244025987004,0,0
seller_N_1_gaslimit_cost_high,`time_n_sale_str_2022-12`,-0.0320791809998138,-0.0111811604699765,0,0
seller_N_1_gaslimit_cost_high,`time_n_sale_str_2023-01`,-0.127351722571906,-0.110853335349384,1,0
seller_N_1_gaslimit_cost_high,`time_n_sale_str_2023-02`,-0.0507388435452782,-0.0282153687120719,0,0
seller_N_1_gaslimit_cost_high,`time_n_sale_str_2023-03`,-0.0403067542535164,-0.013502594070467,0,0
seller_N_1_gaslimit_cost_high,`time_n_sale_str_2023-04`,-0.0438872083610351,-0.016364759212371,0,0
seller_N_1_gaslimit_cost_high,`time_n_sale_str_2023-05`,-0.025225494922027,-0.00331820388821652,0,0
seller_N_1_gaslimit_cost_high,`time_n_sale_str_2023-06`,0.091932686290659,0.0508515559617936,0,0
seller_N_1_gaslimit_cost_high,`time_n_sale_str_2023-07`,0.0422485719469238,0.0644959371511389,0,0
seller_N_1_gaslimit_cost_high,`time_n_sale_str_2023-08`,-0.0296066093241477,0.00408095799209637,0,0
seller_N_1_gaslimit_cost_high,`time_n_sale_str_2023-09`,-0.0652942374898705,-0.0575530416383571,0,0
seller_N_1_gaslimit_cost_high,`time_n_sale_str_2023-10`,-0.0868693808611403,-0.074533471457075,0,0
seller_N_1_gaslimit_cost_high,`time_n_sale_str_2023-11`,0.124457546692374,0.0799089580265386,0,0
seller_N_1_gaslimit_cost_high,`time_n_sale_str_2023-12`,0.0803187669650265,-0.0233379249516926,0,0
seller_N_1_gaslimit_cost_high,`time_n_sale_str_2024-01`,0.234451536565729,0.0311899984243015,0,0
seller_N_1_gaslimit_cost_high,`time_n_sale_str_2024-02`,0.0591321237926428,-0.0218338132683377,0,0
seller_N_1_gaslimit_cost_high,`time_n_sale_str_2024-03`,0.0502953916457344,0.0386611299334892,0,0
seller_N_1_gaslimit_cost_high,`time_n_sale_str_2024-04`,0.181996365521812,0.0553850090587507,0,0
seller_N_1_gaslimit_cost_high,`time_n_sale_str_2024-05`,0.0752275208681239,-0.00380461945763627,0,0
seller_N_1_gaslimit_cost_high,`time_n_sale_str_2024-06`,0.032928760606123,-0.0194291815485583,0,0
seller_N_1_gaslimit_cost_high,`time_n_sale_str_2024-07`,-0.057756838111847,-0.0362332826046848,0,0
seller_N_1_gaslimit_cost_high,`time_n_sale_str_2024-08`,0.00436335578504217,0.0329162106554567,0,0
seller_N_1_gaslimit_cost_high,`time_n_sale_str_2024-09`,-0.0058953497492762,0.0127120524912899,0,0
seller_N_1_gaslimit_cost_high,`time_n_sale_str_2024-10`,-0.0310855411861296,-0.0158791866771684,0,0
seller_N_1_gaslimit_cost_high,`time_n_sale_str_2024-11`,-0.0925220577188996,-0.0537254468683147,0,0
seller_N_1_gaslimit_cost_high,`time_n_sale_str_2024-12`,-0.131333430624689,-0.094916842468608,0,0
seller_N_1_gaslimit_cost_high,`time_n_sale_str_2025-01`,-0.0163657195858305,-0.00500461143043639,0,0
seller_N_1_gaslimit_cost_high,`time_n_sale_str_2025-02`,-0.0614221988797802,-0.0292657546517368,0,0
seller_N_1_gaslimit_cost_high,`time_n_sale_str_2025-03`,-0.0333213665103302,-0.0134331968024152,0,0
seller_N_1_gaslimit_cost_high,`time_n-1_sale_str_2021-06`,-0.0257144727015463,0.0558471196485421,0,0
seller_N_1_gaslimit_cost_high,`time_n-1_sale_str_2021-07`,-0.101525857139302,-0.049574270130231,0,0
seller_N_1_gaslimit_cost_high,`time_n-1_sale_str_2021-08`,0.0286169909021648,0.108473049360976,1,0
seller_N_1_gaslimit_cost_high,`time_n-1_sale_str_2021-09`,0.0272515373179487,0.0673803544023845,0,0
seller_N_1_gaslimit_cost_high,`time_n-1_sale_str_2021-10`,-0.0412897043641696,-0.00766864014542455,0,0
seller_N_1_gaslimit_cost_high,`time_n-1_sale_str_2021-11`,-0.00407177659552557,0.0342231379200465,0,0
seller_N_1_gaslimit_cost_high,`time_n-1_sale_str_2021-12`,-0.0179746864620311,0.0144917403981544,0,0
seller_N_1_gaslimit_cost_high,`time_n-1_sale_str_2022-01`,-0.000182282711479106,0.044662873036647,0,0
seller_N_1_gaslimit_cost_high,`time_n-1_sale_str_2022-02`,-0.0851554942639343,-0.0685734358962307,0,0
seller_N_1_gaslimit_cost_high,`time_n-1_sale_str_2022-03`,-0.0790884852542302,-0.0513549017733523,0,0
seller_N_1_gaslimit_cost_high,`time_n-1_sale_str_2022-04`,-0.0689466356106398,-0.0441498227239999,0,0
seller_N_1_gaslimit_cost_high,`time_n-1_sale_str_2022-05`,-0.0927236425510524,-0.0684340805490167,0,0
seller_N_1_gaslimit_cost_high,`time_n-1_sale_str_2022-06`,-0.136171676209869,-0.113896205867891,1,0
seller_N_1_gaslimit_cost_high,`time_n-1_sale_str_2022-07`,-0.0384175693526875,-0.0139906976434773,0,0
seller_N_1_gaslimit_cost_high,`time_n-1_sale_str_2022-08`,-0.138552267159809,-0.121272491924427,1,0
seller_N_1_gaslimit_cost_high,`time_n-1_sale_str_2022-09`,-0.121716005571002,-0.110328101410538,1,0
seller_N_1_gaslimit_cost_high,`time_n-1_sale_str_2022-10`,-0.0332613521793264,-0.0179811328134701,0,0
seller_N_1_gaslimit_cost_high,`time_n-1_sale_str_2022-11`,-0.0778088459953558,-0.0577457015643728,0,0
seller_N_1_gaslimit_cost_high,`time_n-1_sale_str_2022-12`,-0.0897716831334645,-0.0733213594665836,0,0
seller_N_1_gaslimit_cost_high,`time_n-1_sale_str_2023-01`,-0.113224526022325,-0.103195457364612,1,0
seller_N_1_gaslimit_cost_high,`time_n-1_sale_str_2023-02`,-0.0680400188249961,-0.049855192158189,0,0
seller_N_1_gaslimit_cost_high,`time_n-1_sale_str_2023-03`,-0.0800392253708964,-0.0610665120020086,0,0
seller_N_1_gaslimit_cost_high,`time_n-1_sale_str_2023-04`,-0.12293824580651,-0.10749118181606,1,0
seller_N_1_gaslimit_cost_high,`time_n-1_sale_str_2023-05`,-0.0543570814656549,-0.036997860911974,0,0
seller_N_1_gaslimit_cost_high,`time_n-1_sale_str_2023-06`,0.162088091979155,0.126600229015409,1,0
seller_N_1_gaslimit_cost_high,`time_n-1_sale_str_2023-07`,0.041005782090437,0.0615343452869144,0,0
seller_N_1_gaslimit_cost_high,`time_n-1_sale_str_2023-08`,-0.0945902383896058,-0.0730043430250203,0,0
seller_N_1_gaslimit_cost_high,`time_n-1_sale_str_2023-09`,-0.0594993158364916,-0.055618031690587,0,0
seller_N_1_gaslimit_cost_high,`time_n-1_sale_str_2023-10`,-0.078077983288775,-0.0778957449234712,0,0
seller_N_1_gaslimit_cost_high,`time_n-1_sale_str_2023-11`,0.138502753886364,0.100158325698915,1,0
seller_N_1_gaslimit_cost_high,`time_n-1_sale_str_2023-12`,0.148201643997663,0.0230880260469961,0,0
seller_N_1_gaslimit_cost_high,`time_n-1_sale_str_2024-01`,0.261304647092016,0.031767956012877,0,0
seller_N_1_gaslimit_cost_high,`time_n-1_sale_str_2024-02`,0.108188164280885,0.0051385328243188,0,0
seller_N_1_gaslimit_cost_high,`time_n-1_sale_str_2024-03`,0.120831485581009,0.0858255801795492,0,0
seller_N_1_gaslimit_cost_high,`time_n-1_sale_str_2024-04`,0.178273172112691,0.00819463417818523,0,0
seller_N_1_gaslimit_cost_high,`time_n-1_sale_str_2024-05`,0.101674628205951,0.01609140660446,0,0
seller_N_1_gaslimit_cost_high,`time_n-1_sale_str_2024-06`,0.00820548704594012,-0.0618825349704622,0,0
seller_N_1_gaslimit_cost_high,`time_n-1_sale_str_2024-07`,-0.0578822424927265,-0.0376428534597922,0,0
seller_N_1_gaslimit_cost_high,`time_n-1_sale_str_2024-08`,-0.00573219031170773,0.0138705607432475,0,0
seller_N_1_gaslimit_cost_high,`time_n-1_sale_str_2024-09`,-0.0377930043065636,-0.0251519650307971,0,0
seller_N_1_gaslimit_cost_high,`time_n-1_sale_str_2024-10`,-0.0712806806648206,-0.0739110385652354,0,0
seller_N_1_gaslimit_cost_high,`time_n-1_sale_str_2024-11`,-0.136628755676839,-0.117196456234399,1,0
seller_N_1_gaslimit_cost_high,`time_n-1_sale_str_2024-12`,-0.107673288008396,-0.099448126598985,0,0
seller_N_1_gaslimit_cost_high,`time_n-1_sale_str_2025-01`,0.00655445721978973,0.00577981640285937,0,0
seller_N_1_gaslimit_cost_high,`time_n-1_sale_str_2025-02`,-0.0664728577466936,-0.0549660309846275,0,0
seller_N_1_gaslimit_cost_high,`time_n-1_sale_str_2025-03`,-0.0445010067362213,-0.0391212274118939,0,0
seller_N_1_gaslimit_cost_high,`Background_recoded_Army Green`,0.011641592531799,0.00644755337884485,0,0
seller_N_1_gaslimit_cost_high,Background_recoded_Blue,-0.0385156073313834,-0.0351647736763483,0,0
seller_N_1_gaslimit_cost_high,Background_recoded_Gray,-0.0254455921355758,-0.0156034629956232,0,0
seller_N_1_gaslimit_cost_high,`Background_recoded_New Punk Blue`,-0.0720896356839976,-0.0735815715923658,0,0
seller_N_1_gaslimit_cost_high,Background_recoded_Orange,0.0704493018691382,0.0898197922415309,0,0
seller_N_1_gaslimit_cost_high,Background_recoded_Purple,0.0211589082679982,0.00913340458263782,0,0
seller_N_1_gaslimit_cost_high,Background_recoded_Yellow,0.0613469921829061,0.044411313263155,0,0
seller_N_1_gaslimit_cost_high,`Clothes_recoded_Bayc T Black`,-0.0264389740256218,-0.00471321021774326,0,0
seller_N_1_gaslimit_cost_high,`Clothes_recoded_Bayc T Red`,-0.054776391093288,-0.0354640381078641,0,0
seller_N_1_gaslimit_cost_high,`Clothes_recoded_Biker Vest`,0.0859684606224197,0.0635788999007212,0,0
seller_N_1_gaslimit_cost_high,`Clothes_recoded_Black Holes T`,-0.0185516428345789,-0.0298475509426761,0,0
seller_N_1_gaslimit_cost_high,`Clothes_recoded_Black T`,-0.0370936347916747,-0.0205177577175048,0,0
seller_N_1_gaslimit_cost_high,`Clothes_recoded_Bone Necklace`,0.00697414809369945,-0.00666529649975648,0,0
seller_N_1_gaslimit_cost_high,`Clothes_recoded_Bone Tee`,0.046385856122864,0.0422534100443861,0,0
seller_N_1_gaslimit_cost_high,`Clothes_recoded_Caveman Pelt`,0.0234957947332512,0.00186492179007333,0,0
seller_N_1_gaslimit_cost_high,`Clothes_recoded_Cowboy Shirt`,0.00521696858517759,0.00161860584548036,0,0
seller_N_1_gaslimit_cost_high,Clothes_recoded_Guayabera,0.0550073000875558,0.0415749361157013,0,0
seller_N_1_gaslimit_cost_high,Clothes_recoded_Hawaiian,-0.026792345551538,-0.0334655966574403,0,0
seller_N_1_gaslimit_cost_high,`Clothes_recoded_Hip Hop`,-0.0147100075446809,0.0151172841988802,0,0
seller_N_1_gaslimit_cost_high,`Clothes_recoded_Lab Coat`,0.0147790261676617,0.0170460067400821,0,0
seller_N_1_gaslimit_cost_high,`Clothes_recoded_Leather Jacket`,-0.0316320328295319,-0.029371902922593,0,0
seller_N_1_gaslimit_cost_high,`Clothes_recoded_Leather Punk Jacket`,-0.0487774080796809,-0.0478744683697291,0,0
seller_N_1_gaslimit_cost_high,`Clothes_recoded_Lumberjack Shirt`,0.0212687599948665,0.0190943955797998,0,0
seller_N_1_gaslimit_cost_high,`Clothes_recoded_Navy Striped Tee`,0.00575003872680694,-0.00373335059274865,0,0
seller_N_1_gaslimit_cost_high,Clothes_recoded_No_Clothes,-0.0332219887780624,-0.0302935354340998,0,0
seller_N_1_gaslimit_cost_high,Clothes_recoded_Other_Clothes,-0.0364729839454966,-0.000598008925368716,0,0
seller_N_1_gaslimit_cost_high,`Clothes_recoded_Prison Jumpsuit`,0.0681437684952276,0.0591281011598914,0,0
seller_N_1_gaslimit_cost_high,`Clothes_recoded_Prom Dress`,0.0307214981054057,0.0204343489799983,0,0
seller_N_1_gaslimit_cost_high,`Clothes_recoded_Puffy Vest`,0.0329287606061231,0.0515969725185689,0,0
seller_N_1_gaslimit_cost_high,`Clothes_recoded_Rainbow Suspenders`,0.0281666180896281,0.0180217226846704,0,0
seller_N_1_gaslimit_cost_high,`Clothes_recoded_Sailor Shirt`,-0.00343992479268136,-0.0213005524689923,0,0
seller_N_1_gaslimit_cost_high,Clothes_recoded_Service,-0.0163657195858306,-0.00500461143043642,0,0
seller_N_1_gaslimit_cost_high,`Clothes_recoded_Sleeveless Logo T`,-0.0197780195307562,-0.00883544348896408,0,0
seller_N_1_gaslimit_cost_high,`Clothes_recoded_Sleeveless T`,0.0278004622267867,0.0154204914017806,0,0
seller_N_1_gaslimit_cost_high,`Clothes_recoded_Smoking Jacket`,0.0418047569309025,0.0317679560128769,0,0
seller_N_1_gaslimit_cost_high,`Clothes_recoded_Striped Tee`,0.0221540815317311,0.00505603104384891,0,0
seller_N_1_gaslimit_cost_high,`Clothes_recoded_Stunt Jacket`,-0.0518828280482236,-0.0620242077186852,0,0
seller_N_1_gaslimit_cost_high,Clothes_recoded_Tanktop,-0.000176465353148347,0.00112441288191309,0,0
seller_N_1_gaslimit_cost_high,`Clothes_recoded_Tie Dye`,-0.0186327101009817,-0.022567766649721,0,0
seller_N_1_gaslimit_cost_high,Clothes_recoded_Toga,0.0325440806851176,0.0258700140515164,0,0
seller_N_1_gaslimit_cost_high,`Clothes_recoded_Tuxedo Tee`,-0.0138805595343675,-0.0125798574805587,0,0
seller_N_1_gaslimit_cost_high,`Clothes_recoded_Tweed Suit`,0.0241846710819922,0.0289730512061787,0,0
seller_N_1_gaslimit_cost_high,`Clothes_recoded_Vietnam Jacket`,-0.0559967889229375,-0.0488490356899788,0,0
seller_N_1_gaslimit_cost_high,`Clothes_recoded_Wool Turtleneck`,-0.0211574768593268,-0.00475155030472006,0,0
seller_N_1_gaslimit_cost_high,`Clothes_recoded_Work Vest`,0.00833911487353726,0.00918621233118201,0,0
seller_N_1_gaslimit_cost_high,`Earring_recoded_Diamond Stud`,0.0332669372690007,0.0667301916058519,0,0
seller_N_1_gaslimit_cost_high,`Earring_recoded_Gold Hoop`,-0.0055593610803008,0.000926102653903361,0,0
seller_N_1_gaslimit_cost_high,`Earring_recoded_Gold Stud`,-0.0736671907721199,-0.0360822468550263,0,0
seller_N_1_gaslimit_cost_high,Earring_recoded_No_Earring,0.0346860100919222,-0.000333493614922029,0,0
seller_N_1_gaslimit_cost_high,`Earring_recoded_Silver Hoop`,-0.00227614872931266,-0.020513069465864,0,0
seller_N_1_gaslimit_cost_high,`Earring_recoded_Silver Stud`,0.00371719932087495,0.0187953703925387,0,0
seller_N_1_gaslimit_cost_high,Eyes_recoded_Angry,0.0619347136344561,0.0719648762351969,0,0
seller_N_1_gaslimit_cost_high,Eyes_recoded_Blindfold,-0.000195254021357583,-0.0277037876837903,0,0
seller_N_1_gaslimit_cost_high,Eyes_recoded_Bloodshot,-0.000324822358923996,-0.0244207516054932,0,0
seller_N_1_gaslimit_cost_high,Eyes_recoded_Bored,-0.0827932224985198,-0.0447216767193301,0,0
seller_N_1_gaslimit_cost_high,Eyes_recoded_Closed,0.10610739008338,0.0633791660548788,0,0
seller_N_1_gaslimit_cost_high,Eyes_recoded_Coins,0.0225953578075361,-0.0172550719283462,0,0
seller_N_1_gaslimit_cost_high,Eyes_recoded_Crazy,0.0493332282958209,0.0198417701589563,0,0
seller_N_1_gaslimit_cost_high,Eyes_recoded_Eyepatch,-0.00338628962859142,-0.00627646989081364,0,0
seller_N_1_gaslimit_cost_high,Eyes_recoded_Heart,-0.0523226993013661,-0.006511819114336,0,0
seller_N_1_gaslimit_cost_high,Eyes_recoded_Holographic,0.00894549183392232,0.0322904306065742,0,0
seller_N_1_gaslimit_cost_high,Eyes_recoded_Hypnotized,-0.00417696288101222,-0.0115518630003001,0,0
seller_N_1_gaslimit_cost_high,Eyes_recoded_Other_Eyes,0.00399656559354872,0.0405804528901723,0,0
seller_N_1_gaslimit_cost_high,Eyes_recoded_Robot,-0.00977021929587994,0.0107976664616826,0,0
seller_N_1_gaslimit_cost_high,Eyes_recoded_Sad,0.029349233802307,0.042385654026787,0,0
seller_N_1_gaslimit_cost_high,Eyes_recoded_Scumbag,-0.0524880501031752,-0.0345517609439454,0,0
seller_N_1_gaslimit_cost_high,Eyes_recoded_Sleepy,0.035736015673743,0.0258935694856375,0,0
seller_N_1_gaslimit_cost_high,Eyes_recoded_Sunglasses,-0.0574224100649597,-0.0379981530738744,0,0
seller_N_1_gaslimit_cost_high,`Eyes_recoded_Wide Eyed`,-0.0265762493102541,-0.0219406866962958,0,0
seller_N_1_gaslimit_cost_high,`Eyes_recoded_X Eyes`,0.0591389691111583,0.0249662477503811,0,0
seller_N_1_gaslimit_cost_high,Eyes_recoded_Zombie,-0.0443204581266059,-0.0308634993631259,0,0
seller_N_1_gaslimit_cost_high,Fur_recoded_Blue,0.00233471406256733,-0.0095396690284842,0,0
seller_N_1_gaslimit_cost_high,Fur_recoded_Brown,0.0374460736815663,-0.00338303996627023,0,0
seller_N_1_gaslimit_cost_high,Fur_recoded_Cheetah,-0.070104727054939,-0.0405357088580216,0,0
seller_N_1_gaslimit_cost_high,Fur_recoded_Cream,-0.0313746417812756,-0.0552234820926104,0,0
seller_N_1_gaslimit_cost_high,`Fur_recoded_Dark Brown`,0.0361423669278131,0.0477841944045333,0,0
seller_N_1_gaslimit_cost_high,`Fur_recoded_Death Bot`,-0.0900142972693369,-0.0624987029649653,0,0
seller_N_1_gaslimit_cost_high,Fur_recoded_Dmt,-0.0211881828022257,-0.00752782848337382,0,0
seller_N_1_gaslimit_cost_high,`Fur_recoded_Golden Brown`,-0.0279426519000904,-0.0334562125215606,0,0
seller_N_1_gaslimit_cost_high,Fur_recoded_Gray,-0.0251798654403793,-0.0229317566128802,0,0
seller_N_1_gaslimit_cost_high,Fur_recoded_Noise,-0.0136330353805048,0.0188331101765079,0,0
seller_N_1_gaslimit_cost_high,Fur_recoded_Other_Fur,-0.0186192561474211,0.0042304089841456,0,0
seller_N_1_gaslimit_cost_high,Fur_recoded_Pink,0.0798519521071778,0.0932932820485781,0,0
seller_N_1_gaslimit_cost_high,Fur_recoded_Red,0.0443655866851165,0.0232251773797657,0,0
seller_N_1_gaslimit_cost_high,Fur_recoded_Robot,-0.0321273837456802,-0.00645662224397812,0,0
seller_N_1_gaslimit_cost_high,Fur_recoded_Tan,-0.0137135566257899,-0.0151729616338835,0,0
seller_N_1_gaslimit_cost_high,Fur_recoded_White,0.0462801131921613,0.0562211856251936,0,0
seller_N_1_gaslimit_cost_high,Fur_recoded_Zombie,-0.0170543121885797,-0.0192279264084741,0,0
seller_N_1_gaslimit_cost_high,`Hat_recoded_Baby's Bonnet`,-0.00429206802951257,-0.00344420084995219,0,0
seller_N_1_gaslimit_cost_high,`Hat_recoded_Bayc Flipped Brim`,-0.0474655537767813,-0.012678305555587,0,0
seller_N_1_gaslimit_cost_high,`Hat_recoded_Bayc Hat Black`,-0.0421239497147166,-0.0102585730164404,0,0
seller_N_1_gaslimit_cost_high,`Hat_recoded_Bayc Hat Red`,-0.0317060056405722,-0.00560045813042951,0,0
seller_N_1_gaslimit_cost_high,Hat_recoded_Beanie,-0.0457181730893042,-0.0503095892538699,0,0
seller_N_1_gaslimit_cost_high,Hat_recoded_Bowler,-0.000191627225526637,-0.00828378442413561,0,0
seller_N_1_gaslimit_cost_high,`Hat_recoded_Bunny Ears`,-0.00407177659552553,-0.00380461945763627,0,0
seller_N_1_gaslimit_cost_high,`Hat_recoded_Commie Hat`,-0.0607423636510641,-0.0580935488727134,0,0
seller_N_1_gaslimit_cost_high,`Hat_recoded_Cowboy Hat`,0.0236296336143097,-0.00650400298516257,0,0
seller_N_1_gaslimit_cost_high,`Hat_recoded_Faux Hawk`,0.0322924454681173,0.0502115221467194,0,0
seller_N_1_gaslimit_cost_high,Hat_recoded_Fez,0.0340334997559371,0.0269201997117291,0,0
seller_N_1_gaslimit_cost_high,`Hat_recoded_Fisherman's Hat`,-0.0367101575122751,-0.056930003786181,0,0
seller_N_1_gaslimit_cost_high,`Hat_recoded_Girl's Hair Pink`,0.014779026167662,0.0170460067400821,0,0
seller_N_1_gaslimit_cost_high,`Hat_recoded_Girl's Hair Short`,0.0227782847601202,0.00820215672360488,0,0
seller_N_1_gaslimit_cost_high,Hat_recoded_Halo,-0.0357049053099602,-0.0231760187000809,0,0
seller_N_1_gaslimit_cost_high,Hat_recoded_Horns,0.0494776229915964,0.0170421688822658,0,0
seller_N_1_gaslimit_cost_high,`Hat_recoded_Irish Boho`,0.0321728121532873,0.0174900955589095,0,0
seller_N_1_gaslimit_cost_high,Hat_recoded_No_Hat,-0.0363182767110067,-0.0195254747709672,0,0
seller_N_1_gaslimit_cost_high,Hat_recoded_Other_Hat,-0.0416227805634148,-0.0108508915025854,0,0
seller_N_1_gaslimit_cost_high,`Hat_recoded_Party Hat 1`,0.0410057820904368,0.0615343452869142,0,0
seller_N_1_gaslimit_cost_high,`Hat_recoded_Police Motorcycle Helmet`,0.0686407570548932,0.0451268070095125,0,0
seller_N_1_gaslimit_cost_high,`Hat_recoded_Prussian Helmet`,0.0281666180896279,0.0352752934793392,0,0
seller_N_1_gaslimit_cost_high,`Hat_recoded_S&m Hat`,0.0889641091560137,0.0797854496722069,0,0
seller_N_1_gaslimit_cost_high,Hat_recoded_Safari,0.0366055155212628,0.018833110176508,0,0
seller_N_1_gaslimit_cost_high,`Hat_recoded_Sea Captain's Hat`,-0.0376724927142306,-0.0213005524689923,0,0
seller_N_1_gaslimit_cost_high,`Hat_recoded_Seaman's Hat`,0.0640541333869752,0.0753810244336827,0,0
seller_N_1_gaslimit_cost_high,`Hat_recoded_Short Mohawk`,-0.0678622434919611,-0.0902443402598568,0,0
seller_N_1_gaslimit_cost_high,`Hat_recoded_Spinner Hat`,0.0594615398582569,0.0905229244335034,0,0
seller_N_1_gaslimit_cost_high,`Hat_recoded_Stuntman Helmet`,-0.0144159003907164,-0.0264359973809933,0,0
seller_N_1_gaslimit_cost_high,`Hat_recoded_Sushi Chef Headband`,0.0160637986382741,0.000701159033754233,0,0
seller_N_1_gaslimit_cost_high,`Hat_recoded_Vietnam Era Helmet`,0.0217651419634239,0.0220630125181547,0,0
seller_N_1_gaslimit_cost_high,`Hat_recoded_Ww2 Pilot Helm`,0.0258898319194332,0.00709100661258643,0,0
seller_N_1_gaslimit_cost_high,`Mouth_recoded_Bored Bubblegum`,-0.0603215321443041,-0.0453994277809571,0,0
seller_N_1_gaslimit_cost_high,`Mouth_recoded_Bored Cigar`,0.0478813278726155,0.067416854199115,0,0
seller_N_1_gaslimit_cost_high,`Mouth_recoded_Bored Cigarette`,0.00596131587123915,-0.0113028662550265,0,0
seller_N_1_gaslimit_cost_high,`Mouth_recoded_Bored Pipe`,-0.0106447871239759,0.00444871081999276,0,0
seller_N_1_gaslimit_cost_high,`Mouth_recoded_Bored Unshaven`,-0.0308899378316005,-0.01043088089546,0,0
seller_N_1_gaslimit_cost_high,`Mouth_recoded_Bored Unshaven Cigar`,-0.0573446640274228,-0.0401199406707683,0,0
seller_N_1_gaslimit_cost_high,`Mouth_recoded_Bored Unshaven Cigarette`,0.0438628821817228,0.0439447834395997,0,0
seller_N_1_gaslimit_cost_high,Mouth_recoded_Discomfort,0.0262056248082803,-0.00500461143043639,0,0
seller_N_1_gaslimit_cost_high,Mouth_recoded_Dumbfounded,0.0375684661283915,0.0318173537324606,0,0
seller_N_1_gaslimit_cost_high,Mouth_recoded_Grin,-0.0153524460655969,-0.00496443793541285,0,0
seller_N_1_gaslimit_cost_high,Mouth_recoded_Jovial,0.0570363141248004,0.0665056173734898,0,0
seller_N_1_gaslimit_cost_high,Mouth_recoded_Other_Mouth,-0.0951387625011995,-0.039608547932554,0,0
seller_N_1_gaslimit_cost_high,`Mouth_recoded_Phoneme  ooo`,0.0203710606865136,-0.0185940405240371,0,0
seller_N_1_gaslimit_cost_high,`Mouth_recoded_Phoneme L`,-0.00716986842622387,-0.0353513687671616,0,0
seller_N_1_gaslimit_cost_high,`Mouth_recoded_Phoneme Oh`,-0.000164277683913443,-0.030845896295124,0,0
seller_N_1_gaslimit_cost_high,`Mouth_recoded_Phoneme Vuh`,-0.0237000759203468,-0.0482988789798527,0,0
seller_N_1_gaslimit_cost_high,`Mouth_recoded_Phoneme Wah`,-0.0138789918338352,-0.00440397243550867,0,0
seller_N_1_gaslimit_cost_high,Mouth_recoded_Rage,0.0327608141398527,0.015122316382085,0,0
seller_N_1_gaslimit_cost_high,`Mouth_recoded_Small Grin`,0.0264212183123033,0.00210036718627421,0,0
seller_N_1_gaslimit_cost_high,`Mouth_recoded_Tongue Out`,0.0253081104121754,0.0179468849120097,0,0
seller_N_1_gaslimit_cost_high,`log_price_change_n-1`,-0.228303668585952,-0.14717789874965,1,0
