"treatment_combo","covariate","trait","level","k","row_id","cate_log","cate_se_log","cate_lo_log","cate_hi_log","cate_pct"
"Background_Purple+Earring_No+Fur_Brown","Background_Purple","Background","Purple",3,7,-0.268902270542949,0.0585953394293008,-0.383749135824378,-0.154055405261519,-23.5782061397014
"Background_Purple+Earring_No+Fur_Brown","Background_Purple","Background","Purple",3,38,-0.269416066100939,0.0575680065032547,-0.382249358847318,-0.156582773354559,-23.6174612325107
"Background_Purple+Earring_No+Fur_Brown","Background_Purple","Background","Purple",3,61,-0.268232289259388,0.0601734531069627,-0.386172257349035,-0.150292321169741,-23.5269878124145
"Background_Purple+Earring_No+Fur_Brown","Background_Purple","Background","Purple",3,83,-0.265690829832782,0.0547241698736223,-0.372950202785082,-0.158431456880482,-23.3323875751495
"Background_Purple+Earring_No+Fur_Brown","Background_Purple","Background","Purple",3,102,-0.269236170975173,0.0559117199184854,-0.378823142015404,-0.159649199934941,-23.6037191500631
"Background_Purple+Earring_No+Fur_Brown","Background_Purple","Background","Purple",3,111,-0.265350549513459,0.0622313085255169,-0.387323914223472,-0.143377184803446,-23.3062946563102
"Background_Purple+Earring_No+Fur_Brown","Background_Purple","Background","Purple",3,147,-0.269545535133994,0.0573315468667275,-0.38191536699278,-0.157175703275208,-23.6273497658041
"Background_Purple+Earring_No+Fur_Brown","Background_Purple","Background","Purple",3,194,-0.270228435868887,0.0586397922938699,-0.385162428764872,-0.155294442972902,-23.6794869005047
"Background_Purple+Earring_No+Fur_Brown","Background_Purple","Background","Purple",3,220,-0.268213134779991,0.0626092128209689,-0.39092719190909,-0.145499077650892,-23.5255229976492
"Background_Purple+Earring_No+Fur_Brown","Background_Purple","Background","Purple",3,249,-0.271255191085005,0.0668707812999127,-0.402321922432834,-0.140188459737177,-23.7578091696465
"Background_Purple+Earring_No+Fur_Brown","Background_Purple","Background","Purple",3,307,-0.263987089554129,0.0555806917004942,-0.372925245287097,-0.15504893382116,-23.2016545398476
"Background_Purple+Earring_No+Fur_Brown","Background_Purple","Background","Purple",3,318,-0.266936118212696,0.0601508470114508,-0.384831778355139,-0.149040458070252,-23.4278014407986
"Background_Purple+Earring_No+Fur_Brown","Background_Purple","Background","Purple",3,324,-0.262952152822128,0.0595205154591386,-0.37961236312204,-0.146291942522217,-23.1221319678567
"Background_Purple+Earring_No+Fur_Brown","Background_Purple","Background","Purple",3,329,-0.269621513376651,0.0645321069435506,-0.39610444298601,-0.143138583767292,-23.6331522051236
"Background_Purple+Earring_No+Fur_Brown","Background_Purple","Background","Purple",3,402,-0.267587209560263,0.0558737990851007,-0.377099855767061,-0.158074563353466,-23.4776407100256
"Background_Purple+Earring_No+Fur_Brown","Background_Purple","Background","Purple",3,407,-0.261699598192828,0.0541667218006791,-0.367866372922159,-0.155532823463497,-23.025777906597
"Background_Purple+Earring_No+Fur_Brown","Background_Purple","Background","Purple",3,429,-0.264131272340921,0.0565428641112998,-0.374955285999068,-0.153307258682773,-23.2127267410875
"Background_Purple+Earring_No+Fur_Brown","Background_Purple","Background","Purple",3,452,-0.267222160080865,0.0590628813003184,-0.382985407429489,-0.151458912732241,-23.4497011632562
"Background_Purple+Earring_No+Fur_Brown","Background_Purple","Background","Purple",3,470,-0.266469857700945,0.0600437354129038,-0.384155579110237,-0.148784136291654,-23.3920905236642
"Background_Purple+Earring_No+Fur_Brown","Background_Purple","Background","Purple",3,498,-0.266934463189242,0.0607374498132141,-0.385979864823141,-0.147889061555342,-23.4276747119092
"Background_Purple+Earring_No+Fur_Brown","Background_Purple","Background","Purple",3,526,-0.264856496283598,0.0577006489415343,-0.377949768209005,-0.15176322435819,-23.2683945219041
"Background_Purple+Earring_No+Fur_Brown","Background_Purple","Background","Purple",3,545,-0.267318307378328,0.0622400043762359,-0.389308715955751,-0.145327898800906,-23.4570609137936
"Background_Purple+Earring_No+Fur_Brown","Background_Purple","Background","Purple",3,567,-0.265468732137426,0.0595284834398607,-0.382144559679553,-0.148792904595299,-23.315357984075
"Background_Purple+Earring_No+Fur_Brown","Background_Purple","Background","Purple",3,580,-0.26414733847311,0.0512336573351862,-0.364565306850075,-0.163729370096145,-23.21396040566
"Background_Purple+Earring_No+Fur_Brown","Background_Purple","Background","Purple",3,581,-0.26019187944669,0.057685867309449,-0.37325617937321,-0.14712757952017,-22.9096348954814
"Background_Purple+Earring_No+Fur_Brown","Background_Purple","Background","Purple",3,585,-0.26214271407633,0.0588831997622984,-0.377553785610434,-0.146731642542225,-23.0598788511337
"Background_Purple+Earring_No+Fur_Brown","Background_Purple","Background","Purple",3,592,-0.263473102847211,0.0614445760880681,-0.383904471979825,-0.143041733714598,-23.1621710650465
"Background_Purple+Earring_No+Fur_Brown","Background_Purple","Background","Purple",3,596,-0.265263471936632,0.0582967397623979,-0.379525081870932,-0.151001862002332,-23.2996160635174
"Background_Purple+Earring_No+Fur_Brown","Background_Purple","Background","Purple",3,640,-0.262957232124198,0.0574526631737782,-0.375564451944803,-0.150350012303592,-23.1225224527792
"Background_Purple+Earring_No+Fur_Brown","Background_Purple","Background","Purple",3,657,-0.269115548064231,0.0599504226044884,-0.386618376369029,-0.151612719759434,-23.5945034524809
"Background_Purple+Earring_No+Fur_Brown","Background_Purple","Background","Purple",3,659,-0.265157707178928,0.0581472919019039,-0.37912639930666,-0.151189015051196,-23.2915034369871
"Background_Purple+Earring_No+Fur_Brown","Background_Purple","Background","Purple",3,666,-0.267075262674085,0.0592091315703998,-0.383125160552068,-0.151025364796101,-23.4384552968948
"Background_Purple+Earring_No+Fur_Brown","Background_Purple","Background","Purple",3,683,-0.265898357648265,0.0632979960996175,-0.389962430003515,-0.141834285293014,-23.348296586436
"Background_Purple+Earring_No+Fur_Brown","Background_Purple","Background","Purple",3,725,-0.272145087269689,0.061742996059568,-0.393161359546442,-0.151128814992935,-23.8256266246556
"Background_Purple+Earring_No+Fur_Brown","Background_Purple","Background","Purple",3,777,-0.267922537633141,0.0580477629129952,-0.381696152942612,-0.15414892232367,-23.503296503504
"Background_Purple+Earring_No+Fur_Brown","Background_Purple","Background","Purple",3,784,-0.265746775548414,0.0581829107828348,-0.379785280682771,-0.151708270414058,-23.3366766796128
"Background_Purple+Earring_No+Fur_Brown","Background_Purple","Background","Purple",3,791,-0.257128923015085,0.0570178879467496,-0.368883983390714,-0.145373862639456,-22.6731484769585
"Background_Purple+Earring_No+Fur_Brown","Background_Purple","Background","Purple",3,814,-0.267982850858686,0.0577287061946537,-0.381131115000207,-0.154834586717165,-23.5079101273028
"Background_Purple+Earring_No+Fur_Brown","Background_Purple","Background","Purple",3,864,-0.266961530824809,0.0578422701857486,-0.380332380388876,-0.153590681260742,-23.4297473156542
"Background_Purple+Earring_No+Fur_Brown","Background_Purple","Background","Purple",3,866,-0.269208164656646,0.0609057200023779,-0.388583375861307,-0.149832953451985,-23.6015795415262
"Background_Purple+Earring_No+Fur_Brown","Background_Purple","Background","Purple",3,869,-0.261168427642321,0.0595529848698816,-0.377892277987289,-0.144444577297353,-22.9848806059135
"Background_Purple+Earring_No+Fur_Brown","Background_Purple","Background","Purple",3,876,-0.265325259343324,0.0599079805241582,-0.382744901170674,-0.147905617515974,-23.3043550349272
"Background_Purple+Earring_No+Fur_Brown","Background_Purple","Background","Purple",3,887,-0.259350643907155,0.0634526252388737,-0.383717789375348,-0.134983498438963,-22.844756455401
"Background_Purple+Earring_No+Fur_Brown","Background_Purple","Background","Purple",3,889,-0.264342684356058,0.065186038358294,-0.392107319538315,-0.136578049173802,-23.2289587773799
"Background_Purple+Earring_No+Fur_Brown","Background_Purple","Background","Purple",3,894,-0.270791815091733,0.0531380278715527,-0.374942349719976,-0.166641280463489,-23.7224721822177
"Background_Purple+Earring_No+Fur_Brown","Background_Purple","Background","Purple",3,903,-0.269472958066339,0.0618469558738911,-0.390692991579166,-0.148252924553513,-23.6218066616524
"Background_Purple+Earring_No+Fur_Brown","Background_Purple","Background","Purple",3,923,-0.268285211549184,0.056751138894129,-0.379517443781677,-0.157052979316691,-23.5310348322373
"Background_Purple+Earring_No+Fur_Brown","Background_Purple","Background","Purple",3,944,-0.261544779301886,0.0632870665862736,-0.385587429810982,-0.13750212879279,-23.0138599203605
"Background_Purple+Earring_No+Fur_Brown","Background_Purple","Background","Purple",3,990,-0.273327818245607,0.0651192595587186,-0.400961566980696,-0.145694069510519,-23.9156671582576
"Background_Purple+Earring_No+Fur_Brown","Background_Purple","Background","Purple",3,1014,-0.260886785900522,0.0572867778497426,-0.373168870486018,-0.148604701315026,-22.9631868787563
"Background_Purple+Earring_No+Fur_Brown","Background_Purple","Background","Purple",3,1033,-0.266018470046258,0.0586576381055097,-0.380987440733057,-0.151049499359459,-23.3575028534388
"Background_Purple+Earring_No+Fur_Brown","Background_Purple","Background","Purple",3,1072,-0.268728946023707,0.0573460268202517,-0.3811271585914,-0.156330733456013,-23.5649592210463
"Background_Purple+Earring_No+Fur_Brown","Background_Purple","Background","Purple",3,1084,-0.265155884142555,0.0553593571641178,-0.373660224184226,-0.156651544100884,-23.2913635944803
"Background_Purple+Earring_No+Fur_Brown","Background_Purple","Background","Purple",3,1090,-0.26598863648852,0.055610130257135,-0.374984491792504,-0.156992781184535,-23.3552163009672
"Background_Purple+Earring_No+Fur_Brown","Background_Purple","Background","Purple",3,1098,-0.265808902081347,0.0522906605405314,-0.368298596740788,-0.163319207421905,-23.3414393581479
"Background_Purple+Earring_No+Fur_Brown","Background_Purple","Background","Purple",3,1116,-0.261195626056657,0.0576564809464842,-0.374202328711766,-0.148188923401548,-22.986975266555
"Background_Purple+Earring_No+Fur_Brown","Background_Purple","Background","Purple",3,1153,-0.262905697487241,0.0661612121878356,-0.392581673375399,-0.133229721599084,-23.1185604977956
"Background_Purple+Earring_No+Fur_Brown","Background_Purple","Background","Purple",3,1174,-0.263020485310533,0.063206663186343,-0.386905545155765,-0.1391354254653,-23.1273850444026
"Background_Purple+Earring_No+Fur_Brown","Background_Purple","Background","Purple",3,1179,-0.26751281476973,0.0595471476501662,-0.384225224164056,-0.150800405375404,-23.4719476333701
"Background_Purple+Earring_No+Fur_Brown","Background_Purple","Background","Purple",3,1236,-0.267309073012122,0.065898121750543,-0.396469391643186,-0.138148754381058,-23.4563540850001
"Background_Purple+Earring_No+Fur_Brown","Background_Purple","Background","Purple",3,1303,-0.265032053620415,0.0509297255552053,-0.364854315708617,-0.165209791532212,-23.2818641358322
"Background_Purple+Earring_No+Fur_Brown","Background_Purple","Background","Purple",3,1310,-0.266100935061879,0.0594917590757196,-0.38270478285029,-0.149497087273469,-23.3638229175676
"Background_Purple+Earring_No+Fur_Brown","Background_Purple","Background","Purple",3,1311,-0.265717289048183,0.0509840588228322,-0.365646044340934,-0.165788533755432,-23.334416113184
"Background_Purple+Earring_No+Fur_Brown","Background_Purple","Background","Purple",3,1312,-0.264953085135027,0.0625520269874581,-0.387555058030444,-0.142351112239609,-23.2758055816269
"Background_Purple+Earring_No+Fur_Brown","Background_Purple","Background","Purple",3,1314,-0.265241661060423,0.0597450008041874,-0.382341862636631,-0.148141459484216,-23.2979431426943
"Background_Purple+Earring_No+Fur_Brown","Background_Purple","Background","Purple",3,1354,-0.261393280386155,0.0578210004866321,-0.374722441339954,-0.148064119432356,-23.0021957200775
"Background_Purple+Earring_No+Fur_Brown","Background_Purple","Background","Purple",3,1358,-0.26501571333251,0.0612700800126176,-0.385105070157241,-0.14492635650778,-23.2806105291626
"Background_Purple+Earring_No+Fur_Brown","Background_Purple","Background","Purple",3,1371,-0.261997943269499,0.0562357947171621,-0.372220100915137,-0.151775785623861,-23.0487393614003
"Background_Purple+Earring_No+Fur_Brown","Background_Purple","Background","Purple",3,1393,-0.26818385237117,0.0587284291427427,-0.383291573490946,-0.153076131251394,-23.5232836079621
"Background_Purple+Earring_No+Fur_Brown","Background_Purple","Background","Purple",3,1456,-0.267248982479398,0.0594203665226166,-0.383712900863726,-0.150785064095069,-23.451754398343
"Background_Purple+Earring_No+Fur_Brown","Background_Purple","Background","Purple",3,1493,-0.267801818317624,0.0608618865566376,-0.387091115968634,-0.148512520666615,-23.4940613163971
"Background_Purple+Earring_No+Fur_Brown","Background_Purple","Background","Purple",3,1497,-0.254707019429914,0.0609101593574892,-0.374090931770593,-0.135323107089235,-22.4856433299837
"Background_Purple+Earring_No+Fur_Brown","Background_Purple","Background","Purple",3,1527,-0.262907926560261,0.0590763357657146,-0.378697544661061,-0.14711830845946,-23.1187318719471
"Background_Purple+Earring_No+Fur_Brown","Background_Purple","Background","Purple",3,1537,-0.27436996922213,0.0617635263776755,-0.395426480922374,-0.153313457521886,-23.9949172175907
"Background_Purple+Earring_No+Fur_Brown","Background_Purple","Background","Purple",3,1538,-0.268223422837774,0.054175510599808,-0.374407423613397,-0.16203942206215,-23.5263097674404
"Background_Purple+Earring_No+Fur_Brown","Background_Purple","Background","Purple",3,1589,-0.272216160608641,0.0580157958322254,-0.385927120439803,-0.158505200777479,-23.8310403993242
"Background_Purple+Earring_No+Fur_Brown","Background_Purple","Background","Purple",3,1607,-0.26658316092351,0.0605944806248143,-0.385348342948146,-0.147817978898874,-23.4007699549688
"Background_Purple+Earring_No+Fur_Brown","Background_Purple","Background","Purple",3,1626,-0.26195727873298,0.0630764391360352,-0.385587099439609,-0.138327458026351,-23.0456101104276
"Background_Purple+Earring_No+Fur_Brown","Background_Purple","Background","Purple",3,1642,-0.267726696299063,0.0640516767153845,-0.393267982661217,-0.14218540993691,-23.4883138199723
"Background_Purple+Earring_No+Fur_Brown","Background_Purple","Background","Purple",3,1675,-0.266910662642768,0.0536321779813777,-0.372029731486268,-0.161791593799268,-23.4258522270346
"Background_Purple+Earring_No+Fur_Brown","Background_Purple","Background","Purple",3,1688,-0.265967947295359,0.0648707249781038,-0.393114568252443,-0.138821326338276,-23.3536305658287
"Background_Purple+Earring_No+Fur_Brown","Background_Purple","Background","Purple",3,1707,-0.265847755908436,0.0557398780938789,-0.375097916972439,-0.156597594844433,-23.3444177787461
"Background_Purple+Earring_No+Fur_Brown","Background_Purple","Background","Purple",3,1748,-0.267051588630556,0.0653770559768946,-0.39519061834527,-0.138912558915843,-23.4366427540978
"Background_Purple+Earring_No+Fur_Brown","Background_Purple","Background","Purple",3,1771,-0.264060877768077,0.0586382850890548,-0.378991916542624,-0.149129838993529,-23.2073211435265
"Background_Purple+Earring_No+Fur_Brown","Background_Purple","Background","Purple",3,1787,-0.266012080996376,0.0647718784384698,-0.392964962735776,-0.139059199256975,-23.3570131791372
"Background_Purple+Earring_No+Fur_Brown","Background_Purple","Background","Purple",3,1789,-0.272318385936107,0.0510944244082715,-0.37246345777632,-0.172173314095895,-23.8388263981922
"Background_Purple+Earring_No+Fur_Brown","Background_Purple","Background","Purple",3,1795,-0.269067978336474,0.055404620297722,-0.377661034120009,-0.160474922552939,-23.5908687773614
"Background_Purple+Earring_No+Fur_Brown","Background_Purple","Background","Purple",3,1802,-0.270321365103688,0.0615531026121823,-0.390965446223565,-0.149677283983811,-23.6865789778509
"Background_Purple+Earring_No+Fur_Brown","Background_Purple","Background","Purple",3,1823,-0.262437120009294,0.0564631629775204,-0.373104919445234,-0.151769320573354,-23.0825271452233
"Background_Purple+Earring_No+Fur_Brown","Background_Purple","Background","Purple",3,1842,-0.263717809035871,0.0638156820809194,-0.388796545914473,-0.138639072157269,-23.1809714569301
"Background_Purple+Earring_No+Fur_Brown","Background_Purple","Background","Purple",3,1851,-0.267434721871899,0.058915604213025,-0.382909306129428,-0.15196013761437,-23.4659711026362
"Background_Purple+Earring_No+Fur_Brown","Background_Purple","Background","Purple",3,1904,-0.265381950656347,0.0637510646774009,-0.390334037424053,-0.140429863888641,-23.3087028884995
"Background_Purple+Earring_No+Fur_Brown","Background_Purple","Background","Purple",3,1905,-0.269916139848289,0.0611648489440072,-0.389799243778543,-0.150033035918035,-23.6556485858621
"Background_Purple+Earring_No+Fur_Brown","Background_Purple","Background","Purple",3,1935,-0.264487014767926,0.0620171438526825,-0.386040616719183,-0.142933412816668,-23.2400383737985
"Background_Purple+Earring_No+Fur_Brown","Background_Purple","Background","Purple",3,1938,-0.268655718976378,0.0531991924891392,-0.37292613625509,-0.164385301697665,-23.5593619037625
"Background_Purple+Earring_No+Fur_Brown","Background_Purple","Background","Purple",3,1944,-0.265678259190246,0.0598192099833772,-0.382923910757666,-0.148432607622827,-23.331423807942
"Background_Purple+Earring_No+Fur_Brown","Background_Purple","Background","Purple",3,1949,-0.270407732149869,0.0559825215913299,-0.380133474468875,-0.160681989830862,-23.6931696579957
"Background_Purple+Earring_No+Fur_Brown","Background_Purple","Background","Purple",3,1951,-0.262503183635073,0.0545724149148408,-0.369465116868161,-0.155541250401985,-23.0876084245201
"Background_Purple+Earring_No+Fur_Brown","Background_Purple","Background","Purple",3,1969,-0.272891225637391,0.0539067779354897,-0.378548510390951,-0.167233940883832,-23.882442048547
"Background_Purple+Earring_No+Fur_Brown","Background_Purple","Background","Purple",3,1985,-0.263633773449172,0.057513081915635,-0.376359414003817,-0.150908132894528,-23.1745156535421
"Background_Purple+Earring_No+Fur_Brown","Background_Purple","Background","Purple",3,1988,-0.268278794136348,0.0649998223945979,-0.39567844602976,-0.140879142242936,-23.530544097744
"Background_Purple+Earring_No+Fur_Brown","Background_Purple","Background","Purple",3,1996,-0.261446851788863,0.0572761810405947,-0.373708166628429,-0.149185536949297,-23.0063204899724
"Background_Purple+Earring_No+Fur_Brown","Background_Purple","Background","Purple",3,2061,-0.269877662370174,0.0556383503336955,-0.378928829024218,-0.160826495716131,-23.6527109912361
"Background_Purple+Earring_No+Fur_Brown","Background_Purple","Background","Purple",3,2062,-0.264746426129831,0.058598109495134,-0.379598720740293,-0.149894131519368,-23.2599481974548
"Background_Purple+Earring_No+Fur_Brown","Background_Purple","Background","Purple",3,2070,-0.264946668465083,0.0607751040923122,-0.384065872486015,-0.145827464444151,-23.2753132662151
"Background_Purple+Earring_No+Fur_Brown","Background_Purple","Background","Purple",3,2079,-0.264687230342455,0.0604952899301161,-0.383257998605483,-0.146116462079428,-23.2554053752085
"Background_Purple+Earring_No+Fur_Brown","Background_Purple","Background","Purple",3,2100,-0.275214615850663,0.0652760132316022,-0.403155601784603,-0.147273629916723,-24.0590875500717
"Background_Purple+Earring_No+Fur_Brown","Background_Purple","Background","Purple",3,2107,-0.269328145363457,0.0572005190982955,-0.381441162796117,-0.157215127930798,-23.6107453281423
"Background_Purple+Earring_No+Fur_Brown","Background_Purple","Background","Purple",3,2118,-0.265644579164944,0.0623260731033103,-0.387803682447432,-0.143485475882456,-23.3288415648712
"Background_Purple+Earring_No+Fur_Brown","Background_Purple","Background","Purple",3,2137,-0.265879289822465,0.0579622383916182,-0.379485277070036,-0.152273302574893,-23.3468349911733
"Background_Purple+Earring_No+Fur_Brown","Background_Purple","Background","Purple",3,2145,-0.268074155079328,0.0587357291550255,-0.383196184223178,-0.152952125935478,-23.514893859127
"Background_Purple+Earring_No+Fur_Brown","Background_Purple","Background","Purple",3,2189,-0.270709343431228,0.058300592201235,-0.384978504145649,-0.156440182716808,-23.7161811884286
"Background_Purple+Earring_No+Fur_Brown","Background_Purple","Background","Purple",3,2195,-0.268933904067271,0.0481614806349143,-0.363330406111703,-0.174537402022839,-23.5806235921398
"Background_Purple+Earring_No+Fur_Brown","Background_Purple","Background","Purple",3,2207,-0.267901575712846,0.053550751485872,-0.372861048625155,-0.162942102800537,-23.501692968896
"Background_Purple+Earring_No+Fur_Brown","Background_Purple","Background","Purple",3,2229,-0.26664072959988,0.0589569756993707,-0.382196401970647,-0.151085057229114,-23.4051795443251
"Background_Purple+Earring_No+Fur_Brown","Background_Purple","Background","Purple",3,2231,-0.267374848132295,0.0592958321680458,-0.383594679181665,-0.151155017082926,-23.4613885869343
"Background_Purple+Earring_No+Fur_Brown","Background_Purple","Background","Purple",3,2239,-0.266342113995972,0.0596162965944443,-0.383190055321083,-0.149494172670861,-23.3823037203895
"Background_Purple+Earring_No+Fur_Brown","Background_Purple","Background","Purple",3,2280,-0.263572035397032,0.0604663401643511,-0.38208606211916,-0.145058008674904,-23.1697724513673
"Background_Purple+Earring_No+Fur_Brown","Background_Purple","Background","Purple",3,2296,-0.264673208000492,0.0570203332643373,-0.376433061198593,-0.152913354802391,-23.2543292287138
"Background_Purple+Earring_No+Fur_Brown","Background_Purple","Background","Purple",3,2354,-0.273505691624299,0.0622055173573317,-0.395428505644669,-0.151582877603929,-23.9291993320633
"Background_Purple+Earring_No+Fur_Brown","Background_Purple","Background","Purple",3,2364,-0.281133746150266,0.0649922502086391,-0.408518556559199,-0.153748935741334,-24.507263990032
"Background_Purple+Earring_No+Fur_Brown","Background_Purple","Background","Purple",3,2376,-0.269401171544298,0.0612477569481653,-0.389446775162702,-0.149355567925894,-23.6163235399881
"Background_Purple+Earring_No+Fur_Brown","Background_Purple","Background","Purple",3,2398,-0.268204019484321,0.0591797469158012,-0.384196323439291,-0.15221171552935,-23.524825907003
"Background_Purple+Earring_No+Fur_Brown","Background_Purple","Background","Purple",3,2402,-0.266597495495784,0.0602530051916741,-0.384693385671465,-0.148501605320103,-23.4018679642982
"Background_Purple+Earring_No+Fur_Brown","Background_Purple","Background","Purple",3,2411,-0.268748136306586,0.0603338310203382,-0.387002445106448,-0.150493827506723,-23.5664260170265
"Background_Purple+Earring_No+Fur_Brown","Background_Purple","Background","Purple",3,2436,-0.266986693235913,0.0561886268975854,-0.377116401955181,-0.156856984516646,-23.4316739835907
"Background_Purple+Earring_No+Fur_Brown","Background_Purple","Background","Purple",3,2446,-0.268767061427447,0.050078640625752,-0.366921197053921,-0.170612925800973,-23.5678725179644
"Background_Purple+Earring_No+Fur_Brown","Background_Purple","Background","Purple",3,2474,-0.266799694700124,0.0597687510971369,-0.383946446850512,-0.149652942549736,-23.4173544799165
"Background_Purple+Earring_No+Fur_Brown","Background_Purple","Background","Purple",3,2486,-0.270838554926987,0.0554364378532668,-0.379493973119389,-0.162183136734584,-23.7260372979843
"Background_Purple+Earring_No+Fur_Brown","Background_Purple","Background","Purple",3,2495,-0.268748967898013,0.0538824649706478,-0.374358599240482,-0.163139336555543,-23.5664895785049
"Background_Purple+Earring_No+Fur_Brown","Background_Purple","Background","Purple",3,2506,-0.267309352101503,0.0649927392062143,-0.394695120945683,-0.139923583257323,-23.4563754475158
"Background_Purple+Earring_No+Fur_Brown","Background_Purple","Background","Purple",3,2528,-0.270123793789662,0.0616141429217541,-0.3908875139163,-0.149360073663024,-23.6715001454584
"Background_Purple+Earring_No+Fur_Brown","Background_Purple","Background","Purple",3,2539,-0.270627403037001,0.055060812153258,-0.378546594857387,-0.162708211216615,-23.7099302061415
"Background_Purple+Earring_No+Fur_Brown","Background_Purple","Background","Purple",3,2561,-0.268908456108779,0.0576178911114163,-0.381839522687155,-0.155977389530403,-23.5786788502762
"Background_Purple+Earring_No+Fur_Brown","Background_Purple","Background","Purple",3,2598,-0.27016216866406,0.0578114908820581,-0.383472690792894,-0.156851646535226,-23.6744291858522
"Background_Purple+Earring_No+Fur_Brown","Background_Purple","Background","Purple",3,2659,-0.268103085106317,0.0626330200942609,-0.390863804491069,-0.145342365721566,-23.5171065433052
"Background_Purple+Earring_No+Fur_Brown","Background_Purple","Background","Purple",3,2672,-0.268645174197767,0.0585313394328276,-0.38336659948611,-0.153923748909425,-23.5585558499071
"Background_Purple+Earring_No+Fur_Brown","Background_Purple","Background","Purple",3,2695,-0.263294967605523,0.0598255908076746,-0.380553125588565,-0.146036809622481,-23.1484823206307
"Background_Purple+Earring_No+Fur_Brown","Background_Purple","Background","Purple",3,2710,-0.254699292566496,0.0571498308809249,-0.366712961093109,-0.142685624039883,-22.4850443848228
"Background_Purple+Earring_No+Fur_Brown","Background_Purple","Background","Purple",3,2734,-0.263392792715108,0.0608967745103788,-0.38275047075545,-0.144035114674766,-23.1559999610565
"Background_Purple+Earring_No+Fur_Brown","Background_Purple","Background","Purple",3,2758,-0.265628530609778,0.0584139822316413,-0.380119935783795,-0.151137125435761,-23.3276110936819
"Background_Purple+Earring_No+Fur_Brown","Background_Purple","Background","Purple",3,2806,-0.266079060560456,0.0602913135002455,-0.384250035020937,-0.147908086099974,-23.3621465210678
"Background_Purple+Earring_No+Fur_Brown","Background_Purple","Background","Purple",3,2824,-0.271299948244587,0.0597511179329632,-0.388412139393195,-0.154187757095979,-23.7612214771852
"Background_Purple+Earring_No+Fur_Brown","Background_Purple","Background","Purple",3,2849,-0.263940964853685,0.055868266705075,-0.373442767595632,-0.154439162111738,-23.1981121574737
"Background_Purple+Earring_No+Fur_Brown","Background_Purple","Background","Purple",3,2854,-0.258395664685636,0.059586870744904,-0.375185931345648,-0.141605398025624,-22.7710396075581
"Background_Purple+Earring_No+Fur_Brown","Background_Purple","Background","Purple",3,2855,-0.262987058884482,0.0561683235857089,-0.373076973112472,-0.152897144656493,-23.1248154246771
"Background_Purple+Earring_No+Fur_Brown","Background_Purple","Background","Purple",3,2862,-0.265890290819694,0.0534535894495663,-0.370659326140844,-0.161121255498544,-23.3476782477909
"Background_Purple+Earring_No+Fur_Brown","Background_Purple","Background","Purple",3,2870,-0.263846106534668,0.0570174513141337,-0.37560031111037,-0.152091901958966,-23.1908265139491
"Background_Purple+Earring_No+Fur_Brown","Background_Purple","Background","Purple",3,2871,-0.270481458266383,0.0629306704243849,-0.393825572298178,-0.147137344234589,-23.698795256881
"Background_Purple+Earring_No+Fur_Brown","Background_Purple","Background","Purple",3,2919,-0.2714269634479,0.0564639572714015,-0.382096319699847,-0.160757607195953,-23.7709043461907
"Background_Purple+Earring_No+Fur_Brown","Background_Purple","Background","Purple",3,2955,-0.2650314896216,0.0647617578338914,-0.391964534976028,-0.138098444267173,-23.2818208668823
"Background_Purple+Earring_No+Fur_Brown","Background_Purple","Background","Purple",3,2969,-0.269382194119768,0.0585904211806925,-0.384219419633925,-0.154544968605611,-23.6148739607781
"Background_Purple+Earring_No+Fur_Brown","Background_Purple","Background","Purple",3,2999,-0.264318606905225,0.0646555045333058,-0.391043395790504,-0.137593818019945,-23.2271103041562
"Background_Purple+Earring_No+Fur_Brown","Background_Purple","Background","Purple",3,3015,-0.27269541567288,0.0625786999479423,-0.395349667570847,-0.150041163774913,-23.8675360128983
"Background_Purple+Earring_No+Fur_Brown","Background_Purple","Background","Purple",3,3027,-0.263138014737613,0.0593590558445143,-0.379481764192861,-0.146794265282365,-23.1364193078902
"Background_Purple+Earring_No+Fur_Brown","Background_Purple","Background","Purple",3,3048,-0.272160112815271,0.0575243290691718,-0.384907797790848,-0.159412427839694,-23.8267711775762
"Background_Purple+Earring_No+Fur_Brown","Background_Purple","Background","Purple",3,3071,-0.264922626126427,0.0584272210222072,-0.379439979329953,-0.150405272922901,-23.2734686031385
"Background_Purple+Earring_No+Fur_Brown","Background_Purple","Background","Purple",3,3090,-0.269260644737252,0.0606617004820988,-0.388157577682165,-0.150363711792338,-23.6055888315852
"Background_Purple+Earring_No+Fur_Brown","Background_Purple","Background","Purple",3,3101,-0.264129389824489,0.0513268462520889,-0.364730008478583,-0.163528771170394,-23.2125821876478
"Background_Purple+Earring_No+Fur_Brown","Background_Purple","Background","Purple",3,3107,-0.250527589310331,0.0566921557404385,-0.361644214561591,-0.139410964059072,-22.1609995525895
"Background_Purple+Earring_No+Fur_Brown","Background_Purple","Background","Purple",3,3122,-0.270782347809875,0.0596679944983584,-0.387731617026658,-0.153833078593093,-23.721750037944
"Background_Purple+Earring_No+Fur_Brown","Background_Purple","Background","Purple",3,3154,-0.265484195588386,0.0560703648207233,-0.375382110637004,-0.155586280539768,-23.3165437841079
"Background_Purple+Earring_No+Fur_Brown","Background_Purple","Background","Purple",3,3158,-0.261876427886535,0.0626304051136497,-0.384632021909288,-0.139120833863782,-23.0393880313405
"Background_Purple+Earring_No+Fur_Brown","Background_Purple","Background","Purple",3,3168,-0.26802782929015,0.0608923738292881,-0.387376881995555,-0.148678776584745,-23.5113505441518
"Background_Purple+Earring_No+Fur_Brown","Background_Purple","Background","Purple",3,3182,-0.266067126300145,0.061826964925086,-0.387247977553313,-0.144886275046976,-23.361231899517
"Background_Purple+Earring_No+Fur_Brown","Background_Purple","Background","Purple",3,3223,-0.266568923818027,0.0625809122839611,-0.389227511894591,-0.143910335741463,-23.3996793958875
"Background_Purple+Earring_No+Fur_Brown","Background_Purple","Background","Purple",3,3241,-0.26977195959435,0.0622740739325909,-0.391829144502228,-0.147714774686472,-23.6446404443292
"Background_Purple+Earring_No+Fur_Brown","Background_Purple","Background","Purple",3,3249,-0.259377571052184,0.0592871779365473,-0.375580439807817,-0.143174702296552,-22.8468339978624
"Background_Purple+Earring_No+Fur_Brown","Background_Purple","Background","Purple",3,3273,-0.265890765414314,0.0592162111331839,-0.381954539235354,-0.149826991593273,-23.3477146265618
"Background_Purple+Earring_No+Fur_Brown","Background_Purple","Background","Purple",3,3283,-0.265584366733749,0.0609630127748965,-0.385071871772546,-0.146096861694952,-23.3242248690295
"Background_Purple+Earring_No+Fur_Brown","Background_Purple","Background","Purple",3,3334,-0.271850825239392,0.0645794102722622,-0.398426469373026,-0.145275181105758,-23.8032081005912
"Background_Purple+Earring_No+Fur_Brown","Background_Purple","Background","Purple",3,3360,-0.266472224954778,0.0578408875059015,-0.379840364466345,-0.153104085443211,-23.3922718738169
"Background_Purple+Earring_No+Fur_Brown","Background_Purple","Background","Purple",3,3364,-0.266653604372371,0.0561954125850922,-0.376796613039152,-0.15651059570559,-23.4061656788643
"Background_Purple+Earring_No+Fur_Brown","Background_Purple","Background","Purple",3,3419,-0.254448168937223,0.0544929497785915,-0.361254350503262,-0.147641987371183,-22.4655761034754
"Background_Purple+Earring_No+Fur_Brown","Background_Purple","Background","Purple",3,3421,-0.264819531630417,0.0526650172152819,-0.368042965372369,-0.161596097888464,-23.2655581122965
"Background_Purple+Earring_No+Fur_Brown","Background_Purple","Background","Purple",3,3426,-0.265031238253189,0.0584702662119655,-0.379632960028641,-0.150429516477736,-23.2818015823531
"Background_Purple+Earring_No+Fur_Brown","Background_Purple","Background","Purple",3,3430,-0.264042105189103,0.0584250726676355,-0.378555247617669,-0.149528962760538,-23.2058795333667
"Background_Purple+Earring_No+Fur_Brown","Background_Purple","Background","Purple",3,3431,-0.26848271105977,0.0592201692565303,-0.384554242802569,-0.15241117931697,-23.5461359241547
"Background_Purple+Earring_No+Fur_Brown","Background_Purple","Background","Purple",3,3445,-0.268941132668892,0.0562859576981121,-0.379261609757192,-0.158620655580593,-23.5811759953714
"Background_Purple+Earring_No+Fur_Brown","Background_Purple","Background","Purple",3,3453,-0.270638949745762,0.062522009086966,-0.393182087556215,-0.148095811935309,-23.710811100273
"Background_Purple+Earring_No+Fur_Brown","Background_Purple","Background","Purple",3,3519,-0.266606689433524,0.0591045280008519,-0.382451564315194,-0.150761814551855,-23.4025721995178
"Background_Purple+Earring_No+Fur_Brown","Background_Purple","Background","Purple",3,3521,-0.267223050119187,0.058844148077914,-0.382557580351898,-0.151888519886476,-23.4497692959254
"Background_Purple+Earring_No+Fur_Brown","Background_Purple","Background","Purple",3,3525,-0.267055015726831,0.0640045149015084,-0.392503864933787,-0.141606166519874,-23.4369051436446
"Background_Purple+Earring_No+Fur_Brown","Background_Purple","Background","Purple",3,3526,-0.266559346214972,0.0622299942054417,-0.388530134857638,-0.144588557572306,-23.3989457449096
"Background_Purple+Earring_No+Fur_Brown","Background_Purple","Background","Purple",3,3527,-0.27154179145209,0.058005113445403,-0.38523181380508,-0.1578517690991,-23.7796570785669
"Background_Purple+Earring_No+Fur_Brown","Background_Purple","Background","Purple",3,3590,-0.267577712467665,0.0615584364489569,-0.388232247907621,-0.146923177027709,-23.4769139666426
"Background_Purple+Earring_No+Fur_Brown","Background_Purple","Background","Purple",3,3599,-0.270998659358426,0.0520571469603055,-0.373030667400625,-0.168966651316227,-23.7382481198869
"Background_Purple+Earring_No+Fur_Brown","Background_Purple","Background","Purple",3,3621,-0.26807454866304,0.0569738107672218,-0.379743217766795,-0.156405879559285,-23.514923962413
"Background_Purple+Earring_No+Fur_Brown","Background_Purple","Background","Purple",3,3629,-0.268886153478623,0.0584113949792228,-0.3833724876379,-0.154399819319346,-23.5769744348082
"Background_Purple+Earring_No+Fur_Brown","Background_Purple","Background","Purple",3,3671,-0.268878503191914,0.0589797890744638,-0.384478889777863,-0.153278116605965,-23.5763897745151
"Background_Purple+Earring_No+Fur_Brown","Background_Purple","Background","Purple",3,3675,-0.271353225587397,0.0538702819099733,-0.376938978130945,-0.16576747304385,-23.7652831685249
"Background_Purple+Earring_No+Fur_Brown","Background_Purple","Background","Purple",3,3742,-0.26986744856119,0.0613090460771143,-0.390033178872334,-0.149701718250046,-23.6519311906274
"Background_Purple+Earring_No+Fur_Brown","Background_Purple","Background","Purple",3,3744,-0.242050832013731,0.0523895136863037,-0.344734278838886,-0.139367385188576,-21.4983727420334
"Background_Purple+Earring_No+Fur_Brown","Background_Purple","Background","Purple",3,3766,-0.264852565677127,0.0602077544671254,-0.382859764432692,-0.146845366921561,-23.2680929195664
"Background_Purple+Earring_No+Fur_Brown","Background_Purple","Background","Purple",3,3809,-0.267727004217663,0.0605481665460099,-0.386401410647843,-0.149052597787484,-23.4883373793399
"Background_Purple+Earring_No+Fur_Brown","Background_Purple","Background","Purple",3,3860,-0.268748193256698,0.0579240594413236,-0.382279349761692,-0.155217036751704,-23.566430369927
"Background_Purple+Earring_No+Fur_Brown","Background_Purple","Background","Purple",3,3909,-0.256747994555844,0.0613394910560397,-0.376973397025682,-0.136522592086006,-22.6436868675233
"Background_Purple+Earring_No+Fur_Brown","Background_Purple","Background","Purple",3,3994,-0.269687460526647,0.0587305427906865,-0.384799324396392,-0.154575596656901,-23.6381882150327
"Background_Purple+Earring_No+Fur_Brown","Background_Purple","Background","Purple",3,4038,-0.264985438617977,0.058939114825789,-0.380506103676524,-0.149464773559431,-23.278287836388
"Background_Purple+Earring_No+Fur_Brown","Background_Purple","Background","Purple",3,4053,-0.266103995467136,0.0535716646266228,-0.371104458135316,-0.161103532798955,-23.3640574549679
"Background_Purple+Earring_No+Fur_Brown","Background_Purple","Background","Purple",3,4067,-0.271887685563145,0.057422673116549,-0.384436124871581,-0.159339246254709,-23.8060166872465
"Background_Purple+Earring_No+Fur_Brown","Background_Purple","Background","Purple",3,4116,-0.267993976026716,0.0553130902481219,-0.376407632913035,-0.159580319140397,-23.5087611099219
"Background_Purple+Earring_No+Fur_Brown","Background_Purple","Background","Purple",3,4134,-0.266386408616674,0.0556387393709768,-0.375438337783788,-0.157334479449559,-23.3856973970239
"Background_Purple+Earring_No+Fur_Brown","Background_Purple","Background","Purple",3,4150,-0.267070463480099,0.0532725087884782,-0.371484580705516,-0.162656346254682,-23.4380878623082
"Background_Purple+Earring_No+Fur_Brown","Background_Purple","Background","Purple",3,4153,-0.272530869958402,0.0669050810596564,-0.403664828835328,-0.141396911081475,-23.8550077115057
"Background_Purple+Earring_No+Fur_Brown","Background_Purple","Background","Purple",3,4176,-0.266475072395634,0.0595702940300557,-0.383232848694543,-0.149717296096725,-23.3924900094813
"Background_Purple+Earring_No+Fur_Brown","Background_Purple","Background","Purple",3,4182,-0.264926769824252,0.0524979061150924,-0.367822665809833,-0.162030873838671,-23.273786534041
"Background_Purple+Earring_No+Fur_Brown","Background_Purple","Background","Purple",3,4207,-0.26685959932765,0.0565428809199669,-0.377683645930785,-0.156035552724515,-23.4219419973631
"Background_Purple+Earring_No+Fur_Brown","Background_Purple","Background","Purple",3,4219,-0.264211088737668,0.0668373593149123,-0.395212312994897,-0.13320986448044,-23.2188553799689
"Background_Purple+Earring_No+Fur_Brown","Background_Purple","Background","Purple",3,4230,-0.269845180955818,0.0561743374973104,-0.379946882450547,-0.15974347946109,-23.6502310830316
"Background_Purple+Earring_No+Fur_Brown","Background_Purple","Background","Purple",3,4237,-0.264902335594414,0.0575904529894863,-0.377779623453808,-0.152025047735021,-23.2719117652025
"Background_Purple+Earring_No+Fur_Brown","Background_Purple","Background","Purple",3,4245,-0.271045832142518,0.0553275213614089,-0.37948777401088,-0.162603890274157,-23.7418455141927
"Background_Purple+Earring_No+Fur_Brown","Background_Purple","Background","Purple",3,4247,-0.265118490358086,0.0555152749312072,-0.373928429223253,-0.15630855149292,-23.2884951146323
"Background_Purple+Earring_No+Fur_Brown","Background_Purple","Background","Purple",3,4308,-0.265999289834391,0.0587277715304991,-0.381105722034169,-0.150892857634613,-23.3560328200078
"Background_Purple+Earring_No+Fur_Brown","Background_Purple","Background","Purple",3,4321,-0.265206036305437,0.0592194904408313,-0.381276237569467,-0.149135835041408,-23.2952106020391
"Background_Purple+Earring_No+Fur_Brown","Background_Purple","Background","Purple",3,4339,-0.267354226170879,0.0582067842936238,-0.381439523386382,-0.153268928955376,-23.4598101943682
"Background_Purple+Earring_No+Fur_Brown","Background_Purple","Background","Purple",3,4349,-0.253700105611889,0.0555887820277203,-0.362654118386221,-0.144746092837558,-22.4075537450141
"Background_Purple+Earring_No+Fur_Brown","Background_Purple","Background","Purple",3,4379,-0.264357880073649,0.0543632854925311,-0.37090991963901,-0.157805840508288,-23.2301253595779
"Background_Purple+Earring_No+Fur_Brown","Background_Purple","Background","Purple",3,4401,-0.263711904743563,0.0621722342936599,-0.385569483959136,-0.14185432552799,-23.1805178935918
"Background_Purple+Earring_No+Fur_Brown","Background_Purple","Background","Purple",3,4423,-0.266406499009858,0.0598685169304894,-0.383748792193617,-0.149064205826099,-23.3872365930251
"Background_Purple+Earring_No+Fur_Brown","Background_Purple","Background","Purple",3,4453,-0.266556532070687,0.0544438804894217,-0.373266537829954,-0.159846526311421,-23.3987301781873
"Background_Purple+Earring_No+Fur_Brown","Background_Purple","Background","Purple",3,4457,-0.263361503490878,0.0586701853260992,-0.378355066730033,-0.148367940251724,-23.1535955342924
"Background_Purple+Earring_No+Fur_Brown","Background_Purple","Background","Purple",3,4529,-0.268103847712881,0.0640249515469873,-0.393592752744976,-0.142614942680786,-23.5171648696395
"Background_Purple+Earring_No+Fur_Brown","Background_Purple","Background","Purple",3,4537,-0.271333823129832,0.0542386382978698,-0.377641554193656,-0.165026092066007,-23.763804013317
"Background_Purple+Earring_No+Fur_Brown","Background_Purple","Background","Purple",3,4549,-0.266078261766517,0.063507503727419,-0.390552969072258,-0.141603554460776,-23.3620853031905
"Background_Purple+Earring_No+Fur_Brown","Background_Purple","Background","Purple",3,4574,-0.26953158997296,0.0573491815723795,-0.381935985854824,-0.157127194091096,-23.6262847294719
"Background_Purple+Earring_No+Fur_Brown","Background_Purple","Background","Purple",3,4622,-0.268833316448609,0.0615703865130159,-0.389511274014121,-0.148155358883098,-23.5729363624337
"Background_Purple+Earring_No+Fur_Brown","Background_Purple","Background","Purple",3,4627,-0.274923407069157,0.064491785927414,-0.401327307486889,-0.148519506651426,-24.0369696691864
"Background_Purple+Earring_No+Fur_Brown","Background_Purple","Background","Purple",3,4635,-0.271581044832253,0.0563951886933634,-0.382115614671246,-0.161046474993261,-23.7826489259433
"Background_Purple+Earring_No+Fur_Brown","Background_Purple","Background","Purple",3,4647,-0.267175982962392,0.0602838010754655,-0.385332233070304,-0.149019732854479,-23.4461662094213
"Background_Purple+Earring_No+Fur_Brown","Background_Purple","Background","Purple",3,4652,-0.272270808824794,0.0560385376993163,-0.382106342715454,-0.162435274934134,-23.8352027833581
"Background_Purple+Earring_No+Fur_Brown","Background_Purple","Background","Purple",3,4659,-0.264556609176116,0.0547624443454811,-0.371891000093259,-0.157222218258973,-23.245380252016
"Background_Purple+Earring_No+Fur_Brown","Background_Purple","Background","Purple",3,4660,-0.26824167805374,0.0571810056657724,-0.380316449158653,-0.156166906948826,-23.5277057984288
"Background_Purple+Earring_No+Fur_Brown","Background_Purple","Background","Purple",3,4676,-0.268589903621473,0.0593777880913417,-0.384970368280502,-0.152209438962443,-23.554330770476
"Background_Purple+Earring_No+Fur_Brown","Background_Purple","Background","Purple",3,4710,-0.262584806787387,0.0615848743990085,-0.383291160609444,-0.141878452965331,-23.0938860001713
"Background_Purple+Earring_No+Fur_Brown","Background_Purple","Background","Purple",3,4711,-0.264590084887845,0.0645971912718007,-0.391200579780575,-0.137979589995116,-23.2479496245345
"Background_Purple+Earring_No+Fur_Brown","Background_Purple","Background","Purple",3,4737,-0.268493098465645,0.0591730736304484,-0.384472322781324,-0.152513874149966,-23.546930077347
"Background_Purple+Earring_No+Fur_Brown","Background_Purple","Background","Purple",3,4757,-0.262960554473931,0.06476599104824,-0.389901896928481,-0.13601921201938,-23.1227778662219
"Background_Purple+Earring_No+Fur_Brown","Background_Purple","Background","Purple",3,4792,-0.269068797936173,0.0577230818921092,-0.382206038444707,-0.155931557427639,-23.5909314022367
"Background_Purple+Earring_No+Fur_Brown","Background_Purple","Background","Purple",3,4804,-0.264453458288683,0.0568119720486597,-0.375804923504056,-0.15310199307331,-23.2374625365217
"Background_Purple+Earring_No+Fur_Brown","Background_Purple","Background","Purple",3,4818,-0.265716375540369,0.0602397131232876,-0.383786213262013,-0.147646537818725,-23.3343460785421
"Background_Purple+Earring_No+Fur_Brown","Background_Purple","Background","Purple",3,4824,-0.269718357008788,0.0567128670180017,-0.380875576364071,-0.158561137653504,-23.6405474899399
"Background_Purple+Earring_No+Fur_Brown","Background_Purple","Background","Purple",3,4835,-0.265084663315096,0.0542795384876714,-0.371472558750932,-0.15869676787926,-23.2859001473689
"Background_Purple+Earring_No+Fur_Brown","Background_Purple","Background","Purple",3,4846,-0.26881162071567,0.0600813941374413,-0.386571153225055,-0.151052088206285,-23.5712782032843
"Background_Purple+Earring_No+Fur_Brown","Background_Purple","Background","Purple",3,4896,-0.267159680124414,0.0593193153219767,-0.383425538155489,-0.15089382209334,-23.444918154499
"Background_Purple+Earring_No+Fur_Brown","Background_Purple","Background","Purple",3,4902,-0.268281195698479,0.0610042284694354,-0.387849483498572,-0.148712907898385,-23.530727743673
"Background_Purple+Earring_No+Fur_Brown","Background_Purple","Background","Purple",3,4917,-0.272394632925019,0.0576343912923582,-0.385358039858041,-0.159431225991997,-23.8446332369715
"Background_Purple+Earring_No+Fur_Brown","Background_Purple","Background","Purple",3,4919,-0.272929492818193,0.0576995931820227,-0.386020695454957,-0.159838290181428,-23.8853547971676
"Background_Purple+Earring_No+Fur_Brown","Background_Purple","Background","Purple",3,4948,-0.299459597285905,0.0524393738457164,-0.402240770023509,-0.1966784245483,-25.8781330949227
"Background_Purple+Earring_No+Fur_Brown","Background_Purple","Background","Purple",3,4999,-0.264953586656913,0.0577356335511124,-0.378115428417093,-0.151791744896733,-23.27584406048
"Background_Purple+Earring_No+Fur_Brown","Background_Purple","Background","Purple",3,5022,-0.269510070794301,0.0601101079923587,-0.387325882459324,-0.151694259129278,-23.6246412121646
"Background_Purple+Earring_No+Fur_Brown","Background_Purple","Background","Purple",3,5023,-0.261182046450933,0.0576010578601696,-0.374080119856866,-0.148283973045001,-22.9859294529428
"Background_Purple+Earring_No+Fur_Brown","Background_Purple","Background","Purple",3,5066,-0.265758902446952,0.0611955863097065,-0.385702251613976,-0.145815553279927,-23.3376063623191
"Background_Purple+Earring_No+Fur_Brown","Background_Purple","Background","Purple",3,5116,-0.2625887386646,0.0574788132320068,-0.375247212599334,-0.149930264729867,-23.094188384974
"Background_Purple+Earring_No+Fur_Brown","Background_Purple","Background","Purple",3,5129,-0.26785922947308,0.0604665333121684,-0.38637363476493,-0.14934482418123,-23.4984534846552
"Background_Purple+Earring_No+Fur_Brown","Background_Purple","Background","Purple",3,5142,-0.268897222846958,0.055196233135714,-0.377081839792958,-0.160712605900959,-23.5778203847454
"Background_Purple+Earring_No+Fur_Brown","Background_Purple","Background","Purple",3,5161,-0.265975005128509,0.0615919822840738,-0.386695290405293,-0.145254719851724,-23.3541715212067
"Background_Purple+Earring_No+Fur_Brown","Background_Purple","Background","Purple",3,5170,-0.264082441531495,0.0608155831642708,-0.383280984533465,-0.144883898529524,-23.2089770648315
"Background_Purple+Earring_No+Fur_Brown","Background_Purple","Background","Purple",3,5171,-0.266998521189223,0.060179538714277,-0.384950417069205,-0.14904662530924,-23.4325796248199
"Background_Purple+Earring_No+Fur_Brown","Background_Purple","Background","Purple",3,5172,-0.266509222709183,0.0581134865324899,-0.380411656312863,-0.152606789105503,-23.3951061352967
"Background_Purple+Earring_No+Fur_Brown","Background_Purple","Background","Purple",3,5187,-0.29145544012786,0.0623282826679702,-0.413618874157082,-0.169292006098638,-25.2824693102666
"Background_Purple+Earring_No+Fur_Brown","Background_Purple","Background","Purple",3,5198,-0.269327723760435,0.0602100018126843,-0.387339327313296,-0.151316120207574,-23.6107131221949
"Background_Purple+Earring_No+Fur_Brown","Background_Purple","Background","Purple",3,5211,-0.266090808263836,0.0590739152002396,-0.381875682056306,-0.150305934471367,-23.3630468345498
"Background_Purple+Earring_No+Fur_Brown","Background_Purple","Background","Purple",3,5250,-0.265186261736418,0.0591607101387526,-0.381141253608373,-0.149231269864463,-23.2936937828898
"Background_Purple+Earring_No+Fur_Brown","Background_Purple","Background","Purple",3,5265,-0.265780028887149,0.0588291124279486,-0.381085089245929,-0.15047496852837,-23.3392259486856
"Background_Purple+Earring_No+Fur_Brown","Background_Purple","Background","Purple",3,5274,-0.265222747827647,0.0554904408530232,-0.373984011899572,-0.156461483755722,-23.2964924451199
"Background_Purple+Earring_No+Fur_Brown","Background_Purple","Background","Purple",3,5275,-0.268391108134949,0.0627509744920459,-0.391383018139359,-0.145399198130539,-23.5391322058159
"Background_Purple+Earring_No+Fur_Brown","Background_Purple","Background","Purple",3,5297,-0.265655148201736,0.0588777279575847,-0.381055494998602,-0.15025480140487,-23.3296519008834
"Background_Purple+Earring_No+Fur_Brown","Background_Purple","Background","Purple",3,5317,-0.26470542383067,0.0587534783820092,-0.379862241459408,-0.149548606201932,-23.256801614385
"Background_Purple+Earring_No+Fur_Brown","Background_Purple","Background","Purple",3,5358,-0.267309481863912,0.057463414595023,-0.379937774470157,-0.154681189257667,-23.4563853800003
"Background_Purple+Earring_No+Fur_Brown","Background_Purple","Background","Purple",3,5370,-0.264587452766747,0.0582341891648019,-0.378726463529759,-0.150448442003736,-23.2477476035775
"Background_Purple+Earring_No+Fur_Brown","Background_Purple","Background","Purple",3,5384,-0.267896329424325,0.0663666487934836,-0.397974961059553,-0.137817697789097,-23.5012916356532
"Background_Purple+Earring_No+Fur_Brown","Background_Purple","Background","Purple",3,5439,-0.266325591301773,0.0550298462834038,-0.374184090017244,-0.158467092586301,-23.3810377791653
"Background_Purple+Earring_No+Fur_Brown","Background_Purple","Background","Purple",3,5445,-0.266074741189597,0.0566079417127512,-0.37702630694659,-0.155123175432605,-23.3618154930419
"Background_Purple+Earring_No+Fur_Brown","Background_Purple","Background","Purple",3,5449,-0.262604593564007,0.0541593880184651,-0.368756994080199,-0.156452193047815,-23.0954077092148
"Background_Purple+Earring_No+Fur_Brown","Background_Purple","Background","Purple",3,5487,-0.263234043060782,0.0608412649100004,-0.382482922284383,-0.143985163837182,-23.1438000342718
"Background_Purple+Earring_No+Fur_Brown","Background_Purple","Background","Purple",3,5501,-0.265166653669173,0.0558219476018373,-0.374577670968774,-0.155755636369572,-23.2921897057335
"Background_Purple+Earring_No+Fur_Brown","Background_Purple","Background","Purple",3,5543,-0.269783874770821,0.0581667520824542,-0.383790708852431,-0.155777040689211,-23.6455502264927
"Background_Purple+Earring_No+Fur_Brown","Background_Purple","Background","Purple",3,5552,-0.271107816598885,0.0551317443741735,-0.379166035572265,-0.163049597625505,-23.7465721879503
"Background_Purple+Earring_No+Fur_Brown","Background_Purple","Background","Purple",3,5554,-0.263049904603325,0.0499836516611333,-0.361017861859146,-0.165081947347503,-23.1296465491036
"Background_Purple+Earring_No+Fur_Brown","Background_Purple","Background","Purple",3,5610,-0.268462758877342,0.0580666503747674,-0.382273393611886,-0.154652124142798,-23.5446104874935
"Background_Purple+Earring_No+Fur_Brown","Background_Purple","Background","Purple",3,5618,-0.26617431251524,0.0635521122940172,-0.390736452611514,-0.141612172418966,-23.369446078768
"Background_Purple+Earring_No+Fur_Brown","Background_Purple","Background","Purple",3,5628,-0.265501482993087,0.0692484054945563,-0.401228357762417,-0.129774608223756,-23.3178694305908
"Background_Purple+Earring_No+Fur_Brown","Background_Purple","Background","Purple",3,5644,-0.270218305026739,0.0589830649675383,-0.385825112363114,-0.154611497690364,-23.6787137055173
"Background_Purple+Earring_No+Fur_Brown","Background_Purple","Background","Purple",3,5645,-0.268721564181236,0.0538040030614124,-0.374177410181604,-0.163265718180867,-23.5643949875334
"Background_Purple+Earring_No+Fur_Brown","Background_Purple","Background","Purple",3,5653,-0.268732795196078,0.0596802588108338,-0.385706102465313,-0.151759487926844,-23.5652534321272
"Background_Purple+Earring_No+Fur_Brown","Background_Purple","Background","Purple",3,5686,-0.264853724424957,0.058503680886197,-0.379520938961903,-0.150186509888011,-23.2681818324457
"Background_Purple+Earring_No+Fur_Brown","Background_Purple","Background","Purple",3,5710,-0.267063970275421,0.0597192662798281,-0.384113732183884,-0.150014208366958,-23.4375907285281
"Background_Purple+Earring_No+Fur_Brown","Background_Purple","Background","Purple",3,5722,-0.260236952304584,0.0572611923814453,-0.372468889372217,-0.148005015236951,-22.9131095002469
"Background_Purple+Earring_No+Fur_Brown","Background_Purple","Background","Purple",3,5735,-0.263391652417462,0.0615705744167488,-0.38406997827429,-0.142713326560635,-23.1559123359742
"Background_Purple+Earring_No+Fur_Brown","Background_Purple","Background","Purple",3,5771,-0.259092238037791,0.0621495070412619,-0.380905271838664,-0.137279204236918,-22.8248165114286
"Background_Purple+Earring_No+Fur_Brown","Background_Purple","Background","Purple",3,5819,-0.2706785734122,0.0598818639482756,-0.38804702675082,-0.15331012007358,-23.7138338977593
"Background_Purple+Earring_No+Fur_Brown","Background_Purple","Background","Purple",3,5850,-0.26667391849708,0.0598197957105257,-0.38392071808971,-0.149427118904449,-23.407721599763
"Background_Purple+Earring_No+Fur_Brown","Background_Purple","Background","Purple",3,5872,-0.261273819611287,0.0583669722150364,-0.375673085152758,-0.146874554069816,-22.9929969532802
"Background_Purple+Earring_No+Fur_Brown","Background_Purple","Background","Purple",3,5935,-0.264157636186103,0.0609181334535137,-0.38355717775499,-0.144758094617216,-23.2147511221863
"Background_Purple+Earring_No+Fur_Brown","Background_Purple","Background","Purple",3,5938,-0.269327354646761,0.055829620489315,-0.378753410805818,-0.159901298487703,-23.6106849258593
"Background_Purple+Earring_No+Fur_Brown","Background_Purple","Background","Purple",3,5995,-0.265593471963658,0.056670915914364,-0.376668467155812,-0.154518476771505,-23.3249230164121
"Background_Purple+Earring_No+Fur_Brown","Background_Purple","Background","Purple",3,6005,-0.265130698700576,0.0618892589230388,-0.386433646189732,-0.14382775121142,-23.2894316292402
"Background_Purple+Earring_No+Fur_Brown","Background_Purple","Background","Purple",3,6016,-0.262416973796517,0.0623704727501728,-0.384663100386856,-0.140170847206179,-23.0809775338395
"Background_Purple+Earring_No+Fur_Brown","Background_Purple","Background","Purple",3,6021,-0.268917502309389,0.0667849493223248,-0.399816002981145,-0.138019001637632,-23.5793701697513
"Background_Purple+Earring_No+Fur_Brown","Background_Purple","Background","Purple",3,6023,-0.266765563488928,0.0563842733778555,-0.377278739309525,-0.156252387668331,-23.4147405768607
"Background_Purple+Earring_No+Fur_Brown","Background_Purple","Background","Purple",3,6144,-0.266668062221328,0.0641850062161487,-0.392470674404979,-0.140865450037677,-23.4072730529468
"Background_Purple+Earring_No+Fur_Brown","Background_Purple","Background","Purple",3,6145,-0.268687612915909,0.0642499024217143,-0.394617421662469,-0.142757804169349,-23.5617998579735
"Background_Purple+Earring_No+Fur_Brown","Background_Purple","Background","Purple",3,6146,-0.266840897731426,0.0540881803598544,-0.372853731236741,-0.160828064226112,-23.4205098520511
"Background_Purple+Earring_No+Fur_Brown","Background_Purple","Background","Purple",3,6152,-0.263712610110097,0.0563627428120337,-0.374183586021683,-0.153241634198511,-23.1805720794646
"Background_Purple+Earring_No+Fur_Brown","Background_Purple","Background","Purple",3,6155,-0.269731437719529,0.0537821857371893,-0.37514452176442,-0.164318353674638,-23.6415463193179
"Background_Purple+Earring_No+Fur_Brown","Background_Purple","Background","Purple",3,6183,-0.269593658336091,0.061993176913697,-0.391100285086938,-0.148087031585245,-23.6310249738539
"Background_Purple+Earring_No+Fur_Brown","Background_Purple","Background","Purple",3,6191,-0.266825541826241,0.0559287444313172,-0.376445880911623,-0.15720520274086,-23.4193338956324
"Background_Purple+Earring_No+Fur_Brown","Background_Purple","Background","Purple",3,6192,-0.268531034260337,0.062185843665,-0.390415287843737,-0.146646780676937,-23.5498303302991
"Background_Purple+Earring_No+Fur_Brown","Background_Purple","Background","Purple",3,6208,-0.270921079902236,0.061586475698137,-0.391630572270584,-0.150211587533887,-23.7323315451486
"Background_Purple+Earring_No+Fur_Brown","Background_Purple","Background","Purple",3,6216,-0.263422414125075,0.0559447290907502,-0.373074083142946,-0.153770745107205,-23.1582761549729
"Background_Purple+Earring_No+Fur_Brown","Background_Purple","Background","Purple",3,6236,-0.265797998927968,0.0579129022415706,-0.379307287321447,-0.15228871053449,-23.3406035335469
"Background_Purple+Earring_No+Fur_Brown","Background_Purple","Background","Purple",3,6253,-0.262843822574079,0.0569845464474498,-0.37453353361108,-0.151154111537077,-23.1138033182291
"Background_Purple+Earring_No+Fur_Brown","Background_Purple","Background","Purple",3,6255,-0.265898325209455,0.060698027382008,-0.38486645887819,-0.146930191540719,-23.3482940999459
"Background_Purple+Earring_No+Fur_Brown","Background_Purple","Background","Purple",3,6276,-0.267293457925898,0.0589632865944768,-0.382861499651073,-0.151725416200723,-23.4551588400373
"Background_Purple+Earring_No+Fur_Brown","Background_Purple","Background","Purple",3,6286,-0.268557158367656,0.05852788617921,-0.383271815278908,-0.153842501456405,-23.5518274966489
"Background_Purple+Earring_No+Fur_Brown","Background_Purple","Background","Purple",3,6292,-0.270605264371234,0.0559815601674618,-0.380329122299459,-0.160881406443009,-23.7082412270892
"Background_Purple+Earring_No+Fur_Brown","Background_Purple","Background","Purple",3,6337,-0.266586583956736,0.0522939915700128,-0.369082807433961,-0.164090360479511,-23.4010321562295
"Background_Purple+Earring_No+Fur_Brown","Background_Purple","Background","Purple",3,6346,-0.270303969021042,0.0535891323027324,-0.375338668334398,-0.165269269707687,-23.6852514117246
"Background_Purple+Earring_No+Fur_Brown","Background_Purple","Background","Purple",3,6351,-0.266543415343305,0.0612855628532749,-0.386663118535724,-0.146423712150887,-23.3977254136243
"Background_Purple+Earring_No+Fur_Brown","Background_Purple","Background","Purple",3,6359,-0.267163365054631,0.0558371568542532,-0.376604192488968,-0.157722537620295,-23.4452002541137
"Background_Purple+Earring_No+Fur_Brown","Background_Purple","Background","Purple",3,6361,-0.262220205208274,0.0597158631106626,-0.379263296905173,-0.145177113511375,-23.0658407972115
"Background_Purple+Earring_No+Fur_Brown","Background_Purple","Background","Purple",3,6363,-0.264586655364369,0.0620757215935413,-0.38625506968771,-0.142918241041028,-23.2476864011245
"Background_Purple+Earring_No+Fur_Brown","Background_Purple","Background","Purple",3,6365,-0.269492929305731,0.0608264597581268,-0.388712790431659,-0.150273068179802,-23.6233320136042
"Background_Purple+Earring_No+Fur_Brown","Background_Purple","Background","Purple",3,6387,-0.27008863182999,0.0581058405751414,-0.383976079357267,-0.156201184302713,-23.6688162386393
"Background_Purple+Earring_No+Fur_Brown","Background_Purple","Background","Purple",3,6397,-0.268480118700426,0.0584692886885018,-0.38307992452989,-0.153880312870962,-23.5459377280089
"Background_Purple+Earring_No+Fur_Brown","Background_Purple","Background","Purple",3,6445,-0.267002018721077,0.0627126530504794,-0.389918818700016,-0.144085218742137,-23.4328474213433
"Background_Purple+Earring_No+Fur_Brown","Background_Purple","Background","Purple",3,6467,-0.272708574621424,0.0543044817905375,-0.379145358930878,-0.166271790311971,-23.868537829483
"Background_Purple+Earring_No+Fur_Brown","Background_Purple","Background","Purple",3,6489,-0.272997178195883,0.0642679516404403,-0.398962363411146,-0.14703199298062,-23.8905064713274
"Background_Purple+Earring_No+Fur_Brown","Background_Purple","Background","Purple",3,6490,-0.268836807834664,0.063200136626182,-0.392709075621981,-0.144964540047347,-23.5732031983521
"Background_Purple+Earring_No+Fur_Brown","Background_Purple","Background","Purple",3,6492,-0.274217783768388,0.0552780042426391,-0.38256267208396,-0.165872895452815,-23.9833494693816
"Background_Purple+Earring_No+Fur_Brown","Background_Purple","Background","Purple",3,6549,-0.265379664866037,0.0593408253865266,-0.381687682623629,-0.149071647108445,-23.3085275880753
"Background_Purple+Earring_No+Fur_Brown","Background_Purple","Background","Purple",3,6615,-0.266900909287902,0.061935464003983,-0.388294418735709,-0.145507399840096,-23.4251053685556
"Background_Purple+Earring_No+Fur_Brown","Background_Purple","Background","Purple",3,6635,-0.267261127964675,0.062480812565193,-0.389723520592454,-0.144798735336897,-23.452684108287
"Background_Purple+Earring_No+Fur_Brown","Background_Purple","Background","Purple",3,6654,-0.265265647329051,0.0599838206410003,-0.382833935785412,-0.147697358872691,-23.2997829167697
"Background_Purple+Earring_No+Fur_Brown","Background_Purple","Background","Purple",3,6661,-0.268759031398495,0.0614699714819545,-0.389240175503126,-0.148277887293864,-23.5672587633036
"Background_Purple+Earring_No+Fur_Brown","Background_Purple","Background","Purple",3,6664,-0.263681606894609,0.0548698671841615,-0.371226546575565,-0.156136667213652,-23.1781903932673
"Background_Purple+Earring_No+Fur_Brown","Background_Purple","Background","Purple",3,6671,-0.268874970622628,0.0593170866358522,-0.385136460428898,-0.152613480816357,-23.57611980234
"Background_Purple+Earring_No+Fur_Brown","Background_Purple","Background","Purple",3,6677,-0.268334058878717,0.0623465058805239,-0.390533210404544,-0.146134907352891,-23.5347700457496
"Background_Purple+Earring_No+Fur_Brown","Background_Purple","Background","Purple",3,6695,-0.259058895083419,0.0599982349035779,-0.376655435494432,-0.141462354672406,-22.8222432199065
"Background_Purple+Earring_No+Fur_Brown","Background_Purple","Background","Purple",3,6710,-0.2720510857438,0.0628479560858506,-0.395233079672067,-0.148869091815533,-23.8184657807649
"Background_Purple+Earring_No+Fur_Brown","Background_Purple","Background","Purple",3,6713,-0.267325762054104,0.064663424212734,-0.394066073511062,-0.140585450597145,-23.4576315144606
"Background_Purple+Earring_No+Fur_Brown","Background_Purple","Background","Purple",3,6730,-0.265708695548523,0.0577184849924067,-0.37883692613364,-0.152580464963406,-23.3337572846842
"Background_Purple+Earring_No+Fur_Brown","Background_Purple","Background","Purple",3,6748,-0.265901697164443,0.0621622338907429,-0.387739675590299,-0.144063718738587,-23.3485525656122
"Background_Purple+Earring_No+Fur_Brown","Background_Purple","Background","Purple",3,6751,-0.268386054304375,0.0611299844509222,-0.388200823828183,-0.148571284780568,-23.5387457845681
"Background_Purple+Earring_No+Fur_Brown","Background_Purple","Background","Purple",3,6768,-0.266627742982985,0.058535290419163,-0.381356912204544,-0.151898573761425,-23.4041848302767
"Background_Purple+Earring_No+Fur_Brown","Background_Purple","Background","Purple",3,6778,-0.263480428736845,0.0619788897208646,-0.38495905258974,-0.142001804883951,-23.1627339684391
"Background_Purple+Earring_No+Fur_Brown","Background_Purple","Background","Purple",3,6782,-0.271772833604293,0.0582189950203277,-0.385882063844136,-0.157663603364451,-23.7972651564547
"Background_Purple+Earring_No+Fur_Brown","Background_Purple","Background","Purple",3,6810,-0.268939934036757,0.058643570348955,-0.383881331920709,-0.153998536152806,-23.5810843972584
"Background_Purple+Earring_No+Fur_Brown","Background_Purple","Background","Purple",3,6822,-0.265573483031281,0.0605469303242534,-0.384245466466818,-0.146901499595745,-23.3233903481652
"Background_Purple+Earring_No+Fur_Brown","Background_Purple","Background","Purple",3,6865,-0.268143166182004,0.0597892578914308,-0.385330111649208,-0.150956220714799,-23.5201719985128
"Background_Purple+Earring_No+Fur_Brown","Background_Purple","Background","Purple",3,6868,-0.262988904311181,0.059148102706819,-0.378919185616546,-0.147058623005816,-23.1249572920643
"Background_Purple+Earring_No+Fur_Brown","Background_Purple","Background","Purple",3,6871,-0.266718568632658,0.0610088268543502,-0.386295869267185,-0.147141267998132,-23.4111413790305
"Background_Purple+Earring_No+Fur_Brown","Background_Purple","Background","Purple",3,6915,-0.261355300046293,0.0608626703257495,-0.380646133884762,-0.142064466207824,-22.9992712617667
"Background_Purple+Earring_No+Fur_Brown","Background_Purple","Background","Purple",3,6925,-0.267751744939251,0.0601710458790121,-0.385686994862115,-0.149816495016388,-23.4902303096667
"Background_Purple+Earring_No+Fur_Brown","Background_Purple","Background","Purple",3,6929,-0.255335538142103,0.0594466675472517,-0.371851006534716,-0.13882006974949,-22.5343472463494
"Background_Purple+Earring_No+Fur_Brown","Background_Purple","Background","Purple",3,6942,-0.267584643178703,0.0580778357848849,-0.381417201317078,-0.153752085040329,-23.4774443242018
"Background_Purple+Earring_No+Fur_Brown","Background_Purple","Background","Purple",3,6990,-0.273669821140189,0.0624048998078815,-0.395983424763636,-0.151356217516741,-23.9416837711897
"Background_Purple+Earring_No+Fur_Brown","Background_Purple","Background","Purple",3,7009,-0.269417163848014,0.0631475729163083,-0.393186406763979,-0.14564792093205,-23.6175450811733
"Background_Purple+Earring_No+Fur_Brown","Background_Purple","Background","Purple",3,7024,-0.264833418230589,0.0601873363425871,-0.382800597462059,-0.146866238999118,-23.2666236854118
"Background_Purple+Earring_No+Fur_Brown","Background_Purple","Background","Purple",3,7025,-0.267546490696083,0.0574144600523241,-0.380078832398639,-0.155014148993528,-23.474524743032
"Background_Purple+Earring_No+Fur_Brown","Background_Purple","Background","Purple",3,7028,-0.265670238702559,0.0564742049801263,-0.376359680463607,-0.154980796941511,-23.3308088861047
"Background_Purple+Earring_No+Fur_Brown","Background_Purple","Background","Purple",3,7042,-0.273186880885461,0.059956640057391,-0.390701895397947,-0.155671866372974,-23.9049432775584
"Background_Purple+Earring_No+Fur_Brown","Background_Purple","Background","Purple",3,7059,-0.266854152134905,0.0604322030633755,-0.38530127013912,-0.148407034130689,-23.421524860785
"Background_Purple+Earring_No+Fur_Brown","Background_Purple","Background","Purple",3,7073,-0.264887257604905,0.0551908544063883,-0.373061332241426,-0.156713182968384,-23.2707548511711
"Background_Purple+Earring_No+Fur_Brown","Background_Purple","Background","Purple",3,7108,-0.267608769262684,0.0609332529756727,-0.387037945095002,-0.148179593430366,-23.4792904915359
"Background_Purple+Earring_No+Fur_Brown","Background_Purple","Background","Purple",3,7112,-0.262517251748552,0.0602546408576293,-0.380616347829505,-0.144418155667599,-23.0886904291618
"Background_Purple+Earring_No+Fur_Brown","Background_Purple","Background","Purple",3,7124,-0.265775337003111,0.0642282217515386,-0.391662651636126,-0.139888022370095,-23.3388662643797
"Background_Purple+Earring_No+Fur_Brown","Background_Purple","Background","Purple",3,7240,-0.271742209060183,0.0637873173045756,-0.396765350977151,-0.146719067143215,-23.7949314467059
"Background_Purple+Earring_No+Fur_Brown","Background_Purple","Background","Purple",3,7243,-0.268676008489868,0.0599557796632119,-0.386189336629764,-0.151162680349973,-23.5609128313866
"Background_Purple+Earring_No+Fur_Brown","Background_Purple","Background","Purple",3,7294,-0.267976374823821,0.0636083500261592,-0.392648740875093,-0.143304008772549,-23.5074147602579
"Background_Purple+Earring_No+Fur_Brown","Background_Purple","Background","Purple",3,7299,-0.264817894287488,0.0636268123230304,-0.389526446440628,-0.140109342134349,-23.2654324715978
"Background_Purple+Earring_No+Fur_Brown","Background_Purple","Background","Purple",3,7319,-0.265692173773678,0.0611817299296169,-0.385608364435727,-0.145775983111629,-23.33249061182
"Background_Purple+Earring_No+Fur_Brown","Background_Purple","Background","Purple",3,7335,-0.266679338333396,0.0568811132048613,-0.378166320214924,-0.155192356451867,-23.4081367162501
"Background_Purple+Earring_No+Fur_Brown","Background_Purple","Background","Purple",3,7337,-0.263679826435886,0.0532040656268504,-0.367959795064513,-0.159399857807259,-23.1780536150845
"Background_Purple+Earring_No+Fur_Brown","Background_Purple","Background","Purple",3,7348,-0.267129723352097,0.0650476073650679,-0.39462303378763,-0.139636412916564,-23.4426247769916
"Background_Purple+Earring_No+Fur_Brown","Background_Purple","Background","Purple",3,7369,-0.264213899523386,0.0574479666505679,-0.3768119141585,-0.151615884888273,-23.2190711950103
"Background_Purple+Earring_No+Fur_Brown","Background_Purple","Background","Purple",3,7410,-0.274120652938236,0.0526927086050279,-0.37739836180409,-0.170842944072381,-23.9759655504129
"Background_Purple+Earring_No+Fur_Brown","Background_Purple","Background","Purple",3,7426,-0.268772844002729,0.062480099182898,-0.391233838401209,-0.146311849604249,-23.5683144912176
"Background_Purple+Earring_No+Fur_Brown","Background_Purple","Background","Purple",3,7491,-0.26719078307094,0.0583496769384329,-0.381556149870269,-0.152825416271611,-23.4472992060869
"Background_Purple+Earring_No+Fur_Brown","Background_Purple","Background","Purple",3,7499,-0.272053934067368,0.0587300175785461,-0.387164768521319,-0.156943099613418,-23.8186827701152
"Background_Purple+Earring_No+Fur_Brown","Background_Purple","Background","Purple",3,7506,-0.263965282062984,0.056124673185297,-0.373969641506167,-0.153960922619802,-23.1999797423476
"Background_Purple+Earring_No+Fur_Brown","Background_Purple","Background","Purple",3,7516,-0.266223353651744,0.0576725551602856,-0.379261561765904,-0.153185145537584,-23.3732040360752
"Background_Purple+Earring_No+Fur_Brown","Background_Purple","Background","Purple",3,7541,-0.268479552929611,0.0601371392122457,-0.386348345785612,-0.150610760073609,-23.5458944725195
"Background_Purple+Earring_No+Fur_Brown","Background_Purple","Background","Purple",3,7559,-0.265411044366214,0.0591481086670308,-0.381341337353595,-0.149480751378834,-23.3109340903899
"Background_Purple+Earring_No+Fur_Brown","Background_Purple","Background","Purple",3,7563,-0.257751337591138,0.0648941573775926,-0.38494388605122,-0.130558789131057,-22.7212628613663
"Background_Purple+Earring_No+Fur_Brown","Background_Purple","Background","Purple",3,7568,-0.263824743461081,0.0626480277817667,-0.386614877913344,-0.141034609008819,-23.1891856163966
"Background_Purple+Earring_No+Fur_Brown","Background_Purple","Background","Purple",3,7592,-0.26445945473204,0.063119773748722,-0.388174211279535,-0.140744698184545,-23.2379228373494
"Background_Purple+Earring_No+Fur_Brown","Background_Purple","Background","Purple",3,7610,-0.266190221928451,0.0582593900010926,-0.380378626330593,-0.15200181752631,-23.3706652162171
"Background_Purple+Earring_No+Fur_Brown","Background_Purple","Background","Purple",3,7636,-0.265470673822598,0.061001647298146,-0.385033902526964,-0.145907445118232,-23.3155068813628
"Background_Purple+Earring_No+Fur_Brown","Background_Purple","Background","Purple",3,7679,-0.263041223418719,0.0580278519166671,-0.376775813175387,-0.149306633662052,-23.128979220478
"Background_Purple+Earring_No+Fur_Brown","Background_Purple","Background","Purple",3,7685,-0.262117853166665,0.0563997587922098,-0.372661380399397,-0.151574325933934,-23.0579660259551
"Background_Purple+Earring_No+Fur_Brown","Background_Purple","Background","Purple",3,7686,-0.265281277441272,0.0575579193934158,-0.378094799452367,-0.152467755430177,-23.3009817404011
"Background_Purple+Earring_No+Fur_Brown","Background_Purple","Background","Purple",3,7701,-0.26711419993855,0.0575421302123145,-0.379896775154687,-0.154331624722414,-23.4414363359716
"Background_Purple+Earring_No+Fur_Brown","Background_Purple","Background","Purple",3,7704,-0.272140134148915,0.056023326187615,-0.381945853476641,-0.16233441482119,-23.82524932285
"Background_Purple+Earring_No+Fur_Brown","Background_Purple","Background","Purple",3,7801,-0.262184623634147,0.0577497674335289,-0.375374167803864,-0.148995079464431,-23.0631033100212
"Background_Purple+Earring_No+Fur_Brown","Background_Purple","Background","Purple",3,7818,-0.269229917683943,0.0554371278878423,-0.377886688344114,-0.160573147023772,-23.6032414203764
"Background_Purple+Earring_No+Fur_Brown","Background_Purple","Background","Purple",3,7854,-0.270168945380658,0.0641561558999584,-0.395915010944576,-0.144422879816739,-23.6749464208622
"Background_Purple+Earring_No+Fur_Brown","Background_Purple","Background","Purple",3,7859,-0.265700968474556,0.0562137146649108,-0.375879849217782,-0.155522087731331,-23.3331648766671
"Background_Purple+Earring_No+Fur_Brown","Background_Purple","Background","Purple",3,7870,-0.26583239575043,0.0673303358858443,-0.397799854086685,-0.133864937414175,-23.3432403278482
"Background_Purple+Earring_No+Fur_Brown","Background_Purple","Background","Purple",3,7901,-0.269211360636774,0.0543591126641902,-0.375755221458587,-0.162667499814961,-23.6018237089696
"Background_Purple+Earring_No+Fur_Brown","Background_Purple","Background","Purple",3,7926,-0.266352834311799,0.0620006073980108,-0.387874024811901,-0.144831643811698,-23.383125081889
"Background_Purple+Earring_No+Fur_Brown","Background_Purple","Background","Purple",3,7952,-0.262287637695129,0.0570393617758354,-0.374084786775767,-0.150490488614492,-23.0710284839794
"Background_Purple+Earring_No+Fur_Brown","Background_Purple","Background","Purple",3,7956,-0.269137591575315,0.0605014901977329,-0.387720512362872,-0.150554670787759,-23.5961876793277
"Background_Purple+Earring_No+Fur_Brown","Background_Purple","Background","Purple",3,7963,-0.266399454094809,0.0631389720018248,-0.390151839218386,-0.142647068971233,-23.3866968607141
"Background_Purple+Earring_No+Fur_Brown","Background_Purple","Background","Purple",3,7974,-0.267004196181076,0.058576193442182,-0.381813535327753,-0.152194857034399,-23.4330141430738
"Background_Purple+Earring_No+Fur_Brown","Background_Purple","Background","Purple",3,8029,-0.269314000617323,0.0614516102434242,-0.389759156694434,-0.148868844540211,-23.6096648138858
"Background_Purple+Earring_No+Fur_Brown","Background_Purple","Background","Purple",3,8074,-0.262580196928375,0.0587656575554536,-0.377760885737064,-0.147399508119686,-23.0935314730114
"Background_Purple+Earring_No+Fur_Brown","Background_Purple","Background","Purple",3,8076,-0.265336079437131,0.0624120406101935,-0.38766367903311,-0.143008479841152,-23.3051848845108
"Background_Purple+Earring_No+Fur_Brown","Background_Purple","Background","Purple",3,8094,-0.263223510381464,0.05883533900504,-0.378540774831343,-0.147906245931586,-23.1429905283008
"Background_Purple+Earring_No+Fur_Brown","Background_Purple","Background","Purple",3,8109,-0.266226952468484,0.0590739152323956,-0.38201182632398,-0.150442078612989,-23.3734798013751
"Background_Purple+Earring_No+Fur_Brown","Background_Purple","Background","Purple",3,8141,-0.266870890805544,0.0579048216998942,-0.380364341337337,-0.153377440273752,-23.4228066719306
"Background_Purple+Earring_No+Fur_Brown","Background_Purple","Background","Purple",3,8155,-0.266362282706124,0.0635520327051071,-0.390924266808134,-0.141800298604114,-23.3838489849152
"Background_Purple+Earring_No+Fur_Brown","Background_Purple","Background","Purple",3,8158,-0.26989814871491,0.0527494331927097,-0.37328703777262,-0.166509259657199,-23.6542750520974
"Background_Purple+Earring_No+Fur_Brown","Background_Purple","Background","Purple",3,8159,-0.272748213276492,0.0563253556903663,-0.38314591042961,-0.162350516123374,-23.8715555184428
"Background_Purple+Earring_No+Fur_Brown","Background_Purple","Background","Purple",3,8167,-0.263534792703664,0.0566784130630444,-0.374624482307231,-0.152445103100097,-23.1669110334782
"Background_Purple+Earring_No+Fur_Brown","Background_Purple","Background","Purple",3,8191,-0.263924831539847,0.0526877185568597,-0.367192759911292,-0.160656903168402,-23.1968730785186
"Background_Purple+Earring_No+Fur_Brown","Background_Purple","Background","Purple",3,8194,-0.265680583052258,0.0587751793048122,-0.38087993448969,-0.150481231614827,-23.3316019749268
"Background_Purple+Earring_No+Fur_Brown","Background_Purple","Background","Purple",3,8204,-0.271342897191588,0.0625059646621934,-0.393854587929487,-0.148831206453689,-23.7644957821289
"Background_Purple+Earring_No+Fur_Brown","Background_Purple","Background","Purple",3,8216,-0.266072100490051,0.0583972641888314,-0.380530738300161,-0.151613462679942,-23.3616131143556
"Background_Purple+Earring_No+Fur_Brown","Background_Purple","Background","Purple",3,8247,-0.267005975117081,0.0573246901855792,-0.379362367880816,-0.154649582353345,-23.4331503507206
"Background_Purple+Earring_No+Fur_Brown","Background_Purple","Background","Purple",3,8248,-0.270494804296123,0.057944668261791,-0.384066354089233,-0.156923254503012,-23.6998135682334
"Background_Purple+Earring_No+Fur_Brown","Background_Purple","Background","Purple",3,8253,-0.270763778078412,0.0622210320868713,-0.39271700096868,-0.148810555188144,-23.720333558174
"Background_Purple+Earring_No+Fur_Brown","Background_Purple","Background","Purple",3,8261,-0.26776466926553,0.0622105706891222,-0.38969738781621,-0.145831950714851,-23.4912191405037
"Background_Purple+Earring_No+Fur_Brown","Background_Purple","Background","Purple",3,8275,-0.265504886697956,0.0595278966486739,-0.382179564129357,-0.148830209266556,-23.3181304334879
"Background_Purple+Earring_No+Fur_Brown","Background_Purple","Background","Purple",3,8278,-0.268676654661745,0.0577684089531323,-0.381902736209885,-0.155450573113606,-23.560962224159
"Background_Purple+Earring_No+Fur_Brown","Background_Purple","Background","Purple",3,8293,-0.267715349698218,0.057404584712957,-0.380228335735614,-0.155202363660823,-23.4874456674839
"Background_Purple+Earring_No+Fur_Brown","Background_Purple","Background","Purple",3,8310,-0.268874844402055,0.0552493761597781,-0.37716362167522,-0.16058606712889,-23.5761101560734
"Background_Purple+Earring_No+Fur_Brown","Background_Purple","Background","Purple",3,8313,-0.267762397113367,0.0504335023617212,-0.36661206174234,-0.168912732484393,-23.4910453007143
"Background_Purple+Earring_No+Fur_Brown","Background_Purple","Background","Purple",3,8322,-0.262347197998137,0.0570994281250046,-0.374262077123146,-0.150432318873128,-23.0756102603856
"Background_Purple+Earring_No+Fur_Brown","Background_Purple","Background","Purple",3,8329,-0.2640976487903,0.0576885110587428,-0.377167130465436,-0.151028167115164,-23.2101448369119
"Background_Purple+Earring_No+Fur_Brown","Background_Purple","Background","Purple",3,8341,-0.258604243385562,0.0585862192295327,-0.373433233075446,-0.143775253695678,-22.7871462439043
"Background_Purple+Earring_No+Fur_Brown","Background_Purple","Background","Purple",3,8347,-0.272021766091941,0.0555261037370901,-0.380852929416638,-0.163190602767245,-23.8162321319587
"Background_Purple+Earring_No+Fur_Brown","Background_Purple","Background","Purple",3,8427,-0.266534135510688,0.057800417402285,-0.379822953619166,-0.153245317402209,-23.3970145540397
"Background_Purple+Earring_No+Fur_Brown","Background_Purple","Background","Purple",3,8434,-0.264292072319137,0.0594322229936995,-0.380779229386788,-0.147804915251486,-23.2250731402778
"Background_Purple+Earring_No+Fur_Brown","Background_Purple","Background","Purple",3,8435,-0.269770048939172,0.0552778163008836,-0.378114568888904,-0.16142552898944,-23.6444945554267
"Background_Purple+Earring_No+Fur_Brown","Background_Purple","Background","Purple",3,8436,-0.260964002642505,0.0567466213499238,-0.372187380488356,-0.149740624796654,-22.9691351808211
"Background_Purple+Earring_No+Fur_Brown","Background_Purple","Background","Purple",3,8439,-0.263621347364339,0.059198395074079,-0.379650201709534,-0.147592493019144,-23.173561007625
"Background_Purple+Earring_No+Fur_Brown","Background_Purple","Background","Purple",3,8461,-0.262569711730185,0.0510816330746545,-0.362689712556507,-0.162449710903862,-23.0927250892192
"Background_Purple+Earring_No+Fur_Brown","Background_Purple","Background","Purple",3,8466,-0.265954773028865,0.0604375858513797,-0.384412441297569,-0.14749710476016,-23.3526207994805
"Background_Purple+Earring_No+Fur_Brown","Background_Purple","Background","Purple",3,8482,-0.264607291590882,0.062484916349365,-0.387077727635637,-0.142136855546127,-23.2492702629108
"Background_Purple+Earring_No+Fur_Brown","Background_Purple","Background","Purple",3,8594,-0.268563376066188,0.0617748044344341,-0.389641992757679,-0.147484759374698,-23.5523028268611
"Background_Purple+Earring_No+Fur_Brown","Background_Purple","Background","Purple",3,8610,-0.263531729979841,0.0610489944711648,-0.383187759143324,-0.143875700816358,-23.1666757145858
"Background_Purple+Earring_No+Fur_Brown","Background_Purple","Background","Purple",3,8615,-0.270113380740648,0.0584413319399378,-0.384658391342926,-0.15556837013837,-23.6707053289101
"Background_Purple+Earring_No+Fur_Brown","Background_Purple","Background","Purple",3,8619,-0.26736976643741,0.0578173386976255,-0.380691750284755,-0.154047782590064,-23.4609996400759
"Background_Purple+Earring_No+Fur_Brown","Background_Purple","Background","Purple",3,8630,-0.260955054549845,0.0542191300599037,-0.367224549467257,-0.154685559632434,-22.9684458984212
"Background_Purple+Earring_No+Fur_Brown","Background_Purple","Background","Purple",3,8634,-0.268041862828999,0.0617331157191626,-0.389038769638558,-0.14704495601944,-23.5124239430537
"Background_Purple+Earring_No+Fur_Brown","Background_Purple","Background","Purple",3,8639,-0.265766498516823,0.0617533352125439,-0.386803035533409,-0.144729961500237,-23.338188693006
"Background_Purple+Earring_No+Fur_Brown","Background_Purple","Background","Purple",3,8646,-0.267715030485762,0.0603803691279419,-0.386060553976528,-0.149369506994996,-23.4874212437196
"Background_Purple+Earring_No+Fur_Brown","Background_Purple","Background","Purple",3,8667,-0.264063749516531,0.0584550447733611,-0.378635637272318,-0.149491861760743,-23.2075416724666
"Background_Purple+Earring_No+Fur_Brown","Background_Purple","Background","Purple",3,8709,-0.262681208029996,0.0602401744267308,-0.380751949906388,-0.144610466153603,-23.1012994877846
"Background_Purple+Earring_No+Fur_Brown","Background_Purple","Background","Purple",3,8734,-0.272306750961025,0.0559488751236622,-0.381966546203403,-0.162646955718647,-23.83794025968
"Background_Purple+Earring_No+Fur_Brown","Background_Purple","Background","Purple",3,8744,-0.271794439629258,0.0630465141378803,-0.395365607339503,-0.148223271919012,-23.7989115768597
"Background_Purple+Earring_No+Fur_Brown","Background_Purple","Background","Purple",3,8757,-0.268623159112756,0.0533624615904166,-0.373213583829973,-0.16403273439554,-23.5568729664914
"Background_Purple+Earring_No+Fur_Brown","Background_Purple","Background","Purple",3,8786,-0.265379812890258,0.0574475677396448,-0.377977045659962,-0.152782580120554,-23.30853894027
"Background_Purple+Earring_No+Fur_Brown","Background_Purple","Background","Purple",3,8812,-0.270990657107616,0.0512491159317496,-0.371438924333845,-0.170542389881387,-23.7376378517794
"Background_Purple+Earring_No+Fur_Brown","Background_Purple","Background","Purple",3,8822,-0.26834528586576,0.0600949095589777,-0.386131308601357,-0.150559263130164,-23.5356285150765
"Background_Purple+Earring_No+Fur_Brown","Background_Purple","Background","Purple",3,8863,-0.270647165113411,0.0624173038173982,-0.392985080595512,-0.148309249631311,-23.7114378414331
"Background_Purple+Earring_No+Fur_Brown","Background_Purple","Background","Purple",3,8868,-0.266261940539284,0.0628438869193569,-0.389435958901223,-0.143087922177344,-23.3761607685877
"Background_Purple+Earring_No+Fur_Brown","Background_Purple","Background","Purple",3,8915,-0.267226761193584,0.0538908969553102,-0.372852919225992,-0.161600603161176,-23.4500533789995
"Background_Purple+Earring_No+Fur_Brown","Background_Purple","Background","Purple",3,8916,-0.263609853631614,0.0555381273832768,-0.372464583302837,-0.154755123960391,-23.1726779799944
"Background_Purple+Earring_No+Fur_Brown","Background_Purple","Background","Purple",3,8930,-0.269619802460161,0.0534646518752464,-0.374410520135644,-0.164829084784678,-23.6330215477126
"Background_Purple+Earring_No+Fur_Brown","Background_Purple","Background","Purple",3,8937,-0.272488479930623,0.0592175823611486,-0.388554941358474,-0.156422018502771,-23.8517798547533
"Background_Purple+Earring_No+Fur_Brown","Background_Purple","Background","Purple",3,8972,-0.267094999091322,0.0619429059289758,-0.388503094712114,-0.145686903470529,-23.439966332574
"Background_Purple+Earring_No+Fur_Brown","Background_Purple","Background","Purple",3,8977,-0.266204749967339,0.0590339429127165,-0.381911278076264,-0.150498221858415,-23.371778482086
"Background_Purple+Earring_No+Fur_Brown","Background_Purple","Background","Purple",3,9007,-0.267286668232127,0.0588727643981348,-0.382677286452471,-0.151896050011782,-23.4546391222417
"Background_Purple+Earring_No+Fur_Brown","Background_Purple","Background","Purple",3,9017,-0.26949928317396,0.0575118698033658,-0.382222547988557,-0.156776018359363,-23.6238172993466
"Background_Purple+Earring_No+Fur_Brown","Background_Purple","Background","Purple",3,9039,-0.269547849720771,0.0569198620083911,-0.381110779257217,-0.157984920184324,-23.6275265367258
"Background_Purple+Earring_No+Fur_Brown","Background_Purple","Background","Purple",3,9048,-0.267493572740171,0.0660755343725005,-0.397001620110272,-0.137985525370071,-23.4704750641568
"Background_Purple+Earring_No+Fur_Brown","Background_Purple","Background","Purple",3,9067,-0.267188476476846,0.0615059860145448,-0.387740209065354,-0.146636743888338,-23.4471226298757
"Background_Purple+Earring_No+Fur_Brown","Background_Purple","Background","Purple",3,9071,-0.266641937164986,0.0553467417086025,-0.375121550913847,-0.158162323416125,-23.4052720375017
"Background_Purple+Earring_No+Fur_Brown","Background_Purple","Background","Purple",3,9088,-0.265358393506821,0.062762185228273,-0.388372276554237,-0.142344510459406,-23.3068962388665
"Background_Purple+Earring_No+Fur_Brown","Background_Purple","Background","Purple",3,9113,-0.267819511334445,0.0540183044152192,-0.373695387988275,-0.161943634680615,-23.4954149252824
"Background_Purple+Earring_No+Fur_Brown","Background_Purple","Background","Purple",3,9157,-0.269931249971329,0.0643187227913366,-0.395995946642348,-0.143866553300309,-23.6568021496901
"Background_Purple+Earring_No+Fur_Brown","Background_Purple","Background","Purple",3,9177,-0.264667245532631,0.0600531862197609,-0.382371490523362,-0.1469630005419,-23.2538716337541
"Background_Purple+Earring_No+Fur_Brown","Background_Purple","Background","Purple",3,9195,-0.267892150352634,0.059406387882585,-0.3843286706025,-0.151455630102767,-23.5009719413986
"Background_Purple+Earring_No+Fur_Brown","Background_Purple","Background","Purple",3,9219,-0.268093254032684,0.0549764197742086,-0.375847036790133,-0.160339471275235,-23.5163546306519
"Background_Purple+Earring_No+Fur_Brown","Background_Purple","Background","Purple",3,9242,-0.272101063807396,0.0582032689629383,-0.386179470974755,-0.158022656640037,-23.8222730911851
"Background_Purple+Earring_No+Fur_Brown","Background_Purple","Background","Purple",3,9249,-0.27431919964855,0.0584901368177956,-0.388959867811429,-0.15967853148567,-23.9910583739928
"Background_Purple+Earring_No+Fur_Brown","Earring_No","Earring","No",3,7,-0.268902270542949,0.0585953394293008,-0.383749135824378,-0.154055405261519,-23.5782061397014
"Background_Purple+Earring_No+Fur_Brown","Earring_No","Earring","No",3,38,-0.269416066100939,0.0575680065032547,-0.382249358847318,-0.156582773354559,-23.6174612325107
"Background_Purple+Earring_No+Fur_Brown","Earring_No","Earring","No",3,61,-0.268232289259388,0.0601734531069627,-0.386172257349035,-0.150292321169741,-23.5269878124145
"Background_Purple+Earring_No+Fur_Brown","Earring_No","Earring","No",3,83,-0.265690829832782,0.0547241698736223,-0.372950202785082,-0.158431456880482,-23.3323875751495
"Background_Purple+Earring_No+Fur_Brown","Earring_No","Earring","No",3,102,-0.269236170975173,0.0559117199184854,-0.378823142015404,-0.159649199934941,-23.6037191500631
"Background_Purple+Earring_No+Fur_Brown","Earring_No","Earring","No",3,111,-0.265350549513459,0.0622313085255169,-0.387323914223472,-0.143377184803446,-23.3062946563102
"Background_Purple+Earring_No+Fur_Brown","Earring_No","Earring","No",3,147,-0.269545535133994,0.0573315468667275,-0.38191536699278,-0.157175703275208,-23.6273497658041
"Background_Purple+Earring_No+Fur_Brown","Earring_No","Earring","No",3,194,-0.270228435868887,0.0586397922938699,-0.385162428764872,-0.155294442972902,-23.6794869005047
"Background_Purple+Earring_No+Fur_Brown","Earring_No","Earring","No",3,220,-0.268213134779991,0.0626092128209689,-0.39092719190909,-0.145499077650892,-23.5255229976492
"Background_Purple+Earring_No+Fur_Brown","Earring_No","Earring","No",3,249,-0.271255191085005,0.0668707812999127,-0.402321922432834,-0.140188459737177,-23.7578091696465
"Background_Purple+Earring_No+Fur_Brown","Earring_No","Earring","No",3,307,-0.263987089554129,0.0555806917004942,-0.372925245287097,-0.15504893382116,-23.2016545398476
"Background_Purple+Earring_No+Fur_Brown","Earring_No","Earring","No",3,318,-0.266936118212696,0.0601508470114508,-0.384831778355139,-0.149040458070252,-23.4278014407986
"Background_Purple+Earring_No+Fur_Brown","Earring_No","Earring","No",3,324,-0.262952152822128,0.0595205154591386,-0.37961236312204,-0.146291942522217,-23.1221319678567
"Background_Purple+Earring_No+Fur_Brown","Earring_No","Earring","No",3,329,-0.269621513376651,0.0645321069435506,-0.39610444298601,-0.143138583767292,-23.6331522051236
"Background_Purple+Earring_No+Fur_Brown","Earring_No","Earring","No",3,402,-0.267587209560263,0.0558737990851007,-0.377099855767061,-0.158074563353466,-23.4776407100256
"Background_Purple+Earring_No+Fur_Brown","Earring_No","Earring","No",3,407,-0.261699598192828,0.0541667218006791,-0.367866372922159,-0.155532823463497,-23.025777906597
"Background_Purple+Earring_No+Fur_Brown","Earring_No","Earring","No",3,429,-0.264131272340921,0.0565428641112998,-0.374955285999068,-0.153307258682773,-23.2127267410875
"Background_Purple+Earring_No+Fur_Brown","Earring_No","Earring","No",3,452,-0.267222160080865,0.0590628813003184,-0.382985407429489,-0.151458912732241,-23.4497011632562
"Background_Purple+Earring_No+Fur_Brown","Earring_No","Earring","No",3,470,-0.266469857700945,0.0600437354129038,-0.384155579110237,-0.148784136291654,-23.3920905236642
"Background_Purple+Earring_No+Fur_Brown","Earring_No","Earring","No",3,498,-0.266934463189242,0.0607374498132141,-0.385979864823141,-0.147889061555342,-23.4276747119092
"Background_Purple+Earring_No+Fur_Brown","Earring_No","Earring","No",3,526,-0.264856496283598,0.0577006489415343,-0.377949768209005,-0.15176322435819,-23.2683945219041
"Background_Purple+Earring_No+Fur_Brown","Earring_No","Earring","No",3,545,-0.267318307378328,0.0622400043762359,-0.389308715955751,-0.145327898800906,-23.4570609137936
"Background_Purple+Earring_No+Fur_Brown","Earring_No","Earring","No",3,567,-0.265468732137426,0.0595284834398607,-0.382144559679553,-0.148792904595299,-23.315357984075
"Background_Purple+Earring_No+Fur_Brown","Earring_No","Earring","No",3,580,-0.26414733847311,0.0512336573351862,-0.364565306850075,-0.163729370096145,-23.21396040566
"Background_Purple+Earring_No+Fur_Brown","Earring_No","Earring","No",3,581,-0.26019187944669,0.057685867309449,-0.37325617937321,-0.14712757952017,-22.9096348954814
"Background_Purple+Earring_No+Fur_Brown","Earring_No","Earring","No",3,585,-0.26214271407633,0.0588831997622984,-0.377553785610434,-0.146731642542225,-23.0598788511337
"Background_Purple+Earring_No+Fur_Brown","Earring_No","Earring","No",3,592,-0.263473102847211,0.0614445760880681,-0.383904471979825,-0.143041733714598,-23.1621710650465
"Background_Purple+Earring_No+Fur_Brown","Earring_No","Earring","No",3,596,-0.265263471936632,0.0582967397623979,-0.379525081870932,-0.151001862002332,-23.2996160635174
"Background_Purple+Earring_No+Fur_Brown","Earring_No","Earring","No",3,640,-0.262957232124198,0.0574526631737782,-0.375564451944803,-0.150350012303592,-23.1225224527792
"Background_Purple+Earring_No+Fur_Brown","Earring_No","Earring","No",3,657,-0.269115548064231,0.0599504226044884,-0.386618376369029,-0.151612719759434,-23.5945034524809
"Background_Purple+Earring_No+Fur_Brown","Earring_No","Earring","No",3,659,-0.265157707178928,0.0581472919019039,-0.37912639930666,-0.151189015051196,-23.2915034369871
"Background_Purple+Earring_No+Fur_Brown","Earring_No","Earring","No",3,666,-0.267075262674085,0.0592091315703998,-0.383125160552068,-0.151025364796101,-23.4384552968948
"Background_Purple+Earring_No+Fur_Brown","Earring_No","Earring","No",3,683,-0.265898357648265,0.0632979960996175,-0.389962430003515,-0.141834285293014,-23.348296586436
"Background_Purple+Earring_No+Fur_Brown","Earring_No","Earring","No",3,725,-0.272145087269689,0.061742996059568,-0.393161359546442,-0.151128814992935,-23.8256266246556
"Background_Purple+Earring_No+Fur_Brown","Earring_No","Earring","No",3,777,-0.267922537633141,0.0580477629129952,-0.381696152942612,-0.15414892232367,-23.503296503504
"Background_Purple+Earring_No+Fur_Brown","Earring_No","Earring","No",3,784,-0.265746775548414,0.0581829107828348,-0.379785280682771,-0.151708270414058,-23.3366766796128
"Background_Purple+Earring_No+Fur_Brown","Earring_No","Earring","No",3,791,-0.257128923015085,0.0570178879467496,-0.368883983390714,-0.145373862639456,-22.6731484769585
"Background_Purple+Earring_No+Fur_Brown","Earring_No","Earring","No",3,814,-0.267982850858686,0.0577287061946537,-0.381131115000207,-0.154834586717165,-23.5079101273028
"Background_Purple+Earring_No+Fur_Brown","Earring_No","Earring","No",3,864,-0.266961530824809,0.0578422701857486,-0.380332380388876,-0.153590681260742,-23.4297473156542
"Background_Purple+Earring_No+Fur_Brown","Earring_No","Earring","No",3,866,-0.269208164656646,0.0609057200023779,-0.388583375861307,-0.149832953451985,-23.6015795415262
"Background_Purple+Earring_No+Fur_Brown","Earring_No","Earring","No",3,869,-0.261168427642321,0.0595529848698816,-0.377892277987289,-0.144444577297353,-22.9848806059135
"Background_Purple+Earring_No+Fur_Brown","Earring_No","Earring","No",3,876,-0.265325259343324,0.0599079805241582,-0.382744901170674,-0.147905617515974,-23.3043550349272
"Background_Purple+Earring_No+Fur_Brown","Earring_No","Earring","No",3,887,-0.259350643907155,0.0634526252388737,-0.383717789375348,-0.134983498438963,-22.844756455401
"Background_Purple+Earring_No+Fur_Brown","Earring_No","Earring","No",3,889,-0.264342684356058,0.065186038358294,-0.392107319538315,-0.136578049173802,-23.2289587773799
"Background_Purple+Earring_No+Fur_Brown","Earring_No","Earring","No",3,894,-0.270791815091733,0.0531380278715527,-0.374942349719976,-0.166641280463489,-23.7224721822177
"Background_Purple+Earring_No+Fur_Brown","Earring_No","Earring","No",3,903,-0.269472958066339,0.0618469558738911,-0.390692991579166,-0.148252924553513,-23.6218066616524
"Background_Purple+Earring_No+Fur_Brown","Earring_No","Earring","No",3,923,-0.268285211549184,0.056751138894129,-0.379517443781677,-0.157052979316691,-23.5310348322373
"Background_Purple+Earring_No+Fur_Brown","Earring_No","Earring","No",3,944,-0.261544779301886,0.0632870665862736,-0.385587429810982,-0.13750212879279,-23.0138599203605
"Background_Purple+Earring_No+Fur_Brown","Earring_No","Earring","No",3,990,-0.273327818245607,0.0651192595587186,-0.400961566980696,-0.145694069510519,-23.9156671582576
"Background_Purple+Earring_No+Fur_Brown","Earring_No","Earring","No",3,1014,-0.260886785900522,0.0572867778497426,-0.373168870486018,-0.148604701315026,-22.9631868787563
"Background_Purple+Earring_No+Fur_Brown","Earring_No","Earring","No",3,1033,-0.266018470046258,0.0586576381055097,-0.380987440733057,-0.151049499359459,-23.3575028534388
"Background_Purple+Earring_No+Fur_Brown","Earring_No","Earring","No",3,1072,-0.268728946023707,0.0573460268202517,-0.3811271585914,-0.156330733456013,-23.5649592210463
"Background_Purple+Earring_No+Fur_Brown","Earring_No","Earring","No",3,1084,-0.265155884142555,0.0553593571641178,-0.373660224184226,-0.156651544100884,-23.2913635944803
"Background_Purple+Earring_No+Fur_Brown","Earring_No","Earring","No",3,1090,-0.26598863648852,0.055610130257135,-0.374984491792504,-0.156992781184535,-23.3552163009672
"Background_Purple+Earring_No+Fur_Brown","Earring_No","Earring","No",3,1098,-0.265808902081347,0.0522906605405314,-0.368298596740788,-0.163319207421905,-23.3414393581479
"Background_Purple+Earring_No+Fur_Brown","Earring_No","Earring","No",3,1116,-0.261195626056657,0.0576564809464842,-0.374202328711766,-0.148188923401548,-22.986975266555
"Background_Purple+Earring_No+Fur_Brown","Earring_No","Earring","No",3,1153,-0.262905697487241,0.0661612121878356,-0.392581673375399,-0.133229721599084,-23.1185604977956
"Background_Purple+Earring_No+Fur_Brown","Earring_No","Earring","No",3,1174,-0.263020485310533,0.063206663186343,-0.386905545155765,-0.1391354254653,-23.1273850444026
"Background_Purple+Earring_No+Fur_Brown","Earring_No","Earring","No",3,1179,-0.26751281476973,0.0595471476501662,-0.384225224164056,-0.150800405375404,-23.4719476333701
"Background_Purple+Earring_No+Fur_Brown","Earring_No","Earring","No",3,1236,-0.267309073012122,0.065898121750543,-0.396469391643186,-0.138148754381058,-23.4563540850001
"Background_Purple+Earring_No+Fur_Brown","Earring_No","Earring","No",3,1303,-0.265032053620415,0.0509297255552053,-0.364854315708617,-0.165209791532212,-23.2818641358322
"Background_Purple+Earring_No+Fur_Brown","Earring_No","Earring","No",3,1310,-0.266100935061879,0.0594917590757196,-0.38270478285029,-0.149497087273469,-23.3638229175676
"Background_Purple+Earring_No+Fur_Brown","Earring_No","Earring","No",3,1311,-0.265717289048183,0.0509840588228322,-0.365646044340934,-0.165788533755432,-23.334416113184
"Background_Purple+Earring_No+Fur_Brown","Earring_No","Earring","No",3,1312,-0.264953085135027,0.0625520269874581,-0.387555058030444,-0.142351112239609,-23.2758055816269
"Background_Purple+Earring_No+Fur_Brown","Earring_No","Earring","No",3,1314,-0.265241661060423,0.0597450008041874,-0.382341862636631,-0.148141459484216,-23.2979431426943
"Background_Purple+Earring_No+Fur_Brown","Earring_No","Earring","No",3,1354,-0.261393280386155,0.0578210004866321,-0.374722441339954,-0.148064119432356,-23.0021957200775
"Background_Purple+Earring_No+Fur_Brown","Earring_No","Earring","No",3,1358,-0.26501571333251,0.0612700800126176,-0.385105070157241,-0.14492635650778,-23.2806105291626
"Background_Purple+Earring_No+Fur_Brown","Earring_No","Earring","No",3,1371,-0.261997943269499,0.0562357947171621,-0.372220100915137,-0.151775785623861,-23.0487393614003
"Background_Purple+Earring_No+Fur_Brown","Earring_No","Earring","No",3,1393,-0.26818385237117,0.0587284291427427,-0.383291573490946,-0.153076131251394,-23.5232836079621
"Background_Purple+Earring_No+Fur_Brown","Earring_No","Earring","No",3,1456,-0.267248982479398,0.0594203665226166,-0.383712900863726,-0.150785064095069,-23.451754398343
"Background_Purple+Earring_No+Fur_Brown","Earring_No","Earring","No",3,1493,-0.267801818317624,0.0608618865566376,-0.387091115968634,-0.148512520666615,-23.4940613163971
"Background_Purple+Earring_No+Fur_Brown","Earring_No","Earring","No",3,1497,-0.254707019429914,0.0609101593574892,-0.374090931770593,-0.135323107089235,-22.4856433299837
"Background_Purple+Earring_No+Fur_Brown","Earring_No","Earring","No",3,1527,-0.262907926560261,0.0590763357657146,-0.378697544661061,-0.14711830845946,-23.1187318719471
"Background_Purple+Earring_No+Fur_Brown","Earring_No","Earring","No",3,1537,-0.27436996922213,0.0617635263776755,-0.395426480922374,-0.153313457521886,-23.9949172175907
"Background_Purple+Earring_No+Fur_Brown","Earring_No","Earring","No",3,1538,-0.268223422837774,0.054175510599808,-0.374407423613397,-0.16203942206215,-23.5263097674404
"Background_Purple+Earring_No+Fur_Brown","Earring_No","Earring","No",3,1589,-0.272216160608641,0.0580157958322254,-0.385927120439803,-0.158505200777479,-23.8310403993242
"Background_Purple+Earring_No+Fur_Brown","Earring_No","Earring","No",3,1607,-0.26658316092351,0.0605944806248143,-0.385348342948146,-0.147817978898874,-23.4007699549688
"Background_Purple+Earring_No+Fur_Brown","Earring_No","Earring","No",3,1626,-0.26195727873298,0.0630764391360352,-0.385587099439609,-0.138327458026351,-23.0456101104276
"Background_Purple+Earring_No+Fur_Brown","Earring_No","Earring","No",3,1642,-0.267726696299063,0.0640516767153845,-0.393267982661217,-0.14218540993691,-23.4883138199723
"Background_Purple+Earring_No+Fur_Brown","Earring_No","Earring","No",3,1675,-0.266910662642768,0.0536321779813777,-0.372029731486268,-0.161791593799268,-23.4258522270346
"Background_Purple+Earring_No+Fur_Brown","Earring_No","Earring","No",3,1688,-0.265967947295359,0.0648707249781038,-0.393114568252443,-0.138821326338276,-23.3536305658287
"Background_Purple+Earring_No+Fur_Brown","Earring_No","Earring","No",3,1707,-0.265847755908436,0.0557398780938789,-0.375097916972439,-0.156597594844433,-23.3444177787461
"Background_Purple+Earring_No+Fur_Brown","Earring_No","Earring","No",3,1748,-0.267051588630556,0.0653770559768946,-0.39519061834527,-0.138912558915843,-23.4366427540978
"Background_Purple+Earring_No+Fur_Brown","Earring_No","Earring","No",3,1771,-0.264060877768077,0.0586382850890548,-0.378991916542624,-0.149129838993529,-23.2073211435265
"Background_Purple+Earring_No+Fur_Brown","Earring_No","Earring","No",3,1787,-0.266012080996376,0.0647718784384698,-0.392964962735776,-0.139059199256975,-23.3570131791372
"Background_Purple+Earring_No+Fur_Brown","Earring_No","Earring","No",3,1789,-0.272318385936107,0.0510944244082715,-0.37246345777632,-0.172173314095895,-23.8388263981922
"Background_Purple+Earring_No+Fur_Brown","Earring_No","Earring","No",3,1795,-0.269067978336474,0.055404620297722,-0.377661034120009,-0.160474922552939,-23.5908687773614
"Background_Purple+Earring_No+Fur_Brown","Earring_No","Earring","No",3,1802,-0.270321365103688,0.0615531026121823,-0.390965446223565,-0.149677283983811,-23.6865789778509
"Background_Purple+Earring_No+Fur_Brown","Earring_No","Earring","No",3,1823,-0.262437120009294,0.0564631629775204,-0.373104919445234,-0.151769320573354,-23.0825271452233
"Background_Purple+Earring_No+Fur_Brown","Earring_No","Earring","No",3,1842,-0.263717809035871,0.0638156820809194,-0.388796545914473,-0.138639072157269,-23.1809714569301
"Background_Purple+Earring_No+Fur_Brown","Earring_No","Earring","No",3,1851,-0.267434721871899,0.058915604213025,-0.382909306129428,-0.15196013761437,-23.4659711026362
"Background_Purple+Earring_No+Fur_Brown","Earring_No","Earring","No",3,1904,-0.265381950656347,0.0637510646774009,-0.390334037424053,-0.140429863888641,-23.3087028884995
"Background_Purple+Earring_No+Fur_Brown","Earring_No","Earring","No",3,1905,-0.269916139848289,0.0611648489440072,-0.389799243778543,-0.150033035918035,-23.6556485858621
"Background_Purple+Earring_No+Fur_Brown","Earring_No","Earring","No",3,1935,-0.264487014767926,0.0620171438526825,-0.386040616719183,-0.142933412816668,-23.2400383737985
"Background_Purple+Earring_No+Fur_Brown","Earring_No","Earring","No",3,1938,-0.268655718976378,0.0531991924891392,-0.37292613625509,-0.164385301697665,-23.5593619037625
"Background_Purple+Earring_No+Fur_Brown","Earring_No","Earring","No",3,1944,-0.265678259190246,0.0598192099833772,-0.382923910757666,-0.148432607622827,-23.331423807942
"Background_Purple+Earring_No+Fur_Brown","Earring_No","Earring","No",3,1949,-0.270407732149869,0.0559825215913299,-0.380133474468875,-0.160681989830862,-23.6931696579957
"Background_Purple+Earring_No+Fur_Brown","Earring_No","Earring","No",3,1951,-0.262503183635073,0.0545724149148408,-0.369465116868161,-0.155541250401985,-23.0876084245201
"Background_Purple+Earring_No+Fur_Brown","Earring_No","Earring","No",3,1969,-0.272891225637391,0.0539067779354897,-0.378548510390951,-0.167233940883832,-23.882442048547
"Background_Purple+Earring_No+Fur_Brown","Earring_No","Earring","No",3,1985,-0.263633773449172,0.057513081915635,-0.376359414003817,-0.150908132894528,-23.1745156535421
"Background_Purple+Earring_No+Fur_Brown","Earring_No","Earring","No",3,1988,-0.268278794136348,0.0649998223945979,-0.39567844602976,-0.140879142242936,-23.530544097744
"Background_Purple+Earring_No+Fur_Brown","Earring_No","Earring","No",3,1996,-0.261446851788863,0.0572761810405947,-0.373708166628429,-0.149185536949297,-23.0063204899724
"Background_Purple+Earring_No+Fur_Brown","Earring_No","Earring","No",3,2061,-0.269877662370174,0.0556383503336955,-0.378928829024218,-0.160826495716131,-23.6527109912361
"Background_Purple+Earring_No+Fur_Brown","Earring_No","Earring","No",3,2062,-0.264746426129831,0.058598109495134,-0.379598720740293,-0.149894131519368,-23.2599481974548
"Background_Purple+Earring_No+Fur_Brown","Earring_No","Earring","No",3,2070,-0.264946668465083,0.0607751040923122,-0.384065872486015,-0.145827464444151,-23.2753132662151
"Background_Purple+Earring_No+Fur_Brown","Earring_No","Earring","No",3,2079,-0.264687230342455,0.0604952899301161,-0.383257998605483,-0.146116462079428,-23.2554053752085
"Background_Purple+Earring_No+Fur_Brown","Earring_No","Earring","No",3,2100,-0.275214615850663,0.0652760132316022,-0.403155601784603,-0.147273629916723,-24.0590875500717
"Background_Purple+Earring_No+Fur_Brown","Earring_No","Earring","No",3,2107,-0.269328145363457,0.0572005190982955,-0.381441162796117,-0.157215127930798,-23.6107453281423
"Background_Purple+Earring_No+Fur_Brown","Earring_No","Earring","No",3,2118,-0.265644579164944,0.0623260731033103,-0.387803682447432,-0.143485475882456,-23.3288415648712
"Background_Purple+Earring_No+Fur_Brown","Earring_No","Earring","No",3,2137,-0.265879289822465,0.0579622383916182,-0.379485277070036,-0.152273302574893,-23.3468349911733
"Background_Purple+Earring_No+Fur_Brown","Earring_No","Earring","No",3,2145,-0.268074155079328,0.0587357291550255,-0.383196184223178,-0.152952125935478,-23.514893859127
"Background_Purple+Earring_No+Fur_Brown","Earring_No","Earring","No",3,2189,-0.270709343431228,0.058300592201235,-0.384978504145649,-0.156440182716808,-23.7161811884286
"Background_Purple+Earring_No+Fur_Brown","Earring_No","Earring","No",3,2195,-0.268933904067271,0.0481614806349143,-0.363330406111703,-0.174537402022839,-23.5806235921398
"Background_Purple+Earring_No+Fur_Brown","Earring_No","Earring","No",3,2207,-0.267901575712846,0.053550751485872,-0.372861048625155,-0.162942102800537,-23.501692968896
"Background_Purple+Earring_No+Fur_Brown","Earring_No","Earring","No",3,2229,-0.26664072959988,0.0589569756993707,-0.382196401970647,-0.151085057229114,-23.4051795443251
"Background_Purple+Earring_No+Fur_Brown","Earring_No","Earring","No",3,2231,-0.267374848132295,0.0592958321680458,-0.383594679181665,-0.151155017082926,-23.4613885869343
"Background_Purple+Earring_No+Fur_Brown","Earring_No","Earring","No",3,2239,-0.266342113995972,0.0596162965944443,-0.383190055321083,-0.149494172670861,-23.3823037203895
"Background_Purple+Earring_No+Fur_Brown","Earring_No","Earring","No",3,2280,-0.263572035397032,0.0604663401643511,-0.38208606211916,-0.145058008674904,-23.1697724513673
"Background_Purple+Earring_No+Fur_Brown","Earring_No","Earring","No",3,2296,-0.264673208000492,0.0570203332643373,-0.376433061198593,-0.152913354802391,-23.2543292287138
"Background_Purple+Earring_No+Fur_Brown","Earring_No","Earring","No",3,2354,-0.273505691624299,0.0622055173573317,-0.395428505644669,-0.151582877603929,-23.9291993320633
"Background_Purple+Earring_No+Fur_Brown","Earring_No","Earring","No",3,2364,-0.281133746150266,0.0649922502086391,-0.408518556559199,-0.153748935741334,-24.507263990032
"Background_Purple+Earring_No+Fur_Brown","Earring_No","Earring","No",3,2376,-0.269401171544298,0.0612477569481653,-0.389446775162702,-0.149355567925894,-23.6163235399881
"Background_Purple+Earring_No+Fur_Brown","Earring_No","Earring","No",3,2398,-0.268204019484321,0.0591797469158012,-0.384196323439291,-0.15221171552935,-23.524825907003
"Background_Purple+Earring_No+Fur_Brown","Earring_No","Earring","No",3,2402,-0.266597495495784,0.0602530051916741,-0.384693385671465,-0.148501605320103,-23.4018679642982
"Background_Purple+Earring_No+Fur_Brown","Earring_No","Earring","No",3,2411,-0.268748136306586,0.0603338310203382,-0.387002445106448,-0.150493827506723,-23.5664260170265
"Background_Purple+Earring_No+Fur_Brown","Earring_No","Earring","No",3,2436,-0.266986693235913,0.0561886268975854,-0.377116401955181,-0.156856984516646,-23.4316739835907
"Background_Purple+Earring_No+Fur_Brown","Earring_No","Earring","No",3,2446,-0.268767061427447,0.050078640625752,-0.366921197053921,-0.170612925800973,-23.5678725179644
"Background_Purple+Earring_No+Fur_Brown","Earring_No","Earring","No",3,2474,-0.266799694700124,0.0597687510971369,-0.383946446850512,-0.149652942549736,-23.4173544799165
"Background_Purple+Earring_No+Fur_Brown","Earring_No","Earring","No",3,2486,-0.270838554926987,0.0554364378532668,-0.379493973119389,-0.162183136734584,-23.7260372979843
"Background_Purple+Earring_No+Fur_Brown","Earring_No","Earring","No",3,2495,-0.268748967898013,0.0538824649706478,-0.374358599240482,-0.163139336555543,-23.5664895785049
"Background_Purple+Earring_No+Fur_Brown","Earring_No","Earring","No",3,2506,-0.267309352101503,0.0649927392062143,-0.394695120945683,-0.139923583257323,-23.4563754475158
"Background_Purple+Earring_No+Fur_Brown","Earring_No","Earring","No",3,2528,-0.270123793789662,0.0616141429217541,-0.3908875139163,-0.149360073663024,-23.6715001454584
"Background_Purple+Earring_No+Fur_Brown","Earring_No","Earring","No",3,2539,-0.270627403037001,0.055060812153258,-0.378546594857387,-0.162708211216615,-23.7099302061415
"Background_Purple+Earring_No+Fur_Brown","Earring_No","Earring","No",3,2561,-0.268908456108779,0.0576178911114163,-0.381839522687155,-0.155977389530403,-23.5786788502762
"Background_Purple+Earring_No+Fur_Brown","Earring_No","Earring","No",3,2598,-0.27016216866406,0.0578114908820581,-0.383472690792894,-0.156851646535226,-23.6744291858522
"Background_Purple+Earring_No+Fur_Brown","Earring_No","Earring","No",3,2659,-0.268103085106317,0.0626330200942609,-0.390863804491069,-0.145342365721566,-23.5171065433052
"Background_Purple+Earring_No+Fur_Brown","Earring_No","Earring","No",3,2672,-0.268645174197767,0.0585313394328276,-0.38336659948611,-0.153923748909425,-23.5585558499071
"Background_Purple+Earring_No+Fur_Brown","Earring_No","Earring","No",3,2695,-0.263294967605523,0.0598255908076746,-0.380553125588565,-0.146036809622481,-23.1484823206307
"Background_Purple+Earring_No+Fur_Brown","Earring_No","Earring","No",3,2710,-0.254699292566496,0.0571498308809249,-0.366712961093109,-0.142685624039883,-22.4850443848228
"Background_Purple+Earring_No+Fur_Brown","Earring_No","Earring","No",3,2734,-0.263392792715108,0.0608967745103788,-0.38275047075545,-0.144035114674766,-23.1559999610565
"Background_Purple+Earring_No+Fur_Brown","Earring_No","Earring","No",3,2758,-0.265628530609778,0.0584139822316413,-0.380119935783795,-0.151137125435761,-23.3276110936819
"Background_Purple+Earring_No+Fur_Brown","Earring_No","Earring","No",3,2806,-0.266079060560456,0.0602913135002455,-0.384250035020937,-0.147908086099974,-23.3621465210678
"Background_Purple+Earring_No+Fur_Brown","Earring_No","Earring","No",3,2824,-0.271299948244587,0.0597511179329632,-0.388412139393195,-0.154187757095979,-23.7612214771852
"Background_Purple+Earring_No+Fur_Brown","Earring_No","Earring","No",3,2849,-0.263940964853685,0.055868266705075,-0.373442767595632,-0.154439162111738,-23.1981121574737
"Background_Purple+Earring_No+Fur_Brown","Earring_No","Earring","No",3,2854,-0.258395664685636,0.059586870744904,-0.375185931345648,-0.141605398025624,-22.7710396075581
"Background_Purple+Earring_No+Fur_Brown","Earring_No","Earring","No",3,2855,-0.262987058884482,0.0561683235857089,-0.373076973112472,-0.152897144656493,-23.1248154246771
"Background_Purple+Earring_No+Fur_Brown","Earring_No","Earring","No",3,2862,-0.265890290819694,0.0534535894495663,-0.370659326140844,-0.161121255498544,-23.3476782477909
"Background_Purple+Earring_No+Fur_Brown","Earring_No","Earring","No",3,2870,-0.263846106534668,0.0570174513141337,-0.37560031111037,-0.152091901958966,-23.1908265139491
"Background_Purple+Earring_No+Fur_Brown","Earring_No","Earring","No",3,2871,-0.270481458266383,0.0629306704243849,-0.393825572298178,-0.147137344234589,-23.698795256881
"Background_Purple+Earring_No+Fur_Brown","Earring_No","Earring","No",3,2919,-0.2714269634479,0.0564639572714015,-0.382096319699847,-0.160757607195953,-23.7709043461907
"Background_Purple+Earring_No+Fur_Brown","Earring_No","Earring","No",3,2955,-0.2650314896216,0.0647617578338914,-0.391964534976028,-0.138098444267173,-23.2818208668823
"Background_Purple+Earring_No+Fur_Brown","Earring_No","Earring","No",3,2969,-0.269382194119768,0.0585904211806925,-0.384219419633925,-0.154544968605611,-23.6148739607781
"Background_Purple+Earring_No+Fur_Brown","Earring_No","Earring","No",3,2999,-0.264318606905225,0.0646555045333058,-0.391043395790504,-0.137593818019945,-23.2271103041562
"Background_Purple+Earring_No+Fur_Brown","Earring_No","Earring","No",3,3015,-0.27269541567288,0.0625786999479423,-0.395349667570847,-0.150041163774913,-23.8675360128983
"Background_Purple+Earring_No+Fur_Brown","Earring_No","Earring","No",3,3027,-0.263138014737613,0.0593590558445143,-0.379481764192861,-0.146794265282365,-23.1364193078902
"Background_Purple+Earring_No+Fur_Brown","Earring_No","Earring","No",3,3048,-0.272160112815271,0.0575243290691718,-0.384907797790848,-0.159412427839694,-23.8267711775762
"Background_Purple+Earring_No+Fur_Brown","Earring_No","Earring","No",3,3071,-0.264922626126427,0.0584272210222072,-0.379439979329953,-0.150405272922901,-23.2734686031385
"Background_Purple+Earring_No+Fur_Brown","Earring_No","Earring","No",3,3090,-0.269260644737252,0.0606617004820988,-0.388157577682165,-0.150363711792338,-23.6055888315852
"Background_Purple+Earring_No+Fur_Brown","Earring_No","Earring","No",3,3101,-0.264129389824489,0.0513268462520889,-0.364730008478583,-0.163528771170394,-23.2125821876478
"Background_Purple+Earring_No+Fur_Brown","Earring_No","Earring","No",3,3107,-0.250527589310331,0.0566921557404385,-0.361644214561591,-0.139410964059072,-22.1609995525895
"Background_Purple+Earring_No+Fur_Brown","Earring_No","Earring","No",3,3122,-0.270782347809875,0.0596679944983584,-0.387731617026658,-0.153833078593093,-23.721750037944
"Background_Purple+Earring_No+Fur_Brown","Earring_No","Earring","No",3,3154,-0.265484195588386,0.0560703648207233,-0.375382110637004,-0.155586280539768,-23.3165437841079
"Background_Purple+Earring_No+Fur_Brown","Earring_No","Earring","No",3,3158,-0.261876427886535,0.0626304051136497,-0.384632021909288,-0.139120833863782,-23.0393880313405
"Background_Purple+Earring_No+Fur_Brown","Earring_No","Earring","No",3,3168,-0.26802782929015,0.0608923738292881,-0.387376881995555,-0.148678776584745,-23.5113505441518
"Background_Purple+Earring_No+Fur_Brown","Earring_No","Earring","No",3,3182,-0.266067126300145,0.061826964925086,-0.387247977553313,-0.144886275046976,-23.361231899517
"Background_Purple+Earring_No+Fur_Brown","Earring_No","Earring","No",3,3223,-0.266568923818027,0.0625809122839611,-0.389227511894591,-0.143910335741463,-23.3996793958875
"Background_Purple+Earring_No+Fur_Brown","Earring_No","Earring","No",3,3241,-0.26977195959435,0.0622740739325909,-0.391829144502228,-0.147714774686472,-23.6446404443292
"Background_Purple+Earring_No+Fur_Brown","Earring_No","Earring","No",3,3249,-0.259377571052184,0.0592871779365473,-0.375580439807817,-0.143174702296552,-22.8468339978624
"Background_Purple+Earring_No+Fur_Brown","Earring_No","Earring","No",3,3273,-0.265890765414314,0.0592162111331839,-0.381954539235354,-0.149826991593273,-23.3477146265618
"Background_Purple+Earring_No+Fur_Brown","Earring_No","Earring","No",3,3283,-0.265584366733749,0.0609630127748965,-0.385071871772546,-0.146096861694952,-23.3242248690295
"Background_Purple+Earring_No+Fur_Brown","Earring_No","Earring","No",3,3334,-0.271850825239392,0.0645794102722622,-0.398426469373026,-0.145275181105758,-23.8032081005912
"Background_Purple+Earring_No+Fur_Brown","Earring_No","Earring","No",3,3360,-0.266472224954778,0.0578408875059015,-0.379840364466345,-0.153104085443211,-23.3922718738169
"Background_Purple+Earring_No+Fur_Brown","Earring_No","Earring","No",3,3364,-0.266653604372371,0.0561954125850922,-0.376796613039152,-0.15651059570559,-23.4061656788643
"Background_Purple+Earring_No+Fur_Brown","Earring_No","Earring","No",3,3419,-0.254448168937223,0.0544929497785915,-0.361254350503262,-0.147641987371183,-22.4655761034754
"Background_Purple+Earring_No+Fur_Brown","Earring_No","Earring","No",3,3421,-0.264819531630417,0.0526650172152819,-0.368042965372369,-0.161596097888464,-23.2655581122965
"Background_Purple+Earring_No+Fur_Brown","Earring_No","Earring","No",3,3426,-0.265031238253189,0.0584702662119655,-0.379632960028641,-0.150429516477736,-23.2818015823531
"Background_Purple+Earring_No+Fur_Brown","Earring_No","Earring","No",3,3430,-0.264042105189103,0.0584250726676355,-0.378555247617669,-0.149528962760538,-23.2058795333667
"Background_Purple+Earring_No+Fur_Brown","Earring_No","Earring","No",3,3431,-0.26848271105977,0.0592201692565303,-0.384554242802569,-0.15241117931697,-23.5461359241547
"Background_Purple+Earring_No+Fur_Brown","Earring_No","Earring","No",3,3445,-0.268941132668892,0.0562859576981121,-0.379261609757192,-0.158620655580593,-23.5811759953714
"Background_Purple+Earring_No+Fur_Brown","Earring_No","Earring","No",3,3453,-0.270638949745762,0.062522009086966,-0.393182087556215,-0.148095811935309,-23.710811100273
"Background_Purple+Earring_No+Fur_Brown","Earring_No","Earring","No",3,3519,-0.266606689433524,0.0591045280008519,-0.382451564315194,-0.150761814551855,-23.4025721995178
"Background_Purple+Earring_No+Fur_Brown","Earring_No","Earring","No",3,3521,-0.267223050119187,0.058844148077914,-0.382557580351898,-0.151888519886476,-23.4497692959254
"Background_Purple+Earring_No+Fur_Brown","Earring_No","Earring","No",3,3525,-0.267055015726831,0.0640045149015084,-0.392503864933787,-0.141606166519874,-23.4369051436446
"Background_Purple+Earring_No+Fur_Brown","Earring_No","Earring","No",3,3526,-0.266559346214972,0.0622299942054417,-0.388530134857638,-0.144588557572306,-23.3989457449096
"Background_Purple+Earring_No+Fur_Brown","Earring_No","Earring","No",3,3527,-0.27154179145209,0.058005113445403,-0.38523181380508,-0.1578517690991,-23.7796570785669
"Background_Purple+Earring_No+Fur_Brown","Earring_No","Earring","No",3,3590,-0.267577712467665,0.0615584364489569,-0.388232247907621,-0.146923177027709,-23.4769139666426
"Background_Purple+Earring_No+Fur_Brown","Earring_No","Earring","No",3,3599,-0.270998659358426,0.0520571469603055,-0.373030667400625,-0.168966651316227,-23.7382481198869
"Background_Purple+Earring_No+Fur_Brown","Earring_No","Earring","No",3,3621,-0.26807454866304,0.0569738107672218,-0.379743217766795,-0.156405879559285,-23.514923962413
"Background_Purple+Earring_No+Fur_Brown","Earring_No","Earring","No",3,3629,-0.268886153478623,0.0584113949792228,-0.3833724876379,-0.154399819319346,-23.5769744348082
"Background_Purple+Earring_No+Fur_Brown","Earring_No","Earring","No",3,3671,-0.268878503191914,0.0589797890744638,-0.384478889777863,-0.153278116605965,-23.5763897745151
"Background_Purple+Earring_No+Fur_Brown","Earring_No","Earring","No",3,3675,-0.271353225587397,0.0538702819099733,-0.376938978130945,-0.16576747304385,-23.7652831685249
"Background_Purple+Earring_No+Fur_Brown","Earring_No","Earring","No",3,3742,-0.26986744856119,0.0613090460771143,-0.390033178872334,-0.149701718250046,-23.6519311906274
"Background_Purple+Earring_No+Fur_Brown","Earring_No","Earring","No",3,3744,-0.242050832013731,0.0523895136863037,-0.344734278838886,-0.139367385188576,-21.4983727420334
"Background_Purple+Earring_No+Fur_Brown","Earring_No","Earring","No",3,3766,-0.264852565677127,0.0602077544671254,-0.382859764432692,-0.146845366921561,-23.2680929195664
"Background_Purple+Earring_No+Fur_Brown","Earring_No","Earring","No",3,3809,-0.267727004217663,0.0605481665460099,-0.386401410647843,-0.149052597787484,-23.4883373793399
"Background_Purple+Earring_No+Fur_Brown","Earring_No","Earring","No",3,3860,-0.268748193256698,0.0579240594413236,-0.382279349761692,-0.155217036751704,-23.566430369927
"Background_Purple+Earring_No+Fur_Brown","Earring_No","Earring","No",3,3909,-0.256747994555844,0.0613394910560397,-0.376973397025682,-0.136522592086006,-22.6436868675233
"Background_Purple+Earring_No+Fur_Brown","Earring_No","Earring","No",3,3994,-0.269687460526647,0.0587305427906865,-0.384799324396392,-0.154575596656901,-23.6381882150327
"Background_Purple+Earring_No+Fur_Brown","Earring_No","Earring","No",3,4038,-0.264985438617977,0.058939114825789,-0.380506103676524,-0.149464773559431,-23.278287836388
"Background_Purple+Earring_No+Fur_Brown","Earring_No","Earring","No",3,4053,-0.266103995467136,0.0535716646266228,-0.371104458135316,-0.161103532798955,-23.3640574549679
"Background_Purple+Earring_No+Fur_Brown","Earring_No","Earring","No",3,4067,-0.271887685563145,0.057422673116549,-0.384436124871581,-0.159339246254709,-23.8060166872465
"Background_Purple+Earring_No+Fur_Brown","Earring_No","Earring","No",3,4116,-0.267993976026716,0.0553130902481219,-0.376407632913035,-0.159580319140397,-23.5087611099219
"Background_Purple+Earring_No+Fur_Brown","Earring_No","Earring","No",3,4134,-0.266386408616674,0.0556387393709768,-0.375438337783788,-0.157334479449559,-23.3856973970239
"Background_Purple+Earring_No+Fur_Brown","Earring_No","Earring","No",3,4150,-0.267070463480099,0.0532725087884782,-0.371484580705516,-0.162656346254682,-23.4380878623082
"Background_Purple+Earring_No+Fur_Brown","Earring_No","Earring","No",3,4153,-0.272530869958402,0.0669050810596564,-0.403664828835328,-0.141396911081475,-23.8550077115057
"Background_Purple+Earring_No+Fur_Brown","Earring_No","Earring","No",3,4176,-0.266475072395634,0.0595702940300557,-0.383232848694543,-0.149717296096725,-23.3924900094813
"Background_Purple+Earring_No+Fur_Brown","Earring_No","Earring","No",3,4182,-0.264926769824252,0.0524979061150924,-0.367822665809833,-0.162030873838671,-23.273786534041
"Background_Purple+Earring_No+Fur_Brown","Earring_No","Earring","No",3,4207,-0.26685959932765,0.0565428809199669,-0.377683645930785,-0.156035552724515,-23.4219419973631
"Background_Purple+Earring_No+Fur_Brown","Earring_No","Earring","No",3,4219,-0.264211088737668,0.0668373593149123,-0.395212312994897,-0.13320986448044,-23.2188553799689
"Background_Purple+Earring_No+Fur_Brown","Earring_No","Earring","No",3,4230,-0.269845180955818,0.0561743374973104,-0.379946882450547,-0.15974347946109,-23.6502310830316
"Background_Purple+Earring_No+Fur_Brown","Earring_No","Earring","No",3,4237,-0.264902335594414,0.0575904529894863,-0.377779623453808,-0.152025047735021,-23.2719117652025
"Background_Purple+Earring_No+Fur_Brown","Earring_No","Earring","No",3,4245,-0.271045832142518,0.0553275213614089,-0.37948777401088,-0.162603890274157,-23.7418455141927
"Background_Purple+Earring_No+Fur_Brown","Earring_No","Earring","No",3,4247,-0.265118490358086,0.0555152749312072,-0.373928429223253,-0.15630855149292,-23.2884951146323
"Background_Purple+Earring_No+Fur_Brown","Earring_No","Earring","No",3,4308,-0.265999289834391,0.0587277715304991,-0.381105722034169,-0.150892857634613,-23.3560328200078
"Background_Purple+Earring_No+Fur_Brown","Earring_No","Earring","No",3,4321,-0.265206036305437,0.0592194904408313,-0.381276237569467,-0.149135835041408,-23.2952106020391
"Background_Purple+Earring_No+Fur_Brown","Earring_No","Earring","No",3,4339,-0.267354226170879,0.0582067842936238,-0.381439523386382,-0.153268928955376,-23.4598101943682
"Background_Purple+Earring_No+Fur_Brown","Earring_No","Earring","No",3,4349,-0.253700105611889,0.0555887820277203,-0.362654118386221,-0.144746092837558,-22.4075537450141
"Background_Purple+Earring_No+Fur_Brown","Earring_No","Earring","No",3,4379,-0.264357880073649,0.0543632854925311,-0.37090991963901,-0.157805840508288,-23.2301253595779
"Background_Purple+Earring_No+Fur_Brown","Earring_No","Earring","No",3,4401,-0.263711904743563,0.0621722342936599,-0.385569483959136,-0.14185432552799,-23.1805178935918
"Background_Purple+Earring_No+Fur_Brown","Earring_No","Earring","No",3,4423,-0.266406499009858,0.0598685169304894,-0.383748792193617,-0.149064205826099,-23.3872365930251
"Background_Purple+Earring_No+Fur_Brown","Earring_No","Earring","No",3,4453,-0.266556532070687,0.0544438804894217,-0.373266537829954,-0.159846526311421,-23.3987301781873
"Background_Purple+Earring_No+Fur_Brown","Earring_No","Earring","No",3,4457,-0.263361503490878,0.0586701853260992,-0.378355066730033,-0.148367940251724,-23.1535955342924
"Background_Purple+Earring_No+Fur_Brown","Earring_No","Earring","No",3,4529,-0.268103847712881,0.0640249515469873,-0.393592752744976,-0.142614942680786,-23.5171648696395
"Background_Purple+Earring_No+Fur_Brown","Earring_No","Earring","No",3,4537,-0.271333823129832,0.0542386382978698,-0.377641554193656,-0.165026092066007,-23.763804013317
"Background_Purple+Earring_No+Fur_Brown","Earring_No","Earring","No",3,4549,-0.266078261766517,0.063507503727419,-0.390552969072258,-0.141603554460776,-23.3620853031905
"Background_Purple+Earring_No+Fur_Brown","Earring_No","Earring","No",3,4574,-0.26953158997296,0.0573491815723795,-0.381935985854824,-0.157127194091096,-23.6262847294719
"Background_Purple+Earring_No+Fur_Brown","Earring_No","Earring","No",3,4622,-0.268833316448609,0.0615703865130159,-0.389511274014121,-0.148155358883098,-23.5729363624337
"Background_Purple+Earring_No+Fur_Brown","Earring_No","Earring","No",3,4627,-0.274923407069157,0.064491785927414,-0.401327307486889,-0.148519506651426,-24.0369696691864
"Background_Purple+Earring_No+Fur_Brown","Earring_No","Earring","No",3,4635,-0.271581044832253,0.0563951886933634,-0.382115614671246,-0.161046474993261,-23.7826489259433
"Background_Purple+Earring_No+Fur_Brown","Earring_No","Earring","No",3,4647,-0.267175982962392,0.0602838010754655,-0.385332233070304,-0.149019732854479,-23.4461662094213
"Background_Purple+Earring_No+Fur_Brown","Earring_No","Earring","No",3,4652,-0.272270808824794,0.0560385376993163,-0.382106342715454,-0.162435274934134,-23.8352027833581
"Background_Purple+Earring_No+Fur_Brown","Earring_No","Earring","No",3,4659,-0.264556609176116,0.0547624443454811,-0.371891000093259,-0.157222218258973,-23.245380252016
"Background_Purple+Earring_No+Fur_Brown","Earring_No","Earring","No",3,4660,-0.26824167805374,0.0571810056657724,-0.380316449158653,-0.156166906948826,-23.5277057984288
"Background_Purple+Earring_No+Fur_Brown","Earring_No","Earring","No",3,4676,-0.268589903621473,0.0593777880913417,-0.384970368280502,-0.152209438962443,-23.554330770476
"Background_Purple+Earring_No+Fur_Brown","Earring_No","Earring","No",3,4710,-0.262584806787387,0.0615848743990085,-0.383291160609444,-0.141878452965331,-23.0938860001713
"Background_Purple+Earring_No+Fur_Brown","Earring_No","Earring","No",3,4711,-0.264590084887845,0.0645971912718007,-0.391200579780575,-0.137979589995116,-23.2479496245345
"Background_Purple+Earring_No+Fur_Brown","Earring_No","Earring","No",3,4737,-0.268493098465645,0.0591730736304484,-0.384472322781324,-0.152513874149966,-23.546930077347
"Background_Purple+Earring_No+Fur_Brown","Earring_No","Earring","No",3,4757,-0.262960554473931,0.06476599104824,-0.389901896928481,-0.13601921201938,-23.1227778662219
"Background_Purple+Earring_No+Fur_Brown","Earring_No","Earring","No",3,4792,-0.269068797936173,0.0577230818921092,-0.382206038444707,-0.155931557427639,-23.5909314022367
"Background_Purple+Earring_No+Fur_Brown","Earring_No","Earring","No",3,4804,-0.264453458288683,0.0568119720486597,-0.375804923504056,-0.15310199307331,-23.2374625365217
"Background_Purple+Earring_No+Fur_Brown","Earring_No","Earring","No",3,4818,-0.265716375540369,0.0602397131232876,-0.383786213262013,-0.147646537818725,-23.3343460785421
"Background_Purple+Earring_No+Fur_Brown","Earring_No","Earring","No",3,4824,-0.269718357008788,0.0567128670180017,-0.380875576364071,-0.158561137653504,-23.6405474899399
"Background_Purple+Earring_No+Fur_Brown","Earring_No","Earring","No",3,4835,-0.265084663315096,0.0542795384876714,-0.371472558750932,-0.15869676787926,-23.2859001473689
"Background_Purple+Earring_No+Fur_Brown","Earring_No","Earring","No",3,4846,-0.26881162071567,0.0600813941374413,-0.386571153225055,-0.151052088206285,-23.5712782032843
"Background_Purple+Earring_No+Fur_Brown","Earring_No","Earring","No",3,4896,-0.267159680124414,0.0593193153219767,-0.383425538155489,-0.15089382209334,-23.444918154499
"Background_Purple+Earring_No+Fur_Brown","Earring_No","Earring","No",3,4902,-0.268281195698479,0.0610042284694354,-0.387849483498572,-0.148712907898385,-23.530727743673
"Background_Purple+Earring_No+Fur_Brown","Earring_No","Earring","No",3,4917,-0.272394632925019,0.0576343912923582,-0.385358039858041,-0.159431225991997,-23.8446332369715
"Background_Purple+Earring_No+Fur_Brown","Earring_No","Earring","No",3,4919,-0.272929492818193,0.0576995931820227,-0.386020695454957,-0.159838290181428,-23.8853547971676
"Background_Purple+Earring_No+Fur_Brown","Earring_No","Earring","No",3,4948,-0.299459597285905,0.0524393738457164,-0.402240770023509,-0.1966784245483,-25.8781330949227
"Background_Purple+Earring_No+Fur_Brown","Earring_No","Earring","No",3,4999,-0.264953586656913,0.0577356335511124,-0.378115428417093,-0.151791744896733,-23.27584406048
"Background_Purple+Earring_No+Fur_Brown","Earring_No","Earring","No",3,5022,-0.269510070794301,0.0601101079923587,-0.387325882459324,-0.151694259129278,-23.6246412121646
"Background_Purple+Earring_No+Fur_Brown","Earring_No","Earring","No",3,5023,-0.261182046450933,0.0576010578601696,-0.374080119856866,-0.148283973045001,-22.9859294529428
"Background_Purple+Earring_No+Fur_Brown","Earring_No","Earring","No",3,5066,-0.265758902446952,0.0611955863097065,-0.385702251613976,-0.145815553279927,-23.3376063623191
"Background_Purple+Earring_No+Fur_Brown","Earring_No","Earring","No",3,5116,-0.2625887386646,0.0574788132320068,-0.375247212599334,-0.149930264729867,-23.094188384974
"Background_Purple+Earring_No+Fur_Brown","Earring_No","Earring","No",3,5129,-0.26785922947308,0.0604665333121684,-0.38637363476493,-0.14934482418123,-23.4984534846552
"Background_Purple+Earring_No+Fur_Brown","Earring_No","Earring","No",3,5142,-0.268897222846958,0.055196233135714,-0.377081839792958,-0.160712605900959,-23.5778203847454
"Background_Purple+Earring_No+Fur_Brown","Earring_No","Earring","No",3,5161,-0.265975005128509,0.0615919822840738,-0.386695290405293,-0.145254719851724,-23.3541715212067
"Background_Purple+Earring_No+Fur_Brown","Earring_No","Earring","No",3,5170,-0.264082441531495,0.0608155831642708,-0.383280984533465,-0.144883898529524,-23.2089770648315
"Background_Purple+Earring_No+Fur_Brown","Earring_No","Earring","No",3,5171,-0.266998521189223,0.060179538714277,-0.384950417069205,-0.14904662530924,-23.4325796248199
"Background_Purple+Earring_No+Fur_Brown","Earring_No","Earring","No",3,5172,-0.266509222709183,0.0581134865324899,-0.380411656312863,-0.152606789105503,-23.3951061352967
"Background_Purple+Earring_No+Fur_Brown","Earring_No","Earring","No",3,5187,-0.29145544012786,0.0623282826679702,-0.413618874157082,-0.169292006098638,-25.2824693102666
"Background_Purple+Earring_No+Fur_Brown","Earring_No","Earring","No",3,5198,-0.269327723760435,0.0602100018126843,-0.387339327313296,-0.151316120207574,-23.6107131221949
"Background_Purple+Earring_No+Fur_Brown","Earring_No","Earring","No",3,5211,-0.266090808263836,0.0590739152002396,-0.381875682056306,-0.150305934471367,-23.3630468345498
"Background_Purple+Earring_No+Fur_Brown","Earring_No","Earring","No",3,5250,-0.265186261736418,0.0591607101387526,-0.381141253608373,-0.149231269864463,-23.2936937828898
"Background_Purple+Earring_No+Fur_Brown","Earring_No","Earring","No",3,5265,-0.265780028887149,0.0588291124279486,-0.381085089245929,-0.15047496852837,-23.3392259486856
"Background_Purple+Earring_No+Fur_Brown","Earring_No","Earring","No",3,5274,-0.265222747827647,0.0554904408530232,-0.373984011899572,-0.156461483755722,-23.2964924451199
"Background_Purple+Earring_No+Fur_Brown","Earring_No","Earring","No",3,5275,-0.268391108134949,0.0627509744920459,-0.391383018139359,-0.145399198130539,-23.5391322058159
"Background_Purple+Earring_No+Fur_Brown","Earring_No","Earring","No",3,5297,-0.265655148201736,0.0588777279575847,-0.381055494998602,-0.15025480140487,-23.3296519008834
"Background_Purple+Earring_No+Fur_Brown","Earring_No","Earring","No",3,5317,-0.26470542383067,0.0587534783820092,-0.379862241459408,-0.149548606201932,-23.256801614385
"Background_Purple+Earring_No+Fur_Brown","Earring_No","Earring","No",3,5358,-0.267309481863912,0.057463414595023,-0.379937774470157,-0.154681189257667,-23.4563853800003
"Background_Purple+Earring_No+Fur_Brown","Earring_No","Earring","No",3,5370,-0.264587452766747,0.0582341891648019,-0.378726463529759,-0.150448442003736,-23.2477476035775
"Background_Purple+Earring_No+Fur_Brown","Earring_No","Earring","No",3,5384,-0.267896329424325,0.0663666487934836,-0.397974961059553,-0.137817697789097,-23.5012916356532
"Background_Purple+Earring_No+Fur_Brown","Earring_No","Earring","No",3,5439,-0.266325591301773,0.0550298462834038,-0.374184090017244,-0.158467092586301,-23.3810377791653
"Background_Purple+Earring_No+Fur_Brown","Earring_No","Earring","No",3,5445,-0.266074741189597,0.0566079417127512,-0.37702630694659,-0.155123175432605,-23.3618154930419
"Background_Purple+Earring_No+Fur_Brown","Earring_No","Earring","No",3,5449,-0.262604593564007,0.0541593880184651,-0.368756994080199,-0.156452193047815,-23.0954077092148
"Background_Purple+Earring_No+Fur_Brown","Earring_No","Earring","No",3,5487,-0.263234043060782,0.0608412649100004,-0.382482922284383,-0.143985163837182,-23.1438000342718
"Background_Purple+Earring_No+Fur_Brown","Earring_No","Earring","No",3,5501,-0.265166653669173,0.0558219476018373,-0.374577670968774,-0.155755636369572,-23.2921897057335
"Background_Purple+Earring_No+Fur_Brown","Earring_No","Earring","No",3,5543,-0.269783874770821,0.0581667520824542,-0.383790708852431,-0.155777040689211,-23.6455502264927
"Background_Purple+Earring_No+Fur_Brown","Earring_No","Earring","No",3,5552,-0.271107816598885,0.0551317443741735,-0.379166035572265,-0.163049597625505,-23.7465721879503
"Background_Purple+Earring_No+Fur_Brown","Earring_No","Earring","No",3,5554,-0.263049904603325,0.0499836516611333,-0.361017861859146,-0.165081947347503,-23.1296465491036
"Background_Purple+Earring_No+Fur_Brown","Earring_No","Earring","No",3,5610,-0.268462758877342,0.0580666503747674,-0.382273393611886,-0.154652124142798,-23.5446104874935
"Background_Purple+Earring_No+Fur_Brown","Earring_No","Earring","No",3,5618,-0.26617431251524,0.0635521122940172,-0.390736452611514,-0.141612172418966,-23.369446078768
"Background_Purple+Earring_No+Fur_Brown","Earring_No","Earring","No",3,5628,-0.265501482993087,0.0692484054945563,-0.401228357762417,-0.129774608223756,-23.3178694305908
"Background_Purple+Earring_No+Fur_Brown","Earring_No","Earring","No",3,5644,-0.270218305026739,0.0589830649675383,-0.385825112363114,-0.154611497690364,-23.6787137055173
"Background_Purple+Earring_No+Fur_Brown","Earring_No","Earring","No",3,5645,-0.268721564181236,0.0538040030614124,-0.374177410181604,-0.163265718180867,-23.5643949875334
"Background_Purple+Earring_No+Fur_Brown","Earring_No","Earring","No",3,5653,-0.268732795196078,0.0596802588108338,-0.385706102465313,-0.151759487926844,-23.5652534321272
"Background_Purple+Earring_No+Fur_Brown","Earring_No","Earring","No",3,5686,-0.264853724424957,0.058503680886197,-0.379520938961903,-0.150186509888011,-23.2681818324457
"Background_Purple+Earring_No+Fur_Brown","Earring_No","Earring","No",3,5710,-0.267063970275421,0.0597192662798281,-0.384113732183884,-0.150014208366958,-23.4375907285281
"Background_Purple+Earring_No+Fur_Brown","Earring_No","Earring","No",3,5722,-0.260236952304584,0.0572611923814453,-0.372468889372217,-0.148005015236951,-22.9131095002469
"Background_Purple+Earring_No+Fur_Brown","Earring_No","Earring","No",3,5735,-0.263391652417462,0.0615705744167488,-0.38406997827429,-0.142713326560635,-23.1559123359742
"Background_Purple+Earring_No+Fur_Brown","Earring_No","Earring","No",3,5771,-0.259092238037791,0.0621495070412619,-0.380905271838664,-0.137279204236918,-22.8248165114286
"Background_Purple+Earring_No+Fur_Brown","Earring_No","Earring","No",3,5819,-0.2706785734122,0.0598818639482756,-0.38804702675082,-0.15331012007358,-23.7138338977593
"Background_Purple+Earring_No+Fur_Brown","Earring_No","Earring","No",3,5850,-0.26667391849708,0.0598197957105257,-0.38392071808971,-0.149427118904449,-23.407721599763
"Background_Purple+Earring_No+Fur_Brown","Earring_No","Earring","No",3,5872,-0.261273819611287,0.0583669722150364,-0.375673085152758,-0.146874554069816,-22.9929969532802
"Background_Purple+Earring_No+Fur_Brown","Earring_No","Earring","No",3,5935,-0.264157636186103,0.0609181334535137,-0.38355717775499,-0.144758094617216,-23.2147511221863
"Background_Purple+Earring_No+Fur_Brown","Earring_No","Earring","No",3,5938,-0.269327354646761,0.055829620489315,-0.378753410805818,-0.159901298487703,-23.6106849258593
"Background_Purple+Earring_No+Fur_Brown","Earring_No","Earring","No",3,5995,-0.265593471963658,0.056670915914364,-0.376668467155812,-0.154518476771505,-23.3249230164121
"Background_Purple+Earring_No+Fur_Brown","Earring_No","Earring","No",3,6005,-0.265130698700576,0.0618892589230388,-0.386433646189732,-0.14382775121142,-23.2894316292402
"Background_Purple+Earring_No+Fur_Brown","Earring_No","Earring","No",3,6016,-0.262416973796517,0.0623704727501728,-0.384663100386856,-0.140170847206179,-23.0809775338395
"Background_Purple+Earring_No+Fur_Brown","Earring_No","Earring","No",3,6021,-0.268917502309389,0.0667849493223248,-0.399816002981145,-0.138019001637632,-23.5793701697513
"Background_Purple+Earring_No+Fur_Brown","Earring_No","Earring","No",3,6023,-0.266765563488928,0.0563842733778555,-0.377278739309525,-0.156252387668331,-23.4147405768607
"Background_Purple+Earring_No+Fur_Brown","Earring_No","Earring","No",3,6144,-0.266668062221328,0.0641850062161487,-0.392470674404979,-0.140865450037677,-23.4072730529468
"Background_Purple+Earring_No+Fur_Brown","Earring_No","Earring","No",3,6145,-0.268687612915909,0.0642499024217143,-0.394617421662469,-0.142757804169349,-23.5617998579735
"Background_Purple+Earring_No+Fur_Brown","Earring_No","Earring","No",3,6146,-0.266840897731426,0.0540881803598544,-0.372853731236741,-0.160828064226112,-23.4205098520511
"Background_Purple+Earring_No+Fur_Brown","Earring_No","Earring","No",3,6152,-0.263712610110097,0.0563627428120337,-0.374183586021683,-0.153241634198511,-23.1805720794646
"Background_Purple+Earring_No+Fur_Brown","Earring_No","Earring","No",3,6155,-0.269731437719529,0.0537821857371893,-0.37514452176442,-0.164318353674638,-23.6415463193179
"Background_Purple+Earring_No+Fur_Brown","Earring_No","Earring","No",3,6183,-0.269593658336091,0.061993176913697,-0.391100285086938,-0.148087031585245,-23.6310249738539
"Background_Purple+Earring_No+Fur_Brown","Earring_No","Earring","No",3,6191,-0.266825541826241,0.0559287444313172,-0.376445880911623,-0.15720520274086,-23.4193338956324
"Background_Purple+Earring_No+Fur_Brown","Earring_No","Earring","No",3,6192,-0.268531034260337,0.062185843665,-0.390415287843737,-0.146646780676937,-23.5498303302991
"Background_Purple+Earring_No+Fur_Brown","Earring_No","Earring","No",3,6208,-0.270921079902236,0.061586475698137,-0.391630572270584,-0.150211587533887,-23.7323315451486
"Background_Purple+Earring_No+Fur_Brown","Earring_No","Earring","No",3,6216,-0.263422414125075,0.0559447290907502,-0.373074083142946,-0.153770745107205,-23.1582761549729
"Background_Purple+Earring_No+Fur_Brown","Earring_No","Earring","No",3,6236,-0.265797998927968,0.0579129022415706,-0.379307287321447,-0.15228871053449,-23.3406035335469
"Background_Purple+Earring_No+Fur_Brown","Earring_No","Earring","No",3,6253,-0.262843822574079,0.0569845464474498,-0.37453353361108,-0.151154111537077,-23.1138033182291
"Background_Purple+Earring_No+Fur_Brown","Earring_No","Earring","No",3,6255,-0.265898325209455,0.060698027382008,-0.38486645887819,-0.146930191540719,-23.3482940999459
"Background_Purple+Earring_No+Fur_Brown","Earring_No","Earring","No",3,6276,-0.267293457925898,0.0589632865944768,-0.382861499651073,-0.151725416200723,-23.4551588400373
"Background_Purple+Earring_No+Fur_Brown","Earring_No","Earring","No",3,6286,-0.268557158367656,0.05852788617921,-0.383271815278908,-0.153842501456405,-23.5518274966489
"Background_Purple+Earring_No+Fur_Brown","Earring_No","Earring","No",3,6292,-0.270605264371234,0.0559815601674618,-0.380329122299459,-0.160881406443009,-23.7082412270892
"Background_Purple+Earring_No+Fur_Brown","Earring_No","Earring","No",3,6337,-0.266586583956736,0.0522939915700128,-0.369082807433961,-0.164090360479511,-23.4010321562295
"Background_Purple+Earring_No+Fur_Brown","Earring_No","Earring","No",3,6346,-0.270303969021042,0.0535891323027324,-0.375338668334398,-0.165269269707687,-23.6852514117246
"Background_Purple+Earring_No+Fur_Brown","Earring_No","Earring","No",3,6351,-0.266543415343305,0.0612855628532749,-0.386663118535724,-0.146423712150887,-23.3977254136243
"Background_Purple+Earring_No+Fur_Brown","Earring_No","Earring","No",3,6359,-0.267163365054631,0.0558371568542532,-0.376604192488968,-0.157722537620295,-23.4452002541137
"Background_Purple+Earring_No+Fur_Brown","Earring_No","Earring","No",3,6361,-0.262220205208274,0.0597158631106626,-0.379263296905173,-0.145177113511375,-23.0658407972115
"Background_Purple+Earring_No+Fur_Brown","Earring_No","Earring","No",3,6363,-0.264586655364369,0.0620757215935413,-0.38625506968771,-0.142918241041028,-23.2476864011245
"Background_Purple+Earring_No+Fur_Brown","Earring_No","Earring","No",3,6365,-0.269492929305731,0.0608264597581268,-0.388712790431659,-0.150273068179802,-23.6233320136042
"Background_Purple+Earring_No+Fur_Brown","Earring_No","Earring","No",3,6387,-0.27008863182999,0.0581058405751414,-0.383976079357267,-0.156201184302713,-23.6688162386393
"Background_Purple+Earring_No+Fur_Brown","Earring_No","Earring","No",3,6397,-0.268480118700426,0.0584692886885018,-0.38307992452989,-0.153880312870962,-23.5459377280089
"Background_Purple+Earring_No+Fur_Brown","Earring_No","Earring","No",3,6445,-0.267002018721077,0.0627126530504794,-0.389918818700016,-0.144085218742137,-23.4328474213433
"Background_Purple+Earring_No+Fur_Brown","Earring_No","Earring","No",3,6467,-0.272708574621424,0.0543044817905375,-0.379145358930878,-0.166271790311971,-23.868537829483
"Background_Purple+Earring_No+Fur_Brown","Earring_No","Earring","No",3,6489,-0.272997178195883,0.0642679516404403,-0.398962363411146,-0.14703199298062,-23.8905064713274
"Background_Purple+Earring_No+Fur_Brown","Earring_No","Earring","No",3,6490,-0.268836807834664,0.063200136626182,-0.392709075621981,-0.144964540047347,-23.5732031983521
"Background_Purple+Earring_No+Fur_Brown","Earring_No","Earring","No",3,6492,-0.274217783768388,0.0552780042426391,-0.38256267208396,-0.165872895452815,-23.9833494693816
"Background_Purple+Earring_No+Fur_Brown","Earring_No","Earring","No",3,6549,-0.265379664866037,0.0593408253865266,-0.381687682623629,-0.149071647108445,-23.3085275880753
"Background_Purple+Earring_No+Fur_Brown","Earring_No","Earring","No",3,6615,-0.266900909287902,0.061935464003983,-0.388294418735709,-0.145507399840096,-23.4251053685556
"Background_Purple+Earring_No+Fur_Brown","Earring_No","Earring","No",3,6635,-0.267261127964675,0.062480812565193,-0.389723520592454,-0.144798735336897,-23.452684108287
"Background_Purple+Earring_No+Fur_Brown","Earring_No","Earring","No",3,6654,-0.265265647329051,0.0599838206410003,-0.382833935785412,-0.147697358872691,-23.2997829167697
"Background_Purple+Earring_No+Fur_Brown","Earring_No","Earring","No",3,6661,-0.268759031398495,0.0614699714819545,-0.389240175503126,-0.148277887293864,-23.5672587633036
"Background_Purple+Earring_No+Fur_Brown","Earring_No","Earring","No",3,6664,-0.263681606894609,0.0548698671841615,-0.371226546575565,-0.156136667213652,-23.1781903932673
"Background_Purple+Earring_No+Fur_Brown","Earring_No","Earring","No",3,6671,-0.268874970622628,0.0593170866358522,-0.385136460428898,-0.152613480816357,-23.57611980234
"Background_Purple+Earring_No+Fur_Brown","Earring_No","Earring","No",3,6677,-0.268334058878717,0.0623465058805239,-0.390533210404544,-0.146134907352891,-23.5347700457496
"Background_Purple+Earring_No+Fur_Brown","Earring_No","Earring","No",3,6695,-0.259058895083419,0.0599982349035779,-0.376655435494432,-0.141462354672406,-22.8222432199065
"Background_Purple+Earring_No+Fur_Brown","Earring_No","Earring","No",3,6710,-0.2720510857438,0.0628479560858506,-0.395233079672067,-0.148869091815533,-23.8184657807649
"Background_Purple+Earring_No+Fur_Brown","Earring_No","Earring","No",3,6713,-0.267325762054104,0.064663424212734,-0.394066073511062,-0.140585450597145,-23.4576315144606
"Background_Purple+Earring_No+Fur_Brown","Earring_No","Earring","No",3,6730,-0.265708695548523,0.0577184849924067,-0.37883692613364,-0.152580464963406,-23.3337572846842
"Background_Purple+Earring_No+Fur_Brown","Earring_No","Earring","No",3,6748,-0.265901697164443,0.0621622338907429,-0.387739675590299,-0.144063718738587,-23.3485525656122
"Background_Purple+Earring_No+Fur_Brown","Earring_No","Earring","No",3,6751,-0.268386054304375,0.0611299844509222,-0.388200823828183,-0.148571284780568,-23.5387457845681
"Background_Purple+Earring_No+Fur_Brown","Earring_No","Earring","No",3,6768,-0.266627742982985,0.058535290419163,-0.381356912204544,-0.151898573761425,-23.4041848302767
"Background_Purple+Earring_No+Fur_Brown","Earring_No","Earring","No",3,6778,-0.263480428736845,0.0619788897208646,-0.38495905258974,-0.142001804883951,-23.1627339684391
"Background_Purple+Earring_No+Fur_Brown","Earring_No","Earring","No",3,6782,-0.271772833604293,0.0582189950203277,-0.385882063844136,-0.157663603364451,-23.7972651564547
"Background_Purple+Earring_No+Fur_Brown","Earring_No","Earring","No",3,6810,-0.268939934036757,0.058643570348955,-0.383881331920709,-0.153998536152806,-23.5810843972584
"Background_Purple+Earring_No+Fur_Brown","Earring_No","Earring","No",3,6822,-0.265573483031281,0.0605469303242534,-0.384245466466818,-0.146901499595745,-23.3233903481652
"Background_Purple+Earring_No+Fur_Brown","Earring_No","Earring","No",3,6865,-0.268143166182004,0.0597892578914308,-0.385330111649208,-0.150956220714799,-23.5201719985128
"Background_Purple+Earring_No+Fur_Brown","Earring_No","Earring","No",3,6868,-0.262988904311181,0.059148102706819,-0.378919185616546,-0.147058623005816,-23.1249572920643
"Background_Purple+Earring_No+Fur_Brown","Earring_No","Earring","No",3,6871,-0.266718568632658,0.0610088268543502,-0.386295869267185,-0.147141267998132,-23.4111413790305
"Background_Purple+Earring_No+Fur_Brown","Earring_No","Earring","No",3,6915,-0.261355300046293,0.0608626703257495,-0.380646133884762,-0.142064466207824,-22.9992712617667
"Background_Purple+Earring_No+Fur_Brown","Earring_No","Earring","No",3,6925,-0.267751744939251,0.0601710458790121,-0.385686994862115,-0.149816495016388,-23.4902303096667
"Background_Purple+Earring_No+Fur_Brown","Earring_No","Earring","No",3,6929,-0.255335538142103,0.0594466675472517,-0.371851006534716,-0.13882006974949,-22.5343472463494
"Background_Purple+Earring_No+Fur_Brown","Earring_No","Earring","No",3,6942,-0.267584643178703,0.0580778357848849,-0.381417201317078,-0.153752085040329,-23.4774443242018
"Background_Purple+Earring_No+Fur_Brown","Earring_No","Earring","No",3,6990,-0.273669821140189,0.0624048998078815,-0.395983424763636,-0.151356217516741,-23.9416837711897
"Background_Purple+Earring_No+Fur_Brown","Earring_No","Earring","No",3,7009,-0.269417163848014,0.0631475729163083,-0.393186406763979,-0.14564792093205,-23.6175450811733
"Background_Purple+Earring_No+Fur_Brown","Earring_No","Earring","No",3,7024,-0.264833418230589,0.0601873363425871,-0.382800597462059,-0.146866238999118,-23.2666236854118
"Background_Purple+Earring_No+Fur_Brown","Earring_No","Earring","No",3,7025,-0.267546490696083,0.0574144600523241,-0.380078832398639,-0.155014148993528,-23.474524743032
"Background_Purple+Earring_No+Fur_Brown","Earring_No","Earring","No",3,7028,-0.265670238702559,0.0564742049801263,-0.376359680463607,-0.154980796941511,-23.3308088861047
"Background_Purple+Earring_No+Fur_Brown","Earring_No","Earring","No",3,7042,-0.273186880885461,0.059956640057391,-0.390701895397947,-0.155671866372974,-23.9049432775584
"Background_Purple+Earring_No+Fur_Brown","Earring_No","Earring","No",3,7059,-0.266854152134905,0.0604322030633755,-0.38530127013912,-0.148407034130689,-23.421524860785
"Background_Purple+Earring_No+Fur_Brown","Earring_No","Earring","No",3,7073,-0.264887257604905,0.0551908544063883,-0.373061332241426,-0.156713182968384,-23.2707548511711
"Background_Purple+Earring_No+Fur_Brown","Earring_No","Earring","No",3,7108,-0.267608769262684,0.0609332529756727,-0.387037945095002,-0.148179593430366,-23.4792904915359
"Background_Purple+Earring_No+Fur_Brown","Earring_No","Earring","No",3,7112,-0.262517251748552,0.0602546408576293,-0.380616347829505,-0.144418155667599,-23.0886904291618
"Background_Purple+Earring_No+Fur_Brown","Earring_No","Earring","No",3,7124,-0.265775337003111,0.0642282217515386,-0.391662651636126,-0.139888022370095,-23.3388662643797
"Background_Purple+Earring_No+Fur_Brown","Earring_No","Earring","No",3,7240,-0.271742209060183,0.0637873173045756,-0.396765350977151,-0.146719067143215,-23.7949314467059
"Background_Purple+Earring_No+Fur_Brown","Earring_No","Earring","No",3,7243,-0.268676008489868,0.0599557796632119,-0.386189336629764,-0.151162680349973,-23.5609128313866
"Background_Purple+Earring_No+Fur_Brown","Earring_No","Earring","No",3,7294,-0.267976374823821,0.0636083500261592,-0.392648740875093,-0.143304008772549,-23.5074147602579
"Background_Purple+Earring_No+Fur_Brown","Earring_No","Earring","No",3,7299,-0.264817894287488,0.0636268123230304,-0.389526446440628,-0.140109342134349,-23.2654324715978
"Background_Purple+Earring_No+Fur_Brown","Earring_No","Earring","No",3,7319,-0.265692173773678,0.0611817299296169,-0.385608364435727,-0.145775983111629,-23.33249061182
"Background_Purple+Earring_No+Fur_Brown","Earring_No","Earring","No",3,7335,-0.266679338333396,0.0568811132048613,-0.378166320214924,-0.155192356451867,-23.4081367162501
"Background_Purple+Earring_No+Fur_Brown","Earring_No","Earring","No",3,7337,-0.263679826435886,0.0532040656268504,-0.367959795064513,-0.159399857807259,-23.1780536150845
"Background_Purple+Earring_No+Fur_Brown","Earring_No","Earring","No",3,7348,-0.267129723352097,0.0650476073650679,-0.39462303378763,-0.139636412916564,-23.4426247769916
"Background_Purple+Earring_No+Fur_Brown","Earring_No","Earring","No",3,7369,-0.264213899523386,0.0574479666505679,-0.3768119141585,-0.151615884888273,-23.2190711950103
"Background_Purple+Earring_No+Fur_Brown","Earring_No","Earring","No",3,7410,-0.274120652938236,0.0526927086050279,-0.37739836180409,-0.170842944072381,-23.9759655504129
"Background_Purple+Earring_No+Fur_Brown","Earring_No","Earring","No",3,7426,-0.268772844002729,0.062480099182898,-0.391233838401209,-0.146311849604249,-23.5683144912176
"Background_Purple+Earring_No+Fur_Brown","Earring_No","Earring","No",3,7491,-0.26719078307094,0.0583496769384329,-0.381556149870269,-0.152825416271611,-23.4472992060869
"Background_Purple+Earring_No+Fur_Brown","Earring_No","Earring","No",3,7499,-0.272053934067368,0.0587300175785461,-0.387164768521319,-0.156943099613418,-23.8186827701152
"Background_Purple+Earring_No+Fur_Brown","Earring_No","Earring","No",3,7506,-0.263965282062984,0.056124673185297,-0.373969641506167,-0.153960922619802,-23.1999797423476
"Background_Purple+Earring_No+Fur_Brown","Earring_No","Earring","No",3,7516,-0.266223353651744,0.0576725551602856,-0.379261561765904,-0.153185145537584,-23.3732040360752
"Background_Purple+Earring_No+Fur_Brown","Earring_No","Earring","No",3,7541,-0.268479552929611,0.0601371392122457,-0.386348345785612,-0.150610760073609,-23.5458944725195
"Background_Purple+Earring_No+Fur_Brown","Earring_No","Earring","No",3,7559,-0.265411044366214,0.0591481086670308,-0.381341337353595,-0.149480751378834,-23.3109340903899
"Background_Purple+Earring_No+Fur_Brown","Earring_No","Earring","No",3,7563,-0.257751337591138,0.0648941573775926,-0.38494388605122,-0.130558789131057,-22.7212628613663
"Background_Purple+Earring_No+Fur_Brown","Earring_No","Earring","No",3,7568,-0.263824743461081,0.0626480277817667,-0.386614877913344,-0.141034609008819,-23.1891856163966
"Background_Purple+Earring_No+Fur_Brown","Earring_No","Earring","No",3,7592,-0.26445945473204,0.063119773748722,-0.388174211279535,-0.140744698184545,-23.2379228373494
"Background_Purple+Earring_No+Fur_Brown","Earring_No","Earring","No",3,7610,-0.266190221928451,0.0582593900010926,-0.380378626330593,-0.15200181752631,-23.3706652162171
"Background_Purple+Earring_No+Fur_Brown","Earring_No","Earring","No",3,7636,-0.265470673822598,0.061001647298146,-0.385033902526964,-0.145907445118232,-23.3155068813628
"Background_Purple+Earring_No+Fur_Brown","Earring_No","Earring","No",3,7679,-0.263041223418719,0.0580278519166671,-0.376775813175387,-0.149306633662052,-23.128979220478
"Background_Purple+Earring_No+Fur_Brown","Earring_No","Earring","No",3,7685,-0.262117853166665,0.0563997587922098,-0.372661380399397,-0.151574325933934,-23.0579660259551
"Background_Purple+Earring_No+Fur_Brown","Earring_No","Earring","No",3,7686,-0.265281277441272,0.0575579193934158,-0.378094799452367,-0.152467755430177,-23.3009817404011
"Background_Purple+Earring_No+Fur_Brown","Earring_No","Earring","No",3,7701,-0.26711419993855,0.0575421302123145,-0.379896775154687,-0.154331624722414,-23.4414363359716
"Background_Purple+Earring_No+Fur_Brown","Earring_No","Earring","No",3,7704,-0.272140134148915,0.056023326187615,-0.381945853476641,-0.16233441482119,-23.82524932285
"Background_Purple+Earring_No+Fur_Brown","Earring_No","Earring","No",3,7801,-0.262184623634147,0.0577497674335289,-0.375374167803864,-0.148995079464431,-23.0631033100212
"Background_Purple+Earring_No+Fur_Brown","Earring_No","Earring","No",3,7818,-0.269229917683943,0.0554371278878423,-0.377886688344114,-0.160573147023772,-23.6032414203764
"Background_Purple+Earring_No+Fur_Brown","Earring_No","Earring","No",3,7854,-0.270168945380658,0.0641561558999584,-0.395915010944576,-0.144422879816739,-23.6749464208622
"Background_Purple+Earring_No+Fur_Brown","Earring_No","Earring","No",3,7859,-0.265700968474556,0.0562137146649108,-0.375879849217782,-0.155522087731331,-23.3331648766671
"Background_Purple+Earring_No+Fur_Brown","Earring_No","Earring","No",3,7870,-0.26583239575043,0.0673303358858443,-0.397799854086685,-0.133864937414175,-23.3432403278482
"Background_Purple+Earring_No+Fur_Brown","Earring_No","Earring","No",3,7901,-0.269211360636774,0.0543591126641902,-0.375755221458587,-0.162667499814961,-23.6018237089696
"Background_Purple+Earring_No+Fur_Brown","Earring_No","Earring","No",3,7926,-0.266352834311799,0.0620006073980108,-0.387874024811901,-0.144831643811698,-23.383125081889
"Background_Purple+Earring_No+Fur_Brown","Earring_No","Earring","No",3,7952,-0.262287637695129,0.0570393617758354,-0.374084786775767,-0.150490488614492,-23.0710284839794
"Background_Purple+Earring_No+Fur_Brown","Earring_No","Earring","No",3,7956,-0.269137591575315,0.0605014901977329,-0.387720512362872,-0.150554670787759,-23.5961876793277
"Background_Purple+Earring_No+Fur_Brown","Earring_No","Earring","No",3,7963,-0.266399454094809,0.0631389720018248,-0.390151839218386,-0.142647068971233,-23.3866968607141
"Background_Purple+Earring_No+Fur_Brown","Earring_No","Earring","No",3,7974,-0.267004196181076,0.058576193442182,-0.381813535327753,-0.152194857034399,-23.4330141430738
"Background_Purple+Earring_No+Fur_Brown","Earring_No","Earring","No",3,8029,-0.269314000617323,0.0614516102434242,-0.389759156694434,-0.148868844540211,-23.6096648138858
"Background_Purple+Earring_No+Fur_Brown","Earring_No","Earring","No",3,8074,-0.262580196928375,0.0587656575554536,-0.377760885737064,-0.147399508119686,-23.0935314730114
"Background_Purple+Earring_No+Fur_Brown","Earring_No","Earring","No",3,8076,-0.265336079437131,0.0624120406101935,-0.38766367903311,-0.143008479841152,-23.3051848845108
"Background_Purple+Earring_No+Fur_Brown","Earring_No","Earring","No",3,8094,-0.263223510381464,0.05883533900504,-0.378540774831343,-0.147906245931586,-23.1429905283008
"Background_Purple+Earring_No+Fur_Brown","Earring_No","Earring","No",3,8109,-0.266226952468484,0.0590739152323956,-0.38201182632398,-0.150442078612989,-23.3734798013751
"Background_Purple+Earring_No+Fur_Brown","Earring_No","Earring","No",3,8141,-0.266870890805544,0.0579048216998942,-0.380364341337337,-0.153377440273752,-23.4228066719306
"Background_Purple+Earring_No+Fur_Brown","Earring_No","Earring","No",3,8155,-0.266362282706124,0.0635520327051071,-0.390924266808134,-0.141800298604114,-23.3838489849152
"Background_Purple+Earring_No+Fur_Brown","Earring_No","Earring","No",3,8158,-0.26989814871491,0.0527494331927097,-0.37328703777262,-0.166509259657199,-23.6542750520974
"Background_Purple+Earring_No+Fur_Brown","Earring_No","Earring","No",3,8159,-0.272748213276492,0.0563253556903663,-0.38314591042961,-0.162350516123374,-23.8715555184428
"Background_Purple+Earring_No+Fur_Brown","Earring_No","Earring","No",3,8167,-0.263534792703664,0.0566784130630444,-0.374624482307231,-0.152445103100097,-23.1669110334782
"Background_Purple+Earring_No+Fur_Brown","Earring_No","Earring","No",3,8191,-0.263924831539847,0.0526877185568597,-0.367192759911292,-0.160656903168402,-23.1968730785186
"Background_Purple+Earring_No+Fur_Brown","Earring_No","Earring","No",3,8194,-0.265680583052258,0.0587751793048122,-0.38087993448969,-0.150481231614827,-23.3316019749268
"Background_Purple+Earring_No+Fur_Brown","Earring_No","Earring","No",3,8204,-0.271342897191588,0.0625059646621934,-0.393854587929487,-0.148831206453689,-23.7644957821289
"Background_Purple+Earring_No+Fur_Brown","Earring_No","Earring","No",3,8216,-0.266072100490051,0.0583972641888314,-0.380530738300161,-0.151613462679942,-23.3616131143556
"Background_Purple+Earring_No+Fur_Brown","Earring_No","Earring","No",3,8247,-0.267005975117081,0.0573246901855792,-0.379362367880816,-0.154649582353345,-23.4331503507206
"Background_Purple+Earring_No+Fur_Brown","Earring_No","Earring","No",3,8248,-0.270494804296123,0.057944668261791,-0.384066354089233,-0.156923254503012,-23.6998135682334
"Background_Purple+Earring_No+Fur_Brown","Earring_No","Earring","No",3,8253,-0.270763778078412,0.0622210320868713,-0.39271700096868,-0.148810555188144,-23.720333558174
"Background_Purple+Earring_No+Fur_Brown","Earring_No","Earring","No",3,8261,-0.26776466926553,0.0622105706891222,-0.38969738781621,-0.145831950714851,-23.4912191405037
"Background_Purple+Earring_No+Fur_Brown","Earring_No","Earring","No",3,8275,-0.265504886697956,0.0595278966486739,-0.382179564129357,-0.148830209266556,-23.3181304334879
"Background_Purple+Earring_No+Fur_Brown","Earring_No","Earring","No",3,8278,-0.268676654661745,0.0577684089531323,-0.381902736209885,-0.155450573113606,-23.560962224159
"Background_Purple+Earring_No+Fur_Brown","Earring_No","Earring","No",3,8293,-0.267715349698218,0.057404584712957,-0.380228335735614,-0.155202363660823,-23.4874456674839
"Background_Purple+Earring_No+Fur_Brown","Earring_No","Earring","No",3,8310,-0.268874844402055,0.0552493761597781,-0.37716362167522,-0.16058606712889,-23.5761101560734
"Background_Purple+Earring_No+Fur_Brown","Earring_No","Earring","No",3,8313,-0.267762397113367,0.0504335023617212,-0.36661206174234,-0.168912732484393,-23.4910453007143
"Background_Purple+Earring_No+Fur_Brown","Earring_No","Earring","No",3,8322,-0.262347197998137,0.0570994281250046,-0.374262077123146,-0.150432318873128,-23.0756102603856
"Background_Purple+Earring_No+Fur_Brown","Earring_No","Earring","No",3,8329,-0.2640976487903,0.0576885110587428,-0.377167130465436,-0.151028167115164,-23.2101448369119
"Background_Purple+Earring_No+Fur_Brown","Earring_No","Earring","No",3,8341,-0.258604243385562,0.0585862192295327,-0.373433233075446,-0.143775253695678,-22.7871462439043
"Background_Purple+Earring_No+Fur_Brown","Earring_No","Earring","No",3,8347,-0.272021766091941,0.0555261037370901,-0.380852929416638,-0.163190602767245,-23.8162321319587
"Background_Purple+Earring_No+Fur_Brown","Earring_No","Earring","No",3,8427,-0.266534135510688,0.057800417402285,-0.379822953619166,-0.153245317402209,-23.3970145540397
"Background_Purple+Earring_No+Fur_Brown","Earring_No","Earring","No",3,8434,-0.264292072319137,0.0594322229936995,-0.380779229386788,-0.147804915251486,-23.2250731402778
"Background_Purple+Earring_No+Fur_Brown","Earring_No","Earring","No",3,8435,-0.269770048939172,0.0552778163008836,-0.378114568888904,-0.16142552898944,-23.6444945554267
"Background_Purple+Earring_No+Fur_Brown","Earring_No","Earring","No",3,8436,-0.260964002642505,0.0567466213499238,-0.372187380488356,-0.149740624796654,-22.9691351808211
"Background_Purple+Earring_No+Fur_Brown","Earring_No","Earring","No",3,8439,-0.263621347364339,0.059198395074079,-0.379650201709534,-0.147592493019144,-23.173561007625
"Background_Purple+Earring_No+Fur_Brown","Earring_No","Earring","No",3,8461,-0.262569711730185,0.0510816330746545,-0.362689712556507,-0.162449710903862,-23.0927250892192
"Background_Purple+Earring_No+Fur_Brown","Earring_No","Earring","No",3,8466,-0.265954773028865,0.0604375858513797,-0.384412441297569,-0.14749710476016,-23.3526207994805
"Background_Purple+Earring_No+Fur_Brown","Earring_No","Earring","No",3,8482,-0.264607291590882,0.062484916349365,-0.387077727635637,-0.142136855546127,-23.2492702629108
"Background_Purple+Earring_No+Fur_Brown","Earring_No","Earring","No",3,8594,-0.268563376066188,0.0617748044344341,-0.389641992757679,-0.147484759374698,-23.5523028268611
"Background_Purple+Earring_No+Fur_Brown","Earring_No","Earring","No",3,8610,-0.263531729979841,0.0610489944711648,-0.383187759143324,-0.143875700816358,-23.1666757145858
"Background_Purple+Earring_No+Fur_Brown","Earring_No","Earring","No",3,8615,-0.270113380740648,0.0584413319399378,-0.384658391342926,-0.15556837013837,-23.6707053289101
"Background_Purple+Earring_No+Fur_Brown","Earring_No","Earring","No",3,8619,-0.26736976643741,0.0578173386976255,-0.380691750284755,-0.154047782590064,-23.4609996400759
"Background_Purple+Earring_No+Fur_Brown","Earring_No","Earring","No",3,8630,-0.260955054549845,0.0542191300599037,-0.367224549467257,-0.154685559632434,-22.9684458984212
"Background_Purple+Earring_No+Fur_Brown","Earring_No","Earring","No",3,8634,-0.268041862828999,0.0617331157191626,-0.389038769638558,-0.14704495601944,-23.5124239430537
"Background_Purple+Earring_No+Fur_Brown","Earring_No","Earring","No",3,8639,-0.265766498516823,0.0617533352125439,-0.386803035533409,-0.144729961500237,-23.338188693006
"Background_Purple+Earring_No+Fur_Brown","Earring_No","Earring","No",3,8646,-0.267715030485762,0.0603803691279419,-0.386060553976528,-0.149369506994996,-23.4874212437196
"Background_Purple+Earring_No+Fur_Brown","Earring_No","Earring","No",3,8667,-0.264063749516531,0.0584550447733611,-0.378635637272318,-0.149491861760743,-23.2075416724666
"Background_Purple+Earring_No+Fur_Brown","Earring_No","Earring","No",3,8709,-0.262681208029996,0.0602401744267308,-0.380751949906388,-0.144610466153603,-23.1012994877846
"Background_Purple+Earring_No+Fur_Brown","Earring_No","Earring","No",3,8734,-0.272306750961025,0.0559488751236622,-0.381966546203403,-0.162646955718647,-23.83794025968
"Background_Purple+Earring_No+Fur_Brown","Earring_No","Earring","No",3,8744,-0.271794439629258,0.0630465141378803,-0.395365607339503,-0.148223271919012,-23.7989115768597
"Background_Purple+Earring_No+Fur_Brown","Earring_No","Earring","No",3,8757,-0.268623159112756,0.0533624615904166,-0.373213583829973,-0.16403273439554,-23.5568729664914
"Background_Purple+Earring_No+Fur_Brown","Earring_No","Earring","No",3,8786,-0.265379812890258,0.0574475677396448,-0.377977045659962,-0.152782580120554,-23.30853894027
"Background_Purple+Earring_No+Fur_Brown","Earring_No","Earring","No",3,8812,-0.270990657107616,0.0512491159317496,-0.371438924333845,-0.170542389881387,-23.7376378517794
"Background_Purple+Earring_No+Fur_Brown","Earring_No","Earring","No",3,8822,-0.26834528586576,0.0600949095589777,-0.386131308601357,-0.150559263130164,-23.5356285150765
"Background_Purple+Earring_No+Fur_Brown","Earring_No","Earring","No",3,8863,-0.270647165113411,0.0624173038173982,-0.392985080595512,-0.148309249631311,-23.7114378414331
"Background_Purple+Earring_No+Fur_Brown","Earring_No","Earring","No",3,8868,-0.266261940539284,0.0628438869193569,-0.389435958901223,-0.143087922177344,-23.3761607685877
"Background_Purple+Earring_No+Fur_Brown","Earring_No","Earring","No",3,8915,-0.267226761193584,0.0538908969553102,-0.372852919225992,-0.161600603161176,-23.4500533789995
"Background_Purple+Earring_No+Fur_Brown","Earring_No","Earring","No",3,8916,-0.263609853631614,0.0555381273832768,-0.372464583302837,-0.154755123960391,-23.1726779799944
"Background_Purple+Earring_No+Fur_Brown","Earring_No","Earring","No",3,8930,-0.269619802460161,0.0534646518752464,-0.374410520135644,-0.164829084784678,-23.6330215477126
"Background_Purple+Earring_No+Fur_Brown","Earring_No","Earring","No",3,8937,-0.272488479930623,0.0592175823611486,-0.388554941358474,-0.156422018502771,-23.8517798547533
"Background_Purple+Earring_No+Fur_Brown","Earring_No","Earring","No",3,8972,-0.267094999091322,0.0619429059289758,-0.388503094712114,-0.145686903470529,-23.439966332574
"Background_Purple+Earring_No+Fur_Brown","Earring_No","Earring","No",3,8977,-0.266204749967339,0.0590339429127165,-0.381911278076264,-0.150498221858415,-23.371778482086
"Background_Purple+Earring_No+Fur_Brown","Earring_No","Earring","No",3,9007,-0.267286668232127,0.0588727643981348,-0.382677286452471,-0.151896050011782,-23.4546391222417
"Background_Purple+Earring_No+Fur_Brown","Earring_No","Earring","No",3,9017,-0.26949928317396,0.0575118698033658,-0.382222547988557,-0.156776018359363,-23.6238172993466
"Background_Purple+Earring_No+Fur_Brown","Earring_No","Earring","No",3,9039,-0.269547849720771,0.0569198620083911,-0.381110779257217,-0.157984920184324,-23.6275265367258
"Background_Purple+Earring_No+Fur_Brown","Earring_No","Earring","No",3,9048,-0.267493572740171,0.0660755343725005,-0.397001620110272,-0.137985525370071,-23.4704750641568
"Background_Purple+Earring_No+Fur_Brown","Earring_No","Earring","No",3,9067,-0.267188476476846,0.0615059860145448,-0.387740209065354,-0.146636743888338,-23.4471226298757
"Background_Purple+Earring_No+Fur_Brown","Earring_No","Earring","No",3,9071,-0.266641937164986,0.0553467417086025,-0.375121550913847,-0.158162323416125,-23.4052720375017
"Background_Purple+Earring_No+Fur_Brown","Earring_No","Earring","No",3,9088,-0.265358393506821,0.062762185228273,-0.388372276554237,-0.142344510459406,-23.3068962388665
"Background_Purple+Earring_No+Fur_Brown","Earring_No","Earring","No",3,9113,-0.267819511334445,0.0540183044152192,-0.373695387988275,-0.161943634680615,-23.4954149252824
"Background_Purple+Earring_No+Fur_Brown","Earring_No","Earring","No",3,9157,-0.269931249971329,0.0643187227913366,-0.395995946642348,-0.143866553300309,-23.6568021496901
"Background_Purple+Earring_No+Fur_Brown","Earring_No","Earring","No",3,9177,-0.264667245532631,0.0600531862197609,-0.382371490523362,-0.1469630005419,-23.2538716337541
"Background_Purple+Earring_No+Fur_Brown","Earring_No","Earring","No",3,9195,-0.267892150352634,0.059406387882585,-0.3843286706025,-0.151455630102767,-23.5009719413986
"Background_Purple+Earring_No+Fur_Brown","Earring_No","Earring","No",3,9219,-0.268093254032684,0.0549764197742086,-0.375847036790133,-0.160339471275235,-23.5163546306519
"Background_Purple+Earring_No+Fur_Brown","Earring_No","Earring","No",3,9242,-0.272101063807396,0.0582032689629383,-0.386179470974755,-0.158022656640037,-23.8222730911851
"Background_Purple+Earring_No+Fur_Brown","Earring_No","Earring","No",3,9249,-0.27431919964855,0.0584901368177956,-0.388959867811429,-0.15967853148567,-23.9910583739928
"Background_Purple+Earring_No+Fur_Brown","Fur_Brown","Fur","Brown",3,7,-0.268902270542949,0.0585953394293008,-0.383749135824378,-0.154055405261519,-23.5782061397014
"Background_Purple+Earring_No+Fur_Brown","Fur_Brown","Fur","Brown",3,38,-0.269416066100939,0.0575680065032547,-0.382249358847318,-0.156582773354559,-23.6174612325107
"Background_Purple+Earring_No+Fur_Brown","Fur_Brown","Fur","Brown",3,61,-0.268232289259388,0.0601734531069627,-0.386172257349035,-0.150292321169741,-23.5269878124145
"Background_Purple+Earring_No+Fur_Brown","Fur_Brown","Fur","Brown",3,83,-0.265690829832782,0.0547241698736223,-0.372950202785082,-0.158431456880482,-23.3323875751495
"Background_Purple+Earring_No+Fur_Brown","Fur_Brown","Fur","Brown",3,102,-0.269236170975173,0.0559117199184854,-0.378823142015404,-0.159649199934941,-23.6037191500631
"Background_Purple+Earring_No+Fur_Brown","Fur_Brown","Fur","Brown",3,111,-0.265350549513459,0.0622313085255169,-0.387323914223472,-0.143377184803446,-23.3062946563102
"Background_Purple+Earring_No+Fur_Brown","Fur_Brown","Fur","Brown",3,147,-0.269545535133994,0.0573315468667275,-0.38191536699278,-0.157175703275208,-23.6273497658041
"Background_Purple+Earring_No+Fur_Brown","Fur_Brown","Fur","Brown",3,194,-0.270228435868887,0.0586397922938699,-0.385162428764872,-0.155294442972902,-23.6794869005047
"Background_Purple+Earring_No+Fur_Brown","Fur_Brown","Fur","Brown",3,220,-0.268213134779991,0.0626092128209689,-0.39092719190909,-0.145499077650892,-23.5255229976492
"Background_Purple+Earring_No+Fur_Brown","Fur_Brown","Fur","Brown",3,249,-0.271255191085005,0.0668707812999127,-0.402321922432834,-0.140188459737177,-23.7578091696465
"Background_Purple+Earring_No+Fur_Brown","Fur_Brown","Fur","Brown",3,307,-0.263987089554129,0.0555806917004942,-0.372925245287097,-0.15504893382116,-23.2016545398476
"Background_Purple+Earring_No+Fur_Brown","Fur_Brown","Fur","Brown",3,318,-0.266936118212696,0.0601508470114508,-0.384831778355139,-0.149040458070252,-23.4278014407986
"Background_Purple+Earring_No+Fur_Brown","Fur_Brown","Fur","Brown",3,324,-0.262952152822128,0.0595205154591386,-0.37961236312204,-0.146291942522217,-23.1221319678567
"Background_Purple+Earring_No+Fur_Brown","Fur_Brown","Fur","Brown",3,329,-0.269621513376651,0.0645321069435506,-0.39610444298601,-0.143138583767292,-23.6331522051236
"Background_Purple+Earring_No+Fur_Brown","Fur_Brown","Fur","Brown",3,402,-0.267587209560263,0.0558737990851007,-0.377099855767061,-0.158074563353466,-23.4776407100256
"Background_Purple+Earring_No+Fur_Brown","Fur_Brown","Fur","Brown",3,407,-0.261699598192828,0.0541667218006791,-0.367866372922159,-0.155532823463497,-23.025777906597
"Background_Purple+Earring_No+Fur_Brown","Fur_Brown","Fur","Brown",3,429,-0.264131272340921,0.0565428641112998,-0.374955285999068,-0.153307258682773,-23.2127267410875
"Background_Purple+Earring_No+Fur_Brown","Fur_Brown","Fur","Brown",3,452,-0.267222160080865,0.0590628813003184,-0.382985407429489,-0.151458912732241,-23.4497011632562
"Background_Purple+Earring_No+Fur_Brown","Fur_Brown","Fur","Brown",3,470,-0.266469857700945,0.0600437354129038,-0.384155579110237,-0.148784136291654,-23.3920905236642
"Background_Purple+Earring_No+Fur_Brown","Fur_Brown","Fur","Brown",3,498,-0.266934463189242,0.0607374498132141,-0.385979864823141,-0.147889061555342,-23.4276747119092
"Background_Purple+Earring_No+Fur_Brown","Fur_Brown","Fur","Brown",3,526,-0.264856496283598,0.0577006489415343,-0.377949768209005,-0.15176322435819,-23.2683945219041
"Background_Purple+Earring_No+Fur_Brown","Fur_Brown","Fur","Brown",3,545,-0.267318307378328,0.0622400043762359,-0.389308715955751,-0.145327898800906,-23.4570609137936
"Background_Purple+Earring_No+Fur_Brown","Fur_Brown","Fur","Brown",3,567,-0.265468732137426,0.0595284834398607,-0.382144559679553,-0.148792904595299,-23.315357984075
"Background_Purple+Earring_No+Fur_Brown","Fur_Brown","Fur","Brown",3,580,-0.26414733847311,0.0512336573351862,-0.364565306850075,-0.163729370096145,-23.21396040566
"Background_Purple+Earring_No+Fur_Brown","Fur_Brown","Fur","Brown",3,581,-0.26019187944669,0.057685867309449,-0.37325617937321,-0.14712757952017,-22.9096348954814
"Background_Purple+Earring_No+Fur_Brown","Fur_Brown","Fur","Brown",3,585,-0.26214271407633,0.0588831997622984,-0.377553785610434,-0.146731642542225,-23.0598788511337
"Background_Purple+Earring_No+Fur_Brown","Fur_Brown","Fur","Brown",3,592,-0.263473102847211,0.0614445760880681,-0.383904471979825,-0.143041733714598,-23.1621710650465
"Background_Purple+Earring_No+Fur_Brown","Fur_Brown","Fur","Brown",3,596,-0.265263471936632,0.0582967397623979,-0.379525081870932,-0.151001862002332,-23.2996160635174
"Background_Purple+Earring_No+Fur_Brown","Fur_Brown","Fur","Brown",3,640,-0.262957232124198,0.0574526631737782,-0.375564451944803,-0.150350012303592,-23.1225224527792
"Background_Purple+Earring_No+Fur_Brown","Fur_Brown","Fur","Brown",3,657,-0.269115548064231,0.0599504226044884,-0.386618376369029,-0.151612719759434,-23.5945034524809
"Background_Purple+Earring_No+Fur_Brown","Fur_Brown","Fur","Brown",3,659,-0.265157707178928,0.0581472919019039,-0.37912639930666,-0.151189015051196,-23.2915034369871
"Background_Purple+Earring_No+Fur_Brown","Fur_Brown","Fur","Brown",3,666,-0.267075262674085,0.0592091315703998,-0.383125160552068,-0.151025364796101,-23.4384552968948
"Background_Purple+Earring_No+Fur_Brown","Fur_Brown","Fur","Brown",3,683,-0.265898357648265,0.0632979960996175,-0.389962430003515,-0.141834285293014,-23.348296586436
"Background_Purple+Earring_No+Fur_Brown","Fur_Brown","Fur","Brown",3,725,-0.272145087269689,0.061742996059568,-0.393161359546442,-0.151128814992935,-23.8256266246556
"Background_Purple+Earring_No+Fur_Brown","Fur_Brown","Fur","Brown",3,777,-0.267922537633141,0.0580477629129952,-0.381696152942612,-0.15414892232367,-23.503296503504
"Background_Purple+Earring_No+Fur_Brown","Fur_Brown","Fur","Brown",3,784,-0.265746775548414,0.0581829107828348,-0.379785280682771,-0.151708270414058,-23.3366766796128
"Background_Purple+Earring_No+Fur_Brown","Fur_Brown","Fur","Brown",3,791,-0.257128923015085,0.0570178879467496,-0.368883983390714,-0.145373862639456,-22.6731484769585
"Background_Purple+Earring_No+Fur_Brown","Fur_Brown","Fur","Brown",3,814,-0.267982850858686,0.0577287061946537,-0.381131115000207,-0.154834586717165,-23.5079101273028
"Background_Purple+Earring_No+Fur_Brown","Fur_Brown","Fur","Brown",3,864,-0.266961530824809,0.0578422701857486,-0.380332380388876,-0.153590681260742,-23.4297473156542
"Background_Purple+Earring_No+Fur_Brown","Fur_Brown","Fur","Brown",3,866,-0.269208164656646,0.0609057200023779,-0.388583375861307,-0.149832953451985,-23.6015795415262
"Background_Purple+Earring_No+Fur_Brown","Fur_Brown","Fur","Brown",3,869,-0.261168427642321,0.0595529848698816,-0.377892277987289,-0.144444577297353,-22.9848806059135
"Background_Purple+Earring_No+Fur_Brown","Fur_Brown","Fur","Brown",3,876,-0.265325259343324,0.0599079805241582,-0.382744901170674,-0.147905617515974,-23.3043550349272
"Background_Purple+Earring_No+Fur_Brown","Fur_Brown","Fur","Brown",3,887,-0.259350643907155,0.0634526252388737,-0.383717789375348,-0.134983498438963,-22.844756455401
"Background_Purple+Earring_No+Fur_Brown","Fur_Brown","Fur","Brown",3,889,-0.264342684356058,0.065186038358294,-0.392107319538315,-0.136578049173802,-23.2289587773799
"Background_Purple+Earring_No+Fur_Brown","Fur_Brown","Fur","Brown",3,894,-0.270791815091733,0.0531380278715527,-0.374942349719976,-0.166641280463489,-23.7224721822177
"Background_Purple+Earring_No+Fur_Brown","Fur_Brown","Fur","Brown",3,903,-0.269472958066339,0.0618469558738911,-0.390692991579166,-0.148252924553513,-23.6218066616524
"Background_Purple+Earring_No+Fur_Brown","Fur_Brown","Fur","Brown",3,923,-0.268285211549184,0.056751138894129,-0.379517443781677,-0.157052979316691,-23.5310348322373
"Background_Purple+Earring_No+Fur_Brown","Fur_Brown","Fur","Brown",3,944,-0.261544779301886,0.0632870665862736,-0.385587429810982,-0.13750212879279,-23.0138599203605
"Background_Purple+Earring_No+Fur_Brown","Fur_Brown","Fur","Brown",3,990,-0.273327818245607,0.0651192595587186,-0.400961566980696,-0.145694069510519,-23.9156671582576
"Background_Purple+Earring_No+Fur_Brown","Fur_Brown","Fur","Brown",3,1014,-0.260886785900522,0.0572867778497426,-0.373168870486018,-0.148604701315026,-22.9631868787563
"Background_Purple+Earring_No+Fur_Brown","Fur_Brown","Fur","Brown",3,1033,-0.266018470046258,0.0586576381055097,-0.380987440733057,-0.151049499359459,-23.3575028534388
"Background_Purple+Earring_No+Fur_Brown","Fur_Brown","Fur","Brown",3,1072,-0.268728946023707,0.0573460268202517,-0.3811271585914,-0.156330733456013,-23.5649592210463
"Background_Purple+Earring_No+Fur_Brown","Fur_Brown","Fur","Brown",3,1084,-0.265155884142555,0.0553593571641178,-0.373660224184226,-0.156651544100884,-23.2913635944803
"Background_Purple+Earring_No+Fur_Brown","Fur_Brown","Fur","Brown",3,1090,-0.26598863648852,0.055610130257135,-0.374984491792504,-0.156992781184535,-23.3552163009672
"Background_Purple+Earring_No+Fur_Brown","Fur_Brown","Fur","Brown",3,1098,-0.265808902081347,0.0522906605405314,-0.368298596740788,-0.163319207421905,-23.3414393581479
"Background_Purple+Earring_No+Fur_Brown","Fur_Brown","Fur","Brown",3,1116,-0.261195626056657,0.0576564809464842,-0.374202328711766,-0.148188923401548,-22.986975266555
"Background_Purple+Earring_No+Fur_Brown","Fur_Brown","Fur","Brown",3,1153,-0.262905697487241,0.0661612121878356,-0.392581673375399,-0.133229721599084,-23.1185604977956
"Background_Purple+Earring_No+Fur_Brown","Fur_Brown","Fur","Brown",3,1174,-0.263020485310533,0.063206663186343,-0.386905545155765,-0.1391354254653,-23.1273850444026
"Background_Purple+Earring_No+Fur_Brown","Fur_Brown","Fur","Brown",3,1179,-0.26751281476973,0.0595471476501662,-0.384225224164056,-0.150800405375404,-23.4719476333701
"Background_Purple+Earring_No+Fur_Brown","Fur_Brown","Fur","Brown",3,1236,-0.267309073012122,0.065898121750543,-0.396469391643186,-0.138148754381058,-23.4563540850001
"Background_Purple+Earring_No+Fur_Brown","Fur_Brown","Fur","Brown",3,1303,-0.265032053620415,0.0509297255552053,-0.364854315708617,-0.165209791532212,-23.2818641358322
"Background_Purple+Earring_No+Fur_Brown","Fur_Brown","Fur","Brown",3,1310,-0.266100935061879,0.0594917590757196,-0.38270478285029,-0.149497087273469,-23.3638229175676
"Background_Purple+Earring_No+Fur_Brown","Fur_Brown","Fur","Brown",3,1311,-0.265717289048183,0.0509840588228322,-0.365646044340934,-0.165788533755432,-23.334416113184
"Background_Purple+Earring_No+Fur_Brown","Fur_Brown","Fur","Brown",3,1312,-0.264953085135027,0.0625520269874581,-0.387555058030444,-0.142351112239609,-23.2758055816269
"Background_Purple+Earring_No+Fur_Brown","Fur_Brown","Fur","Brown",3,1314,-0.265241661060423,0.0597450008041874,-0.382341862636631,-0.148141459484216,-23.2979431426943
"Background_Purple+Earring_No+Fur_Brown","Fur_Brown","Fur","Brown",3,1354,-0.261393280386155,0.0578210004866321,-0.374722441339954,-0.148064119432356,-23.0021957200775
"Background_Purple+Earring_No+Fur_Brown","Fur_Brown","Fur","Brown",3,1358,-0.26501571333251,0.0612700800126176,-0.385105070157241,-0.14492635650778,-23.2806105291626
"Background_Purple+Earring_No+Fur_Brown","Fur_Brown","Fur","Brown",3,1371,-0.261997943269499,0.0562357947171621,-0.372220100915137,-0.151775785623861,-23.0487393614003
"Background_Purple+Earring_No+Fur_Brown","Fur_Brown","Fur","Brown",3,1393,-0.26818385237117,0.0587284291427427,-0.383291573490946,-0.153076131251394,-23.5232836079621
"Background_Purple+Earring_No+Fur_Brown","Fur_Brown","Fur","Brown",3,1456,-0.267248982479398,0.0594203665226166,-0.383712900863726,-0.150785064095069,-23.451754398343
"Background_Purple+Earring_No+Fur_Brown","Fur_Brown","Fur","Brown",3,1493,-0.267801818317624,0.0608618865566376,-0.387091115968634,-0.148512520666615,-23.4940613163971
"Background_Purple+Earring_No+Fur_Brown","Fur_Brown","Fur","Brown",3,1497,-0.254707019429914,0.0609101593574892,-0.374090931770593,-0.135323107089235,-22.4856433299837
"Background_Purple+Earring_No+Fur_Brown","Fur_Brown","Fur","Brown",3,1527,-0.262907926560261,0.0590763357657146,-0.378697544661061,-0.14711830845946,-23.1187318719471
"Background_Purple+Earring_No+Fur_Brown","Fur_Brown","Fur","Brown",3,1537,-0.27436996922213,0.0617635263776755,-0.395426480922374,-0.153313457521886,-23.9949172175907
"Background_Purple+Earring_No+Fur_Brown","Fur_Brown","Fur","Brown",3,1538,-0.268223422837774,0.054175510599808,-0.374407423613397,-0.16203942206215,-23.5263097674404
"Background_Purple+Earring_No+Fur_Brown","Fur_Brown","Fur","Brown",3,1589,-0.272216160608641,0.0580157958322254,-0.385927120439803,-0.158505200777479,-23.8310403993242
"Background_Purple+Earring_No+Fur_Brown","Fur_Brown","Fur","Brown",3,1607,-0.26658316092351,0.0605944806248143,-0.385348342948146,-0.147817978898874,-23.4007699549688
"Background_Purple+Earring_No+Fur_Brown","Fur_Brown","Fur","Brown",3,1626,-0.26195727873298,0.0630764391360352,-0.385587099439609,-0.138327458026351,-23.0456101104276
"Background_Purple+Earring_No+Fur_Brown","Fur_Brown","Fur","Brown",3,1642,-0.267726696299063,0.0640516767153845,-0.393267982661217,-0.14218540993691,-23.4883138199723
"Background_Purple+Earring_No+Fur_Brown","Fur_Brown","Fur","Brown",3,1675,-0.266910662642768,0.0536321779813777,-0.372029731486268,-0.161791593799268,-23.4258522270346
"Background_Purple+Earring_No+Fur_Brown","Fur_Brown","Fur","Brown",3,1688,-0.265967947295359,0.0648707249781038,-0.393114568252443,-0.138821326338276,-23.3536305658287
"Background_Purple+Earring_No+Fur_Brown","Fur_Brown","Fur","Brown",3,1707,-0.265847755908436,0.0557398780938789,-0.375097916972439,-0.156597594844433,-23.3444177787461
"Background_Purple+Earring_No+Fur_Brown","Fur_Brown","Fur","Brown",3,1748,-0.267051588630556,0.0653770559768946,-0.39519061834527,-0.138912558915843,-23.4366427540978
"Background_Purple+Earring_No+Fur_Brown","Fur_Brown","Fur","Brown",3,1771,-0.264060877768077,0.0586382850890548,-0.378991916542624,-0.149129838993529,-23.2073211435265
"Background_Purple+Earring_No+Fur_Brown","Fur_Brown","Fur","Brown",3,1787,-0.266012080996376,0.0647718784384698,-0.392964962735776,-0.139059199256975,-23.3570131791372
"Background_Purple+Earring_No+Fur_Brown","Fur_Brown","Fur","Brown",3,1789,-0.272318385936107,0.0510944244082715,-0.37246345777632,-0.172173314095895,-23.8388263981922
"Background_Purple+Earring_No+Fur_Brown","Fur_Brown","Fur","Brown",3,1795,-0.269067978336474,0.055404620297722,-0.377661034120009,-0.160474922552939,-23.5908687773614
"Background_Purple+Earring_No+Fur_Brown","Fur_Brown","Fur","Brown",3,1802,-0.270321365103688,0.0615531026121823,-0.390965446223565,-0.149677283983811,-23.6865789778509
"Background_Purple+Earring_No+Fur_Brown","Fur_Brown","Fur","Brown",3,1823,-0.262437120009294,0.0564631629775204,-0.373104919445234,-0.151769320573354,-23.0825271452233
"Background_Purple+Earring_No+Fur_Brown","Fur_Brown","Fur","Brown",3,1842,-0.263717809035871,0.0638156820809194,-0.388796545914473,-0.138639072157269,-23.1809714569301
"Background_Purple+Earring_No+Fur_Brown","Fur_Brown","Fur","Brown",3,1851,-0.267434721871899,0.058915604213025,-0.382909306129428,-0.15196013761437,-23.4659711026362
"Background_Purple+Earring_No+Fur_Brown","Fur_Brown","Fur","Brown",3,1904,-0.265381950656347,0.0637510646774009,-0.390334037424053,-0.140429863888641,-23.3087028884995
"Background_Purple+Earring_No+Fur_Brown","Fur_Brown","Fur","Brown",3,1905,-0.269916139848289,0.0611648489440072,-0.389799243778543,-0.150033035918035,-23.6556485858621
"Background_Purple+Earring_No+Fur_Brown","Fur_Brown","Fur","Brown",3,1935,-0.264487014767926,0.0620171438526825,-0.386040616719183,-0.142933412816668,-23.2400383737985
"Background_Purple+Earring_No+Fur_Brown","Fur_Brown","Fur","Brown",3,1938,-0.268655718976378,0.0531991924891392,-0.37292613625509,-0.164385301697665,-23.5593619037625
"Background_Purple+Earring_No+Fur_Brown","Fur_Brown","Fur","Brown",3,1944,-0.265678259190246,0.0598192099833772,-0.382923910757666,-0.148432607622827,-23.331423807942
"Background_Purple+Earring_No+Fur_Brown","Fur_Brown","Fur","Brown",3,1949,-0.270407732149869,0.0559825215913299,-0.380133474468875,-0.160681989830862,-23.6931696579957
"Background_Purple+Earring_No+Fur_Brown","Fur_Brown","Fur","Brown",3,1951,-0.262503183635073,0.0545724149148408,-0.369465116868161,-0.155541250401985,-23.0876084245201
"Background_Purple+Earring_No+Fur_Brown","Fur_Brown","Fur","Brown",3,1969,-0.272891225637391,0.0539067779354897,-0.378548510390951,-0.167233940883832,-23.882442048547
"Background_Purple+Earring_No+Fur_Brown","Fur_Brown","Fur","Brown",3,1985,-0.263633773449172,0.057513081915635,-0.376359414003817,-0.150908132894528,-23.1745156535421
"Background_Purple+Earring_No+Fur_Brown","Fur_Brown","Fur","Brown",3,1988,-0.268278794136348,0.0649998223945979,-0.39567844602976,-0.140879142242936,-23.530544097744
"Background_Purple+Earring_No+Fur_Brown","Fur_Brown","Fur","Brown",3,1996,-0.261446851788863,0.0572761810405947,-0.373708166628429,-0.149185536949297,-23.0063204899724
"Background_Purple+Earring_No+Fur_Brown","Fur_Brown","Fur","Brown",3,2061,-0.269877662370174,0.0556383503336955,-0.378928829024218,-0.160826495716131,-23.6527109912361
"Background_Purple+Earring_No+Fur_Brown","Fur_Brown","Fur","Brown",3,2062,-0.264746426129831,0.058598109495134,-0.379598720740293,-0.149894131519368,-23.2599481974548
"Background_Purple+Earring_No+Fur_Brown","Fur_Brown","Fur","Brown",3,2070,-0.264946668465083,0.0607751040923122,-0.384065872486015,-0.145827464444151,-23.2753132662151
"Background_Purple+Earring_No+Fur_Brown","Fur_Brown","Fur","Brown",3,2079,-0.264687230342455,0.0604952899301161,-0.383257998605483,-0.146116462079428,-23.2554053752085
"Background_Purple+Earring_No+Fur_Brown","Fur_Brown","Fur","Brown",3,2100,-0.275214615850663,0.0652760132316022,-0.403155601784603,-0.147273629916723,-24.0590875500717
"Background_Purple+Earring_No+Fur_Brown","Fur_Brown","Fur","Brown",3,2107,-0.269328145363457,0.0572005190982955,-0.381441162796117,-0.157215127930798,-23.6107453281423
"Background_Purple+Earring_No+Fur_Brown","Fur_Brown","Fur","Brown",3,2118,-0.265644579164944,0.0623260731033103,-0.387803682447432,-0.143485475882456,-23.3288415648712
"Background_Purple+Earring_No+Fur_Brown","Fur_Brown","Fur","Brown",3,2137,-0.265879289822465,0.0579622383916182,-0.379485277070036,-0.152273302574893,-23.3468349911733
"Background_Purple+Earring_No+Fur_Brown","Fur_Brown","Fur","Brown",3,2145,-0.268074155079328,0.0587357291550255,-0.383196184223178,-0.152952125935478,-23.514893859127
"Background_Purple+Earring_No+Fur_Brown","Fur_Brown","Fur","Brown",3,2189,-0.270709343431228,0.058300592201235,-0.384978504145649,-0.156440182716808,-23.7161811884286
"Background_Purple+Earring_No+Fur_Brown","Fur_Brown","Fur","Brown",3,2195,-0.268933904067271,0.0481614806349143,-0.363330406111703,-0.174537402022839,-23.5806235921398
"Background_Purple+Earring_No+Fur_Brown","Fur_Brown","Fur","Brown",3,2207,-0.267901575712846,0.053550751485872,-0.372861048625155,-0.162942102800537,-23.501692968896
"Background_Purple+Earring_No+Fur_Brown","Fur_Brown","Fur","Brown",3,2229,-0.26664072959988,0.0589569756993707,-0.382196401970647,-0.151085057229114,-23.4051795443251
"Background_Purple+Earring_No+Fur_Brown","Fur_Brown","Fur","Brown",3,2231,-0.267374848132295,0.0592958321680458,-0.383594679181665,-0.151155017082926,-23.4613885869343
"Background_Purple+Earring_No+Fur_Brown","Fur_Brown","Fur","Brown",3,2239,-0.266342113995972,0.0596162965944443,-0.383190055321083,-0.149494172670861,-23.3823037203895
"Background_Purple+Earring_No+Fur_Brown","Fur_Brown","Fur","Brown",3,2280,-0.263572035397032,0.0604663401643511,-0.38208606211916,-0.145058008674904,-23.1697724513673
"Background_Purple+Earring_No+Fur_Brown","Fur_Brown","Fur","Brown",3,2296,-0.264673208000492,0.0570203332643373,-0.376433061198593,-0.152913354802391,-23.2543292287138
"Background_Purple+Earring_No+Fur_Brown","Fur_Brown","Fur","Brown",3,2354,-0.273505691624299,0.0622055173573317,-0.395428505644669,-0.151582877603929,-23.9291993320633
"Background_Purple+Earring_No+Fur_Brown","Fur_Brown","Fur","Brown",3,2364,-0.281133746150266,0.0649922502086391,-0.408518556559199,-0.153748935741334,-24.507263990032
"Background_Purple+Earring_No+Fur_Brown","Fur_Brown","Fur","Brown",3,2376,-0.269401171544298,0.0612477569481653,-0.389446775162702,-0.149355567925894,-23.6163235399881
"Background_Purple+Earring_No+Fur_Brown","Fur_Brown","Fur","Brown",3,2398,-0.268204019484321,0.0591797469158012,-0.384196323439291,-0.15221171552935,-23.524825907003
"Background_Purple+Earring_No+Fur_Brown","Fur_Brown","Fur","Brown",3,2402,-0.266597495495784,0.0602530051916741,-0.384693385671465,-0.148501605320103,-23.4018679642982
"Background_Purple+Earring_No+Fur_Brown","Fur_Brown","Fur","Brown",3,2411,-0.268748136306586,0.0603338310203382,-0.387002445106448,-0.150493827506723,-23.5664260170265
"Background_Purple+Earring_No+Fur_Brown","Fur_Brown","Fur","Brown",3,2436,-0.266986693235913,0.0561886268975854,-0.377116401955181,-0.156856984516646,-23.4316739835907
"Background_Purple+Earring_No+Fur_Brown","Fur_Brown","Fur","Brown",3,2446,-0.268767061427447,0.050078640625752,-0.366921197053921,-0.170612925800973,-23.5678725179644
"Background_Purple+Earring_No+Fur_Brown","Fur_Brown","Fur","Brown",3,2474,-0.266799694700124,0.0597687510971369,-0.383946446850512,-0.149652942549736,-23.4173544799165
"Background_Purple+Earring_No+Fur_Brown","Fur_Brown","Fur","Brown",3,2486,-0.270838554926987,0.0554364378532668,-0.379493973119389,-0.162183136734584,-23.7260372979843
"Background_Purple+Earring_No+Fur_Brown","Fur_Brown","Fur","Brown",3,2495,-0.268748967898013,0.0538824649706478,-0.374358599240482,-0.163139336555543,-23.5664895785049
"Background_Purple+Earring_No+Fur_Brown","Fur_Brown","Fur","Brown",3,2506,-0.267309352101503,0.0649927392062143,-0.394695120945683,-0.139923583257323,-23.4563754475158
"Background_Purple+Earring_No+Fur_Brown","Fur_Brown","Fur","Brown",3,2528,-0.270123793789662,0.0616141429217541,-0.3908875139163,-0.149360073663024,-23.6715001454584
"Background_Purple+Earring_No+Fur_Brown","Fur_Brown","Fur","Brown",3,2539,-0.270627403037001,0.055060812153258,-0.378546594857387,-0.162708211216615,-23.7099302061415
"Background_Purple+Earring_No+Fur_Brown","Fur_Brown","Fur","Brown",3,2561,-0.268908456108779,0.0576178911114163,-0.381839522687155,-0.155977389530403,-23.5786788502762
"Background_Purple+Earring_No+Fur_Brown","Fur_Brown","Fur","Brown",3,2598,-0.27016216866406,0.0578114908820581,-0.383472690792894,-0.156851646535226,-23.6744291858522
"Background_Purple+Earring_No+Fur_Brown","Fur_Brown","Fur","Brown",3,2659,-0.268103085106317,0.0626330200942609,-0.390863804491069,-0.145342365721566,-23.5171065433052
"Background_Purple+Earring_No+Fur_Brown","Fur_Brown","Fur","Brown",3,2672,-0.268645174197767,0.0585313394328276,-0.38336659948611,-0.153923748909425,-23.5585558499071
"Background_Purple+Earring_No+Fur_Brown","Fur_Brown","Fur","Brown",3,2695,-0.263294967605523,0.0598255908076746,-0.380553125588565,-0.146036809622481,-23.1484823206307
"Background_Purple+Earring_No+Fur_Brown","Fur_Brown","Fur","Brown",3,2710,-0.254699292566496,0.0571498308809249,-0.366712961093109,-0.142685624039883,-22.4850443848228
"Background_Purple+Earring_No+Fur_Brown","Fur_Brown","Fur","Brown",3,2734,-0.263392792715108,0.0608967745103788,-0.38275047075545,-0.144035114674766,-23.1559999610565
"Background_Purple+Earring_No+Fur_Brown","Fur_Brown","Fur","Brown",3,2758,-0.265628530609778,0.0584139822316413,-0.380119935783795,-0.151137125435761,-23.3276110936819
"Background_Purple+Earring_No+Fur_Brown","Fur_Brown","Fur","Brown",3,2806,-0.266079060560456,0.0602913135002455,-0.384250035020937,-0.147908086099974,-23.3621465210678
"Background_Purple+Earring_No+Fur_Brown","Fur_Brown","Fur","Brown",3,2824,-0.271299948244587,0.0597511179329632,-0.388412139393195,-0.154187757095979,-23.7612214771852
"Background_Purple+Earring_No+Fur_Brown","Fur_Brown","Fur","Brown",3,2849,-0.263940964853685,0.055868266705075,-0.373442767595632,-0.154439162111738,-23.1981121574737
"Background_Purple+Earring_No+Fur_Brown","Fur_Brown","Fur","Brown",3,2854,-0.258395664685636,0.059586870744904,-0.375185931345648,-0.141605398025624,-22.7710396075581
"Background_Purple+Earring_No+Fur_Brown","Fur_Brown","Fur","Brown",3,2855,-0.262987058884482,0.0561683235857089,-0.373076973112472,-0.152897144656493,-23.1248154246771
"Background_Purple+Earring_No+Fur_Brown","Fur_Brown","Fur","Brown",3,2862,-0.265890290819694,0.0534535894495663,-0.370659326140844,-0.161121255498544,-23.3476782477909
"Background_Purple+Earring_No+Fur_Brown","Fur_Brown","Fur","Brown",3,2870,-0.263846106534668,0.0570174513141337,-0.37560031111037,-0.152091901958966,-23.1908265139491
"Background_Purple+Earring_No+Fur_Brown","Fur_Brown","Fur","Brown",3,2871,-0.270481458266383,0.0629306704243849,-0.393825572298178,-0.147137344234589,-23.698795256881
"Background_Purple+Earring_No+Fur_Brown","Fur_Brown","Fur","Brown",3,2919,-0.2714269634479,0.0564639572714015,-0.382096319699847,-0.160757607195953,-23.7709043461907
"Background_Purple+Earring_No+Fur_Brown","Fur_Brown","Fur","Brown",3,2955,-0.2650314896216,0.0647617578338914,-0.391964534976028,-0.138098444267173,-23.2818208668823
"Background_Purple+Earring_No+Fur_Brown","Fur_Brown","Fur","Brown",3,2969,-0.269382194119768,0.0585904211806925,-0.384219419633925,-0.154544968605611,-23.6148739607781
"Background_Purple+Earring_No+Fur_Brown","Fur_Brown","Fur","Brown",3,2999,-0.264318606905225,0.0646555045333058,-0.391043395790504,-0.137593818019945,-23.2271103041562
"Background_Purple+Earring_No+Fur_Brown","Fur_Brown","Fur","Brown",3,3015,-0.27269541567288,0.0625786999479423,-0.395349667570847,-0.150041163774913,-23.8675360128983
"Background_Purple+Earring_No+Fur_Brown","Fur_Brown","Fur","Brown",3,3027,-0.263138014737613,0.0593590558445143,-0.379481764192861,-0.146794265282365,-23.1364193078902
"Background_Purple+Earring_No+Fur_Brown","Fur_Brown","Fur","Brown",3,3048,-0.272160112815271,0.0575243290691718,-0.384907797790848,-0.159412427839694,-23.8267711775762
"Background_Purple+Earring_No+Fur_Brown","Fur_Brown","Fur","Brown",3,3071,-0.264922626126427,0.0584272210222072,-0.379439979329953,-0.150405272922901,-23.2734686031385
"Background_Purple+Earring_No+Fur_Brown","Fur_Brown","Fur","Brown",3,3090,-0.269260644737252,0.0606617004820988,-0.388157577682165,-0.150363711792338,-23.6055888315852
"Background_Purple+Earring_No+Fur_Brown","Fur_Brown","Fur","Brown",3,3101,-0.264129389824489,0.0513268462520889,-0.364730008478583,-0.163528771170394,-23.2125821876478
"Background_Purple+Earring_No+Fur_Brown","Fur_Brown","Fur","Brown",3,3107,-0.250527589310331,0.0566921557404385,-0.361644214561591,-0.139410964059072,-22.1609995525895
"Background_Purple+Earring_No+Fur_Brown","Fur_Brown","Fur","Brown",3,3122,-0.270782347809875,0.0596679944983584,-0.387731617026658,-0.153833078593093,-23.721750037944
"Background_Purple+Earring_No+Fur_Brown","Fur_Brown","Fur","Brown",3,3154,-0.265484195588386,0.0560703648207233,-0.375382110637004,-0.155586280539768,-23.3165437841079
"Background_Purple+Earring_No+Fur_Brown","Fur_Brown","Fur","Brown",3,3158,-0.261876427886535,0.0626304051136497,-0.384632021909288,-0.139120833863782,-23.0393880313405
"Background_Purple+Earring_No+Fur_Brown","Fur_Brown","Fur","Brown",3,3168,-0.26802782929015,0.0608923738292881,-0.387376881995555,-0.148678776584745,-23.5113505441518
"Background_Purple+Earring_No+Fur_Brown","Fur_Brown","Fur","Brown",3,3182,-0.266067126300145,0.061826964925086,-0.387247977553313,-0.144886275046976,-23.361231899517
"Background_Purple+Earring_No+Fur_Brown","Fur_Brown","Fur","Brown",3,3223,-0.266568923818027,0.0625809122839611,-0.389227511894591,-0.143910335741463,-23.3996793958875
"Background_Purple+Earring_No+Fur_Brown","Fur_Brown","Fur","Brown",3,3241,-0.26977195959435,0.0622740739325909,-0.391829144502228,-0.147714774686472,-23.6446404443292
"Background_Purple+Earring_No+Fur_Brown","Fur_Brown","Fur","Brown",3,3249,-0.259377571052184,0.0592871779365473,-0.375580439807817,-0.143174702296552,-22.8468339978624
"Background_Purple+Earring_No+Fur_Brown","Fur_Brown","Fur","Brown",3,3273,-0.265890765414314,0.0592162111331839,-0.381954539235354,-0.149826991593273,-23.3477146265618
"Background_Purple+Earring_No+Fur_Brown","Fur_Brown","Fur","Brown",3,3283,-0.265584366733749,0.0609630127748965,-0.385071871772546,-0.146096861694952,-23.3242248690295
"Background_Purple+Earring_No+Fur_Brown","Fur_Brown","Fur","Brown",3,3334,-0.271850825239392,0.0645794102722622,-0.398426469373026,-0.145275181105758,-23.8032081005912
"Background_Purple+Earring_No+Fur_Brown","Fur_Brown","Fur","Brown",3,3360,-0.266472224954778,0.0578408875059015,-0.379840364466345,-0.153104085443211,-23.3922718738169
"Background_Purple+Earring_No+Fur_Brown","Fur_Brown","Fur","Brown",3,3364,-0.266653604372371,0.0561954125850922,-0.376796613039152,-0.15651059570559,-23.4061656788643
"Background_Purple+Earring_No+Fur_Brown","Fur_Brown","Fur","Brown",3,3419,-0.254448168937223,0.0544929497785915,-0.361254350503262,-0.147641987371183,-22.4655761034754
"Background_Purple+Earring_No+Fur_Brown","Fur_Brown","Fur","Brown",3,3421,-0.264819531630417,0.0526650172152819,-0.368042965372369,-0.161596097888464,-23.2655581122965
"Background_Purple+Earring_No+Fur_Brown","Fur_Brown","Fur","Brown",3,3426,-0.265031238253189,0.0584702662119655,-0.379632960028641,-0.150429516477736,-23.2818015823531
"Background_Purple+Earring_No+Fur_Brown","Fur_Brown","Fur","Brown",3,3430,-0.264042105189103,0.0584250726676355,-0.378555247617669,-0.149528962760538,-23.2058795333667
"Background_Purple+Earring_No+Fur_Brown","Fur_Brown","Fur","Brown",3,3431,-0.26848271105977,0.0592201692565303,-0.384554242802569,-0.15241117931697,-23.5461359241547
"Background_Purple+Earring_No+Fur_Brown","Fur_Brown","Fur","Brown",3,3445,-0.268941132668892,0.0562859576981121,-0.379261609757192,-0.158620655580593,-23.5811759953714
"Background_Purple+Earring_No+Fur_Brown","Fur_Brown","Fur","Brown",3,3453,-0.270638949745762,0.062522009086966,-0.393182087556215,-0.148095811935309,-23.710811100273
"Background_Purple+Earring_No+Fur_Brown","Fur_Brown","Fur","Brown",3,3519,-0.266606689433524,0.0591045280008519,-0.382451564315194,-0.150761814551855,-23.4025721995178
"Background_Purple+Earring_No+Fur_Brown","Fur_Brown","Fur","Brown",3,3521,-0.267223050119187,0.058844148077914,-0.382557580351898,-0.151888519886476,-23.4497692959254
"Background_Purple+Earring_No+Fur_Brown","Fur_Brown","Fur","Brown",3,3525,-0.267055015726831,0.0640045149015084,-0.392503864933787,-0.141606166519874,-23.4369051436446
"Background_Purple+Earring_No+Fur_Brown","Fur_Brown","Fur","Brown",3,3526,-0.266559346214972,0.0622299942054417,-0.388530134857638,-0.144588557572306,-23.3989457449096
"Background_Purple+Earring_No+Fur_Brown","Fur_Brown","Fur","Brown",3,3527,-0.27154179145209,0.058005113445403,-0.38523181380508,-0.1578517690991,-23.7796570785669
"Background_Purple+Earring_No+Fur_Brown","Fur_Brown","Fur","Brown",3,3590,-0.267577712467665,0.0615584364489569,-0.388232247907621,-0.146923177027709,-23.4769139666426
"Background_Purple+Earring_No+Fur_Brown","Fur_Brown","Fur","Brown",3,3599,-0.270998659358426,0.0520571469603055,-0.373030667400625,-0.168966651316227,-23.7382481198869
"Background_Purple+Earring_No+Fur_Brown","Fur_Brown","Fur","Brown",3,3621,-0.26807454866304,0.0569738107672218,-0.379743217766795,-0.156405879559285,-23.514923962413
"Background_Purple+Earring_No+Fur_Brown","Fur_Brown","Fur","Brown",3,3629,-0.268886153478623,0.0584113949792228,-0.3833724876379,-0.154399819319346,-23.5769744348082
"Background_Purple+Earring_No+Fur_Brown","Fur_Brown","Fur","Brown",3,3671,-0.268878503191914,0.0589797890744638,-0.384478889777863,-0.153278116605965,-23.5763897745151
"Background_Purple+Earring_No+Fur_Brown","Fur_Brown","Fur","Brown",3,3675,-0.271353225587397,0.0538702819099733,-0.376938978130945,-0.16576747304385,-23.7652831685249
"Background_Purple+Earring_No+Fur_Brown","Fur_Brown","Fur","Brown",3,3742,-0.26986744856119,0.0613090460771143,-0.390033178872334,-0.149701718250046,-23.6519311906274
"Background_Purple+Earring_No+Fur_Brown","Fur_Brown","Fur","Brown",3,3744,-0.242050832013731,0.0523895136863037,-0.344734278838886,-0.139367385188576,-21.4983727420334
"Background_Purple+Earring_No+Fur_Brown","Fur_Brown","Fur","Brown",3,3766,-0.264852565677127,0.0602077544671254,-0.382859764432692,-0.146845366921561,-23.2680929195664
"Background_Purple+Earring_No+Fur_Brown","Fur_Brown","Fur","Brown",3,3809,-0.267727004217663,0.0605481665460099,-0.386401410647843,-0.149052597787484,-23.4883373793399
"Background_Purple+Earring_No+Fur_Brown","Fur_Brown","Fur","Brown",3,3860,-0.268748193256698,0.0579240594413236,-0.382279349761692,-0.155217036751704,-23.566430369927
"Background_Purple+Earring_No+Fur_Brown","Fur_Brown","Fur","Brown",3,3909,-0.256747994555844,0.0613394910560397,-0.376973397025682,-0.136522592086006,-22.6436868675233
"Background_Purple+Earring_No+Fur_Brown","Fur_Brown","Fur","Brown",3,3994,-0.269687460526647,0.0587305427906865,-0.384799324396392,-0.154575596656901,-23.6381882150327
"Background_Purple+Earring_No+Fur_Brown","Fur_Brown","Fur","Brown",3,4038,-0.264985438617977,0.058939114825789,-0.380506103676524,-0.149464773559431,-23.278287836388
"Background_Purple+Earring_No+Fur_Brown","Fur_Brown","Fur","Brown",3,4053,-0.266103995467136,0.0535716646266228,-0.371104458135316,-0.161103532798955,-23.3640574549679
"Background_Purple+Earring_No+Fur_Brown","Fur_Brown","Fur","Brown",3,4067,-0.271887685563145,0.057422673116549,-0.384436124871581,-0.159339246254709,-23.8060166872465
"Background_Purple+Earring_No+Fur_Brown","Fur_Brown","Fur","Brown",3,4116,-0.267993976026716,0.0553130902481219,-0.376407632913035,-0.159580319140397,-23.5087611099219
"Background_Purple+Earring_No+Fur_Brown","Fur_Brown","Fur","Brown",3,4134,-0.266386408616674,0.0556387393709768,-0.375438337783788,-0.157334479449559,-23.3856973970239
"Background_Purple+Earring_No+Fur_Brown","Fur_Brown","Fur","Brown",3,4150,-0.267070463480099,0.0532725087884782,-0.371484580705516,-0.162656346254682,-23.4380878623082
"Background_Purple+Earring_No+Fur_Brown","Fur_Brown","Fur","Brown",3,4153,-0.272530869958402,0.0669050810596564,-0.403664828835328,-0.141396911081475,-23.8550077115057
"Background_Purple+Earring_No+Fur_Brown","Fur_Brown","Fur","Brown",3,4176,-0.266475072395634,0.0595702940300557,-0.383232848694543,-0.149717296096725,-23.3924900094813
"Background_Purple+Earring_No+Fur_Brown","Fur_Brown","Fur","Brown",3,4182,-0.264926769824252,0.0524979061150924,-0.367822665809833,-0.162030873838671,-23.273786534041
"Background_Purple+Earring_No+Fur_Brown","Fur_Brown","Fur","Brown",3,4207,-0.26685959932765,0.0565428809199669,-0.377683645930785,-0.156035552724515,-23.4219419973631
"Background_Purple+Earring_No+Fur_Brown","Fur_Brown","Fur","Brown",3,4219,-0.264211088737668,0.0668373593149123,-0.395212312994897,-0.13320986448044,-23.2188553799689
"Background_Purple+Earring_No+Fur_Brown","Fur_Brown","Fur","Brown",3,4230,-0.269845180955818,0.0561743374973104,-0.379946882450547,-0.15974347946109,-23.6502310830316
"Background_Purple+Earring_No+Fur_Brown","Fur_Brown","Fur","Brown",3,4237,-0.264902335594414,0.0575904529894863,-0.377779623453808,-0.152025047735021,-23.2719117652025
"Background_Purple+Earring_No+Fur_Brown","Fur_Brown","Fur","Brown",3,4245,-0.271045832142518,0.0553275213614089,-0.37948777401088,-0.162603890274157,-23.7418455141927
"Background_Purple+Earring_No+Fur_Brown","Fur_Brown","Fur","Brown",3,4247,-0.265118490358086,0.0555152749312072,-0.373928429223253,-0.15630855149292,-23.2884951146323
"Background_Purple+Earring_No+Fur_Brown","Fur_Brown","Fur","Brown",3,4308,-0.265999289834391,0.0587277715304991,-0.381105722034169,-0.150892857634613,-23.3560328200078
"Background_Purple+Earring_No+Fur_Brown","Fur_Brown","Fur","Brown",3,4321,-0.265206036305437,0.0592194904408313,-0.381276237569467,-0.149135835041408,-23.2952106020391
"Background_Purple+Earring_No+Fur_Brown","Fur_Brown","Fur","Brown",3,4339,-0.267354226170879,0.0582067842936238,-0.381439523386382,-0.153268928955376,-23.4598101943682
"Background_Purple+Earring_No+Fur_Brown","Fur_Brown","Fur","Brown",3,4349,-0.253700105611889,0.0555887820277203,-0.362654118386221,-0.144746092837558,-22.4075537450141
"Background_Purple+Earring_No+Fur_Brown","Fur_Brown","Fur","Brown",3,4379,-0.264357880073649,0.0543632854925311,-0.37090991963901,-0.157805840508288,-23.2301253595779
"Background_Purple+Earring_No+Fur_Brown","Fur_Brown","Fur","Brown",3,4401,-0.263711904743563,0.0621722342936599,-0.385569483959136,-0.14185432552799,-23.1805178935918
"Background_Purple+Earring_No+Fur_Brown","Fur_Brown","Fur","Brown",3,4423,-0.266406499009858,0.0598685169304894,-0.383748792193617,-0.149064205826099,-23.3872365930251
"Background_Purple+Earring_No+Fur_Brown","Fur_Brown","Fur","Brown",3,4453,-0.266556532070687,0.0544438804894217,-0.373266537829954,-0.159846526311421,-23.3987301781873
"Background_Purple+Earring_No+Fur_Brown","Fur_Brown","Fur","Brown",3,4457,-0.263361503490878,0.0586701853260992,-0.378355066730033,-0.148367940251724,-23.1535955342924
"Background_Purple+Earring_No+Fur_Brown","Fur_Brown","Fur","Brown",3,4529,-0.268103847712881,0.0640249515469873,-0.393592752744976,-0.142614942680786,-23.5171648696395
"Background_Purple+Earring_No+Fur_Brown","Fur_Brown","Fur","Brown",3,4537,-0.271333823129832,0.0542386382978698,-0.377641554193656,-0.165026092066007,-23.763804013317
"Background_Purple+Earring_No+Fur_Brown","Fur_Brown","Fur","Brown",3,4549,-0.266078261766517,0.063507503727419,-0.390552969072258,-0.141603554460776,-23.3620853031905
"Background_Purple+Earring_No+Fur_Brown","Fur_Brown","Fur","Brown",3,4574,-0.26953158997296,0.0573491815723795,-0.381935985854824,-0.157127194091096,-23.6262847294719
"Background_Purple+Earring_No+Fur_Brown","Fur_Brown","Fur","Brown",3,4622,-0.268833316448609,0.0615703865130159,-0.389511274014121,-0.148155358883098,-23.5729363624337
"Background_Purple+Earring_No+Fur_Brown","Fur_Brown","Fur","Brown",3,4627,-0.274923407069157,0.064491785927414,-0.401327307486889,-0.148519506651426,-24.0369696691864
"Background_Purple+Earring_No+Fur_Brown","Fur_Brown","Fur","Brown",3,4635,-0.271581044832253,0.0563951886933634,-0.382115614671246,-0.161046474993261,-23.7826489259433
"Background_Purple+Earring_No+Fur_Brown","Fur_Brown","Fur","Brown",3,4647,-0.267175982962392,0.0602838010754655,-0.385332233070304,-0.149019732854479,-23.4461662094213
"Background_Purple+Earring_No+Fur_Brown","Fur_Brown","Fur","Brown",3,4652,-0.272270808824794,0.0560385376993163,-0.382106342715454,-0.162435274934134,-23.8352027833581
"Background_Purple+Earring_No+Fur_Brown","Fur_Brown","Fur","Brown",3,4659,-0.264556609176116,0.0547624443454811,-0.371891000093259,-0.157222218258973,-23.245380252016
"Background_Purple+Earring_No+Fur_Brown","Fur_Brown","Fur","Brown",3,4660,-0.26824167805374,0.0571810056657724,-0.380316449158653,-0.156166906948826,-23.5277057984288
"Background_Purple+Earring_No+Fur_Brown","Fur_Brown","Fur","Brown",3,4676,-0.268589903621473,0.0593777880913417,-0.384970368280502,-0.152209438962443,-23.554330770476
"Background_Purple+Earring_No+Fur_Brown","Fur_Brown","Fur","Brown",3,4710,-0.262584806787387,0.0615848743990085,-0.383291160609444,-0.141878452965331,-23.0938860001713
"Background_Purple+Earring_No+Fur_Brown","Fur_Brown","Fur","Brown",3,4711,-0.264590084887845,0.0645971912718007,-0.391200579780575,-0.137979589995116,-23.2479496245345
"Background_Purple+Earring_No+Fur_Brown","Fur_Brown","Fur","Brown",3,4737,-0.268493098465645,0.0591730736304484,-0.384472322781324,-0.152513874149966,-23.546930077347
"Background_Purple+Earring_No+Fur_Brown","Fur_Brown","Fur","Brown",3,4757,-0.262960554473931,0.06476599104824,-0.389901896928481,-0.13601921201938,-23.1227778662219
"Background_Purple+Earring_No+Fur_Brown","Fur_Brown","Fur","Brown",3,4792,-0.269068797936173,0.0577230818921092,-0.382206038444707,-0.155931557427639,-23.5909314022367
"Background_Purple+Earring_No+Fur_Brown","Fur_Brown","Fur","Brown",3,4804,-0.264453458288683,0.0568119720486597,-0.375804923504056,-0.15310199307331,-23.2374625365217
"Background_Purple+Earring_No+Fur_Brown","Fur_Brown","Fur","Brown",3,4818,-0.265716375540369,0.0602397131232876,-0.383786213262013,-0.147646537818725,-23.3343460785421
"Background_Purple+Earring_No+Fur_Brown","Fur_Brown","Fur","Brown",3,4824,-0.269718357008788,0.0567128670180017,-0.380875576364071,-0.158561137653504,-23.6405474899399
"Background_Purple+Earring_No+Fur_Brown","Fur_Brown","Fur","Brown",3,4835,-0.265084663315096,0.0542795384876714,-0.371472558750932,-0.15869676787926,-23.2859001473689
"Background_Purple+Earring_No+Fur_Brown","Fur_Brown","Fur","Brown",3,4846,-0.26881162071567,0.0600813941374413,-0.386571153225055,-0.151052088206285,-23.5712782032843
"Background_Purple+Earring_No+Fur_Brown","Fur_Brown","Fur","Brown",3,4896,-0.267159680124414,0.0593193153219767,-0.383425538155489,-0.15089382209334,-23.444918154499
"Background_Purple+Earring_No+Fur_Brown","Fur_Brown","Fur","Brown",3,4902,-0.268281195698479,0.0610042284694354,-0.387849483498572,-0.148712907898385,-23.530727743673
"Background_Purple+Earring_No+Fur_Brown","Fur_Brown","Fur","Brown",3,4917,-0.272394632925019,0.0576343912923582,-0.385358039858041,-0.159431225991997,-23.8446332369715
"Background_Purple+Earring_No+Fur_Brown","Fur_Brown","Fur","Brown",3,4919,-0.272929492818193,0.0576995931820227,-0.386020695454957,-0.159838290181428,-23.8853547971676
"Background_Purple+Earring_No+Fur_Brown","Fur_Brown","Fur","Brown",3,4948,-0.299459597285905,0.0524393738457164,-0.402240770023509,-0.1966784245483,-25.8781330949227
"Background_Purple+Earring_No+Fur_Brown","Fur_Brown","Fur","Brown",3,4999,-0.264953586656913,0.0577356335511124,-0.378115428417093,-0.151791744896733,-23.27584406048
"Background_Purple+Earring_No+Fur_Brown","Fur_Brown","Fur","Brown",3,5022,-0.269510070794301,0.0601101079923587,-0.387325882459324,-0.151694259129278,-23.6246412121646
"Background_Purple+Earring_No+Fur_Brown","Fur_Brown","Fur","Brown",3,5023,-0.261182046450933,0.0576010578601696,-0.374080119856866,-0.148283973045001,-22.9859294529428
"Background_Purple+Earring_No+Fur_Brown","Fur_Brown","Fur","Brown",3,5066,-0.265758902446952,0.0611955863097065,-0.385702251613976,-0.145815553279927,-23.3376063623191
"Background_Purple+Earring_No+Fur_Brown","Fur_Brown","Fur","Brown",3,5116,-0.2625887386646,0.0574788132320068,-0.375247212599334,-0.149930264729867,-23.094188384974
"Background_Purple+Earring_No+Fur_Brown","Fur_Brown","Fur","Brown",3,5129,-0.26785922947308,0.0604665333121684,-0.38637363476493,-0.14934482418123,-23.4984534846552
"Background_Purple+Earring_No+Fur_Brown","Fur_Brown","Fur","Brown",3,5142,-0.268897222846958,0.055196233135714,-0.377081839792958,-0.160712605900959,-23.5778203847454
"Background_Purple+Earring_No+Fur_Brown","Fur_Brown","Fur","Brown",3,5161,-0.265975005128509,0.0615919822840738,-0.386695290405293,-0.145254719851724,-23.3541715212067
"Background_Purple+Earring_No+Fur_Brown","Fur_Brown","Fur","Brown",3,5170,-0.264082441531495,0.0608155831642708,-0.383280984533465,-0.144883898529524,-23.2089770648315
"Background_Purple+Earring_No+Fur_Brown","Fur_Brown","Fur","Brown",3,5171,-0.266998521189223,0.060179538714277,-0.384950417069205,-0.14904662530924,-23.4325796248199
"Background_Purple+Earring_No+Fur_Brown","Fur_Brown","Fur","Brown",3,5172,-0.266509222709183,0.0581134865324899,-0.380411656312863,-0.152606789105503,-23.3951061352967
"Background_Purple+Earring_No+Fur_Brown","Fur_Brown","Fur","Brown",3,5187,-0.29145544012786,0.0623282826679702,-0.413618874157082,-0.169292006098638,-25.2824693102666
"Background_Purple+Earring_No+Fur_Brown","Fur_Brown","Fur","Brown",3,5198,-0.269327723760435,0.0602100018126843,-0.387339327313296,-0.151316120207574,-23.6107131221949
"Background_Purple+Earring_No+Fur_Brown","Fur_Brown","Fur","Brown",3,5211,-0.266090808263836,0.0590739152002396,-0.381875682056306,-0.150305934471367,-23.3630468345498
"Background_Purple+Earring_No+Fur_Brown","Fur_Brown","Fur","Brown",3,5250,-0.265186261736418,0.0591607101387526,-0.381141253608373,-0.149231269864463,-23.2936937828898
"Background_Purple+Earring_No+Fur_Brown","Fur_Brown","Fur","Brown",3,5265,-0.265780028887149,0.0588291124279486,-0.381085089245929,-0.15047496852837,-23.3392259486856
"Background_Purple+Earring_No+Fur_Brown","Fur_Brown","Fur","Brown",3,5274,-0.265222747827647,0.0554904408530232,-0.373984011899572,-0.156461483755722,-23.2964924451199
"Background_Purple+Earring_No+Fur_Brown","Fur_Brown","Fur","Brown",3,5275,-0.268391108134949,0.0627509744920459,-0.391383018139359,-0.145399198130539,-23.5391322058159
"Background_Purple+Earring_No+Fur_Brown","Fur_Brown","Fur","Brown",3,5297,-0.265655148201736,0.0588777279575847,-0.381055494998602,-0.15025480140487,-23.3296519008834
"Background_Purple+Earring_No+Fur_Brown","Fur_Brown","Fur","Brown",3,5317,-0.26470542383067,0.0587534783820092,-0.379862241459408,-0.149548606201932,-23.256801614385
"Background_Purple+Earring_No+Fur_Brown","Fur_Brown","Fur","Brown",3,5358,-0.267309481863912,0.057463414595023,-0.379937774470157,-0.154681189257667,-23.4563853800003
"Background_Purple+Earring_No+Fur_Brown","Fur_Brown","Fur","Brown",3,5370,-0.264587452766747,0.0582341891648019,-0.378726463529759,-0.150448442003736,-23.2477476035775
"Background_Purple+Earring_No+Fur_Brown","Fur_Brown","Fur","Brown",3,5384,-0.267896329424325,0.0663666487934836,-0.397974961059553,-0.137817697789097,-23.5012916356532
"Background_Purple+Earring_No+Fur_Brown","Fur_Brown","Fur","Brown",3,5439,-0.266325591301773,0.0550298462834038,-0.374184090017244,-0.158467092586301,-23.3810377791653
"Background_Purple+Earring_No+Fur_Brown","Fur_Brown","Fur","Brown",3,5445,-0.266074741189597,0.0566079417127512,-0.37702630694659,-0.155123175432605,-23.3618154930419
"Background_Purple+Earring_No+Fur_Brown","Fur_Brown","Fur","Brown",3,5449,-0.262604593564007,0.0541593880184651,-0.368756994080199,-0.156452193047815,-23.0954077092148
"Background_Purple+Earring_No+Fur_Brown","Fur_Brown","Fur","Brown",3,5487,-0.263234043060782,0.0608412649100004,-0.382482922284383,-0.143985163837182,-23.1438000342718
"Background_Purple+Earring_No+Fur_Brown","Fur_Brown","Fur","Brown",3,5501,-0.265166653669173,0.0558219476018373,-0.374577670968774,-0.155755636369572,-23.2921897057335
"Background_Purple+Earring_No+Fur_Brown","Fur_Brown","Fur","Brown",3,5543,-0.269783874770821,0.0581667520824542,-0.383790708852431,-0.155777040689211,-23.6455502264927
"Background_Purple+Earring_No+Fur_Brown","Fur_Brown","Fur","Brown",3,5552,-0.271107816598885,0.0551317443741735,-0.379166035572265,-0.163049597625505,-23.7465721879503
"Background_Purple+Earring_No+Fur_Brown","Fur_Brown","Fur","Brown",3,5554,-0.263049904603325,0.0499836516611333,-0.361017861859146,-0.165081947347503,-23.1296465491036
"Background_Purple+Earring_No+Fur_Brown","Fur_Brown","Fur","Brown",3,5610,-0.268462758877342,0.0580666503747674,-0.382273393611886,-0.154652124142798,-23.5446104874935
"Background_Purple+Earring_No+Fur_Brown","Fur_Brown","Fur","Brown",3,5618,-0.26617431251524,0.0635521122940172,-0.390736452611514,-0.141612172418966,-23.369446078768
"Background_Purple+Earring_No+Fur_Brown","Fur_Brown","Fur","Brown",3,5628,-0.265501482993087,0.0692484054945563,-0.401228357762417,-0.129774608223756,-23.3178694305908
"Background_Purple+Earring_No+Fur_Brown","Fur_Brown","Fur","Brown",3,5644,-0.270218305026739,0.0589830649675383,-0.385825112363114,-0.154611497690364,-23.6787137055173
"Background_Purple+Earring_No+Fur_Brown","Fur_Brown","Fur","Brown",3,5645,-0.268721564181236,0.0538040030614124,-0.374177410181604,-0.163265718180867,-23.5643949875334
"Background_Purple+Earring_No+Fur_Brown","Fur_Brown","Fur","Brown",3,5653,-0.268732795196078,0.0596802588108338,-0.385706102465313,-0.151759487926844,-23.5652534321272
"Background_Purple+Earring_No+Fur_Brown","Fur_Brown","Fur","Brown",3,5686,-0.264853724424957,0.058503680886197,-0.379520938961903,-0.150186509888011,-23.2681818324457
"Background_Purple+Earring_No+Fur_Brown","Fur_Brown","Fur","Brown",3,5710,-0.267063970275421,0.0597192662798281,-0.384113732183884,-0.150014208366958,-23.4375907285281
"Background_Purple+Earring_No+Fur_Brown","Fur_Brown","Fur","Brown",3,5722,-0.260236952304584,0.0572611923814453,-0.372468889372217,-0.148005015236951,-22.9131095002469
"Background_Purple+Earring_No+Fur_Brown","Fur_Brown","Fur","Brown",3,5735,-0.263391652417462,0.0615705744167488,-0.38406997827429,-0.142713326560635,-23.1559123359742
"Background_Purple+Earring_No+Fur_Brown","Fur_Brown","Fur","Brown",3,5771,-0.259092238037791,0.0621495070412619,-0.380905271838664,-0.137279204236918,-22.8248165114286
"Background_Purple+Earring_No+Fur_Brown","Fur_Brown","Fur","Brown",3,5819,-0.2706785734122,0.0598818639482756,-0.38804702675082,-0.15331012007358,-23.7138338977593
"Background_Purple+Earring_No+Fur_Brown","Fur_Brown","Fur","Brown",3,5850,-0.26667391849708,0.0598197957105257,-0.38392071808971,-0.149427118904449,-23.407721599763
"Background_Purple+Earring_No+Fur_Brown","Fur_Brown","Fur","Brown",3,5872,-0.261273819611287,0.0583669722150364,-0.375673085152758,-0.146874554069816,-22.9929969532802
"Background_Purple+Earring_No+Fur_Brown","Fur_Brown","Fur","Brown",3,5935,-0.264157636186103,0.0609181334535137,-0.38355717775499,-0.144758094617216,-23.2147511221863
"Background_Purple+Earring_No+Fur_Brown","Fur_Brown","Fur","Brown",3,5938,-0.269327354646761,0.055829620489315,-0.378753410805818,-0.159901298487703,-23.6106849258593
"Background_Purple+Earring_No+Fur_Brown","Fur_Brown","Fur","Brown",3,5995,-0.265593471963658,0.056670915914364,-0.376668467155812,-0.154518476771505,-23.3249230164121
"Background_Purple+Earring_No+Fur_Brown","Fur_Brown","Fur","Brown",3,6005,-0.265130698700576,0.0618892589230388,-0.386433646189732,-0.14382775121142,-23.2894316292402
"Background_Purple+Earring_No+Fur_Brown","Fur_Brown","Fur","Brown",3,6016,-0.262416973796517,0.0623704727501728,-0.384663100386856,-0.140170847206179,-23.0809775338395
"Background_Purple+Earring_No+Fur_Brown","Fur_Brown","Fur","Brown",3,6021,-0.268917502309389,0.0667849493223248,-0.399816002981145,-0.138019001637632,-23.5793701697513
"Background_Purple+Earring_No+Fur_Brown","Fur_Brown","Fur","Brown",3,6023,-0.266765563488928,0.0563842733778555,-0.377278739309525,-0.156252387668331,-23.4147405768607
"Background_Purple+Earring_No+Fur_Brown","Fur_Brown","Fur","Brown",3,6144,-0.266668062221328,0.0641850062161487,-0.392470674404979,-0.140865450037677,-23.4072730529468
"Background_Purple+Earring_No+Fur_Brown","Fur_Brown","Fur","Brown",3,6145,-0.268687612915909,0.0642499024217143,-0.394617421662469,-0.142757804169349,-23.5617998579735
"Background_Purple+Earring_No+Fur_Brown","Fur_Brown","Fur","Brown",3,6146,-0.266840897731426,0.0540881803598544,-0.372853731236741,-0.160828064226112,-23.4205098520511
"Background_Purple+Earring_No+Fur_Brown","Fur_Brown","Fur","Brown",3,6152,-0.263712610110097,0.0563627428120337,-0.374183586021683,-0.153241634198511,-23.1805720794646
"Background_Purple+Earring_No+Fur_Brown","Fur_Brown","Fur","Brown",3,6155,-0.269731437719529,0.0537821857371893,-0.37514452176442,-0.164318353674638,-23.6415463193179
"Background_Purple+Earring_No+Fur_Brown","Fur_Brown","Fur","Brown",3,6183,-0.269593658336091,0.061993176913697,-0.391100285086938,-0.148087031585245,-23.6310249738539
"Background_Purple+Earring_No+Fur_Brown","Fur_Brown","Fur","Brown",3,6191,-0.266825541826241,0.0559287444313172,-0.376445880911623,-0.15720520274086,-23.4193338956324
"Background_Purple+Earring_No+Fur_Brown","Fur_Brown","Fur","Brown",3,6192,-0.268531034260337,0.062185843665,-0.390415287843737,-0.146646780676937,-23.5498303302991
"Background_Purple+Earring_No+Fur_Brown","Fur_Brown","Fur","Brown",3,6208,-0.270921079902236,0.061586475698137,-0.391630572270584,-0.150211587533887,-23.7323315451486
"Background_Purple+Earring_No+Fur_Brown","Fur_Brown","Fur","Brown",3,6216,-0.263422414125075,0.0559447290907502,-0.373074083142946,-0.153770745107205,-23.1582761549729
"Background_Purple+Earring_No+Fur_Brown","Fur_Brown","Fur","Brown",3,6236,-0.265797998927968,0.0579129022415706,-0.379307287321447,-0.15228871053449,-23.3406035335469
"Background_Purple+Earring_No+Fur_Brown","Fur_Brown","Fur","Brown",3,6253,-0.262843822574079,0.0569845464474498,-0.37453353361108,-0.151154111537077,-23.1138033182291
"Background_Purple+Earring_No+Fur_Brown","Fur_Brown","Fur","Brown",3,6255,-0.265898325209455,0.060698027382008,-0.38486645887819,-0.146930191540719,-23.3482940999459
"Background_Purple+Earring_No+Fur_Brown","Fur_Brown","Fur","Brown",3,6276,-0.267293457925898,0.0589632865944768,-0.382861499651073,-0.151725416200723,-23.4551588400373
"Background_Purple+Earring_No+Fur_Brown","Fur_Brown","Fur","Brown",3,6286,-0.268557158367656,0.05852788617921,-0.383271815278908,-0.153842501456405,-23.5518274966489
"Background_Purple+Earring_No+Fur_Brown","Fur_Brown","Fur","Brown",3,6292,-0.270605264371234,0.0559815601674618,-0.380329122299459,-0.160881406443009,-23.7082412270892
"Background_Purple+Earring_No+Fur_Brown","Fur_Brown","Fur","Brown",3,6337,-0.266586583956736,0.0522939915700128,-0.369082807433961,-0.164090360479511,-23.4010321562295
"Background_Purple+Earring_No+Fur_Brown","Fur_Brown","Fur","Brown",3,6346,-0.270303969021042,0.0535891323027324,-0.375338668334398,-0.165269269707687,-23.6852514117246
"Background_Purple+Earring_No+Fur_Brown","Fur_Brown","Fur","Brown",3,6351,-0.266543415343305,0.0612855628532749,-0.386663118535724,-0.146423712150887,-23.3977254136243
"Background_Purple+Earring_No+Fur_Brown","Fur_Brown","Fur","Brown",3,6359,-0.267163365054631,0.0558371568542532,-0.376604192488968,-0.157722537620295,-23.4452002541137
"Background_Purple+Earring_No+Fur_Brown","Fur_Brown","Fur","Brown",3,6361,-0.262220205208274,0.0597158631106626,-0.379263296905173,-0.145177113511375,-23.0658407972115
"Background_Purple+Earring_No+Fur_Brown","Fur_Brown","Fur","Brown",3,6363,-0.264586655364369,0.0620757215935413,-0.38625506968771,-0.142918241041028,-23.2476864011245
"Background_Purple+Earring_No+Fur_Brown","Fur_Brown","Fur","Brown",3,6365,-0.269492929305731,0.0608264597581268,-0.388712790431659,-0.150273068179802,-23.6233320136042
"Background_Purple+Earring_No+Fur_Brown","Fur_Brown","Fur","Brown",3,6387,-0.27008863182999,0.0581058405751414,-0.383976079357267,-0.156201184302713,-23.6688162386393
"Background_Purple+Earring_No+Fur_Brown","Fur_Brown","Fur","Brown",3,6397,-0.268480118700426,0.0584692886885018,-0.38307992452989,-0.153880312870962,-23.5459377280089
"Background_Purple+Earring_No+Fur_Brown","Fur_Brown","Fur","Brown",3,6445,-0.267002018721077,0.0627126530504794,-0.389918818700016,-0.144085218742137,-23.4328474213433
"Background_Purple+Earring_No+Fur_Brown","Fur_Brown","Fur","Brown",3,6467,-0.272708574621424,0.0543044817905375,-0.379145358930878,-0.166271790311971,-23.868537829483
"Background_Purple+Earring_No+Fur_Brown","Fur_Brown","Fur","Brown",3,6489,-0.272997178195883,0.0642679516404403,-0.398962363411146,-0.14703199298062,-23.8905064713274
"Background_Purple+Earring_No+Fur_Brown","Fur_Brown","Fur","Brown",3,6490,-0.268836807834664,0.063200136626182,-0.392709075621981,-0.144964540047347,-23.5732031983521
"Background_Purple+Earring_No+Fur_Brown","Fur_Brown","Fur","Brown",3,6492,-0.274217783768388,0.0552780042426391,-0.38256267208396,-0.165872895452815,-23.9833494693816
"Background_Purple+Earring_No+Fur_Brown","Fur_Brown","Fur","Brown",3,6549,-0.265379664866037,0.0593408253865266,-0.381687682623629,-0.149071647108445,-23.3085275880753
"Background_Purple+Earring_No+Fur_Brown","Fur_Brown","Fur","Brown",3,6615,-0.266900909287902,0.061935464003983,-0.388294418735709,-0.145507399840096,-23.4251053685556
"Background_Purple+Earring_No+Fur_Brown","Fur_Brown","Fur","Brown",3,6635,-0.267261127964675,0.062480812565193,-0.389723520592454,-0.144798735336897,-23.452684108287
"Background_Purple+Earring_No+Fur_Brown","Fur_Brown","Fur","Brown",3,6654,-0.265265647329051,0.0599838206410003,-0.382833935785412,-0.147697358872691,-23.2997829167697
"Background_Purple+Earring_No+Fur_Brown","Fur_Brown","Fur","Brown",3,6661,-0.268759031398495,0.0614699714819545,-0.389240175503126,-0.148277887293864,-23.5672587633036
"Background_Purple+Earring_No+Fur_Brown","Fur_Brown","Fur","Brown",3,6664,-0.263681606894609,0.0548698671841615,-0.371226546575565,-0.156136667213652,-23.1781903932673
"Background_Purple+Earring_No+Fur_Brown","Fur_Brown","Fur","Brown",3,6671,-0.268874970622628,0.0593170866358522,-0.385136460428898,-0.152613480816357,-23.57611980234
"Background_Purple+Earring_No+Fur_Brown","Fur_Brown","Fur","Brown",3,6677,-0.268334058878717,0.0623465058805239,-0.390533210404544,-0.146134907352891,-23.5347700457496
"Background_Purple+Earring_No+Fur_Brown","Fur_Brown","Fur","Brown",3,6695,-0.259058895083419,0.0599982349035779,-0.376655435494432,-0.141462354672406,-22.8222432199065
"Background_Purple+Earring_No+Fur_Brown","Fur_Brown","Fur","Brown",3,6710,-0.2720510857438,0.0628479560858506,-0.395233079672067,-0.148869091815533,-23.8184657807649
"Background_Purple+Earring_No+Fur_Brown","Fur_Brown","Fur","Brown",3,6713,-0.267325762054104,0.064663424212734,-0.394066073511062,-0.140585450597145,-23.4576315144606
"Background_Purple+Earring_No+Fur_Brown","Fur_Brown","Fur","Brown",3,6730,-0.265708695548523,0.0577184849924067,-0.37883692613364,-0.152580464963406,-23.3337572846842
"Background_Purple+Earring_No+Fur_Brown","Fur_Brown","Fur","Brown",3,6748,-0.265901697164443,0.0621622338907429,-0.387739675590299,-0.144063718738587,-23.3485525656122
"Background_Purple+Earring_No+Fur_Brown","Fur_Brown","Fur","Brown",3,6751,-0.268386054304375,0.0611299844509222,-0.388200823828183,-0.148571284780568,-23.5387457845681
"Background_Purple+Earring_No+Fur_Brown","Fur_Brown","Fur","Brown",3,6768,-0.266627742982985,0.058535290419163,-0.381356912204544,-0.151898573761425,-23.4041848302767
"Background_Purple+Earring_No+Fur_Brown","Fur_Brown","Fur","Brown",3,6778,-0.263480428736845,0.0619788897208646,-0.38495905258974,-0.142001804883951,-23.1627339684391
"Background_Purple+Earring_No+Fur_Brown","Fur_Brown","Fur","Brown",3,6782,-0.271772833604293,0.0582189950203277,-0.385882063844136,-0.157663603364451,-23.7972651564547
"Background_Purple+Earring_No+Fur_Brown","Fur_Brown","Fur","Brown",3,6810,-0.268939934036757,0.058643570348955,-0.383881331920709,-0.153998536152806,-23.5810843972584
"Background_Purple+Earring_No+Fur_Brown","Fur_Brown","Fur","Brown",3,6822,-0.265573483031281,0.0605469303242534,-0.384245466466818,-0.146901499595745,-23.3233903481652
"Background_Purple+Earring_No+Fur_Brown","Fur_Brown","Fur","Brown",3,6865,-0.268143166182004,0.0597892578914308,-0.385330111649208,-0.150956220714799,-23.5201719985128
"Background_Purple+Earring_No+Fur_Brown","Fur_Brown","Fur","Brown",3,6868,-0.262988904311181,0.059148102706819,-0.378919185616546,-0.147058623005816,-23.1249572920643
"Background_Purple+Earring_No+Fur_Brown","Fur_Brown","Fur","Brown",3,6871,-0.266718568632658,0.0610088268543502,-0.386295869267185,-0.147141267998132,-23.4111413790305
"Background_Purple+Earring_No+Fur_Brown","Fur_Brown","Fur","Brown",3,6915,-0.261355300046293,0.0608626703257495,-0.380646133884762,-0.142064466207824,-22.9992712617667
"Background_Purple+Earring_No+Fur_Brown","Fur_Brown","Fur","Brown",3,6925,-0.267751744939251,0.0601710458790121,-0.385686994862115,-0.149816495016388,-23.4902303096667
"Background_Purple+Earring_No+Fur_Brown","Fur_Brown","Fur","Brown",3,6929,-0.255335538142103,0.0594466675472517,-0.371851006534716,-0.13882006974949,-22.5343472463494
"Background_Purple+Earring_No+Fur_Brown","Fur_Brown","Fur","Brown",3,6942,-0.267584643178703,0.0580778357848849,-0.381417201317078,-0.153752085040329,-23.4774443242018
"Background_Purple+Earring_No+Fur_Brown","Fur_Brown","Fur","Brown",3,6990,-0.273669821140189,0.0624048998078815,-0.395983424763636,-0.151356217516741,-23.9416837711897
"Background_Purple+Earring_No+Fur_Brown","Fur_Brown","Fur","Brown",3,7009,-0.269417163848014,0.0631475729163083,-0.393186406763979,-0.14564792093205,-23.6175450811733
"Background_Purple+Earring_No+Fur_Brown","Fur_Brown","Fur","Brown",3,7024,-0.264833418230589,0.0601873363425871,-0.382800597462059,-0.146866238999118,-23.2666236854118
"Background_Purple+Earring_No+Fur_Brown","Fur_Brown","Fur","Brown",3,7025,-0.267546490696083,0.0574144600523241,-0.380078832398639,-0.155014148993528,-23.474524743032
"Background_Purple+Earring_No+Fur_Brown","Fur_Brown","Fur","Brown",3,7028,-0.265670238702559,0.0564742049801263,-0.376359680463607,-0.154980796941511,-23.3308088861047
"Background_Purple+Earring_No+Fur_Brown","Fur_Brown","Fur","Brown",3,7042,-0.273186880885461,0.059956640057391,-0.390701895397947,-0.155671866372974,-23.9049432775584
"Background_Purple+Earring_No+Fur_Brown","Fur_Brown","Fur","Brown",3,7059,-0.266854152134905,0.0604322030633755,-0.38530127013912,-0.148407034130689,-23.421524860785
"Background_Purple+Earring_No+Fur_Brown","Fur_Brown","Fur","Brown",3,7073,-0.264887257604905,0.0551908544063883,-0.373061332241426,-0.156713182968384,-23.2707548511711
"Background_Purple+Earring_No+Fur_Brown","Fur_Brown","Fur","Brown",3,7108,-0.267608769262684,0.0609332529756727,-0.387037945095002,-0.148179593430366,-23.4792904915359
"Background_Purple+Earring_No+Fur_Brown","Fur_Brown","Fur","Brown",3,7112,-0.262517251748552,0.0602546408576293,-0.380616347829505,-0.144418155667599,-23.0886904291618
"Background_Purple+Earring_No+Fur_Brown","Fur_Brown","Fur","Brown",3,7124,-0.265775337003111,0.0642282217515386,-0.391662651636126,-0.139888022370095,-23.3388662643797
"Background_Purple+Earring_No+Fur_Brown","Fur_Brown","Fur","Brown",3,7240,-0.271742209060183,0.0637873173045756,-0.396765350977151,-0.146719067143215,-23.7949314467059
"Background_Purple+Earring_No+Fur_Brown","Fur_Brown","Fur","Brown",3,7243,-0.268676008489868,0.0599557796632119,-0.386189336629764,-0.151162680349973,-23.5609128313866
"Background_Purple+Earring_No+Fur_Brown","Fur_Brown","Fur","Brown",3,7294,-0.267976374823821,0.0636083500261592,-0.392648740875093,-0.143304008772549,-23.5074147602579
"Background_Purple+Earring_No+Fur_Brown","Fur_Brown","Fur","Brown",3,7299,-0.264817894287488,0.0636268123230304,-0.389526446440628,-0.140109342134349,-23.2654324715978
"Background_Purple+Earring_No+Fur_Brown","Fur_Brown","Fur","Brown",3,7319,-0.265692173773678,0.0611817299296169,-0.385608364435727,-0.145775983111629,-23.33249061182
"Background_Purple+Earring_No+Fur_Brown","Fur_Brown","Fur","Brown",3,7335,-0.266679338333396,0.0568811132048613,-0.378166320214924,-0.155192356451867,-23.4081367162501
"Background_Purple+Earring_No+Fur_Brown","Fur_Brown","Fur","Brown",3,7337,-0.263679826435886,0.0532040656268504,-0.367959795064513,-0.159399857807259,-23.1780536150845
"Background_Purple+Earring_No+Fur_Brown","Fur_Brown","Fur","Brown",3,7348,-0.267129723352097,0.0650476073650679,-0.39462303378763,-0.139636412916564,-23.4426247769916
"Background_Purple+Earring_No+Fur_Brown","Fur_Brown","Fur","Brown",3,7369,-0.264213899523386,0.0574479666505679,-0.3768119141585,-0.151615884888273,-23.2190711950103
"Background_Purple+Earring_No+Fur_Brown","Fur_Brown","Fur","Brown",3,7410,-0.274120652938236,0.0526927086050279,-0.37739836180409,-0.170842944072381,-23.9759655504129
"Background_Purple+Earring_No+Fur_Brown","Fur_Brown","Fur","Brown",3,7426,-0.268772844002729,0.062480099182898,-0.391233838401209,-0.146311849604249,-23.5683144912176
"Background_Purple+Earring_No+Fur_Brown","Fur_Brown","Fur","Brown",3,7491,-0.26719078307094,0.0583496769384329,-0.381556149870269,-0.152825416271611,-23.4472992060869
"Background_Purple+Earring_No+Fur_Brown","Fur_Brown","Fur","Brown",3,7499,-0.272053934067368,0.0587300175785461,-0.387164768521319,-0.156943099613418,-23.8186827701152
"Background_Purple+Earring_No+Fur_Brown","Fur_Brown","Fur","Brown",3,7506,-0.263965282062984,0.056124673185297,-0.373969641506167,-0.153960922619802,-23.1999797423476
"Background_Purple+Earring_No+Fur_Brown","Fur_Brown","Fur","Brown",3,7516,-0.266223353651744,0.0576725551602856,-0.379261561765904,-0.153185145537584,-23.3732040360752
"Background_Purple+Earring_No+Fur_Brown","Fur_Brown","Fur","Brown",3,7541,-0.268479552929611,0.0601371392122457,-0.386348345785612,-0.150610760073609,-23.5458944725195
"Background_Purple+Earring_No+Fur_Brown","Fur_Brown","Fur","Brown",3,7559,-0.265411044366214,0.0591481086670308,-0.381341337353595,-0.149480751378834,-23.3109340903899
"Background_Purple+Earring_No+Fur_Brown","Fur_Brown","Fur","Brown",3,7563,-0.257751337591138,0.0648941573775926,-0.38494388605122,-0.130558789131057,-22.7212628613663
"Background_Purple+Earring_No+Fur_Brown","Fur_Brown","Fur","Brown",3,7568,-0.263824743461081,0.0626480277817667,-0.386614877913344,-0.141034609008819,-23.1891856163966
"Background_Purple+Earring_No+Fur_Brown","Fur_Brown","Fur","Brown",3,7592,-0.26445945473204,0.063119773748722,-0.388174211279535,-0.140744698184545,-23.2379228373494
"Background_Purple+Earring_No+Fur_Brown","Fur_Brown","Fur","Brown",3,7610,-0.266190221928451,0.0582593900010926,-0.380378626330593,-0.15200181752631,-23.3706652162171
"Background_Purple+Earring_No+Fur_Brown","Fur_Brown","Fur","Brown",3,7636,-0.265470673822598,0.061001647298146,-0.385033902526964,-0.145907445118232,-23.3155068813628
"Background_Purple+Earring_No+Fur_Brown","Fur_Brown","Fur","Brown",3,7679,-0.263041223418719,0.0580278519166671,-0.376775813175387,-0.149306633662052,-23.128979220478
"Background_Purple+Earring_No+Fur_Brown","Fur_Brown","Fur","Brown",3,7685,-0.262117853166665,0.0563997587922098,-0.372661380399397,-0.151574325933934,-23.0579660259551
"Background_Purple+Earring_No+Fur_Brown","Fur_Brown","Fur","Brown",3,7686,-0.265281277441272,0.0575579193934158,-0.378094799452367,-0.152467755430177,-23.3009817404011
"Background_Purple+Earring_No+Fur_Brown","Fur_Brown","Fur","Brown",3,7701,-0.26711419993855,0.0575421302123145,-0.379896775154687,-0.154331624722414,-23.4414363359716
"Background_Purple+Earring_No+Fur_Brown","Fur_Brown","Fur","Brown",3,7704,-0.272140134148915,0.056023326187615,-0.381945853476641,-0.16233441482119,-23.82524932285
"Background_Purple+Earring_No+Fur_Brown","Fur_Brown","Fur","Brown",3,7801,-0.262184623634147,0.0577497674335289,-0.375374167803864,-0.148995079464431,-23.0631033100212
"Background_Purple+Earring_No+Fur_Brown","Fur_Brown","Fur","Brown",3,7818,-0.269229917683943,0.0554371278878423,-0.377886688344114,-0.160573147023772,-23.6032414203764
"Background_Purple+Earring_No+Fur_Brown","Fur_Brown","Fur","Brown",3,7854,-0.270168945380658,0.0641561558999584,-0.395915010944576,-0.144422879816739,-23.6749464208622
"Background_Purple+Earring_No+Fur_Brown","Fur_Brown","Fur","Brown",3,7859,-0.265700968474556,0.0562137146649108,-0.375879849217782,-0.155522087731331,-23.3331648766671
"Background_Purple+Earring_No+Fur_Brown","Fur_Brown","Fur","Brown",3,7870,-0.26583239575043,0.0673303358858443,-0.397799854086685,-0.133864937414175,-23.3432403278482
"Background_Purple+Earring_No+Fur_Brown","Fur_Brown","Fur","Brown",3,7901,-0.269211360636774,0.0543591126641902,-0.375755221458587,-0.162667499814961,-23.6018237089696
"Background_Purple+Earring_No+Fur_Brown","Fur_Brown","Fur","Brown",3,7926,-0.266352834311799,0.0620006073980108,-0.387874024811901,-0.144831643811698,-23.383125081889
"Background_Purple+Earring_No+Fur_Brown","Fur_Brown","Fur","Brown",3,7952,-0.262287637695129,0.0570393617758354,-0.374084786775767,-0.150490488614492,-23.0710284839794
"Background_Purple+Earring_No+Fur_Brown","Fur_Brown","Fur","Brown",3,7956,-0.269137591575315,0.0605014901977329,-0.387720512362872,-0.150554670787759,-23.5961876793277
"Background_Purple+Earring_No+Fur_Brown","Fur_Brown","Fur","Brown",3,7963,-0.266399454094809,0.0631389720018248,-0.390151839218386,-0.142647068971233,-23.3866968607141
"Background_Purple+Earring_No+Fur_Brown","Fur_Brown","Fur","Brown",3,7974,-0.267004196181076,0.058576193442182,-0.381813535327753,-0.152194857034399,-23.4330141430738
"Background_Purple+Earring_No+Fur_Brown","Fur_Brown","Fur","Brown",3,8029,-0.269314000617323,0.0614516102434242,-0.389759156694434,-0.148868844540211,-23.6096648138858
"Background_Purple+Earring_No+Fur_Brown","Fur_Brown","Fur","Brown",3,8074,-0.262580196928375,0.0587656575554536,-0.377760885737064,-0.147399508119686,-23.0935314730114
"Background_Purple+Earring_No+Fur_Brown","Fur_Brown","Fur","Brown",3,8076,-0.265336079437131,0.0624120406101935,-0.38766367903311,-0.143008479841152,-23.3051848845108
"Background_Purple+Earring_No+Fur_Brown","Fur_Brown","Fur","Brown",3,8094,-0.263223510381464,0.05883533900504,-0.378540774831343,-0.147906245931586,-23.1429905283008
"Background_Purple+Earring_No+Fur_Brown","Fur_Brown","Fur","Brown",3,8109,-0.266226952468484,0.0590739152323956,-0.38201182632398,-0.150442078612989,-23.3734798013751
"Background_Purple+Earring_No+Fur_Brown","Fur_Brown","Fur","Brown",3,8141,-0.266870890805544,0.0579048216998942,-0.380364341337337,-0.153377440273752,-23.4228066719306
"Background_Purple+Earring_No+Fur_Brown","Fur_Brown","Fur","Brown",3,8155,-0.266362282706124,0.0635520327051071,-0.390924266808134,-0.141800298604114,-23.3838489849152
"Background_Purple+Earring_No+Fur_Brown","Fur_Brown","Fur","Brown",3,8158,-0.26989814871491,0.0527494331927097,-0.37328703777262,-0.166509259657199,-23.6542750520974
"Background_Purple+Earring_No+Fur_Brown","Fur_Brown","Fur","Brown",3,8159,-0.272748213276492,0.0563253556903663,-0.38314591042961,-0.162350516123374,-23.8715555184428
"Background_Purple+Earring_No+Fur_Brown","Fur_Brown","Fur","Brown",3,8167,-0.263534792703664,0.0566784130630444,-0.374624482307231,-0.152445103100097,-23.1669110334782
"Background_Purple+Earring_No+Fur_Brown","Fur_Brown","Fur","Brown",3,8191,-0.263924831539847,0.0526877185568597,-0.367192759911292,-0.160656903168402,-23.1968730785186
"Background_Purple+Earring_No+Fur_Brown","Fur_Brown","Fur","Brown",3,8194,-0.265680583052258,0.0587751793048122,-0.38087993448969,-0.150481231614827,-23.3316019749268
"Background_Purple+Earring_No+Fur_Brown","Fur_Brown","Fur","Brown",3,8204,-0.271342897191588,0.0625059646621934,-0.393854587929487,-0.148831206453689,-23.7644957821289
"Background_Purple+Earring_No+Fur_Brown","Fur_Brown","Fur","Brown",3,8216,-0.266072100490051,0.0583972641888314,-0.380530738300161,-0.151613462679942,-23.3616131143556
"Background_Purple+Earring_No+Fur_Brown","Fur_Brown","Fur","Brown",3,8247,-0.267005975117081,0.0573246901855792,-0.379362367880816,-0.154649582353345,-23.4331503507206
"Background_Purple+Earring_No+Fur_Brown","Fur_Brown","Fur","Brown",3,8248,-0.270494804296123,0.057944668261791,-0.384066354089233,-0.156923254503012,-23.6998135682334
"Background_Purple+Earring_No+Fur_Brown","Fur_Brown","Fur","Brown",3,8253,-0.270763778078412,0.0622210320868713,-0.39271700096868,-0.148810555188144,-23.720333558174
"Background_Purple+Earring_No+Fur_Brown","Fur_Brown","Fur","Brown",3,8261,-0.26776466926553,0.0622105706891222,-0.38969738781621,-0.145831950714851,-23.4912191405037
"Background_Purple+Earring_No+Fur_Brown","Fur_Brown","Fur","Brown",3,8275,-0.265504886697956,0.0595278966486739,-0.382179564129357,-0.148830209266556,-23.3181304334879
"Background_Purple+Earring_No+Fur_Brown","Fur_Brown","Fur","Brown",3,8278,-0.268676654661745,0.0577684089531323,-0.381902736209885,-0.155450573113606,-23.560962224159
"Background_Purple+Earring_No+Fur_Brown","Fur_Brown","Fur","Brown",3,8293,-0.267715349698218,0.057404584712957,-0.380228335735614,-0.155202363660823,-23.4874456674839
"Background_Purple+Earring_No+Fur_Brown","Fur_Brown","Fur","Brown",3,8310,-0.268874844402055,0.0552493761597781,-0.37716362167522,-0.16058606712889,-23.5761101560734
"Background_Purple+Earring_No+Fur_Brown","Fur_Brown","Fur","Brown",3,8313,-0.267762397113367,0.0504335023617212,-0.36661206174234,-0.168912732484393,-23.4910453007143
"Background_Purple+Earring_No+Fur_Brown","Fur_Brown","Fur","Brown",3,8322,-0.262347197998137,0.0570994281250046,-0.374262077123146,-0.150432318873128,-23.0756102603856
"Background_Purple+Earring_No+Fur_Brown","Fur_Brown","Fur","Brown",3,8329,-0.2640976487903,0.0576885110587428,-0.377167130465436,-0.151028167115164,-23.2101448369119
"Background_Purple+Earring_No+Fur_Brown","Fur_Brown","Fur","Brown",3,8341,-0.258604243385562,0.0585862192295327,-0.373433233075446,-0.143775253695678,-22.7871462439043
"Background_Purple+Earring_No+Fur_Brown","Fur_Brown","Fur","Brown",3,8347,-0.272021766091941,0.0555261037370901,-0.380852929416638,-0.163190602767245,-23.8162321319587
"Background_Purple+Earring_No+Fur_Brown","Fur_Brown","Fur","Brown",3,8427,-0.266534135510688,0.057800417402285,-0.379822953619166,-0.153245317402209,-23.3970145540397
"Background_Purple+Earring_No+Fur_Brown","Fur_Brown","Fur","Brown",3,8434,-0.264292072319137,0.0594322229936995,-0.380779229386788,-0.147804915251486,-23.2250731402778
"Background_Purple+Earring_No+Fur_Brown","Fur_Brown","Fur","Brown",3,8435,-0.269770048939172,0.0552778163008836,-0.378114568888904,-0.16142552898944,-23.6444945554267
"Background_Purple+Earring_No+Fur_Brown","Fur_Brown","Fur","Brown",3,8436,-0.260964002642505,0.0567466213499238,-0.372187380488356,-0.149740624796654,-22.9691351808211
"Background_Purple+Earring_No+Fur_Brown","Fur_Brown","Fur","Brown",3,8439,-0.263621347364339,0.059198395074079,-0.379650201709534,-0.147592493019144,-23.173561007625
"Background_Purple+Earring_No+Fur_Brown","Fur_Brown","Fur","Brown",3,8461,-0.262569711730185,0.0510816330746545,-0.362689712556507,-0.162449710903862,-23.0927250892192
"Background_Purple+Earring_No+Fur_Brown","Fur_Brown","Fur","Brown",3,8466,-0.265954773028865,0.0604375858513797,-0.384412441297569,-0.14749710476016,-23.3526207994805
"Background_Purple+Earring_No+Fur_Brown","Fur_Brown","Fur","Brown",3,8482,-0.264607291590882,0.062484916349365,-0.387077727635637,-0.142136855546127,-23.2492702629108
"Background_Purple+Earring_No+Fur_Brown","Fur_Brown","Fur","Brown",3,8594,-0.268563376066188,0.0617748044344341,-0.389641992757679,-0.147484759374698,-23.5523028268611
"Background_Purple+Earring_No+Fur_Brown","Fur_Brown","Fur","Brown",3,8610,-0.263531729979841,0.0610489944711648,-0.383187759143324,-0.143875700816358,-23.1666757145858
"Background_Purple+Earring_No+Fur_Brown","Fur_Brown","Fur","Brown",3,8615,-0.270113380740648,0.0584413319399378,-0.384658391342926,-0.15556837013837,-23.6707053289101
"Background_Purple+Earring_No+Fur_Brown","Fur_Brown","Fur","Brown",3,8619,-0.26736976643741,0.0578173386976255,-0.380691750284755,-0.154047782590064,-23.4609996400759
"Background_Purple+Earring_No+Fur_Brown","Fur_Brown","Fur","Brown",3,8630,-0.260955054549845,0.0542191300599037,-0.367224549467257,-0.154685559632434,-22.9684458984212
"Background_Purple+Earring_No+Fur_Brown","Fur_Brown","Fur","Brown",3,8634,-0.268041862828999,0.0617331157191626,-0.389038769638558,-0.14704495601944,-23.5124239430537
"Background_Purple+Earring_No+Fur_Brown","Fur_Brown","Fur","Brown",3,8639,-0.265766498516823,0.0617533352125439,-0.386803035533409,-0.144729961500237,-23.338188693006
"Background_Purple+Earring_No+Fur_Brown","Fur_Brown","Fur","Brown",3,8646,-0.267715030485762,0.0603803691279419,-0.386060553976528,-0.149369506994996,-23.4874212437196
"Background_Purple+Earring_No+Fur_Brown","Fur_Brown","Fur","Brown",3,8667,-0.264063749516531,0.0584550447733611,-0.378635637272318,-0.149491861760743,-23.2075416724666
"Background_Purple+Earring_No+Fur_Brown","Fur_Brown","Fur","Brown",3,8709,-0.262681208029996,0.0602401744267308,-0.380751949906388,-0.144610466153603,-23.1012994877846
"Background_Purple+Earring_No+Fur_Brown","Fur_Brown","Fur","Brown",3,8734,-0.272306750961025,0.0559488751236622,-0.381966546203403,-0.162646955718647,-23.83794025968
"Background_Purple+Earring_No+Fur_Brown","Fur_Brown","Fur","Brown",3,8744,-0.271794439629258,0.0630465141378803,-0.395365607339503,-0.148223271919012,-23.7989115768597
"Background_Purple+Earring_No+Fur_Brown","Fur_Brown","Fur","Brown",3,8757,-0.268623159112756,0.0533624615904166,-0.373213583829973,-0.16403273439554,-23.5568729664914
"Background_Purple+Earring_No+Fur_Brown","Fur_Brown","Fur","Brown",3,8786,-0.265379812890258,0.0574475677396448,-0.377977045659962,-0.152782580120554,-23.30853894027
"Background_Purple+Earring_No+Fur_Brown","Fur_Brown","Fur","Brown",3,8812,-0.270990657107616,0.0512491159317496,-0.371438924333845,-0.170542389881387,-23.7376378517794
"Background_Purple+Earring_No+Fur_Brown","Fur_Brown","Fur","Brown",3,8822,-0.26834528586576,0.0600949095589777,-0.386131308601357,-0.150559263130164,-23.5356285150765
"Background_Purple+Earring_No+Fur_Brown","Fur_Brown","Fur","Brown",3,8863,-0.270647165113411,0.0624173038173982,-0.392985080595512,-0.148309249631311,-23.7114378414331
"Background_Purple+Earring_No+Fur_Brown","Fur_Brown","Fur","Brown",3,8868,-0.266261940539284,0.0628438869193569,-0.389435958901223,-0.143087922177344,-23.3761607685877
"Background_Purple+Earring_No+Fur_Brown","Fur_Brown","Fur","Brown",3,8915,-0.267226761193584,0.0538908969553102,-0.372852919225992,-0.161600603161176,-23.4500533789995
"Background_Purple+Earring_No+Fur_Brown","Fur_Brown","Fur","Brown",3,8916,-0.263609853631614,0.0555381273832768,-0.372464583302837,-0.154755123960391,-23.1726779799944
"Background_Purple+Earring_No+Fur_Brown","Fur_Brown","Fur","Brown",3,8930,-0.269619802460161,0.0534646518752464,-0.374410520135644,-0.164829084784678,-23.6330215477126
"Background_Purple+Earring_No+Fur_Brown","Fur_Brown","Fur","Brown",3,8937,-0.272488479930623,0.0592175823611486,-0.388554941358474,-0.156422018502771,-23.8517798547533
"Background_Purple+Earring_No+Fur_Brown","Fur_Brown","Fur","Brown",3,8972,-0.267094999091322,0.0619429059289758,-0.388503094712114,-0.145686903470529,-23.439966332574
"Background_Purple+Earring_No+Fur_Brown","Fur_Brown","Fur","Brown",3,8977,-0.266204749967339,0.0590339429127165,-0.381911278076264,-0.150498221858415,-23.371778482086
"Background_Purple+Earring_No+Fur_Brown","Fur_Brown","Fur","Brown",3,9007,-0.267286668232127,0.0588727643981348,-0.382677286452471,-0.151896050011782,-23.4546391222417
"Background_Purple+Earring_No+Fur_Brown","Fur_Brown","Fur","Brown",3,9017,-0.26949928317396,0.0575118698033658,-0.382222547988557,-0.156776018359363,-23.6238172993466
"Background_Purple+Earring_No+Fur_Brown","Fur_Brown","Fur","Brown",3,9039,-0.269547849720771,0.0569198620083911,-0.381110779257217,-0.157984920184324,-23.6275265367258
"Background_Purple+Earring_No+Fur_Brown","Fur_Brown","Fur","Brown",3,9048,-0.267493572740171,0.0660755343725005,-0.397001620110272,-0.137985525370071,-23.4704750641568
"Background_Purple+Earring_No+Fur_Brown","Fur_Brown","Fur","Brown",3,9067,-0.267188476476846,0.0615059860145448,-0.387740209065354,-0.146636743888338,-23.4471226298757
"Background_Purple+Earring_No+Fur_Brown","Fur_Brown","Fur","Brown",3,9071,-0.266641937164986,0.0553467417086025,-0.375121550913847,-0.158162323416125,-23.4052720375017
"Background_Purple+Earring_No+Fur_Brown","Fur_Brown","Fur","Brown",3,9088,-0.265358393506821,0.062762185228273,-0.388372276554237,-0.142344510459406,-23.3068962388665
"Background_Purple+Earring_No+Fur_Brown","Fur_Brown","Fur","Brown",3,9113,-0.267819511334445,0.0540183044152192,-0.373695387988275,-0.161943634680615,-23.4954149252824
"Background_Purple+Earring_No+Fur_Brown","Fur_Brown","Fur","Brown",3,9157,-0.269931249971329,0.0643187227913366,-0.395995946642348,-0.143866553300309,-23.6568021496901
"Background_Purple+Earring_No+Fur_Brown","Fur_Brown","Fur","Brown",3,9177,-0.264667245532631,0.0600531862197609,-0.382371490523362,-0.1469630005419,-23.2538716337541
"Background_Purple+Earring_No+Fur_Brown","Fur_Brown","Fur","Brown",3,9195,-0.267892150352634,0.059406387882585,-0.3843286706025,-0.151455630102767,-23.5009719413986
"Background_Purple+Earring_No+Fur_Brown","Fur_Brown","Fur","Brown",3,9219,-0.268093254032684,0.0549764197742086,-0.375847036790133,-0.160339471275235,-23.5163546306519
"Background_Purple+Earring_No+Fur_Brown","Fur_Brown","Fur","Brown",3,9242,-0.272101063807396,0.0582032689629383,-0.386179470974755,-0.158022656640037,-23.8222730911851
"Background_Purple+Earring_No+Fur_Brown","Fur_Brown","Fur","Brown",3,9249,-0.27431919964855,0.0584901368177956,-0.388959867811429,-0.15967853148567,-23.9910583739928
