"treatment","k","row_id","cate_log","cate_se_log","cate_lo_log","cate_hi_log","cate_pct"
"Clothes_No+Fur_Brown",2,1,-0.0559391181084084,0.0459233252111313,-0.145948835522226,0.0340705993054089,-5.44032961460313
"Clothes_No+Fur_Brown",2,2,-0.0452407662682155,0.0569546430434305,-0.156871866633339,0.0663903340969082,-4.42326624064279
"Clothes_No+Fur_Brown",2,3,-0.0493163455765856,0.0573304607430053,-0.161684048632876,0.0630513574797048,-4.81200409504706
"Clothes_No+Fur_Brown",2,4,-0.0594147678884829,0.0422576736791497,-0.142239808299616,0.0234102725226505,-5.76841542621572
"Clothes_No+Fur_Brown",2,5,-0.0517598338648044,0.0559279677886169,-0.161378650730494,0.0578589830008847,-5.04431091314027
"Clothes_No+Fur_Brown",2,6,-0.0494934504853217,0.0585508298169541,-0.164253076926552,0.0652661759559083,-4.8288608636223
"Clothes_No+Fur_Brown",2,7,-0.060591311059366,0.0481440824722505,-0.154953712704977,0.033771090586245,-5.87921775888205
"Clothes_No+Fur_Brown",2,8,-0.0554458881652672,0.0462673121961257,-0.146129820069674,0.0352380437391391,-5.39367844982558
"Clothes_No+Fur_Brown",2,10,-0.0590820727601739,0.0444889901558157,-0.146280493465573,0.028116347945225,-5.73705982145593
"Clothes_No+Fur_Brown",2,11,-0.0554048278090652,0.0511816453328003,-0.155720852661354,0.0449111970432234,-5.38979380081178
"Clothes_No+Fur_Brown",2,12,-0.0579989757238733,0.0450221840020716,-0.146242456367934,0.030244504920187,-5.63490860045933
"Clothes_No+Fur_Brown",2,13,-0.0492543697983297,0.0542225253700795,-0.155530519523685,0.057021779927026,-4.80610456210805
"Clothes_No+Fur_Brown",2,14,-0.0527688752000493,0.0454470975510921,-0.14184518640019,0.0363074360000912,-5.1400768044487
"Clothes_No+Fur_Brown",2,15,-0.0586790538845262,0.0467919821742917,-0.150391338946138,0.0330332311770855,-5.69906242096943
"Clothes_No+Fur_Brown",2,16,-0.058303630677047,0.0494108277420402,-0.155148853051446,0.0385415916973517,-5.66365301417456
"Clothes_No+Fur_Brown",2,18,-0.0527725625727731,0.0582894516349021,-0.167019887777181,0.061474762631635,-5.14042658769718
"Clothes_No+Fur_Brown",2,19,-0.0590650406551819,0.0456706629254502,-0.148579539989064,0.0304494586787005,-5.73545431148939
"Clothes_No+Fur_Brown",2,21,-0.0617140983619487,0.0471775116036439,-0.154182021105091,0.0307538243811933,-5.98483607354456
"Clothes_No+Fur_Brown",2,22,-0.0576352074608595,0.0450666956756118,-0.145965930985059,0.0306955160633396,-5.60057533077345
"Clothes_No+Fur_Brown",2,23,-0.0564139071637763,0.0474058315356038,-0.14932933697356,0.0365015226460072,-5.48521485482772
"Clothes_No+Fur_Brown",2,24,-0.0512912863861012,0.0558082489878418,-0.160675454402271,0.0580928816300688,-4.99980923967079
"Clothes_No+Fur_Brown",2,25,-0.046360775990952,0.0548980729515553,-0.153960998976,0.0612394469940963,-4.53025318732652
"Clothes_No+Fur_Brown",2,27,-0.0557839328275828,0.0487268111306362,-0.15128848264363,0.0397206169884642,-5.42565420692542
"Clothes_No+Fur_Brown",2,28,-0.0523932017918404,0.0534097310722927,-0.157076274693534,0.0522898711098534,-5.10443375914643
"Clothes_No+Fur_Brown",2,29,-0.0500348823430532,0.0538878883662719,-0.155655143540946,0.0555853788548397,-4.8803756031683
"Clothes_No+Fur_Brown",2,30,-0.0515263520280001,0.0542574521186978,-0.157870958180648,0.0548182541246474,-5.0221378960396
"Clothes_No+Fur_Brown",2,31,-0.06099452425669,0.0460779269964685,-0.151307261169768,0.0293182126563881,-5.91716085033245
"Clothes_No+Fur_Brown",2,32,-0.0549234025650604,0.0483202650425255,-0.14963112204841,0.0397843169182895,-5.34423509353104
"Clothes_No+Fur_Brown",2,33,-0.0561947695064226,0.047674658892945,-0.149637100936595,0.0372475619237497,-5.46450083669792
"Clothes_No+Fur_Brown",2,35,-0.0539776846299864,0.0451494716753569,-0.142470649113686,0.034515279853713,-5.25467509642815
"Clothes_No+Fur_Brown",2,37,-0.0548522733601784,0.0441290258792012,-0.141345164083413,0.0316406173630559,-5.33750206478109
"Clothes_No+Fur_Brown",2,38,-0.0566134157304045,0.0448375259450904,-0.144494966582782,0.0312681351219728,-5.50406948324472
"Clothes_No+Fur_Brown",2,39,-0.055123418405329,0.0484853529427607,-0.15015471017314,0.039907873362482,-5.36316585259612
"Clothes_No+Fur_Brown",2,40,-0.047400564968557,0.0564955548862096,-0.158131852545528,0.0633307226084138,-4.62946998655085
"Clothes_No+Fur_Brown",2,41,-0.0574022026819488,0.0417826678910585,-0.139296231748424,0.024491826384526,-5.57857725096976
"Clothes_No+Fur_Brown",2,42,-0.0530842350947116,0.0526129293605161,-0.156205576641323,0.0500371064519,-5.16998710333309
"Clothes_No+Fur_Brown",2,43,-0.0571460032635579,0.048930974463488,-0.153050713211994,0.0387587066848786,-5.55438343828979
"Clothes_No+Fur_Brown",2,44,-0.0458996761384476,0.0536018738741126,-0.150959348931708,0.0591599966548131,-4.4862219505343
"Clothes_No+Fur_Brown",2,45,-0.0515160766036217,0.0616551408064462,-0.172360152584256,0.0693279993770129,-5.02116195318583
"Clothes_No+Fur_Brown",2,46,-0.048792014430154,0.0569596842307376,-0.1604329955224,0.0628489666620917,-4.7620809770486
"Clothes_No+Fur_Brown",2,47,-0.0541330107116771,0.0426544399127898,-0.137735712940745,0.029469691517391,-5.26939037364117
"Clothes_No+Fur_Brown",2,48,-0.0553887029289913,0.0460093705053997,-0.145567069119575,0.0347896632615922,-5.3882682102831
"Clothes_No+Fur_Brown",2,49,-0.0500061446661684,0.0586681484459951,-0.164995715620319,0.0649834262879819,-4.87764204685914
"Clothes_No+Fur_Brown",2,50,-0.0536572764385467,0.0465754638591436,-0.144945185602468,0.0376306327253748,-5.22431305436469
"Clothes_No+Fur_Brown",2,51,-0.0577226316619665,0.0416153959007853,-0.139288807627506,0.0238435443035728,-5.60882776432365
"Clothes_No+Fur_Brown",2,52,-0.0530117181401688,0.0461489312456548,-0.143463623381652,0.0374401871013147,-5.16311007025083
"Clothes_No+Fur_Brown",2,53,-0.0553328595765984,0.0479635680831841,-0.149341453019639,0.0386757338664424,-5.38298462647913
"Clothes_No+Fur_Brown",2,54,-0.0470586573816739,0.0554348067364802,-0.155710878585175,0.0615935638218273,-4.59685650369329
"Clothes_No+Fur_Brown",2,55,-0.0583396343297563,0.0473175331641441,-0.151081999331479,0.034402730671966,-5.66704940610768
"Clothes_No+Fur_Brown",2,57,-0.0568041417559819,0.0486421110151812,-0.152142679345737,0.0385343958337732,-5.52209059790301
"Clothes_No+Fur_Brown",2,58,-0.0541760230961462,0.0556878824416714,-0.163324272681822,0.0549722264895297,-5.27346487541577
"Clothes_No+Fur_Brown",2,59,-0.0561599999722038,0.0486621167249544,-0.151537748753115,0.0392177488087068,-5.46121382428125
"Clothes_No+Fur_Brown",2,60,-0.0549341007124994,0.0493285098684964,-0.151617980054752,0.0417497786297536,-5.34524772944328
"Clothes_No+Fur_Brown",2,61,-0.057996400569175,0.0475206210403474,-0.151136817808256,0.0351440166699059,-5.63466559543798
"Clothes_No+Fur_Brown",2,62,-0.0563738060044943,0.0435129380732537,-0.141659164628072,0.028911552619083,-5.48142462637835
"Clothes_No+Fur_Brown",2,63,-0.06030381931009,0.0489067847358285,-0.156161117392314,0.035553478772134,-5.85215492056735
"Clothes_No+Fur_Brown",2,65,-0.0557444122056838,0.0453339999782622,-0.144599052163078,0.0331102277517101,-5.42191649610615
"Clothes_No+Fur_Brown",2,66,-0.0571083328911787,0.0443951667973792,-0.144122859814042,0.0299061940316844,-5.55082556973163
"Clothes_No+Fur_Brown",2,68,-0.0529171785619972,0.0471872481262833,-0.145404184889512,0.0395698277655181,-5.15414380685506
"Clothes_No+Fur_Brown",2,69,-0.0544374296225681,0.0420275492177462,-0.136811426089351,0.0279365668442145,-5.29822377371287
"Clothes_No+Fur_Brown",2,70,-0.0516770098082731,0.0480290815017558,-0.145814009551715,0.0424599899351682,-5.03644597208071
"Clothes_No+Fur_Brown",2,71,-0.0592501562790373,0.0462521406126368,-0.149904351879805,0.0314040393217307,-5.75290253665259
"Clothes_No+Fur_Brown",2,72,-0.0548379752629093,0.0477759898378274,-0.148478915345051,0.0388029648192323,-5.33614856150164
"Clothes_No+Fur_Brown",2,73,-0.0574270127105974,0.044276709923893,-0.144209364161428,0.0293553387402329,-5.58091982011348
"Clothes_No+Fur_Brown",2,74,-0.0565508761767199,0.0481418149366776,-0.150908833452608,0.0378070810991681,-5.4981595651253
"Clothes_No+Fur_Brown",2,76,-0.0554439295023037,0.0507487690213611,-0.154911516784171,0.044023657779564,-5.39349314774598
"Clothes_No+Fur_Brown",2,77,-0.0578043344501714,0.0453421623344685,-0.14667497262573,0.0310663037253869,-5.61653947123897
"Clothes_No+Fur_Brown",2,78,-0.0565260736984762,0.044545225036362,-0.143834714769746,0.0307825673727934,-5.49581565621667
"Clothes_No+Fur_Brown",2,79,-0.0572866524860067,0.0531031018537142,-0.161368732119287,0.0467954271472732,-5.56766620669547
"Clothes_No+Fur_Brown",2,81,-0.0506764288355396,0.0575248976762882,-0.163425228281065,0.0620723706099853,-4.94137969399412
"Clothes_No+Fur_Brown",2,82,-0.0585071006095179,0.0460518955824805,-0.14876881595118,0.0317546147321438,-5.68284567169474
"Clothes_No+Fur_Brown",2,84,-0.0484359132329253,0.0562001220757016,-0.1585881525013,0.0617163260354499,-4.72816060087812
"Clothes_No+Fur_Brown",2,85,-0.0477397300537914,0.0568562238452844,-0.159177928790549,0.063698468682966,-4.66181085573487
"Clothes_No+Fur_Brown",2,86,-0.0550851457804598,0.0523311415222841,-0.157654183164137,0.0474838916032171,-5.35954378323137
"Clothes_No+Fur_Brown",2,87,-0.0514914209212787,0.0566320310338015,-0.16249020174753,0.0595073599049722,-5.01882015625644
"Clothes_No+Fur_Brown",2,89,-0.0500004984895172,0.0594762103911696,-0.16657387085621,0.0665728738771752,-4.87710496770644
"Clothes_No+Fur_Brown",2,90,-0.0500293247140596,0.0525443108963981,-0.153016174071,0.0529575246428806,-4.87984696211691
"Clothes_No+Fur_Brown",2,91,-0.0513478913830921,0.0560610971500694,-0.161227641797228,0.0585318590310439,-5.00518657298951
"Clothes_No+Fur_Brown",2,92,-0.0556390647450834,0.0498621060561016,-0.153368792615042,0.0420906631248757,-5.41195241034421
"Clothes_No+Fur_Brown",2,93,-0.0535589068421744,0.0552646294960166,-0.161877580654367,0.0547597669700182,-5.21498954972676
"Clothes_No+Fur_Brown",2,94,-0.0560220031062097,0.0459741477488967,-0.146131332694047,0.0340873264816278,-5.44816686787528
"Clothes_No+Fur_Brown",2,95,-0.0566229950367496,0.0482026994452924,-0.151100285949523,0.0378542958760235,-5.50497468437591
"Clothes_No+Fur_Brown",2,96,-0.0510941355097753,0.05845861077831,-0.165673012635263,0.0634847416157123,-4.98107802243398
"Clothes_No+Fur_Brown",2,97,-0.0533188401492806,0.0444102229160702,-0.140362877064778,0.033725196766217,-5.19223209418782
"Clothes_No+Fur_Brown",2,99,-0.0509964031528296,0.0554573531466474,-0.159692815320258,0.0577000090145992,-4.97179114542788
"Clothes_No+Fur_Brown",2,100,-0.0498987483581603,0.0593279089888889,-0.166181449976383,0.066383953260062,-4.86742570821723
"Clothes_No+Fur_Brown",2,101,-0.0585606257284071,0.0447929230306464,-0.146354754868474,0.0292335034116599,-5.68789387348945
"Clothes_No+Fur_Brown",2,102,-0.0617443867571125,0.0429536367953195,-0.145933514875939,0.0224447413617138,-5.98768359885724
"Clothes_No+Fur_Brown",2,103,-0.0571884329952061,0.0444861972338729,-0.144381379573597,0.0300045135831847,-5.55839065544268
"Clothes_No+Fur_Brown",2,104,-0.0567966212728514,0.0475958933357054,-0.150084572210834,0.0364913296651313,-5.52138007570742
"Clothes_No+Fur_Brown",2,105,-0.047804154419307,0.0533602597003475,-0.152390263431988,0.056781954593374,-4.66795276023362
"Clothes_No+Fur_Brown",2,106,-0.0558664293486002,0.0421629226200426,-0.138505757683884,0.0267728989866833,-5.43345593961853
"Clothes_No+Fur_Brown",2,107,-0.0556555506710616,0.0506019449419722,-0.154835362757327,0.043524261415204,-5.41351176904142
"Clothes_No+Fur_Brown",2,109,-0.0585191216532029,0.0483154603927393,-0.153217424022972,0.0361791807165662,-5.68397945551252
"Clothes_No+Fur_Brown",2,110,-0.0518803281561984,0.0436387406733534,-0.137412259875971,0.0336516035635743,-5.05575184231345
"Clothes_No+Fur_Brown",2,111,-0.0539647291553414,0.0412811028076588,-0.134875690658353,0.0269462323476699,-5.25344761782236
"Clothes_No+Fur_Brown",2,112,-0.0559265289781559,0.0430296989423565,-0.140264738905175,0.0284116809488629,-5.43913918310278
"Clothes_No+Fur_Brown",2,113,-0.0487599564139294,0.0590307849787689,-0.164460294972316,0.0669403821444577,-4.75902778935605
"Clothes_No+Fur_Brown",2,114,-0.0541368234658763,0.0482666126261201,-0.148739384213072,0.0404657372813192,-5.26975155748226
"Clothes_No+Fur_Brown",2,115,-0.0485661473865804,0.0506114490888447,-0.147764587600716,0.0506322928275553,-4.74056744033478
"Clothes_No+Fur_Brown",2,116,-0.049669605211105,0.0512983932478392,-0.15021445597687,0.0508752455546599,-4.84562423302262
"Clothes_No+Fur_Brown",2,119,-0.0491217760977561,0.0595469300684017,-0.165833759031823,0.0675902068363113,-4.79348161439674
"Clothes_No+Fur_Brown",2,120,-0.0577405491820469,0.0410381135658316,-0.138175251771077,0.0226941534069831,-5.61051900489613
"Clothes_No+Fur_Brown",2,121,-0.0562717415190472,0.0462543067675741,-0.146930182783492,0.034386699745398,-5.47177714429338
"Clothes_No+Fur_Brown",2,122,-0.0565740237590735,0.0447663355909876,-0.144316041517409,0.0311679939992622,-5.500347028942
"Clothes_No+Fur_Brown",2,125,-0.0467351640511703,0.0537620954140108,-0.152108871062631,0.0586385429602908,-4.56598923065387
"Clothes_No+Fur_Brown",2,126,-0.0468679841026765,0.0522965069209788,-0.149369137667795,0.055633169462442,-4.57866393913334
"Clothes_No+Fur_Brown",2,127,-0.0518373155217794,0.06164391536042,-0.172659389628203,0.0689847585846438,-5.05166795224845
"Clothes_No+Fur_Brown",2,128,-0.0493514518395833,0.0577487222970996,-0.162538947541899,0.0638360438627319,-4.81534573120901
"Clothes_No+Fur_Brown",2,129,-0.0475489504282783,0.0576550484849059,-0.160552845458694,0.0654549446021373,-4.64362053659686
"Clothes_No+Fur_Brown",2,130,-0.0491359137268508,0.0566475210549105,-0.160165054994475,0.0618932275407738,-4.79482759932653
"Clothes_No+Fur_Brown",2,131,-0.0497497063932761,0.0573888863790446,-0.162231923696203,0.0627325109096513,-4.85324590575375
"Clothes_No+Fur_Brown",2,132,-0.0482393168670741,0.0555640252669829,-0.157144806390361,0.0606661726562124,-4.70942866222909
"Clothes_No+Fur_Brown",2,133,-0.0494545878159837,0.0585726867009118,-0.164257053749771,0.0653478781178034,-4.82516218724176
"Clothes_No+Fur_Brown",2,134,-0.0523567863966297,0.0594181537334784,-0.168816367714247,0.064102794920988,-5.10097803667766
"Clothes_No+Fur_Brown",2,135,-0.0483367393656074,0.0594489603463211,-0.164856701644397,0.0681832229131819,-4.71871165558194
"Clothes_No+Fur_Brown",2,136,-0.0519758715481586,0.0520688431900733,-0.154030804200702,0.0500790611043852,-5.06482270449217
"Clothes_No+Fur_Brown",2,137,-0.0505956745734321,0.0532208582100367,-0.154908556665104,0.0537172075182397,-4.93370299529545
"Clothes_No+Fur_Brown",2,138,-0.0502280728246546,0.0536950271860439,-0.155470326109301,0.0550141804599913,-4.89875003427552
"Clothes_No+Fur_Brown",2,139,-0.050526703811457,0.0580819511671532,-0.164367328099077,0.0633139204761632,-4.92714597423412
"Clothes_No+Fur_Brown",2,140,-0.0534878005220735,0.0553571800211311,-0.16198787336349,0.0550122723193434,-5.20824949680558
"Clothes_No+Fur_Brown",2,141,-0.0489534305956411,0.0512165796366203,-0.149337926683417,0.0514310654921346,-4.77745267609252
"Clothes_No+Fur_Brown",2,143,-0.0484181188997557,0.0574481253343193,-0.161016444555022,0.0641802067555101,-4.72646528694273
"Clothes_No+Fur_Brown",2,144,-0.0520232498688712,0.0546308148127843,-0.159099646901928,0.0550531471641861,-5.06932046721992
"Clothes_No+Fur_Brown",2,145,-0.0446492859125446,0.0592927273751494,-0.160863031567838,0.0715644597427483,-4.36671775815529
"Clothes_No+Fur_Brown",2,147,-0.0552280187684397,0.0476869116904831,-0.148694365681787,0.0382383281449073,-5.37306438210766
"Clothes_No+Fur_Brown",2,148,-0.046739313208905,0.0588040170846801,-0.161995186694878,0.0685165602770679,-4.56638520059633
"Clothes_No+Fur_Brown",2,150,-0.0564361654184551,0.0467197622622187,-0.148006899452404,0.0351345686154935,-5.48731856557385
"Clothes_No+Fur_Brown",2,151,-0.0527295006345471,0.0450087898420097,-0.140946728724886,0.0354877274557919,-5.136341662655
"Clothes_No+Fur_Brown",2,152,-0.049276260261567,0.0554637524680436,-0.157985215098932,0.0594326945757985,-4.80818837776862
"Clothes_No+Fur_Brown",2,153,-0.0532392039135847,0.0580830246054327,-0.167081932140233,0.0606035243130634,-5.18468165979696
"Clothes_No+Fur_Brown",2,154,-0.0497268723503052,0.054532294586806,-0.156610169740445,0.0571564250398346,-4.85107329587756
"Clothes_No+Fur_Brown",2,155,-0.0482663054289387,0.0590772500829595,-0.164057715591539,0.067525104733662,-4.71200038300508
"Clothes_No+Fur_Brown",2,156,-0.0495384694815001,0.0560580909306402,-0.159412327705555,0.0603353887425546,-4.83314527633066
"Clothes_No+Fur_Brown",2,157,-0.0513092517780326,0.056236117290182,-0.161532041666789,0.0589135381107241,-5.00151594000053
"Clothes_No+Fur_Brown",2,158,-0.0457216976360403,0.0549328482811657,-0.153390080267125,0.0619466849950445,-4.46922103850425
"Clothes_No+Fur_Brown",2,159,-0.0493888897329577,0.0539853795972698,-0.155200233743606,0.056422454277691,-4.81890917744202
"Clothes_No+Fur_Brown",2,160,-0.0501591712212383,0.0531996044311289,-0.154430395906251,0.0541120534637743,-4.8921971799175
"Clothes_No+Fur_Brown",2,161,-0.0461299970309582,0.0511460862436702,-0.146376326068552,0.0541163320066353,-4.50821823594244
"Clothes_No+Fur_Brown",2,162,-0.0482429938317552,0.0514332746316366,-0.149052212109763,0.0525662244462526,-4.70977904165018
"Clothes_No+Fur_Brown",2,164,-0.0560002030307648,0.0486072159457995,-0.151270346284532,0.0392699402230022,-5.44610560831181
"Clothes_No+Fur_Brown",2,165,-0.0558992603108145,0.0460807030978802,-0.14621743838266,0.0344189177610308,-5.43656059928854
"Clothes_No+Fur_Brown",2,167,-0.0485450751866301,0.0585338047416504,-0.163271332480265,0.0661811821070047,-4.73856009337519
"Clothes_No+Fur_Brown",2,168,-0.0595751742238152,0.0468549182551946,-0.151410814003997,0.0322604655563662,-5.78352955713618
"Clothes_No+Fur_Brown",2,169,-0.0496148207633295,0.0513694115809499,-0.150298867461991,0.0510692259353323,-4.8404111102951
"Clothes_No+Fur_Brown",2,170,-0.0479753524275635,0.0578088442812671,-0.161280687218847,0.06532998236372,-4.68427201989184
"Clothes_No+Fur_Brown",2,171,-0.0537940758530514,0.0438718905320745,-0.139782981295917,0.0321948295898145,-5.23727742606869
"Clothes_No+Fur_Brown",2,172,-0.0504933557515787,0.0593385612370415,-0.16679693577618,0.0658102242730227,-4.92397542613974
"Clothes_No+Fur_Brown",2,173,-0.0551795186972086,0.0473235313875718,-0.147933640216849,0.0375746028224322,-5.36847485769458
"Clothes_No+Fur_Brown",2,174,-0.0499849388380787,0.0544488667531058,-0.156704717674166,0.0567348399980088,-4.87562487710109
"Clothes_No+Fur_Brown",2,175,-0.0532908949097993,0.0419226806786786,-0.135459349040009,0.0288775592204108,-5.18958263138923
"Clothes_No+Fur_Brown",2,176,-0.0550814574662433,0.0436463325579594,-0.140628269279844,0.0304653543473571,-5.35919471884753
"Clothes_No+Fur_Brown",2,177,-0.0551235221208491,0.0482447601065912,-0.149683251929768,0.0394362076880697,-5.36317566790409
"Clothes_No+Fur_Brown",2,178,-0.057605685132674,0.0446755552975487,-0.145169773515869,0.0299584032505214,-5.59778839883969
"Clothes_No+Fur_Brown",2,180,-0.0582862690604704,0.0459587385480898,-0.148365396614726,0.0317928584937856,-5.66201516847117
"Clothes_No+Fur_Brown",2,181,-0.0498276444954196,0.0591807597285762,-0.165821933563429,0.0661666445725898,-4.86066117422324
"Clothes_No+Fur_Brown",2,182,-0.0501324460017978,0.0530280549346094,-0.154067433673632,0.0538025416700366,-4.88965536905155
"Clothes_No+Fur_Brown",2,184,-0.0581029242047541,0.0449980681157762,-0.146299137711675,0.0300932893021672,-5.64471719855523
"Clothes_No+Fur_Brown",2,185,-0.0565941708904751,0.0465965808964634,-0.147923469447543,0.0347351276665931,-5.5022509066889
"Clothes_No+Fur_Brown",2,186,-0.0487534029374455,0.0559619317807749,-0.158438789227764,0.0609319833528733,-4.75840362783916
"Clothes_No+Fur_Brown",2,187,-0.0496476139306102,0.062461111409907,-0.172071392294028,0.0727761644328075,-4.84353164344555
"Clothes_No+Fur_Brown",2,188,-0.0550763495715455,0.053786073388292,-0.160497053412598,0.0503443542695067,-5.35871130234541
"Clothes_No+Fur_Brown",2,189,-0.055231303049999,0.0516067332045438,-0.156380500130905,0.0459178940309069,-5.37337516309698
"Clothes_No+Fur_Brown",2,191,-0.0573554397596446,0.0462453249082156,-0.147996276579747,0.033285397060458,-5.57416172607328
"Clothes_No+Fur_Brown",2,192,-0.0510068103320058,0.0569597914225372,-0.162648001520179,0.0606343808561671,-4.97278011587803
"Clothes_No+Fur_Brown",2,193,-0.0570765630455134,0.0460594092911935,-0.147353005256253,0.0331998791652258,-5.54782488637139
"Clothes_No+Fur_Brown",2,194,-0.0562603070329635,0.049324721636176,-0.152936761439868,0.0404161473739415,-5.47069625646492
"Clothes_No+Fur_Brown",2,195,-0.0485541443319266,0.0607149324306254,-0.167555411895952,0.0704471232320991,-4.73942402929727
"Clothes_No+Fur_Brown",2,196,-0.0568542680551659,0.0523632197944027,-0.159486178852195,0.0457776427418634,-5.5268263071632
"Clothes_No+Fur_Brown",2,197,-0.0560553831167982,0.0595658847237468,-0.172804517175342,0.0606937509417455,-5.45132295639096
"Clothes_No+Fur_Brown",2,199,-0.0519306324154929,0.0494165740600248,-0.148787117573142,0.0449258527421558,-5.06052782226422
"Clothes_No+Fur_Brown",2,200,-0.0607554530188427,0.0456363793489667,-0.150202756542817,0.0286918505051321,-5.89466566064747
"Clothes_No+Fur_Brown",2,201,-0.0598453262034957,0.0485967556907152,-0.155094967357297,0.0354043149503061,-5.80897888539683
"Clothes_No+Fur_Brown",2,202,-0.051979532014603,0.0553707150819254,-0.160506133575177,0.0565470695459709,-5.06517021088704
"Clothes_No+Fur_Brown",2,204,-0.0516037300830335,0.0606388239619976,-0.170455825048549,0.0672483648824818,-5.02948681395428
"Clothes_No+Fur_Brown",2,205,-0.0481989232269088,0.0539732474562259,-0.153986488241111,0.0575886417872939,-4.70557945143804
"Clothes_No+Fur_Brown",2,207,-0.0542849950225657,0.0501514153053395,-0.152581769021031,0.0440117789758997,-5.28378684601861
"Clothes_No+Fur_Brown",2,208,-0.0488374564047138,0.0543105479155706,-0.155286130319232,0.0576112175098046,-4.76640867781158
"Clothes_No+Fur_Brown",2,209,-0.0575485408618717,0.0455958288745145,-0.14691636545592,0.0318192837321767,-5.59239369915899
"Clothes_No+Fur_Brown",2,210,-0.0566412186945448,0.0460000198165893,-0.14680125753506,0.0335188201459702,-5.50669671368973
"Clothes_No+Fur_Brown",2,211,-0.0551231392816908,0.0469456367129952,-0.147136587239162,0.0368903086757798,-5.36313943721498
"Clothes_No+Fur_Brown",2,213,-0.0562312084708304,0.0464732041076723,-0.147318688521868,0.0348562715802072,-5.46794554962594
"Clothes_No+Fur_Brown",2,214,-0.0574947912168576,0.0464364373500985,-0.148510208423051,0.0335206259893354,-5.58731918745831
"Clothes_No+Fur_Brown",2,215,-0.0585248394057325,0.0476641986556166,-0.151946668770741,0.034896989959276,-5.68451872963586
"Clothes_No+Fur_Brown",2,216,-0.0516178928854972,0.0441601582297137,-0.138171803015736,0.0349360172447417,-5.03083185304762
"Clothes_No+Fur_Brown",2,217,-0.054352111809651,0.0428951122052237,-0.13842653173189,0.0297223081125875,-5.29014368060285
"Clothes_No+Fur_Brown",2,218,-0.0536969201405463,0.0448440119981015,-0.141591183656825,0.0341973433757327,-5.22807023897992
"Clothes_No+Fur_Brown",2,219,-0.0498591641352843,0.0583981032920662,-0.164319446587734,0.0646011183171655,-4.8636598846606
"Clothes_No+Fur_Brown",2,221,-0.0466476700114506,0.0553068965274421,-0.155049187205237,0.061753847182336,-4.55763895823079
"Clothes_No+Fur_Brown",2,222,-0.0573024246368858,0.058853261677883,-0.172654817525536,0.0580499682517649,-5.56915559596646
"Clothes_No+Fur_Brown",2,223,-0.0543621650435095,0.0552312739389648,-0.162615461963881,0.0538911318768616,-5.2910958161511
"Clothes_No+Fur_Brown",2,224,-0.0477649844065424,0.0583619337295141,-0.16215437451639,0.0666244057033052,-4.66421852959191
"Clothes_No+Fur_Brown",2,225,-0.0491679306457873,0.0563269084832901,-0.159568671273036,0.0612328099814613,-4.79787572681754
"Clothes_No+Fur_Brown",2,226,-0.0524356680267402,0.0561396027186307,-0.162469289355256,0.0575979533017759,-5.10846353098815
"Clothes_No+Fur_Brown",2,227,-0.0505425892332631,0.0543896858991747,-0.157146373595646,0.0560611951291193,-4.92865623462703
"Clothes_No+Fur_Brown",2,229,-0.0495191261960298,0.0611686689094766,-0.169409717258604,0.0703714648665443,-4.83130441888837
"Clothes_No+Fur_Brown",2,230,-0.0476889198107872,0.0542007190227759,-0.153922329095428,0.0585444894738535,-4.6569665761084
"Clothes_No+Fur_Brown",2,231,-0.0533805373287404,0.057972351822591,-0.167006346901019,0.060245272243538,-5.19808128561732
"Clothes_No+Fur_Brown",2,232,-0.0465442706294365,0.0579227076748363,-0.160072777672116,0.0669842364132426,-4.54776976685576
"Clothes_No+Fur_Brown",2,234,-0.0524212647809074,0.0438438760358431,-0.13835526181116,0.0335127322493451,-5.10709677501809
"Clothes_No+Fur_Brown",2,235,-0.0466185499694293,0.0562888535202664,-0.156944702869151,0.0637076029302928,-4.5548596321998
"Clothes_No+Fur_Brown",2,236,-0.0516291031918337,0.0583590000324435,-0.166012743255423,0.0627545368717556,-5.03189648054766
"Clothes_No+Fur_Brown",2,237,-0.0528554180313008,0.0515899965499081,-0.153971811269121,0.0482609752065192,-5.14828589555023
"Clothes_No+Fur_Brown",2,238,-0.0486728887142267,0.053426104870835,-0.153388054261063,0.0560422768326098,-4.75073501597711
"Clothes_No+Fur_Brown",2,240,-0.0566398688895282,0.0453199975551355,-0.145467064097594,0.0321873263185374,-5.50656916606883
"Clothes_No+Fur_Brown",2,241,-0.0488775815547378,0.0570198644073604,-0.160636515793164,0.0628813526836886,-4.77022986328738
"Clothes_No+Fur_Brown",2,242,-0.0471838558603162,0.0605291647582597,-0.165821018786505,0.0714533070658728,-4.60880008444206
"Clothes_No+Fur_Brown",2,243,-0.0574660593387805,0.0497229563998578,-0.154923053882502,0.0399909352049409,-5.58460649485408
"Clothes_No+Fur_Brown",2,244,-0.0490201951607607,0.0561809540287821,-0.159134865057174,0.0610944747356522,-4.78380995583131
"Clothes_No+Fur_Brown",2,245,-0.0540590260423726,0.0479400382564415,-0.148021501024998,0.0399034489402528,-5.2623815015436
"Clothes_No+Fur_Brown",2,246,-0.0594609339679557,0.045579920347742,-0.14879757784953,0.0298757099136187,-5.77276562862133
"Clothes_No+Fur_Brown",2,247,-0.0565775029008144,0.0455620664456399,-0.145879153134269,0.0327241473326399,-5.50067580605721
"Clothes_No+Fur_Brown",2,248,-0.0593136071299645,0.0465138813587862,-0.150480814593185,0.0318536003332563,-5.75888240546817
"Clothes_No+Fur_Brown",2,249,-0.0556101802136318,0.0446319353034162,-0.143088773408328,0.031868412981064,-5.40922023945011
"Clothes_No+Fur_Brown",2,251,-0.0489456121189091,0.0524692408544345,-0.151785324193601,0.0538940999557825,-4.77670817791149
"Clothes_No+Fur_Brown",2,253,-0.0541860745292009,0.0548993826342392,-0.16178886449231,0.053416715433908,-5.27441700805692
"Clothes_No+Fur_Brown",2,254,-0.0512717167302852,0.0549619592359943,-0.158997156832834,0.0564537233722636,-4.99795010044386
"Clothes_No+Fur_Brown",2,255,-0.04641971430209,0.0561620219152531,-0.156497277255986,0.0636578486518059,-4.53587984715389
"Clothes_No+Fur_Brown",2,256,-0.0553137559324805,0.0488069571128899,-0.150975391873745,0.0403478800087837,-5.38117707942462
"Clothes_No+Fur_Brown",2,257,-0.0566150362609736,0.0444125284031277,-0.143663591931104,0.0304335194091568,-5.5042226166647
"Clothes_No+Fur_Brown",2,258,-0.0579493606716194,0.0445857082277135,-0.145337348797938,0.029438627454699,-5.6302265553696
"Clothes_No+Fur_Brown",2,259,-0.0526612807385121,0.0551501634419311,-0.160755601084697,0.0554330396076728,-5.12986985299514
"Clothes_No+Fur_Brown",2,260,-0.0550156786836335,0.0423575986641987,-0.138036572065463,0.0280052146981959,-5.35296915713823
"Clothes_No+Fur_Brown",2,261,-0.0536009243356521,0.0425855962564217,-0.137068692998239,0.0298668443269345,-5.21897209461627
"Clothes_No+Fur_Brown",2,262,-0.045244344265033,0.0575325570250662,-0.158008156034163,0.0675194675040967,-4.42360821328022
"Clothes_No+Fur_Brown",2,263,-0.0525363960101147,0.0575027158528783,-0.165241719081756,0.0601689270615268,-5.11802128272136
"Clothes_No+Fur_Brown",2,264,-0.054653235685845,0.0463890467700133,-0.145575767355071,0.036269295983381,-5.3186587861465
"Clothes_No+Fur_Brown",2,265,-0.056547799176857,0.0436286742106909,-0.142060000629811,0.0289644022760972,-5.49786878252787
"Clothes_No+Fur_Brown",2,266,-0.0571519017112005,0.045641804000119,-0.146609837551434,0.0323060341290327,-5.55494051917119
"Clothes_No+Fur_Brown",2,267,-0.0491893910906485,0.0588458778554781,-0.164527311687386,0.0661485295060886,-4.79991878483362
"Clothes_No+Fur_Brown",2,268,-0.0483068055990035,0.0556774438984152,-0.157434595639897,0.0608209844418902,-4.71585948504704
"Clothes_No+Fur_Brown",2,269,-0.0540215130544266,0.0471624948513079,-0.14646000296299,0.0384169768541369,-5.25882754374347
"Clothes_No+Fur_Brown",2,270,-0.0552674662692795,0.0453607938908112,-0.144174622295269,0.0336396897567105,-5.37679710460615
"Clothes_No+Fur_Brown",2,271,-0.0530104492841024,0.0577968322188811,-0.166292240433109,0.0602713418649046,-5.16298973581138
"Clothes_No+Fur_Brown",2,272,-0.052470695439512,0.0575188521844355,-0.165207645721005,0.0602662548419815,-5.11178727779312
"Clothes_No+Fur_Brown",2,274,-0.0467085712071222,0.0553412318870792,-0.155177385705797,0.0617602432915531,-4.56345133514381
"Clothes_No+Fur_Brown",2,275,-0.0477028751029017,0.0550861192303464,-0.155671668794381,0.0602659185885773,-4.65829710670691
"Clothes_No+Fur_Brown",2,276,-0.0498825598108147,0.0550681256287148,-0.157816086043096,0.0580509664214663,-4.86588563756849
"Clothes_No+Fur_Brown",2,278,-0.0591052901161952,0.0440767447102429,-0.145495709748271,0.0272851295158809,-5.73924833229186
"Clothes_No+Fur_Brown",2,279,-0.0537394546620703,0.0484289806946778,-0.148660256823639,0.0411813474994983,-5.23210123193742
"Clothes_No+Fur_Brown",2,280,-0.0552349596574156,0.0475221442000097,-0.148378362289435,0.0379084429746034,-5.37372117488255
"Clothes_No+Fur_Brown",2,281,-0.0583415249083243,0.0438697816612037,-0.144326296964284,0.027643247147635,-5.66722774979374
"Clothes_No+Fur_Brown",2,282,-0.0540363396797674,0.0541754575049636,-0.160220236389496,0.0521475570299612,-5.26023222519846
"Clothes_No+Fur_Brown",2,283,-0.0488026700092542,0.0578407066398049,-0.162170455023272,0.0645651150047633,-4.76309578682138
"Clothes_No+Fur_Brown",2,285,-0.055595071195868,0.0482984204807767,-0.15025997533819,0.0390698329464544,-5.40779105488166
"Clothes_No+Fur_Brown",2,286,-0.0582738972296477,0.0459146566777425,-0.148266624318023,0.0317188298587275,-5.66084802766287
"Clothes_No+Fur_Brown",2,287,-0.0567760436163993,0.0452082001623157,-0.145384115934538,0.0318320287017396,-5.51943590712139
"Clothes_No+Fur_Brown",2,288,-0.047374834701322,0.0562974251030263,-0.157717787903254,0.0629681185006095,-4.62701604575713
"Clothes_No+Fur_Brown",2,289,-0.0487960165675431,0.0559354908574778,-0.1584295786482,0.0608375455131134,-4.76246213152246
"Clothes_No+Fur_Brown",2,290,-0.046009754815509,0.0605782029103545,-0.164743032519804,0.072723522888786,-4.49673540219908
"Clothes_No+Fur_Brown",2,291,-0.0510844143082044,0.0593172417761186,-0.167346208189397,0.065177379572988,-4.98015431985065
"Clothes_No+Fur_Brown",2,292,-0.0505208763176457,0.0598569045657321,-0.167840409266481,0.0667986566311892,-4.92659193615134
"Clothes_No+Fur_Brown",2,294,-0.0597000939685569,0.0461972772461075,-0.150246757370928,0.0308465694338137,-5.79529831948367
"Clothes_No+Fur_Brown",2,296,-0.0506057780452204,0.0562305228896733,-0.16081760290898,0.0596060468185392,-4.93466349009308
"Clothes_No+Fur_Brown",2,297,-0.0576108546421769,0.0424021411186062,-0.140719051234645,0.0254973419502913,-5.59827641070826
"Clothes_No+Fur_Brown",2,299,-0.0538722539199276,0.0440406315493574,-0.140191891756668,0.0324473839168129,-5.2446855029531
"Clothes_No+Fur_Brown",2,300,-0.0603138285806452,0.0465793275393837,-0.151609310557837,0.0309816533965468,-5.85309726710483
"Clothes_No+Fur_Brown",2,301,-0.0573658159135212,0.0452261858771358,-0.146009140232707,0.0312775084056649,-5.575141498018
"Clothes_No+Fur_Brown",2,302,-0.0574256958802664,0.0432849356847878,-0.14226416982245,0.0274127780619176,-5.58079548612301
"Clothes_No+Fur_Brown",2,303,-0.0576240498762751,0.0450342443507942,-0.145891168803832,0.0306430690512816,-5.59952205533198
"Clothes_No+Fur_Brown",2,304,-0.0562463205393697,0.040587445537455,-0.135797713792781,0.023305072714042,-5.46937411371765
"Clothes_No+Fur_Brown",2,305,-0.0578400015832984,0.043740707519144,-0.143571788320821,0.0278917851542239,-5.61990579865665
"Clothes_No+Fur_Brown",2,306,-0.0496859023665752,0.0560187038708131,-0.159482561953369,0.0601107572202185,-4.84717496604187
"Clothes_No+Fur_Brown",2,307,-0.0548841133064978,0.0465031913428663,-0.146030368338516,0.0362621417255202,-5.34051606565074
"Clothes_No+Fur_Brown",2,308,-0.0571164570222481,0.0455731048772043,-0.146439742581568,0.0322068285370723,-5.55159288408721
"Clothes_No+Fur_Brown",2,309,-0.0562503955485469,0.0499135145509278,-0.154080884068365,0.0415800929712716,-5.46975932610079
"Clothes_No+Fur_Brown",2,310,-0.0500279781246698,0.0634699224468449,-0.174429026120486,0.0743730698711461,-4.87971887424181
"Clothes_No+Fur_Brown",2,311,-0.0498449852983705,0.0579875828719348,-0.163500647727363,0.0638106771306217,-4.8623109524464
"Clothes_No+Fur_Brown",2,312,-0.0587371806276657,0.0475005960152565,-0.151838348817568,0.0343639875622369,-5.70454366804083
"Clothes_No+Fur_Brown",2,313,-0.0564602781928642,0.044105432096611,-0.142906925102222,0.0299863687164934,-5.48959750106424
"Clothes_No+Fur_Brown",2,314,-0.0483439108275354,0.0518992963579397,-0.150066531689097,0.0533787100340264,-4.71939495926361
"Clothes_No+Fur_Brown",2,315,-0.054450089759026,0.0573097110410095,-0.166777123399405,0.0578769438813526,-5.29942270353339
"Clothes_No+Fur_Brown",2,316,-0.0520410957966535,0.0496725114336117,-0.149399218206533,0.0453170266132255,-5.07101457815465
"Clothes_No+Fur_Brown",2,317,-0.0572727437541765,0.0464306595645797,-0.148276836500753,0.0337313489923998,-5.56635276355449
"Clothes_No+Fur_Brown",2,318,-0.0553180596510039,0.0419761381511318,-0.137591290427222,0.0269551711252144,-5.38158429132921
"Clothes_No+Fur_Brown",2,319,-0.0572100939833397,0.0466012424928917,-0.148548529269407,0.0341283413027281,-5.56043633186624
"Clothes_No+Fur_Brown",2,320,-0.0548288527694257,0.0486449166518036,-0.150172889406961,0.0405151838681093,-5.33528498719478
"Clothes_No+Fur_Brown",2,321,-0.0533658567164065,0.0470799006775507,-0.145642462044406,0.0389107486115928,-5.19668952518424
"Clothes_No+Fur_Brown",2,322,-0.0526019597928418,0.0590556855533468,-0.168351103477402,0.063147183891718,-5.12424190023287
"Clothes_No+Fur_Brown",2,323,-0.0488421357243491,0.054597947699351,-0.155854113215077,0.0581698417663788,-4.76685430518279
"Clothes_No+Fur_Brown",2,324,-0.0560029642578894,0.046822969660174,-0.14777598479183,0.0357700562760516,-5.44636669272929
"Clothes_No+Fur_Brown",2,325,-0.0487734351057401,0.0591618365310427,-0.164730634706584,0.0671837644951037,-4.76031150441681
"Clothes_No+Fur_Brown",2,326,-0.0587131871825864,0.0513318271173157,-0.159323568332525,0.0418971939673524,-5.70228116804563
"Clothes_No+Fur_Brown",2,327,-0.0511667812876393,0.0599523571803032,-0.168673401361034,0.066339838785755,-4.98798049521206
"Clothes_No+Fur_Brown",2,329,-0.0552596194027262,0.0439667882705698,-0.141434524413043,0.0309152856075906,-5.37605460604704
"Clothes_No+Fur_Brown",2,330,-0.0490308400098784,0.0549355081133288,-0.156704435912003,0.058642755892246,-4.78482351241331
"Clothes_No+Fur_Brown",2,331,-0.0558921794620281,0.0447869620825839,-0.143674625143892,0.0318902662198364,-5.43589100750278
"Clothes_No+Fur_Brown",2,332,-0.0581447913054051,0.0482786736254703,-0.152770991611327,0.0364814090005167,-5.64866749798286
"Clothes_No+Fur_Brown",2,333,-0.0553501552628226,0.0501376020336054,-0.153619855248689,0.0429195447230439,-5.38462107853668
"Clothes_No+Fur_Brown",2,334,-0.0494673437492375,0.0543783037655368,-0.15604881912969,0.0571141316312146,-4.82637622337724
"Clothes_No+Fur_Brown",2,335,-0.0499386403355412,0.0575427644191785,-0.162722458597131,0.0628451779260487,-4.87122065902452
"Clothes_No+Fur_Brown",2,336,-0.0527015804335847,0.0561180198307833,-0.16269289930192,0.0572897384347505,-5.13369301327495
"Clothes_No+Fur_Brown",2,337,-0.0570368807270331,0.0457393939362372,-0.146686092842058,0.0326123313879918,-5.54407673071011
"Clothes_No+Fur_Brown",2,339,-0.0582279617677677,0.0448349219285833,-0.146104408747791,0.0296484852122556,-5.65651441561117
"Clothes_No+Fur_Brown",2,340,-0.0592820765143087,0.0459237618535189,-0.149292649747206,0.0307284967185883,-5.75591087816353
"Clothes_No+Fur_Brown",2,341,-0.055034947502488,0.0473210086291942,-0.147784124415709,0.0377142294107326,-5.35479287606014
"Clothes_No+Fur_Brown",2,342,-0.0561381718697819,0.0454295788347378,-0.145180146385868,0.0329038026463042,-5.45915019945133
"Clothes_No+Fur_Brown",2,343,-0.0551338422843719,0.0526416900056556,-0.158311554695457,0.048043870126713,-5.3641523303668
"Clothes_No+Fur_Brown",2,345,-0.0550970270042488,0.0433007697485589,-0.139966535711424,0.0297724817029266,-5.36066822099132
"Clothes_No+Fur_Brown",2,346,-0.0530886183229631,0.0484889554710037,-0.14812697104613,0.0419497344002041,-5.17040276401374
"Clothes_No+Fur_Brown",2,347,-0.0530047715520938,0.0448698920759819,-0.140949760021018,0.0349402169168308,-5.16245127515399
"Clothes_No+Fur_Brown",2,348,-0.0488693413439362,0.0563205753797543,-0.159257669088255,0.0615189864003822,-4.76944514667376
"Clothes_No+Fur_Brown",2,350,-0.0517022180499831,0.0535703131250086,-0.156700031775,0.0532955956750336,-5.03883980613198
"Clothes_No+Fur_Brown",2,351,-0.0591402169484731,0.0459173980851238,-0.149138317195316,0.0308578832983695,-5.74254050426284
"Clothes_No+Fur_Brown",2,352,-0.0563902931489886,0.0454703321876023,-0.145512144236689,0.0327315579387119,-5.4829829549417
"Clothes_No+Fur_Brown",2,353,-0.050911240989504,0.0594953233978012,-0.167522074849194,0.0656995928701863,-4.96369799297458
"Clothes_No+Fur_Brown",2,354,-0.050459378307958,0.0542508707799437,-0.156791085036648,0.0558723284207317,-4.92074493099343
"Clothes_No+Fur_Brown",2,355,-0.055508570829189,0.0463170478485192,-0.146289984612287,0.0352728429539085,-5.39960844022845
"Clothes_No+Fur_Brown",2,356,-0.0483589330670296,0.0549794967623397,-0.156118746721215,0.0594008805871562,-4.72082627658086
"Clothes_No+Fur_Brown",2,357,-0.0548110766139327,0.0485080300739284,-0.149886815558832,0.0402646623309669,-5.3336021975443
"Clothes_No+Fur_Brown",2,359,-0.0485879011981689,0.0570372053820877,-0.160380823747061,0.063205021350723,-4.74263967354314
"Clothes_No+Fur_Brown",2,360,-0.0518434616330089,0.0552077361040633,-0.160050624396973,0.0563637011309551,-5.05225151346496
"Clothes_No+Fur_Brown",2,361,-0.0496382429727779,0.0608333154247151,-0.16887154120522,0.0695950552596637,-4.84263993201503
"Clothes_No+Fur_Brown",2,362,-0.0566656499383645,0.0456570485230077,-0.14615346504346,0.0328221651667307,-5.50900527442102
"Clothes_No+Fur_Brown",2,363,-0.0483934881671334,0.0550960801889039,-0.156381805337385,0.0595948290031182,-4.72411860108305
"Clothes_No+Fur_Brown",2,364,-0.0562252892879993,0.0468961029132179,-0.148141650997906,0.0356910724219078,-5.4673859954562
"Clothes_No+Fur_Brown",2,365,-0.0566727476438278,0.0445711088351445,-0.144032120960711,0.0306866256730555,-5.50967594129042
"Clothes_No+Fur_Brown",2,366,-0.0578088514287283,0.0442655920889705,-0.144569411923111,0.0289517090656539,-5.61696579834345
"Clothes_No+Fur_Brown",2,367,-0.05811991622275,0.0450668831471957,-0.146451007191254,0.0302111747457535,-5.64632047159714
"Clothes_No+Fur_Brown",2,368,-0.057040166384425,0.0430081328531598,-0.141336106776618,0.0272557740077681,-5.54438708000277
"Clothes_No+Fur_Brown",2,369,-0.0514045476319997,0.0609157045210112,-0.170799328493182,0.0679902332291823,-5.01056847032346
"Clothes_No+Fur_Brown",2,370,-0.0556806382976225,0.0469645383291378,-0.147731133422733,0.0363698568274876,-5.41588468977027
"Clothes_No+Fur_Brown",2,371,-0.0498227861996055,0.0556196615872055,-0.158837322910528,0.0591917505113172,-4.86019895804887
"Clothes_No+Fur_Brown",2,372,-0.0460962820526823,0.0571622875820426,-0.158134365713486,0.0659418016081212,-4.50499867832138
"Clothes_No+Fur_Brown",2,373,-0.0501975723906276,0.0533640878883428,-0.154791184651779,0.0543960398705243,-4.89584936063938
"Clothes_No+Fur_Brown",2,374,-0.0508172980635062,0.0504546899416639,-0.149708490349167,0.0480738942221551,-4.95476958531422
"Clothes_No+Fur_Brown",2,375,-0.0551691498856188,0.0455825432556573,-0.144510934666707,0.0341726348954695,-5.36749363615289
"Clothes_No+Fur_Brown",2,376,-0.0454378781307868,0.0558588626295246,-0.154921248884655,0.0640454926230815,-4.44210369204901
"Clothes_No+Fur_Brown",2,377,-0.048915569941853,0.0536988259863328,-0.154165268875065,0.0563341289913594,-4.77384741994722
"Clothes_No+Fur_Brown",2,379,-0.0547847290495698,0.0474687342114737,-0.147823448104058,0.0382539900049186,-5.33110793567647
"Clothes_No+Fur_Brown",2,380,-0.0551477326799524,0.0445391806378975,-0.142444526730232,0.0321490613703268,-5.3654668505974
"Clothes_No+Fur_Brown",2,381,-0.0577417774013563,0.0485597663034443,-0.152918919356107,0.0374353645533945,-5.61063493580811
"Clothes_No+Fur_Brown",2,382,-0.0471659219195967,0.0562039256032306,-0.157325616101929,0.0629937722627353,-4.60708932897736
"Clothes_No+Fur_Brown",2,384,-0.0509780530187279,0.0548395453105774,-0.15846356182746,0.0565074557900039,-4.97004734905255
"Clothes_No+Fur_Brown",2,385,-0.0476519297804024,0.0606843190879325,-0.16659319519275,0.0712893356319453,-4.65343976917713
"Clothes_No+Fur_Brown",2,386,-0.0533041191511723,0.0470580272847807,-0.145537852629342,0.0389296143269979,-5.19083641894297
"Clothes_No+Fur_Brown",2,387,-0.0453466717066301,0.0585972140312138,-0.160197211207809,0.069503867794549,-4.43338780056023
"Clothes_No+Fur_Brown",2,388,-0.0520682025940358,0.0488397222582828,-0.14779405822027,0.0436576530321984,-5.07358776405262
"Clothes_No+Fur_Brown",2,389,-0.0484391598207907,0.0568000137807499,-0.159767186831061,0.0628888671894791,-4.72846990877374
"Clothes_No+Fur_Brown",2,390,-0.0455199586805954,0.0586463987748734,-0.160466900279347,0.0694269829181564,-4.4499468148282
"Clothes_No+Fur_Brown",2,391,-0.0553360418208156,0.0528728590115703,-0.158966845483493,0.0482947618418621,-5.38328572045007
"Clothes_No+Fur_Brown",2,392,-0.0499795289631433,0.059518877055939,-0.166636527992784,0.0666774700664972,-4.87511026473638
"Clothes_No+Fur_Brown",2,393,-0.049307501050391,0.0552813554202735,-0.157658957674127,0.059043955573345,-4.81116219860078
"Clothes_No+Fur_Brown",2,395,-0.0488162127232032,0.0532936195210321,-0.153271706984426,0.0556392815380197,-4.7643855442391
"Clothes_No+Fur_Brown",2,396,-0.0550583820221223,0.0502539393009554,-0.153556103051995,0.0434393390077503,-5.35701081503651
"Clothes_No+Fur_Brown",2,397,-0.0573151538713219,0.0509685251340399,-0.15721346313404,0.0425831553913963,-5.57035762067243
"Clothes_No+Fur_Brown",2,398,-0.0575289755181603,0.0451177118411684,-0.14595969072685,0.0309017396905297,-5.59054656382289
"Clothes_No+Fur_Brown",2,399,-0.0498217448658669,0.0599787311116523,-0.167380057844705,0.0677365681129717,-4.86009988571258
"Clothes_No+Fur_Brown",2,400,-0.0494889698732703,0.0554694445309482,-0.158209081153929,0.0592311414073882,-4.82843443771401
"Clothes_No+Fur_Brown",2,401,-0.0579270935075478,0.0458185397080382,-0.147731431335303,0.0318772443202071,-5.62812518474521
"Clothes_No+Fur_Brown",2,402,-0.0611579353939293,0.0468185789663029,-0.152922350167883,0.0306064793800243,-5.93253377798459
"Clothes_No+Fur_Brown",2,403,-0.0503824547042513,0.0501725974457517,-0.148720745697925,0.0479558362894221,-4.91343081074513
"Clothes_No+Fur_Brown",2,404,-0.0501423675183047,0.0571397797491584,-0.162136335826655,0.0618516007900457,-4.89059900322463
"Clothes_No+Fur_Brown",2,405,-0.0518283490023552,0.0558512189587589,-0.161296738161523,0.0576400401568123,-5.05081659236799
"Clothes_No+Fur_Brown",2,407,-0.054898775170945,0.0438917112107854,-0.140926529144084,0.0311289788021944,-5.34190393999838
"Clothes_No+Fur_Brown",2,408,-0.0495639841997096,0.0605154466336266,-0.168174259601618,0.0690462912021985,-4.83557340083524
"Clothes_No+Fur_Brown",2,409,-0.0498793525528567,0.0608545932743131,-0.16915435537051,0.069395650264797,-4.86558051743382
"Clothes_No+Fur_Brown",2,410,-0.0468203485047537,0.0578042793855204,-0.160116736100374,0.0664760390908663,-4.57411837847109
"Clothes_No+Fur_Brown",2,411,-0.0562501752316105,0.0486260122952273,-0.151557159330256,0.039056808867035,-5.46973849948547
"Clothes_No+Fur_Brown",2,412,-0.0504097921538393,0.0524204066486895,-0.153153789185271,0.0523342048775922,-4.91603019950635
"Clothes_No+Fur_Brown",2,413,-0.0558173210481485,0.0442600274691596,-0.142566974887701,0.0309323327914043,-5.42881182332873
"Clothes_No+Fur_Brown",2,414,-0.0542169905015264,0.047041987542716,-0.14641928608525,0.0379853050821969,-5.27734549629045
"Clothes_No+Fur_Brown",2,415,-0.0560003155106056,0.045670352785863,-0.145514206970897,0.0335135759496859,-5.4461162437182
"Clothes_No+Fur_Brown",2,416,-0.0495826154516565,0.0568154603318364,-0.160940917702056,0.0617756867987427,-4.83734641672678
"Clothes_No+Fur_Brown",2,417,-0.0549096367323882,0.0447806596043991,-0.14267972955701,0.032860456092234,-5.34293206914128
"Clothes_No+Fur_Brown",2,418,-0.0575692476055175,0.0445438786156945,-0.144875249692279,0.0297367544812438,-5.59434855302148
"Clothes_No+Fur_Brown",2,419,-0.0632653677211348,0.0496316953854046,-0.160543490676528,0.0340127552342581,-6.13056585434657
"Clothes_No+Fur_Brown",2,420,-0.0559962271701377,0.0553330814679817,-0.164449066847382,0.0524566125071065,-5.44572967445863
"Clothes_No+Fur_Brown",2,421,-0.0545067297874798,0.044250674071918,-0.141238050968439,0.0322245913934794,-5.3047863950248
"Clothes_No+Fur_Brown",2,422,-0.0523143725836303,0.0563675766957389,-0.162794822907279,0.058166077740018,-5.09695292194665
"Clothes_No+Fur_Brown",2,423,-0.0511882122889265,0.0563611252637616,-0.161656017805899,0.0592795932280462,-4.99001667610559
"Clothes_No+Fur_Brown",2,426,-0.0566317862016486,0.0480215803315611,-0.150754083651508,0.0374905112482112,-5.5058054020741
"Clothes_No+Fur_Brown",2,427,-0.0526731068811725,0.0434873354894062,-0.137908284440409,0.0325620706780636,-5.13099179405434
"Clothes_No+Fur_Brown",2,428,-0.055076158405485,0.045158085963019,-0.143586006893002,0.0334336900820322,-5.35869321014136
"Clothes_No+Fur_Brown",2,429,-0.0550420358128244,0.0472143923918124,-0.147582244900777,0.037498173275128,-5.35546374828242
"Clothes_No+Fur_Brown",2,430,-0.0587243095522408,0.0471564722555801,-0.151150995173178,0.0337023760686962,-5.70332997629941
"Clothes_No+Fur_Brown",2,432,-0.0493133431545576,0.0546859349873408,-0.156497775729746,0.0578710894206304,-4.81171830008232
"Clothes_No+Fur_Brown",2,433,-0.0558424645168214,0.0450627268019887,-0.144165409048719,0.0324804800150765,-5.43118964114259
"Clothes_No+Fur_Brown",2,434,-0.0520525731507516,0.0589187350770154,-0.167533293901702,0.0634281476001986,-5.07210410548207
"Clothes_No+Fur_Brown",2,435,-0.0509932819870834,0.0534068273555201,-0.155670663603903,0.0536840996297359,-4.97149454617461
"Clothes_No+Fur_Brown",2,436,-0.0506013287860726,0.0573620564021322,-0.163030959334252,0.0618283017621065,-4.93424051883402
"Clothes_No+Fur_Brown",2,437,-0.0495811030736439,0.0564353736306782,-0.160194435389773,0.0610322292424853,-4.83720249471306
"Clothes_No+Fur_Brown",2,438,-0.0511289130426793,0.0540334886385886,-0.157034550774313,0.0547767246889542,-4.98438248865865
"Clothes_No+Fur_Brown",2,439,-0.05429716486806,0.0537845932198123,-0.159714967578892,0.0511206378427721,-5.28493952068455
"Clothes_No+Fur_Brown",2,440,-0.0533650375665255,0.0564490297275313,-0.164005135832487,0.0572750606994359,-5.19661186703193
"Clothes_No+Fur_Brown",2,441,-0.0456381566599669,0.0518195575933453,-0.147204489542924,0.05592817622299,-4.46123997061628
"Clothes_No+Fur_Brown",2,442,-0.0495513231091693,0.0520050635398957,-0.151481247647365,0.0523786014290264,-4.83436850778622
"Clothes_No+Fur_Brown",2,443,-0.0540796694759245,0.0597907014429164,-0.171269444304041,0.0631101053521916,-5.2643371910898
"Clothes_No+Fur_Brown",2,444,-0.0470253079879309,0.0573594539358176,-0.159449837702133,0.0653992217262715,-4.59367481364309
"Clothes_No+Fur_Brown",2,445,-0.0494643517155048,0.053348126685947,-0.154026680019961,0.0550979765889512,-4.82609146025843
"Clothes_No+Fur_Brown",2,446,-0.0454912548223973,0.0534744293142606,-0.150301136278348,0.0593186266335534,-4.44720412028798
"Clothes_No+Fur_Brown",2,447,-0.0514267007691406,0.053958016251953,-0.157184412622968,0.0543310110846872,-5.01267276091868
"Clothes_No+Fur_Brown",2,448,-0.0495464202144556,0.0531264299359874,-0.153674222888991,0.0545813824600797,-4.83390191957084
"Clothes_No+Fur_Brown",2,449,-0.0476493141452688,0.0556238071828142,-0.156671976223585,0.061373347933047,-4.65319037703816
"Clothes_No+Fur_Brown",2,451,-0.0454249103335175,0.0593854893309727,-0.161820469422224,0.0709706487551889,-4.44086450858749
"Clothes_No+Fur_Brown",2,452,-0.0519655239398773,0.0455297079976009,-0.141203751615175,0.0372727037354206,-5.06384034738289
"Clothes_No+Fur_Brown",2,453,-0.0502868499145816,0.0536280899229913,-0.155397906163645,0.0548242063344813,-4.9043396447248
"Clothes_No+Fur_Brown",2,454,-0.0571464266092219,0.0453722561566271,-0.146076048676211,0.0317831954577672,-5.55442342142358
"Clothes_No+Fur_Brown",2,455,-0.0566683556705263,0.0536672501384367,-0.161856165941862,0.0485194546008097,-5.50926094139857
"Clothes_No+Fur_Brown",2,456,-0.0562059374600451,0.0433423286720669,-0.141156901657296,0.0287450267372061,-5.46555659887289
"Clothes_No+Fur_Brown",2,457,-0.0534399944455903,0.042907750660003,-0.137539185739196,0.0306591968480155,-5.2037177668098
"Clothes_No+Fur_Brown",2,458,-0.0540330457335345,0.0411555938819295,-0.134698009742116,0.0266319182750473,-5.25992015698332
"Clothes_No+Fur_Brown",2,459,-0.0685205572523403,0.0456133948333808,-0.157922811125767,0.020881696621086,-6.62257359269608
"Clothes_No+Fur_Brown",2,460,-0.0506679928125181,0.0566104275489613,-0.161624430808482,0.0602884451834461,-4.94057777390232
"Clothes_No+Fur_Brown",2,461,-0.0566826338791358,0.0428872649731385,-0.140741673226487,0.0273764054682157,-5.51061009025078
"Clothes_No+Fur_Brown",2,462,-0.0537760281377394,0.0572480922693867,-0.165982288985737,0.0584302327102584,-5.23556715999632
"Clothes_No+Fur_Brown",2,463,-0.0494496942850415,0.0532577499558954,-0.153834884198596,0.0549354956285134,-4.82469644508844
"Clothes_No+Fur_Brown",2,464,-0.0604856583030649,0.0449239923198409,-0.148536683249953,0.0275653666438233,-5.86927311348271
"Clothes_No+Fur_Brown",2,465,-0.0477770856536526,0.0550703987349554,-0.155715067174165,0.06016089586686,-4.66537220446146
"Clothes_No+Fur_Brown",2,466,-0.0550452095550367,0.0459911460889201,-0.14518785588932,0.0350974367792467,-5.35576412516562
"Clothes_No+Fur_Brown",2,467,-0.0501043244854383,0.0510860217366067,-0.150232927089187,0.0500242781183108,-4.88698068433113
"Clothes_No+Fur_Brown",2,468,-0.0564153215003877,0.045566416745036,-0.145725498320658,0.0328948553198827,-5.48534853045415
"Clothes_No+Fur_Brown",2,470,-0.0574851628899843,0.0452803142062203,-0.146234578734176,0.0312642529542076,-5.5864101469302
"Clothes_No+Fur_Brown",2,471,-0.0505789692683065,0.0574487150012916,-0.163178450670838,0.062020512134225,-4.93211487053181
"Clothes_No+Fur_Brown",2,473,-0.0517033397729339,0.0524807684940526,-0.154565646021277,0.0511589664754091,-5.03894632618506
"Clothes_No+Fur_Brown",2,474,-0.0555097185156989,0.0480422075334508,-0.149672445281262,0.0386530082498647,-5.39971701175936
"Clothes_No+Fur_Brown",2,476,-0.056312570799247,0.0478385618164838,-0.150076151959555,0.0374510103610613,-5.47563658480151
"Clothes_No+Fur_Brown",2,477,-0.0549848151528937,0.0458251463911157,-0.144802102079481,0.0348324717736932,-5.35004797051355
"Clothes_No+Fur_Brown",2,478,-0.0559009220013191,0.0420109305969103,-0.138242345971263,0.026440501968625,-5.43671773432732
"Clothes_No+Fur_Brown",2,479,-0.0583012773956076,0.0387430129601361,-0.134237582797474,0.0176350280062591,-5.66343101393892
"Clothes_No+Fur_Brown",2,480,-0.0493807865723437,0.0539767712105987,-0.155175258145117,0.0564136850004297,-4.81813790665081
"Clothes_No+Fur_Brown",2,481,-0.0479462662630836,0.0595920103116567,-0.164746606473931,0.0688540739477636,-4.68149961063111
"Clothes_No+Fur_Brown",2,482,-0.0542489521603543,0.0431921072868866,-0.138905482442652,0.0304075781219435,-5.28037294107563
"Clothes_No+Fur_Brown",2,483,-0.0578021401321321,0.0492006535663398,-0.154235421122158,0.038631140857894,-5.61633236368169
"Clothes_No+Fur_Brown",2,484,-0.05464088035185,0.0558697318821955,-0.164145554840953,0.0548637941372531,-5.31748895932592
"Clothes_No+Fur_Brown",2,485,-0.049728071756574,0.0516154662573634,-0.150894385621006,0.0514382421078583,-4.85118741802829
"Clothes_No+Fur_Brown",2,486,-0.0559336647629177,0.0453737605149798,-0.144866235372278,0.0329989058464426,-5.43981394664498
"Clothes_No+Fur_Brown",2,487,-0.0575863455229978,0.0440999464622229,-0.144022240588955,0.0288495495429592,-5.59596267926045
"Clothes_No+Fur_Brown",2,488,-0.0579100362737482,0.0459377148789698,-0.147947957436529,0.0321278848890327,-5.6265154478836
"Clothes_No+Fur_Brown",2,489,-0.0561116118368439,0.0462611820315034,-0.146783528618591,0.0345603049449028,-5.45663915802013
"Clothes_No+Fur_Brown",2,490,-0.0545577851742033,0.0436866319228124,-0.140183583742916,0.031068013394509,-5.3096209723596
"Clothes_No+Fur_Brown",2,491,-0.0582053583206234,0.0451666939523364,-0.146732078467203,0.030321361825956,-5.65438190352039
"Clothes_No+Fur_Brown",2,492,-0.0569324941453343,0.0419509073404374,-0.139156272532592,0.025291284241923,-5.53421628511868
"Clothes_No+Fur_Brown",2,496,-0.0567042337163886,0.046522005427678,-0.147887364354637,0.0344788969218602,-5.51265102365295
"Clothes_No+Fur_Brown",2,497,-0.0569656760350568,0.0505319809222049,-0.156008358642578,0.0420770065724649,-5.53735078633183
"Clothes_No+Fur_Brown",2,498,-0.0563926796700226,0.0461016411287082,-0.146751896282291,0.0339665369422454,-5.48320852152179
"Clothes_No+Fur_Brown",2,499,-0.050242916326834,0.0553969843694739,-0.158821005691003,0.0583351730373349,-4.9001616594099
"Clothes_No+Fur_Brown",2,501,-0.0504786507763507,0.0537165634954792,-0.15576311522749,0.0548058136747887,-4.9225773252741
"Clothes_No+Fur_Brown",2,502,-0.0541147064412901,0.0457997404741009,-0.143882197770528,0.0356527848879477,-5.26765638307898
"Clothes_No+Fur_Brown",2,503,-0.0585630292524463,0.0452733368640464,-0.147298769505977,0.0301727110010846,-5.68812055463129
"Clothes_No+Fur_Brown",2,504,-0.0532828659974733,0.0556978037359597,-0.162450561319954,0.0558848293250078,-5.18882140380468
"Clothes_No+Fur_Brown",2,505,-0.0511962178241309,0.0556493134367754,-0.160268872160211,0.0578764365119489,-4.99077727882734
"Clothes_No+Fur_Brown",2,506,-0.0601914787406856,0.0458832158009759,-0.150122581710598,0.0297396242292272,-5.84157770392879
"Clothes_No+Fur_Brown",2,507,-0.0571187849477175,0.0433254428972841,-0.142036653026394,0.0277990831309593,-5.55181275268376
"Clothes_No+Fur_Brown",2,508,-0.0586459045988285,0.0473714547038808,-0.151493955818435,0.0342021466207779,-5.69593636043501
"Clothes_No+Fur_Brown",2,509,-0.0563783782386034,0.0493795431955506,-0.153162282901883,0.0404055264246759,-5.48185678644464
"Clothes_No+Fur_Brown",2,510,-0.0482362909843209,0.0541990291515962,-0.154466388121449,0.0579938061528077,-4.7091403236965
"Clothes_No+Fur_Brown",2,511,-0.05679659943333,0.0467437439889219,-0.148414337651617,0.0348211387849569,-5.52137801233955
"Clothes_No+Fur_Brown",2,514,-0.0568801803145378,0.0472701808637203,-0.14952973480743,0.035769374178354,-5.52927428882711
"Clothes_No+Fur_Brown",2,515,-0.053763108251319,0.0476404320862672,-0.147138355140403,0.0396121386377648,-5.2343428063781
"Clothes_No+Fur_Brown",2,516,-0.0469540431248939,0.0621076267584309,-0.168684991571418,0.0747769053216306,-4.58687545267094
"Clothes_No+Fur_Brown",2,517,-0.0549714656836748,0.0482634134312127,-0.149567756008852,0.0396248246415022,-5.34878443545861
"Clothes_No+Fur_Brown",2,519,-0.0550567109608733,0.0466322483821982,-0.146455917789982,0.0363424958682352,-5.35685266067266
"Clothes_No+Fur_Brown",2,520,-0.0485243874548417,0.0563005190246843,-0.158873404743223,0.0618246298335395,-4.73658932987139
"Clothes_No+Fur_Brown",2,522,-0.0471052033353458,0.0547998778518522,-0.154512963924976,0.0603025572542844,-4.60129703064555
"Clothes_No+Fur_Brown",2,523,-0.0572634330305713,0.0423695801573338,-0.140307810138945,0.0257809440778029,-5.56547351387282
"Clothes_No+Fur_Brown",2,524,-0.0490196063058916,0.056992530012029,-0.160724965129468,0.0626857525176853,-4.78375388729767
"Clothes_No+Fur_Brown",2,525,-0.0584390001544312,0.0432891594664928,-0.143285752708757,0.0264077523998947,-5.67642241185152
"Clothes_No+Fur_Brown",2,526,-0.0535898414476328,0.0469430246651045,-0.145598169791238,0.0384184868959721,-5.21792164127663
"Clothes_No+Fur_Brown",2,527,-0.0561767793762931,0.0581814108197966,-0.170212344583095,0.0578587858305083,-5.46280011546806
"Clothes_No+Fur_Brown",2,528,-0.0480660411947801,0.0560411506713303,-0.157906696510587,0.0617746141210273,-4.69291569381073
"Clothes_No+Fur_Brown",2,529,-0.0521718273344641,0.0554059598362378,-0.16076750861349,0.0564238539445619,-5.08342397923394
"Clothes_No+Fur_Brown",2,530,-0.0479340741649037,0.0551929337744513,-0.156112224362828,0.0602440760330209,-4.68033747103157
"Clothes_No+Fur_Brown",2,531,-0.0546822054660022,0.0461076356527653,-0.145053171345422,0.0356887604134179,-5.32140164405627
"Clothes_No+Fur_Brown",2,532,-0.0508315867645578,0.0563839795161743,-0.161344186616259,0.0596810130871438,-4.9561276484955
"Clothes_No+Fur_Brown",2,534,-0.058646745955162,0.0482552119556583,-0.153226961388252,0.0359334694779282,-5.69601570372285
"Clothes_No+Fur_Brown",2,535,-0.0496238826290718,0.0564561252700068,-0.160277888158285,0.0610301229001416,-4.84127342980658
"Clothes_No+Fur_Brown",2,536,-0.0517626129162703,0.0506790745413766,-0.151093599017368,0.0475683731848279,-5.04457479952054
"Clothes_No+Fur_Brown",2,537,-0.0549380520578632,0.0446914158787036,-0.142533227180122,0.0326571230643958,-5.3456217423209
"Clothes_No+Fur_Brown",2,538,-0.0568954285865798,0.0469480823956515,-0.148913670082057,0.0351228129088972,-5.53071479317013
"Clothes_No+Fur_Brown",2,539,-0.0583026752749228,0.0454535111159501,-0.147391557062185,0.0307862065123395,-5.66356288498521
"Clothes_No+Fur_Brown",2,540,-0.0583837620062755,0.0469403080026723,-0.150386765691513,0.0336192416789623,-5.67121200819294
"Clothes_No+Fur_Brown",2,541,-0.0563873736274026,0.045441147021226,-0.145452021789006,0.0326772745342005,-5.48270701006738
"Clothes_No+Fur_Brown",2,542,-0.0494608402300843,0.0535395312330265,-0.154398321446816,0.0554766409866476,-4.8257572578794
"Clothes_No+Fur_Brown",2,543,-0.0509349808183613,0.0522196474015291,-0.153285489725358,0.0514155280886356,-4.96595411173941
"Clothes_No+Fur_Brown",2,544,-0.0472106885116124,0.0552648320668197,-0.155529759362579,0.0611083823393542,-4.61135964890601
"Clothes_No+Fur_Brown",2,545,-0.0559222122308633,0.043312197990415,-0.140814120292077,0.0289696958303501,-5.43873098688182
"Clothes_No+Fur_Brown",2,546,-0.0564233646427804,0.04731959894237,-0.149169778569826,0.0363230492842648,-5.48610872219695
"Clothes_No+Fur_Brown",2,547,-0.0514616973075089,0.0579253305335184,-0.164995345153205,0.0620719505381872,-5.01599693039334
"Clothes_No+Fur_Brown",2,548,-0.055632111623293,0.043477897258366,-0.14084879024969,0.0295845670031044,-5.41129472584292
"Clothes_No+Fur_Brown",2,550,-0.0500853019584275,0.0555052544307764,-0.158875600642749,0.0587049967258943,-4.88517137714338
"Clothes_No+Fur_Brown",2,551,-0.0557671713907926,0.0460132738605209,-0.145953188157414,0.0344188453758283,-5.42406899172123
"Clothes_No+Fur_Brown",2,552,-0.0544615149287635,0.059003889005958,-0.170109137380441,0.0611861075229142,-5.30050466752241
"Clothes_No+Fur_Brown",2,553,-0.0580084302334148,0.0467937653429225,-0.149724210305543,0.0337073498387133,-5.63580077189882
"Clothes_No+Fur_Brown",2,554,-0.057619320600628,0.045594725625143,-0.146984982825908,0.0317463416246522,-5.59907560839489
"Clothes_No+Fur_Brown",2,555,-0.0548907156589159,0.0461385996221998,-0.145322370918428,0.0355409396005957,-5.34114103886024
"Clothes_No+Fur_Brown",2,556,-0.0564087404952371,0.0428417766729946,-0.140378622774306,0.0275611417838323,-5.48472652699932
"Clothes_No+Fur_Brown",2,557,-0.0481159655190525,0.056087630741999,-0.158047721773371,0.0618157907352656,-4.69767371682155
"Clothes_No+Fur_Brown",2,558,-0.0581150577735112,0.0472820222738933,-0.150787821430342,0.0345577058833196,-5.64586205792106
"Clothes_No+Fur_Brown",2,559,-0.0523922546723503,0.0508080410857963,-0.151976015200511,0.0471915058558105,-5.10434388166356
"Clothes_No+Fur_Brown",2,560,-0.049601142183808,0.0563036099511788,-0.159956217688118,0.0607539333205025,-4.83910945338883
"Clothes_No+Fur_Brown",2,562,-0.0532531447526888,0.0579666151033434,-0.166867710355242,0.0603614208498643,-5.18600345568105
"Clothes_No+Fur_Brown",2,564,-0.0432050110980986,0.056632857049227,-0.154205410914584,0.0677953887183864,-4.22849722700113
"Clothes_No+Fur_Brown",2,565,-0.0491033830453526,0.0581562353300992,-0.163089604292347,0.0648828382016419,-4.79173045981043
"Clothes_No+Fur_Brown",2,566,-0.0483528509715096,0.0619766618998784,-0.169827108295271,0.0731214063522521,-4.72024677778292
"Clothes_No+Fur_Brown",2,567,-0.0566416704153485,0.0466963253511022,-0.148166468103509,0.0348831272728118,-5.50673939827099
"Clothes_No+Fur_Brown",2,568,-0.056954728754771,0.0559359708968063,-0.166589231712511,0.0526797742029694,-5.53631667157399
"Clothes_No+Fur_Brown",2,570,-0.0553596819600376,0.0436797428350504,-0.140971977916736,0.0302526139966612,-5.38552244631
"Clothes_No+Fur_Brown",2,571,-0.0582984489467612,0.0479826757009291,-0.152344493320582,0.0357475954270599,-5.66316418740185
"Clothes_No+Fur_Brown",2,572,-0.0582638217673866,0.0447578788726298,-0.145989264357741,0.0294616208229678,-5.65989751230899
"Clothes_No+Fur_Brown",2,573,-0.0538813686153379,0.0422335955618361,-0.136659215916537,0.0288964786858608,-5.24554916484723
"Clothes_No+Fur_Brown",2,577,-0.050607137732998,0.054682758295476,-0.157785343992131,0.0565710685261349,-4.93479274918133
"Clothes_No+Fur_Brown",2,578,-0.0487332132535811,0.0514186333255303,-0.14951373457162,0.0520473080644582,-4.75648071070619
"Clothes_No+Fur_Brown",2,580,-0.0579637840133018,0.0448794400573051,-0.14592748652562,0.0299999184990161,-5.63158767304054
"Clothes_No+Fur_Brown",2,581,-0.0557371550171633,0.0464330973912848,-0.146746025904082,0.0352717158697549,-5.42123012263369
"Clothes_No+Fur_Brown",2,582,-0.0560965651344169,0.0438845039854939,-0.142110192945985,0.029917062677151,-5.45521658150058
"Clothes_No+Fur_Brown",2,583,-0.0571865390557115,0.0428553428240081,-0.141183010990767,0.0268099328793444,-5.55821178857942
"Clothes_No+Fur_Brown",2,584,-0.0588533743547114,0.0457520049398284,-0.148527304036775,0.0308205553273522,-5.71549957203953
"Clothes_No+Fur_Brown",2,585,-0.0650153162811089,0.0485609898393646,-0.160194856366263,0.0301642238040457,-6.29468889013716
"Clothes_No+Fur_Brown",2,587,-0.0581577049117705,0.0418059169067071,-0.140097302048916,0.0237818922253755,-5.64988590608381
"Clothes_No+Fur_Brown",2,588,-0.0554353979135959,0.0576962048222881,-0.168519959365281,0.0576491635380888,-5.39268600049732
"Clothes_No+Fur_Brown",2,589,-0.0579891994049076,0.0570572908551861,-0.169821489481072,0.0538430906712572,-5.63398605271703
"Clothes_No+Fur_Brown",2,590,-0.0551676296114885,0.0560796458975105,-0.165083735570609,0.0547484763476321,-5.36734976869222
"Clothes_No+Fur_Brown",2,591,-0.0562273280957557,0.0456973644773685,-0.145794162471398,0.0333395062798865,-5.46757872908639
"Clothes_No+Fur_Brown",2,592,-0.055280873067685,0.0513428595650187,-0.155912877815122,0.0453511316797517,-5.37806569030799
"Clothes_No+Fur_Brown",2,593,-0.0476033432765293,0.0554633431330892,-0.156311495817384,0.0611048092643256,-4.6488071006175
"Clothes_No+Fur_Brown",2,594,-0.0524576374086121,0.056426741071451,-0.163054049908656,0.0581387750914319,-5.11054821648953
"Clothes_No+Fur_Brown",2,595,-0.0459893595665999,0.0553381587983375,-0.154452150811341,0.0624734316781416,-4.49478756948278
"Clothes_No+Fur_Brown",2,596,-0.0557036797248972,0.0460420358405887,-0.145946069972451,0.0345387105226567,-5.41806401767703
"Clothes_No+Fur_Brown",2,597,-0.0563820246647589,0.0445005670369686,-0.143603136057217,0.0308390867276995,-5.48220143924585
"Clothes_No+Fur_Brown",2,598,-0.055507428024177,0.0480406203639796,-0.149667043937577,0.0386521878892231,-5.39950033036506
"Clothes_No+Fur_Brown",2,599,-0.0578650628539722,0.0485746006179604,-0.153071280065175,0.0373411543572302,-5.62227105410538
"Clothes_No+Fur_Brown",2,600,-0.0568238030658222,0.0406868591844175,-0.13657004706728,0.0229224409356361,-5.52394813909192
"Clothes_No+Fur_Brown",2,601,-0.0469631623408933,0.0553495664624585,-0.155448312607312,0.0615219879255255,-4.58774554159559
"Clothes_No+Fur_Brown",2,603,-0.0574635830816295,0.0478777517027808,-0.15130397641908,0.0363768102558208,-5.58437269777128
"Clothes_No+Fur_Brown",2,604,-0.0517437331718244,0.0529605524346064,-0.155546415943653,0.0520589496000042,-5.04278204843572
"Clothes_No+Fur_Brown",2,605,-0.0563726782264867,0.0486647961677682,-0.151755678715312,0.0390103222623391,-5.48131803034763
"Clothes_No+Fur_Brown",2,607,-0.0515062149954002,0.0573612963370367,-0.163934355815992,0.0609219258251917,-5.02022530447725
"Clothes_No+Fur_Brown",2,608,-0.0577735663748805,0.0450959183413775,-0.14616156632398,0.0306144335742194,-5.61363542914354
"Clothes_No+Fur_Brown",2,609,-0.0566142337442502,0.0438831448164543,-0.142625197584501,0.0293967300960002,-5.50414678219264
"Clothes_No+Fur_Brown",2,610,-0.0542780575079338,0.0468709190551793,-0.146145058856085,0.0375889438402177,-5.28312974862467
"Clothes_No+Fur_Brown",2,611,-0.046596401986124,0.0572512555155245,-0.158808862796552,0.0656160588243039,-4.55274569141468
"Clothes_No+Fur_Brown",2,612,-0.0486839501179057,0.047613195330849,-0.14200581296637,0.0446379127305583,-4.75178860072015
"Clothes_No+Fur_Brown",2,613,-0.0564460884502688,0.0458588191624336,-0.146329374008639,0.033437197108101,-5.48825641326537
"Clothes_No+Fur_Brown",2,615,-0.0547462282695333,0.0492663152753423,-0.151308206209204,0.0418157496701377,-5.32746303932158
"Clothes_No+Fur_Brown",2,617,-0.0554952569880844,0.0419978690475195,-0.137811080321223,0.0268205663450538,-5.3983489372624
"Clothes_No+Fur_Brown",2,618,-0.051179442781757,0.0605055882925684,-0.169770395835191,0.067411510271677,-4.98918348172231
"Clothes_No+Fur_Brown",2,619,-0.0448739015505692,0.058534535485803,-0.159601591102743,0.0698537880016045,-4.38819607658903
"Clothes_No+Fur_Brown",2,620,-0.0568339210404522,0.0487709698004233,-0.152425021849282,0.0387571797683774,-5.52490404055189
"Clothes_No+Fur_Brown",2,621,-0.056578418758361,0.0434381199034614,-0.141717133769145,0.0285602962524234,-5.50076235393679
"Clothes_No+Fur_Brown",2,622,-0.048574597741442,0.0547221497030212,-0.155830011159364,0.0586808156764795,-4.74137241294267
"Clothes_No+Fur_Brown",2,623,-0.0580338803437297,0.0467574170895475,-0.149678417839243,0.0336106571517833,-5.63820232061899
"Clothes_No+Fur_Brown",2,624,-0.0573438117621936,0.047426617194909,-0.150299981464215,0.0356123579398281,-5.57306373628282
"Clothes_No+Fur_Brown",2,625,-0.0492163156937726,0.0599487104271132,-0.166715788130914,0.0682831567433693,-4.80248197473113
"Clothes_No+Fur_Brown",2,626,-0.0570650560678625,0.0454745156004772,-0.146195106644798,0.0320649945090729,-5.54673802105002
"Clothes_No+Fur_Brown",2,627,-0.0522655827464076,0.0599361421482007,-0.169740421356881,0.0652092558640657,-5.09232250477005
"Clothes_No+Fur_Brown",2,629,-0.0602003878504642,0.0468745011560145,-0.152074410116253,0.0316736344153242,-5.84241656791283
"Clothes_No+Fur_Brown",2,630,-0.0501490243753127,0.0483402053424493,-0.144895826846513,0.0445977780958879,-4.89123213079987
"Clothes_No+Fur_Brown",2,631,-0.0582494805472635,0.042761947616557,-0.142062897875715,0.0255639367811882,-5.65854455043123
"Clothes_No+Fur_Brown",2,632,-0.0494192129579381,0.0590486147296438,-0.16515449782804,0.0663160719121638,-4.82179533131395
"Clothes_No+Fur_Brown",2,633,-0.0586172850295181,0.0475523270435413,-0.151819846034859,0.034585275975823,-5.69323738012777
"Clothes_No+Fur_Brown",2,634,-0.0585812904135646,0.044511307305181,-0.145823452731719,0.0286608719045901,-5.68984278333222
"Clothes_No+Fur_Brown",2,636,-0.0558971490641643,0.0471344028453786,-0.148280578641106,0.0364862805127778,-5.43636095233313
"Clothes_No+Fur_Brown",2,638,-0.0566626578189475,0.045454592585828,-0.14575365928717,0.0324283436492755,-5.508722545658
"Clothes_No+Fur_Brown",2,639,-0.0592936076205953,0.0436199635928124,-0.144788736262508,0.0262015210213169,-5.75699761050645
"Clothes_No+Fur_Brown",2,640,-0.061212965963665,0.0443444801535658,-0.148128147064654,0.0257022151373239,-5.93771022181175
"Clothes_No+Fur_Brown",2,641,-0.0521271980077077,0.0582279640413274,-0.166254007528709,0.061999611513294,-5.07918782182039
"Clothes_No+Fur_Brown",2,642,-0.0497432452979781,0.0613335614965887,-0.169957025831292,0.0704705352353358,-4.85263115152225
"Clothes_No+Fur_Brown",2,643,-0.0550431934385811,0.048615328002168,-0.15032923632283,0.0402428494456682,-5.3555733111719
"Clothes_No+Fur_Brown",2,645,-0.057878072264966,0.0449859038622042,-0.146050443834886,0.0302942993049543,-5.62349884478347
"Clothes_No+Fur_Brown",2,646,-0.0530917137560572,0.0453157198599506,-0.14191052468156,0.0357270971694461,-5.170696302233
"Clothes_No+Fur_Brown",2,648,-0.0560170432910249,0.0458795182945226,-0.145940899148289,0.0339068125662394,-5.44769790709457
"Clothes_No+Fur_Brown",2,649,-0.054001308744779,0.0388794907544075,-0.130205110623418,0.0222024931338598,-5.25691334442131
"Clothes_No+Fur_Brown",2,650,-0.0584243243178025,0.0455088223884736,-0.147621616199211,0.0307729675636058,-5.67503812427884
"Clothes_No+Fur_Brown",2,651,-0.055164895628625,0.0428010541079359,-0.139054961680179,0.0287251704229294,-5.36709104429449
"Clothes_No+Fur_Brown",2,653,-0.0507294205749054,0.0560118340687808,-0.160512615349716,0.0590537741999049,-4.94641688215998
"Clothes_No+Fur_Brown",2,655,-0.0552410167781269,0.0454965152377675,-0.144414186644151,0.0339321530878975,-5.37429433594
"Clothes_No+Fur_Brown",2,656,-0.0545536124283398,0.0439742495026082,-0.140743141453452,0.0316359165967724,-5.30922585264784
"Clothes_No+Fur_Brown",2,657,-0.0573275277683765,0.0472718410836407,-0.149980336292312,0.0353252807555593,-5.57152607611695
"Clothes_No+Fur_Brown",2,658,-0.0560017044335545,0.0480827226642032,-0.150243840855393,0.0382404319882838,-5.44624757168606
"Clothes_No+Fur_Brown",2,659,-0.0547996367106693,0.0461259616946827,-0.145206521632247,0.0356072482109088,-5.33251921691655
"Clothes_No+Fur_Brown",2,660,-0.0474824131427864,0.0607712283542352,-0.166594020717087,0.0716291944315146,-4.63727557086697
"Clothes_No+Fur_Brown",2,661,-0.0592083133478813,0.0466159760684962,-0.150575626442134,0.0321589997463713,-5.74895887933526
"Clothes_No+Fur_Brown",2,662,-0.0555480337843465,0.0471588863722325,-0.147979451073922,0.0368833835052292,-5.40334157757766
"Clothes_No+Fur_Brown",2,664,-0.0561804630385034,0.0460639734761937,-0.146465851051843,0.0341049249748362,-5.46314835793734
"Clothes_No+Fur_Brown",2,666,-0.0583347013326376,0.0417107631880712,-0.140087797181257,0.023418394515982,-5.66658406078643
"Clothes_No+Fur_Brown",2,667,-0.0573384250088662,0.0405923531233013,-0.136899437130537,0.0222225871128043,-5.57255508029971
"Clothes_No+Fur_Brown",2,668,-0.0520601342197776,0.0427642220146581,-0.135878009368507,0.0317577409289522,-5.07282185914192
"Clothes_No+Fur_Brown",2,669,-0.0575967479305544,0.0481812544540418,-0.152032006660476,0.0368385107993676,-5.59694470342393
"Clothes_No+Fur_Brown",2,670,-0.0512627290982031,0.0462902837567398,-0.141991685261413,0.039466227065007,-4.99709625313529
"Clothes_No+Fur_Brown",2,671,-0.057359473189205,0.0457810629651554,-0.14709035660091,0.0323714102224996,-5.57454258527256
"Clothes_No+Fur_Brown",2,672,-0.0553649548129835,0.0419056758896802,-0.137500079556757,0.0267701699307896,-5.38602133322143
"Clothes_No+Fur_Brown",2,673,-0.0577729424983704,0.0471969522564194,-0.150278968920952,0.0347330839242117,-5.61357654368945
"Clothes_No+Fur_Brown",2,674,-0.0546287447524063,0.047490420476773,-0.147709968886881,0.0384524793820688,-5.3163399233255
"Clothes_No+Fur_Brown",2,677,-0.056175588505533,0.0423508712480815,-0.139183296151773,0.0268321191407068,-5.46268753381394
"Clothes_No+Fur_Brown",2,678,-0.0553097650461237,0.0483978689437238,-0.150169588175822,0.039550058083575,-5.38079946570162
"Clothes_No+Fur_Brown",2,679,-0.0575865032975884,0.0402981852249137,-0.136570946338419,0.0213979397432424,-5.59597757381761
"Clothes_No+Fur_Brown",2,681,-0.0545306688544572,0.0522835503980941,-0.157006427634722,0.0479450899258072,-5.30705328295202
"Clothes_No+Fur_Brown",2,682,-0.0480230632391209,0.0558298486372408,-0.157449566568113,0.061403440089871,-4.68881950214507
"Clothes_No+Fur_Brown",2,683,-0.0488574805210016,0.056380152218178,-0.15936257886863,0.0616476178266274,-4.76831562722617
"Clothes_No+Fur_Brown",2,684,-0.047862999285711,0.0557271071754186,-0.157088129349531,0.0613621307781094,-4.67356239676668
"Clothes_No+Fur_Brown",2,685,-0.0537864042965182,0.0444932995248154,-0.140993271365156,0.0334204627721201,-5.23655044569669
"Clothes_No+Fur_Brown",2,686,-0.0552626585726542,0.0513176341832271,-0.155845221571779,0.0453199044264709,-5.37634218385936
"Clothes_No+Fur_Brown",2,687,-0.0534369760077154,0.0475058963030622,-0.146548532761717,0.0396745807462866,-5.20343162968926
"Clothes_No+Fur_Brown",2,688,-0.0540565667216679,0.0482489835170372,-0.148624574415061,0.0405114409717251,-5.26214851107042
"Clothes_No+Fur_Brown",2,689,-0.0557688527995766,0.048349436357067,-0.150533748059428,0.0389960424602746,-5.4242280123887
"Clothes_No+Fur_Brown",2,691,-0.057826856482749,0.0433336794152724,-0.142760868136683,0.0271071551711849,-5.61866515467434
"Clothes_No+Fur_Brown",2,692,-0.0554027160071909,0.0392715419803197,-0.132374938288617,0.0215695062742357,-5.38959400259004
"Clothes_No+Fur_Brown",2,693,-0.0550786531530531,0.0506841273766169,-0.154419542811222,0.0442622365051161,-5.3589293160168
"Clothes_No+Fur_Brown",2,694,-0.0525235499953892,0.0449411971619553,-0.140608296432822,0.0355611964420431,-5.11680241959683
"Clothes_No+Fur_Brown",2,695,-0.0560032294304335,0.0504065008307253,-0.154799971058655,0.042793512197788,-5.44639176575347
"Clothes_No+Fur_Brown",2,696,-0.0597931321043057,0.0447834930867335,-0.147568778554303,0.0279825143456919,-5.80406254159702
"Clothes_No+Fur_Brown",2,697,-0.0544185072909081,0.0447443865557752,-0.142117504940227,0.0332804903584112,-5.29643177834003
"Clothes_No+Fur_Brown",2,698,-0.0528388234646313,0.0528986300313198,-0.156520138326018,0.0508424913967555,-5.14671185939662
"Clothes_No+Fur_Brown",2,699,-0.0566670016864771,0.0401473919777017,-0.135355889962772,0.0220218865898183,-5.50913300235847
"Clothes_No+Fur_Brown",2,701,-0.0474088872207414,0.0568561991110022,-0.158847037478306,0.064029263036823,-4.63026368084992
"Clothes_No+Fur_Brown",2,702,-0.0584886964042922,0.0467525122806964,-0.150123620474457,0.0331462276658729,-5.68110982345677
"Clothes_No+Fur_Brown",2,703,-0.0574241600930001,0.0416669537397065,-0.139091389422825,0.0242430692368247,-5.58065047819968
"Clothes_No+Fur_Brown",2,704,-0.0576916252030856,0.0419993960496343,-0.140010441460369,0.0246271910541977,-5.60590098294869
"Clothes_No+Fur_Brown",2,705,-0.0565009158445126,0.0442002169618408,-0.143133341089721,0.0301315094006953,-5.49343810384108
"Clothes_No+Fur_Brown",2,706,-0.0533101792471336,0.0479056959452082,-0.147205343299742,0.0405849848054745,-5.19141096983138
"Clothes_No+Fur_Brown",2,707,-0.0557327062846465,0.0439358053038197,-0.141846884680133,0.03038147211084,-5.42080936604882
"Clothes_No+Fur_Brown",2,708,-0.0586447673963889,0.0482286111517785,-0.153172845253875,0.0358833104610968,-5.69582911756279
"Clothes_No+Fur_Brown",2,709,-0.0554358094730586,0.0459376946766855,-0.145473691039362,0.034602072093245,-5.39272493702462
"Clothes_No+Fur_Brown",2,710,-0.0604132208067192,0.0477969865926478,-0.154095314528309,0.0332688729148704,-5.86245427233094
"Clothes_No+Fur_Brown",2,711,-0.054382903291741,0.0476081394286857,-0.147694856571965,0.038929049988483,-5.29305989254998
"Clothes_No+Fur_Brown",2,712,-0.0526361529431312,0.0438684285679997,-0.138618272936411,0.0333459670501481,-5.12748594582602
"Clothes_No+Fur_Brown",2,714,-0.0542658840402659,0.0469051402080403,-0.146199958848025,0.0376681907674931,-5.28197670884883
"Clothes_No+Fur_Brown",2,715,-0.0606266930154791,0.0468921220108714,-0.152535252156787,0.0312818661258288,-5.88254787735524
"Clothes_No+Fur_Brown",2,719,-0.0558136725295688,0.0452528315298316,-0.144509222328039,0.0328818772689011,-5.42846677796212
"Clothes_No+Fur_Brown",2,720,-0.0544786012106803,0.0452089154975538,-0.143088075585886,0.034130873164525,-5.30212271597379
"Clothes_No+Fur_Brown",2,721,-0.0560513096891908,0.0464962901195017,-0.147184038323414,0.0350814189450325,-5.45093781841523
"Clothes_No+Fur_Brown",2,722,-0.0535603913739364,0.0463487633500144,-0.144403967539965,0.0372831847920919,-5.21513026098089
"Clothes_No+Fur_Brown",2,723,-0.0545899225059949,0.0389995906428777,-0.131029120166035,0.0218492751540453,-5.31266401958992
"Clothes_No+Fur_Brown",2,726,-0.053214817672237,0.0440181746848765,-0.139490440054595,0.0330608047101209,-5.18236944236744
"Clothes_No+Fur_Brown",2,727,-0.0526171798482944,0.0606838758894924,-0.171557576591699,0.0663232168951107,-5.12568590354332
"Clothes_No+Fur_Brown",2,728,-0.0546135881244876,0.0452536590880347,-0.143310759937036,0.0340835836880604,-5.31490482744417
"Clothes_No+Fur_Brown",2,729,-0.0571479132255682,0.0492677249759825,-0.153712654178494,0.0394168277273575,-5.5545638256572
"Clothes_No+Fur_Brown",2,730,-0.0572165109347629,0.0469321321868548,-0.149203490020998,0.0347704681514724,-5.56104234401436
"Clothes_No+Fur_Brown",2,731,-0.0564456473464714,0.0481626729610549,-0.150844486350139,0.0379531916571963,-5.48821472376718
"Clothes_No+Fur_Brown",2,733,-0.051159303159127,0.0478402930438069,-0.144926277524988,0.0426076712067345,-4.98726998046333
"Clothes_No+Fur_Brown",2,734,-0.0578005400222889,0.045058178501441,-0.146114569885113,0.0305134898405354,-5.61618133932524
"Clothes_No+Fur_Brown",2,735,-0.0554972398767843,0.0428764652827223,-0.13953511183092,0.0285406320773514,-5.3985365216213
"Clothes_No+Fur_Brown",2,736,-0.0567800289332014,0.0500328139677538,-0.154844344309999,0.041284286443596,-5.51981244135065
"Clothes_No+Fur_Brown",2,737,-0.059528610842293,0.0500058169349428,-0.157540012034781,0.038482790350195,-5.77914241753803
"Clothes_No+Fur_Brown",2,738,-0.0527157593515485,0.0576839035164634,-0.165776210243817,0.0603446915407197,-5.13503810532324
"Clothes_No+Fur_Brown",2,739,-0.0568251401000099,0.0460785702830872,-0.147139137854861,0.033488857654841,-5.52407445671874
"Clothes_No+Fur_Brown",2,740,-0.0594849828235378,0.0440018734634937,-0.145728654811985,0.0267586891649098,-5.77503165852481
"Clothes_No+Fur_Brown",2,741,-0.0468748530087381,0.0553899556679104,-0.155439166117843,0.0616894601003662,-4.57931937707594
"Clothes_No+Fur_Brown",2,742,-0.0584707273738801,0.0480628480435918,-0.15267390953932,0.0357324547915599,-5.67941498922354
"Clothes_No+Fur_Brown",2,743,-0.0503186153221621,0.0540495218223292,-0.156255678093927,0.055618447449603,-4.90736034915792
"Clothes_No+Fur_Brown",2,744,-0.0492953628573408,0.0549392206031573,-0.156976235239529,0.0583855095248476,-4.81000677109894
"Clothes_No+Fur_Brown",2,745,-0.047242824930275,0.0580535412280842,-0.16102776573732,0.0665421158767701,-4.61442504893224
"Clothes_No+Fur_Brown",2,747,-0.0486139002918715,0.0540485978512367,-0.154549152080295,0.0573213514965525,-4.74511624638566
"Clothes_No+Fur_Brown",2,748,-0.0552925570549195,0.0471813729109797,-0.14776804796044,0.0371829338506008,-5.37917124532191
"Clothes_No+Fur_Brown",2,750,-0.0487281903588828,0.0554098183073894,-0.157331434241366,0.0598750535236004,-4.75600231133662
"Clothes_No+Fur_Brown",2,751,-0.0526646332972656,0.057737333060402,-0.165829806095654,0.0605005395011223,-5.13018791014727
"Clothes_No+Fur_Brown",2,752,-0.0556592444166641,0.0417027436353143,-0.13739662194188,0.0260781331085518,-5.41386114682113
"Clothes_No+Fur_Brown",2,753,-0.0481917342789177,0.060151693418241,-0.16608905337867,0.0697055848208347,-4.70489438234241
"Clothes_No+Fur_Brown",2,754,-0.0520150582229664,0.0516416579251556,-0.153232707756271,0.0492025913103385,-5.06854282552261
"Clothes_No+Fur_Brown",2,755,-0.0612064239148495,0.0471033549522648,-0.153528999621288,0.0311161517915894,-5.93709485970746
"Clothes_No+Fur_Brown",2,756,-0.0515712066726272,0.0549039681278273,-0.159182984203169,0.0560405708579143,-5.0263979987483
"Clothes_No+Fur_Brown",2,757,-0.0461680993468577,0.0551526221122208,-0.15426723868681,0.061931039993095,-4.51185662466106
"Clothes_No+Fur_Brown",2,758,-0.0552137785469597,0.0469982980500993,-0.147330442725154,0.036902885631235,-5.37171686399204
"Clothes_No+Fur_Brown",2,759,-0.0550256827255823,0.0446710124744183,-0.142580867175442,0.0325295017242776,-5.35391600526895
"Clothes_No+Fur_Brown",2,760,-0.0589949623463603,0.0469811140778675,-0.151077945938981,0.0330880212462601,-5.72884818007514
"Clothes_No+Fur_Brown",2,761,-0.0546364004815274,0.0473643016761419,-0.147470431766765,0.0381976308037107,-5.31706479300453
"Clothes_No+Fur_Brown",2,762,-0.0520878523883085,0.0564754877713931,-0.162779808420239,0.058604103643622,-5.075453030198
"Clothes_No+Fur_Brown",2,763,-0.0465429062397635,0.0593861239414793,-0.162939709165063,0.069853896685536,-4.54763953272972
"Clothes_No+Fur_Brown",2,764,-0.0505909471956043,0.0553224653816385,-0.159022979343616,0.0578410849524072,-4.93325357992853
"Clothes_No+Fur_Brown",2,765,-0.0507736781269416,0.0550295023891647,-0.158631502809704,0.0570841465558211,-4.95062362797023
"Clothes_No+Fur_Brown",2,766,-0.0555852721165074,0.0534629775181183,-0.160372708052019,0.0492021638190044,-5.40686413377783
"Clothes_No+Fur_Brown",2,767,-0.0536335449973818,0.0442411903269266,-0.140346278038158,0.0330791880433943,-5.22206386403792
"Clothes_No+Fur_Brown",2,768,-0.0549163511131197,0.0542382240001879,-0.161223270153488,0.0513905679272486,-5.3435676306006
"Clothes_No+Fur_Brown",2,769,-0.0463202449635371,0.0547292820939697,-0.153589637867718,0.0609491479406436,-4.52638362198297
"Clothes_No+Fur_Brown",2,770,-0.0583838494946596,0.0448252049039319,-0.146241251106366,0.029473552117047,-5.6712202608658
"Clothes_No+Fur_Brown",2,771,-0.0559022189232149,0.046436615756549,-0.146917985806051,0.0351135479596213,-5.4368403754391
"Clothes_No+Fur_Brown",2,772,-0.0576285316035925,0.0452329577048803,-0.146285128705158,0.0310280654979728,-5.59994513158472
"Clothes_No+Fur_Brown",2,773,-0.0570551254125219,0.0494805213748126,-0.154036947307155,0.0399266964821108,-5.54580003360211
"Clothes_No+Fur_Brown",2,774,-0.0588850305404594,0.0429897288767749,-0.143144899138938,0.0253748380580193,-5.71848421245682
"Clothes_No+Fur_Brown",2,777,-0.0563025222522255,0.0494049528939593,-0.153136229924386,0.0405311854199348,-5.47468674751882
"Clothes_No+Fur_Brown",2,778,-0.0468840356536389,0.0587074256720169,-0.161950589970792,0.0681825186635142,-4.58019558727932
"Clothes_No+Fur_Brown",2,779,-0.0563758835980776,0.0501313706979539,-0.154633370166067,0.0418816029699121,-5.48162099736006
"Clothes_No+Fur_Brown",2,780,-0.0598057983640643,0.0435636020641647,-0.145190458409827,0.0255788616816986,-5.80525564425298
"Clothes_No+Fur_Brown",2,781,-0.0561781078988677,0.0452795589939838,-0.144926043527076,0.0325698277293406,-5.46292571018881
"Clothes_No+Fur_Brown",2,782,-0.0505198602031299,0.0591599343001288,-0.166473331431382,0.0654336110251226,-4.92649533063224
"Clothes_No+Fur_Brown",2,783,-0.0460876059976981,0.0586846105525026,-0.161109442680603,0.0689342306852069,-4.50417015484504
"Clothes_No+Fur_Brown",2,784,-0.0542475132486101,0.0421313966221666,-0.136825050628057,0.0283300241308365,-5.2802366477938
"Clothes_No+Fur_Brown",2,786,-0.0501157585998507,0.05715334117943,-0.162136307311534,0.0619047901118322,-4.88806821125863
"Clothes_No+Fur_Brown",2,787,-0.0509736337874279,0.0529158823706521,-0.154688763233906,0.0527414956590503,-4.96962738878342
"Clothes_No+Fur_Brown",2,788,-0.0504733920917252,0.0564476788294932,-0.161110842597532,0.0601640584140815,-4.92207734177863
"Clothes_No+Fur_Brown",2,789,-0.0562826248681928,0.0455066401876462,-0.145475639635979,0.0329103898995938,-5.47280592234853
"Clothes_No+Fur_Brown",2,790,-0.0460214882814203,0.0574411442467881,-0.158606131005125,0.0665631544422844,-4.49785597992451
"Clothes_No+Fur_Brown",2,791,-0.05376175272575,0.0405152781081336,-0.133171697817692,0.0256481923661919,-5.23421434901965
"Clothes_No+Fur_Brown",2,792,-0.0534691693464184,0.0602887340765314,-0.17163508813642,0.0646967494435831,-5.2064833985991
"Clothes_No+Fur_Brown",2,793,-0.0555433426735418,0.0438516479810702,-0.141492572716439,0.0304058873693558,-5.40289781313036
"Clothes_No+Fur_Brown",2,795,-0.0566551588866449,0.043166789697031,-0.141262066692826,0.0279517489195358,-5.50801395930836
"Clothes_No+Fur_Brown",2,797,-0.0539647076679242,0.0462997835290994,-0.144712283384959,0.0367828680491106,-5.25344558196363
"Clothes_No+Fur_Brown",2,798,-0.0470276075916041,0.0571497492884235,-0.159041116196914,0.0649859010137059,-4.59389421012668
"Clothes_No+Fur_Brown",2,799,-0.0597949901281722,0.0469170946518863,-0.151752495645869,0.0321625153895249,-5.80423755973435
"Clothes_No+Fur_Brown",2,800,-0.0499736274884108,0.0557696908117961,-0.159282221479531,0.0593349665027096,-4.87454888594669
"Clothes_No+Fur_Brown",2,802,-0.0567129521913839,0.0468646672932186,-0.148567700086092,0.0351417957033245,-5.51347480565131
"Clothes_No+Fur_Brown",2,803,-0.0556551046399855,0.0438349350696955,-0.141571577376589,0.0302613680966177,-5.41346958051888
"Clothes_No+Fur_Brown",2,804,-0.0553011743363026,0.0471226954904052,-0.147661657497497,0.0370593088248915,-5.37998661611485
"Clothes_No+Fur_Brown",2,805,-0.0551398597190711,0.0485828538207864,-0.150362253207812,0.0400825337696702,-5.364721793687
"Clothes_No+Fur_Brown",2,806,-0.0515716556794312,0.0471653311051446,-0.144015704645515,0.0408723932866522,-5.02644064253223
"Clothes_No+Fur_Brown",2,807,-0.0489649500878315,0.053210486776365,-0.153257504169507,0.055327603993844,-4.77854958516484
"Clothes_No+Fur_Brown",2,808,-0.05622389959846,0.0499342541117032,-0.154095037657398,0.0416472384604783,-5.4672546243801
"Clothes_No+Fur_Brown",2,809,-0.0538019578791069,0.0502193915772871,-0.15223196537059,0.0446280496123758,-5.23802434537348
"Clothes_No+Fur_Brown",2,810,-0.0536525739203129,0.0574774219479324,-0.16630832093826,0.0590031730976347,-5.22386736892079
"Clothes_No+Fur_Brown",2,811,-0.0578171318698609,0.0459471561240608,-0.14787355787302,0.0322392941332983,-5.61774732826636
"Clothes_No+Fur_Brown",2,812,-0.055724305835744,0.0484210318606648,-0.150629528282647,0.039180916611159,-5.42001485505353
"Clothes_No+Fur_Brown",2,813,-0.0540569887676868,0.0552926531028553,-0.162430588849283,0.0543166113139097,-5.26218849479504
"Clothes_No+Fur_Brown",2,814,-0.0581289129474403,0.0457205301959334,-0.14774115213147,0.031483326236589,-5.64716934185684
"Clothes_No+Fur_Brown",2,815,-0.0533881456267582,0.0484053389014284,-0.148262609873558,0.0414863186200414,-5.19880256412371
"Clothes_No+Fur_Brown",2,816,-0.0510698733606786,0.0558392900430905,-0.160514881845136,0.0583751351237788,-4.9787726312152
"Clothes_No+Fur_Brown",2,817,-0.0568432253235076,0.0454883700658529,-0.146000430652579,0.0323139800055641,-5.52578305949706
"Clothes_No+Fur_Brown",2,818,-0.0509424360815496,0.0538904895111343,-0.156567795523373,0.0546829233602736,-4.96666261292232
"Clothes_No+Fur_Brown",2,819,-0.0534306881926275,0.0474259158288829,-0.146385483217238,0.039524106831983,-5.20283556452241
"Clothes_No+Fur_Brown",2,820,-0.0539852329142648,0.0435206038751656,-0.139285616509589,0.0313151506810598,-5.25539025837545
"Clothes_No+Fur_Brown",2,821,-0.0582852290395813,0.039123509148075,-0.134967306969808,0.0183968488906457,-5.66191705494529
"Clothes_No+Fur_Brown",2,822,-0.0539178309739867,0.0526117675184854,-0.157036895310218,0.0492012333622447,-5.24900407262973
"Clothes_No+Fur_Brown",2,824,-0.047500388868822,0.0610088491518919,-0.16707773320653,0.0720769554688861,-4.63898976966829
"Clothes_No+Fur_Brown",2,827,-0.0581148218623996,0.0434562731627561,-0.143289117261402,0.0270594735366025,-5.64583979872887
"Clothes_No+Fur_Brown",2,828,-0.0569561824295249,0.04598814145307,-0.147092939677542,0.0331805748184924,-5.53645399094579
"Clothes_No+Fur_Brown",2,830,-0.0519559212018056,0.0529894117768387,-0.155815168284409,0.0519033258807982,-5.06292869593105
"Clothes_No+Fur_Brown",2,831,-0.0579023572597986,0.0507485529396269,-0.157369521021467,0.04156480650187,-5.62579074979678
"Clothes_No+Fur_Brown",2,833,-0.0568393593767686,0.0452004415062336,-0.145432224728986,0.0317535059754492,-5.52541782650018
"Clothes_No+Fur_Brown",2,834,-0.0526401685960534,0.0428086474617849,-0.136545117621152,0.031264780429045,-5.12786692014937
"Clothes_No+Fur_Brown",2,835,-0.0547495990160412,0.0471583544987669,-0.147179973833624,0.0376807758015419,-5.3277821559071
"Clothes_No+Fur_Brown",2,836,-0.0541460706609031,0.0470565277529509,-0.146376865056687,0.0380847237348806,-5.27062754251435
"Clothes_No+Fur_Brown",2,837,-0.0541831552554498,0.0404035581754095,-0.133374129279252,0.0250078187683528,-5.27414047774529
"Clothes_No+Fur_Brown",2,839,-0.0519442416434805,0.0530754412642831,-0.155972106521475,0.0520836232345143,-5.06181986639422
"Clothes_No+Fur_Brown",2,840,-0.057970496621389,0.0450716900856804,-0.146311009189322,0.0303700159465446,-5.63222112908222
"Clothes_No+Fur_Brown",2,841,-0.0557843508505938,0.0482728584105452,-0.150399153335262,0.0388304516340749,-5.42569374116995
"Clothes_No+Fur_Brown",2,842,-0.0527339491325233,0.0495098554453026,-0.149773265805316,0.0443053675402697,-5.13676366250849
"Clothes_No+Fur_Brown",2,843,-0.0586818890417432,0.0421236300004662,-0.141244203842657,0.0238804257591705,-5.69932977857417
"Clothes_No+Fur_Brown",2,844,-0.0489918571937635,0.0522134861785275,-0.151330290103677,0.0533465757161504,-4.78111168434866
"Clothes_No+Fur_Brown",2,845,-0.0598560251068195,0.0437581591141184,-0.145622016970492,0.0259099667568526,-5.80998662063487
"Clothes_No+Fur_Brown",2,846,-0.0526022290391862,0.0534488647914092,-0.157362004030348,0.0521575459519758,-5.12426744518046
"Clothes_No+Fur_Brown",2,847,-0.0562283213867413,0.0505066643506784,-0.155221383514071,0.0427647407405884,-5.46767262724164
"Clothes_No+Fur_Brown",2,848,-0.0577864354748984,0.0510907418941964,-0.157924289587523,0.0423514186377266,-5.61485008889373
"Clothes_No+Fur_Brown",2,850,-0.0466415023280125,0.0520910180010089,-0.14873989760999,0.0554568929539649,-4.55705029814597
"Clothes_No+Fur_Brown",2,852,-0.0541799771687263,0.0550200550519841,-0.162019285070615,0.0536593307331624,-5.27383943027041
"Clothes_No+Fur_Brown",2,853,-0.0501998146452192,0.0555904720933395,-0.159157139948165,0.0587575106577262,-4.89606260811876
"Clothes_No+Fur_Brown",2,854,-0.0548441948891949,0.0444446950378472,-0.141955797163375,0.0322674073849857,-5.33673733344937
"Clothes_No+Fur_Brown",2,855,-0.057187654496144,0.0483857151994025,-0.152023656286973,0.0376483472946848,-5.55831713270977
"Clothes_No+Fur_Brown",2,856,-0.0510723795854706,0.0557890975061609,-0.160419010697546,0.0582742515266047,-4.97901077547258
"Clothes_No+Fur_Brown",2,857,-0.0535609108278542,0.0447121981225029,-0.14119681914796,0.0340749974922516,-5.21517949734004
"Clothes_No+Fur_Brown",2,858,-0.0486210276283792,0.0543706074015278,-0.155187418135374,0.0579453628786152,-4.74579515757676
"Clothes_No+Fur_Brown",2,859,-0.0523516740151932,0.0522174499722472,-0.154697875960798,0.0499945279304114,-5.10049287543927
"Clothes_No+Fur_Brown",2,860,-0.0475289545633955,0.0554133705966039,-0.156139160932739,0.0610812518059482,-4.64171378425388
"Clothes_No+Fur_Brown",2,861,-0.0581513430042586,0.046944333927527,-0.150162237502212,0.0338595514936944,-5.64928565747483
"Clothes_No+Fur_Brown",2,862,-0.0528703958123095,0.0436163095610486,-0.138358362551965,0.0326175709273458,-5.14970655311321
"Clothes_No+Fur_Brown",2,863,-0.0517793151966634,0.054764462093027,-0.159117660898996,0.0555590305056696,-5.04616075841249
"Clothes_No+Fur_Brown",2,864,-0.0562297614909176,0.0418867805013201,-0.138327851273505,0.0258683282916698,-5.46780876354307
"Clothes_No+Fur_Brown",2,866,-0.0560113964608494,0.0430859785119742,-0.140459914344319,0.0284371214226201,-5.44716398479448
"Clothes_No+Fur_Brown",2,867,-0.0458009535322558,0.0574238382297931,-0.15835167646265,0.0667497693981387,-4.47679211597677
"Clothes_No+Fur_Brown",2,868,-0.0479277423524753,0.0559365803608547,-0.157563439859751,0.0617079551548,-4.67973392289691
"Clothes_No+Fur_Brown",2,871,-0.0521998235485265,0.0545073799259889,-0.159034288203465,0.0546346411064117,-5.0860812468174
"Clothes_No+Fur_Brown",2,873,-0.0562147745477257,0.0469407139713035,-0.14821857393148,0.0357890248360292,-5.46639200434678
"Clothes_No+Fur_Brown",2,874,-0.058578986861813,0.045019546500101,-0.146817298002011,0.029659324278385,-5.68962553475415
"Clothes_No+Fur_Brown",2,875,-0.0521672319266055,0.0428549878131412,-0.136163008040362,0.0318285441871513,-5.08298779785236
"Clothes_No+Fur_Brown",2,876,-0.056339161510574,0.047270477090068,-0.148989296607107,0.0363109735859592,-5.47815002144528
"Clothes_No+Fur_Brown",2,877,-0.0487996912301834,0.0553461202309071,-0.157278086882761,0.0596787044223945,-4.76281209670182
"Clothes_No+Fur_Brown",2,878,-0.0555489820555878,0.0485911219422729,-0.150787581062443,0.0396896169512671,-5.40343128082582
"Clothes_No+Fur_Brown",2,880,-0.0594980962947755,0.0453313897756345,-0.148347620255019,0.0293514276654681,-5.77626726683546
"Clothes_No+Fur_Brown",2,881,-0.0544751045186405,0.0458929588978179,-0.144425303958364,0.0354750949210825,-5.30179158608117
"Clothes_No+Fur_Brown",2,882,-0.0605670870272603,0.0411614028822855,-0.14124343667654,0.0201092626220192,-5.87693774641579
"Clothes_No+Fur_Brown",2,883,-0.0591440024761246,0.046539382697104,-0.150361192562448,0.0320731876101993,-5.74289731780675
"Clothes_No+Fur_Brown",2,885,-0.0561215155345197,0.0476211450994644,-0.14945895992947,0.0372159288604304,-5.45757548224661
"Clothes_No+Fur_Brown",2,887,-0.0549057472377181,0.0432374234686501,-0.139651097236272,0.0298396027608362,-5.34256390026409
"Clothes_No+Fur_Brown",2,888,-0.0536041120056522,0.0517075005517766,-0.154950813087134,0.0477425890758299,-5.21927422477396
"Clothes_No+Fur_Brown",2,889,-0.0557042767916605,0.0471338024334856,-0.148086529561292,0.0366779759779714,-5.41812048939054
"Clothes_No+Fur_Brown",2,891,-0.0492442297420596,0.0583191092862835,-0.163549683943175,0.0650612244590561,-4.80513928575778
"Clothes_No+Fur_Brown",2,892,-0.0538581675392387,0.0470408669419349,-0.146058266745431,0.0383419316669537,-5.24335073411979
"Clothes_No+Fur_Brown",2,893,-0.0549829013600295,0.0495475357363471,-0.15209607140327,0.0421302686832108,-5.34986682993742
"Clothes_No+Fur_Brown",2,894,-0.0542581344414502,0.0483559917113839,-0.149035878195763,0.0405196093128623,-5.28124267932349
"Clothes_No+Fur_Brown",2,895,-0.0557977186634238,0.0400906619955927,-0.134375416174786,0.0227799788479379,-5.42695798434445
"Clothes_No+Fur_Brown",2,896,-0.0571425587533578,0.045559783896853,-0.14643973519119,0.032154617684474,-5.55405811883991
"Clothes_No+Fur_Brown",2,898,-0.0543633656872888,0.0426602391675211,-0.13797743445563,0.0292507030810525,-5.29120952773949
"Clothes_No+Fur_Brown",2,899,-0.057296431901002,0.0494095148527598,-0.154139081012411,0.0395462172104072,-5.56858969516102
"Clothes_No+Fur_Brown",2,901,-0.0576348195903574,0.046197341142015,-0.148181608228707,0.032911969047992,-5.6005387160141
"Clothes_No+Fur_Brown",2,902,-0.0572005787812081,0.0507767492099086,-0.156723007232629,0.0423218496702128,-5.55953771605346
"Clothes_No+Fur_Brown",2,903,-0.0506643184497651,0.0430317368445288,-0.135006522665041,0.0336778857655114,-4.94022849046027
"Clothes_No+Fur_Brown",2,904,-0.0492990131428051,0.0589059876193078,-0.164754748876648,0.066156722591038,-4.81035424111339
"Clothes_No+Fur_Brown",2,905,-0.0553028505571483,0.0457527054676915,-0.144978153273824,0.034372452159527,-5.38014522002077
"Clothes_No+Fur_Brown",2,906,-0.0552234751762125,0.0472405837301577,-0.147815019287322,0.0373680689348966,-5.37263443492176
"Clothes_No+Fur_Brown",2,907,-0.0484586407208296,0.058349072690314,-0.162822823193845,0.0659055417521859,-4.73032586585007
"Clothes_No+Fur_Brown",2,908,-0.0586564348686493,0.0465995270575784,-0.149991507901503,0.0326786381642045,-5.69692940244182
"Clothes_No+Fur_Brown",2,909,-0.0562234788649005,0.045605901364896,-0.145611045540097,0.0331640878102957,-5.46721485127329
"Clothes_No+Fur_Brown",2,910,-0.0578245161824782,0.0469725526612094,-0.149890719398449,0.0342416870334922,-5.61844427375238
"Clothes_No+Fur_Brown",2,911,-0.0529362723141284,0.0585154176868831,-0.167626490980419,0.0617539463521625,-5.15595475283496
"Clothes_No+Fur_Brown",2,912,-0.0545764437023007,0.0450514285182661,-0.142877243598102,0.0337243561935008,-5.31138773897456
"Clothes_No+Fur_Brown",2,913,-0.0477083506357277,0.0602097484524859,-0.1657194576026,0.0703027563311447,-4.65881915190156
"Clothes_No+Fur_Brown",2,914,-0.0515793637938205,0.0517680700141173,-0.15304478102149,0.0498860534338494,-5.0271727067703
"Clothes_No+Fur_Brown",2,915,-0.0533818893879933,0.0618423953258949,-0.174592984226747,0.0678292054507606,-5.19820946334205
"Clothes_No+Fur_Brown",2,916,-0.0550730404253034,0.0507221669643099,-0.154488487675351,0.044342406824744,-5.35839811996239
"Clothes_No+Fur_Brown",2,917,-0.0492011260305357,0.0559782355288863,-0.158918467667153,0.0605162156060814,-4.80103594550902
"Clothes_No+Fur_Brown",2,918,-0.0488742251165932,0.0535652335608382,-0.153862082895836,0.0561136326626496,-4.76991022991798
"Clothes_No+Fur_Brown",2,919,-0.0537581890063343,0.0567219045592945,-0.164933121942551,0.0574167439298829,-5.23387662974761
"Clothes_No+Fur_Brown",2,920,-0.0533614849430481,0.0520828082742429,-0.155443789160564,0.0487208192744679,-5.19627506569126
"Clothes_No+Fur_Brown",2,921,-0.0535113950351885,0.0591385147163919,-0.169422883879317,0.0624000938089396,-5.2104860356209
"Clothes_No+Fur_Brown",2,922,-0.0514717150747777,0.0557210635367115,-0.160684999606732,0.0577415694571769,-5.01694845326428
"Clothes_No+Fur_Brown",2,923,-0.054768475446355,0.0480090317775185,-0.148866177730291,0.0393292268375813,-5.32956921256321
"Clothes_No+Fur_Brown",2,924,-0.0537583529519595,0.0439840170983012,-0.13996702646463,0.0324503205607108,-5.23389216623769
"Clothes_No+Fur_Brown",2,925,-0.0505856131249088,0.0566562689467997,-0.161631900260636,0.0604606740108187,-4.93274648582991
"Clothes_No+Fur_Brown",2,926,-0.0517602343102964,0.0579727519075498,-0.165386828049094,0.0618663594285012,-5.0443489377103
"Clothes_No+Fur_Brown",2,927,-0.0561725750779518,0.0481093184196256,-0.150466839180418,0.0381216890245144,-5.46240265203987
"Clothes_No+Fur_Brown",2,929,-0.0477053516776905,0.0540662848564302,-0.153675269996294,0.0582645666409127,-4.65853322727224
"Clothes_No+Fur_Brown",2,930,-0.047855123321713,0.0584517823094294,-0.162420616648195,0.0667103700047686,-4.67281160621947
"Clothes_No+Fur_Brown",2,931,-0.0528123218224206,0.0575684351311984,-0.165646454679569,0.0600218110347282,-5.14419805818203
"Clothes_No+Fur_Brown",2,932,-0.0475766561258527,0.0561086322428135,-0.157549575321767,0.0623962630700617,-4.64626241501035
"Clothes_No+Fur_Brown",2,934,-0.0495452081931881,0.0538725614474712,-0.155135428630232,0.0560450122438555,-4.83378657616613
"Clothes_No+Fur_Brown",2,935,-0.0509000264831045,0.0602181924903424,-0.168927683764176,0.0671276307979666,-4.96263220178138
"Clothes_No+Fur_Brown",2,936,-0.052986686092585,0.0517444410885212,-0.154405790626086,0.0484324184409165,-5.1607360789966
"Clothes_No+Fur_Brown",2,937,-0.0487039625457277,0.0537490431517886,-0.154052087123233,0.0566441620317779,-4.75369472960276
"Clothes_No+Fur_Brown",2,938,-0.0578122368266519,0.0450747276951902,-0.146158703109225,0.0305342294559208,-5.6172853219306
"Clothes_No+Fur_Brown",2,939,-0.0546738300815161,0.0539242970094334,-0.160365452220006,0.0510177920569733,-5.32060867107171
"Clothes_No+Fur_Brown",2,940,-0.0520817833363268,0.0493953308225983,-0.148896631748619,0.0447330650759659,-5.0748769264399
"Clothes_No+Fur_Brown",2,941,-0.0577725862530953,0.0485170912492506,-0.152866085101626,0.0373209125954359,-5.61354291896606
"Clothes_No+Fur_Brown",2,942,-0.0533374482567113,0.0458102963930519,-0.143125629187093,0.0364507326736705,-5.19399627090422
"Clothes_No+Fur_Brown",2,943,-0.0592388568771257,0.0424630749158763,-0.142466483712243,0.0239887699579918,-5.75183759480276
"Clothes_No+Fur_Brown",2,944,-0.0592811747901819,0.0449626212995508,-0.147407912537301,0.0288455629569377,-5.75582589595624
"Clothes_No+Fur_Brown",2,945,-0.0578646974978454,0.0524970428596634,-0.160758901502786,0.0450295065070949,-5.62223657261758
"Clothes_No+Fur_Brown",2,946,-0.0574361302354985,0.0446324151407392,-0.144915663911347,0.0300434034403504,-5.58178068450368
"Clothes_No+Fur_Brown",2,948,-0.0541472805727074,0.0475784028453532,-0.1474009501496,0.0391063890041848,-5.27074215663096
"Clothes_No+Fur_Brown",2,949,-0.0499730335380692,0.059028157086893,-0.165668221428379,0.065722154352241,-4.87449238613573
"Clothes_No+Fur_Brown",2,950,-0.0529654377702806,0.0505068650408988,-0.151958893250442,0.0460280177098811,-5.15872088234001
"Clothes_No+Fur_Brown",2,951,-0.0531179585504862,0.041740044894163,-0.134928446543046,0.0286925294420734,-5.17318504515598
"Clothes_No+Fur_Brown",2,953,-0.0578648877261621,0.0476069623300657,-0.151174533893091,0.0354447584407667,-5.62225452593894
"Clothes_No+Fur_Brown",2,954,-0.0534568344117277,0.0450395607747356,-0.14173437353021,0.0348207047067541,-5.20531411955125
"Clothes_No+Fur_Brown",2,955,-0.057154467619045,0.0486825288265081,-0.152572224119001,0.0382632888809109,-5.55518285617929
"Clothes_No+Fur_Brown",2,956,-0.0563881162628064,0.0488047415121228,-0.152045409626567,0.0392691771009542,-5.48277720192936
"Clothes_No+Fur_Brown",2,957,-0.0549544632090836,0.0472290448051425,-0.147523391027163,0.0376144646089958,-5.34717511688979
"Clothes_No+Fur_Brown",2,958,-0.0510272792163488,0.0517559111691717,-0.152468865107925,0.0504143066752278,-4.97472519714438
"Clothes_No+Fur_Brown",2,959,-0.0504650852415683,0.0587719459523346,-0.165658099308144,0.0647279288250076,-4.9212875404415
"Clothes_No+Fur_Brown",2,960,-0.0569642720353165,0.0439435756570067,-0.14309368032305,0.0291651362524167,-5.53721816070376
"Clothes_No+Fur_Brown",2,961,-0.0552450681181107,0.0484023392600392,-0.150113653067788,0.0396235168315662,-5.37467769606829
"Clothes_No+Fur_Brown",2,962,-0.0603006259015726,0.0504807892037053,-0.159242972740835,0.0386417209376897,-5.85185426755693
"Clothes_No+Fur_Brown",2,963,-0.0487464837579894,0.0530620920199495,-0.15274818411709,0.0552552166011117,-4.75774463186232
"Clothes_No+Fur_Brown",2,965,-0.0509979187952192,0.0552373148041233,-0.159263055811301,0.0572672182208625,-4.97193517410028
"Clothes_No+Fur_Brown",2,966,-0.0521538432400739,0.0451148535717391,-0.140578956240683,0.0362712697605346,-5.08171697522217
"Clothes_No+Fur_Brown",2,967,-0.0570422775015207,0.0460449946326734,-0.147290466981561,0.0332059119785191,-5.5445864866515
"Clothes_No+Fur_Brown",2,968,-0.0546969414194913,0.0461699668119143,-0.145190076370843,0.0357961935318608,-5.32279681319845
"Clothes_No+Fur_Brown",2,970,-0.0539595867088001,0.0419689339208132,-0.136218697193594,0.0282995237759938,-5.25296038748898
"Clothes_No+Fur_Brown",2,971,-0.0575772955312996,0.0472233641804556,-0.150135089324993,0.0349804982623933,-5.59510831964045
"Clothes_No+Fur_Brown",2,972,-0.0615850884759252,0.0444850031385663,-0.148775694627515,0.0256055176756647,-5.97270640555521
"Clothes_No+Fur_Brown",2,973,-0.053255616546926,0.0472725800176224,-0.145909873381466,0.0393986402876138,-5.18623781608167
"Clothes_No+Fur_Brown",2,974,-0.0480765803666664,0.0614088440158077,-0.168437914637649,0.0722847539043166,-4.69392014626115
"Clothes_No+Fur_Brown",2,975,-0.0585782689897242,0.041320295810242,-0.139566048777798,0.02240951079835,-5.68955783194434
"Clothes_No+Fur_Brown",2,976,-0.055625292008081,0.0442142347543872,-0.14228519212668,0.0310346081105179,-5.41064966507002
"Clothes_No+Fur_Brown",2,977,-0.0545649329182737,0.0476895508372901,-0.148036452559362,0.0389065867228148,-5.31029779253594
"Clothes_No+Fur_Brown",2,978,-0.0543407790887582,0.0449829358687198,-0.142507333391449,0.0338257752139325,-5.28907035415355
"Clothes_No+Fur_Brown",2,979,-0.0580311672604837,0.0443733902806027,-0.145003012210465,0.0289406776894975,-5.63794630885935
"Clothes_No+Fur_Brown",2,980,-0.0524116313417885,0.0506834653440766,-0.151751223416179,0.0469279607326017,-5.10618262560887
"Clothes_No+Fur_Brown",2,981,-0.0572630263608152,0.0456363938798611,-0.146710358365343,0.0321843056437126,-5.56543511019917
"Clothes_No+Fur_Brown",2,982,-0.0514084412055303,0.0569608219524389,-0.16305165223231,0.0602347698212499,-5.01093831793974
"Clothes_No+Fur_Brown",2,983,-0.057752466732491,0.0440372036314552,-0.144065385850143,0.0285604523851611,-5.61164388959434
"Clothes_No+Fur_Brown",2,984,-0.0569103588994717,0.0484262917120315,-0.151825890655053,0.0380051728561099,-5.53212523862772
"Clothes_No+Fur_Brown",2,985,-0.058272854178193,0.0447393022961491,-0.145961886678645,0.0294161783222592,-5.66074962702184
"Clothes_No+Fur_Brown",2,986,-0.0531450200353411,0.0456025246167884,-0.142525968284246,0.0362359282135641,-5.17575116485106
"Clothes_No+Fur_Brown",2,987,-0.0577635469317628,0.050606818735758,-0.156952911653848,0.0414258177903228,-5.61268972559493
"Clothes_No+Fur_Brown",2,988,-0.0493147385398267,0.0503503418058603,-0.148001408479313,0.0493719313996594,-4.81185112431572
"Clothes_No+Fur_Brown",2,989,-0.0547015572285728,0.0517987895374655,-0.156227184722005,0.0468240702648595,-5.32323382408416
"Clothes_No+Fur_Brown",2,991,-0.0503426968007188,0.0601094936028127,-0.168157304262232,0.067471910660794,-4.90965029294784
"Clothes_No+Fur_Brown",2,993,-0.0545475403110106,0.0435268424861772,-0.139860151583918,0.0307650709618967,-5.30865087741156
"Clothes_No+Fur_Brown",2,995,-0.0576384965391453,0.0448801228321218,-0.145603537290104,0.0303265442118135,-5.60088581736071
"Clothes_No+Fur_Brown",2,998,-0.0494599492297558,0.0601673264237828,-0.16738790902037,0.0684680105608586,-4.82567245756008
"Clothes_No+Fur_Brown",2,1000,-0.0573195899532142,0.0474712096092193,-0.150363160787284,0.0357239808808556,-5.57077651736996
"Clothes_No+Fur_Brown",2,1001,-0.0554426694556113,0.0439983620643027,-0.141679459101645,0.0307941201904219,-5.39337393905484
"Clothes_No+Fur_Brown",2,1002,-0.0537363093675212,0.0443152713256725,-0.140594241165839,0.0331216224307969,-5.23180315851324
"Clothes_No+Fur_Brown",2,1003,-0.0502661303573318,0.050908921046179,-0.150047615607843,0.0495153548931791,-4.90236928433344
"Clothes_No+Fur_Brown",2,1004,-0.055877171165373,0.0442813058425203,-0.142668530616713,0.0309141882859669,-5.43447175065181
"Clothes_No+Fur_Brown",2,1005,-0.0499016829169331,0.056661261421968,-0.16095775530399,0.0611543894701242,-4.86770487993808
"Clothes_No+Fur_Brown",2,1006,-0.0542856519856817,0.0461243794986564,-0.144689435803048,0.0361181318316848,-5.2838490710567
"Clothes_No+Fur_Brown",2,1007,-0.0561704946924063,0.0474664152729532,-0.149204668627395,0.036863679242582,-5.46220597718427
"Clothes_No+Fur_Brown",2,1008,-0.0464539616838134,0.0568877536118701,-0.157953958763079,0.065046035395452,-4.53914918733417
"Clothes_No+Fur_Brown",2,1010,-0.0559519992151836,0.0416078401293551,-0.13750336586872,0.0255993674383523,-5.44154763996922
"Clothes_No+Fur_Brown",2,1011,-0.0582411077409636,0.0447929262143838,-0.146035243121156,0.0295530276392287,-5.65775464439184
"Clothes_No+Fur_Brown",2,1012,-0.0589270485188115,0.043387148738379,-0.143965860046034,0.0261117630084112,-5.72244564791985
"Clothes_No+Fur_Brown",2,1013,-0.0520903869750007,0.0587953642723081,-0.167329300948724,0.0631485269987232,-5.0756936243866
"Clothes_No+Fur_Brown",2,1015,-0.0599808578883839,0.0474498763621598,-0.152982615558217,0.0330208997814492,-5.82174388813914
"Clothes_No+Fur_Brown",2,1016,-0.0569476112502475,0.0513396061763526,-0.157573239355899,0.0436780168554036,-5.53564432348788
"Clothes_No+Fur_Brown",2,1017,-0.0537048851398358,0.0456817732894941,-0.143241160787244,0.0358313905075728,-5.22882509432692
"Clothes_No+Fur_Brown",2,1019,-0.0556005392355152,0.0495018219912112,-0.152624110338289,0.0414230318672587,-5.40830828741636
"Clothes_No+Fur_Brown",2,1020,-0.0595610527216841,0.046337181439568,-0.150381928343237,0.0312598228998692,-5.7821990696538
"Clothes_No+Fur_Brown",2,1021,-0.0500324341311162,0.0608482285093889,-0.169294962009518,0.069230093747286,-4.88014272988334
"Clothes_No+Fur_Brown",2,1022,-0.0515704886763232,0.0552509297797053,-0.159862311044546,0.0567213336918993,-5.02632980802861
"Clothes_No+Fur_Brown",2,1024,-0.0560003706408871,0.0420294736168545,-0.138378138929922,0.0263773976481478,-5.44612145650029
"Clothes_No+Fur_Brown",2,1025,-0.053536708778915,0.0506767301672886,-0.152863099906801,0.0457896823489707,-5.21288548271572
"Clothes_No+Fur_Brown",2,1026,-0.0501528110050811,0.0586344084609179,-0.16507625158848,0.064770629578318,-4.89159227180965
"Clothes_No+Fur_Brown",2,1027,-0.0483886859336071,0.0526815122041702,-0.151644449853781,0.0548670779865665,-4.72366106295254
"Clothes_No+Fur_Brown",2,1028,-0.0503160861343972,0.0561116484172043,-0.160294917032118,0.0596627447633232,-4.90711984171304
"Clothes_No+Fur_Brown",2,1029,-0.0494729365335837,0.0545416170495224,-0.156374505950648,0.0574286328834803,-4.82690850744198
"Clothes_No+Fur_Brown",2,1030,-0.0560321933047929,0.0471191444062948,-0.148385716341131,0.036321329731545,-5.44913036492217
"Clothes_No+Fur_Brown",2,1031,-0.0499815376422749,0.0531960656790751,-0.154245826373262,0.0542827510887123,-4.87530133992539
"Clothes_No+Fur_Brown",2,1032,-0.0485692892208473,0.0555585806019666,-0.157464107200702,0.0603255287590073,-4.74086672921408
"Clothes_No+Fur_Brown",2,1033,-0.0563503713412755,0.0524856394979189,-0.159222224757196,0.0465214820746455,-5.47920958944232
"Clothes_No+Fur_Brown",2,1034,-0.0551791116167991,0.0421915741543705,-0.137874596959365,0.0275163737257671,-5.36843633504673
"Clothes_No+Fur_Brown",2,1035,-0.0516911918936634,0.0576540615623313,-0.164693152555833,0.0613107687685058,-5.03779274376286
"Clothes_No+Fur_Brown",2,1036,-0.0539490570046739,0.0571440716428736,-0.165951437424706,0.0580533234153585,-5.25196272394248
"Clothes_No+Fur_Brown",2,1037,-0.0522582693471873,0.0417859638991905,-0.134158758589601,0.0296422198952261,-5.09162840449734
"Clothes_No+Fur_Brown",2,1038,-0.0514606770462257,0.0586981791742571,-0.16650910822777,0.0635877541353182,-5.01590002184306
"Clothes_No+Fur_Brown",2,1039,-0.0574236226731336,0.0457193765725764,-0.147033600755383,0.0321863554091161,-5.58059973535183
"Clothes_No+Fur_Brown",2,1040,-0.048056386423762,0.0561640022060373,-0.158137830747595,0.062025057900071,-4.69199552129332
"Clothes_No+Fur_Brown",2,1041,-0.0530445352015951,0.0587471835790278,-0.16818901501649,0.0620999446132993,-5.16622228722595
"Clothes_No+Fur_Brown",2,1042,-0.0556283189597026,0.0478174399258095,-0.149350501214289,0.0380938632948839,-5.41093598202407
"Clothes_No+Fur_Brown",2,1043,-0.0544094457665562,0.0467577373880171,-0.14605461104707,0.0372357195139574,-5.29557361576225
"Clothes_No+Fur_Brown",2,1045,-0.056790309850777,0.0477550244384489,-0.150390157750137,0.0368095380485829,-5.52078377937834
"Clothes_No+Fur_Brown",2,1047,-0.0483939150157139,0.0603569631769056,-0.166693562842449,0.0699057328110211,-4.7241592694491
"Clothes_No+Fur_Brown",2,1048,-0.0501893735152445,0.0561574192621587,-0.160257915269076,0.0598791682385866,-4.89506961036333
"Clothes_No+Fur_Brown",2,1049,-0.0504791379594617,0.0548622129081607,-0.158009075259457,0.0570507993405334,-4.92262364537739
"Clothes_No+Fur_Brown",2,1050,-0.0533404287353451,0.0478730994778163,-0.147171703711865,0.040490846241175,-5.1942788377516
"Clothes_No+Fur_Brown",2,1051,-0.0477048591897407,0.0538720092878939,-0.153293997394013,0.0578842790145313,-4.65848627273717
"Clothes_No+Fur_Brown",2,1052,-0.0433417905940722,0.0565183550455107,-0.154117766483273,0.0674341852951288,-4.24159590904306
"Clothes_No+Fur_Brown",2,1054,-0.0564490555897846,0.0458046695469126,-0.146226207901733,0.033328096722164,-5.48853684237844
"Clothes_No+Fur_Brown",2,1055,-0.056842062709357,0.0453640560198689,-0.1457556125083,0.032071487089586,-5.52567322237173
"Clothes_No+Fur_Brown",2,1056,-0.0568921673000793,0.0442669431236127,-0.14365537582236,0.0298710412222015,-5.53040670126319
"Clothes_No+Fur_Brown",2,1057,-0.0542275301315231,0.0473772347416881,-0.147086910225232,0.0386318499621855,-5.27834383276017
"Clothes_No+Fur_Brown",2,1059,-0.0585435766300383,0.0473171783666925,-0.151285246228756,0.0341980929686791,-5.68628592340772
"Clothes_No+Fur_Brown",2,1060,-0.0543994900415387,0.0506249748618495,-0.153624440770764,0.0448254606876864,-5.29463075984182
"Clothes_No+Fur_Brown",2,1061,-0.0540887436804944,0.0465274052989844,-0.145282458066504,0.0371049707055149,-5.26519683797388
"Clothes_No+Fur_Brown",2,1062,-0.058044631784115,0.0458674374061464,-0.147944809100162,0.0318555455319319,-5.6392168404076
"Clothes_No+Fur_Brown",2,1064,-0.0496032414008974,0.0585690994802767,-0.16439867638224,0.065192193580445,-4.83930921654684
"Clothes_No+Fur_Brown",2,1066,-0.055727984691476,0.0473346495708636,-0.148503897850369,0.0370479284674167,-5.420362800534
"Clothes_No+Fur_Brown",2,1067,-0.0517876309701906,0.053118255511983,-0.155899411773677,0.052324149833296,-5.04695036975203
"Clothes_No+Fur_Brown",2,1068,-0.056618901848677,0.0468710504973508,-0.148486160823484,0.0352483571261306,-5.50458789767377
"Clothes_No+Fur_Brown",2,1069,-0.0567674508977631,0.0468775527775512,-0.148647454341763,0.0351125525462372,-5.51862405872957
"Clothes_No+Fur_Brown",2,1070,-0.0574801108490736,0.0420401259514555,-0.139878757713926,0.0249185360157791,-5.58593316440688
"Clothes_No+Fur_Brown",2,1071,-0.0559895065999185,0.0486624901550911,-0.151367987303897,0.0393889741040601,-5.44509421371007
"Clothes_No+Fur_Brown",2,1072,-0.0557899361584459,0.0504098670028868,-0.154593275484104,0.0430134031672123,-5.42622196631015
"Clothes_No+Fur_Brown",2,1073,-0.0562444278895184,0.0472141155489868,-0.148784094365533,0.0362952385864957,-5.4691952001733
"Clothes_No+Fur_Brown",2,1074,-0.0582709301007869,0.0441836725457276,-0.144870928290413,0.0283290680888393,-5.66056811082707
"Clothes_No+Fur_Brown",2,1075,-0.0481918072356609,0.0566322210204602,-0.159190960435763,0.0628073459644411,-4.70490133476271
"Clothes_No+Fur_Brown",2,1076,-0.0560959425753081,0.038922842862797,-0.13238471458639,0.0201928294357739,-5.45515772176615
"Clothes_No+Fur_Brown",2,1077,-0.0591472377277753,0.045224645588059,-0.147787543080371,0.0294930676248203,-5.74320226276052
"Clothes_No+Fur_Brown",2,1078,-0.0486953142547191,0.0531580747680759,-0.152885140800148,0.0554945122907097,-4.75287100827541
"Clothes_No+Fur_Brown",2,1079,-0.0582827824270293,0.0472301696763447,-0.150853914992665,0.0342883501386063,-5.66168624592508
"Clothes_No+Fur_Brown",2,1080,-0.0562291152804888,0.0491619835989913,-0.152586603134512,0.0401283725735342,-5.4677476758355
"Clothes_No+Fur_Brown",2,1081,-0.060269357275764,0.0430189772207854,-0.144586552628503,0.0240478380769754,-5.84891033839138
"Clothes_No+Fur_Brown",2,1082,-0.060015274918789,0.0473335841854566,-0.152789099922284,0.0327585500847059,-5.8249851682653
"Clothes_No+Fur_Brown",2,1083,-0.0544875884818774,0.0434240176003333,-0.139598662978531,0.0306234860147758,-5.30297378765432
"Clothes_No+Fur_Brown",2,1085,-0.0573539718021974,0.0445888087137117,-0.144748036881072,0.0300400932766776,-5.57402311285904
"Clothes_No+Fur_Brown",2,1086,-0.0592860069838978,0.0432323920234889,-0.144021495349936,0.0254494813821405,-5.75628130096181
"Clothes_No+Fur_Brown",2,1087,-0.0549944254420444,0.0464465161585964,-0.146029597112893,0.0360407462288045,-5.35095757954983
"Clothes_No+Fur_Brown",2,1088,-0.0574937203309941,0.0431193770984432,-0.142007699443943,0.0270202587819547,-5.58721808219895
"Clothes_No+Fur_Brown",2,1091,-0.0573712138500908,0.0479747720878019,-0.151401767142182,0.0366593394420009,-5.57565119603912
"Clothes_No+Fur_Brown",2,1092,-0.0582367154540254,0.0442674408892192,-0.145000899596895,0.0285274686888443,-5.65734026526982
"Clothes_No+Fur_Brown",2,1093,-0.055043207284064,0.0496737732427746,-0.152403802839902,0.0423173882717743,-5.35557462156967
"Clothes_No+Fur_Brown",2,1094,-0.056974094012389,0.0477312115609033,-0.150527268671759,0.0365790806469816,-5.53814596742473
"Clothes_No+Fur_Brown",2,1096,-0.0566494281283888,0.0423572831188146,-0.139669703041265,0.0263708467844877,-5.50747244702758
"Clothes_No+Fur_Brown",2,1097,-0.0549795218942099,0.0470111105622421,-0.147121298596204,0.0371622548077845,-5.34954696250706
"Clothes_No+Fur_Brown",2,1098,-0.0590947670326662,0.0449823349535347,-0.147260143541594,0.0290706094762619,-5.73825641330953
"Clothes_No+Fur_Brown",2,1099,-0.0576756673202396,0.0589650249707988,-0.173247116263005,0.0578957816225261,-5.60439464095623
"Clothes_No+Fur_Brown",2,1100,-0.0568725228830083,0.0442867224948786,-0.14367449897297,0.0299294532069538,-5.52855088294373
"Clothes_No+Fur_Brown",2,1101,-0.056321534808835,0.047135623116843,-0.148707356117847,0.0360642865001773,-5.4764838983038
"Clothes_No+Fur_Brown",2,1103,-0.0576227570377817,0.0460888960011111,-0.147956993199959,0.0327114791243961,-5.59940001068141
"Clothes_No+Fur_Brown",2,1104,-0.0490834067992344,0.060645381648173,-0.167948354829654,0.0697815412311846,-4.78982853698904
"Clothes_No+Fur_Brown",2,1106,-0.0591633083610164,0.0476409062386509,-0.152539484588772,0.0342128678667393,-5.74471701701587
"Clothes_No+Fur_Brown",2,1107,-0.0563476481470915,0.0452125556737461,-0.144964257267634,0.0322689609734508,-5.47895219062514
"Clothes_No+Fur_Brown",2,1109,-0.0561548010446413,0.0471850828838482,-0.148637563496984,0.0363279614077011,-5.46072232270244
"Clothes_No+Fur_Brown",2,1110,-0.0501730188152972,0.0548658910524374,-0.157710165278074,0.05736412764748,-4.89351418504409
"Clothes_No+Fur_Brown",2,1111,-0.053711311257721,0.055806404629067,-0.163091864330692,0.0556692418152504,-5.2294341031122
"Clothes_No+Fur_Brown",2,1112,-0.0496615357403597,0.0530565950249599,-0.153652461989281,0.0543293905085617,-4.84485638447303
"Clothes_No+Fur_Brown",2,1114,-0.0507183648044275,0.0553283940607597,-0.159162017163516,0.0577252875546614,-4.9453659857527
"Clothes_No+Fur_Brown",2,1115,-0.0475561650076226,0.0578932383585236,-0.161026912190329,0.0659145821750838,-4.64430849028084
"Clothes_No+Fur_Brown",2,1116,-0.0502815540588798,0.0467123690160295,-0.141837797330298,0.0412746892125379,-4.90383603049617
"Clothes_No+Fur_Brown",2,1117,-0.0550161743688007,0.0533050589432583,-0.159494089897587,0.0494617411599856,-5.35301607225591
"Clothes_No+Fur_Brown",2,1118,-0.0618098141132844,0.0448560698617371,-0.149727711042289,0.0261080828157203,-5.99383437495027
"Clothes_No+Fur_Brown",2,1119,-0.0488723167883668,0.0611030577925196,-0.168634310061705,0.0708896764849717,-4.76972849947627
"Clothes_No+Fur_Brown",2,1120,-0.0573266261545257,0.0472932526408388,-0.15002140133057,0.0353681490215183,-5.57144093805857
"Clothes_No+Fur_Brown",2,1123,-0.052679019204413,0.0556104721967612,-0.161675544710065,0.056317506301239,-5.13155268863826
"Clothes_No+Fur_Brown",2,1124,-0.0468373074137133,0.0559849433297974,-0.156567796340116,0.0628931815126897,-4.57573668358752
"Clothes_No+Fur_Brown",2,1125,-0.049214185588877,0.0545739333210232,-0.156179094898082,0.0577507237203285,-4.80227919381596
"Clothes_No+Fur_Brown",2,1126,-0.0504384649102229,0.0544604233783594,-0.157180894731807,0.0563039649113615,-4.91875647992326
"Clothes_No+Fur_Brown",2,1128,-0.0479181328430415,0.0559453529804539,-0.157571024684731,0.0617347589986481,-4.67881793749974
"Clothes_No+Fur_Brown",2,1129,-0.0459433571920589,0.0575661584249726,-0.158773027705005,0.0668863133208874,-4.49039400187344
"Clothes_No+Fur_Brown",2,1130,-0.0448147580435002,0.0581139146261661,-0.158718030710786,0.0690885146237853,-4.38254109196163
"Clothes_No+Fur_Brown",2,1131,-0.0507007656902587,0.0597724121983445,-0.167854693599014,0.0664531622184966,-4.94369309367575
"Clothes_No+Fur_Brown",2,1134,-0.0558468778339856,0.0473876106657187,-0.148726594738794,0.0370328390708231,-5.43160700237557
"Clothes_No+Fur_Brown",2,1135,-0.05116993355865,0.0585851056547754,-0.16599674064201,0.0636568735247098,-4.98827999837476
"Clothes_No+Fur_Brown",2,1136,-0.047311687024169,0.0547308593086896,-0.154584171269201,0.0599607972208626,-4.62099327319722
"Clothes_No+Fur_Brown",2,1137,-0.0497102393933982,0.0510777906314355,-0.149822709031012,0.0504022302442153,-4.84949067471816
"Clothes_No+Fur_Brown",2,1138,-0.0499369719934817,0.0563845268624164,-0.160450644643818,0.0605767006568544,-4.87106195154849
"Clothes_No+Fur_Brown",2,1139,-0.0518398785234364,0.0562353246227041,-0.162061114783936,0.0583813577370636,-5.05191130466895
"Clothes_No+Fur_Brown",2,1141,-0.0542948548821935,0.0474368800324458,-0.147271139745787,0.0386814299814001,-5.28472072998081
"Clothes_No+Fur_Brown",2,1142,-0.0507214133367645,0.0523298392978132,-0.153287898360478,0.0518450716869494,-4.94565576243659
"Clothes_No+Fur_Brown",2,1144,-0.0513060265024642,0.049069293555283,-0.147481841870819,0.0448697888658905,-5.00120954321677
"Clothes_No+Fur_Brown",2,1145,-0.0495302563742996,0.057004461006811,-0.161258999947649,0.06219848719905,-4.83236365754112
"Clothes_No+Fur_Brown",2,1146,-0.0539717771744147,0.0598141613494012,-0.171207533419241,0.0632639790704116,-5.25411539097743
"Clothes_No+Fur_Brown",2,1147,-0.0502170334865755,0.0553812643968946,-0.158764311704489,0.0583302447313378,-4.89770017363054
"Clothes_No+Fur_Brown",2,1150,-0.046877951098415,0.0586656865233403,-0.161862696684162,0.068106794487332,-4.57961499844362
"Clothes_No+Fur_Brown",2,1151,-0.0544958644434006,0.0454871544153406,-0.143650687097468,0.0346589582106668,-5.30375749335665
"Clothes_No+Fur_Brown",2,1152,-0.0484797496871768,0.0565244558741767,-0.159267683200563,0.0623081838262096,-4.7323368889699
"Clothes_No+Fur_Brown",2,1153,-0.0558248128440461,0.0444879447502365,-0.14302118455451,0.0313715588664175,-5.42952032871435
"Clothes_No+Fur_Brown",2,1154,-0.0584853502409643,0.0468659625341664,-0.15034263680793,0.0333719363260018,-5.6807942165173
"Clothes_No+Fur_Brown",2,1158,-0.0574926503466056,0.0459794177134138,-0.147612309064897,0.0326270083716854,-5.58711706194219
"Clothes_No+Fur_Brown",2,1159,-0.0543917296888733,0.0457269640490263,-0.144016579224965,0.0352331198472183,-5.29389580992549
"Clothes_No+Fur_Brown",2,1161,-0.0476941806067271,0.0536671029395367,-0.152881702368219,0.0574933411547648,-4.65746815503219
"Clothes_No+Fur_Brown",2,1162,-0.0535531958790957,0.055809163073154,-0.162939155502477,0.0558327637442861,-5.21444823448595
"Clothes_No+Fur_Brown",2,1163,-0.058446467336066,0.0457792275729779,-0.148173753379103,0.0312808187069707,-5.67712674050813
"Clothes_No+Fur_Brown",2,1164,-0.0564401306105053,0.0464219581374412,-0.14742716855989,0.0345469073388794,-5.48769332576392
"Clothes_No+Fur_Brown",2,1165,-0.0561037616611755,0.0510422364096847,-0.156146545024157,0.0439390217018065,-5.4558969731161
"Clothes_No+Fur_Brown",2,1166,-0.0542348389360017,0.043653357170117,-0.139795418989431,0.0313257411174276,-5.27903613229505
"Clothes_No+Fur_Brown",2,1168,-0.0550388950771874,0.0439612264515825,-0.141202898922289,0.0311251087679143,-5.35516649434776
"Clothes_No+Fur_Brown",2,1169,-0.0551255394891476,0.0484288047576705,-0.150045996814182,0.0397949178358865,-5.36336658504078
"Clothes_No+Fur_Brown",2,1170,-0.0586394084610355,0.0485446540931513,-0.153786930483612,0.036508113561541,-5.69532374625336
"Clothes_No+Fur_Brown",2,1171,-0.0544003538084871,0.0466753675229561,-0.145884074153481,0.0370833665365069,-5.29471256317428
"Clothes_No+Fur_Brown",2,1173,-0.0522629292107766,0.0518157807031588,-0.153821859388968,0.0492960009674147,-5.09207066353202
"Clothes_No+Fur_Brown",2,1175,-0.0489002103277078,0.0580261295813133,-0.162631424307082,0.0648310036516662,-4.77238477175423
"Clothes_No+Fur_Brown",2,1177,-0.0521869948699478,0.0578506383630857,-0.165574246061596,0.0612002563217002,-5.0848636188508
"Clothes_No+Fur_Brown",2,1178,-0.0484029068402402,0.0588015306746623,-0.163653906962578,0.0668480932820979,-4.7250159692389
"Clothes_No+Fur_Brown",2,1179,-0.0573297833548925,0.0480757508439943,-0.151558255009121,0.0368986882993362,-5.57173906746925
"Clothes_No+Fur_Brown",2,1180,-0.0486051331982718,0.0539355444380069,-0.154318800296765,0.0571085339002217,-4.74428113424322
"Clothes_No+Fur_Brown",2,1181,-0.0517251065014588,0.0552277094441109,-0.159971417011916,0.0565212040089985,-5.04101329516516
"Clothes_No+Fur_Brown",2,1182,-0.0496933906906335,0.0561562551234489,-0.159759650732593,0.0603728693513263,-4.84788749856294
"Clothes_No+Fur_Brown",2,1183,-0.0585727487788751,0.0473713883241646,-0.151420669894238,0.0342751723364875,-5.68903721698134
"Clothes_No+Fur_Brown",2,1184,-0.0480331128667753,0.0585171195427068,-0.162726667170481,0.0666604414369301,-4.68977733920741
"Clothes_No+Fur_Brown",2,1185,-0.0540110738342959,0.054452757453191,-0.16073847844255,0.0527163307739585,-5.25783851462642
"Clothes_No+Fur_Brown",2,1186,-0.0523009510624248,0.0438693497131286,-0.138284876500157,0.0336829743753073,-5.09567917014001
"Clothes_No+Fur_Brown",2,1187,-0.05877405827372,0.0457437098693497,-0.148431729617645,0.0308836130702054,-5.7080209983857
"Clothes_No+Fur_Brown",2,1188,-0.0604326959818248,0.0463831989198627,-0.151343765864756,0.0304783739011061,-5.86428759966575
"Clothes_No+Fur_Brown",2,1189,-0.0497642673590465,0.0529692613200774,-0.153584019546398,0.0540554848283053,-4.85463132429673
"Clothes_No+Fur_Brown",2,1190,-0.0551015711042345,0.046328876663201,-0.145906169364108,0.0357030271556394,-5.36109827060041
"Clothes_No+Fur_Brown",2,1191,-0.0530575387709153,0.0581865392344219,-0.167103155670382,0.0609880781285517,-5.16745545681051
"Clothes_No+Fur_Brown",2,1193,-0.061168500829998,0.0423670921623468,-0.144208001468198,0.0218709998082017,-5.93352763653482
"Clothes_No+Fur_Brown",2,1194,-0.0553553800206239,0.048188705586915,-0.149805242970977,0.0390944829297294,-5.38511541968441
"Clothes_No+Fur_Brown",2,1195,-0.0553036485419517,0.0456518333839504,-0.144781241974495,0.034173944890591,-5.38022072519687
"Clothes_No+Fur_Brown",2,1196,-0.0555251817949457,0.0483480210088244,-0.150287302972242,0.0392369393823502,-5.40117983104202
"Clothes_No+Fur_Brown",2,1197,-0.0506082911506838,0.0530438388022129,-0.154574215203021,0.0533576329016535,-4.93490239900943
"Clothes_No+Fur_Brown",2,1198,-0.0568581708743406,0.0460092247501283,-0.147036251384592,0.0333199096359109,-5.52719501815747
"Clothes_No+Fur_Brown",2,1199,-0.0556638879564368,0.048378908899188,-0.150486549398845,0.0391587734859717,-5.41430036029908
"Clothes_No+Fur_Brown",2,1200,-0.0570895014844428,0.043674268784743,-0.142691068302539,0.0285120653336534,-5.54904694216509
"Clothes_No+Fur_Brown",2,1201,-0.0583741924397223,0.0447142392527344,-0.146014101375082,0.0292657164956371,-5.67030931825919
"Clothes_No+Fur_Brown",2,1202,-0.0441939954385258,0.0580104104952899,-0.157894400009294,0.0695064091322424,-4.3231669223634
"Clothes_No+Fur_Brown",2,1203,-0.0568993255261559,0.0420674420242473,-0.139351511893681,0.0255528608413689,-5.53108293354907
"Clothes_No+Fur_Brown",2,1205,-0.0584231713019938,0.0464022181501291,-0.149371518876247,0.0325251762722592,-5.67492936604395
"Clothes_No+Fur_Brown",2,1207,-0.0518235321974342,0.0551342789091998,-0.159886718859466,0.0562396544645975,-5.05035923957261
"Clothes_No+Fur_Brown",2,1209,-0.0512325432135108,0.0528004539633636,-0.154721432981704,0.0522563465546819,-4.99422846315418
"Clothes_No+Fur_Brown",2,1210,-0.0565501006197533,0.0443003172581852,-0.143378722445796,0.0302785212062898,-5.49808627353617
"Clothes_No+Fur_Brown",2,1211,-0.0486722918501105,0.0569917306391748,-0.160376083902893,0.0630315002026721,-4.75067816509178
"Clothes_No+Fur_Brown",2,1212,-0.04879485122256,0.0512296865116579,-0.149205036785409,0.0516153343402894,-4.76235114687084
"Clothes_No+Fur_Brown",2,1213,-0.0500541814935415,0.0577198661954791,-0.16318511923668,0.0630767562495975,-4.88221131340004
"Clothes_No+Fur_Brown",2,1214,-0.0573769060610923,0.0448221583350334,-0.145228336397758,0.0304745242755733,-5.57618867782647
"Clothes_No+Fur_Brown",2,1215,-0.0551938604741557,0.0457376302387682,-0.144839615742141,0.03445189479383,-5.36983203218817
"Clothes_No+Fur_Brown",2,1216,-0.0559476607676588,0.04642306344192,-0.146936865113822,0.0350415435785043,-5.44113740219573
"Clothes_No+Fur_Brown",2,1218,-0.0518237171325241,0.0542316383410929,-0.158117728281066,0.054470294016018,-5.05037679909134
"Clothes_No+Fur_Brown",2,1220,-0.0525834160868808,0.0529224991842686,-0.156311514488047,0.0511446823142857,-5.12248253575931
"Clothes_No+Fur_Brown",2,1221,-0.0578207951363279,0.0468139610011464,-0.149576158698575,0.033934568425919,-5.61809307497437
"Clothes_No+Fur_Brown",2,1222,-0.0571007227711512,0.0481022990419432,-0.15138122889336,0.0371797833510575,-5.55010679744275
"Clothes_No+Fur_Brown",2,1223,-0.0559889161615085,0.0411113602301064,-0.136567182212517,0.0245893498895,-5.44503838484535
"Clothes_No+Fur_Brown",2,1224,-0.0569607933312097,0.0476788734166538,-0.150411385227851,0.0364897985654317,-5.53688955206508
"Clothes_No+Fur_Brown",2,1225,-0.0538663487236236,0.0452075629382085,-0.142473172082512,0.0347404746352651,-5.24412595256802
"Clothes_No+Fur_Brown",2,1227,-0.0555228861668488,0.0455062921362107,-0.144715218753822,0.0336694464201241,-5.40096266708324
"Clothes_No+Fur_Brown",2,1228,-0.05870812356495,0.0469673049349915,-0.150764041237533,0.0333477941076333,-5.70180367924457
"Clothes_No+Fur_Brown",2,1229,-0.0491678945646173,0.055393328979964,-0.157738819365347,0.0594030302361121,-4.79787229181344
"Clothes_No+Fur_Brown",2,1230,-0.0513815550490103,0.055380152837956,-0.159926654611404,0.0571635445133835,-5.0083843928272
"Clothes_No+Fur_Brown",2,1232,-0.051075167216973,0.0560370302403967,-0.16090774648815,0.0587574120542045,-4.97927565860633
"Clothes_No+Fur_Brown",2,1233,-0.0492115739101789,0.0564909621616353,-0.159933859746984,0.0615107119266262,-4.80203056763177
"Clothes_No+Fur_Brown",2,1234,-0.0482760278149082,0.0521312307065113,-0.15045323999967,0.0539011843698539,-4.71292680521209
"Clothes_No+Fur_Brown",2,1235,-0.0501970146816119,0.05394111695704,-0.15592160391741,0.0555275745541864,-4.89579632018234
"Clothes_No+Fur_Brown",2,1236,-0.0550651868735599,0.0436624955607304,-0.140643678172591,0.0305133044254716,-5.35765484432627
"Clothes_No+Fur_Brown",2,1237,-0.0531159967142401,0.0582414706778477,-0.167269279242821,0.0610372858143414,-5.17299901029081
"Clothes_No+Fur_Brown",2,1238,-0.054185665215405,0.059907862544806,-0.171605075803225,0.0632337453724148,-5.27437823556104
"Clothes_No+Fur_Brown",2,1239,-0.0556005457511124,0.0441576150223927,-0.142149471195002,0.0309483796927773,-5.40830890373771
"Clothes_No+Fur_Brown",2,1240,-0.0514724097745208,0.0524373861023779,-0.154249686535181,0.05130486698614,-5.01701443794287
"Clothes_No+Fur_Brown",2,1241,-0.0571922153211632,0.0445951421703789,-0.144598693975106,0.0302142633327795,-5.55874786371759
"Clothes_No+Fur_Brown",2,1243,-0.0462913638483618,0.0565102271059389,-0.157051408976002,0.0644686812792784,-4.5236261976536
"Clothes_No+Fur_Brown",2,1244,-0.0572530990373106,0.0474027931660133,-0.150162573642697,0.0356563755680755,-5.56449762307012
"Clothes_No+Fur_Brown",2,1245,-0.0510382934021,0.0600162395385768,-0.168670122897711,0.0665935360935106,-4.97577181740827
"Clothes_No+Fur_Brown",2,1246,-0.0526148851435864,0.0580388917074645,-0.166371112890217,0.061141342603044,-5.12546819475831
"Clothes_No+Fur_Brown",2,1249,-0.0505568584858318,0.0549983784473588,-0.158353680242655,0.0572399632709914,-4.93001282196449
"Clothes_No+Fur_Brown",2,1250,-0.0552577136479915,0.0475505999480591,-0.148456889546187,0.0379414622502044,-5.37587427584326
"Clothes_No+Fur_Brown",2,1251,-0.0566993770114209,0.0459800387897525,-0.146820253039336,0.033421499016494,-5.51219212536143
"Clothes_No+Fur_Brown",2,1252,-0.0506131740088978,0.0596766278087061,-0.167579364513962,0.0663530164961662,-4.93536658726884
"Clothes_No+Fur_Brown",2,1253,-0.0462116443326352,0.0575734805595403,-0.159055666229334,0.0666323775640638,-4.5160145639769
"Clothes_No+Fur_Brown",2,1254,-0.0557866278456915,0.0474162793746819,-0.148722535420068,0.037149279728685,-5.4259090861565
"Clothes_No+Fur_Brown",2,1255,-0.0486885099666949,0.0537300648190097,-0.153999437011954,0.0566224170785642,-4.75222291717137
"Clothes_No+Fur_Brown",2,1256,-0.052676210663826,0.0454972788730318,-0.141850877254968,0.0364984559273163,-5.13128624637941
"Clothes_No+Fur_Brown",2,1257,-0.048876850533259,0.0549600096426234,-0.156598469432801,0.0588447683662829,-4.77016024825454
"Clothes_No+Fur_Brown",2,1258,-0.0494227832773855,0.0606586759752001,-0.168313788188778,0.0694682216340066,-4.82213514730242
"Clothes_No+Fur_Brown",2,1260,-0.0501027152983406,0.0559134561143812,-0.159693089282528,0.0594876586858466,-4.88682762956448
"Clothes_No+Fur_Brown",2,1261,-0.0459930335810289,0.0574120387516707,-0.158520629534303,0.0665345623722456,-4.49513845636672
"Clothes_No+Fur_Brown",2,1262,-0.0490817289081612,0.055086013520431,-0.157050315408206,0.0588868575918836,-4.78966878455823
"Clothes_No+Fur_Brown",2,1263,-0.0561490899523499,0.042509461633175,-0.139467634753373,0.027169454848673,-5.46018239862068
"Clothes_No+Fur_Brown",2,1264,-0.0534756055740127,0.0503113972502214,-0.152085944184447,0.0451347330364211,-5.20709350928301
"Clothes_No+Fur_Brown",2,1265,-0.0490886628272972,0.0553465133700694,-0.157567829032633,0.0593905033780388,-4.79032896300698
"Clothes_No+Fur_Brown",2,1266,-0.0552478833476784,0.0427869031280146,-0.139110213478587,0.0286144467832301,-5.37494408769852
"Clothes_No+Fur_Brown",2,1267,-0.0548969254074704,0.0466556001891012,-0.146341901778109,0.036548050963168,-5.34172884474777
"Clothes_No+Fur_Brown",2,1268,-0.0549146803456172,0.0395062791136476,-0.132346987408367,0.0225176267171321,-5.34340948157738
"Clothes_No+Fur_Brown",2,1269,-0.059452691564111,0.0422790298426651,-0.142319590055735,0.0234142069275126,-5.7719889665017
"Clothes_No+Fur_Brown",2,1271,-0.0540347097456065,0.0479192729304167,-0.147956484689223,0.0398870651980103,-5.26007780548873
"Clothes_No+Fur_Brown",2,1272,-0.0590158463553956,0.0468105459743589,-0.150764516465139,0.0327328237543478,-5.73081691910386
"Clothes_No+Fur_Brown",2,1273,-0.0584548399283223,0.0450490356513986,-0.146750949805064,0.029841269948419,-5.67791646416036
"Clothes_No+Fur_Brown",2,1274,-0.0526401577789189,0.0597121890864991,-0.169676048388457,0.0643957328306194,-5.12786589390475
"Clothes_No+Fur_Brown",2,1275,-0.0509341556648934,0.0561728582077241,-0.161032957752033,0.0591646464222458,-4.96587569403453
"Clothes_No+Fur_Brown",2,1276,-0.0534541252428416,0.0576322543833405,-0.166413343834189,0.0595050933485057,-5.20505730438983
"Clothes_No+Fur_Brown",2,1278,-0.0475070586366459,0.0570421716728375,-0.159309715115407,0.0642955978421157,-4.63962580334487
"Clothes_No+Fur_Brown",2,1279,-0.0576853265965863,0.0437284890317139,-0.143393165098746,0.0280225119055729,-5.60530642979069
"Clothes_No+Fur_Brown",2,1281,-0.0565643405752356,0.0453513046847976,-0.145452897757439,0.0323242166069677,-5.4994319669993
"Clothes_No+Fur_Brown",2,1282,-0.0508782245709535,0.0534090300683827,-0.155559923504984,0.0538034743630766,-4.96056018285068
"Clothes_No+Fur_Brown",2,1284,-0.0534991052233507,0.0399886879279422,-0.131876933562117,0.0248787231154161,-5.20932108317156
"Clothes_No+Fur_Brown",2,1285,-0.0526794970253887,0.0543373750692277,-0.159180752161075,0.0538217581102975,-5.1315980187615
"Clothes_No+Fur_Brown",2,1286,-0.0524781111563174,0.0582097178978149,-0.166569158236035,0.0616129359233998,-5.11249093929776
"Clothes_No+Fur_Brown",2,1287,-0.0477122698594342,0.0548373393165516,-0.155193454919875,0.0597689152010068,-4.65919281458551
"Clothes_No+Fur_Brown",2,1288,-0.0571972131118966,0.0487089885704007,-0.152666830709882,0.0382724044860888,-5.5592198601529
"Clothes_No+Fur_Brown",2,1289,-0.0478540678205424,0.0551897117261128,-0.156025902803724,0.0603177671626388,-4.67271098820743
"Clothes_No+Fur_Brown",2,1290,-0.0533593879998292,0.0458220190313769,-0.143170545301328,0.0364517693016696,-5.1960762674547
"Clothes_No+Fur_Brown",2,1291,-0.0465490607238407,0.0595361524799609,-0.163239919584564,0.0701417981368826,-4.5482269909546
"Clothes_No+Fur_Brown",2,1293,-0.0546167702998371,0.0458864213023473,-0.144554156052438,0.0353206154527636,-5.31520613154058
"Clothes_No+Fur_Brown",2,1294,-0.0480060310820461,0.0550082766277348,-0.155822253272406,0.059810191108314,-4.68719613332315
"Clothes_No+Fur_Brown",2,1295,-0.0510393456645432,0.0539981109733496,-0.156875643172308,0.054796951843222,-4.97587180778217
"Clothes_No+Fur_Brown",2,1296,-0.0521336897959771,0.0544566103898909,-0.158868646160163,0.0546012665682092,-5.07980402563527
"Clothes_No+Fur_Brown",2,1297,-0.0473444124438558,0.0557159433560575,-0.156547661421729,0.0618588365340169,-4.624114540149
"Clothes_No+Fur_Brown",2,1298,-0.0558131703305299,0.0460974171405657,-0.146164107926039,0.0345377672649788,-5.42841928421709
"Clothes_No+Fur_Brown",2,1299,-0.0579885146479908,0.0431364724265243,-0.142536000603978,0.0265589713079969,-5.63392143491415
"Clothes_No+Fur_Brown",2,1300,-0.0559500242068268,0.049932151159921,-0.153817040480272,0.0419169920666185,-5.44136088605118
"Clothes_No+Fur_Brown",2,1301,-0.0561777973550782,0.0377963238934001,-0.130258592186142,0.017902997475986,-5.46289635228296
"Clothes_No+Fur_Brown",2,1302,-0.0482586857591617,0.0585912480569848,-0.163097531950852,0.0665801604325285,-4.7112743171481
"Clothes_No+Fur_Brown",2,1303,-0.0562766621800229,0.0439241314622236,-0.142367959845981,0.0298146354859354,-5.47224228448628
"Clothes_No+Fur_Brown",2,1304,-0.0476009768585546,0.0557377705738841,-0.156847007183367,0.0616450534662583,-4.64858145957374
"Clothes_No+Fur_Brown",2,1305,-0.0528969540920088,0.0569192717285611,-0.164458726679989,0.0586648184959709,-5.15222558028547
"Clothes_No+Fur_Brown",2,1306,-0.0492331028607947,0.0547294772758327,-0.156502878321427,0.0580366725998375,-4.80408005795263
"Clothes_No+Fur_Brown",2,1307,-0.0565839830601592,0.0410277218516743,-0.136998317889441,0.0238303517691224,-5.50128817475184
"Clothes_No+Fur_Brown",2,1308,-0.0516071225207133,0.0588115818796379,-0.166877823004804,0.0636635779633769,-5.0298089949552
"Clothes_No+Fur_Brown",2,1309,-0.0514812903100304,0.0597333416616731,-0.16855863996691,0.0655960593468489,-5.01785793397361
"Clothes_No+Fur_Brown",2,1310,-0.0574781168920673,0.0424840616712962,-0.140746877767808,0.0257906439836733,-5.58574490662912
"Clothes_No+Fur_Brown",2,1311,-0.0523709066452175,0.0446885830870526,-0.139960529495841,0.0352187162054056,-5.10231802499802
"Clothes_No+Fur_Brown",2,1314,-0.061409994325407,0.0484211542694231,-0.156315456693476,0.0334954680426622,-5.95624133503105
"Clothes_No+Fur_Brown",2,1315,-0.0508303079079917,0.0507801187757635,-0.150359340708488,0.0486987248925048,-4.95600610093755
"Clothes_No+Fur_Brown",2,1316,-0.0514840246023299,0.0564104308091747,-0.162048468988312,0.0590804197836525,-5.01811764255818
"Clothes_No+Fur_Brown",2,1317,-0.0592256475884815,0.0451172854335966,-0.147655527038331,0.0292042318613679,-5.75059263539887
"Clothes_No+Fur_Brown",2,1318,-0.0516534406254295,0.052090632029162,-0.153751079402587,0.0504441981517281,-5.0342077323357
"Clothes_No+Fur_Brown",2,1319,-0.0555252341834149,0.0455820437685163,-0.144866039969707,0.033815571602877,-5.40118478692927
"Clothes_No+Fur_Brown",2,1320,-0.0553653227001949,0.0464024501310909,-0.146314124957133,0.0355834795567432,-5.38605614048778
"Clothes_No+Fur_Brown",2,1321,-0.0522148596802459,0.0555504235932159,-0.161093689922949,0.0566639705624573,-5.08750837427251
"Clothes_No+Fur_Brown",2,1323,-0.0484046268595544,0.0510090131007305,-0.148382292536986,0.0515730388178774,-4.72517984391064
"Clothes_No+Fur_Brown",2,1324,-0.0499652722707723,0.0573642089097354,-0.162399121733854,0.0624685771923091,-4.87375408877933
"Clothes_No+Fur_Brown",2,1325,-0.0557408781815457,0.0446041453650931,-0.143165003097128,0.0316832467340369,-5.42158225428551
"Clothes_No+Fur_Brown",2,1326,-0.0511923290953747,0.0551318418130672,-0.159250739048986,0.056866080858237,-4.99040781301247
"Clothes_No+Fur_Brown",2,1327,-0.0575038311602222,0.0465792824066565,-0.148799224677269,0.0337915623568245,-5.58817266888804
"Clothes_No+Fur_Brown",2,1328,-0.0609698062193626,0.0465747117751637,-0.152256241298684,0.0303166288599583,-5.91483527846081
"Clothes_No+Fur_Brown",2,1329,-0.0485244640778419,0.056810596518805,-0.1598732332547,0.0628243050990159,-4.73659662923943
"Clothes_No+Fur_Brown",2,1330,-0.0568049822946757,0.045478529711822,-0.145942900529847,0.0323329359404954,-5.52217001020819
"Clothes_No+Fur_Brown",2,1331,-0.058521638389611,0.0478841435937129,-0.152374559833288,0.0353312830540663,-5.68421682377659
"Clothes_No+Fur_Brown",2,1332,-0.0478615947062058,0.0552955019586629,-0.156240778545185,0.0605175891327736,-4.67342850311209
"Clothes_No+Fur_Brown",2,1333,-0.051869158622248,0.0459290303027377,-0.141890058015614,0.0381517407711179,-5.05469135338769
"Clothes_No+Fur_Brown",2,1334,-0.0545960625776555,0.0433221269732009,-0.139507431445129,0.0303153062898183,-5.31324540483331
"Clothes_No+Fur_Brown",2,1335,-0.0509679690450494,0.0544688895776073,-0.15772699261716,0.0557910545270609,-4.96908906467971
"Clothes_No+Fur_Brown",2,1337,-0.0556032538026494,0.0438825772196214,-0.141613105153107,0.0304065975478084,-5.40856506256534
"Clothes_No+Fur_Brown",2,1339,-0.0532740314057178,0.0460389177117856,-0.143510310120818,0.0369622473093819,-5.18798378204791
"Clothes_No+Fur_Brown",2,1340,-0.055056706634568,0.0482758294839516,-0.149677332423113,0.039563919153977,-5.3568522512175
"Clothes_No+Fur_Brown",2,1341,-0.0543444891966339,0.0454207421791206,-0.14336914386771,0.0346801654744426,-5.28942174126769
"Clothes_No+Fur_Brown",2,1342,-0.051553877123201,0.0570896341564856,-0.163449560069913,0.0603418058235108,-5.02475213475724
"Clothes_No+Fur_Brown",2,1343,-0.054227285307965,0.0406542673785288,-0.133909649369882,0.0254550787539515,-5.27832064266444
"Clothes_No+Fur_Brown",2,1344,-0.0556668534724274,0.0482990329531434,-0.150332958060589,0.0389992511157336,-5.41458085528794
"Clothes_No+Fur_Brown",2,1345,-0.0565184307440779,0.0483299227216361,-0.151245079278485,0.0382082177903288,-5.49509336228506
"Clothes_No+Fur_Brown",2,1346,-0.0476461275048685,0.0595906167069318,-0.164443736250455,0.0691514812407178,-4.65288654055847
"Clothes_No+Fur_Brown",2,1347,-0.0498617269590308,0.0583845660336995,-0.164295476385082,0.0645720224670203,-4.86390370201977
"Clothes_No+Fur_Brown",2,1348,-0.0540087817489194,0.0467474329250358,-0.14563375028199,0.0376161867841508,-5.25762135725467
"Clothes_No+Fur_Brown",2,1350,-0.0583937655395014,0.0464086758525273,-0.149354770210455,0.0325672391314522,-5.67215562463801
"Clothes_No+Fur_Brown",2,1351,-0.0558432579801586,0.0482423347648347,-0.150398234119235,0.0387117181589173,-5.43126467799668
"Clothes_No+Fur_Brown",2,1352,-0.0553832012593473,0.0478190988862676,-0.149108635076432,0.0383422325577372,-5.38774768635848
"Clothes_No+Fur_Brown",2,1353,-0.0544789266622468,0.0475494484735935,-0.14767584567049,0.0387179923459965,-5.30215353554128
"Clothes_No+Fur_Brown",2,1354,-0.0551268563918704,0.0447952394897446,-0.14292552579177,0.0326718130080292,-5.36349121219893
"Clothes_No+Fur_Brown",2,1355,-0.0501951454263506,0.0582832501416408,-0.164430315703967,0.0640400248512653,-4.89561854598309
"Clothes_No+Fur_Brown",2,1358,-0.0585896986005645,0.0434685853847811,-0.143788125954735,0.0266087287536066,-5.69063575743635
"Clothes_No+Fur_Brown",2,1359,-0.0591586060060678,0.045151484896343,-0.1476555164029,0.0293383043907646,-5.7442737941774
"Clothes_No+Fur_Brown",2,1360,-0.0531067920188889,0.0629609753639937,-0.176510303732317,0.0702967196945387,-5.17212615261845
"Clothes_No+Fur_Brown",2,1361,-0.0485998707962389,0.0557164744863,-0.157804160789387,0.0606044191969092,-4.74377985903566
"Clothes_No+Fur_Brown",2,1362,-0.0485305345033978,0.0542407401769416,-0.154842385250203,0.0577813162434077,-4.73717491688258
"Clothes_No+Fur_Brown",2,1363,-0.0459186163089748,0.0564055084250785,-0.156473412822129,0.064636180204179,-4.48803098064654
"Clothes_No+Fur_Brown",2,1364,-0.0502316186732516,0.0520680025878035,-0.152284903745347,0.0518216663988433,-4.89908724831143
"Clothes_No+Fur_Brown",2,1365,-0.057156591392496,0.0470654107088292,-0.149404796381801,0.0350916135968092,-5.55538343536153
"Clothes_No+Fur_Brown",2,1366,-0.058221023975924,0.0496152636418629,-0.155466940713975,0.0390248927621272,-5.65585987787587
"Clothes_No+Fur_Brown",2,1367,-0.0600110598216986,0.0499729514850176,-0.157958044732333,0.037935925088936,-5.82458821059768
"Clothes_No+Fur_Brown",2,1368,-0.0532096885529343,0.0581085602560913,-0.167102466654873,0.0606830895490046,-5.18188311018107
"Clothes_No+Fur_Brown",2,1369,-0.0548796278223512,0.0478216260589325,-0.148610014897859,0.0388507592531565,-5.34009147108396
"Clothes_No+Fur_Brown",2,1370,-0.0515088247236639,0.0538826237207767,-0.157118767216386,0.0541011177690583,-5.02047317555632
"Clothes_No+Fur_Brown",2,1371,-0.0562798713967366,0.0442995816896412,-0.143107051508433,0.0305473087149601,-5.47254564405948
"Clothes_No+Fur_Brown",2,1372,-0.0511298078162596,0.0573134525128026,-0.163464174741353,0.0612045591088335,-4.98446750608488
"Clothes_No+Fur_Brown",2,1373,-0.0497556740717334,0.060260721514284,-0.16786668823973,0.0683553400962632,-4.8538137092942
"Clothes_No+Fur_Brown",2,1374,-0.0553929938003686,0.041869105158131,-0.137456439910305,0.0266704523095682,-5.38867417618403
"Clothes_No+Fur_Brown",2,1375,-0.055164261666311,0.0453772262672888,-0.144103625150197,0.033775101817575,-5.36703105057753
"Clothes_No+Fur_Brown",2,1376,-0.045829841295277,0.0582333615006788,-0.159967229836607,0.0683075472460534,-4.47955152791234
"Clothes_No+Fur_Brown",2,1377,-0.0579868002816843,0.0412224990760697,-0.138782898470781,0.0228092979074123,-5.63375965674991
"Clothes_No+Fur_Brown",2,1378,-0.0570577328959024,0.0432610164468332,-0.141849325131695,0.0277338593398907,-5.54604632103764
"Clothes_No+Fur_Brown",2,1379,-0.0492691645151598,0.0589629208013129,-0.164836489285733,0.0662981602554136,-4.80751291841687
"Clothes_No+Fur_Brown",2,1380,-0.0530897510198595,0.0583383231180759,-0.167432864331288,0.0612533622915693,-5.17051017714338
"Clothes_No+Fur_Brown",2,1382,-0.0542030690142672,0.0438264298230088,-0.140102871467364,0.03169673343883,-5.27602680688358
"Clothes_No+Fur_Brown",2,1383,-0.0572063312960466,0.0460679391767645,-0.147499492082505,0.0330868294904119,-5.56008098465153
"Clothes_No+Fur_Brown",2,1384,-0.0471272076116029,0.0574168306081555,-0.159664195603588,0.0654097803803819,-4.60339618696496
"Clothes_No+Fur_Brown",2,1385,-0.0483017735835097,0.058827837086808,-0.163604334273653,0.067000787106634,-4.71538001256929
"Clothes_No+Fur_Brown",2,1386,-0.0450752645029805,0.0565225349073563,-0.155859432921399,0.0657089039154378,-4.40744681345476
"Clothes_No+Fur_Brown",2,1387,-0.0553005233962094,0.0478674641501047,-0.149120753130415,0.0385197063379958,-5.37992502413448
"Clothes_No+Fur_Brown",2,1388,-0.0557302206137667,0.0455128475945339,-0.144935401899053,0.0334749606715198,-5.42057427301663
"Clothes_No+Fur_Brown",2,1389,-0.0557473389037499,0.0475378388925884,-0.148921503133223,0.0374268253257234,-5.42219329719518
"Clothes_No+Fur_Brown",2,1391,-0.0546107369473946,0.0446553708430823,-0.142135263799836,0.0329137899050466,-5.3146348630849
"Clothes_No+Fur_Brown",2,1392,-0.0553754259020411,0.0482592590357018,-0.149963573612017,0.0392127218079345,-5.38701203943124
"Clothes_No+Fur_Brown",2,1393,-0.0585930359327542,0.0502302680728595,-0.157044361355559,0.0398582894900504,-5.69095049858822
"Clothes_No+Fur_Brown",2,1394,-0.0596144245404874,0.0482624057731287,-0.15420873985582,0.0349798907748448,-5.78722751086339
"Clothes_No+Fur_Brown",2,1395,-0.0504471673754262,0.0543531005093088,-0.156979244373671,0.056084909622819,-4.9195839175361
"Clothes_No+Fur_Brown",2,1396,-0.0552223159618881,0.0444718316186997,-0.14238710593454,0.0319424740107634,-5.37252474146054
"Clothes_No+Fur_Brown",2,1397,-0.0577280762518408,0.0460490939444765,-0.147984300383015,0.0325281478793332,-5.6093416841452
"Clothes_No+Fur_Brown",2,1398,-0.0555753278213223,0.0420341454405967,-0.137962252884892,0.0268115972422473,-5.40592346703517
"Clothes_No+Fur_Brown",2,1399,-0.0460080662599072,0.0619140936402231,-0.167359689794744,0.0753435572749301,-4.4965741394905
"Clothes_No+Fur_Brown",2,1400,-0.0559078980507319,0.0427853107358235,-0.139767107092946,0.0279513109914822,-5.43737741015607
"Clothes_No+Fur_Brown",2,1401,-0.0533139718865404,0.0485420522798399,-0.148456394355027,0.0418284505819459,-5.19177054394035
"Clothes_No+Fur_Brown",2,1402,-0.0480079886271789,0.0580187173082027,-0.161724674551256,0.0657086972968984,-4.68738271225583
"Clothes_No+Fur_Brown",2,1403,-0.0485153581464977,0.0567415625378401,-0.159728820720664,0.062698104427669,-4.73572916327919
"Clothes_No+Fur_Brown",2,1404,-0.048899209465439,0.0576978084169254,-0.161986913962613,0.0641884950317347,-4.77228946197951
"Clothes_No+Fur_Brown",2,1405,-0.0535028477285499,0.0567045126075706,-0.164643692439388,0.0576379969822885,-5.20967583711641
"Clothes_No+Fur_Brown",2,1406,-0.0522197185385046,0.0595303824728575,-0.168899268185305,0.0644598311082961,-5.08796953949593
"Clothes_No+Fur_Brown",2,1407,-0.0479117731587845,0.0557724781926732,-0.157225830416424,0.061402284098855,-4.67821172295115
"Clothes_No+Fur_Brown",2,1408,-0.0531073808001639,0.0570817430462254,-0.164987597170766,0.0587728355704379,-5.17218198547849
"Clothes_No+Fur_Brown",2,1409,-0.0571937362421749,0.0480350503135641,-0.15134243485676,0.0369549623724107,-5.55889150129311
"Clothes_No+Fur_Brown",2,1410,-0.0534359807565575,0.0549156128913875,-0.161070582023677,0.0541986205105619,-5.20333728324788
"Clothes_No+Fur_Brown",2,1411,-0.0515038972470152,0.0583141001191277,-0.165799533480506,0.062791738986475,-5.02000516500273
"Clothes_No+Fur_Brown",2,1412,-0.0538257042575854,0.0583554045650598,-0.168202297205103,0.0605508886899318,-5.24027457239526
"Clothes_No+Fur_Brown",2,1413,-0.0486899281983572,0.0528824594397154,-0.152339548700199,0.0549596923034849,-4.7523580004888
"Clothes_No+Fur_Brown",2,1415,-0.0449638631485439,0.0509131950212978,-0.144753725390287,0.0548259990931997,-4.3967970803694
"Clothes_No+Fur_Brown",2,1416,-0.0500057303502894,0.0551689396440443,-0.158136852052616,0.0581253913520374,-4.87760263614763
"Clothes_No+Fur_Brown",2,1417,-0.0457950963698977,0.0586785368164754,-0.16080502853019,0.069214835790394,-4.4762326194007
"Clothes_No+Fur_Brown",2,1418,-0.0517878838058661,0.0552654623347305,-0.160108189981938,0.0565324223702057,-5.04697437726746
"Clothes_No+Fur_Brown",2,1419,-0.0470148438400817,0.0546588163331,-0.154146123852958,0.0601164361727942,-4.59267646252716
"Clothes_No+Fur_Brown",2,1420,-0.0494019311562228,0.0529279022847942,-0.153140619634419,0.0543367573219738,-4.82015046624017
"Clothes_No+Fur_Brown",2,1421,-0.0504787053606063,0.0504996161351302,-0.149457952985462,0.0485005422642489,-4.92258251500431
"Clothes_No+Fur_Brown",2,1422,-0.047285875447028,0.0562924902387103,-0.1576191563149,0.0630474054208442,-4.61853135883464
"Clothes_No+Fur_Brown",2,1425,-0.0557070412174833,0.0476187770975768,-0.149039844328734,0.0376257618937672,-5.41838195361923
"Clothes_No+Fur_Brown",2,1426,-0.0549477981896331,0.0469580294412599,-0.146985535894503,0.0370899395152364,-5.34654425186853
"Clothes_No+Fur_Brown",2,1427,-0.0566061614379966,0.0468497952937713,-0.148431760213788,0.0352194373377951,-5.50338397964698
"Clothes_No+Fur_Brown",2,1428,-0.053767127558218,0.0518516765275591,-0.155396413552234,0.0478621584357979,-5.23472369787239
"Clothes_No+Fur_Brown",2,1429,-0.0505400477185019,0.0524005424022929,-0.153245110826996,0.0521650153899922,-4.92841460909643
"Clothes_No+Fur_Brown",2,1430,-0.0538707937529733,0.0496271884609839,-0.151140083136502,0.0433984956305551,-5.24454714427312
"Clothes_No+Fur_Brown",2,1431,-0.0562752698900003,0.0487033906975941,-0.151733915657285,0.0391833758772842,-5.47211067434074
"Clothes_No+Fur_Brown",2,1432,-0.0519652993697927,0.0513538873102078,-0.1526189184978,0.0486883197582146,-5.06381902755909
"Clothes_No+Fur_Brown",2,1435,-0.0474603116830368,0.0563242025963994,-0.15785574877198,0.0629351254059061,-4.63516789216009
"Clothes_No+Fur_Brown",2,1436,-0.058416773932721,0.0417955919755072,-0.140336134204715,0.0235025863392732,-5.67432593180522
"Clothes_No+Fur_Brown",2,1438,-0.0575627840218189,0.045477096681773,-0.146697893518094,0.0315723254744561,-5.59373835221969
"Clothes_No+Fur_Brown",2,1439,-0.0599611272152162,0.0459586474154125,-0.150040076149425,0.0301178217189924,-5.81988566941639
"Clothes_No+Fur_Brown",2,1440,-0.0575335602499087,0.0447906878481322,-0.145323308432248,0.0302561879324304,-5.59097940484917
"Clothes_No+Fur_Brown",2,1441,-0.0477427292459679,0.0595873578311988,-0.164533950595118,0.0690484921031817,-4.66209679285708
"Clothes_No+Fur_Brown",2,1442,-0.0492287218316853,0.0494379661665314,-0.146127135518087,0.0476696918547163,-4.8036630009427
"Clothes_No+Fur_Brown",2,1443,-0.0559363789058221,0.0532648723605291,-0.160335528732459,0.048462770920815,-5.4400705961547
"Clothes_No+Fur_Brown",2,1444,-0.0534555003550546,0.0515617965228779,-0.154516621539895,0.0476056208297861,-5.20518765798362
"Clothes_No+Fur_Brown",2,1445,-0.0548839078636009,0.0489533960314647,-0.150832564085272,0.0410647483580699,-5.34049661853014
"Clothes_No+Fur_Brown",2,1446,-0.0551740870395337,0.0501386909533619,-0.153445921308123,0.0430977472290556,-5.3679608502488
"Clothes_No+Fur_Brown",2,1448,-0.0545485867074593,0.0448736649189142,-0.142500969948531,0.0334037965336126,-5.30874996205116
"Clothes_No+Fur_Brown",2,1449,-0.0557070562778219,0.0475198378485829,-0.148845938461044,0.0374318259054007,-5.41838337805042
"Clothes_No+Fur_Brown",2,1450,-0.0586578692645859,0.0466247916640503,-0.150042460926124,0.0327267223969526,-5.69706467028608
"Clothes_No+Fur_Brown",2,1451,-0.0569234121216839,0.0451709629790029,-0.14545849956053,0.0316116753171618,-5.5333583407409
"Clothes_No+Fur_Brown",2,1452,-0.054239251531134,0.0429088523016873,-0.138340602042441,0.0298620989801731,-5.27945409663697
"Clothes_No+Fur_Brown",2,1453,-0.0553471140484225,0.0567775996823553,-0.166631209425839,0.055936981328994,-5.38433333244628
"Clothes_No+Fur_Brown",2,1454,-0.052366476587895,0.0531464118411628,-0.156533443796574,0.0518004906207841,-5.10189762189589
"Clothes_No+Fur_Brown",2,1455,-0.0508017571032451,0.0588711466583864,-0.166189204553682,0.0645856903471921,-4.95329247968755
"Clothes_No+Fur_Brown",2,1456,-0.0558470714867786,0.0446767910809412,-0.143413582005423,0.0317194390318662,-5.43162531580723
"Clothes_No+Fur_Brown",2,1457,-0.0542341306667967,0.0483341783242481,-0.148969120182323,0.0405008588487296,-5.27896904432951
"Clothes_No+Fur_Brown",2,1458,-0.0501251695887207,0.0534358632254674,-0.154859461510637,0.0546091223331953,-4.88896330437824
"Clothes_No+Fur_Brown",2,1459,-0.0561406156069233,0.0447276356904509,-0.143806781560207,0.0315255503463605,-5.45938123215508
"Clothes_No+Fur_Brown",2,1460,-0.0549866242187332,0.0555047086110973,-0.163775853096484,0.0538026046590176,-5.35021919835359
"Clothes_No+Fur_Brown",2,1462,-0.0472623541100995,0.0575508538544527,-0.160062027664827,0.0655373194446277,-4.61628783278873
"Clothes_No+Fur_Brown",2,1463,-0.0564660738568311,0.0461881521868158,-0.14699485214299,0.0340627044293279,-5.49014525001121
"Clothes_No+Fur_Brown",2,1464,-0.0494687901352585,0.0575012553517537,-0.162171250624696,0.0632336703541787,-4.82651388107669
"Clothes_No+Fur_Brown",2,1465,-0.0535942887758217,0.0586791466451585,-0.168605416200332,0.061416838648689,-5.21834316734818
"Clothes_No+Fur_Brown",2,1466,-0.0503427211439207,0.0575054843372802,-0.16305347044499,0.0623680281571486,-4.90965260775139
"Clothes_No+Fur_Brown",2,1467,-0.059062608927942,0.0408671044231036,-0.139162133597225,0.0210369157413411,-5.73522508554717
"Clothes_No+Fur_Brown",2,1468,-0.0575440008143669,0.0440611095327198,-0.143903775498498,0.0288157738697639,-5.5919650831686
"Clothes_No+Fur_Brown",2,1470,-0.048941430197,0.0614167679522327,-0.169318295383376,0.0714354349893761,-4.7763099607085
"Clothes_No+Fur_Brown",2,1471,-0.0562118469796897,0.0520729225777326,-0.158274775232046,0.0458510812726661,-5.46611525037258
"Clothes_No+Fur_Brown",2,1472,-0.0553522626149723,0.0430095895616902,-0.139651058155885,0.0289465329259405,-5.38482046624875
"Clothes_No+Fur_Brown",2,1474,-0.0543400227084545,0.0468301897418297,-0.146127194602441,0.0374471491855316,-5.28899871664472
"Clothes_No+Fur_Brown",2,1475,-0.0502145505830126,0.0576915771842263,-0.163290041864096,0.0628609406980709,-4.89746404349831
"Clothes_No+Fur_Brown",2,1476,-0.0556828770934134,0.0510479453189066,-0.15573684991847,0.0443710957316435,-5.41609644405248
"Clothes_No+Fur_Brown",2,1478,-0.0543107208860253,0.0488491517003857,-0.150055058218781,0.0414336164467307,-5.28622347104334
"Clothes_No+Fur_Brown",2,1479,-0.0510338933677917,0.0518794374172671,-0.152717590705635,0.0506498039700517,-4.9753537066243
"Clothes_No+Fur_Brown",2,1480,-0.056710326235855,0.0474853168071639,-0.149781547177896,0.0363608947061863,-5.51322668791229
"Clothes_No+Fur_Brown",2,1482,-0.046981677304034,0.0532689837799846,-0.151388885512804,0.0574255309047358,-4.58951207961632
"Clothes_No+Fur_Brown",2,1483,-0.0564140711528581,0.0457257053530508,-0.146036453644838,0.0332083113391215,-5.4852303542193
"Clothes_No+Fur_Brown",2,1484,-0.0541367156167304,0.0446557454870729,-0.141661976771393,0.0333885455379326,-5.26974134090533
"Clothes_No+Fur_Brown",2,1485,-0.0528015552300187,0.0608391189240505,-0.172046228321158,0.0664431178611203,-5.14317677892772
"Clothes_No+Fur_Brown",2,1486,-0.0555911684402499,0.0476108204199475,-0.148908376463347,0.0377260395828471,-5.40742188388638
"Clothes_No+Fur_Brown",2,1487,-0.0573948661030194,0.0467240085072592,-0.148973922777247,0.0341841905712086,-5.577884518208
"Clothes_No+Fur_Brown",2,1489,-0.0475279863133614,0.0570582138200263,-0.159362085400613,0.0643061127738901,-4.64162145354531
"Clothes_No+Fur_Brown",2,1490,-0.0539682609821243,0.0460576332504953,-0.144241222153095,0.0363047001888465,-5.25378224564272
"Clothes_No+Fur_Brown",2,1491,-0.0514694601698831,0.0546591716852479,-0.158601436672969,0.0556625163332028,-5.01673427527496
"Clothes_No+Fur_Brown",2,1492,-0.0493622998367373,0.054699166402084,-0.156572665984822,0.0578480663113473,-4.81637828846702
"Clothes_No+Fur_Brown",2,1494,-0.0469237307715104,0.0597389834583533,-0.164012138349883,0.070164676806862,-4.58398321248715
"Clothes_No+Fur_Brown",2,1495,-0.0513555541707274,0.0540941245978822,-0.157380038382576,0.0546689300411216,-5.00591449528229
"Clothes_No+Fur_Brown",2,1496,-0.0545941195508748,0.041620191490622,-0.136169694872494,0.0269814557707443,-5.31306142575462
"Clothes_No+Fur_Brown",2,1497,-0.0550554750063179,0.0457588569748246,-0.144742834676974,0.0346318846643384,-5.35673568597127
"Clothes_No+Fur_Brown",2,1498,-0.0457679040379905,0.0572980568839226,-0.158072095530479,0.0665362874544978,-4.47363507009652
"Clothes_No+Fur_Brown",2,1499,-0.0492632961155477,0.0564769984745968,-0.159958213125757,0.061431620894662,-4.80695428922347
"Clothes_No+Fur_Brown",2,1500,-0.0568410297356367,0.0451994799407087,-0.145432010419426,0.0317499509481523,-5.52557563282452
"Clothes_No+Fur_Brown",2,1501,-0.0569330319447288,0.0463657923479115,-0.147809984946635,0.0339439210571778,-5.5342670887463
"Clothes_No+Fur_Brown",2,1502,-0.0513707167184699,0.061476806159511,-0.171865256791111,0.0691238233541716,-5.00735483671937
"Clothes_No+Fur_Brown",2,1503,-0.0503928592286737,0.0508202318038624,-0.150000513564244,0.0492147951068966,-4.91442013612977
"Clothes_No+Fur_Brown",2,1505,-0.0485076417511371,0.0571832960091242,-0.16058690192902,0.0635716184267463,-4.73499406366552
"Clothes_No+Fur_Brown",2,1507,-0.0557764064211516,0.0485590285864836,-0.15095210245066,0.0393992896083562,-5.42494239928235
"Clothes_No+Fur_Brown",2,1509,-0.0481704091301037,0.05220658422955,-0.150495314220022,0.0541544959598144,-4.70286217836542
"Clothes_No+Fur_Brown",2,1510,-0.0561497751491759,0.0486191138528538,-0.151443238300769,0.0391436880024176,-5.46024717698145
"Clothes_No+Fur_Brown",2,1511,-0.058465516663065,0.0420917679738798,-0.140965381891869,0.0240343485657394,-5.67892351065066
"Clothes_No+Fur_Brown",2,1513,-0.0461519514207978,0.0567302639354971,-0.157343268734372,0.0650393658927765,-4.51031467673264
"Clothes_No+Fur_Brown",2,1515,-0.0563375238015321,0.0446602260407115,-0.143871566841327,0.0311965192382625,-5.47799522203015
"Clothes_No+Fur_Brown",2,1516,-0.0490384786075467,0.0565158533762311,-0.15980955122496,0.0617325940098663,-4.7855508200606
"Clothes_No+Fur_Brown",2,1517,-0.0535039777886337,0.0433554020867273,-0.138480565878619,0.0314726103013518,-5.20978295581755
"Clothes_No+Fur_Brown",2,1519,-0.0541929704441557,0.0452150759162632,-0.142814519240032,0.0344285783517202,-5.275070225369
"Clothes_No+Fur_Brown",2,1520,-0.0510955565966889,0.0551803798202484,-0.159249101044376,0.057057987850998,-4.9812130524846
"Clothes_No+Fur_Brown",2,1521,-0.048987029700723,0.056440146237272,-0.159609716325776,0.0616356569243302,-4.78065201471846
"Clothes_No+Fur_Brown",2,1522,-0.0491957349508686,0.0542490417174004,-0.155523856716973,0.0571323868152362,-4.80052271892616
"Clothes_No+Fur_Brown",2,1523,-0.0540795919932765,0.0456646785191059,-0.143582361890724,0.0354231779041709,-5.26432985071951
"Clothes_No+Fur_Brown",2,1524,-0.0505143542901896,0.0575859078408328,-0.163382733658222,0.0623540250778426,-4.92597186275152
"Clothes_No+Fur_Brown",2,1525,-0.0540748571196404,0.0458655609820545,-0.143971356644467,0.0358216424051864,-5.26388128823058
"Clothes_No+Fur_Brown",2,1526,-0.053095384779834,0.0441781648144426,-0.139684587816141,0.0334938182564735,-5.17104442222264
"Clothes_No+Fur_Brown",2,1527,-0.0582324842670195,0.0442263686862084,-0.144916166891988,0.028451198357949,-5.65694108298934
"Clothes_No+Fur_Brown",2,1528,-0.0567995061850965,0.0475477471190916,-0.149993090538516,0.036394078168323,-5.52165263784178
"Clothes_No+Fur_Brown",2,1529,-0.0462578909116104,0.0593994162034247,-0.162680746670323,0.070164964847102,-4.52043026954381
"Clothes_No+Fur_Brown",2,1530,-0.0496293704497952,0.0588084026436894,-0.164893839631426,0.065635098731836,-4.84179564240535
"Clothes_No+Fur_Brown",2,1531,-0.0519947357590534,0.0539428547651032,-0.157722731098656,0.0537332595805489,-5.06661356480638
"Clothes_No+Fur_Brown",2,1533,-0.0515406496322193,0.0553043417925593,-0.159937159545636,0.056855860281197,-5.02349584221383
"Clothes_No+Fur_Brown",2,1534,-0.0501538037175816,0.0571041418709304,-0.162077921784605,0.0617703143494419,-4.89168668706804
"Clothes_No+Fur_Brown",2,1535,-0.0495995265517234,0.0558927959563085,-0.159149406626088,0.0599503535226412,-4.83895570827667
"Clothes_No+Fur_Brown",2,1537,-0.0587316640942962,0.0489729182258216,-0.154718583816906,0.0372552556283141,-5.70402348257457
"Clothes_No+Fur_Brown",2,1538,-0.0569552772091139,0.0499677458178619,-0.154892059012123,0.0409815045938954,-5.53636848057715
"Clothes_No+Fur_Brown",2,1539,-0.0522800701858399,0.0432101900061837,-0.13697204259796,0.0324119022262801,-5.09369746403957
"Clothes_No+Fur_Brown",2,1540,-0.0508898967930438,0.0530283641812837,-0.15482549058836,0.0530456970022723,-4.96166949782547
"Clothes_No+Fur_Brown",2,1541,-0.0574203807799194,0.0487775636215771,-0.153024405478211,0.0381836439183717,-5.58029363724266
"Clothes_No+Fur_Brown",2,1542,-0.049772609132355,0.061314487927212,-0.16994900546969,0.0704037872049805,-4.85542500208322
"Clothes_No+Fur_Brown",2,1543,-0.0477715639131293,0.058244680401016,-0.161931137499121,0.066388009672862,-4.66484578993053
"Clothes_No+Fur_Brown",2,1544,-0.0514142406865604,0.0565968425023928,-0.16234405199125,0.0595155706181295,-5.0114892036036
"Clothes_No+Fur_Brown",2,1545,-0.0472057361543779,0.0590690269117945,-0.162981028901495,0.0685695565927394,-4.61088724911313
"Clothes_No+Fur_Brown",2,1546,-0.0487099252993771,0.0601716120982672,-0.166646285011981,0.0692264344132267,-4.75426265816389
"Clothes_No+Fur_Brown",2,1547,-0.0577007161773973,0.0473723315510225,-0.150550486017401,0.0351490536626068,-5.60675911337739
"Clothes_No+Fur_Brown",2,1548,-0.0499676140926315,0.0577521152787957,-0.163161760039071,0.063226531853808,-4.87397685724055
"Clothes_No+Fur_Brown",2,1549,-0.0483664773217035,0.0536723969368198,-0.15356437531787,0.0568314206744633,-4.7215450842211
"Clothes_No+Fur_Brown",2,1550,-0.0537783266059127,0.050694485024108,-0.153139517253164,0.0455828640413389,-5.23578497277886
"Clothes_No+Fur_Brown",2,1552,-0.0536215509748562,0.0462519857812134,-0.144275443106035,0.0370323411563221,-5.22092708851973
"Clothes_No+Fur_Brown",2,1553,-0.0502211887568859,0.0546209788941108,-0.157278307389343,0.0568359298755713,-4.89809534857242
"Clothes_No+Fur_Brown",2,1554,-0.0494813784523031,0.0540171500893396,-0.155354992627409,0.0563922357228025,-4.82771194755336
"Clothes_No+Fur_Brown",2,1555,-0.0570471890733769,0.0422100674008631,-0.139778921179069,0.0256845430323149,-5.54505041006288
"Clothes_No+Fur_Brown",2,1556,-0.0495590323617548,0.0547955025386142,-0.156958217337439,0.057840152613929,-4.8351021608489
"Clothes_No+Fur_Brown",2,1557,-0.0511814603968148,0.0585689540932,-0.165976610419487,0.0636136896258572,-4.989375176783
"Clothes_No+Fur_Brown",2,1558,-0.0551893174612685,0.0516556958403175,-0.156434481308291,0.0460558463857538,-5.36940212513904
"Clothes_No+Fur_Brown",2,1559,-0.0544375316647717,0.0444046901985145,-0.14147072445386,0.0325956611243167,-5.29823343729032
"Clothes_No+Fur_Brown",2,1561,-0.0501957960338496,0.0591825693899021,-0.166193632038058,0.0658020399703585,-4.89568042158673
"Clothes_No+Fur_Brown",2,1562,-0.0477092034731682,0.0494395971015779,-0.144610813792261,0.0491924068459245,-4.65890046239553
"Clothes_No+Fur_Brown",2,1563,-0.0520277431621823,0.0457599533181268,-0.141717251665711,0.0376617653413462,-5.06974701764897
"Clothes_No+Fur_Brown",2,1564,-0.0520521595945117,0.0511651746728433,-0.152335901953285,0.0482315827642612,-5.07206484745025
"Clothes_No+Fur_Brown",2,1566,-0.0463747926400971,0.0586361686438269,-0.161301683181998,0.0685520979018036,-4.53159134389332
"Clothes_No+Fur_Brown",2,1568,-0.0566262712527086,0.0434489198618962,-0.141786154182025,0.0285336116766079,-5.50528426997876
"Clothes_No+Fur_Brown",2,1569,-0.0572896004470936,0.0510037827694971,-0.157257014675308,0.0426778137811207,-5.56794458913051
"Clothes_No+Fur_Brown",2,1570,-0.0483654904719316,0.0575325840508316,-0.161129355211562,0.0643983742676983,-4.72145105865321
"Clothes_No+Fur_Brown",2,1571,-0.0556141260564462,0.0439958340805809,-0.141845960854385,0.0306177087414924,-5.40959347906237
"Clothes_No+Fur_Brown",2,1572,-0.0571360085723832,0.0467338935607239,-0.148734439951402,0.0344624228066357,-5.55343947880217
"Clothes_No+Fur_Brown",2,1573,-0.0514874625671149,0.05549642150862,-0.16026044872401,0.0572855235897802,-5.01844418636362
"Clothes_No+Fur_Brown",2,1574,-0.0516179412924488,0.0544868092338991,-0.158412087390891,0.0551762048059935,-5.03083645021544
"Clothes_No+Fur_Brown",2,1575,-0.0482433458634412,0.053177562743413,-0.152471368840531,0.0559846771136481,-4.70981258682142
"Clothes_No+Fur_Brown",2,1577,-0.04803785760589,0.05930869034584,-0.164282890683736,0.0682071754719564,-4.69022956027607
"Clothes_No+Fur_Brown",2,1580,-0.0541448059520045,0.0477527741927323,-0.14774024336976,0.0394506314657508,-5.27050773735828
"Clothes_No+Fur_Brown",2,1581,-0.0505673403449995,0.0571788024869271,-0.162637793219377,0.0615031125293776,-4.93100932695855
"Clothes_No+Fur_Brown",2,1582,-0.0503300614648069,0.0602488219497126,-0.168417752486244,0.0677576295566299,-4.90844878684661
"Clothes_No+Fur_Brown",2,1583,-0.0536138155110376,0.0440393014933473,-0.139930846437998,0.0327032154159232,-5.22019392559478
"Clothes_No+Fur_Brown",2,1584,-0.0562858598964749,0.0475440510521525,-0.149472199958694,0.036900480165744,-5.47311172000018
"Clothes_No+Fur_Brown",2,1585,-0.0533825089300782,0.0579550068685602,-0.166974322392456,0.0602093045322997,-5.19826819702283
"Clothes_No+Fur_Brown",2,1586,-0.050203423721327,0.0566043849171565,-0.161148018158954,0.0607411707162998,-4.89640584484757
"Clothes_No+Fur_Brown",2,1588,-0.0585312212524059,0.0481244272291033,-0.152855098621448,0.0357926561166365,-5.68512063465562
"Clothes_No+Fur_Brown",2,1589,-0.0585656295813062,0.0457846941537404,-0.148303630122637,0.031172370960025,-5.68836579621439
"Clothes_No+Fur_Brown",2,1590,-0.0508678025701803,0.0649363180009619,-0.178142985852066,0.0764073807117051,-4.95956967657389
"Clothes_No+Fur_Brown",2,1591,-0.0534590358867959,0.0567070034647932,-0.164604762677791,0.0576866909041987,-5.20552280745911
"Clothes_No+Fur_Brown",2,1593,-0.0545823742688943,0.0485843391372537,-0.149807678977912,0.0406429304401229,-5.31194929443006
"Clothes_No+Fur_Brown",2,1594,-0.0501334613681037,0.0562630109161607,-0.160408962763779,0.0601420400275712,-4.8897519408418
"Clothes_No+Fur_Brown",2,1595,-0.0581079183785746,0.0489530161901986,-0.154055830111364,0.0378399933542146,-5.64518842406173
"Clothes_No+Fur_Brown",2,1596,-0.0507570956919901,0.0547151218888356,-0.157998734594108,0.0564845432101276,-4.94904746480108
"Clothes_No+Fur_Brown",2,1597,-0.0561752670296573,0.0464530773609369,-0.147223298657094,0.0348727645977789,-5.46265714234374
"Clothes_No+Fur_Brown",2,1598,-0.0473676723474198,0.0604382701033189,-0.165826681749925,0.0710913370550851,-4.62633294824705
"Clothes_No+Fur_Brown",2,1599,-0.0593489384786259,0.0463204555492151,-0.150137031355088,0.0314391543978357,-5.76221201243204
"Clothes_No+Fur_Brown",2,1600,-0.052905223889442,0.0598805312517994,-0.170271065142969,0.0644606173640849,-5.15300994892363
"Clothes_No+Fur_Brown",2,1601,-0.0454629269744062,0.0564128361426839,-0.156032085814067,0.0651062318652542,-4.44449727687184
"Clothes_No+Fur_Brown",2,1603,-0.0487640365621269,0.052833773071004,-0.152318231781295,0.0547901586570408,-4.75941638584438
"Clothes_No+Fur_Brown",2,1604,-0.0501112711314647,0.0548336048418761,-0.157585136621542,0.0573625943586125,-4.88764139851394
"Clothes_No+Fur_Brown",2,1605,-0.05356882785705,0.0531493077178399,-0.157741470984016,0.0506038152699162,-5.21592990856076
"Clothes_No+Fur_Brown",2,1606,-0.0477071766895496,0.0564238887222631,-0.158297998585185,0.0628836452060861,-4.65870722642099
"Clothes_No+Fur_Brown",2,1607,-0.0563676866482841,0.0481370135235171,-0.150716233154377,0.0379808598578094,-5.48084623177746
"Clothes_No+Fur_Brown",2,1608,-0.0485750557158228,0.0545559022227792,-0.15550462407247,0.0583545126408244,-4.74141603894366
"Clothes_No+Fur_Brown",2,1609,-0.0530785214585054,0.0540361694614432,-0.158989413602934,0.0528323706859232,-5.16944527759007
"Clothes_No+Fur_Brown",2,1611,-0.0510059728782849,0.0539662389450451,-0.156779801210573,0.0547678554540036,-4.97270053494582
"Clothes_No+Fur_Brown",2,1612,-0.0591934476320132,0.043872134685815,-0.145182831616211,0.0267959363521843,-5.7475577597234
"Clothes_No+Fur_Brown",2,1613,-0.0593744441382691,0.047653787708588,-0.152775868047102,0.0340269797705634,-5.76461557872558
"Clothes_No+Fur_Brown",2,1614,-0.0501617264120102,0.0600189607498222,-0.167798889481662,0.0674754366576413,-4.89244019818712
"Clothes_No+Fur_Brown",2,1615,-0.0518523297869749,0.052004506763629,-0.153781163043688,0.0500765034697379,-5.05309352098373
"Clothes_No+Fur_Brown",2,1616,-0.051254720427403,0.0604931333582447,-0.169821261809563,0.0673118209547566,-4.99633540310743
"Clothes_No+Fur_Brown",2,1617,-0.0556911181696087,0.0480859530369093,-0.149939586121951,0.0385573497827335,-5.41687591399669
"Clothes_No+Fur_Brown",2,1618,-0.0557022078759564,0.051058296444556,-0.155776468907286,0.0443720531553734,-5.41792480725228
"Clothes_No+Fur_Brown",2,1619,-0.0519416384701905,0.0544585145447813,-0.158680326977962,0.0547970500375809,-5.06157272553782
"Clothes_No+Fur_Brown",2,1620,-0.056647440564032,0.0482841051206618,-0.151284286600529,0.037989405472465,-5.5072846368612
"Clothes_No+Fur_Brown",2,1621,-0.0512468219447464,0.0501804955232245,-0.149600593170266,0.0471069492807736,-4.99558501534684
"Clothes_No+Fur_Brown",2,1622,-0.056103381597624,0.0474080793884333,-0.149023217198953,0.0368164540037053,-5.4558610403417
"Clothes_No+Fur_Brown",2,1623,-0.0501554411217758,0.0568679785911413,-0.161616679160413,0.0613057969168611,-4.89184241769167
"Clothes_No+Fur_Brown",2,1624,-0.0523315309258097,0.0405980653008329,-0.131903738915442,0.0272406770638229,-5.09858128693222
"Clothes_No+Fur_Brown",2,1626,-0.0536566691627004,0.0453021350137874,-0.142448853789724,0.035135515464323,-5.22425549936171
"Clothes_No+Fur_Brown",2,1627,-0.0457572415622061,0.0589803065828356,-0.161358642464564,0.0698441593401517,-4.47261651711354
"Clothes_No+Fur_Brown",2,1628,-0.0504045539762424,0.0495033731317366,-0.147431165314446,0.0466220573619614,-4.91553213148144
"Clothes_No+Fur_Brown",2,1629,-0.055677931715728,0.056538177966519,-0.166492760530105,0.0551368970986492,-5.41562868976981
"Clothes_No+Fur_Brown",2,1630,-0.0483316365567917,0.0615585444165265,-0.168986383613184,0.0723231104996002,-4.71822545214331
"Clothes_No+Fur_Brown",2,1631,-0.0513287062662976,0.0460301591912879,-0.141547818281222,0.0388904057486266,-5.00336406891663
"Clothes_No+Fur_Brown",2,1632,-0.0530125142328503,0.0502598695471027,-0.151521858545172,0.045496830079471,-5.16318556917479
"Clothes_No+Fur_Brown",2,1633,-0.050558958218576,0.0559080105097592,-0.160138658817704,0.0590207423805521,-4.93021244331998
"Clothes_No+Fur_Brown",2,1635,-0.0534163102804342,0.0556301774345653,-0.162451458052182,0.0556188374913137,-5.20147256941749
"Clothes_No+Fur_Brown",2,1636,-0.0487942426052345,0.0580276057239468,-0.16252834982417,0.0649398646137013,-4.76229318357007
"Clothes_No+Fur_Brown",2,1637,-0.0471096665994628,0.0588044357405554,-0.162366360650951,0.0681470274520258,-4.60172281930311
"Clothes_No+Fur_Brown",2,1638,-0.050196567530348,0.0576805370263159,-0.163250420101927,0.0628572850412311,-4.89575379420796
"Clothes_No+Fur_Brown",2,1640,-0.056111072499571,0.0445293189804289,-0.143388537701212,0.0311663927020696,-5.45658816724798
"Clothes_No+Fur_Brown",2,1641,-0.0492215682853706,0.0587474980986552,-0.164366664558735,0.0659235279879935,-4.80298200710123
"Clothes_No+Fur_Brown",2,1642,-0.0543903886477965,0.0429314879768378,-0.138536105082399,0.0297553277868056,-5.29376880506438
"Clothes_No+Fur_Brown",2,1643,-0.0445431623482176,0.0556146605727321,-0.153547897070773,0.0644615723743373,-4.35656827483535
"Clothes_No+Fur_Brown",2,1644,-0.0491104456290254,0.0574960265838108,-0.161802657733295,0.0635817664752438,-4.79240287380591
"Clothes_No+Fur_Brown",2,1645,-0.0556582181235957,0.0438738170861342,-0.141650899612419,0.0303344633652274,-5.41376407367264
"Clothes_No+Fur_Brown",2,1646,-0.0488904272647724,0.0581908871849789,-0.162944566147331,0.0651637116177862,-4.7714531494442
"Clothes_No+Fur_Brown",2,1647,-0.0448665938080957,0.0539008436134437,-0.150512247290445,0.060779059674254,-4.38749736759554
"Clothes_No+Fur_Brown",2,1648,-0.054086751627037,0.056916306425804,-0.165642712221613,0.0574692089675389,-5.26500812099374
"Clothes_No+Fur_Brown",2,1649,-0.0581217574208749,0.0465708473062993,-0.149400618141221,0.0331571032994717,-5.64649419525503
"Clothes_No+Fur_Brown",2,1650,-0.0540461854323433,0.0449286821312294,-0.142106402409553,0.0340140315448664,-5.2611650049191
"Clothes_No+Fur_Brown",2,1651,-0.0572762601156131,0.0451682781401968,-0.145806085270399,0.0312535650391727,-5.56668482580612
"Clothes_No+Fur_Brown",2,1652,-0.0549863116593009,0.0479491056722539,-0.148966558776919,0.0389939354583166,-5.35018961466721
"Clothes_No+Fur_Brown",2,1653,-0.0592070838424307,0.0450409842129416,-0.147487412899796,0.0290732452149349,-5.74884299709524
"Clothes_No+Fur_Brown",2,1654,-0.0611157491668456,0.0450775152165388,-0.149467678991262,0.0272361806575705,-5.9285653427873
"Clothes_No+Fur_Brown",2,1655,-0.0514479959089419,0.045446966364519,-0.140524049983399,0.0376280581655153,-5.01469550779416
"Clothes_No+Fur_Brown",2,1656,-0.0478709331916659,0.0587727480769308,-0.16306551942245,0.0673236530391184,-4.67431870475741
"Clothes_No+Fur_Brown",2,1657,-0.0504904500477933,0.0539354590924901,-0.156203949869074,0.0552230497734872,-4.92369916297387
"Clothes_No+Fur_Brown",2,1658,-0.0579924012796543,0.044301413515691,-0.144823171770409,0.0288383692111,-5.63428820039031
"Clothes_No+Fur_Brown",2,1659,-0.0469639906339594,0.0604509958961929,-0.165447942590497,0.0715199613225787,-4.58782457087165
"Clothes_No+Fur_Brown",2,1660,-0.0456898662720761,0.0588215017117569,-0.16098000962712,0.0696002770829673,-4.46618011511123
"Clothes_No+Fur_Brown",2,1663,-0.0550102225013307,0.0492664052009481,-0.151572376695189,0.0415519316925276,-5.35245274427471
"Clothes_No+Fur_Brown",2,1664,-0.0495704855320903,0.0593251516869149,-0.165847782838443,0.0667068117742628,-4.83619209439221
"Clothes_No+Fur_Brown",2,1665,-0.0496189402335284,0.0494224804385626,-0.146487001893111,0.0472491214260542,-4.84080311657823
"Clothes_No+Fur_Brown",2,1666,-0.0508660377922528,0.0614291478791693,-0.171267167635425,0.069535092050919,-4.95940195117225
"Clothes_No+Fur_Brown",2,1667,-0.0562627373270488,0.0491974964456486,-0.15268983036052,0.0401643557064225,-5.47092599019354
"Clothes_No+Fur_Brown",2,1668,-0.0495575917102002,0.0606461258505384,-0.168423998377255,0.0693088149568551,-4.83496506129213
"Clothes_No+Fur_Brown",2,1669,-0.0514401024896591,0.0539905590791586,-0.15726159828481,0.0543813933054918,-5.01394574600101
"Clothes_No+Fur_Brown",2,1670,-0.0531908130862491,0.0537805625749293,-0.15860071573311,0.0522190895606123,-5.1800933570834
"Clothes_No+Fur_Brown",2,1671,-0.0561990699904116,0.0448977463518031,-0.144198652839946,0.0318005128591225,-5.46490738422429
"Clothes_No+Fur_Brown",2,1672,-0.0532019160691621,0.0563226500953219,-0.163594310255993,0.0571904781176688,-5.18114613504218
"Clothes_No+Fur_Brown",2,1673,-0.0539285974608715,0.0561823654818076,-0.164046033805214,0.0561888388834714,-5.25002420249309
"Clothes_No+Fur_Brown",2,1674,-0.0491173774804471,0.0578699394146247,-0.162542458733112,0.0643077037722174,-4.79306283643602
"Clothes_No+Fur_Brown",2,1675,-0.0577962910854677,0.0481506145195843,-0.152171495543853,0.0365789133729174,-5.61578030759083
"Clothes_No+Fur_Brown",2,1676,-0.0493359317597435,0.0530712054438036,-0.153355494429598,0.0546836309101115,-4.81386844631146
"Clothes_No+Fur_Brown",2,1677,-0.0573725741757917,0.0444458709702048,-0.144486481277393,0.0297413329258098,-5.57577964382022
"Clothes_No+Fur_Brown",2,1678,-0.0496114217014473,0.0551266544836989,-0.157659664489497,0.0584368210866025,-4.84008765641405
"Clothes_No+Fur_Brown",2,1679,-0.0528782325807505,0.0595210388048971,-0.169539468638349,0.0637830034768479,-5.15044986998691
"Clothes_No+Fur_Brown",2,1680,-0.0490638854969075,0.058766242746311,-0.164245721279677,0.0661179502858621,-4.78796989230579
"Clothes_No+Fur_Brown",2,1681,-0.0562212703641452,0.0479670872308898,-0.150236761336689,0.0377942206083988,-5.46700607531535
"Clothes_No+Fur_Brown",2,1682,-0.0480590354871818,0.0581223414568301,-0.161978824742569,0.0658607537682053,-4.69224799790718
"Clothes_No+Fur_Brown",2,1683,-0.0552732197021804,0.0455080560053851,-0.144469009472735,0.0339225700683744,-5.37734151128877
"Clothes_No+Fur_Brown",2,1684,-0.0482088173075957,0.0587087399736634,-0.163277947655976,0.0668603130407846,-4.70652229745965
"Clothes_No+Fur_Brown",2,1685,-0.058777099405137,0.0455957799981569,-0.148144828201524,0.0305906293912504,-5.70830775224939
"Clothes_No+Fur_Brown",2,1686,-0.0468965940930857,0.0527245151279087,-0.150236643743787,0.0564434555576153,-4.58139390359056
"Clothes_No+Fur_Brown",2,1689,-0.0608768806583012,0.0448277410172241,-0.148739253052061,0.0269854917354581,-5.90609195550871
"Clothes_No+Fur_Brown",2,1691,-0.0484731407079042,0.0604826773195114,-0.167019188254146,0.0700729068383381,-4.73170726487846
"Clothes_No+Fur_Brown",2,1692,-0.0570049087905952,0.0471399896776136,-0.149399288558718,0.0353894709775274,-5.54105674365801
"Clothes_No+Fur_Brown",2,1693,-0.0520320862299397,0.0557810821741533,-0.16136300729128,0.0572988348314007,-5.07015930527461
"Clothes_No+Fur_Brown",2,1695,-0.0487987857744878,0.056179967107968,-0.158911521306105,0.0613139497571295,-4.76272586360856
"Clothes_No+Fur_Brown",2,1697,-0.057318575262141,0.0431217226843459,-0.141837151723459,0.0272000011991769,-5.57068070083123
"Clothes_No+Fur_Brown",2,1698,-0.0574722925808573,0.0480547695919939,-0.151659640981165,0.0367150558194507,-5.58519500702341
"Clothes_No+Fur_Brown",2,1700,-0.0576552646612778,0.0493292858648241,-0.154340664956333,0.0390301356337775,-5.60246869996551
"Clothes_No+Fur_Brown",2,1701,-0.0533489157485435,0.0598201800996979,-0.170596468743951,0.0638986372468645,-5.195083451744
"Clothes_No+Fur_Brown",2,1702,-0.0568668231838431,0.041943520980983,-0.13907612430657,0.0253424779388835,-5.52801242256953
"Clothes_No+Fur_Brown",2,1703,-0.0475242119873007,0.0603521723676768,-0.165814469827947,0.0707660458533458,-4.64126153925283
"Clothes_No+Fur_Brown",2,1705,-0.0550582337319471,0.043747151768476,-0.14080265119816,0.0306861837342659,-5.35699678041003
"Clothes_No+Fur_Brown",2,1706,-0.0571649088203967,0.0493562576692141,-0.153903173852056,0.0395733562112629,-5.5561689683836
"Clothes_No+Fur_Brown",2,1707,-0.0603122376265987,0.0474401073258028,-0.153294847985172,0.0326703727319748,-5.85294748358982
"Clothes_No+Fur_Brown",2,1708,-0.0567222770275026,0.0452385271128102,-0.145389790168611,0.0319452361136054,-5.51435587290626
"Clothes_No+Fur_Brown",2,1709,-0.0497008286408693,0.0573754699351263,-0.162156749713717,0.0627550924319783,-4.84859523260851
"Clothes_No+Fur_Brown",2,1711,-0.056269744132889,0.0506818730764395,-0.155606215362711,0.0430667270969325,-5.47158833474092
"Clothes_No+Fur_Brown",2,1712,-0.0560179631655036,0.0455702869876654,-0.145335725661328,0.0332997993303205,-5.44778488330417
"Clothes_No+Fur_Brown",2,1713,-0.0564145477725167,0.0455743130783788,-0.145740201406139,0.0329111058611058,-5.4852754018058
"Clothes_No+Fur_Brown",2,1714,-0.0563834604499091,0.0533129939525237,-0.160876928596856,0.0481100076970373,-5.48233714640003
"Clothes_No+Fur_Brown",2,1715,-0.0501262265143247,0.055552005524004,-0.159008157341372,0.058755704312723,-4.88906382961503
"Clothes_No+Fur_Brown",2,1716,-0.0555899263651127,0.0486885447920814,-0.151019474157592,0.0398396214273668,-5.40730439272398
"Clothes_No+Fur_Brown",2,1717,-0.0498633026138209,0.0517705339624562,-0.151333549180235,0.0516069439525932,-4.86405360354753
"Clothes_No+Fur_Brown",2,1718,-0.056610796540885,0.0462955189632557,-0.147350013708866,0.0341284206270961,-5.50382198016975
"Clothes_No+Fur_Brown",2,1720,-0.0556329064336848,0.0442588642780531,-0.142380280418669,0.0311144675512993,-5.41136990589894
"Clothes_No+Fur_Brown",2,1721,-0.0598250403216158,0.0466902393886783,-0.151337909523425,0.0316878288801937,-5.80706811808762
"Clothes_No+Fur_Brown",2,1722,-0.0567815658869346,0.0461038299359308,-0.147145072561359,0.0335819407874898,-5.51995765291603
"Clothes_No+Fur_Brown",2,1723,-0.0554920895549217,0.0481905639501168,-0.149945594897151,0.0389614157873072,-5.39804929238102
"Clothes_No+Fur_Brown",2,1725,-0.0564587058995836,0.0481186295016129,-0.150771219722745,0.0378538079235776,-5.48944890287663
"Clothes_No+Fur_Brown",2,1726,-0.045420689214957,0.0560961100761915,-0.155369064964292,0.0645276865343783,-4.44046114129572
"Clothes_No+Fur_Brown",2,1727,-0.0601830814684763,0.0441263659320165,-0.146670758695229,0.0263045957582759,-5.84078702670622
"Clothes_No+Fur_Brown",2,1728,-0.0561915005439909,0.0569277757187044,-0.167769940952652,0.0553869398646698,-5.46419180319758
"Clothes_No+Fur_Brown",2,1729,-0.0540822418808859,0.0528146529563435,-0.157598961675319,0.0494344779135473,-5.26458088926538
"Clothes_No+Fur_Brown",2,1730,-0.0495150051537964,0.0495760375017749,-0.146684038657275,0.0476540283496823,-4.83091222386646
"Clothes_No+Fur_Brown",2,1731,-0.0559674235470863,0.0465827794443072,-0.147269671257928,0.035334824163756,-5.44300612967449
"Clothes_No+Fur_Brown",2,1732,-0.0524395932201652,0.0428488969553256,-0.136423431252603,0.031544244812273,-5.10883599789218
"Clothes_No+Fur_Brown",2,1733,-0.0558110168989209,0.0464333449127789,-0.146820372927968,0.0351983391301257,-5.42821563056659
"Clothes_No+Fur_Brown",2,1734,-0.0535003107135587,0.053141667555383,-0.157657979122109,0.0506573576949921,-5.20943535233793
"Clothes_No+Fur_Brown",2,1735,-0.0475033620269628,0.0533137512952623,-0.151998314565677,0.0569915905117512,-4.6392732926107
"Clothes_No+Fur_Brown",2,1737,-0.0530040151054846,0.046170494146175,-0.143498183631988,0.0374901534210184,-5.16237953558469
"Clothes_No+Fur_Brown",2,1738,-0.0502184954413704,0.0533061399595665,-0.154698529762121,0.0542615388793799,-4.89783920879214
"Clothes_No+Fur_Brown",2,1739,-0.0570883817300836,0.045714347866471,-0.146688503548367,0.0325117400881996,-5.54894118023945
"Clothes_No+Fur_Brown",2,1740,-0.0549463273876138,0.0514277272769537,-0.155744672850443,0.0458520180752155,-5.34640503527232
"Clothes_No+Fur_Brown",2,1741,-0.054586657486507,0.0448520220686445,-0.14249662074105,0.0333233057680362,-5.31235486308798
"Clothes_No+Fur_Brown",2,1742,-0.0511872917939635,0.0586474396413315,-0.166136273490973,0.0637616899030463,-4.98992921985425
"Clothes_No+Fur_Brown",2,1744,-0.0551964552109769,0.0477568353072711,-0.148799852413228,0.0384069419912743,-5.37007757225084
"Clothes_No+Fur_Brown",2,1745,-0.0557440954305235,0.0460256081711406,-0.145954287445959,0.034466096584912,-5.42188653611384
"Clothes_No+Fur_Brown",2,1746,-0.0465448768612419,0.061115774060778,-0.166331794020367,0.073242040297883,-4.54782763301608
"Clothes_No+Fur_Brown",2,1747,-0.045274820895065,0.0544034352723191,-0.15190555402881,0.0613559122386803,-4.42652101522607
"Clothes_No+Fur_Brown",2,1749,-0.0563670018386181,0.0455339786607162,-0.145613600013622,0.0328795963363857,-5.48078150412518
"Clothes_No+Fur_Brown",2,1750,-0.0553071156102051,0.0494438521613478,-0.152217065846447,0.0416028346260366,-5.38054877786104
"Clothes_No+Fur_Brown",2,1752,-0.0472883300965858,0.0547716162881847,-0.154640698021428,0.0600640378282562,-4.61876548662712
"Clothes_No+Fur_Brown",2,1753,-0.0480747950736509,0.0523459135960673,-0.150672785721943,0.0545231955746411,-4.69374999683057
"Clothes_No+Fur_Brown",2,1754,-0.0550717136603565,0.0427336926521982,-0.138829751258665,0.028686323937952,-5.3582725527192
"Clothes_No+Fur_Brown",2,1755,-0.0489982139818191,0.054974785816301,-0.156748794181769,0.0587523662181308,-4.78171696871673
"Clothes_No+Fur_Brown",2,1756,-0.0595571264880217,0.0447253876303182,-0.147218886243445,0.028104633267402,-5.781829147826
"Clothes_No+Fur_Brown",2,1757,-0.0528995226393022,0.0586321554761195,-0.167818547372496,0.0620195020938921,-5.15246920096686
"Clothes_No+Fur_Brown",2,1758,-0.056612611097694,0.0437134793740542,-0.14229103067084,0.0290658084754522,-5.50399344869744
"Clothes_No+Fur_Brown",2,1760,-0.0593614053740777,0.0418143187242615,-0.14131747007363,0.0225946593254748,-5.76338685775915
"Clothes_No+Fur_Brown",2,1761,-0.0497694363037026,0.0605172065509613,-0.168383161143587,0.0688442885361817,-4.85512312417066
"Clothes_No+Fur_Brown",2,1762,-0.0503677484244097,0.057948199388062,-0.163946219225011,0.0632107223761919,-4.91203243076701
"Clothes_No+Fur_Brown",2,1763,-0.049948195556447,0.0555964721017338,-0.158917280875845,0.0590208897629514,-4.8721296311829
"Clothes_No+Fur_Brown",2,1764,-0.0561288275670067,0.0430782384393289,-0.140562174908091,0.0283045197740779,-5.4582667769987
"Clothes_No+Fur_Brown",2,1765,-0.0555137111848466,0.0471799156635782,-0.14798634588546,0.0369589235157668,-5.40009471863658
"Clothes_No+Fur_Brown",2,1767,-0.0481888242253054,0.0553027781381595,-0.156582269376098,0.0602046209254872,-4.70461706807257
"Clothes_No+Fur_Brown",2,1768,-0.0596121220778174,0.0500815286668984,-0.157771918264938,0.0385476741093034,-5.78701058922196
"Clothes_No+Fur_Brown",2,1769,-0.0604250154040193,0.0481558038681417,-0.154810390985577,0.0339603601775383,-5.86356458022579
"Clothes_No+Fur_Brown",2,1770,-0.0570122220707607,0.0468916580396844,-0.148919871828542,0.0348954276870207,-5.54174754584816
"Clothes_No+Fur_Brown",2,1771,-0.057246737388696,0.0436537557477397,-0.142808098654266,0.0283146238768737,-5.56389685567633
"Clothes_No+Fur_Brown",2,1772,-0.0553332964990866,0.0499771499204412,-0.153288510343151,0.0426219173449782,-5.38302596677187
"Clothes_No+Fur_Brown",2,1773,-0.0486916143005332,0.0548261420199546,-0.156150852659644,0.0587676240585778,-4.75251859760984
"Clothes_No+Fur_Brown",2,1774,-0.0531662727466988,0.0457454907261578,-0.142827434569968,0.0364948890765704,-5.17776641582641
"Clothes_No+Fur_Brown",2,1775,-0.0560650510724326,0.0440503077371603,-0.142403654237267,0.0302735520924016,-5.45223704438722
"Clothes_No+Fur_Brown",2,1777,-0.0491210941713084,0.0530880250964209,-0.153173623360293,0.0549314350176766,-4.79341669053173
"Clothes_No+Fur_Brown",2,1778,-0.0513979666611337,0.0641884730680712,-0.177207373874553,0.0744114405522858,-5.00994334558502
"Clothes_No+Fur_Brown",2,1780,-0.0527719699478007,0.042984198412754,-0.137020998836799,0.0314770589411971,-5.14037037152846
"Clothes_No+Fur_Brown",2,1781,-0.0553445245678068,0.0487685048261667,-0.150930794027094,0.04024174489148,-5.38408832669428
"Clothes_No+Fur_Brown",2,1782,-0.0605172402592463,0.0467796221257906,-0.152205299625796,0.0311708191073034,-5.87224589903111
"Clothes_No+Fur_Brown",2,1783,-0.0549370062831048,0.0493457920419001,-0.151654758685229,0.0417807461190195,-5.34552275510959
"Clothes_No+Fur_Brown",2,1784,-0.0492760084913206,0.0616706101586408,-0.170150404402257,0.0715983874196153,-4.80816441129974
"Clothes_No+Fur_Brown",2,1785,-0.0573112464171521,0.0475658132536797,-0.150540240394364,0.0359177475600601,-5.56998864045168
"Clothes_No+Fur_Brown",2,1786,-0.0516934057228578,0.0428432411487222,-0.135666158374353,0.0322793469286377,-5.03800297363694
"Clothes_No+Fur_Brown",2,1787,-0.0538700914522649,0.0467045572204987,-0.145411023604442,0.0376708406999125,-5.24448059742808
"Clothes_No+Fur_Brown",2,1788,-0.0550813957386604,0.0430639692783184,-0.139486775524164,0.0293239840468437,-5.35918887689919
"Clothes_No+Fur_Brown",2,1790,-0.0570222691232781,0.0478421097466327,-0.150792804226678,0.036748265980122,-5.54269656810382
"Clothes_No+Fur_Brown",2,1791,-0.0554803632819158,0.0425074370172714,-0.138794939835768,0.0278342132719362,-5.39693995757596
"Clothes_No+Fur_Brown",2,1792,-0.0551922863512772,0.0444648689048492,-0.142343429404782,0.0319588567022272,-5.36968307255854
"Clothes_No+Fur_Brown",2,1793,-0.0534632002685204,0.0481794838573048,-0.147894988628838,0.040968588091797,-5.20591756702554
"Clothes_No+Fur_Brown",2,1794,-0.0538292014006388,0.0490546832550278,-0.149976380580493,0.0423179777792157,-5.24060596013133
"Clothes_No+Fur_Brown",2,1796,-0.0556107939560356,0.0460669234577995,-0.145901963933323,0.0346803760212513,-5.40927829380485
"Clothes_No+Fur_Brown",2,1797,-0.0532297952565966,0.0543091517097828,-0.159675732607771,0.0532161420945776,-5.18378957079282
"Clothes_No+Fur_Brown",2,1798,-0.0561998267840143,0.0464014324217626,-0.147146634330669,0.0347469807626404,-5.46497892775054
"Clothes_No+Fur_Brown",2,1799,-0.0541857584296867,0.0436738698708995,-0.13978654337665,0.0314150265172762,-5.27438706534142
"Clothes_No+Fur_Brown",2,1800,-0.0558982105318027,0.0396083516899628,-0.13353057984413,0.0217341587805243,-5.43646132852247
"Clothes_No+Fur_Brown",2,1801,-0.0567991032597523,0.044524962824147,-0.14406803039508,0.0304698238755759,-5.52161457011348
"Clothes_No+Fur_Brown",2,1802,-0.0581159619959531,0.0479185215692513,-0.152036264271686,0.0358043402797794,-5.64594737501151
"Clothes_No+Fur_Brown",2,1804,-0.0523372289640191,0.0461911827671842,-0.1428719471877,0.0381974892596621,-5.09912203730156
"Clothes_No+Fur_Brown",2,1805,-0.0554131442767642,0.0451802540263697,-0.143966442168449,0.0331401536149204,-5.39058062026384
"Clothes_No+Fur_Brown",2,1806,-0.0577696529675749,0.0454379617874187,-0.146828058070916,0.0312887521357657,-5.61326605613214
"Clothes_No+Fur_Brown",2,1807,-0.0563283387162415,0.0460052769116329,-0.146498681463042,0.033842004030559,-5.4771270253672
"Clothes_No+Fur_Brown",2,1808,-0.059129149999382,0.0450958179284049,-0.147516953139056,0.0292586531402915,-5.74149735598492
"Clothes_No+Fur_Brown",2,1811,-0.0550748710148703,0.0442313299388432,-0.141768277695003,0.0316185356652625,-5.35857136973281
"Clothes_No+Fur_Brown",2,1813,-0.0474933536160303,0.0526525363860385,-0.150692324932666,0.0557056177006053,-4.63831887849491
"Clothes_No+Fur_Brown",2,1814,-0.0507167851313883,0.0553667160502457,-0.15923554858987,0.0578019783270932,-4.9452158303915
"Clothes_No+Fur_Brown",2,1816,-0.0561523400639429,0.0437300287718566,-0.141863196456782,0.0295585163288961,-5.46048966307855
"Clothes_No+Fur_Brown",2,1817,-0.0570425110164948,0.0441241138328133,-0.143525774128809,0.0294407520958192,-5.54460854340236
"Clothes_No+Fur_Brown",2,1818,-0.056076722406957,0.0465884717572086,-0.147390127051086,0.0352366822371719,-5.45334053651758
"Clothes_No+Fur_Brown",2,1819,-0.0592897078590961,0.0416098669275543,-0.140845047037103,0.0222656313189104,-5.75663008455753
"Clothes_No+Fur_Brown",2,1820,-0.0455624622230194,0.0572802737585287,-0.157831798789736,0.0667068743436968,-4.45400794426057
"Clothes_No+Fur_Brown",2,1821,-0.0519226036916793,0.0467396745283204,-0.143532365767187,0.0396871583838287,-5.05976557640316
"Clothes_No+Fur_Brown",2,1822,-0.0537083268534192,0.0512396836638406,-0.154138106834547,0.0467214531277085,-5.2291512690056
"Clothes_No+Fur_Brown",2,1823,-0.0548142917205739,0.0449220635182483,-0.14286153621634,0.0332329527751927,-5.3339065596193
"Clothes_No+Fur_Brown",2,1824,-0.0526341739319584,0.0478264843195033,-0.146374083198185,0.0411057353342681,-5.12729819187492
"Clothes_No+Fur_Brown",2,1825,-0.0553429582077955,0.0453129045496403,-0.14415625112509,0.0334703347094994,-5.38394012399773
"Clothes_No+Fur_Brown",2,1827,-0.0553786455540522,0.0468920113563091,-0.147286987812418,0.0365296967043135,-5.38731665983781
"Clothes_No+Fur_Brown",2,1828,-0.0518564236250391,0.0571786364691368,-0.163926551104547,0.0602137038544691,-5.05348221744791
"Clothes_No+Fur_Brown",2,1829,-0.0560908014555079,0.0434528895336854,-0.141258464941531,0.0290768620305155,-5.45467165415603
"Clothes_No+Fur_Brown",2,1830,-0.0546204444446919,0.0476959970264748,-0.148104598616582,0.0388637097271987,-5.31555401654971
"Clothes_No+Fur_Brown",2,1831,-0.0553346132611584,0.0423827742676267,-0.138404850825707,0.0277356243033899,-5.38315055473261
"Clothes_No+Fur_Brown",2,1832,-0.0535934609259716,0.0473424722304121,-0.146384706497579,0.0391977846456361,-5.21826470233531
"Clothes_No+Fur_Brown",2,1833,-0.0545551604363359,0.0485271816004183,-0.149668436373156,0.0405581155004839,-5.30937243460992
"Clothes_No+Fur_Brown",2,1834,-0.0562382237968175,0.047800199596465,-0.149926615005889,0.0374501674122539,-5.46860872047795
"Clothes_No+Fur_Brown",2,1835,-0.0498037107529811,0.0547194166318376,-0.157053767351383,0.0574463458454206,-4.85838410654273
"Clothes_No+Fur_Brown",2,1836,-0.0571427750939421,0.0440911855031862,-0.143561498680187,0.0292759484923029,-5.55407855132795
"Clothes_No+Fur_Brown",2,1837,-0.0549868481018906,0.0479689820086923,-0.149006052838927,0.0390323566351463,-5.35024038884299
"Clothes_No+Fur_Brown",2,1840,-0.0569414841007082,0.0447937249675502,-0.144737185037107,0.0308542168356903,-5.53506552448132
"Clothes_No+Fur_Brown",2,1841,-0.0538164338058945,0.0488604662447962,-0.149582947645695,0.041950080033906,-5.23939610286654
"Clothes_No+Fur_Brown",2,1842,-0.0552917624968227,0.044934403465275,-0.143363193288762,0.0327796682951162,-5.37909606354644
"Clothes_No+Fur_Brown",2,1843,-0.0567525840585767,0.0492546646603675,-0.153291726792897,0.0397865586757436,-5.51721940886601
"Clothes_No+Fur_Brown",2,1844,-0.054727444811979,0.0443155629920428,-0.141585948276383,0.0321310586524249,-5.32568474504082
"Clothes_No+Fur_Brown",2,1845,-0.0547089077389472,0.0445562879068881,-0.142039232036448,0.0326214165585534,-5.32392974407846
"Clothes_No+Fur_Brown",2,1846,-0.0571249697524757,0.0423631655985167,-0.140156774325568,0.025906834820617,-5.55239689447525
"Clothes_No+Fur_Brown",2,1847,-0.0564035125571348,0.0453854741017836,-0.145359041796631,0.032552016682361,-5.48423240570827
"Clothes_No+Fur_Brown",2,1848,-0.0473397726849094,0.0550781844970325,-0.155293014299093,0.0606134689292744,-4.62367201800457
"Clothes_No+Fur_Brown",2,1849,-0.0531663668783397,0.0423875656354577,-0.136245995523837,0.0299132617671574,-5.17777534159843
"Clothes_No+Fur_Brown",2,1850,-0.055736134465589,0.0492836739837727,-0.152332135473784,0.0408598665426055,-5.42113360007194
"Clothes_No+Fur_Brown",2,1851,-0.0551917929518808,0.0491547238443353,-0.151535051686778,0.0411514657830164,-5.36963638200576
"Clothes_No+Fur_Brown",2,1852,-0.056482171370478,0.0458791632882727,-0.146405331415493,0.0334409886745365,-5.49166661144272
"Clothes_No+Fur_Brown",2,1853,-0.0551283840469678,0.0469408238307211,-0.147132398755181,0.0368756306612456,-5.36363578403356
"Clothes_No+Fur_Brown",2,1854,-0.0559546694685943,0.045744503804141,-0.145613896924711,0.033704557987522,-5.44180013466203
"Clothes_No+Fur_Brown",2,1856,-0.0550738700251803,0.0483099083426892,-0.149761290376851,0.0396135503264906,-5.35847663459109
"Clothes_No+Fur_Brown",2,1857,-0.0574042158911263,0.0453156458257765,-0.146222881709648,0.0314144499273956,-5.57876734085325
"Clothes_No+Fur_Brown",2,1858,-0.0557986730965719,0.0578398011637141,-0.169164683377452,0.0575673371843079,-5.42704824794759
"Clothes_No+Fur_Brown",2,1859,-0.0571779697736385,0.0447921845261812,-0.144970651444954,0.0306147118976767,-5.5574024867892
"Clothes_No+Fur_Brown",2,1860,-0.0503862242866805,0.0546382710835076,-0.157477235610355,0.0567047870369943,-4.91378924673003
"Clothes_No+Fur_Brown",2,1861,-0.0533618839818399,0.0459194381426975,-0.143363982741527,0.0366402147778472,-5.19631289604757
"Clothes_No+Fur_Brown",2,1862,-0.0494289806825196,0.056071125035666,-0.159328385752425,0.0604704243873857,-4.82272500126293
"Clothes_No+Fur_Brown",2,1863,-0.0458172722176486,0.0539752604814261,-0.151608782761244,0.0599742383259467,-4.47835091643511
"Clothes_No+Fur_Brown",2,1865,-0.0508761852635963,0.0507438114767872,-0.150334055758099,0.0485816852309065,-4.96036636802422
"Clothes_No+Fur_Brown",2,1867,-0.0550968868064447,0.0451263616855883,-0.143544555710198,0.0333507820973084,-5.36065495276389
"Clothes_No+Fur_Brown",2,1869,-0.0546964990492025,0.0533323021375153,-0.159227811238733,0.0498348131403275,-5.32275493080747
"Clothes_No+Fur_Brown",2,1870,-0.0517690249642098,0.0569376920537923,-0.163366901389643,0.059828851461223,-5.04518365630704
"Clothes_No+Fur_Brown",2,1871,-0.0561800236367246,0.0456130048365285,-0.14558151311632,0.0332214658428712,-5.46310681826744
"Clothes_No+Fur_Brown",2,1873,-0.0564785784948068,0.046945943264648,-0.148492627293517,0.0355354703039034,-5.49132705414096
"Clothes_No+Fur_Brown",2,1875,-0.0538329268472696,0.0445831009906794,-0.141215804789001,0.033549951094462,-5.24095898053902
"Clothes_No+Fur_Brown",2,1876,-0.0475653068771968,0.0537710852805652,-0.152956634027105,0.057826020272711,-4.64518021559117
"Clothes_No+Fur_Brown",2,1877,-0.0508093551824743,0.0572092033961078,-0.162939393838846,0.061320683473897,-4.95401464935821
"Clothes_No+Fur_Brown",2,1878,-0.0606923193161736,0.0463125343278882,-0.151464886598835,0.0300802479664873,-5.88872425490021
"Clothes_No+Fur_Brown",2,1879,-0.0515118797208862,0.0547812699983055,-0.158883168917565,0.0558594094757925,-5.02076333730371
"Clothes_No+Fur_Brown",2,1880,-0.0593694348385193,0.0484908219349172,-0.154411445830957,0.0356725761539184,-5.76414352425565
"Clothes_No+Fur_Brown",2,1881,-0.046960705374726,0.0610808986871523,-0.166679266801545,0.0727578560520925,-4.58751111662646
"Clothes_No+Fur_Brown",2,1882,-0.0548095538469527,0.0489532697214469,-0.150757962500989,0.0411388548070832,-5.33345804256985
"Clothes_No+Fur_Brown",2,1883,-0.0513875317422322,0.0601500990773791,-0.169281725933895,0.0665066624494307,-5.00895212687575
"Clothes_No+Fur_Brown",2,1884,-0.057714397795247,0.0456530344554011,-0.147194345327833,0.0317655497373392,-5.60805055679225
"Clothes_No+Fur_Brown",2,1886,-0.0569703362128185,0.0566619041537778,-0.168027668354223,0.054086995928586,-5.53779099804328
"Clothes_No+Fur_Brown",2,1888,-0.0576956982058388,0.0454306856650965,-0.146739842109428,0.0313484456977503,-5.6062854495909
"Clothes_No+Fur_Brown",2,1889,-0.0508268341454499,0.0621979652088579,-0.172734845954811,0.0710811776639115,-4.95567594009827
"Clothes_No+Fur_Brown",2,1890,-0.0540197802242676,0.0445199380182322,-0.141278858740003,0.0332392982914676,-5.2586633732403
"Clothes_No+Fur_Brown",2,1891,-0.0484020046966008,0.0525307714073237,-0.151362316654955,0.0545583072617537,-4.72493001747928
"Clothes_No+Fur_Brown",2,1892,-0.058196890214881,0.0486342677900184,-0.153520055083317,0.037126274653555,-5.6535829714673
"Clothes_No+Fur_Brown",2,1894,-0.057348545518433,0.0460996243583411,-0.147703809260782,0.0330067182239156,-5.57351072932355
"Clothes_No+Fur_Brown",2,1895,-0.0466038648302654,0.0573424603207215,-0.15899508705888,0.0657873573983487,-4.5534579967394
"Clothes_No+Fur_Brown",2,1896,-0.0530691678546137,0.0455382715856485,-0.142324180162485,0.0361858444532574,-5.168558265996
"Clothes_No+Fur_Brown",2,1897,-0.0595937666687096,0.0468405755635688,-0.151401294773304,0.0322137614358852,-5.7852812553868
"Clothes_No+Fur_Brown",2,1898,-0.0563738428577137,0.0483337976545037,-0.151108086260541,0.0383604005451135,-5.48142810969209
"Clothes_No+Fur_Brown",2,1899,-0.0590995834662109,0.043835296743438,-0.145016765083349,0.0268175981509276,-5.73871041763999
"Clothes_No+Fur_Brown",2,1900,-0.0557982550347035,0.0434483148481636,-0.140956952137104,0.0293604420676972,-5.42700871059441
"Clothes_No+Fur_Brown",2,1901,-0.0547233603461418,0.0456231635014041,-0.144144760808894,0.0346980401166102,-5.32529805024478
"Clothes_No+Fur_Brown",2,1903,-0.0540045559019042,0.0434692255535151,-0.139204237986794,0.0311951261829853,-5.25722098961072
"Clothes_No+Fur_Brown",2,1904,-0.0549490673187542,0.0496185472031869,-0.152201419837001,0.0423032851994921,-5.34666437924942
"Clothes_No+Fur_Brown",2,1905,-0.0589098069809113,0.0458706218664094,-0.148816225839074,0.0309966118772512,-5.72082014388029
"Clothes_No+Fur_Brown",2,1906,-0.0530373110569975,0.0547483348067168,-0.160344047278162,0.0542694251641674,-5.16553719182841
"Clothes_No+Fur_Brown",2,1908,-0.0557436166990663,0.0474169234277912,-0.148680786617537,0.0371935532194045,-5.42184125858492
"Clothes_No+Fur_Brown",2,1910,-0.0550653727312349,0.0566800165733656,-0.166158205215032,0.0560274597525617,-5.35767243433086
"Clothes_No+Fur_Brown",2,1911,-0.0554324953078234,0.0451420417006231,-0.143910897041045,0.033045906425398,-5.39241139236303
"Clothes_No+Fur_Brown",2,1912,-0.0484147224246501,0.0571695730214723,-0.160467085546736,0.0636376406974357,-4.72614169220431
"Clothes_No+Fur_Brown",2,1913,-0.0528244206551792,0.0460080217778593,-0.143000143339784,0.0373513020294251,-5.14534569572335
"Clothes_No+Fur_Brown",2,1915,-0.0552328087130571,0.0457344980079953,-0.144872424808728,0.0344068073826136,-5.37351763880305
"Clothes_No+Fur_Brown",2,1916,-0.05355502099972,0.0489024852681694,-0.149403892125332,0.0422938501258919,-5.2146212293935
"Clothes_No+Fur_Brown",2,1917,-0.0548215953432831,0.0424013752125615,-0.137928290759904,0.0282851000733375,-5.33459796252426
"Clothes_No+Fur_Brown",2,1918,-0.0577125360403718,0.0429154821428387,-0.141826881040336,0.026401808959592,-5.60787482195662
"Clothes_No+Fur_Brown",2,1919,-0.059450578283007,0.0456980512313293,-0.149018758696412,0.0301176021303985,-5.77178983601611
"Clothes_No+Fur_Brown",2,1920,-0.0562562761251899,0.042057030566042,-0.138688056034632,0.0261755037842525,-5.47031521679167
"Clothes_No+Fur_Brown",2,1921,-0.052781207899248,0.0539362533727664,-0.15849626450987,0.0529338487113742,-5.14124667613364
"Clothes_No+Fur_Brown",2,1922,-0.0583561343074441,0.0497037190568583,-0.155775423658886,0.0390631550439982,-5.66860588484673
"Clothes_No+Fur_Brown",2,1923,-0.057852153526305,0.0439141192311242,-0.143923827219308,0.0282195201666985,-5.62105269321384
"Clothes_No+Fur_Brown",2,1924,-0.0556000474375443,0.0430192276444383,-0.139917733620643,0.0287176387455548,-5.40826176740287
"Clothes_No+Fur_Brown",2,1925,-0.0526383943708057,0.0560555879102562,-0.162507346674908,0.0572305579332965,-5.12769859546624
"Clothes_No+Fur_Brown",2,1927,-0.0557103576285646,0.0475476245586958,-0.148903701763608,0.0374829865064792,-5.41869562462528
"Clothes_No+Fur_Brown",2,1928,-0.0542792125269893,0.0431340192783666,-0.138821890312588,0.0302634652586093,-5.28323914835152
"Clothes_No+Fur_Brown",2,1929,-0.055142438488066,0.039023498834918,-0.131628496204505,0.0213436192283733,-5.3649658358936
"Clothes_No+Fur_Brown",2,1930,-0.0569048210663352,0.0475651671398093,-0.150132548660361,0.036322906527691,-5.53160208985197
"Clothes_No+Fur_Brown",2,1931,-0.0492160874879208,0.0533679775273906,-0.153817323441606,0.0553851484657648,-4.80246025009796
"Clothes_No+Fur_Brown",2,1932,-0.0553381320784126,0.0439009904167797,-0.141384073295301,0.0307078091384757,-5.38348349354919
"Clothes_No+Fur_Brown",2,1933,-0.0572192433945631,0.0431803054705417,-0.141852642116825,0.0274141553276986,-5.56130039431716
"Clothes_No+Fur_Brown",2,1935,-0.0550145421454376,0.0487432581208252,-0.150551328062255,0.0405222437713798,-5.35286158711142
"Clothes_No+Fur_Brown",2,1936,-0.0508663810313718,0.0592506858429733,-0.1669977252836,0.0652649632208559,-4.9594345728178
"Clothes_No+Fur_Brown",2,1937,-0.054839300710977,0.0432235924965127,-0.139557542004142,0.0298789405821879,-5.33627403343745
"Clothes_No+Fur_Brown",2,1938,-0.0569192433885493,0.0463335618466358,-0.147733024607955,0.0338945378308569,-5.53296453370086
"Clothes_No+Fur_Brown",2,1939,-0.0575953557652545,0.0472733743470076,-0.150251169485389,0.0350604579548803,-5.59681327867466
"Clothes_No+Fur_Brown",2,1940,-0.0560987446248159,0.0448752664563225,-0.144054266879208,0.0318567776295763,-5.45542264072376
"Clothes_No+Fur_Brown",2,1941,-0.0530679608170738,0.0521997379795242,-0.155379447256941,0.0492435256227936,-5.16844380081678
"Clothes_No+Fur_Brown",2,1942,-0.0554807888410368,0.0494782434392821,-0.15245814598203,0.0414965682999562,-5.39698021676247
"Clothes_No+Fur_Brown",2,1943,-0.0553487211630649,0.0484105790938743,-0.150233456187058,0.0395360138609287,-5.38448539054739
"Clothes_No+Fur_Brown",2,1944,-0.0549111116033035,0.042356077041989,-0.137929022605602,0.028106799398995,-5.34307167599476
"Clothes_No+Fur_Brown",2,1946,-0.0494020425767262,0.05687922545468,-0.160885324467899,0.0620812393144466,-4.82016107122632
"Clothes_No+Fur_Brown",2,1947,-0.0476280701802407,0.0521569686383955,-0.149855728711496,0.0545995883510144,-4.65116481123353
"Clothes_No+Fur_Brown",2,1949,-0.0556341277282086,0.0457049949660762,-0.145215917861718,0.0339476624053008,-5.41148542640435
"Clothes_No+Fur_Brown",2,1950,-0.0572441093808355,0.0437254865157795,-0.142946062951763,0.0284578441900923,-5.56364867652884
"Clothes_No+Fur_Brown",2,1951,-0.0561504689746885,0.0435985158812134,-0.141603560101867,0.0293026221524898,-5.46031277105116
"Clothes_No+Fur_Brown",2,1952,-0.0574818987729911,0.0451242521157932,-0.145925432919946,0.0309616353739635,-5.58610196942421
"Clothes_No+Fur_Brown",2,1953,-0.0513016061770244,0.0560180711615062,-0.161097025653577,0.0584938132995278,-5.00078961671845
"Clothes_No+Fur_Brown",2,1956,-0.0462849344558235,0.0593308090609067,-0.162573320215201,0.0700034513035535,-4.52301234059492
"Clothes_No+Fur_Brown",2,1957,-0.0472729535321279,0.0502705292606195,-0.145803190882942,0.0512572838186862,-4.61729883965057
"Clothes_No+Fur_Brown",2,1958,-0.0521316789116447,0.059946452910332,-0.169626726615895,0.065363368792606,-5.07961315190845
"Clothes_No+Fur_Brown",2,1959,-0.0563951662602988,0.0483860520066162,-0.151231828193266,0.0384414956726689,-5.48344354576421
"Clothes_No+Fur_Brown",2,1960,-0.0479443489088873,0.0565267356346863,-0.158736750752872,0.0628480529350977,-4.6813168511292
"Clothes_No+Fur_Brown",2,1963,-0.0539242346600964,0.0457151829838458,-0.143525993308434,0.0356775239882414,-5.2496108263235
"Clothes_No+Fur_Brown",2,1964,-0.0566084002300361,0.0457557798821924,-0.146289728799133,0.033072928339061,-5.50359553768188
"Clothes_No+Fur_Brown",2,1966,-0.0564946522136944,0.043120420549884,-0.141010676491467,0.0280213720640782,-5.49284614777357
"Clothes_No+Fur_Brown",2,1967,-0.0523963625955432,0.0461760422913604,-0.14290140548661,0.0381086802955232,-5.10473370492955
"Clothes_No+Fur_Brown",2,1968,-0.0615900410713813,0.0431669074454812,-0.146197179664524,0.0230170975217617,-5.97317208354905
"Clothes_No+Fur_Brown",2,1969,-0.0549366391679543,0.0434907889160616,-0.140178585443435,0.0303053071075265,-5.34548800601056
"Clothes_No+Fur_Brown",2,1970,-0.0595791838315441,0.0428782420149254,-0.143620538180798,0.0244621705177097,-5.7839073274669
"Clothes_No+Fur_Brown",2,1971,-0.054304966147634,0.056293139791234,-0.164639520138453,0.0560295878431848,-5.28567841646904
"Clothes_No+Fur_Brown",2,1972,-0.0613712909458134,0.0441594771258018,-0.147923866112385,0.0251812842207581,-5.95260145330363
"Clothes_No+Fur_Brown",2,1973,-0.0607758188963879,0.0467796362984801,-0.152463906041409,0.030912268248633,-5.89658217884712
"Clothes_No+Fur_Brown",2,1975,-0.0575069511521464,0.0454040844855921,-0.146498956743907,0.0314850544396141,-5.58846723256734
"Clothes_No+Fur_Brown",2,1976,-0.0554798680957089,0.0391064451066756,-0.132128500504793,0.0211687643133754,-5.3968931114339
"Clothes_No+Fur_Brown",2,1977,-0.0561754583526018,0.0461194890786018,-0.146569656946661,0.0342187402414577,-5.46267522950482
"Clothes_No+Fur_Brown",2,1978,-0.0511615845758387,0.0519379546654288,-0.152959975720079,0.0506368065684019,-4.98748674384616
"Clothes_No+Fur_Brown",2,1980,-0.0530282987343943,0.0587095088470835,-0.168098936074678,0.0620423386058894,-5.16468250920434
"Clothes_No+Fur_Brown",2,1981,-0.050060270171389,0.0534747006264079,-0.154870683399149,0.0547501430563706,-4.88279045320982
"Clothes_No+Fur_Brown",2,1982,-0.0501395629199396,0.0591392470580926,-0.166052487153801,0.065773361313922,-4.89033225918003
"Clothes_No+Fur_Brown",2,1983,-0.0561325505678996,0.0418177112775385,-0.138095264671875,0.0258301635360759,-5.4586187553007
"Clothes_No+Fur_Brown",2,1984,-0.0525290304495541,0.0492604787339651,-0.149079568768126,0.0440215078690176,-5.11732242118726
"Clothes_No+Fur_Brown",2,1985,-0.0540987451232258,0.046253296642492,-0.14475520654251,0.0365577162960586,-5.26614431794429
"Clothes_No+Fur_Brown",2,1986,-0.0622390953232755,0.0421726678598683,-0.144897524328617,0.0204193336820663,-6.03418079487683
"Clothes_No+Fur_Brown",2,1987,-0.0544618008713466,0.0425624548262819,-0.137884212330859,0.028960610588166,-5.30053174613686
"Clothes_No+Fur_Brown",2,1989,-0.0544276681715878,0.0481460657011428,-0.148793956945828,0.0399386206026521,-5.29729934245461
"Clothes_No+Fur_Brown",2,1990,-0.0506758069293486,0.0588333667972134,-0.165989205851887,0.0646375919931897,-4.94132057643126
"Clothes_No+Fur_Brown",2,1991,-0.0505162965480119,0.0580644556531667,-0.164322629628219,0.0632900365321949,-4.92615652084705
"Clothes_No+Fur_Brown",2,1992,-0.056443678499193,0.0477041112107695,-0.149943736472301,0.0370563794739153,-5.48802864431277
"Clothes_No+Fur_Brown",2,1993,-0.0526495141149054,0.053862462768453,-0.158219941141073,0.0529209129112625,-5.12875354531461
"Clothes_No+Fur_Brown",2,1994,-0.0568037072886241,0.0450045111974378,-0.145012549235602,0.0314051346583541,-5.52204955032642
"Clothes_No+Fur_Brown",2,1996,-0.0579148063523217,0.046302052993288,-0.148666830219166,0.0328372175145227,-5.6269656157465
"Clothes_No+Fur_Brown",2,1998,-0.0577077266806726,0.0495109612091371,-0.154749210650581,0.0393337572892361,-5.60742085518222
"Clothes_No+Fur_Brown",2,1999,-0.054710751236338,0.0477195916173057,-0.148241150806257,0.0388196483335812,-5.32410427900607
"Clothes_No+Fur_Brown",2,2000,-0.0459776003764111,0.0558365118439637,-0.15541716359058,0.0634619628377578,-4.4936644989226
"Clothes_No+Fur_Brown",2,2001,-0.0552406503299593,0.0459110480834947,-0.145226304573609,0.0347450039136903,-5.3742596605172
"Clothes_No+Fur_Brown",2,2002,-0.0554203146832732,0.0409743613274992,-0.135730062885172,0.0248894335186252,-5.39125900582823
"Clothes_No+Fur_Brown",2,2005,-0.0558733981921656,0.0480284631744914,-0.150009186014169,0.0382623896298376,-5.43411495677429
"Clothes_No+Fur_Brown",2,2006,-0.0543995542227917,0.0476821582771525,-0.147856584446011,0.0390574760004272,-5.29463683815089
"Clothes_No+Fur_Brown",2,2007,-0.0561566775056917,0.0467001997924767,-0.147689069098946,0.0353757140875626,-5.4608997218083
"Clothes_No+Fur_Brown",2,2008,-0.0566686746775831,0.0449312330224451,-0.144733891401576,0.0313965420464094,-5.50929108460633
"Clothes_No+Fur_Brown",2,2009,-0.0543944896711493,0.0447621360467738,-0.142128276322826,0.0333392969805273,-5.29415719673377
"Clothes_No+Fur_Brown",2,2010,-0.0565534762842703,0.0445606609033237,-0.143892371654785,0.0307854190862442,-5.4984052797547
"Clothes_No+Fur_Brown",2,2011,-0.0500205393426553,0.0560505923747115,-0.15987970039709,0.0598386217117792,-4.8790112925736
"Clothes_No+Fur_Brown",2,2012,-0.0570395553355245,0.0445074404130037,-0.144274138545012,0.0301950278739627,-5.54432936298671
"Clothes_No+Fur_Brown",2,2013,-0.0551252033684624,0.0458815603657075,-0.145053061685249,0.0348026549483243,-5.36333477570538
"Clothes_No+Fur_Brown",2,2014,-0.0592611426303543,0.045571469184008,-0.14858122223101,0.0300589369703015,-5.75393796268814
"Clothes_No+Fur_Brown",2,2015,-0.0521614101672622,0.0457646585405334,-0.141860140906708,0.0375373205721832,-5.08243521224123
"Clothes_No+Fur_Brown",2,2016,-0.0549223142564716,0.0483185103173464,-0.14962659447847,0.0397819659655273,-5.34413207879305
"Clothes_No+Fur_Brown",2,2017,-0.047562763430364,0.0501678027981556,-0.145891656914749,0.050766130054021,-4.64493768536837
"Clothes_No+Fur_Brown",2,2018,-0.050177647928528,0.0526005087183163,-0.153274645016428,0.052919349159372,-4.89395444271691
"Clothes_No+Fur_Brown",2,2019,-0.0584795254459564,0.0412256142143524,-0.139281729306087,0.0223226784141744,-5.68024482487826
"Clothes_No+Fur_Brown",2,2020,-0.0517106101473818,0.0563948294736786,-0.162244475915792,0.0588232556210283,-5.0396367260935
"Clothes_No+Fur_Brown",2,2021,-0.0557026064465878,0.0569607336390444,-0.167345644379115,0.0559404314859392,-5.4179625048822
"Clothes_No+Fur_Brown",2,2022,-0.0515166172313282,0.0538420235753575,-0.157046983439029,0.0540137489763725,-5.02121330136331
"Clothes_No+Fur_Brown",2,2023,-0.0514321305519114,0.0595867167372608,-0.168222095356943,0.0653578342531199,-5.01318852007132
"Clothes_No+Fur_Brown",2,2024,-0.0552312869778892,0.0454731218294934,-0.144358605763696,0.0338960318079178,-5.37337364224747
"Clothes_No+Fur_Brown",2,2026,-0.0556049744138892,0.0485647955195896,-0.150791973632285,0.0395820248045064,-5.40872781751146
"Clothes_No+Fur_Brown",2,2030,-0.0523925469707434,0.0572171954546508,-0.164538250061859,0.0597531561203722,-5.10437161950731
"Clothes_No+Fur_Brown",2,2031,-0.0499829874731037,0.0523116101622681,-0.152513743391149,0.0525477684449418,-4.8754392545461
"Clothes_No+Fur_Brown",2,2033,-0.050828842639936,0.0575838548185216,-0.163693198084238,0.0620355128043662,-4.95586683590737
"Clothes_No+Fur_Brown",2,2034,-0.047536656696591,0.0474713389185457,-0.140580480976941,0.0455071675837585,-4.64244824364716
"Clothes_No+Fur_Brown",2,2035,-0.0558664249426459,0.0450354362039515,-0.144135879902391,0.032403030017099,-5.43345552296265
"Clothes_No+Fur_Brown",2,2036,-0.0585621138142949,0.0554205273515536,-0.16718634742334,0.0500621197947503,-5.6880342178992
"Clothes_No+Fur_Brown",2,2037,-0.0481494990622919,0.0549816405362916,-0.155913514513423,0.0596145163888397,-4.70086948791772
"Clothes_No+Fur_Brown",2,2038,-0.0486414258986579,0.0514353798495998,-0.149454770403874,0.0521719186065577,-4.74773815877533
"Clothes_No+Fur_Brown",2,2040,-0.0487363538656057,0.0528576653031759,-0.15233737785983,0.054864670128619,-4.75677983317842
"Clothes_No+Fur_Brown",2,2041,-0.0470099072219802,0.0552923546985406,-0.15538292243112,0.0613631079871595,-4.59220547184421
"Clothes_No+Fur_Brown",2,2042,-0.0573327354775902,0.0418456868170766,-0.13935028163906,0.0246848106838799,-5.57201783087018
"Clothes_No+Fur_Brown",2,2045,-0.0574754345931139,0.0480211334461221,-0.151596856147513,0.0366459869612854,-5.58549165903185
"Clothes_No+Fur_Brown",2,2046,-0.0558930641968834,0.0453402966487774,-0.144760045628487,0.0329739172347203,-5.43597467162907
"Clothes_No+Fur_Brown",2,2047,-0.0564902031819907,0.0467226406244187,-0.148066578805851,0.0350861724418699,-5.49242568151452
"Clothes_No+Fur_Brown",2,2048,-0.0509558855509514,0.0562749751632598,-0.161254836870941,0.0593430657690378,-4.96794075229049
"Clothes_No+Fur_Brown",2,2050,-0.05791757654749,0.0472819629927109,-0.150590224013203,0.0347550709182234,-5.62722704710826
"Clothes_No+Fur_Brown",2,2051,-0.0569155670407465,0.0436607079503223,-0.142490554623378,0.0286594205418852,-5.53261723938421
"Clothes_No+Fur_Brown",2,2052,-0.0544561336550589,0.0479924150743004,-0.148521267200688,0.0396089998905699,-5.29999506224718
"Clothes_No+Fur_Brown",2,2053,-0.0545371873986126,0.0598701311030508,-0.171882644360592,0.062808269563367,-5.30767054109459
"Clothes_No+Fur_Brown",2,2054,-0.0503565409342082,0.0576062589119169,-0.163264808401565,0.0625517265331489,-4.91096672733027
"Clothes_No+Fur_Brown",2,2056,-0.047902066468915,0.0567335330757805,-0.159099791297445,0.0632956583596147,-4.67728645942392
"Clothes_No+Fur_Brown",2,2058,-0.0585755375444522,0.0457747930720496,-0.14829413196567,0.0311430568767651,-5.68930022778116
"Clothes_No+Fur_Brown",2,2059,-0.054508033515667,0.0437222780226988,-0.140203698440157,0.0311876314088226,-5.3049098517635
"Clothes_No+Fur_Brown",2,2060,-0.057865426581113,0.0453209438349622,-0.146694476497639,0.0309636233354128,-5.62230538184064
"Clothes_No+Fur_Brown",2,2061,-0.061266709220109,0.0422352504867968,-0.144047800174231,0.0215143817340128,-5.94276529973361
"Clothes_No+Fur_Brown",2,2062,-0.0546417121149225,0.0450758378724592,-0.142990354344942,0.0337069301150975,-5.31756771270946
"Clothes_No+Fur_Brown",2,2063,-0.0593423185131908,0.0456126890491977,-0.148743189049618,0.0300585520232366,-5.76158815946795
"Clothes_No+Fur_Brown",2,2065,-0.056723527719446,0.0468364100605828,-0.148522891438188,0.0350758359992964,-5.51447404526623
"Clothes_No+Fur_Brown",2,2066,-0.059303892100622,0.0435178635955401,-0.144598904747881,0.0259911205466365,-5.75796684579814
"Clothes_No+Fur_Brown",2,2067,-0.0533215705655748,0.0451233990952278,-0.141763432792221,0.0351202916610717,-5.19249095850872
"Clothes_No+Fur_Brown",2,2068,-0.0538579634772763,0.0458685390681914,-0.143760300050932,0.0360443730963789,-5.24333139789002
"Clothes_No+Fur_Brown",2,2069,-0.0576646883261219,0.0469612413113525,-0.149708721296373,0.0343793446441291,-5.60335826647109
"Clothes_No+Fur_Brown",2,2070,-0.0579793686284282,0.0482871763586307,-0.152622234291344,0.0366634970344879,-5.63305835696669
"Clothes_No+Fur_Brown",2,2071,-0.0486181216992451,0.0588103508933734,-0.163886409450257,0.0666501660517668,-4.74551835520558
"Clothes_No+Fur_Brown",2,2072,-0.0508313146915815,0.0568101949068485,-0.162179296709005,0.0605166673258417,-4.95610178962275
"Clothes_No+Fur_Brown",2,2073,-0.0553175018154942,0.0469006352249463,-0.147242746856389,0.0366077432254006,-5.38153150980234
"Clothes_No+Fur_Brown",2,2074,-0.0524596160817224,0.0458423932585781,-0.142310706868536,0.0373914747050907,-5.11073597151047
"Clothes_No+Fur_Brown",2,2075,-0.0530579711422216,0.0419791401897891,-0.135337085914208,0.0292211436297651,-5.16749645967282
"Clothes_No+Fur_Brown",2,2076,-0.0505985640399888,0.0585221402027123,-0.165301958837305,0.0641048307573273,-4.93397768578446
"Clothes_No+Fur_Brown",2,2077,-0.0539442538884784,0.0457804645899205,-0.143673964484723,0.0357854567077659,-5.25150763701724
"Clothes_No+Fur_Brown",2,2078,-0.0519375598017655,0.0463985285263925,-0.142878675713495,0.0390035561099639,-5.0611855023825
"Clothes_No+Fur_Brown",2,2079,-0.0518941755606258,0.0532440452930597,-0.156252504335023,0.0524641532137712,-5.05706656461298
"Clothes_No+Fur_Brown",2,2080,-0.0474853677597576,0.0542618743853588,-0.153838641555061,0.0588679060355457,-4.63755733077474
"Clothes_No+Fur_Brown",2,2081,-0.0596267081515478,0.0462803200537114,-0.150336135456822,0.0310827191537266,-5.78838477680985
"Clothes_No+Fur_Brown",2,2082,-0.0507724566582029,0.0501311920141053,-0.149029593005849,0.0474846796894435,-4.95050752805745
"Clothes_No+Fur_Brown",2,2083,-0.0505855846113069,0.0548873954789842,-0.158164879750116,0.0569937105275021,-4.93274377512004
"Clothes_No+Fur_Brown",2,2084,-0.0549278487141691,0.0491280704453505,-0.151218866787056,0.0413631693587179,-5.34465594624022
"Clothes_No+Fur_Brown",2,2085,-0.0571178172263221,0.0445125680635875,-0.144362450630954,0.0301268161783095,-5.55172135310799
"Clothes_No+Fur_Brown",2,2087,-0.0576121677259539,0.0446040420973773,-0.145036090236814,0.0298117547849057,-5.59840036799865
"Clothes_No+Fur_Brown",2,2088,-0.0525798460865175,0.0568042607681989,-0.163916197192187,0.0587565050191523,-5.1221438223829
"Clothes_No+Fur_Brown",2,2089,-0.0560166418672823,0.0495057431731186,-0.153047898486595,0.0410146147520303,-5.44765995154798
"Clothes_No+Fur_Brown",2,2090,-0.0541290936314752,0.0477618398787368,-0.147742299793799,0.039484112530849,-5.26901930551894
"Clothes_No+Fur_Brown",2,2091,-0.061162923004918,0.047003757989913,-0.153290288665148,0.0309644426553115,-5.93300294874278
"Clothes_No+Fur_Brown",2,2093,-0.0539321407087356,0.0449378851469802,-0.142010395596817,0.0341461141793455,-5.25035992454769
"Clothes_No+Fur_Brown",2,2095,-0.0538488332740865,0.0473042965590709,-0.146565254529866,0.0388675879816925,-5.24246624630259
"Clothes_No+Fur_Brown",2,2096,-0.05043840679275,0.0566370820581965,-0.161447087626815,0.0605702740413152,-4.9187509540415
"Clothes_No+Fur_Brown",2,2097,-0.0545836344975563,0.0489878802553175,-0.150599879797979,0.0414326108028659,-5.31206862295032
"Clothes_No+Fur_Brown",2,2098,-0.0558307251344662,0.0513235303517256,-0.156424844623848,0.0447633943549159,-5.43007945520247
"Clothes_No+Fur_Brown",2,2100,-0.0585501147011955,0.0442434155764516,-0.145267209231041,0.0281669798286497,-5.68690255116567
"Clothes_No+Fur_Brown",2,2102,-0.0517760017225699,0.0572864415361124,-0.16405742713335,0.0605054236882105,-5.04584613080483
"Clothes_No+Fur_Brown",2,2103,-0.0579747218015647,0.0473091622273325,-0.150700679767136,0.0347512361640069,-5.6326198491084
"Clothes_No+Fur_Brown",2,2104,-0.0558651115309929,0.0448674917776717,-0.14380539541523,0.0320751723532437,-5.43333131807958
"Clothes_No+Fur_Brown",2,2105,-0.0554570698495785,0.0430896316431387,-0.13991274787013,0.0289986081709733,-5.39473630193271
"Clothes_No+Fur_Brown",2,2107,-0.0597843705201998,0.0454048548739901,-0.14877788607322,0.0292091450328207,-5.80323723235304
"Clothes_No+Fur_Brown",2,2108,-0.0537949658182767,0.0433981741069934,-0.138855387067984,0.0312654554314303,-5.2373617615589
"Clothes_No+Fur_Brown",2,2109,-0.053394805164837,0.0484136764014468,-0.148285610911673,0.0414960005819988,-5.19943389420575
"Clothes_No+Fur_Brown",2,2111,-0.0479797900826344,0.058286988279573,-0.162222287110597,0.0662627069453287,-4.68469499727694
"Clothes_No+Fur_Brown",2,2112,-0.0565021971845744,0.0435596963062875,-0.141879201944898,0.0288748075757491,-5.49355919880735
"Clothes_No+Fur_Brown",2,2114,-0.057345270107914,0.0447328478628696,-0.145021651919138,0.0303311117033104,-5.5732014433008
"Clothes_No+Fur_Brown",2,2115,-0.0526955116245697,0.0516816793054267,-0.153991603063206,0.0486005798140667,-5.1331172860289
"Clothes_No+Fur_Brown",2,2117,-0.0599044316014549,0.0469816742963681,-0.151988513222336,0.0321796500194265,-5.81454591866153
"Clothes_No+Fur_Brown",2,2118,-0.0596072059737205,0.045561795473054,-0.148908325100906,0.0296939131534653,-5.78654742722028
"Clothes_No+Fur_Brown",2,2122,-0.0475678295215763,0.0575355922658334,-0.16033759036261,0.0652019313194571,-4.64542076158796
"Clothes_No+Fur_Brown",2,2123,-0.0565205610368756,0.0505568388855684,-0.15561196525259,0.0425708431788384,-5.49529468519259
"Clothes_No+Fur_Brown",2,2124,-0.0513522116095511,0.0556910099979589,-0.160506591205551,0.0578021679864483,-5.00559697120944
"Clothes_No+Fur_Brown",2,2125,-0.043050273841567,0.0594037577201217,-0.159481638973006,0.0733810912898715,-4.21367666079081
"Clothes_No+Fur_Brown",2,2126,-0.0497454714883071,0.0548866123627734,-0.157323231719343,0.0578322887427288,-4.85284296743883
"Clothes_No+Fur_Brown",2,2127,-0.0499212257922246,0.0576901617873912,-0.162993942895511,0.0631514913110622,-4.86956402035127
"Clothes_No+Fur_Brown",2,2128,-0.0543177503408086,0.0475655781924642,-0.147546283598038,0.0389107829164212,-5.28688925491275
"Clothes_No+Fur_Brown",2,2129,-0.0425074049854571,0.0615267314880672,-0.163099798702069,0.0780849887311545,-4.16166313202364
"Clothes_No+Fur_Brown",2,2131,-0.0480864152678129,0.0556068149391197,-0.157075772548487,0.0609029420128618,-4.69485746752594
"Clothes_No+Fur_Brown",2,2132,-0.0591807209606058,0.0475834230939716,-0.15244423022479,0.0340827883035785,-5.74635823222868
"Clothes_No+Fur_Brown",2,2133,-0.050979372505209,0.048448064844554,-0.145937579600535,0.0439788345901168,-4.97017273970766
"Clothes_No+Fur_Brown",2,2134,-0.0490302042621174,0.0553475436913348,-0.157511389897134,0.0594509813728988,-4.7847629795588
"Clothes_No+Fur_Brown",2,2135,-0.0564044231383638,0.0460473135651834,-0.146657157726123,0.0338483114493956,-5.48431846995289
"Clothes_No+Fur_Brown",2,2138,-0.0556225337851483,0.0454455053045892,-0.144695724182143,0.0334506566118464,-5.41038876619494
"Clothes_No+Fur_Brown",2,2139,-0.0518516712071611,0.0554310630108548,-0.160496554708436,0.0567932122941143,-5.05303099084714
"Clothes_No+Fur_Brown",2,2141,-0.0519389277734451,0.0531143173723259,-0.156042989823204,0.0521651342763136,-5.06131537590321
"Clothes_No+Fur_Brown",2,2142,-0.0472268680803075,0.0556536155609561,-0.156307954579781,0.0618542184191663,-4.61290298348003
"Clothes_No+Fur_Brown",2,2143,-0.0558628458694728,0.0452870393433205,-0.144625442982381,0.0328997512434354,-5.43311706177455
"Clothes_No+Fur_Brown",2,2145,-0.0579463121491562,0.0452796952836663,-0.146694514905142,0.0308018906068298,-5.62993886655689
"Clothes_No+Fur_Brown",2,2146,-0.0583520662864837,0.0476414169441456,-0.151729243497009,0.0350251109240418,-5.66822214197771
"Clothes_No+Fur_Brown",2,2147,-0.0570479108451844,0.0458552924963833,-0.146924284138096,0.032828462447727,-5.54511858495796
"Clothes_No+Fur_Brown",2,2148,-0.0576902862230163,0.0472796651850994,-0.150358429985811,0.0349778575397787,-5.60577459104682
"Clothes_No+Fur_Brown",2,2149,-0.0564860752334571,0.0363412361090608,-0.127714898007216,0.014742747540302,-5.4920355583065
"Clothes_No+Fur_Brown",2,2150,-0.0548350944773696,0.0469118807723766,-0.146782380791228,0.0371121918364885,-5.33587585485448
"Clothes_No+Fur_Brown",2,2151,-0.0481718499389109,0.0518366259333761,-0.149771636768328,0.0534279368905062,-4.70299948322198
"Clothes_No+Fur_Brown",2,2152,-0.049038026557871,0.0542581628334387,-0.155384025711411,0.0573079725956689,-4.78550777839
"Clothes_No+Fur_Brown",2,2153,-0.04619281138534,0.0607804247369055,-0.165322443869675,0.0729368210989947,-4.51421630217841
"Clothes_No+Fur_Brown",2,2154,-0.0517626536782888,0.0554903172693686,-0.160523675526251,0.0569983681696736,-5.04457867009527
"Clothes_No+Fur_Brown",2,2155,-0.0534803212084097,0.0552838891783781,-0.161836743998031,0.0548761015812114,-5.20754051691948
"Clothes_No+Fur_Brown",2,2156,-0.0490887108503084,0.0543240235058082,-0.155563796921692,0.0573863752210756,-4.79033353526197
"Clothes_No+Fur_Brown",2,2157,-0.0488587582144551,0.0613279596746082,-0.169061559176687,0.071344042747777,-4.76843730404813
"Clothes_No+Fur_Brown",2,2159,-0.046972905860575,0.0577688981897105,-0.160199946312408,0.0662541345912576,-4.58867518824576
"Clothes_No+Fur_Brown",2,2160,-0.0519335596564485,0.0530228852664251,-0.155858414778642,0.0519912954657447,-5.06080573256873
"Clothes_No+Fur_Brown",2,2161,-0.0563254813960161,0.0415474435323723,-0.137758470719466,0.0251075079274336,-5.47685694286464
"Clothes_No+Fur_Brown",2,2162,-0.0570166394324764,0.0441840593928439,-0.14361739584245,0.0295841169774976,-5.5421648011947
"Clothes_No+Fur_Brown",2,2163,-0.0542418348900533,0.048220520791483,-0.14875405564136,0.0402703858612533,-5.279698793488
"Clothes_No+Fur_Brown",2,2164,-0.0574126992011372,0.0494062607899914,-0.15424897034952,0.0394235719472459,-5.57956834204394
"Clothes_No+Fur_Brown",2,2165,-0.0557464821189494,0.0482216127373476,-0.150260843084151,0.038767878846252,-5.42211226433321
"Clothes_No+Fur_Brown",2,2166,-0.05586144913216,0.047492323954702,-0.148946404083376,0.037223505819056,-5.43298497658835
"Clothes_No+Fur_Brown",2,2167,-0.0558384896431815,0.0439693027257408,-0.142018322985634,0.0303413436992705,-5.43081374132406
"Clothes_No+Fur_Brown",2,2168,-0.0549613547840482,0.050252454124736,-0.153456164868531,0.0435334553004345,-5.34782742168037
"Clothes_No+Fur_Brown",2,2169,-0.0538326665905963,0.0415439189395853,-0.135258747712183,0.0275934145309908,-5.24093431886302
"Clothes_No+Fur_Brown",2,2170,-0.0453784950505227,0.0534609455583642,-0.150161948344917,0.0594049582438712,-4.43642900133405
"Clothes_No+Fur_Brown",2,2171,-0.0508299086918832,0.0565874870096817,-0.161741383230859,0.0600815658470929,-4.9559681578366
"Clothes_No+Fur_Brown",2,2172,-0.04646249756721,0.0542424638620552,-0.152777726736838,0.0598527316024183,-4.53996402654795
"Clothes_No+Fur_Brown",2,2173,-0.0573409730629912,0.0463856077406004,-0.148256764234568,0.0335748181085855,-5.57279568623371
"Clothes_No+Fur_Brown",2,2174,-0.0566489092505148,0.0447807169739299,-0.144419114519417,0.0311212960183878,-5.50742341693305
"Clothes_No+Fur_Brown",2,2175,-0.0498619124485574,0.0570908400054078,-0.161759958859157,0.0620361339620419,-4.8639213487676
"Clothes_No+Fur_Brown",2,2176,-0.0588086469962674,0.0418325534887146,-0.140800451834148,0.0231831578416132,-5.71128238108197
"Clothes_No+Fur_Brown",2,2177,-0.0460167811872615,0.0579177757858876,-0.159535621727601,0.0675020593530782,-4.49740644128224
"Clothes_No+Fur_Brown",2,2178,-0.0528918876751994,0.0546082201929588,-0.159923999253399,0.0541402239029998,-5.15174504070951
"Clothes_No+Fur_Brown",2,2179,-0.0488348410676295,0.0578301921492704,-0.1621820176802,0.0645123355449406,-4.76615960954283
"Clothes_No+Fur_Brown",2,2180,-0.0491232723935205,0.0557798742618789,-0.158451825946803,0.0602052811597623,-4.79362407140036
"Clothes_No+Fur_Brown",2,2181,-0.049795896738907,0.0654579178696922,-0.178093415763504,0.0785016222856897,-4.85764066571249
"Clothes_No+Fur_Brown",2,2182,-0.0490576690100323,0.0550182856925222,-0.156893508967376,0.0587781709473112,-4.78737800613054
"Clothes_No+Fur_Brown",2,2183,-0.0571634790439461,0.0502611139262694,-0.155675262339434,0.041348304251542,-5.55603393472155
"Clothes_No+Fur_Brown",2,2184,-0.0477803520670003,0.058866452678155,-0.163158599316184,0.0675978951821834,-4.6656836062536
"Clothes_No+Fur_Brown",2,2185,-0.0554347947225263,0.0473017810944558,-0.14814628566766,0.037276696222607,-5.39262893419318
"Clothes_No+Fur_Brown",2,2186,-0.0573717201565192,0.0402370460219578,-0.136236330359556,0.021492890046518,-5.57569900368182
"Clothes_No+Fur_Brown",2,2187,-0.0582603468034584,0.0431866472808622,-0.142906175473948,0.0263854818670314,-5.65956968328627
"Clothes_No+Fur_Brown",2,2189,-0.0561101067491159,0.0471525672266465,-0.148529138513343,0.0363089250151113,-5.45649686186088
"Clothes_No+Fur_Brown",2,2190,-0.0606938139479023,0.0486009008236873,-0.155951579562329,0.0345639516665248,-5.88886491649385
"Clothes_No+Fur_Brown",2,2191,-0.0583263488949431,0.047189011727287,-0.150816811880426,0.0341641140905394,-5.66579614351678
"Clothes_No+Fur_Brown",2,2192,-0.0500158261824164,0.0588793928970396,-0.165419436260614,0.0653877838957812,-4.87856297105523
"Clothes_No+Fur_Brown",2,2194,-0.0556241205662503,0.0469049120478251,-0.147557748179987,0.0363095070474868,-5.4105388590834
"Clothes_No+Fur_Brown",2,2195,-0.0614531491328857,0.0435053369203307,-0.146723609496734,0.0238173112309625,-5.96029968776147
"Clothes_No+Fur_Brown",2,2196,-0.0551617565178866,0.0466878593823658,-0.146669960907324,0.0363464478715503,-5.36679398064752
"Clothes_No+Fur_Brown",2,2198,-0.0547854971780565,0.0460573546908597,-0.145057912372142,0.0354869180160286,-5.33118065352135
"Clothes_No+Fur_Brown",2,2199,-0.0574896869571749,0.0462813001823578,-0.148201035314596,0.0332216614002465,-5.58683727938821
"Clothes_No+Fur_Brown",2,2200,-0.053157548963092,0.0474111136770657,-0.146083331770141,0.0397682338439567,-5.17693920357131
"Clothes_No+Fur_Brown",2,2201,-0.0538486729995037,0.0466502371994846,-0.145283137910494,0.0375857919114861,-5.24245105907719
"Clothes_No+Fur_Brown",2,2202,-0.0575989210546739,0.0460917262697554,-0.147938704543395,0.0327408624340467,-5.59714985275745
"Clothes_No+Fur_Brown",2,2203,-0.0494293001166284,0.0566267170368152,-0.160417665508786,0.0615590652755294,-4.82275540412609
"Clothes_No+Fur_Brown",2,2204,-0.046856277261099,0.0633327618450721,-0.17098849047744,0.0772759359552423,-4.57754685013018
"Clothes_No+Fur_Brown",2,2205,-0.0477605289342835,0.0540679993006521,-0.153733807563562,0.0582127496949945,-4.66379376271602
"Clothes_No+Fur_Brown",2,2206,-0.0521401853880116,0.0552396048109767,-0.160409810817526,0.0561294400415027,-5.08042058650169
"Clothes_No+Fur_Brown",2,2207,-0.0514789623474381,0.057304783910987,-0.163796338812973,0.0608384141180963,-5.01763681884256
"Clothes_No+Fur_Brown",2,2208,-0.0458220454166834,0.0555463167646299,-0.154692826275358,0.0630487354419912,-4.47880685919018
"Clothes_No+Fur_Brown",2,2209,-0.0450099647423513,0.0555222716832456,-0.153833617241513,0.06381368775681,-4.40120443880319
"Clothes_No+Fur_Brown",2,2210,-0.0446443748022272,0.055696560253872,-0.153809632899816,0.0645208832953619,-4.36624809140289
"Clothes_No+Fur_Brown",2,2211,-0.0543905425804087,0.0542092695020539,-0.160640710804434,0.0518596256436169,-5.29378338344082
"Clothes_No+Fur_Brown",2,2212,-0.0551285751993366,0.0428442420626642,-0.139103289642158,0.0288461392434852,-5.36365387399703
"Clothes_No+Fur_Brown",2,2213,-0.0525844899630951,0.0543040446234057,-0.15902041742497,0.0538514374987801,-5.12258442241389
"Clothes_No+Fur_Brown",2,2214,-0.0471095531505059,0.0594239165064498,-0.163580429503147,0.0693613232021357,-4.60171199646746
"Clothes_No+Fur_Brown",2,2216,-0.0502503949575861,0.054934355385027,-0.157921731512239,0.0574209415970668,-4.90087287332598
"Clothes_No+Fur_Brown",2,2217,-0.0510787612423543,0.0564322780060332,-0.161686026134179,0.0595285036494708,-4.97961716488767
"Clothes_No+Fur_Brown",2,2218,-0.058402015441377,0.0445210663310849,-0.145663305450303,0.0288592745675493,-5.67293381688824
"Clothes_No+Fur_Brown",2,2219,-0.0580624896241579,0.0500917648441107,-0.156242348718615,0.0401173694702991,-5.64090190513373
"Clothes_No+Fur_Brown",2,2220,-0.0502028530827132,0.0581974278739133,-0.164269811715583,0.0638641055501568,-4.89635157504895
"Clothes_No+Fur_Brown",2,2221,-0.0561375615228039,0.0439825962536324,-0.142343450179924,0.0300683271343157,-5.45909249671176
"Clothes_No+Fur_Brown",2,2222,-0.0573545974015682,0.0459015163467851,-0.147321569441267,0.0326123746381306,-5.57408218567229
"Clothes_No+Fur_Brown",2,2224,-0.0565915402137061,0.0391827370828614,-0.133389704896114,0.0202066244687022,-5.50200231332866
"Clothes_No+Fur_Brown",2,2226,-0.0588664205404715,0.0412306660037852,-0.139678525907891,0.0219456848269474,-5.7167296171227
"Clothes_No+Fur_Brown",2,2227,-0.0572482174814968,0.0466800829892769,-0.14874118014048,0.034244745177486,-5.56403662976929
"Clothes_No+Fur_Brown",2,2228,-0.0583541637773052,0.0470104942723932,-0.150494732551196,0.0337864049965854,-5.66842000180845
"Clothes_No+Fur_Brown",2,2229,-0.0577650895221815,0.043931505585846,-0.14387084047044,0.0283406614260766,-5.61283532644311
"Clothes_No+Fur_Brown",2,2233,-0.0577860522422179,0.0468088152403376,-0.14953133011328,0.0339592256288438,-5.6148139174128
"Clothes_No+Fur_Brown",2,2234,-0.0587517071149751,0.0459644855061381,-0.148842098707006,0.0313386844770556,-5.70591343984156
"Clothes_No+Fur_Brown",2,2236,-0.0517540858055526,0.0506786816818583,-0.151084301901995,0.0475761302908897,-5.04376510064443
"Clothes_No+Fur_Brown",2,2237,-0.0518251390838793,0.0569704900110294,-0.163487299505497,0.0598370213377384,-5.05051181274073
"Clothes_No+Fur_Brown",2,2238,-0.0556009578799251,0.0469313433427473,-0.14758639083171,0.0363844750718596,-5.40834788769102
"Clothes_No+Fur_Brown",2,2239,-0.0555216773965398,0.0441365537858836,-0.142029322816872,0.0309859680237922,-5.40084831850655
"Clothes_No+Fur_Brown",2,2240,-0.0519545747513539,0.0528722511156976,-0.155584186938121,0.0516750374354134,-5.06280086778245
"Clothes_No+Fur_Brown",2,2241,-0.0505435751056488,0.0606884347887189,-0.169492907291538,0.0684057570802403,-4.92874996279331
"Clothes_No+Fur_Brown",2,2242,-0.0553556529325783,0.0455383781032344,-0.144610874014918,0.0338995681497612,-5.38514124121394
"Clothes_No+Fur_Brown",2,2243,-0.0442200832480557,0.0562550734044641,-0.154480027120805,0.0660398606246939,-4.32566288880386
"Clothes_No+Fur_Brown",2,2244,-0.0520885572219323,0.054810963575707,-0.159518045830318,0.0553409313864534,-5.07551993618685
"Clothes_No+Fur_Brown",2,2245,-0.0551580398863147,0.051748623709199,-0.156585342356345,0.0462692625837155,-5.36644226323267
"Clothes_No+Fur_Brown",2,2246,-0.0547014095907867,0.044429660746339,-0.141783544653611,0.0323807254720378,-5.32321984621498
"Clothes_No+Fur_Brown",2,2247,-0.0570390671688948,0.0490205214083525,-0.153119289129266,0.0390411547914761,-5.54428325286906
"Clothes_No+Fur_Brown",2,2248,-0.0521598698182334,0.0540376045063878,-0.158073574650754,0.0537538350142867,-5.08228900594989
"Clothes_No+Fur_Brown",2,2249,-0.0459570522784574,0.0595015469846566,-0.162580084368384,0.0706659798114696,-4.49170200522284
"Clothes_No+Fur_Brown",2,2250,-0.0528319231119177,0.0495208406409264,-0.149892770768133,0.044228924544298,-5.14605733599418
"Clothes_No+Fur_Brown",2,2251,-0.0506720407475108,0.0602730532868876,-0.16880722518981,0.0674631436947888,-4.94096256748513
"Clothes_No+Fur_Brown",2,2253,-0.0486846121899472,0.0497055918572189,-0.146107572230096,0.0487383478502017,-4.75185166187705
"Clothes_No+Fur_Brown",2,2254,-0.0467417475914438,0.0541557043197544,-0.152886928058162,0.0594034328752748,-4.56661752223904
"Clothes_No+Fur_Brown",2,2255,-0.0501055192848595,0.0572009531114981,-0.162219387383396,0.0620083488136767,-4.88709432524368
"Clothes_No+Fur_Brown",2,2257,-0.055158044547919,0.0483411792901267,-0.149906755956567,0.0395906668607294,-5.36644270437687
"Clothes_No+Fur_Brown",2,2258,-0.0561588892765155,0.0452853398142625,-0.14491815531247,0.032600376759439,-5.46110882040075
"Clothes_No+Fur_Brown",2,2259,-0.054938423663723,0.0409472728420519,-0.135195078434145,0.0253182311066986,-5.34565691643598
"Clothes_No+Fur_Brown",2,2260,-0.0508961720488028,0.0537843385363523,-0.156313475580053,0.0545211314824478,-4.96226588578503
"Clothes_No+Fur_Brown",2,2261,-0.0534586812921702,0.0518364940334404,-0.155058209597713,0.0481408470133731,-5.20548919384098
"Clothes_No+Fur_Brown",2,2262,-0.0501040940981175,0.0536049900386727,-0.155169874573916,0.054961686377681,-4.88695877149492
"Clothes_No+Fur_Brown",2,2265,-0.053617405661638,0.0552309619086115,-0.161870091002516,0.0546352796792404,-5.22053419876166
"Clothes_No+Fur_Brown",2,2266,-0.0498185903122957,0.0560188279549329,-0.159615493103964,0.0599783124793729,-4.85979976132752
"Clothes_No+Fur_Brown",2,2267,-0.0573710196436623,0.0429953687228063,-0.141641942340363,0.026899903053038,-5.5756328582218
"Clothes_No+Fur_Brown",2,2268,-0.0481083537766918,0.0640261663356832,-0.173599639794631,0.0773829322412473,-4.69694829730667
"Clothes_No+Fur_Brown",2,2270,-0.0546766035917539,0.0479231551412851,-0.148605987668673,0.0392527804851649,-5.32087126496872
"Clothes_No+Fur_Brown",2,2271,-0.051203572751307,0.0434137291527125,-0.136294481890624,0.0338873363880095,-4.99147606217176
"Clothes_No+Fur_Brown",2,2274,-0.0477622153079791,0.0522252379085348,-0.150123681608707,0.0545992509927492,-4.6639545350509
"Clothes_No+Fur_Brown",2,2275,-0.0513048910229147,0.0532108008481709,-0.15559806068533,0.0529882786395003,-5.00110167397172
"Clothes_No+Fur_Brown",2,2276,-0.0491538888424683,0.0574603305259216,-0.161776136673275,0.063468358988338,-4.79653890792729
"Clothes_No+Fur_Brown",2,2277,-0.0518151714962477,0.0598117533014051,-0.169046207967002,0.0654158649745063,-5.04956539067989
"Clothes_No+Fur_Brown",2,2278,-0.0572486249273359,0.0461431857969481,-0.147689269089354,0.0331920192346823,-5.56407510730178
"Clothes_No+Fur_Brown",2,2279,-0.0552924324137895,0.0522781881258902,-0.157757681140534,0.0471728163129553,-5.37915945167416
"Clothes_No+Fur_Brown",2,2281,-0.0515523938225919,0.04847389537961,-0.146561228766627,0.0434564411214437,-5.02461125780974
"Clothes_No+Fur_Brown",2,2283,-0.0526726881091598,0.0383725838546737,-0.12788295246432,0.0225375762460006,-5.13095206556051
"Clothes_No+Fur_Brown",2,2284,-0.0573279718496496,0.0439720572139058,-0.143513203988905,0.0288572602896058,-5.57156801002455
"Clothes_No+Fur_Brown",2,2286,-0.05725053423916,0.0508600273876953,-0.156936187919043,0.0424351194407227,-5.56425541475767
"Clothes_No+Fur_Brown",2,2287,-0.0566136896465023,0.0493248571914718,-0.153290409741787,0.0400630304487824,-5.50409536719773
"Clothes_No+Fur_Brown",2,2289,-0.0550333923272755,0.0444135371857883,-0.14208392521142,0.0320171405568696,-5.35464568606558
"Clothes_No+Fur_Brown",2,2290,-0.0551163990930403,0.0471320177415168,-0.147495153866413,0.0372623556803325,-5.3625015647718
"Clothes_No+Fur_Brown",2,2291,-0.0558007720132568,0.0444176342256057,-0.142859335095444,0.0312577910689304,-5.42724674848564
"Clothes_No+Fur_Brown",2,2292,-0.0497442444676761,0.0570651220878201,-0.161591883759803,0.0621033948244513,-4.85272621984255
"Clothes_No+Fur_Brown",2,2293,-0.0547650040238334,0.0496020158238212,-0.151984955038523,0.0424549469908562,-5.32924057092722
"Clothes_No+Fur_Brown",2,2295,-0.0584609998508721,0.0465668514054626,-0.149732028605579,0.0328100289038346,-5.67849747910017
"Clothes_No+Fur_Brown",2,2296,-0.0515313329807359,0.0523084306667761,-0.154055857087617,0.0509931911261454,-5.02261097510349
"Clothes_No+Fur_Brown",2,2298,-0.0576182518488625,0.0480371631082896,-0.15177109154111,0.0365345878433852,-5.59897471718636
"Clothes_No+Fur_Brown",2,2299,-0.0559668628668695,0.0446747474476602,-0.143529367864284,0.0315956421305445,-5.44295311342381
"Clothes_No+Fur_Brown",2,2300,-0.053825499062976,0.0438540874454753,-0.139779510456108,0.0321285123301556,-5.24025512820843
"Clothes_No+Fur_Brown",2,2301,-0.054751830574368,0.0480168415855452,-0.148864840082037,0.0393611789333006,-5.32799342224742
"Clothes_No+Fur_Brown",2,2303,-0.0551108077196529,0.0522373240624587,-0.157495962882072,0.047274347442766,-5.36197240970225
"Clothes_No+Fur_Brown",2,2304,-0.0555359005598219,0.0450128114894317,-0.143761011079108,0.0326892099594643,-5.40219380811867
"Clothes_No+Fur_Brown",2,2305,-0.0554411591079278,0.0449354926602112,-0.143514724721942,0.0326324065060862,-5.39323105004841
"Clothes_No+Fur_Brown",2,2306,-0.0593530769519689,0.0479227048758733,-0.15328157850868,0.0345754246047427,-5.76260201219853
"Clothes_No+Fur_Brown",2,2307,-0.0506322686147753,0.0537795877655509,-0.156040260635255,0.0547757234057046,-4.93718179164638
"Clothes_No+Fur_Brown",2,2308,-0.0500711242694435,0.0576108595658574,-0.162988409018524,0.0628461604796369,-4.88382285912599
"Clothes_No+Fur_Brown",2,2309,-0.0535374736657821,0.0429749163353808,-0.137768309683128,0.0306933623515643,-5.21295798410706
"Clothes_No+Fur_Brown",2,2310,-0.0509345005041744,0.0547860624123689,-0.158315182832417,0.0564461818240687,-4.96590846552797
"Clothes_No+Fur_Brown",2,2311,-0.0519092485841766,0.0582440985406198,-0.166067681723791,0.0622491845554382,-5.05849763089935
"Clothes_No+Fur_Brown",2,2313,-0.0522731820613662,0.0516713035517887,-0.153548937022872,0.0490025729001397,-5.09304373536289
"Clothes_No+Fur_Brown",2,2314,-0.0599960984189386,0.0447754652933733,-0.14775601039395,0.0277638135560731,-5.82317920379148
"Clothes_No+Fur_Brown",2,2315,-0.0503036502442958,0.0560776999978596,-0.160215942240101,0.059608641751509,-4.9059372697528
"Clothes_No+Fur_Brown",2,2316,-0.0523631533990551,0.0591831029520306,-0.168362035185035,0.0636357283869249,-5.10158225705714
"Clothes_No+Fur_Brown",2,2317,-0.0470075032795544,0.0552376550949003,-0.155273307265559,0.0612583007064502,-4.59197611672352
"Clothes_No+Fur_Brown",2,2318,-0.0499752512286128,0.0546157281975722,-0.157022078495854,0.0570715760386288,-4.8747033448405
"Clothes_No+Fur_Brown",2,2319,-0.0524036224037458,0.0438145424885593,-0.138280125681322,0.0334728808738303,-5.10542262386148
"Clothes_No+Fur_Brown",2,2320,-0.0550883950277051,0.0448605360451086,-0.143015045676118,0.0328382556207078,-5.35985129297344
"Clothes_No+Fur_Brown",2,2321,-0.0504411815876489,0.0550642028141028,-0.15836701910329,0.0574846559279927,-4.9190147846403
"Clothes_No+Fur_Brown",2,2322,-0.0493637252086657,0.0548769071023899,-0.15692246312935,0.0581950127120186,-4.81651396043276
"Clothes_No+Fur_Brown",2,2323,-0.0557110838188337,0.0493590722433645,-0.152454865415828,0.0410326977781607,-5.41876430862321
"Clothes_No+Fur_Brown",2,2324,-0.0482400122777332,0.0595318291685515,-0.164922397448094,0.0684423728926279,-4.70949492828507
"Clothes_No+Fur_Brown",2,2325,-0.0508066298352815,0.0624696115527133,-0.1732470684786,0.0716338088080366,-4.95375561569587
"Clothes_No+Fur_Brown",2,2326,-0.0507338595337392,0.0552525396761769,-0.159028837299046,0.0575611182315675,-4.94683882016597
"Clothes_No+Fur_Brown",2,2327,-0.0506314094712742,0.0505899128332105,-0.149787638624367,0.0485248196818184,-4.93710011900884
"Clothes_No+Fur_Brown",2,2328,-0.051889570784153,0.0596469532279063,-0.168797599110849,0.0650184575425433,-5.05662937262025
"Clothes_No+Fur_Brown",2,2329,-0.0576820963619701,0.0499901873236945,-0.155662863516411,0.040298670792471,-5.60500151229145
"Clothes_No+Fur_Brown",2,2330,-0.0580783804407294,0.0406099554084955,-0.137673893041381,0.0215171321599219,-5.64240133633979
"Clothes_No+Fur_Brown",2,2331,-0.0563605047670085,0.0447048972506522,-0.143982103378287,0.0312610938442697,-5.4801674039992
"Clothes_No+Fur_Brown",2,2332,-0.056271803472208,0.0465395539041789,-0.147489329124399,0.0349457221799827,-5.47178300061538
"Clothes_No+Fur_Brown",2,2333,-0.0492618682987122,0.058187060697721,-0.163308507266245,0.064784770668821,-4.80681837089315
"Clothes_No+Fur_Brown",2,2334,-0.0561933588512581,0.0454448687356818,-0.145265301573194,0.0328785838706781,-5.46436747961373
"Clothes_No+Fur_Brown",2,2336,-0.056404737251073,0.0462195807821383,-0.146995115584064,0.0341856410819181,-5.48434815852502
"Clothes_No+Fur_Brown",2,2337,-0.0562990947535279,0.0481171936570776,-0.1506087943214,0.0380106048143443,-5.47436276157552
"Clothes_No+Fur_Brown",2,2338,-0.0492968912079401,0.0514484683664296,-0.150135889206142,0.0515421067902619,-4.81015225467096
"Clothes_No+Fur_Brown",2,2339,-0.0586927805472789,0.0469472629364898,-0.150709415902799,0.0333238548082412,-5.70035684925272
"Clothes_No+Fur_Brown",2,2340,-0.0554036828035135,0.0444690470250527,-0.142563014972617,0.0317556493655898,-5.38968547153842
"Clothes_No+Fur_Brown",2,2341,-0.0574701277979536,0.0424036161906613,-0.14058121553165,0.0256409599357425,-5.58499061924648
"Clothes_No+Fur_Brown",2,2342,-0.0536669574810714,0.0447690578587011,-0.141414310884126,0.0340803959219828,-5.22523057737903
"Clothes_No+Fur_Brown",2,2343,-0.0508007770694597,0.0591950707343105,-0.166823115708708,0.0652215615697888,-4.95319933065734
"Clothes_No+Fur_Brown",2,2344,-0.0451664623096988,0.0585847736740085,-0.159992618710756,0.0696596940913579,-4.41616424713253
"Clothes_No+Fur_Brown",2,2345,-0.0484185930160311,0.0528266373128564,-0.15195880214923,0.0551216161171675,-4.72651045766544
"Clothes_No+Fur_Brown",2,2346,-0.0484408702479809,0.0558389531781547,-0.157885218477164,0.0610034779812023,-4.72863286364988
"Clothes_No+Fur_Brown",2,2347,-0.0488031053855923,0.0585567615074744,-0.163574357940242,0.0659681471690576,-4.76313725070696
"Clothes_No+Fur_Brown",2,2348,-0.0577383947735703,0.0449317322103617,-0.145804589905879,0.0303278003587386,-5.61031565117913
"Clothes_No+Fur_Brown",2,2349,-0.0557191251009657,0.0479434423595138,-0.149688272125613,0.0382500219236813,-5.4195248599659
"Clothes_No+Fur_Brown",2,2350,-0.0540947039681417,0.055582483601691,-0.163036371827456,0.0548469638911726,-5.26576148296822
"Clothes_No+Fur_Brown",2,2351,-0.0570683841336114,0.044748238440612,-0.144774931477211,0.0306381632099882,-5.54705236719301
"Clothes_No+Fur_Brown",2,2352,-0.0555745685857575,0.0445763932036006,-0.142944299264815,0.0317951620932997,-5.40585164782078
"Clothes_No+Fur_Brown",2,2353,-0.0509039143609352,0.0565721518825258,-0.161785332050686,0.0599775033288153,-4.96300169473847
"Clothes_No+Fur_Brown",2,2354,-0.058458343739884,0.0441150232446235,-0.144923789299346,0.0280071018195779,-5.6782469503882
"Clothes_No+Fur_Brown",2,2355,-0.0559270447940389,0.0475697483371709,-0.149163751534894,0.037309661946816,-5.43918795908414
"Clothes_No+Fur_Brown",2,2356,-0.0565604943260872,0.0428626984984913,-0.14057138338313,0.0274503947309557,-5.49906849357098
"Clothes_No+Fur_Brown",2,2357,-0.0568564403318838,0.0432358354420316,-0.141598677798266,0.027885797134498,-5.52703152881598
"Clothes_No+Fur_Brown",2,2358,-0.0574932975808564,0.0454689444777856,-0.146612428757316,0.0316258335956034,-5.58717816917397
"Clothes_No+Fur_Brown",2,2359,-0.0569310772643995,0.0467101261555181,-0.148482924529215,0.0346207700004159,-5.53408243825592
"Clothes_No+Fur_Brown",2,2360,-0.0514943301137225,0.054004237917028,-0.157342636431097,0.0543539762036524,-5.01909647438523
"Clothes_No+Fur_Brown",2,2361,-0.0534490268132739,0.0415886945295037,-0.134962868091101,0.0280648144645533,-5.20457399781906
"Clothes_No+Fur_Brown",2,2362,-0.0513837805212395,0.057263000950076,-0.163619262383388,0.0608517013409094,-5.00859579379451
"Clothes_No+Fur_Brown",2,2364,-0.0578230623455874,0.0451217668548143,-0.146261725381023,0.0306156006898486,-5.61830705826512
"Clothes_No+Fur_Brown",2,2365,-0.0469263133663298,0.0589878140910332,-0.162542428984755,0.0686898022520952,-4.58422963307959
"Clothes_No+Fur_Brown",2,2366,-0.0495869267960386,0.0545024127408777,-0.156411655768159,0.0572378021760816,-4.83775669481427
"Clothes_No+Fur_Brown",2,2367,-0.0554555701824639,0.050780367888864,-0.154985091244637,0.0440739508797096,-5.39459442542349
"Clothes_No+Fur_Brown",2,2368,-0.0532945106641547,0.0538212935870298,-0.158784246094733,0.0521952247664237,-5.18992544194901
"Clothes_No+Fur_Brown",2,2369,-0.054440938951294,0.0496559288528206,-0.151766559502823,0.0428846816002345,-5.29855611279344
"Clothes_No+Fur_Brown",2,2370,-0.0545189493603723,0.0451593245512287,-0.14303122548078,0.0339933267600359,-5.30594352302018
"Clothes_No+Fur_Brown",2,2371,-0.0559764649063551,0.046860181133135,-0.1478224199273,0.0358694901145895,-5.44386104956262
"Clothes_No+Fur_Brown",2,2372,-0.0507007869354178,0.0567028422209351,-0.161838357688451,0.0604367838176151,-4.94369511316208
"Clothes_No+Fur_Brown",2,2373,-0.0480575609008351,0.0540653027077178,-0.154025554207962,0.0579104324062917,-4.69210745829374
"Clothes_No+Fur_Brown",2,2374,-0.057575006436285,0.0478468292241734,-0.151354791715665,0.0362047788430948,-5.59489221762621
"Clothes_No+Fur_Brown",2,2376,-0.0556657146272916,0.0469790192233182,-0.147744592304995,0.0364131630504122,-5.41447313708209
"Clothes_No+Fur_Brown",2,2377,-0.0561549654484404,0.0470292045666617,-0.148332206399097,0.0360222755022165,-5.46073786531758
"Clothes_No+Fur_Brown",2,2380,-0.056255408985954,0.0451437736826722,-0.144737205403991,0.0322263874320834,-5.4702332463575
"Clothes_No+Fur_Brown",2,2381,-0.0495161114238284,0.0548354228577907,-0.156993540225098,0.0579613173774413,-4.83101750651801
"Clothes_No+Fur_Brown",2,2382,-0.0473192911030246,0.0585902911583241,-0.16215626177334,0.0675176795672905,-4.62171853992804
"Clothes_No+Fur_Brown",2,2383,-0.0562803415945402,0.0442324524990275,-0.142975948492634,0.0304152653035536,-5.47259009065045
"Clothes_No+Fur_Brown",2,2384,-0.0568009866219984,0.0460588656738138,-0.147076363342673,0.0334743900986766,-5.52179250697011
"Clothes_No+Fur_Brown",2,2385,-0.0584929977582628,0.0478653226022373,-0.152309030058648,0.0353230345421223,-5.68151552151701
"Clothes_No+Fur_Brown",2,2386,-0.0595875655440345,0.0427566594669396,-0.143390618099236,0.024215487011167,-5.78469701635816
"Clothes_No+Fur_Brown",2,2387,-0.0556242094903182,0.0481067835205488,-0.149913505190594,0.0386650862099574,-5.4105472703627
"Clothes_No+Fur_Brown",2,2388,-0.0475670324672521,0.056032000734404,-0.157389753906684,0.0622556889721797,-4.64534475877795
"Clothes_No+Fur_Brown",2,2389,-0.0564548088062175,0.0480358676468992,-0.15060510939414,0.037695491781705,-5.48908058571723
"Clothes_No+Fur_Brown",2,2390,-0.0531457308787997,0.0452319072161689,-0.141800269022491,0.0355088072648914,-5.1758185700241
"Clothes_No+Fur_Brown",2,2391,-0.0570860399011673,0.0451379822080651,-0.145556485028975,0.0313844052266402,-5.54871999175974
"Clothes_No+Fur_Brown",2,2392,-0.0571726352134387,0.0496333732946616,-0.154454046870975,0.040108776444098,-5.55689867572353
"Clothes_No+Fur_Brown",2,2393,-0.0580305898764414,0.0421628283865868,-0.140669733514152,0.0246085537612688,-5.63789182569963
"Clothes_No+Fur_Brown",2,2394,-0.0564790004203486,0.0482097433383782,-0.15097009736357,0.0380120965228727,-5.49136692975559
"Clothes_No+Fur_Brown",2,2395,-0.0512914065780701,0.0472331460919684,-0.143868372918328,0.0412855597621879,-4.99982065793008
"Clothes_No+Fur_Brown",2,2396,-0.0542790872656198,0.0463486825460783,-0.145122505055933,0.0365643305246936,-5.28322728399959
"Clothes_No+Fur_Brown",2,2397,-0.0572098927349297,0.0443554271341012,-0.144146529917768,0.0297267444479087,-5.5604173260523
"Clothes_No+Fur_Brown",2,2398,-0.0579968488238089,0.0466017432688025,-0.149336265630662,0.033342567983044,-5.63470789512691
"Clothes_No+Fur_Brown",2,2399,-0.0566145068275776,0.0481357777756207,-0.150960631267794,0.037731617612639,-5.50417258743114
"Clothes_No+Fur_Brown",2,2400,-0.051142715356877,0.0567011192104838,-0.162276909009425,0.0599914782956712,-4.98569391501484
"Clothes_No+Fur_Brown",2,2401,-0.0530297202511657,0.045570199488168,-0.142347311247975,0.0362878707456437,-5.16481731910285
"Clothes_No+Fur_Brown",2,2403,-0.0591881342060328,0.0445278251686865,-0.146462671536658,0.0280864031245927,-5.74705695501758
"Clothes_No+Fur_Brown",2,2404,-0.0578430445506086,0.0461004118837934,-0.148199851842844,0.0325137627416265,-5.62019299376107
"Clothes_No+Fur_Brown",2,2406,-0.0546579525211759,0.0423593795041947,-0.137682336349397,0.0283664313070456,-5.31910538138866
"Clothes_No+Fur_Brown",2,2407,-0.0463136209595493,0.0512759015721837,-0.146814388041029,0.0541871461219307,-4.52575120227278
"Clothes_No+Fur_Brown",2,2408,-0.056994679815482,0.0486779714919241,-0.152403503939653,0.0384141443086893,-5.5400905205365
"Clothes_No+Fur_Brown",2,2409,-0.0487095439304323,0.0574526527377306,-0.161316743296384,0.0638976554355196,-4.75422633439062
"Clothes_No+Fur_Brown",2,2410,-0.0568716263017005,0.0438802452849394,-0.142876907060182,0.0291336544567808,-5.52846618157035
"Clothes_No+Fur_Brown",2,2411,-0.051075153011662,0.041816143363317,-0.133034794003763,0.0308844879804394,-4.97927430880738
"Clothes_No+Fur_Brown",2,2412,-0.0553628013789834,0.0465090323302671,-0.146520504746307,0.0357949019883401,-5.3858175880435
"Clothes_No+Fur_Brown",2,2413,-0.0553824832291429,0.0432077362622788,-0.140069646303209,0.0293046798449236,-5.38767975187922
"Clothes_No+Fur_Brown",2,2414,-0.0498390107961272,0.0545226290643548,-0.156703363762263,0.0570253421700082,-4.86174255041181
"Clothes_No+Fur_Brown",2,2415,-0.0597443435833467,0.043032943478653,-0.144088912801507,0.0246002256348132,-5.79946674901802
"Clothes_No+Fur_Brown",2,2416,-0.0545344915041111,0.0573784612123514,-0.16699627548032,0.0579272924720976,-5.30741526022016
"Clothes_No+Fur_Brown",2,2417,-0.0589950161489094,0.0478727404889803,-0.152825587507311,0.0348355552094919,-5.72885325210328
"Clothes_No+Fur_Brown",2,2418,-0.0564442792984895,0.0456708974377765,-0.145959238276531,0.0330706796795525,-5.48808542702163
"Clothes_No+Fur_Brown",2,2419,-0.0472788275967273,0.0567786678127535,-0.158565016509724,0.0640073613162695,-4.61785912215329
"Clothes_No+Fur_Brown",2,2420,-0.0461716540332199,0.0561791729499519,-0.156282833015126,0.0639395249486858,-4.51219605445878
"Clothes_No+Fur_Brown",2,2421,-0.0564577046608935,0.049721343809538,-0.153911538527588,0.0409961292058011,-5.48935427520887
"Clothes_No+Fur_Brown",2,2422,-0.0495395244291681,0.0606327699005879,-0.16837975343432,0.0693007045759842,-4.83324567232917
"Clothes_No+Fur_Brown",2,2423,-0.0605863104395478,0.0465224505712599,-0.151770313559217,0.0305976926801215,-5.87874709545627
"Clothes_No+Fur_Brown",2,2424,-0.0503601224762758,0.0589537480008779,-0.165909468557996,0.0651892236054448,-4.91130729209323
"Clothes_No+Fur_Brown",2,2425,-0.0559297496472159,0.044006259430661,-0.142182018131311,0.0303225188368797,-5.43944373185108
"Clothes_No+Fur_Brown",2,2426,-0.0507335302866842,0.0578702358760887,-0.164159192603818,0.0626921320304497,-4.94680752418742
"Clothes_No+Fur_Brown",2,2427,-0.047436365958889,0.0551346164427862,-0.15550021418675,0.0606274822689719,-4.63288428485583
"Clothes_No+Fur_Brown",2,2428,-0.0583028649979593,0.041452842137455,-0.139550435587371,0.0229447055914525,-5.66358078277881
"Clothes_No+Fur_Brown",2,2430,-0.0466859200197732,0.0549757771639655,-0.154438443261145,0.0610666032215991,-4.56128955951676
"Clothes_No+Fur_Brown",2,2431,-0.0505816803809223,0.0604479276305824,-0.169059618536864,0.0678962577750192,-4.93237260992516
"Clothes_No+Fur_Brown",2,2432,-0.0487135734453807,0.0560453133378398,-0.158562387587547,0.0611352406967854,-4.75461012788613
"Clothes_No+Fur_Brown",2,2433,-0.0452582275332725,0.0547087272750449,-0.15248733299236,0.0619708779258156,-4.42493511675385
"Clothes_No+Fur_Brown",2,2435,-0.0542230055735093,0.054529170175533,-0.161100179117554,0.0526541679705353,-5.27791525816212
"Clothes_No+Fur_Brown",2,2436,-0.0541355657627812,0.042518607452383,-0.137472036369452,0.0292009048438894,-5.26963241488068
"Clothes_No+Fur_Brown",2,2437,-0.0568179282258909,0.0471245398384868,-0.149182026309325,0.0355461698575432,-5.52339310577954
"Clothes_No+Fur_Brown",2,2438,-0.0556943687569385,0.0452063207056667,-0.144298757340045,0.0329100198261681,-5.41718336420176
"Clothes_No+Fur_Brown",2,2439,-0.0554761116318465,0.045717943190381,-0.145083280284993,0.0341310570213003,-5.39653773761413
"Clothes_No+Fur_Brown",2,2440,-0.0570433481433376,0.0499613271603312,-0.154967549377587,0.0408808530909116,-5.5446876145129
"Clothes_No+Fur_Brown",2,2441,-0.0575504452523818,0.0531541969398804,-0.161732671254547,0.0466317807497838,-5.59257348793731
"Clothes_No+Fur_Brown",2,2442,-0.0520855086665181,0.0589268411483699,-0.167582117317323,0.0634110999842868,-5.07523055320811
"Clothes_No+Fur_Brown",2,2443,-0.0586793134746969,0.0477203790826375,-0.152211256476666,0.0348526295272725,-5.69908690056273
"Clothes_No+Fur_Brown",2,2444,-0.0619167814202399,0.0440214320117229,-0.148198788163217,0.024365225322737,-6.00388942353407
"Clothes_No+Fur_Brown",2,2446,-0.0536983523102708,0.0483280451218184,-0.148421320749035,0.0410246161284933,-5.22820596837126
"Clothes_No+Fur_Brown",2,2447,-0.0533866117890682,0.0464266102972078,-0.144382767971595,0.0376095443934591,-5.1986571543625
"Clothes_No+Fur_Brown",2,2448,-0.0513005644366989,0.0476769358570279,-0.144747358716474,0.0421462298430758,-5.00069065215856
"Clothes_No+Fur_Brown",2,2449,-0.0523040028623676,0.058240386127232,-0.166455159671742,0.0618471539470071,-5.09596879869894
"Clothes_No+Fur_Brown",2,2450,-0.0538234307007275,0.0444770539546577,-0.140998456451857,0.0333515950504015,-5.24005913052676
"Clothes_No+Fur_Brown",2,2451,-0.0581139090526729,0.0419234597302212,-0.140283890123907,0.0240560720185607,-5.64575367129438
"Clothes_No+Fur_Brown",2,2453,-0.0512479416309005,0.0567770671671873,-0.162530993278588,0.0600351100167867,-4.99569139041532
"Clothes_No+Fur_Brown",2,2454,-0.048081674965604,0.0590956414589496,-0.163909132225145,0.0677457822939372,-4.69440569127749
"Clothes_No+Fur_Brown",2,2457,-0.051515018759844,0.0528743335454526,-0.155148712508931,0.0521186749892431,-5.02106148035985
"Clothes_No+Fur_Brown",2,2458,-0.0601177449207481,0.0440250892564331,-0.146406919863357,0.0261714300218609,-5.83463478781289
"Clothes_No+Fur_Brown",2,2459,-0.045677647549031,0.0553577879615886,-0.154178911953745,0.0628236168556827,-4.46501280669311
"Clothes_No+Fur_Brown",2,2460,-0.0519661154094802,0.0498179478835131,-0.149609293261166,0.0456770624422053,-5.06389649921893
"Clothes_No+Fur_Brown",2,2461,-0.0501751209309077,0.0573125011629392,-0.162507623210268,0.0621573813484532,-4.89371410966244
"Clothes_No+Fur_Brown",2,2462,-0.0555132193948732,0.043408961149617,-0.140594783248123,0.0295683444583762,-5.40004819534025
"Clothes_No+Fur_Brown",2,2463,-0.051329974700503,0.0618717921759145,-0.172598687365295,0.0699387379642894,-5.00348456582261
"Clothes_No+Fur_Brown",2,2464,-0.0613202114834858,0.0446368612417026,-0.148808459517223,0.0261680365502512,-5.9477974400604
"Clothes_No+Fur_Brown",2,2465,-0.0477321543333839,0.0602982938385373,-0.165916810256917,0.0704525015901492,-4.66108859753394
"Clothes_No+Fur_Brown",2,2466,-0.0546448631124753,0.040404462022164,-0.133837608675917,0.0245478824509662,-5.31786605635186
"Clothes_No+Fur_Brown",2,2467,-0.0509025568189333,0.0564594935014867,-0.161563164081847,0.0597580504439807,-4.96287267793395
"Clothes_No+Fur_Brown",2,2468,-0.0510247463893815,0.0576030142881418,-0.163926654394139,0.0618771616153764,-4.97448451426098
"Clothes_No+Fur_Brown",2,2470,-0.0566218307818409,0.0483804121079643,-0.151447438513451,0.0382037769497692,-5.5048646680148
"Clothes_No+Fur_Brown",2,2471,-0.0575003662453481,0.0461389974529466,-0.147932801253123,0.0329320687624272,-5.58784553937649
"Clothes_No+Fur_Brown",2,2472,-0.0555912161310361,0.0472405690180095,-0.148182731406335,0.0370002991442626,-5.40742639508068
"Clothes_No+Fur_Brown",2,2473,-0.0511203242872084,0.0596355654651501,-0.168006032598903,0.0657653840244858,-4.98356641924942
"Clothes_No+Fur_Brown",2,2475,-0.0532117752231576,0.0493656184289647,-0.149968387343928,0.0435448368976132,-5.18208096411579
"Clothes_No+Fur_Brown",2,2477,-0.0528906906106321,0.0558713531990534,-0.162398542880777,0.0566171616595125,-5.15163150115627
"Clothes_No+Fur_Brown",2,2479,-0.0583478786916876,0.040755619943558,-0.138228893781061,0.0215331363976861,-5.66782711788855
"Clothes_No+Fur_Brown",2,2481,-0.0498018937726141,0.0540270028173729,-0.155694819294665,0.0560910317494368,-4.85821123593753
"Clothes_No+Fur_Brown",2,2482,-0.0480436640185914,0.0601587821747369,-0.165954877081076,0.0698675490438929,-4.69078296653105
"Clothes_No+Fur_Brown",2,2483,-0.0470820440544845,0.0588511954177547,-0.162430387073284,0.0682662989643148,-4.59908763970582
"Clothes_No+Fur_Brown",2,2484,-0.04803502264665,0.0547507553027868,-0.155346503040112,0.0592764577468122,-4.68995936057869
"Clothes_No+Fur_Brown",2,2486,-0.0543210238241748,0.0511036004981234,-0.154484080800497,0.045842033152147,-5.28719929619789
"Clothes_No+Fur_Brown",2,2487,-0.0586983930506794,0.0486293727600417,-0.154011963660361,0.0366151775590024,-5.70088610483535
"Clothes_No+Fur_Brown",2,2488,-0.0483814840718303,0.0591733532385995,-0.164361256419485,0.0675982882758248,-4.72297489345808
"Clothes_No+Fur_Brown",2,2489,-0.055812017487969,0.0460319416892297,-0.146034623198859,0.0344105882229212,-5.42831025801095
"Clothes_No+Fur_Brown",2,2490,-0.0554626904232226,0.0494382060399174,-0.152361574261461,0.0414361934150156,-5.39526803629011
"Clothes_No+Fur_Brown",2,2491,-0.046661506713428,0.0600148311412993,-0.164290575750375,0.0709675623235187,-4.55895955660017
"Clothes_No+Fur_Brown",2,2492,-0.0569803458501207,0.0470449468163375,-0.149188441610142,0.0352277499099009,-5.53873652576194
"Clothes_No+Fur_Brown",2,2493,-0.0577777288106768,0.0439565129980639,-0.143932494286882,0.0283770366655284,-5.61402830550844
"Clothes_No+Fur_Brown",2,2494,-0.0481382762883818,0.0554448643990915,-0.156810210510601,0.0605336579338375,-4.69979996132065
"Clothes_No+Fur_Brown",2,2495,-0.0588280845365266,0.0485985573194129,-0.154081256882576,0.0364250878095226,-5.71311510401481
"Clothes_No+Fur_Brown",2,2496,-0.0489902693384618,0.0541152442553555,-0.155056148078959,0.057075609402035,-4.78096049041199
"Clothes_No+Fur_Brown",2,2497,-0.0515192475392946,0.0579427670331039,-0.165087070924178,0.0620485758455891,-5.02146312449405
"Clothes_No+Fur_Brown",2,2498,-0.0574999229862339,0.0459918147649576,-0.147643879925551,0.032644033953083,-5.58780369031926
"Clothes_No+Fur_Brown",2,2499,-0.0506825312675618,0.059897082145125,-0.168080812272007,0.0667157497368832,-4.94195978099269
"Clothes_No+Fur_Brown",2,2500,-0.0548220925803248,0.0438306466114234,-0.140730159938715,0.0310859747780651,-5.33464503365702
"Clothes_No+Fur_Brown",2,2502,-0.0532762546041382,0.0537608540358583,-0.15864752851442,0.0520950193061441,-5.18819456773829
"Clothes_No+Fur_Brown",2,2503,-0.0539562301537592,0.051472181748373,-0.15484170638057,0.0469292460730519,-5.25264236330183
"Clothes_No+Fur_Brown",2,2504,-0.0553333231653308,0.0450140851812475,-0.143560930120576,0.0328942837899143,-5.38302848985118
"Clothes_No+Fur_Brown",2,2505,-0.0563927816866233,0.0482190000076857,-0.150902021701687,0.0381164583284406,-5.48321816380307
"Clothes_No+Fur_Brown",2,2506,-0.0623349569408561,0.0435689921121377,-0.147730181480646,0.0230602675989337,-6.04318807856984
"Clothes_No+Fur_Brown",2,2508,-0.0541318472532581,0.0484330047077557,-0.149060536480459,0.0407968419739431,-5.26928015845175
"Clothes_No+Fur_Brown",2,2510,-0.0517667135437606,0.0595371438235774,-0.168459515437972,0.0649260883504511,-5.04496417554913
"Clothes_No+Fur_Brown",2,2512,-0.0463363039913438,0.0556008214419859,-0.155313914017636,0.0626413060349486,-4.52791682313228
"Clothes_No+Fur_Brown",2,2513,-0.0533001171598503,0.0453849923315294,-0.142254702129648,0.0356544678099473,-5.19045699273385
"Clothes_No+Fur_Brown",2,2514,-0.0508118822310274,0.0612382181329861,-0.17083878977168,0.0692150253096253,-4.95425483487449
"Clothes_No+Fur_Brown",2,2516,-0.0472959621007013,0.0569191025879641,-0.158857403173111,0.0642654789717083,-4.61949343382361
"Clothes_No+Fur_Brown",2,2517,-0.0483024714879675,0.0545173777764498,-0.155156531929809,0.0585515889538741,-4.71544651210714
"Clothes_No+Fur_Brown",2,2518,-0.0526676887059641,0.0613220077864949,-0.172858823967494,0.067523446555566,-5.13047777575352
"Clothes_No+Fur_Brown",2,2519,-0.0520337839161346,0.0612461194180835,-0.172076177975578,0.0680086101433092,-5.07032046621784
"Clothes_No+Fur_Brown",2,2520,-0.0484736937974533,0.0555240015735022,-0.157300736881518,0.060353349286611,-4.73175995676096
"Clothes_No+Fur_Brown",2,2521,-0.0525033871532496,0.0530848740350844,-0.156549740262015,0.0515429659555158,-5.11488928537527
"Clothes_No+Fur_Brown",2,2522,-0.058344625432065,0.0446528613901193,-0.145864233756699,0.0291749828925689,-5.66752023034021
"Clothes_No+Fur_Brown",2,2523,-0.0555101545526346,0.0451654361967141,-0.144034409498194,0.0330141003929251,-5.39975826096788
"Clothes_No+Fur_Brown",2,2524,-0.0546738075883622,0.0453030401594915,-0.143467766300966,0.0341201511242412,-5.32060654143356
"Clothes_No+Fur_Brown",2,2525,-0.0529915535599135,0.0445200471573101,-0.140250845988241,0.0342677388684142,-5.16119770489172
"Clothes_No+Fur_Brown",2,2526,-0.0486926943985302,0.0512874237441841,-0.149216044937131,0.0518306561400707,-4.75262147416816
"Clothes_No+Fur_Brown",2,2527,-0.0537212605208639,0.0476189393514248,-0.147054381649657,0.0396118606079288,-5.23037699571995
"Clothes_No+Fur_Brown",2,2528,-0.0564956501980041,0.0493880357239797,-0.153296200217004,0.0403048998209961,-5.4929404643832
"Clothes_No+Fur_Brown",2,2529,-0.0532603776050756,0.0550972158882624,-0.16125092074607,0.0547301655359187,-5.18668922884221
"Clothes_No+Fur_Brown",2,2530,-0.0516087041063558,0.0436765648027941,-0.137214771119832,0.0339973629071207,-5.02995919832697
"Clothes_No+Fur_Brown",2,2531,-0.0590100320194984,0.0443360248892827,-0.145908640802492,0.0278885767634956,-5.73026880481522
"Clothes_No+Fur_Brown",2,2532,-0.0562281266880221,0.0468589526602938,-0.148071673902198,0.0356154205261537,-5.4676542219168
"Clothes_No+Fur_Brown",2,2533,-0.0558753048330495,0.0465827261840286,-0.147177448153746,0.0354268384876466,-5.43429525978506
"Clothes_No+Fur_Brown",2,2534,-0.0579556491633291,0.0447329690699891,-0.145632268540508,0.0297209702138495,-5.63081999704164
"Clothes_No+Fur_Brown",2,2536,-0.0589498489806211,0.0479168024990998,-0.152866781878857,0.0349670839176145,-5.72459519519193
"Clothes_No+Fur_Brown",2,2537,-0.054453451668306,0.0413808153333852,-0.135559849721741,0.0266529463851289,-5.29974107774784
"Clothes_No+Fur_Brown",2,2538,-0.0500453122333866,0.0549481006427924,-0.15774358949326,0.0576529650264866,-4.88136768524565
"Clothes_No+Fur_Brown",2,2540,-0.0495214534523405,0.0599737912760263,-0.167070084353352,0.068027177448671,-4.83152590057803
"Clothes_No+Fur_Brown",2,2541,-0.0567972013276081,0.0454778641374645,-0.145933815037038,0.0323394123818223,-5.52143487846442
"Clothes_No+Fur_Brown",2,2542,-0.0529222777433076,0.0466694015695417,-0.144394304819609,0.0385497493329941,-5.15462744183925
"Clothes_No+Fur_Brown",2,2543,-0.0589815501921958,0.0476763830788482,-0.152427261026738,0.0344641606423468,-5.7275837923746
"Clothes_No+Fur_Brown",2,2544,-0.053293788887679,0.0490186718799484,-0.149370385772378,0.0427828079970199,-5.18985701024284
"Clothes_No+Fur_Brown",2,2545,-0.0516314735781086,0.0531920793342446,-0.155887949073228,0.0526250019170109,-5.03212159137
"Clothes_No+Fur_Brown",2,2546,-0.0564235483369912,0.0460860809232878,-0.146752266946635,0.0339051702726528,-5.48612608385002
"Clothes_No+Fur_Brown",2,2547,-0.0521409881626951,0.0577210888265931,-0.165274322262818,0.0609923459374273,-5.08049678550643
"Clothes_No+Fur_Brown",2,2548,-0.0508401829295623,0.0539477663876197,-0.156577805049297,0.0548974391901724,-4.95694465779333
"Clothes_No+Fur_Brown",2,2549,-0.0497169497141023,0.0561110517805248,-0.159694611203931,0.0602607117757262,-4.85012916300865
"Clothes_No+Fur_Brown",2,2550,-0.0566919013245807,0.0466204890226543,-0.148068059808983,0.0346842571598217,-5.51148576145927
"Clothes_No+Fur_Brown",2,2551,-0.0549993234121044,0.0569599488847195,-0.166640823226155,0.0566421764019457,-5.35142116659051
"Clothes_No+Fur_Brown",2,2552,-0.0559415734972456,0.045176071698539,-0.144486674026382,0.0326035270318909,-5.4405617950772
"Clothes_No+Fur_Brown",2,2553,-0.0538117322788935,0.0540663319626591,-0.159781742925705,0.0521582783679184,-5.23895058228139
"Clothes_No+Fur_Brown",2,2555,-0.0492716259230853,0.057222310768648,-0.161427355029635,0.0628841031834647,-4.80774722567066
"Clothes_No+Fur_Brown",2,2556,-0.0580024689874977,0.0473621460012717,-0.15083227514999,0.0348273371749949,-5.63523824202476
"Clothes_No+Fur_Brown",2,2557,-0.0558050978594697,0.0486514392254517,-0.151161918741355,0.0395517230224157,-5.42765585478727
"Clothes_No+Fur_Brown",2,2558,-0.0517744189313221,0.0527798579842741,-0.155222940580499,0.051674102717855,-5.0456958380822
"Clothes_No+Fur_Brown",2,2559,-0.0464716788538079,0.0518808816135958,-0.148158206816456,0.0552148491088399,-4.54084046847343
"Clothes_No+Fur_Brown",2,2560,-0.0573892418307623,0.0485455053869502,-0.152538432389185,0.0377599487276601,-5.57735346103003
"Clothes_No+Fur_Brown",2,2561,-0.058806572233656,0.0473439439566571,-0.151600702388704,0.0339875579213919,-5.71108675417303
"Clothes_No+Fur_Brown",2,2562,-0.0563200990412593,0.0485908799918825,-0.151558223825349,0.0389180257428304,-5.47634818440681
"Clothes_No+Fur_Brown",2,2563,-0.0533529568182042,0.0600234940713759,-0.170999005198101,0.0642930915616926,-5.19546656424186
"Clothes_No+Fur_Brown",2,2564,-0.0504022785393823,0.0588563158002996,-0.165760657507969,0.0649561004292049,-4.91531577253227
"Clothes_No+Fur_Brown",2,2565,-0.0490626171704454,0.0585542972038633,-0.163829039690017,0.0657038053491266,-4.7878491322919
"Clothes_No+Fur_Brown",2,2566,-0.0483962431004099,0.0558960291992279,-0.157952460330897,0.0611599741300767,-4.72438107941761
"Clothes_No+Fur_Brown",2,2567,-0.0574546961843529,0.0435358689716541,-0.142784999368795,0.0278756070000892,-5.5835336320618
"Clothes_No+Fur_Brown",2,2568,-0.0539170573444968,0.0439055053060835,-0.13997184774442,0.0321377330554269,-5.24893077043673
"Clothes_No+Fur_Brown",2,2569,-0.0447244679471888,0.0576960663375688,-0.157808757968824,0.068359822074446,-4.37390739262488
"Clothes_No+Fur_Brown",2,2570,-0.0562187383336849,0.0480803946980404,-0.150456311941844,0.0380188352744743,-5.46676671459219
"Clothes_No+Fur_Brown",2,2571,-0.05837988638304,0.0419515948203487,-0.140605012230924,0.0238452394648434,-5.67084642464198
"Clothes_No+Fur_Brown",2,2572,-0.0561675332797681,0.0442098605007098,-0.142818859861159,0.0304837933016232,-5.4619260113517
"Clothes_No+Fur_Brown",2,2573,-0.050526824038168,0.0552039592136956,-0.158726584097011,0.0576729360206754,-4.92715740452997
"Clothes_No+Fur_Brown",2,2574,-0.0552672562775968,0.0456726923404599,-0.144785733264898,0.0342512207097045,-5.37677723451846
"Clothes_No+Fur_Brown",2,2575,-0.0520814574730745,0.0543477644572265,-0.158603075809238,0.0544401608630896,-5.07484599382553
"Clothes_No+Fur_Brown",2,2576,-0.0535462301042463,0.0463708636829886,-0.144433122922904,0.0373406627144113,-5.21378797737379
"Clothes_No+Fur_Brown",2,2578,-0.0608385036798003,0.0445088540997715,-0.148075857715352,0.0263988503557518,-5.90248084633133
"Clothes_No+Fur_Brown",2,2580,-0.0577091437823857,0.0466384830944945,-0.149120570647595,0.0337022830828235,-5.60755461897305
"Clothes_No+Fur_Brown",2,2581,-0.0565915409376956,0.0458223606953726,-0.146403367900626,0.0332202860252347,-5.50200238174422
"Clothes_No+Fur_Brown",2,2583,-0.0550951343942817,0.0446774883669603,-0.142663011593524,0.0324727428049605,-5.36048910547922
"Clothes_No+Fur_Brown",2,2585,-0.0580045927149107,0.044420118263001,-0.145068024510393,0.0290588390805713,-5.63543864684333
"Clothes_No+Fur_Brown",2,2586,-0.0573230141132531,0.048744770825939,-0.152862764932093,0.0382167367055873,-5.57109985758992
"Clothes_No+Fur_Brown",2,2587,-0.0557806068473918,0.0476855873762275,-0.149244358104798,0.0376831444100142,-5.42533965400164
"Clothes_No+Fur_Brown",2,2588,-0.0536145715813909,0.0412834034460139,-0.134530042335578,0.0273008991727963,-5.22026558576917
"Clothes_No+Fur_Brown",2,2589,-0.0575464885706389,0.0420051158424262,-0.139876515621794,0.0247835384805165,-5.59219994705745
"Clothes_No+Fur_Brown",2,2590,-0.0567581554125417,0.0470335330178972,-0.14894388012762,0.0354275693025368,-5.51774580441392
"Clothes_No+Fur_Brown",2,2591,-0.0479650535176445,0.0525789364334324,-0.151019768927172,0.055089661891883,-4.68329036674054
"Clothes_No+Fur_Brown",2,2592,-0.0556027281977857,0.0404903485646746,-0.134963811384548,0.0237583549889765,-5.40851534483401
"Clothes_No+Fur_Brown",2,2593,-0.049972628596923,0.0559460726824548,-0.159626931054534,0.0596816738606884,-4.87445386589584
"Clothes_No+Fur_Brown",2,2594,-0.0538944300817055,0.0474863983854548,-0.146967770917197,0.0391789107537859,-5.24678678883739
"Clothes_No+Fur_Brown",2,2595,-0.0585813145162801,0.0440911970881311,-0.145000060809017,0.0278374317764569,-5.68984505646307
"Clothes_No+Fur_Brown",2,2596,-0.0497490601617974,0.0591448593625324,-0.165672984512361,0.066174864188766,-4.85318441890628
"Clothes_No+Fur_Brown",2,2598,-0.0552516534624606,0.0484178623978315,-0.15015066376221,0.0396473568372892,-5.3753008343481
"Clothes_No+Fur_Brown",2,2599,-0.0506519298585566,0.0544042468541994,-0.157284253692787,0.0559803939756741,-4.93905082651589
"Clothes_No+Fur_Brown",2,2600,-0.0565059724125186,0.0446704104396188,-0.144059976874171,0.0310480320491341,-5.4939159814901
"Clothes_No+Fur_Brown",2,2601,-0.0516970681850192,0.0530779294259212,-0.155729809859825,0.0523356734897863,-5.03835076772093
"Clothes_No+Fur_Brown",2,2602,-0.0535960243860356,0.0603857484861543,-0.171952091418898,0.0647600426468268,-5.21850767121711
"Clothes_No+Fur_Brown",2,2603,-0.057084684861259,0.0425737862831086,-0.140529305976152,0.0263599362536338,-5.54859200641923
"Clothes_No+Fur_Brown",2,2604,-0.0463198636549407,0.0576182682496345,-0.159251669424224,0.0666119421143429,-4.52634721706537
"Clothes_No+Fur_Brown",2,2606,-0.0552141078942776,0.0446958706046844,-0.142818014279459,0.0323897984909039,-5.37174802955815
"Clothes_No+Fur_Brown",2,2607,-0.0574529032347114,0.0452529176714491,-0.146148621870752,0.0312428154013288,-5.58336434794051
"Clothes_No+Fur_Brown",2,2608,-0.0528198926544078,0.0508800528212711,-0.152544796184099,0.0469050108752837,-5.14491619280309
"Clothes_No+Fur_Brown",2,2609,-0.0551925784242657,0.0479653034273251,-0.149204573141823,0.0388194162932915,-5.36971071151398
"Clothes_No+Fur_Brown",2,2610,-0.0587239873247705,0.044984029915638,-0.146892685959421,0.0294447113098801,-5.70329959131708
"Clothes_No+Fur_Brown",2,2611,-0.0581438900078629,0.0438086593707264,-0.144008862374487,0.0277210823587608,-5.64858245932045
"Clothes_No+Fur_Brown",2,2612,-0.054384131579115,0.0560283571502345,-0.164199711593575,0.0554314484353446,-5.29317621981731
"Clothes_No+Fur_Brown",2,2613,-0.0564218626894356,0.0477629806617532,-0.150037304786472,0.0371935794076006,-5.48596676663521
"Clothes_No+Fur_Brown",2,2614,-0.0514401818078574,0.0548057949982234,-0.158859540004375,0.0559791763886605,-5.0139532801234
"Clothes_No+Fur_Brown",2,2615,-0.0570190552890901,0.0435792220449171,-0.142434330497128,0.0283962199189473,-5.54239299750494
"Clothes_No+Fur_Brown",2,2616,-0.0554532353759637,0.0462706438229026,-0.146143697268853,0.0352372265169255,-5.39437353984974
"Clothes_No+Fur_Brown",2,2617,-0.0545090353623359,0.0605411736830252,-0.173169735781065,0.0641516650563935,-5.30500472167659
"Clothes_No+Fur_Brown",2,2618,-0.0492689119529479,0.0470538926460949,-0.141494541539294,0.0429567176333981,-4.80748887638873
"Clothes_No+Fur_Brown",2,2619,-0.0554128369916967,0.0481327332157333,-0.149752994094534,0.0389273201111405,-5.39055154819756
"Clothes_No+Fur_Brown",2,2620,-0.0493838800697351,0.0585926947360731,-0.164225561752438,0.0654578016129682,-4.81843235103747
"Clothes_No+Fur_Brown",2,2622,-0.058032572475141,0.0489049724213787,-0.153886318421043,0.0378211734707613,-5.63807890770713
"Clothes_No+Fur_Brown",2,2623,-0.0573234007139629,0.0458209624495113,-0.147132487115005,0.0324856856870792,-5.57113636386269
"Clothes_No+Fur_Brown",2,2625,-0.0569858719918897,0.0449581123545871,-0.14510377220688,0.031132028223101,-5.53925853065325
"Clothes_No+Fur_Brown",2,2626,-0.0517814413950452,0.0562775492898187,-0.16208543800309,0.0585225552129995,-5.0463626488972
"Clothes_No+Fur_Brown",2,2627,-0.0471176646648464,0.052185294022391,-0.149400840948733,0.0551655116190401,-4.60248581791022
"Clothes_No+Fur_Brown",2,2628,-0.0552363400280218,0.0527771920945392,-0.158679636533319,0.0482069564772751,-5.37385179412626
"Clothes_No+Fur_Brown",2,2629,-0.0597876050335224,0.047324263939871,-0.15254316235567,0.0329679522886247,-5.80354191254442
"Clothes_No+Fur_Brown",2,2630,-0.0478602648390087,0.0564288886243233,-0.158460886542682,0.0627403568646649,-4.67330173134736
"Clothes_No+Fur_Brown",2,2631,-0.0511389485819842,0.0620780386946037,-0.172811904423407,0.070534007259439,-4.98533601683816
"Clothes_No+Fur_Brown",2,2632,-0.0579288528918919,0.0453447689122928,-0.146804599959986,0.0309468941762019,-5.62829122099824
"Clothes_No+Fur_Brown",2,2633,-0.0520655174796886,0.0504364915610317,-0.150921040939311,0.0467900059799335,-5.073332875439
"Clothes_No+Fur_Brown",2,2635,-0.0560393689403691,0.0489153343079634,-0.151913424183977,0.0398346863032392,-5.44980882507189
"Clothes_No+Fur_Brown",2,2636,-0.0563841622589697,0.047963582785337,-0.15039278451823,0.0376244600002908,-5.48240347972894
"Clothes_No+Fur_Brown",2,2637,-0.051996202788857,0.0505677527520949,-0.151108998182963,0.0471165926052491,-5.06675283481147
"Clothes_No+Fur_Brown",2,2639,-0.0636646048213081,0.0456165307097326,-0.153073005012384,0.0257437953697678,-6.16803453508838
"Clothes_No+Fur_Brown",2,2641,-0.0544336416343143,0.0482372145701009,-0.148978582191712,0.0401112989230835,-5.29786504381748
"Clothes_No+Fur_Brown",2,2642,-0.0547141685041806,0.0431440876874494,-0.139276580371582,0.0298482433632202,-5.32442781134719
"Clothes_No+Fur_Brown",2,2643,-0.0475237763571844,0.0552592714345723,-0.155831948368946,0.0607843956545773,-4.64121999810546
"Clothes_No+Fur_Brown",2,2644,-0.0580257822228414,0.0498616123767804,-0.155754542481331,0.0397029780356482,-5.63743816428003
"Clothes_No+Fur_Brown",2,2645,-0.0596757764091713,0.0424736188697545,-0.14292406939389,0.0235725165755474,-5.79300746320224
"Clothes_No+Fur_Brown",2,2646,-0.0445403133997298,0.057336890971943,-0.156920619704738,0.0678399929052784,-4.35629579123702
"Clothes_No+Fur_Brown",2,2647,-0.0542818012256712,0.0517990677232492,-0.15580797396324,0.0472443715118972,-5.28348434118812
"Clothes_No+Fur_Brown",2,2649,-0.0578500352755149,0.0490014425145904,-0.153892862604112,0.0381927920530822,-5.6208527747224
"Clothes_No+Fur_Brown",2,2650,-0.0551017336158826,0.0529539619103361,-0.158891498960141,0.0486880317283762,-5.36111365052305
"Clothes_No+Fur_Brown",2,2651,-0.0488544725046009,0.0502366044914336,-0.147318217307811,0.0496092722986089,-4.76802916832688
"Clothes_No+Fur_Brown",2,2652,-0.0562546463548011,0.0470126068430255,-0.148399355767131,0.0358900630575288,-5.470161154985
"Clothes_No+Fur_Brown",2,2653,-0.045027395411445,0.0559638003555072,-0.154716444108239,0.064661653285349,-4.40287077525164
"Clothes_No+Fur_Brown",2,2654,-0.0581673893504833,0.045367508326112,-0.147087705669663,0.0307529269686961,-5.65079962955684
"Clothes_No+Fur_Brown",2,2655,-0.0526559492336595,0.0436310589365047,-0.138172824749209,0.0328609262818898,-5.12936405108755
"Clothes_No+Fur_Brown",2,2656,-0.0469024763140312,0.0542548791469228,-0.153242039442,0.0594370868139375,-4.58195517526318
"Clothes_No+Fur_Brown",2,2657,-0.0610645645346125,0.0474538232386169,-0.154074058082302,0.0319449290130765,-5.92375020777132
"Clothes_No+Fur_Brown",2,2658,-0.0543455172940882,0.0439865001350694,-0.140559057558824,0.0318680229706479,-5.28951911292205
"Clothes_No+Fur_Brown",2,2660,-0.0542866706810718,0.0477697009184727,-0.147915284481278,0.0393419431191346,-5.28394555791388
"Clothes_No+Fur_Brown",2,2662,-0.0548043450158308,0.0450333667598635,-0.143069743865163,0.0334610538335016,-5.33296493925565
"Clothes_No+Fur_Brown",2,2663,-0.0576245062973548,0.0444776190123708,-0.144800639561601,0.0295516269668918,-5.59956514169023
"Clothes_No+Fur_Brown",2,2664,-0.0591590094110557,0.0476259210548126,-0.152505814678488,0.034187795856377,-5.74431181739983
"Clothes_No+Fur_Brown",2,2665,-0.0539184551587704,0.0452364277876968,-0.142581853622656,0.0347449433051153,-5.24906321474117
"Clothes_No+Fur_Brown",2,2666,-0.0528225860043054,0.0576138971349517,-0.165745824388811,0.0601006523802,-5.1451716703893
"Clothes_No+Fur_Brown",2,2667,-0.0550349618901878,0.0473475060492545,-0.147836073746727,0.037766149966351,-5.35479423778696
"Clothes_No+Fur_Brown",2,2668,-0.0581108427105084,0.0482379321043579,-0.15265718963505,0.036435504214033,-5.64546434844688
"Clothes_No+Fur_Brown",2,2669,-0.0522993550541005,0.0463633752888552,-0.143171570620257,0.0385728605120557,-5.09552770193308
"Clothes_No+Fur_Brown",2,2670,-0.0573607434189862,0.0467153959054086,-0.148922919393587,0.0342014325556147,-5.57466252722448
"Clothes_No+Fur_Brown",2,2672,-0.0588170202151178,0.0412921074978334,-0.139749550910871,0.0221155104806356,-5.7120718778444
"Clothes_No+Fur_Brown",2,2673,-0.0528260868693004,0.0452664182802246,-0.141548266698541,0.0358960929599398,-5.14550374375614
"Clothes_No+Fur_Brown",2,2674,-0.0566621406352525,0.0424280742293009,-0.139821166124682,0.0264968848541772,-5.50867367629734
"Clothes_No+Fur_Brown",2,2675,-0.0559250125272096,0.045645145695662,-0.145389498090707,0.0335394730362879,-5.4389957860872
"Clothes_No+Fur_Brown",2,2676,-0.0546979072779954,0.0474183047878223,-0.147637784662127,0.0382419701061364,-5.32288825793613
"Clothes_No+Fur_Brown",2,2677,-0.057253285129999,0.0485663878144149,-0.152443405246252,0.0379368349862542,-5.564515196825
"Clothes_No+Fur_Brown",2,2679,-0.0590549210716401,0.0425396954419087,-0.142432724137781,0.0243228819945009,-5.73450038871762
"Clothes_No+Fur_Brown",2,2681,-0.0530636365704714,0.0456275857693649,-0.142493704678427,0.0363664315374837,-5.16803372489545
"Clothes_No+Fur_Brown",2,2682,-0.057145594301253,0.04820010832507,-0.15161780661839,0.0373266180158842,-5.55434481358484
"Clothes_No+Fur_Brown",2,2683,-0.055295505026915,0.0460554563097709,-0.145564199394066,0.0349731893402359,-5.37945018446412
"Clothes_No+Fur_Brown",2,2684,-0.0509101043975745,0.0543483354417478,-0.1574328418634,0.0556126330682511,-4.96358997541932
"Clothes_No+Fur_Brown",2,2685,-0.0535555849002867,0.0563629288021332,-0.164026925352468,0.0569157555518945,-5.21467467890723
"Clothes_No+Fur_Brown",2,2686,-0.0512779970127562,0.055480140223915,-0.16001907185163,0.0574630778261171,-4.99854673827902
"Clothes_No+Fur_Brown",2,2687,-0.052025455691254,0.0449948842255359,-0.140215428773304,0.0361645173907964,-5.0695298672067
"Clothes_No+Fur_Brown",2,2688,-0.0595625051755575,0.0430285428024371,-0.143898449068334,0.0247734387172192,-5.78233591656433
"Clothes_No+Fur_Brown",2,2689,-0.0571133613546987,0.0479463594483801,-0.151088225873524,0.0368615031641262,-5.55130050276565
"Clothes_No+Fur_Brown",2,2690,-0.0575223277338945,0.0461625419282512,-0.148000909913267,0.032956254445478,-5.58991894805766
"Clothes_No+Fur_Brown",2,2691,-0.0562655436468067,0.0490251307444254,-0.15235479990588,0.039823712612267,-5.4711912686294
"Clothes_No+Fur_Brown",2,2692,-0.05654168414397,0.0522542322940971,-0.1589599794404,0.0458766111524604,-5.4972908971207
"Clothes_No+Fur_Brown",2,2695,-0.0592971231029482,0.0430688368973196,-0.143712043421694,0.0251177972157982,-5.75732891953588
"Clothes_No+Fur_Brown",2,2696,-0.0506413929805562,0.048578217769809,-0.145854699809382,0.0445719138482693,-4.93804917561471
"Clothes_No+Fur_Brown",2,2697,-0.0593556445552112,0.0411269054135927,-0.139964379165853,0.0212530900554305,-5.76284397613651
"Clothes_No+Fur_Brown",2,2699,-0.0589213464256298,0.0484081585848097,-0.153801337251857,0.0359586444005971,-5.72190806698733
"Clothes_No+Fur_Brown",2,2700,-0.0561096111540745,0.0448949419662481,-0.144103697407921,0.0318844750997717,-5.45645000655791
"Clothes_No+Fur_Brown",2,2701,-0.0506258274613251,0.0580799869204899,-0.164462601825485,0.0632109469028351,-4.93656947547489
"Clothes_No+Fur_Brown",2,2702,-0.0481796770199456,0.0576587998754185,-0.161190924775766,0.0648315707358745,-4.70374537764829
"Clothes_No+Fur_Brown",2,2703,-0.0486403879374372,0.0583928824078146,-0.163090437456754,0.0658096615818794,-4.74763929057004
"Clothes_No+Fur_Brown",2,2704,-0.0469206566461124,0.0594830037194257,-0.163507343936187,0.0696660306439619,-4.58368989123572
"Clothes_No+Fur_Brown",2,2705,-0.0516395307519607,0.056226091381417,-0.161842669859538,0.0585636083556166,-5.03288676099415
"Clothes_No+Fur_Brown",2,2706,-0.0545673605352329,0.0443892155088066,-0.141570222932494,0.032435501862028,-5.31052766258387
"Clothes_No+Fur_Brown",2,2707,-0.0516548173717679,0.058065842499717,-0.165463868671213,0.0621542339276773,-5.03433847605249
"Clothes_No+Fur_Brown",2,2708,-0.0481672992187698,0.0529268178532757,-0.15190386221119,0.0555692637736506,-4.70256581225559
"Clothes_No+Fur_Brown",2,2709,-0.0503111839047421,0.0559490680943173,-0.159971357369604,0.0593489895601199,-4.9066536734333
"Clothes_No+Fur_Brown",2,2710,-0.0546023100665169,0.0480009348491427,-0.148684142370837,0.0394795222378028,-5.31383695743011
"Clothes_No+Fur_Brown",2,2711,-0.0565124564481629,0.0467445995091453,-0.148131871486088,0.0351069585897619,-5.49452876032084
"Clothes_No+Fur_Brown",2,2713,-0.0501436717540254,0.0591471087543091,-0.166072004912471,0.0657846614044204,-4.8907230482219
"Clothes_No+Fur_Brown",2,2714,-0.0558291762130672,0.0489926035320341,-0.151854679135854,0.0401963267097196,-5.4299329737154
"Clothes_No+Fur_Brown",2,2715,-0.0536634845214377,0.0488478069238535,-0.149405186092191,0.0420782170493152,-5.22490142785896
"Clothes_No+Fur_Brown",2,2716,-0.054871129371285,0.047917343583817,-0.148789122795566,0.0390468640529964,-5.33928700506505
"Clothes_No+Fur_Brown",2,2718,-0.0573361391941033,0.0460757675089551,-0.147644643511655,0.0329723651234486,-5.5723392364054
"Clothes_No+Fur_Brown",2,2719,-0.0558254839170128,0.0459892179910265,-0.145964351179425,0.0343133833453992,-5.42958379238541
"Clothes_No+Fur_Brown",2,2720,-0.0484975083342552,0.0564718310595047,-0.159182297210884,0.062187280542374,-4.7340286987549
"Clothes_No+Fur_Brown",2,2721,-0.0549952963180921,0.0432077141571082,-0.139682416066024,0.02969182342984,-5.35104000709792
"Clothes_No+Fur_Brown",2,2723,-0.0553820220268125,0.0487910185297004,-0.151012418345025,0.0402483742914004,-5.38763611644657
"Clothes_No+Fur_Brown",2,2724,-0.0474977012657168,0.0550556044898159,-0.155406686065756,0.0604112835343224,-4.63873347677667
"Clothes_No+Fur_Brown",2,2725,-0.0549933135342945,0.0469002964544841,-0.146917894585083,0.0369312675164944,-5.35085233848754
"Clothes_No+Fur_Brown",2,2726,-0.0572279362418453,0.0466897352610797,-0.148739817353562,0.0342839448698708,-5.56212133194222
"Clothes_No+Fur_Brown",2,2727,-0.0551750012811195,0.0444656713233401,-0.142327717074866,0.031977714512627,-5.3680473667548
"Clothes_No+Fur_Brown",2,2728,-0.0591640354325539,0.0472766791294527,-0.151826326526281,0.0334982556611734,-5.74478554732446
"Clothes_No+Fur_Brown",2,2729,-0.0546735819189648,0.0496287702285349,-0.151945971566893,0.0425988077289637,-5.32058517518949
"Clothes_No+Fur_Brown",2,2730,-0.0549887532756537,0.0467830886154582,-0.146683606961952,0.0367061004106443,-5.35042071290991
"Clothes_No+Fur_Brown",2,2731,-0.0550334216346934,0.0434933748747008,-0.140280436389107,0.0302135931197202,-5.3546484598765
"Clothes_No+Fur_Brown",2,2733,-0.0511948101504872,0.0574762935262452,-0.163848345461928,0.0614587251609533,-4.99064353675448
"Clothes_No+Fur_Brown",2,2736,-0.0451252362154944,0.0540262693094153,-0.151016724061948,0.0607662516309596,-4.41222361768753
"Clothes_No+Fur_Brown",2,2737,-0.0576142820802283,0.0509323708208066,-0.157441728889009,0.0422131647285526,-5.59859996621332
"Clothes_No+Fur_Brown",2,2739,-0.0556215728613096,0.0447952050540049,-0.143420174767159,0.0321770290445401,-5.41029787273893
"Clothes_No+Fur_Brown",2,2740,-0.055711070955317,0.0440701226104354,-0.14208851127177,0.0306663693611363,-5.4187630919759
"Clothes_No+Fur_Brown",2,2741,-0.0584396244428425,0.0453784469810645,-0.147381380525729,0.030502131640044,-5.67648129694954
"Clothes_No+Fur_Brown",2,2742,-0.0549768621565891,0.0463994270562799,-0.145919739186898,0.0359660148737194,-5.34929521680151
"Clothes_No+Fur_Brown",2,2743,-0.0485817137211111,0.0600650615478236,-0.166309234354845,0.0691458069126232,-4.74205026898807
"Clothes_No+Fur_Brown",2,2744,-0.0585878714066463,0.044458451565486,-0.145726436474999,0.0285506936617064,-5.69046343578213
"Clothes_No+Fur_Brown",2,2746,-0.0554112257673413,0.0438054617669887,-0.141269930830639,0.0304474792959566,-5.39039911102716
"Clothes_No+Fur_Brown",2,2747,-0.0553217993200313,0.0464473728713831,-0.146358650147942,0.0357150515078795,-5.38193813222624
"Clothes_No+Fur_Brown",2,2749,-0.0575890497627107,0.0454411172203841,-0.146653639514664,0.0314755399892422,-5.59621797006205
"Clothes_No+Fur_Brown",2,2750,-0.0513860481344776,0.0597539522967999,-0.168503794636205,0.0657316983672502,-5.00881119731597
"Clothes_No+Fur_Brown",2,2751,-0.0540037317217563,0.0435714628083704,-0.139403798826162,0.0313963353826497,-5.25714290446093
"Clothes_No+Fur_Brown",2,2754,-0.0571537827945088,0.0485504607819772,-0.152312685927184,0.0380051203381664,-5.55511817802904
"Clothes_No+Fur_Brown",2,2755,-0.0581451027329096,0.0464816857812116,-0.149249206864084,0.0329590013982651,-5.64869688157832
"Clothes_No+Fur_Brown",2,2756,-0.0599202497405644,0.0500771924624193,-0.158071546966906,0.0382310474857774,-5.8160357454931
"Clothes_No+Fur_Brown",2,2757,-0.0563407029897286,0.0471970859395375,-0.148846991431222,0.0361655854517648,-5.47829572479438
"Clothes_No+Fur_Brown",2,2760,-0.0567537508096806,0.0445946404817391,-0.144159246153889,0.030651744534528,-5.51732964669026
"Clothes_No+Fur_Brown",2,2761,-0.0561487334347789,0.044568198138978,-0.143502401787176,0.0312049349176181,-5.46014869350854
"Clothes_No+Fur_Brown",2,2762,-0.0604437117818314,0.0485441840898641,-0.155590312597965,0.0347028890343022,-5.86532457413547
"Clothes_No+Fur_Brown",2,2763,-0.0506833775899007,0.0574617271810454,-0.16330836286475,0.0619416076849483,-4.94204023070156
"Clothes_No+Fur_Brown",2,2764,-0.0520436663245476,0.0454061978395397,-0.141039814090045,0.0369524814409502,-5.07125859544602
"Clothes_No+Fur_Brown",2,2765,-0.0564229395867679,0.0415573497702651,-0.137875345136488,0.0250294659629517,-5.48606854849065
"Clothes_No+Fur_Brown",2,2766,-0.0584842000677326,0.0453345668214604,-0.147339951037795,0.0303715509023298,-5.68068573302919
"Clothes_No+Fur_Brown",2,2767,-0.0570978933035141,0.0430646338801381,-0.141504575708585,0.0273087891015566,-5.54983955414853
"Clothes_No+Fur_Brown",2,2768,-0.0489227480638297,0.0553916245630065,-0.157490332207322,0.059644836079663,-4.77453096243253
"Clothes_No+Fur_Brown",2,2769,-0.0584981384425555,0.0445096012180635,-0.14573695682996,0.0287406799448489,-5.68200038182242
"Clothes_No+Fur_Brown",2,2771,-0.0583057330947622,0.045653538471044,-0.147786668498008,0.0311752023084839,-5.66385134837316
"Clothes_No+Fur_Brown",2,2773,-0.0478825266197074,0.0533305280617458,-0.152410361620729,0.0566453083813145,-4.67542384977778
"Clothes_No+Fur_Brown",2,2774,-0.0555898008400902,0.047322721009994,-0.148342334019678,0.037162732339498,-5.40729251897297
"Clothes_No+Fur_Brown",2,2775,-0.0477192891426238,0.0574051230677374,-0.160233330355389,0.0647947520701417,-4.65986203636193
"Clothes_No+Fur_Brown",2,2776,-0.0534470259726912,0.0465026007966301,-0.144592123534086,0.0376980715887037,-5.20438432709391
"Clothes_No+Fur_Brown",2,2777,-0.0480674269446337,0.059334999667882,-0.164364026293682,0.068229172404415,-4.69304776549735
"Clothes_No+Fur_Brown",2,2778,-0.0473505264485182,0.06002837953213,-0.165006150331493,0.0703050974344566,-4.62469766697475
"Clothes_No+Fur_Brown",2,2779,-0.0506838647969672,0.0614195890113263,-0.171066259259167,0.0696985296652324,-4.94208654360001
"Clothes_No+Fur_Brown",2,2780,-0.0544621547657512,0.0457313973230384,-0.144095693518906,0.0351713839874041,-5.30056525974285
"Clothes_No+Fur_Brown",2,2781,-0.0531535293988506,0.0557319368306571,-0.162388125586938,0.0560810667892372,-5.17655805542085
"Clothes_No+Fur_Brown",2,2782,-0.055075524798406,0.0494775610843339,-0.1520515445237,0.0419004949268885,-5.35863324472041
"Clothes_No+Fur_Brown",2,2783,-0.050048782413942,0.0567956176905187,-0.161368193087359,0.0612706282594746,-4.88169776350126
"Clothes_No+Fur_Brown",2,2785,-0.0503380834363164,0.0590483657227243,-0.166072880252856,0.0653967133802233,-4.90921160550157
"Clothes_No+Fur_Brown",2,2786,-0.0470476828286393,0.0553872881216775,-0.155606767547127,0.0615114018898487,-4.59580949109009
"Clothes_No+Fur_Brown",2,2787,-0.0491840462408603,0.0584686189770058,-0.163782539435792,0.065414446954071,-4.7994099533399
"Clothes_No+Fur_Brown",2,2788,-0.0548036969202695,0.0512241902392469,-0.155203109789193,0.0455957159486544,-5.33290358595054
"Clothes_No+Fur_Brown",2,2789,-0.0532569171217836,0.046137192871571,-0.143685815150063,0.0371719809064956,-5.18636112839673
"Clothes_No+Fur_Brown",2,2790,-0.0509182531614798,0.0539458902288244,-0.156652198009976,0.0548156916870161,-4.96436440153171
"Clothes_No+Fur_Brown",2,2792,-0.0545307388989351,0.044473489384349,-0.141698778092259,0.032637300294389,-5.30705991566981
"Clothes_No+Fur_Brown",2,2793,-0.0520885540765833,0.0538375214567911,-0.157610096131894,0.0534329879787273,-5.07551963761622
"Clothes_No+Fur_Brown",2,2795,-0.0508017017632623,0.051276563377341,-0.151303765982851,0.049700362456326,-4.95328721980425
"Clothes_No+Fur_Brown",2,2796,-0.0529520292419433,0.0480141707466377,-0.147059803905353,0.0411557454214667,-5.15744919183567
"Clothes_No+Fur_Brown",2,2797,-0.0568438012049006,0.046070919947029,-0.147142804301078,0.0334552018912763,-5.52583746542505
"Clothes_No+Fur_Brown",2,2800,-0.0495821700535244,0.0543585540205487,-0.1561249359338,0.0569605958267512,-4.83730403144919
"Clothes_No+Fur_Brown",2,2801,-0.054202572384466,0.0462891361259445,-0.144929279191317,0.0365241344223851,-5.27597976412393
"Clothes_No+Fur_Brown",2,2802,-0.0530410274392446,0.054535236252717,-0.15993009049457,0.0538480356160808,-5.16588963228749
"Clothes_No+Fur_Brown",2,2803,-0.0574851361550833,0.0451213329761471,-0.145922948788332,0.0309526764781651,-5.58640762279219
"Clothes_No+Fur_Brown",2,2804,-0.0548220816197395,0.0444689381243632,-0.141981200343491,0.0323370371040125,-5.33464399606931
"Clothes_No+Fur_Brown",2,2806,-0.0569797631281865,0.049496242860034,-0.153992399133853,0.0400328728774802,-5.53868148109575
"Clothes_No+Fur_Brown",2,2807,-0.0579022879417821,0.0480611727676332,-0.152102186566343,0.036297610682779,-5.62578420796355
"Clothes_No+Fur_Brown",2,2808,-0.0543951252167004,0.0446130184698245,-0.141836641417556,0.0330463909841555,-5.29421738659169
"Clothes_No+Fur_Brown",2,2809,-0.0581132769165848,0.044384983653798,-0.145107844878029,0.0288812910448592,-5.64569402655136
"Clothes_No+Fur_Brown",2,2810,-0.0508939518930279,0.0612946757477473,-0.171031516358613,0.0692436125725568,-4.96205488697657
"Clothes_No+Fur_Brown",2,2811,-0.0570647095472341,0.0429589790930261,-0.141264308569565,0.0271348894750969,-5.54670529104067
"Clothes_No+Fur_Brown",2,2812,-0.0463422680136503,0.0564684741474955,-0.157020477342741,0.0643359413154409,-4.52848621906806
"Clothes_No+Fur_Brown",2,2813,-0.0580910043967615,0.0467131917202591,-0.149648860168469,0.0334668513749462,-5.64359249499804
"Clothes_No+Fur_Brown",2,2814,-0.0574909259256193,0.0476160482868821,-0.150818380567908,0.0358365287166695,-5.58695425424509
"Clothes_No+Fur_Brown",2,2815,-0.0511847310005717,0.0469706118435293,-0.143247130213889,0.0408776682127457,-4.98968591838133
"Clothes_No+Fur_Brown",2,2816,-0.0505346614096242,0.0584881600363127,-0.165171455080797,0.0641021322615487,-4.9279025227929
"Clothes_No+Fur_Brown",2,2817,-0.0538568650212358,0.0440636371782049,-0.140221593890517,0.0325078638480459,-5.24322731179785
"Clothes_No+Fur_Brown",2,2818,-0.0554948879512252,0.0547796777614126,-0.162863056363594,0.0518732804611435,-5.39831402575977
"Clothes_No+Fur_Brown",2,2819,-0.0539327817523306,0.0425778726926063,-0.137385412229839,0.0295198487251777,-5.25042066317811
"Clothes_No+Fur_Brown",2,2820,-0.0615553195527661,0.043724530022214,-0.147255398396306,0.0241447592907732,-5.96990727261396
"Clothes_No+Fur_Brown",2,2822,-0.0520744593892928,0.045040851255123,-0.140354527849334,0.0362056090707483,-5.0741816973204
"Clothes_No+Fur_Brown",2,2823,-0.0549665328663801,0.0411117537738666,-0.135545570263159,0.0256125045303985,-5.34831753715396
"Clothes_No+Fur_Brown",2,2824,-0.0543027481294798,0.0500649658562113,-0.152430081207654,0.0438245849486943,-5.28546833815133
"Clothes_No+Fur_Brown",2,2825,-0.0592641942939535,0.042373077843489,-0.142315426867192,0.0237870382792849,-5.75422556952618
"Clothes_No+Fur_Brown",2,2826,-0.057384180198558,0.043017961854595,-0.141699385433564,0.0269310250364483,-5.57687552711194
"Clothes_No+Fur_Brown",2,2827,-0.0503491884298539,0.0587689105198815,-0.165536253048822,0.0648378761891138,-4.91026758222886
"Clothes_No+Fur_Brown",2,2828,-0.0484310575586727,0.0558477389634971,-0.157892625927127,0.0610305108097815,-4.72769799073741
"Clothes_No+Fur_Brown",2,2829,-0.0484623201581428,0.0574007054061076,-0.160967702754114,0.064043062437828,-4.730676403999
"Clothes_No+Fur_Brown",2,2830,-0.0561822908238195,0.0460192440406248,-0.146380009143444,0.0340154274958051,-5.46332115084868
"Clothes_No+Fur_Brown",2,2831,-0.0457313894842589,0.053769992069721,-0.151120573940912,0.0596577949723943,-4.47014690382747
"Clothes_No+Fur_Brown",2,2833,-0.0555013955803459,0.0416777190169579,-0.137189724853583,0.0261869336928916,-5.39892965644313
"Clothes_No+Fur_Brown",2,2835,-0.0526324595930035,0.0464532112698824,-0.143680753681973,0.038415834495966,-5.12713554776704
"Clothes_No+Fur_Brown",2,2836,-0.048410341548243,0.0593206234459954,-0.164678763502394,0.067858080405908,-4.72572430829198
"Clothes_No+Fur_Brown",2,2837,-0.0469616670571299,0.0560838622257156,-0.156886037019532,0.0629627029052726,-4.58760287309401
"Clothes_No+Fur_Brown",2,2838,-0.0451650985107103,0.058289479407669,-0.159412478149742,0.069082281128321,-4.41603388990511
"Clothes_No+Fur_Brown",2,2839,-0.0462834417026513,0.0542827656237435,-0.152677662325189,0.060110778919886,-4.52286981691234
"Clothes_No+Fur_Brown",2,2840,-0.0518519508451759,0.0568601400314592,-0.163297825306836,0.0595939236164841,-5.05305754162536
"Clothes_No+Fur_Brown",2,2841,-0.0500192832113281,0.057223145226313,-0.162176647854902,0.0621380814322454,-4.87889180804477
"Clothes_No+Fur_Brown",2,2842,-0.0500769022445808,0.0562525012423549,-0.160331804679596,0.0601780001904348,-4.88437243644494
"Clothes_No+Fur_Brown",2,2843,-0.048587584245914,0.0524677992335405,-0.151424470743653,0.0542493022518254,-4.7426094815032
"Clothes_No+Fur_Brown",2,2844,-0.02930210837301,0.0514137995294748,-0.130073155450781,0.0714689387047606,-2.88769642551217
"Clothes_No+Fur_Brown",2,2845,-0.0483023294742631,0.0584853115975507,-0.162933540205463,0.0663288812569363,-4.71543298039376
"Clothes_No+Fur_Brown",2,2846,-0.058566292246169,0.0470023406126833,-0.150690879847028,0.0335582953546903,-5.68842829319982
"Clothes_No+Fur_Brown",2,2847,-0.0492921215933358,0.059064281264593,-0.165058112871938,0.0664738696852665,-4.80969823470023
"Clothes_No+Fur_Brown",2,2848,-0.0473295179804763,0.0585871743054091,-0.162160379619078,0.0675013436581254,-4.62269395693634
"Clothes_No+Fur_Brown",2,2850,-0.0502150948973359,0.049981436747366,-0.148178710922173,0.0477485211275016,-4.89751580915673
"Clothes_No+Fur_Brown",2,2852,-0.0506770142589635,0.0537486690968446,-0.156024405688779,0.054670377170852,-4.94143534352079
"Clothes_No+Fur_Brown",2,2853,-0.0510011980207162,0.0582490530274953,-0.165169341954607,0.0631669459131745,-4.97224679204246
"Clothes_No+Fur_Brown",2,2854,-0.0564240144043007,0.0495291856759951,-0.153501218329251,0.0406531895206497,-5.48617013366668
"Clothes_No+Fur_Brown",2,2856,-0.0481846930101421,0.0510167942153164,-0.148177609672162,0.0518082236518781,-4.7042233815284
"Clothes_No+Fur_Brown",2,2857,-0.0530857482534679,0.056332389700214,-0.163497232065887,0.0573257355589515,-5.1701305960889
"Clothes_No+Fur_Brown",2,2858,-0.0482711361860945,0.0597007234322639,-0.165284554113332,0.0687422817411428,-4.71246069507926
"Clothes_No+Fur_Brown",2,2859,-0.0502572266908002,0.058679027107024,-0.165268119820567,0.0647536664389668,-4.90152256297215
"Clothes_No+Fur_Brown",2,2860,-0.0488493305752086,0.060014508928238,-0.166477768074555,0.0687791069241379,-4.76753949099803
"Clothes_No+Fur_Brown",2,2861,-0.0542153725111197,0.0454914672618367,-0.14337864834432,0.0349479033220802,-5.27719223582018
"Clothes_No+Fur_Brown",2,2862,-0.0555890926788951,0.045116359224145,-0.144017156758219,0.0328389714004292,-5.40722553206449
"Clothes_No+Fur_Brown",2,2864,-0.0537108174098285,0.0449513301364544,-0.141815424477279,0.034393789657622,-5.2293873008564
"Clothes_No+Fur_Brown",2,2866,-0.054434206171215,0.0482850733583021,-0.149072949953487,0.0402045376110571,-5.29791850665216
"Clothes_No+Fur_Brown",2,2867,-0.0507400808041021,0.0495188521358328,-0.147797030990334,0.0463168693821303,-4.94743016974104
"Clothes_No+Fur_Brown",2,2868,-0.0569233681275799,0.0493903611723879,-0.15372847602546,0.0398817397703003,-5.53335418476555
"Clothes_No+Fur_Brown",2,2869,-0.0528118018911425,0.0484152574616866,-0.147705706516048,0.0420821027337632,-5.14414873967086
"Clothes_No+Fur_Brown",2,2870,-0.0551618848547267,0.0471142628987213,-0.147505840136221,0.0371820704267671,-5.36680612557338
"Clothes_No+Fur_Brown",2,2871,-0.053584776825703,0.0461989451355415,-0.144134709291364,0.0369651556399582,-5.21744160466843
"Clothes_No+Fur_Brown",2,2872,-0.0570219990304301,0.045538543567598,-0.146277544422922,0.0322335463620619,-5.54267105585828
"Clothes_No+Fur_Brown",2,2873,-0.0586700941832919,0.0458066689593018,-0.148451165343523,0.0311109769769396,-5.69821750895753
"Clothes_No+Fur_Brown",2,2874,-0.0592608549391233,0.0472713814597631,-0.151912762600259,0.0333910527220123,-5.75391084891864
"Clothes_No+Fur_Brown",2,2876,-0.0562234365610124,0.0466981019857792,-0.14775171645314,0.0353048433311149,-5.46721085216884
"Clothes_No+Fur_Brown",2,2877,-0.0515937259710881,0.0443732864647657,-0.138565367442029,0.0353779154998526,-5.02853671355641
"Clothes_No+Fur_Brown",2,2879,-0.0567798177638302,0.0397755429446941,-0.134739881935431,0.0211802464077702,-5.51979249002674
"Clothes_No+Fur_Brown",2,2880,-0.0568256024149908,0.0438770103573944,-0.142824542715484,0.0291733378855023,-5.52411813434436
"Clothes_No+Fur_Brown",2,2881,-0.0591513544454335,0.0460927962713582,-0.149493235137296,0.0311905262464286,-5.74359029058545
"Clothes_No+Fur_Brown",2,2883,-0.0489214171259538,0.0585541336511432,-0.163687519082194,0.0658446848302868,-4.7744042231647
"Clothes_No+Fur_Brown",2,2884,-0.0518793655404321,0.0549116870261234,-0.159506272111634,0.0557475410307697,-5.05566044743927
"Clothes_No+Fur_Brown",2,2885,-0.0548686426826779,0.045475236017665,-0.144000105277301,0.0342628199119455,-5.33905161305583
"Clothes_No+Fur_Brown",2,2886,-0.0513284146538239,0.0559900780515668,-0.161068967634895,0.0584121383272469,-5.00333636670859
"Clothes_No+Fur_Brown",2,2888,-0.0532646079185377,0.0568962934693065,-0.164781343118378,0.058252127281303,-5.1870903180188
"Clothes_No+Fur_Brown",2,2889,-0.0544106106096016,0.0529850403983792,-0.158261289790425,0.0494400685712216,-5.29568393149044
"Clothes_No+Fur_Brown",2,2891,-0.054165153328096,0.0521045572635897,-0.156290085564732,0.0479597789085398,-5.27243521435469
"Clothes_No+Fur_Brown",2,2892,-0.0528394000864432,0.0555303544061923,-0.16167889472258,0.0560000945496937,-5.14676655385572
"Clothes_No+Fur_Brown",2,2893,-0.0504582050649191,0.0579082982249475,-0.163958469585816,0.063042059455978,-4.92063337985383
"Clothes_No+Fur_Brown",2,2894,-0.0491930663054974,0.052914487047276,-0.152905460918158,0.0545193283071635,-4.80026866494279
"Clothes_No+Fur_Brown",2,2895,-0.0487981419929609,0.0562507946501223,-0.159049699507201,0.0614534155212788,-4.76266455159106
"Clothes_No+Fur_Brown",2,2896,-0.0485738926528098,0.0564231334991824,-0.159163234311207,0.0620154490055877,-4.74130524714356
"Clothes_No+Fur_Brown",2,2897,-0.0531024068541412,0.0574789338406758,-0.165761117181866,0.0595563034735834,-5.1717103158572
"Clothes_No+Fur_Brown",2,2898,-0.0493605334013794,0.0582521400203117,-0.16353472784119,0.0648136610384316,-4.81621015260363
"Clothes_No+Fur_Brown",2,2899,-0.0457505924286557,0.0560991892583674,-0.155705003375056,0.0642038185177443,-4.47198134067136
"Clothes_No+Fur_Brown",2,2901,-0.0450542122401726,0.0584873302584936,-0.15968937954682,0.0695809550664747,-4.40543435271925
"Clothes_No+Fur_Brown",2,2902,-0.0495532483749023,0.0552239940861559,-0.157792276783768,0.0586857800339632,-4.83455172673913
"Clothes_No+Fur_Brown",2,2903,-0.0534992313399039,0.0539418633602358,-0.159225283525966,0.0522268208461583,-5.20933303784452
"Clothes_No+Fur_Brown",2,2904,-0.0489031164305129,0.0578256585982727,-0.162241407283127,0.0644351744221017,-4.77266151259185
"Clothes_No+Fur_Brown",2,2905,-0.0563543573149436,0.046501530659459,-0.147497357407483,0.0347886427775961,-5.47958634607312
"Clothes_No+Fur_Brown",2,2906,-0.0583089876210319,0.0438100202682945,-0.144176627346889,0.0275586521048254,-5.66415836734753
"Clothes_No+Fur_Brown",2,2908,-0.0481414166105647,0.0540925702881069,-0.154162854375254,0.0578800211541247,-4.70009923418295
"Clothes_No+Fur_Brown",2,2909,-0.0528543525017298,0.052507470498966,-0.155768994679703,0.0500602896762435,-5.14818482819015
"Clothes_No+Fur_Brown",2,2910,-0.0543180017406265,0.0491634954432128,-0.150678452809324,0.0420424493280705,-5.28691306576856
"Clothes_No+Fur_Brown",2,2911,-0.0460133895506059,0.0577871668409936,-0.159276236558953,0.0672494574577415,-4.49708253063593
"Clothes_No+Fur_Brown",2,2912,-0.0492333067972384,0.0516609981975887,-0.150488863264512,0.0520222496700355,-4.80409947186802
"Clothes_No+Fur_Brown",2,2913,-0.0495954149216444,0.0512432863380094,-0.150032256144143,0.0508414263008541,-4.83856444046024
"Clothes_No+Fur_Brown",2,2914,-0.0525186808353815,0.0564517298451301,-0.163164071331837,0.0581267096610735,-5.11634041700099
"Clothes_No+Fur_Brown",2,2916,-0.0536778222551209,0.050108056469256,-0.151889612934863,0.0445339684246208,-5.22626027824065
"Clothes_No+Fur_Brown",2,2917,-0.046667470956317,0.0550102953204456,-0.15448764978439,0.0611527078717564,-4.55952878844942
"Clothes_No+Fur_Brown",2,2918,-0.0557078721122538,0.0446992911948617,-0.143318482854183,0.0319027386296751,-5.4184605409584
"Clothes_No+Fur_Brown",2,2919,-0.0549177543974973,0.0420238408043174,-0.137284482373959,0.0274489735789649,-5.34370046040018
"Clothes_No+Fur_Brown",2,2920,-0.0584562140889603,0.0471269765642913,-0.150825088154971,0.0339126599770506,-5.6780460777658
"Clothes_No+Fur_Brown",2,2921,-0.0533248388947033,0.0445892897881857,-0.140719846879547,0.0340701690901407,-5.19280082014575
"Clothes_No+Fur_Brown",2,2922,-0.0497551292893635,0.0577591429353649,-0.162963049442679,0.0634527908639517,-4.85376187531522
"Clothes_No+Fur_Brown",2,2923,-0.056850817448107,0.0455704749482081,-0.146168948346595,0.0324673134503808,-5.52650031680074
"Clothes_No+Fur_Brown",2,2924,-0.0577525194388785,0.0480170848263495,-0.151866005698523,0.0363609668207665,-5.61164886446348
"Clothes_No+Fur_Brown",2,2925,-0.0561989892305677,0.0460854128167404,-0.146526398351379,0.0341284198902436,-5.46489974958465
"Clothes_No+Fur_Brown",2,2926,-0.0542639867616749,0.0418282026715189,-0.136247263997852,0.0277192904745022,-5.28179700220058
"Clothes_No+Fur_Brown",2,2927,-0.0564623014169727,0.0424334407726879,-0.139631845331441,0.0267072424974955,-5.48978871659564
"Clothes_No+Fur_Brown",2,2928,-0.0561307173259576,0.0452606734817391,-0.144841637350166,0.032580202698251,-5.45844543791648
"Clothes_No+Fur_Brown",2,2929,-0.0533343610515813,0.0538600128566984,-0.15889998625071,0.0522312641475475,-5.19370358487137
"Clothes_No+Fur_Brown",2,2931,-0.0471586266311685,0.0532068881335415,-0.15144412737291,0.0571268741105729,-4.60639340764154
"Clothes_No+Fur_Brown",2,2932,-0.05617954397228,0.0461758680730838,-0.146684245395524,0.0343251574509642,-5.4630614722702
"Clothes_No+Fur_Brown",2,2933,-0.05047067593426,0.0602757470500973,-0.168611140152451,0.0676697882839307,-4.92181909481851
"Clothes_No+Fur_Brown",2,2934,-0.0464119646738556,0.0523876702134909,-0.149091798292298,0.0562678689445866,-4.53514003284634
"Clothes_No+Fur_Brown",2,2936,-0.0502120681981609,0.0565103069324686,-0.160972269785799,0.0605481333894775,-4.89722796211067
"Clothes_No+Fur_Brown",2,2937,-0.0584303492877594,0.0403113065926804,-0.137440510209413,0.0205798116338942,-5.67560642762832
"Clothes_No+Fur_Brown",2,2938,-0.0550341348047743,0.041436336320927,-0.136249353993791,0.0261810843842426,-5.35471595808544
"Clothes_No+Fur_Brown",2,2939,-0.0566220169176256,0.0440898206891783,-0.143038065468415,0.029794031633164,-5.50488225693933
"Clothes_No+Fur_Brown",2,2940,-0.0471062612235233,0.0603598217251162,-0.165411511804751,0.0711989893577045,-4.60139795175218
"Clothes_No+Fur_Brown",2,2941,-0.0559497405895689,0.045137687080865,-0.144419607268064,0.0325201260889266,-5.44133406758545
"Clothes_No+Fur_Brown",2,2943,-0.0465258018603852,0.0575104945533161,-0.159246371184885,0.0661947674641143,-4.54600686538089
"Clothes_No+Fur_Brown",2,2947,-0.0492594955337765,0.0556429025757825,-0.15831958458231,0.0598005935147572,-4.80659249958169
"Clothes_No+Fur_Brown",2,2948,-0.0565662770285855,0.0440207171037192,-0.142846882551875,0.0297143284947042,-5.49961496276367
"Clothes_No+Fur_Brown",2,2949,-0.0555457342011695,0.0459820109795589,-0.145670475721105,0.0345790073187659,-5.40312404444323
"Clothes_No+Fur_Brown",2,2950,-0.0576631738291767,0.04757229277906,-0.150904867676134,0.0355785200177809,-5.60321530293729
"Clothes_No+Fur_Brown",2,2952,-0.0560347838252075,0.0441389495995107,-0.142547125040248,0.0304775573898334,-5.44937530056292
"Clothes_No+Fur_Brown",2,2953,-0.0570824287032778,0.0444946513200434,-0.144291945290563,0.0301270878840073,-5.54837890888086
"Clothes_No+Fur_Brown",2,2954,-0.0572436672531955,0.0477044549174337,-0.150744398891365,0.0362570643849745,-5.56360692359847
"Clothes_No+Fur_Brown",2,2955,-0.0563343099598646,0.0447946250057693,-0.144131774971172,0.0314631550514431,-5.47769144278455
"Clothes_No+Fur_Brown",2,2956,-0.0566419144030828,0.0457130232106759,-0.146239439896008,0.032955611089842,-5.50676245346474
"Clothes_No+Fur_Brown",2,2957,-0.0594999232262501,0.044864378067422,-0.147434104238397,0.028434257785897,-5.77643940698119
"Clothes_No+Fur_Brown",2,2958,-0.0567315139605533,0.0479940226163446,-0.150799798288589,0.0373367703674821,-5.51522862644451
"Clothes_No+Fur_Brown",2,2959,-0.0459601177818361,0.053427462908128,-0.150677945081767,0.0587577095180948,-4.49199478578427
"Clothes_No+Fur_Brown",2,2961,-0.0558818612225498,0.0489446011082029,-0.151813279394628,0.040049556949528,-5.4349152673462
"Clothes_No+Fur_Brown",2,2962,-0.0509242358564525,0.0574941498563631,-0.163612769574924,0.0617642978620192,-4.96493296905025
"Clothes_No+Fur_Brown",2,2963,-0.0567226340381084,0.0452452202512998,-0.145403265730656,0.0319579976544392,-5.51438960527729
"Clothes_No+Fur_Brown",2,2964,-0.0520310232278731,0.0540948786618834,-0.158056985405165,0.0539949389494183,-5.07005839460414
"Clothes_No+Fur_Brown",2,2965,-0.0493904428034039,0.0559692171614757,-0.159090108439896,0.0603092228330884,-4.81905700026642
"Clothes_No+Fur_Brown",2,2966,-0.0552166253938442,0.0449337546126768,-0.143286784434691,0.0328535336470023,-5.37198625584161
"Clothes_No+Fur_Brown",2,2969,-0.0569602565817614,0.0513183440340079,-0.157544210888417,0.0436236977248941,-5.53683884902905
"Clothes_No+Fur_Brown",2,2971,-0.057005232782297,0.050358089680692,-0.155707088556453,0.0416966229918594,-5.54108734756683
"Clothes_No+Fur_Brown",2,2973,-0.0574346023349115,0.0461659318939632,-0.147919828847079,0.0330506241772563,-5.58163642274077
"Clothes_No+Fur_Brown",2,2974,-0.0494106576247253,0.0549309396612227,-0.157075299360722,0.0582539841112711,-4.82098104657518
"Clothes_No+Fur_Brown",2,2975,-0.0594221814995,0.0439408356878736,-0.145546219447732,0.0267018564487322,-5.76911401993971
"Clothes_No+Fur_Brown",2,2977,-0.0565156616034743,0.0429454025027329,-0.140688650508831,0.0276573273018822,-5.4948316645485
"Clothes_No+Fur_Brown",2,2979,-0.0564730179017243,0.0471497912750552,-0.148886608800832,0.0359405729973838,-5.49080152840683
"Clothes_No+Fur_Brown",2,2982,-0.0482289695708416,0.0563427787672746,-0.1586608159547,0.0622028768130166,-4.70844265735806
"Clothes_No+Fur_Brown",2,2983,-0.0505562136189116,0.0532927959781979,-0.15501009373618,0.0538976664983564,-4.92995151445489
"Clothes_No+Fur_Brown",2,2985,-0.0567971629813798,0.0452229888130491,-0.145434221054956,0.0318398950921965,-5.52143125556772
"Clothes_No+Fur_Brown",2,2986,-0.05417448080395,0.046756117206792,-0.145816470529262,0.0374675089213622,-5.27331877930721
"Clothes_No+Fur_Brown",2,2987,-0.0585130690211934,0.0442296316927053,-0.145203147138896,0.028177009096509,-5.68340859361995
"Clothes_No+Fur_Brown",2,2988,-0.0593374835250206,0.0461670875405578,-0.149824975104514,0.0311500080544726,-5.76113251676
"Clothes_No+Fur_Brown",2,2989,-0.0503194775984608,0.0587004307064779,-0.165372321783158,0.0647333665862359,-4.90744234525192
"Clothes_No+Fur_Brown",2,2990,-0.053696594406796,0.0489660375443077,-0.149670027993639,0.042276839180047,-5.22803936855879
"Clothes_No+Fur_Brown",2,2991,-0.0527333107949096,0.0520068328414051,-0.154666703164064,0.0492000815742445,-5.13670310771726
"Clothes_No+Fur_Brown",2,2992,-0.0586914812770081,0.045765926972934,-0.148392698143959,0.0310097355899426,-5.70023432845024
"Clothes_No+Fur_Brown",2,2993,-0.0507432700380968,0.0520258868200122,-0.152714008205321,0.0512274681291271,-4.94773331414463
"Clothes_No+Fur_Brown",2,2994,-0.0560238333699626,0.0495604780499341,-0.153162370347833,0.0411147036079081,-5.44833992250986
"Clothes_No+Fur_Brown",2,2995,-0.0537610280631041,0.0485744406055153,-0.148966931649914,0.041444875523706,-5.2341456757698
"Clothes_No+Fur_Brown",2,2996,-0.0566124788408688,0.0469516010828746,-0.148637616963303,0.0354126592815654,-5.50398095095479
"Clothes_No+Fur_Brown",2,2998,-0.0588676955054742,0.0488131446687488,-0.154541459056222,0.0368060680452734,-5.71684982491615
"Clothes_No+Fur_Brown",2,2999,-0.0578689349286928,0.0432233991162127,-0.14258679719647,0.0268489273390841,-5.62263649101632
"Clothes_No+Fur_Brown",2,3000,-0.0576529218914263,0.0485541399227798,-0.152819036140075,0.037513192357222,-5.60224754801607
"Clothes_No+Fur_Brown",2,3001,-0.0550731048157511,0.0432610697454492,-0.139864801516831,0.0297185918853293,-5.35840421397731
"Clothes_No+Fur_Brown",2,3002,-0.0531628785278593,0.0460305838658693,-0.143382822904963,0.0370570658492445,-5.17744456786857
"Clothes_No+Fur_Brown",2,3003,-0.0570547567995361,0.0445403250381119,-0.144353793874235,0.0302442802751633,-5.54576521655102
"Clothes_No+Fur_Brown",2,3005,-0.0584451329562828,0.0464706776105198,-0.149527661072902,0.0326373951603359,-5.67700087788899
"Clothes_No+Fur_Brown",2,3006,-0.0591409972067715,0.0446599388713155,-0.14667447739455,0.0283924829810069,-5.7426140493991
"Clothes_No+Fur_Brown",2,3007,-0.059838684864647,0.0431764620252167,-0.144464550434072,0.0247871807047778,-5.80835332883184
"Clothes_No+Fur_Brown",2,3009,-0.054399581155224,0.0453015268506183,-0.143190573782436,0.0343914114719878,-5.29463938879664
"Clothes_No+Fur_Brown",2,3010,-0.056558632616299,0.0438743776198981,-0.142552412751299,0.0294351475187013,-5.49889256009803
"Clothes_No+Fur_Brown",2,3012,-0.0587643683264826,0.0475000064806159,-0.15186438102849,0.0343356443755246,-5.70710730965747
"Clothes_No+Fur_Brown",2,3015,-0.0553772475694796,0.0429485966959019,-0.139556497093447,0.0288020019544881,-5.38718439267367
"Clothes_No+Fur_Brown",2,3017,-0.0561929636970981,0.0444418172175764,-0.143298925443548,0.0309129980493516,-5.4643301234579
"Clothes_No+Fur_Brown",2,3018,-0.0582590723897424,0.0446050030852605,-0.145684878436853,0.0291667336573682,-5.65944945447129
"Clothes_No+Fur_Brown",2,3019,-0.0587874452154611,0.0418188678661829,-0.140752426233179,0.0231775358022573,-5.70928327116623
"Clothes_No+Fur_Brown",2,3020,-0.0567822565609542,0.047328278689994,-0.149545682793343,0.035981169671434,-5.52002290780412
"Clothes_No+Fur_Brown",2,3022,-0.0566590019224765,0.0438253372546501,-0.142556662941591,0.0292386590966377,-5.50837709469875
"Clothes_No+Fur_Brown",2,3023,-0.0553260459184427,0.0416251831802974,-0.136911404951826,0.0262593131149402,-5.38233993628431
"Clothes_No+Fur_Brown",2,3025,-0.0558871093664321,0.0437614447778635,-0.141659541131045,0.0298853223981803,-5.43541155721482
"Clothes_No+Fur_Brown",2,3026,-0.0541292279336139,0.0452771690745166,-0.142872479319666,0.0346140234524386,-5.26903202809139
"Clothes_No+Fur_Brown",2,3027,-0.0559247135949852,0.047621432845747,-0.149262721972649,0.037413294782679,-5.43896751875164
"Clothes_No+Fur_Brown",2,3029,-0.0556256424128615,0.045411035314014,-0.144631271628329,0.0333799868026059,-5.41068280962476
"Clothes_No+Fur_Brown",2,3030,-0.059667497744767,0.0471638619862288,-0.152108667237775,0.0327736717482415,-5.79222755189818
"Clothes_No+Fur_Brown",2,3031,-0.0563158539847404,0.0516162726586684,-0.15748374839573,0.0448520404262497,-5.4759469253108
"Clothes_No+Fur_Brown",2,3032,-0.0581817542243835,0.0481354002152516,-0.152527138646277,0.0361636301975096,-5.65215493418832
"Clothes_No+Fur_Brown",2,3033,-0.050346982308722,0.0524041374834308,-0.153059091776246,0.0523651271588024,-4.91005780252934
"Clothes_No+Fur_Brown",2,3034,-0.0584000945900337,0.045773488436132,-0.148116131924852,0.0313159427447851,-5.67275262844242
"Clothes_No+Fur_Brown",2,3035,-0.0502534251983213,0.0547431181680234,-0.157549936807647,0.0570430864110046,-4.90116104613826
"Clothes_No+Fur_Brown",2,3036,-0.055331564134758,0.0454465505166571,-0.144406803147406,0.03374367487789,-5.3828620555592
"Clothes_No+Fur_Brown",2,3037,-0.0528318008686514,0.0542441112658031,-0.159150258949626,0.0534866572123227,-5.1460457407377
"Clothes_No+Fur_Brown",2,3038,-0.0544068344206889,0.0549351761107426,-0.162079779597744,0.0532661107563666,-5.29532630942688
"Clothes_No+Fur_Brown",2,3039,-0.049185549467109,0.0593713130604111,-0.165553323065515,0.0671822241312967,-4.79955306125819
"Clothes_No+Fur_Brown",2,3042,-0.0560642834235404,0.0500546383006478,-0.15417137449281,0.0420428076457294,-5.45216446487387
"Clothes_No+Fur_Brown",2,3044,-0.0581302416921975,0.0460770408834246,-0.14844124182371,0.0321807584393146,-5.64729471260261
"Clothes_No+Fur_Brown",2,3046,-0.0535053904800014,0.0565664649163313,-0.164375661716011,0.057364880756008,-5.20991686504433
"Clothes_No+Fur_Brown",2,3047,-0.0600588544293144,0.0445808470096614,-0.147437314568251,0.027319605709622,-5.82908917988932
"Clothes_No+Fur_Brown",2,3049,-0.0503791755796834,0.0597845184238571,-0.167556831690443,0.0667984805310765,-4.91311900952881
"Clothes_No+Fur_Brown",2,3050,-0.0510736314444908,0.0539257123399269,-0.156768027630748,0.0546207647417659,-4.9791297282806
"Clothes_No+Fur_Brown",2,3051,-0.0594069096994446,0.0503668705459854,-0.158125975969576,0.0393121565706869,-5.7676749337013
"Clothes_No+Fur_Brown",2,3052,-0.0514861331102898,0.0539514135521987,-0.157230903672599,0.0542586374520196,-5.01831791240205
"Clothes_No+Fur_Brown",2,3053,-0.0493109295173901,0.0575083543716576,-0.162027304085839,0.0634054450510589,-4.81148854983043
"Clothes_No+Fur_Brown",2,3054,-0.05725753658672,0.0509212173958345,-0.157063122682556,0.0425480495091155,-5.56491668434812
"Clothes_No+Fur_Brown",2,3055,-0.0510141684509833,0.0578744544893396,-0.164448099250089,0.0624197623481222,-4.97347933489556
"Clothes_No+Fur_Brown",2,3056,-0.0565557199028624,0.0491323751068218,-0.152855175112233,0.0397437353065082,-5.49861730505176
"Clothes_No+Fur_Brown",2,3057,-0.0546203232494678,0.0418361483132169,-0.136619173943373,0.0273785274444373,-5.31554254124637
"Clothes_No+Fur_Brown",2,3059,-0.0553031033776805,0.0444028496471233,-0.142332688686042,0.0317264819306811,-5.38016914185979
"Clothes_No+Fur_Brown",2,3060,-0.0551271656463233,0.0459736652167491,-0.145235549471151,0.034981218178505,-5.36352047895616
"Clothes_No+Fur_Brown",2,3062,-0.056157015915577,0.0452180921871532,-0.144784476602397,0.0324704447712432,-5.46093171476896
"Clothes_No+Fur_Brown",2,3063,-0.0491283504076863,0.0584824092778572,-0.163753872592286,0.0654971717769139,-4.7941075294985
"Clothes_No+Fur_Brown",2,3064,-0.0472219019754504,0.0555017532380167,-0.156005338321963,0.0615615343710624,-4.612429279978
"Clothes_No+Fur_Brown",2,3066,-0.0473508245553583,0.0586267501612679,-0.162259254871443,0.0675576057607268,-4.62472609900052
"Clothes_No+Fur_Brown",2,3067,-0.0529398823867131,0.0439810611603564,-0.139142762261012,0.0332629974875854,-5.15629714610449
"Clothes_No+Fur_Brown",2,3068,-0.0550896839138369,0.0473020146255512,-0.147801632579917,0.0376222647522435,-5.35997327327001
"Clothes_No+Fur_Brown",2,3069,-0.0510923974444078,0.056698660964385,-0.162221772934602,0.0600369780457869,-4.98091287319292
"Clothes_No+Fur_Brown",2,3070,-0.0575128342446061,0.0486797059455903,-0.152925057897963,0.037899389408751,-5.58902266271004
"Clothes_No+Fur_Brown",2,3071,-0.057245277228405,0.046985509244541,-0.149336875347705,0.0348463208908953,-5.56375896372782
"Clothes_No+Fur_Brown",2,3072,-0.0568686467335686,0.048934450439374,-0.152780169594742,0.0390428761276043,-5.52818469677947
"Clothes_No+Fur_Brown",2,3073,-0.0565056723978873,0.04789043946374,-0.150370933746818,0.0373595889510431,-5.49388762827789
"Clothes_No+Fur_Brown",2,3074,-0.0585586499297064,0.0471384012534578,-0.150949916386484,0.033832616527071,-5.68770753156861
"Clothes_No+Fur_Brown",2,3075,-0.0543350159055845,0.0486838411351576,-0.149755344530493,0.0410853127193243,-5.28852451614457
"Clothes_No+Fur_Brown",2,3076,-0.0558461233496906,0.047689514096914,-0.149317570979642,0.0376253242802608,-5.43153565198133
"Clothes_No+Fur_Brown",2,3079,-0.05028007684321,0.060242323125157,-0.168355030168518,0.0677948764820978,-4.90369555284885
"Clothes_No+Fur_Brown",2,3080,-0.0472621220033834,0.0552886119657773,-0.155627801456307,0.0611035574495402,-4.61626569358596
"Clothes_No+Fur_Brown",2,3081,-0.0519879778530598,0.0558076112016108,-0.161370895808217,0.0573949401020973,-5.06597201173742
"Clothes_No+Fur_Brown",2,3083,-0.0533169844906622,0.0542886974682893,-0.159722831528509,0.0530888625471848,-5.19205616317298
"Clothes_No+Fur_Brown",2,3084,-0.0529760242783858,0.0440881384658428,-0.139388775671438,0.0334367271146662,-5.15972491499548
"Clothes_No+Fur_Brown",2,3085,-0.0544285348936831,0.0634909273110373,-0.178870752423316,0.07001368263595,-5.29738142334218
"Clothes_No+Fur_Brown",2,3086,-0.0578194570252075,0.0484760799469753,-0.152832573721279,0.037193659670864,-5.61796678141065
"Clothes_No+Fur_Brown",2,3087,-0.0551827984368611,0.0474367010012822,-0.148158732399374,0.037793135525652,-5.36878522395101
"Clothes_No+Fur_Brown",2,3089,-0.0497285492042156,0.0537569685298052,-0.155092207522634,0.0556351091142025,-4.85123284659361
"Clothes_No+Fur_Brown",2,3090,-0.057001044875757,0.0427629252861821,-0.140816378436674,0.0268142886851599,-5.54069176164044
"Clothes_No+Fur_Brown",2,3091,-0.0591608928209791,0.0504703745011573,-0.158082826843247,0.0397610412012892,-5.7444893393311
"Clothes_No+Fur_Brown",2,3092,-0.0507038938068664,0.0560348708108606,-0.160532240596153,0.0591244529824203,-4.94399044042297
"Clothes_No+Fur_Brown",2,3093,-0.0603839689678531,0.0488222174006894,-0.156075515073204,0.0353075771374982,-5.85970053573632
"Clothes_No+Fur_Brown",2,3094,-0.0497859562323537,0.0584003588493485,-0.164250659577077,0.0646787471123693,-4.85669489776534
"Clothes_No+Fur_Brown",2,3095,-0.0546261057748402,0.0519646097074355,-0.156476740801414,0.0472245292517334,-5.31609005494099
"Clothes_No+Fur_Brown",2,3096,-0.0497698417690826,0.0569290876202238,-0.161350853504721,0.0618111699665561,-4.8551617021165
"Clothes_No+Fur_Brown",2,3098,-0.0535119831468037,0.0491865831559411,-0.149917686132448,0.0428937198388409,-5.21054178241867
"Clothes_No+Fur_Brown",2,3099,-0.0508637199496198,0.054832785269596,-0.158335979078028,0.0566085391787884,-4.95918166176692
"Clothes_No+Fur_Brown",2,3100,-0.0567778863206477,0.0470135356283274,-0.148924416152169,0.0353686435108741,-5.51961000669783
"Clothes_No+Fur_Brown",2,3101,-0.0561092030158936,0.0429963620523946,-0.140382072638587,0.0281636666067998,-5.45641141971753
"Clothes_No+Fur_Brown",2,3102,-0.0533075980751671,0.0470232862536293,-0.145473239132281,0.0388580429819464,-5.19116625224335
"Clothes_No+Fur_Brown",2,3103,-0.0584551090146984,0.0450284453408288,-0.146710861882723,0.0298006438533262,-5.67794184494459
"Clothes_No+Fur_Brown",2,3104,-0.0494004244542898,0.0511887909405331,-0.149730454697735,0.0509296057891551,-4.82000705846886
"Clothes_No+Fur_Brown",2,3105,-0.052517703929043,0.05406178884701,-0.158478810069183,0.0534434022110966,-5.11624772450725
"Clothes_No+Fur_Brown",2,3106,-0.0586412338218544,0.0445337932579708,-0.145927468607477,0.0286450009637683,-5.69549588615732
"Clothes_No+Fur_Brown",2,3107,-0.0521568403589292,0.0443709044341175,-0.1391238130498,0.0348101323319412,-5.08200145617162
"Clothes_No+Fur_Brown",2,3108,-0.0547619241466144,0.043520243758694,-0.140061601913655,0.0305377536204258,-5.32894899616294
"Clothes_No+Fur_Brown",2,3109,-0.059463179634495,0.0485755943174138,-0.154671344496626,0.0357449852276361,-5.77297723133107
"Clothes_No+Fur_Brown",2,3110,-0.0576666373639016,0.046764144194975,-0.149324359986053,0.0339910852582494,-5.60354224891282
"Clothes_No+Fur_Brown",2,3112,-0.055117192593782,0.0396921970988493,-0.132913898907527,0.0226795137199626,-5.36257665966721
"Clothes_No+Fur_Brown",2,3113,-0.0534800372307954,0.0450165395285961,-0.141712454706844,0.034752380245253,-5.20751359797916
"Clothes_No+Fur_Brown",2,3115,-0.05498222751411,0.0446308711926605,-0.142458735051725,0.0324942800235046,-5.34980305030991
"Clothes_No+Fur_Brown",2,3116,-0.0567083151956298,0.0463695663863994,-0.147592665312973,0.034176034921713,-5.51303667101934
"Clothes_No+Fur_Brown",2,3117,-0.0574064734636641,0.0452004698413813,-0.145999394352771,0.0311864474254431,-5.57898050339447
"Clothes_No+Fur_Brown",2,3118,-0.0580810218064535,0.0445197468474873,-0.145339725627529,0.0291776820146217,-5.64265056893756
"Clothes_No+Fur_Brown",2,3119,-0.0563489249645016,0.047214842164462,-0.148890015606847,0.0361921656778438,-5.47907287666756
"Clothes_No+Fur_Brown",2,3120,-0.0550766682163687,0.048681153719317,-0.15049172950623,0.0403383930734926,-5.35874145929732
"Clothes_No+Fur_Brown",2,3121,-0.0530338091976568,0.0464415569352343,-0.144059260790716,0.0379916423954025,-5.16520509429752
"Clothes_No+Fur_Brown",2,3122,-0.0582986767655309,0.0418581647085545,-0.140340679594298,0.0237433260632359,-5.66318567910128
"Clothes_No+Fur_Brown",2,3123,-0.0527344920850618,0.0476282165859858,-0.146085796593594,0.0406168124234703,-5.13681516872949
"Clothes_No+Fur_Brown",2,3124,-0.0518479746156864,0.0514237504971013,-0.152638525590005,0.0489425763586321,-5.05268001004224
"Clothes_No+Fur_Brown",2,3125,-0.0474716842100643,0.0562050406276855,-0.157633563840328,0.0626901954201994,-4.63625242512375
"Clothes_No+Fur_Brown",2,3127,-0.0503245674495245,0.0506487919398803,-0.14959619965169,0.0489470647526409,-4.90792635097589
"Clothes_No+Fur_Brown",2,3129,-0.0547097746777007,0.0422098536049363,-0.137441087743376,0.0280215383879744,-5.32401182239721
"Clothes_No+Fur_Brown",2,3130,-0.0498136606393809,0.0561686074929799,-0.159904131325621,0.0602768100468596,-4.85933075010326
"Clothes_No+Fur_Brown",2,3131,-0.0453313812328716,0.0584842978804474,-0.159960605078549,0.0692978426128054,-4.43192653061247
"Clothes_No+Fur_Brown",2,3132,-0.052244880664558,0.0570043843220861,-0.163973473935847,0.0594837126067308,-5.09035769792466
"Clothes_No+Fur_Brown",2,3133,-0.0564322168209814,0.041894406668572,-0.138545253891383,0.0256808202494197,-5.48694537230191
"Clothes_No+Fur_Brown",2,3134,-0.0484186901610375,0.0567927061802619,-0.159732394274351,0.0628950139522759,-4.72651971300875
"Clothes_No+Fur_Brown",2,3135,-0.0528293026876971,0.0453350785083352,-0.141686056564034,0.0360274511886399,-5.14580877809975
"Clothes_No+Fur_Brown",2,3136,-0.0538074602430524,0.046701403880975,-0.145342211849763,0.0377272913636586,-5.23854575881721
"Clothes_No+Fur_Brown",2,3137,-0.0534968264981262,0.0427122727418023,-0.137212881072059,0.0302192280758063,-5.20910508101436
"Clothes_No+Fur_Brown",2,3138,-0.0511107847732936,0.058952818730463,-0.166658309485001,0.0644367399384138,-4.98266000433577
"Clothes_No+Fur_Brown",2,3139,-0.0545555930738457,0.0504809981781781,-0.153498349503075,0.0443871633553833,-5.30941340131838
"Clothes_No+Fur_Brown",2,3140,-0.0474364590884857,0.0580486819378528,-0.161211875686677,0.0663389575097058,-4.63289316635644
"Clothes_No+Fur_Brown",2,3141,-0.0470698902487751,0.0594638481755246,-0.163619032672803,0.0694792521752531,-4.59792814850639
"Clothes_No+Fur_Brown",2,3142,-0.0573192870992098,0.0422951979677282,-0.140217875115957,0.0255793009175375,-5.57074791909715
"Clothes_No+Fur_Brown",2,3143,-0.0548856717588381,0.0478575596862626,-0.148686488743913,0.0389151452262365,-5.34066358783005
"Clothes_No+Fur_Brown",2,3144,-0.0567491785833645,0.043334993117541,-0.141685765093745,0.0281874079270159,-5.51689764955087
"Clothes_No+Fur_Brown",2,3145,-0.0564263064796309,0.0469792959012516,-0.148505726446084,0.0356531134868222,-5.48638676623621
"Clothes_No+Fur_Brown",2,3147,-0.0595250699082151,0.0424562500158448,-0.142739319939271,0.0236891801228406,-5.77880878710189
"Clothes_No+Fur_Brown",2,3148,-0.0573781125901031,0.0434997642800297,-0.142637650578961,0.027881425398755,-5.57630260282541
"Clothes_No+Fur_Brown",2,3149,-0.0516412160047867,0.0478050964077968,-0.145339204964068,0.042056772954495,-5.03304680445524
"Clothes_No+Fur_Brown",2,3150,-0.0546221852210077,0.044489789338754,-0.141822172324965,0.0325778018829501,-5.31571884084729
"Clothes_No+Fur_Brown",2,3151,-0.058085957565826,0.0447822213120584,-0.145859111337461,0.0296871962058085,-5.64311629296003
"Clothes_No+Fur_Brown",2,3152,-0.0551686674736758,0.0451039707412918,-0.143572450126608,0.0332351151792562,-5.36744798429061
"Clothes_No+Fur_Brown",2,3154,-0.0618172654140144,0.0483857804352834,-0.15665339506717,0.0330188642391411,-5.99453484055112
"Clothes_No+Fur_Brown",2,3155,-0.0498936077820348,0.0551986549472586,-0.158082971478662,0.0582957559145921,-4.86693667072011
"Clothes_No+Fur_Brown",2,3156,-0.0613389387063719,0.0447562247765479,-0.149061139268406,0.0263832618556619,-5.94955876012829
"Clothes_No+Fur_Brown",2,3157,-0.0565217036630848,0.0474614537302743,-0.149546152974422,0.0365027456482528,-5.49540266868407
"Clothes_No+Fur_Brown",2,3158,-0.0515467789788295,0.0455065998153147,-0.140739714616846,0.0376461566591874,-5.02407798434356
"Clothes_No+Fur_Brown",2,3159,-0.0495621157872712,0.0565241003736633,-0.160349352519651,0.0612251209451088,-4.83539559427077
"Clothes_No+Fur_Brown",2,3160,-0.0586836579703132,0.0456215231620873,-0.148101843368004,0.0307345274273779,-5.69949658957635
"Clothes_No+Fur_Brown",2,3161,-0.0562072299169597,0.04791147131534,-0.150113713695026,0.0376992538611067,-5.46567878048897
"Clothes_No+Fur_Brown",2,3162,-0.0556947908886884,0.0466152211735435,-0.147060624388834,0.0356710426114568,-5.41722329060322
"Clothes_No+Fur_Brown",2,3163,-0.0558964255794021,0.054621343297271,-0.162954258442053,0.051161407283249,-5.43629253695647
"Clothes_No+Fur_Brown",2,3164,-0.0485017811726676,0.0508527918362627,-0.148173253171742,0.0511696908264073,-4.73443575398682
"Clothes_No+Fur_Brown",2,3165,-0.0594404446432131,0.0452961981784792,-0.148220993073032,0.029340103786606,-5.77083495643769
"Clothes_No+Fur_Brown",2,3166,-0.0484159096807184,0.0543217429531575,-0.154886525868907,0.0580547065074704,-4.72625480660358
"Clothes_No+Fur_Brown",2,3168,-0.05545785192737,0.0466150285290908,-0.146823307844388,0.035907603989648,-5.39481029057948
"Clothes_No+Fur_Brown",2,3169,-0.0568677952862744,0.048441431062041,-0.151813000167875,0.0380774095953259,-5.52810425897371
"Clothes_No+Fur_Brown",2,3171,-0.0549572514860343,0.0455062999049216,-0.144149599299681,0.034235096327612,-5.34743903481179
"Clothes_No+Fur_Brown",2,3173,-0.0456253159264572,0.058377328428775,-0.160044879646856,0.0687942477939418,-4.46001317498245
"Clothes_No+Fur_Brown",2,3174,-0.0476240251210079,0.0569554602869255,-0.159256727283382,0.064008677041366,-4.65077911876735
"Clothes_No+Fur_Brown",2,3175,-0.0556473736608453,0.0478495591261984,-0.149432509548194,0.0381377622265036,-5.41273833119863
"Clothes_No+Fur_Brown",2,3176,-0.0489475517362793,0.0568062759456114,-0.160287852589678,0.0623927491171192,-4.77689287448323
"Clothes_No+Fur_Brown",2,3177,-0.0474746516864273,0.0549927890250507,-0.155260518175527,0.0603112148026721,-4.63653541437069
"Clothes_No+Fur_Brown",2,3178,-0.0514370081138694,0.0577879675120534,-0.164701424437494,0.0618274082097553,-5.01365182299962
"Clothes_No+Fur_Brown",2,3179,-0.0537698852558199,0.0484002441901097,-0.148634363868435,0.0410945933567951,-5.23498503148725
"Clothes_No+Fur_Brown",2,3181,-0.0522171075523988,0.0517622546237122,-0.153671126614875,0.0492369115100772,-5.08772172517961
"Clothes_No+Fur_Brown",2,3182,-0.0532631549034074,0.0458237974590749,-0.143077797923194,0.0365514881163793,-5.18695255332639
"Clothes_No+Fur_Brown",2,3183,-0.0569605800846409,0.0455868034289678,-0.146310714805418,0.0323895546361359,-5.53686940812875
"Clothes_No+Fur_Brown",2,3186,-0.0531532207519299,0.054070810718448,-0.159132009760088,0.0528255682562283,-5.17652878845296
"Clothes_No+Fur_Brown",2,3187,-0.053197999547045,0.0563617739055,-0.163667076401825,0.0572710773077349,-5.18077477417668
"Clothes_No+Fur_Brown",2,3188,-0.050585781208987,0.0617772590444644,-0.171669208936137,0.0704976465181632,-4.93276246512024
"Clothes_No+Fur_Brown",2,3189,-0.0498563801879399,0.0531138977503626,-0.153959619778651,0.0542468594027709,-4.8633950297305
"Clothes_No+Fur_Brown",2,3190,-0.0547072661587981,0.0434940687765978,-0.13995564096093,0.0305411086433335,-5.32377432559337
"Clothes_No+Fur_Brown",2,3191,-0.0595029657130349,0.0484662690685617,-0.154496853087416,0.0354909216613461,-5.77672608048301
"Clothes_No+Fur_Brown",2,3192,-0.0553042969253287,0.0468513556178482,-0.147132953936311,0.0365243600856539,-5.38028207506899
"Clothes_No+Fur_Brown",2,3193,-0.0480302931801923,0.0577719942551134,-0.161263401920214,0.0652028155598299,-4.68950859387246
"Clothes_No+Fur_Brown",2,3194,-0.0583172597711748,0.0388977952329208,-0.1345569384277,0.0179224188853499,-5.66493872436575
"Clothes_No+Fur_Brown",2,3195,-0.0548461282379197,0.0489754869617547,-0.150838082682959,0.0411458262071195,-5.33692035037061
"Clothes_No+Fur_Brown",2,3196,-0.0565514281320944,0.046867272710276,-0.148411282644235,0.0353084263800466,-5.49821172590963
"Clothes_No+Fur_Brown",2,3197,-0.0537255225329085,0.0456768045778503,-0.143252059505495,0.035801014439678,-5.23078090413392
"Clothes_No+Fur_Brown",2,3198,-0.0483925431869738,0.0525909622914397,-0.151470829278196,0.0546857429042481,-4.72402856722289
"Clothes_No+Fur_Brown",2,3199,-0.044525030716225,0.0577907831005063,-0.157794965593217,0.0687449041607674,-4.35483408760702
"Clothes_No+Fur_Brown",2,3200,-0.0573013595350378,0.0400884785248821,-0.135874777443807,0.0212720583737311,-5.56905501744601
"Clothes_No+Fur_Brown",2,3201,-0.0560340213534282,0.0434362513402074,-0.141169073980235,0.0291010312733782,-5.4493032083524
"Clothes_No+Fur_Brown",2,3202,-0.0572652610878114,0.043787553407922,-0.143088865767338,0.0285583435917157,-5.56564614543489
"Clothes_No+Fur_Brown",2,3203,-0.0572457060728854,0.0458385857442197,-0.147089334131556,0.0325979219857851,-5.56379946217984
"Clothes_No+Fur_Brown",2,3204,-0.0495358164034675,0.0604794183720587,-0.168075476412703,0.0690038436057676,-4.83289279090403
"Clothes_No+Fur_Brown",2,3205,-0.0605487841650384,0.0484787347336423,-0.155567104242977,0.0344695359129005,-5.87521500920999
"Clothes_No+Fur_Brown",2,3206,-0.0555588062501155,0.0471039470131054,-0.147882542395802,0.036764929895571,-5.40436061135361
"Clothes_No+Fur_Brown",2,3207,-0.0470778010550003,0.0550795679707533,-0.155033754277677,0.0608781521676762,-4.59868285282513
"Clothes_No+Fur_Brown",2,3208,-0.0547902307752268,0.0401447163637636,-0.133473874848203,0.0238934132977499,-5.3316287765161
"Clothes_No+Fur_Brown",2,3209,-0.0588336571282914,0.0451440994330659,-0.1473160920171,0.0296487777605176,-5.71364052486913
"Clothes_No+Fur_Brown",2,3210,-0.0459909164878868,0.0560083382484004,-0.155767259454752,0.0637854264789779,-4.49493626346528
"Clothes_No+Fur_Brown",2,3211,-0.0440724568337724,0.0580353033749143,-0.157821651448604,0.0696767377810596,-4.31153778688378
"Clothes_No+Fur_Brown",2,3212,-0.0584263332486268,0.046367490700639,-0.149306615021879,0.0324539485246256,-5.67522761641191
"Clothes_No+Fur_Brown",2,3213,-0.0472107515062678,0.0560631452692169,-0.157094516233933,0.0626730132213974,-4.61136565788034
"Clothes_No+Fur_Brown",2,3214,-0.0427278177093699,0.0543362696613865,-0.149226906245687,0.0637712708269475,-4.18278479308106
"Clothes_No+Fur_Brown",2,3215,-0.047908024517608,0.0515633617889971,-0.148972213624042,0.0531561645888263,-4.67785439510086
"Clothes_No+Fur_Brown",2,3216,-0.044890394187589,0.0579209969147596,-0.158415548140518,0.0686347597653398,-4.38977295436247
"Clothes_No+Fur_Brown",2,3217,-0.0531170694647764,0.0536886539157994,-0.158346831139743,0.0521126922101905,-5.17310073595242
"Clothes_No+Fur_Brown",2,3218,-0.057055535042386,0.0430677768821803,-0.141468377731459,0.0273573076466874,-5.54583872485528
"Clothes_No+Fur_Brown",2,3219,-0.0503406497367711,0.0540355572825214,-0.156250342010513,0.0555690425369707,-4.90945563672195
"Clothes_No+Fur_Brown",2,3220,-0.0584698472760412,0.0473304304594759,-0.151237490976614,0.0342977964245316,-5.67933197784397
"Clothes_No+Fur_Brown",2,3221,-0.050360427930596,0.0564935339509238,-0.161087754474407,0.0603668986132146,-4.91133633734079
"Clothes_No+Fur_Brown",2,3222,-0.0507266283907832,0.0558296781980227,-0.160152797658908,0.0586995408773412,-4.94615147468391
"Clothes_No+Fur_Brown",2,3223,-0.0572379937446662,0.0455667478745029,-0.146548819578692,0.0320728320893596,-5.56307113639698
"Clothes_No+Fur_Brown",2,3225,-0.0567061949647193,0.0438702208410149,-0.142691827813109,0.02927943788367,-5.51283633662668
"Clothes_No+Fur_Brown",2,3226,-0.0566037554821954,0.0444166173981901,-0.143660325582648,0.0304528146182571,-5.50315662469197
"Clothes_No+Fur_Brown",2,3227,-0.0585672159615003,0.0465743538865609,-0.14985294957916,0.032718517656159,-5.68851541020429
"Clothes_No+Fur_Brown",2,3228,-0.0581021302303376,0.0446061457953122,-0.14553017598915,0.0293259155284742,-5.64464228284488
"Clothes_No+Fur_Brown",2,3229,-0.0497894365582954,0.055459469840366,-0.158489997445413,0.0589111243288219,-4.85702602690204
"Clothes_No+Fur_Brown",2,3230,-0.055031466334687,0.0539960942130358,-0.160863810992237,0.0508008783228632,-5.35446339963911
"Clothes_No+Fur_Brown",2,3231,-0.0524865257120319,0.0532892794181772,-0.156933513371659,0.0519604619475953,-5.11328937217014
"Clothes_No+Fur_Brown",2,3232,-0.0507498983117676,0.0556352863885816,-0.159795059633388,0.0582952630098523,-4.94836334449325
"Clothes_No+Fur_Brown",2,3233,-0.0557412275669126,0.0451355804802432,-0.144206965308189,0.032724510174364,-5.42161529859492
"Clothes_No+Fur_Brown",2,3234,-0.0514712843839235,0.0474075286684578,-0.144390040574101,0.0414474718062538,-5.01690754492387
"Clothes_No+Fur_Brown",2,3235,-0.0569189691370358,0.0456839250199225,-0.146459462176084,0.0326215239020123,-5.53293862596986
"Clothes_No+Fur_Brown",2,3237,-0.0561816570823671,0.0430467246814771,-0.140553237458062,0.0281899232933281,-5.46326123901754
"Clothes_No+Fur_Brown",2,3238,-0.0572415259256443,0.0431115255948413,-0.141740116091533,0.0272570642402446,-5.56340470413162
"Clothes_No+Fur_Brown",2,3239,-0.0572626205706256,0.0456154466954882,-0.146668896093782,0.0321436549525313,-5.5653967895714
"Clothes_No+Fur_Brown",2,3240,-0.0553266022925633,0.0476613416383007,-0.148742831903633,0.038089627318506,-5.38239257908708
"Clothes_No+Fur_Brown",2,3241,-0.0563459640310381,0.0473440924332294,-0.149140385200168,0.0364484571380915,-5.4787930060771
"Clothes_No+Fur_Brown",2,3242,-0.0572018912472226,0.0486523982229577,-0.15256059176422,0.0381568092697746,-5.55966166586926
"Clothes_No+Fur_Brown",2,3244,-0.056628684212168,0.0403511105513394,-0.135716860892793,0.0224594924684571,-5.50551228162185
"Clothes_No+Fur_Brown",2,3245,-0.0518774703862059,0.0465191276126096,-0.143054960506921,0.0393000197345089,-5.05548051310241
"Clothes_No+Fur_Brown",2,3246,-0.0636145000669525,0.0445432407330979,-0.150919251903824,0.0236902517699193,-6.16333298972416
"Clothes_No+Fur_Brown",2,3247,-0.0505919537843886,0.0544081701349541,-0.157231967248899,0.0560480596801214,-4.93334927300109
"Clothes_No+Fur_Brown",2,3248,-0.0502423510130258,0.0604861438852524,-0.16879519302812,0.0683104910020689,-4.90010789814292
"Clothes_No+Fur_Brown",2,3249,-0.0548269329585173,0.0555797650485318,-0.16376327245364,0.0541094065366051,-5.3351032486678
"Clothes_No+Fur_Brown",2,3250,-0.0499586902246984,0.048761575179856,-0.145531377577216,0.0456139971278194,-4.8731279613853
"Clothes_No+Fur_Brown",2,3252,-0.0528698098451384,0.046382897046859,-0.143780288056982,0.0380406683667051,-5.1496509739388
"Clothes_No+Fur_Brown",2,3253,-0.0570176067354143,0.0451529511442728,-0.145517390978189,0.0314821775073604,-5.542256170492
"Clothes_No+Fur_Brown",2,3254,-0.055839640215992,0.0497208380822115,-0.153292482857127,0.0416132024251426,-5.43092254999589
"Clothes_No+Fur_Brown",2,3255,-0.0560009168697232,0.0479924414505772,-0.150066102112854,0.0380642683734081,-5.44617310454121
"Clothes_No+Fur_Brown",2,3256,-0.0521817515686684,0.0471921083848248,-0.144678284002925,0.0403147808655883,-5.08436594889007
"Clothes_No+Fur_Brown",2,3257,-0.0556066522177457,0.0480534269630408,-0.149791369065306,0.0385780646298142,-5.40888652297958
"Clothes_No+Fur_Brown",2,3258,-0.0575408667926218,0.045061412019655,-0.145861234351145,0.030779500765902,-5.59166920587062
"Clothes_No+Fur_Brown",2,3259,-0.0579472789072291,0.0496836855332539,-0.155327302552407,0.0394327447379485,-5.63003009953125
"Clothes_No+Fur_Brown",2,3261,-0.0576065532901252,0.0475746949544364,-0.150852955400821,0.0356398488205702,-5.59787035478752
"Clothes_No+Fur_Brown",2,3262,-0.0525929814412724,0.0466330886272412,-0.143993835150665,0.0388078722681202,-5.12339006849722
"Clothes_No+Fur_Brown",2,3266,-0.0590548429273325,0.0435725170949448,-0.144456976433424,0.0263472905787594,-5.73449302240513
"Clothes_No+Fur_Brown",2,3268,-0.0537235057476667,0.042947143118234,-0.137899906259405,0.0304528947640718,-5.23058977477875
"Clothes_No+Fur_Brown",2,3269,-0.0581249475233693,0.0462689220126328,-0.14881203466813,0.032562139621391,-5.64679519212915
"Clothes_No+Fur_Brown",2,3270,-0.0569662859075836,0.0437878852083949,-0.142790540916038,0.0288579691008704,-5.53740839648883
"Clothes_No+Fur_Brown",2,3271,-0.0552748902524878,0.0568636672778789,-0.16672767811713,0.0561778976121548,-5.37749958306796
"Clothes_No+Fur_Brown",2,3272,-0.0583769977715005,0.0442752288612472,-0.145156446339545,0.0284024507965439,-5.67057394396692
"Clothes_No+Fur_Brown",2,3273,-0.0554965925981621,0.0467749628573824,-0.147175519798632,0.0361823346023074,-5.39847528809655
"Clothes_No+Fur_Brown",2,3274,-0.0538403751518101,0.0504279088276301,-0.152679076453965,0.0449983261503449,-5.24166477210601
"Clothes_No+Fur_Brown",2,3275,-0.0523986495730532,0.0576498669929825,-0.165392388879299,0.0605950897331924,-5.10495072802122
"Clothes_No+Fur_Brown",2,3276,-0.0545602222772676,0.048284724376363,-0.149198282054939,0.040077837500404,-5.30985174229128
"Clothes_No+Fur_Brown",2,3277,-0.0571648583827797,0.0452007904041924,-0.145758407574997,0.0314286908094375,-5.5561642048617
"Clothes_No+Fur_Brown",2,3278,-0.0574366050199542,0.0440313237025831,-0.143737999477017,0.0288647894371087,-5.5818255127959
"Clothes_No+Fur_Brown",2,3279,-0.0598460669668113,0.0460132751496145,-0.150032086260056,0.0303399523264331,-5.8090486586241
"Clothes_No+Fur_Brown",2,3280,-0.0485954032331298,0.059899820381848,-0.165999051181552,0.0688082447152923,-4.74335429491003
"Clothes_No+Fur_Brown",2,3281,-0.0563775713940543,0.0495024317483793,-0.153402337620878,0.0406471948327691,-5.48178052496524
"Clothes_No+Fur_Brown",2,3282,-0.0567220118432381,0.0473023638278881,-0.149434644945899,0.0359906212594225,-5.5143308167969
"Clothes_No+Fur_Brown",2,3283,-0.0575842882181579,0.0443205685200109,-0.144452602517379,0.0292840260810634,-5.59576846117779
"Clothes_No+Fur_Brown",2,3284,-0.0545136042386243,0.0476629612526539,-0.147933008293826,0.0389057998165772,-5.30543737040678
"Clothes_No+Fur_Brown",2,3286,-0.0578286803775424,0.0446683111010676,-0.145378570135635,0.0297212093805501,-5.61883729614258
"Clothes_No+Fur_Brown",2,3287,-0.0562756200578472,0.0451329081505381,-0.144736120032902,0.0321848799172074,-5.47214377496242
"Clothes_No+Fur_Brown",2,3288,-0.0602506590800763,0.0471305327479681,-0.152626503266094,0.0321251851059412,-5.8471498664339
"Clothes_No+Fur_Brown",2,3289,-0.0588084454663914,0.0455521841932672,-0.148090726485195,0.0304738355524124,-5.71126337908648
"Clothes_No+Fur_Brown",2,3290,-0.0554945928210276,0.0446843427303712,-0.143075904572555,0.0320867189305,-5.39828610594137
"Clothes_No+Fur_Brown",2,3291,-0.0522390901816535,0.0529447315055564,-0.156010763932544,0.0515325835692371,-5.08980812367229
"Clothes_No+Fur_Brown",2,3292,-0.0620807613904688,0.0453909463308669,-0.151047016198968,0.0268854934180304,-6.01930163926615
"Clothes_No+Fur_Brown",2,3293,-0.0501953466354887,0.0540163425877725,-0.156067378107523,0.0556766848365454,-4.89563768185179
"Clothes_No+Fur_Brown",2,3294,-0.0575748604560508,0.0450538558981239,-0.145880418016374,0.0307306971042719,-5.59487843634547
"Clothes_No+Fur_Brown",2,3295,-0.0534079410496358,0.0571800622007744,-0.165480862963154,0.0586649808638819,-5.20067917534204
"Clothes_No+Fur_Brown",2,3296,-0.058385344064929,0.044887982949697,-0.146365790646335,0.0295951025164772,-5.67136124175021
"Clothes_No+Fur_Brown",2,3297,-0.0512822227505794,0.0471253158949371,-0.143647841904656,0.0410833964034973,-4.99894818866511
"Clothes_No+Fur_Brown",2,3298,-0.0499444459272228,0.0548144965150573,-0.157380859096735,0.0574919672422895,-4.8717729362714
"Clothes_No+Fur_Brown",2,3299,-0.0622760788492148,0.040525585016222,-0.14170622548101,0.0171540677825803,-6.03765591792726
"Clothes_No+Fur_Brown",2,3300,-0.0554918558128649,0.0452635649687887,-0.144208443151691,0.0332247315259609,-5.3980271799239
"Clothes_No+Fur_Brown",2,3301,-0.0572942862134952,0.042644536640153,-0.140877578028195,0.0262890056012047,-5.5683870746463
"Clothes_No+Fur_Brown",2,3302,-0.0532782735236836,0.0417515600328483,-0.135111331188066,0.0285547841406991,-5.18838598495218
"Clothes_No+Fur_Brown",2,3303,-0.0570106558676538,0.0480069160759599,-0.151104211376535,0.0370828996412277,-5.54159960492384
"Clothes_No+Fur_Brown",2,3304,-0.055309063663256,0.0464922550735268,-0.146433883607369,0.0358157562808565,-5.38073310139214
"Clothes_No+Fur_Brown",2,3305,-0.0564804312150108,0.0439096329052961,-0.142543311709391,0.0295824492793696,-5.49150215210659
"Clothes_No+Fur_Brown",2,3306,-0.0589576273630078,0.0462877356135189,-0.149681589165505,0.0317663344394893,-5.72532850248818
"Clothes_No+Fur_Brown",2,3308,-0.0500586863827715,0.057017880062077,-0.161813731304442,0.0616963585388994,-4.88263980753672
"Clothes_No+Fur_Brown",2,3309,-0.0479850280410741,0.0584696739264767,-0.162585588936968,0.0666155328548203,-4.68519425357566
"Clothes_No+Fur_Brown",2,3311,-0.0550759907410561,0.0480290245504513,-0.149212878859941,0.0390608973778284,-5.35867734215938
"Clothes_No+Fur_Brown",2,3312,-0.0571230582573226,0.0441205495261837,-0.143599335328643,0.0293532188139975,-5.55221635816714
"Clothes_No+Fur_Brown",2,3313,-0.0539757130693961,0.046917839669171,-0.145934678820971,0.0379832526821791,-5.25448830009532
"Clothes_No+Fur_Brown",2,3314,-0.0557823244875427,0.0458116710064438,-0.145573199660172,0.034008550685087,-5.425502099096
"Clothes_No+Fur_Brown",2,3316,-0.0571435569411801,0.039629434732395,-0.134817249016674,0.0205301351343141,-5.5541523935819
"Clothes_No+Fur_Brown",2,3317,-0.0504281404545884,0.0414531478818968,-0.131676310303106,0.0308200293939293,-4.91777481277528
"Clothes_No+Fur_Brown",2,3318,-0.0577539965894722,0.0482662720558736,-0.152355889818984,0.03684789664004,-5.61178829016943
"Clothes_No+Fur_Brown",2,3320,-0.0570761619312677,0.0427166183860572,-0.14080073396794,0.0266484101054045,-5.54778700025081
"Clothes_No+Fur_Brown",2,3321,-0.0563276720832826,0.043094254638459,-0.140792411174662,0.0281370670080971,-5.4770640132837
"Clothes_No+Fur_Brown",2,3322,-0.0560318671345497,0.0455018171489973,-0.145215428746584,0.033151694477485,-5.449099525237
"Clothes_No+Fur_Brown",2,3323,-0.053651396013488,0.0482502480850685,-0.148221882260222,0.0409190902332462,-5.22375573140157
"Clothes_No+Fur_Brown",2,3324,-0.0594855881198271,0.0453624559693417,-0.148396001819737,0.0294248255800826,-5.77508869253124
"Clothes_No+Fur_Brown",2,3325,-0.0562786617280666,0.0441763390258484,-0.14286428621873,0.0303069627625963,-5.47243129709033
"Clothes_No+Fur_Brown",2,3327,-0.0527005747144658,0.0428731544879555,-0.136731957510859,0.031330808081927,-5.13359760436829
"Clothes_No+Fur_Brown",2,3328,-0.050218944108019,0.062150692996187,-0.172034302380546,0.0715964141645075,-4.89788187795033
"Clothes_No+Fur_Brown",2,3329,-0.0568580122590189,0.042509161177585,-0.140175968167086,0.0264599436490478,-5.52718003332193
"Clothes_No+Fur_Brown",2,3331,-0.053922199520355,0.047836309859136,-0.147681366844262,0.0398369678035516,-5.24941799584476
"Clothes_No+Fur_Brown",2,3332,-0.0587418358745426,0.0461826160696512,-0.149259763371059,0.0317760916219736,-5.70498263564767
"Clothes_No+Fur_Brown",2,3333,-0.0567700368342619,0.0440215060394904,-0.143052188671663,0.0295121150031392,-5.51886838125217
"Clothes_No+Fur_Brown",2,3334,-0.0541555064876213,0.0470705116941336,-0.146413709408123,0.0381026964328806,-5.27152138824088
"Clothes_No+Fur_Brown",2,3336,-0.0577920921253951,0.0493648320589784,-0.154547162960993,0.0389629787102026,-5.61538399118879
"Clothes_No+Fur_Brown",2,3338,-0.0482033656235333,0.0539204362576791,-0.153887420688584,0.0574806894415177,-4.70600278610991
"Clothes_No+Fur_Brown",2,3339,-0.0532999688811483,0.0468307579375101,-0.145088254438668,0.0384883166763716,-5.19044293449683
"Clothes_No+Fur_Brown",2,3341,-0.0472017405126017,0.0597309753088084,-0.164274452117866,0.0698709710926627,-4.61050610762778
"Clothes_No+Fur_Brown",2,3342,-0.055324770583882,0.0450309464398499,-0.143585425605988,0.0329358844382238,-5.38221926703543
"Clothes_No+Fur_Brown",2,3343,-0.0564475355716687,0.0428491516538668,-0.140431872813248,0.0275368016699102,-5.4883931831331
"Clothes_No+Fur_Brown",2,3344,-0.0564266328305372,0.0458821613502362,-0.146355669077,0.0335024034159257,-5.48641761083451
"Clothes_No+Fur_Brown",2,3345,-0.0453061365266688,0.0592691501948258,-0.161473670908527,0.0708613978551897,-4.42951391222258
"Clothes_No+Fur_Brown",2,3347,-0.0555958094857089,0.0502614594005621,-0.154108269910811,0.0429166509393929,-5.40786089132277
"Clothes_No+Fur_Brown",2,3348,-0.0434697392167494,0.0594948618865019,-0.160079668514293,0.0731401900807943,-4.25384728116646
"Clothes_No+Fur_Brown",2,3349,-0.0485672205638788,0.0533906889445557,-0.153212970895208,0.0560785297674503,-4.74066967054041
"Clothes_No+Fur_Brown",2,3350,-0.0501063338256178,0.0569513785352994,-0.161731035754805,0.0615183681035689,-4.88717179855043
"Clothes_No+Fur_Brown",2,3352,-0.0511469801185084,0.0514605881264348,-0.152009732846321,0.0497157726093038,-4.98609912751781
"Clothes_No+Fur_Brown",2,3353,-0.0531836868505566,0.0428773847565921,-0.137223360973477,0.0308559872723639,-5.17941764567269
"Clothes_No+Fur_Brown",2,3355,-0.0506453190659208,0.0509752160937203,-0.150556742609613,0.0492661044777709,-4.93842239621593
"Clothes_No+Fur_Brown",2,3356,-0.0490394223737065,0.0525927475627257,-0.152121207596649,0.0540423628492359,-4.78564068019325
"Clothes_No+Fur_Brown",2,3358,-0.0609594498156481,0.0488264745832015,-0.156659339998723,0.0347404403674267,-5.91386088946584
"Clothes_No+Fur_Brown",2,3359,-0.0588006957305722,0.0437667848958687,-0.144583594126475,0.0269822026653304,-5.71053266345553
"Clothes_No+Fur_Brown",2,3361,-0.0548453670627466,0.0423101081105212,-0.137773178959368,0.0280824448338749,-5.33684829515715
"Clothes_No+Fur_Brown",2,3362,-0.0516049254215923,0.056529121926955,-0.162402004398424,0.0591921535552394,-5.02960033580279
"Clothes_No+Fur_Brown",2,3363,-0.0453861667770128,0.0598077790998638,-0.162609413812746,0.0718370802587202,-4.43716213610096
"Clothes_No+Fur_Brown",2,3366,-0.0519163070324904,0.0514771641162124,-0.152811548700267,0.0489789346352859,-5.0591677682216
"Clothes_No+Fur_Brown",2,3367,-0.0572198964312602,0.0461287218477594,-0.147632191252869,0.0331923983903482,-5.56136206623349
"Clothes_No+Fur_Brown",2,3368,-0.0539827197058871,0.0541728567158098,-0.160161518868874,0.0521960794571001,-5.25515214512929
"Clothes_No+Fur_Brown",2,3369,-0.0513448796351849,0.0544351265026451,-0.158037727580369,0.0553479683099995,-5.00490047212815
"Clothes_No+Fur_Brown",2,3370,-0.0497573906994065,0.0602851003251159,-0.167916187336634,0.0684014059378206,-4.85397703973038
"Clothes_No+Fur_Brown",2,3373,-0.0483556793524467,0.0603004811297803,-0.166544622366816,0.0698332636619226,-4.72051626483952
"Clothes_No+Fur_Brown",2,3374,-0.0471755748574733,0.055355004907333,-0.155671384475846,0.0613202347608994,-4.60801014637363
"Clothes_No+Fur_Brown",2,3376,-0.0512670629636587,0.0540133206972595,-0.157133171530287,0.05459904560297,-4.99750798204582
"Clothes_No+Fur_Brown",2,3377,-0.0595516114678845,0.0425317438704413,-0.142913829453949,0.0238106065181804,-5.78130953128362
"Clothes_No+Fur_Brown",2,3381,-0.0512882529142607,0.0539142376047181,-0.156960158619508,0.0543836527909868,-4.99952105883019
"Clothes_No+Fur_Brown",2,3382,-0.0547559928108068,0.049060512742686,-0.150914597786471,0.0414026121648577,-5.32838746870289
"Clothes_No+Fur_Brown",2,3383,-0.0511996364983097,0.0503391304961823,-0.149864332270827,0.0474650592742077,-4.99110208384861
"Clothes_No+Fur_Brown",2,3384,-0.0554353944650633,0.0439850403298656,-0.1416460735116,0.0307752845814734,-5.3926856742409
"Clothes_No+Fur_Brown",2,3385,-0.0444474854976596,0.0591817833068466,-0.160443780779079,0.0715488097837598,-4.34741697473452
"Clothes_No+Fur_Brown",2,3386,-0.0554263418812277,0.0458892516922449,-0.145369275198028,0.0345165914355724,-5.39182922971999
"Clothes_No+Fur_Brown",2,3387,-0.0574831278298545,0.0464266900624678,-0.148479440352291,0.0335131846925824,-5.58621800940228
"Clothes_No+Fur_Brown",2,3389,-0.0560875992949015,0.0449087014214404,-0.144108654080925,0.0319334554911217,-5.45436890434536
"Clothes_No+Fur_Brown",2,3390,-0.0555819409878734,0.0483500056606143,-0.150347952082678,0.0391840701069307,-5.40654903134955
"Clothes_No+Fur_Brown",2,3391,-0.0549819194930223,0.0458772184625451,-0.144901267679611,0.0349374286935661,-5.34977389604881
"Clothes_No+Fur_Brown",2,3392,-0.0492787555746179,0.0525228545365922,-0.152223550466339,0.0536660393171029,-4.80842591084214
"Clothes_No+Fur_Brown",2,3394,-0.0610266156464997,0.0472836409654311,-0.153702551938745,0.0316493206457452,-5.92018005095257
"Clothes_No+Fur_Brown",2,3395,-0.0514518300411884,0.0489922066481261,-0.147476555071516,0.0445728949891387,-5.01505969331489
"Clothes_No+Fur_Brown",2,3396,-0.0570654101911172,0.0484284455524673,-0.151985163473953,0.0378543430917186,-5.54677146914065
"Clothes_No+Fur_Brown",2,3397,-0.0444404833078109,0.0589226569312691,-0.159928890893098,0.0710479242774765,-4.3467471948437
"Clothes_No+Fur_Brown",2,3399,-0.0530914719520183,0.0428289317871286,-0.13703617825479,0.0308532343507538,-5.17067337212159
"Clothes_No+Fur_Brown",2,3400,-0.0595482649957833,0.046309744254172,-0.15031536373396,0.0312188337423937,-5.78099423053698
"Clothes_No+Fur_Brown",2,3401,-0.0554218864182233,0.0410568416034161,-0.135893295960919,0.0250495231244722,-5.39140770557618
"Clothes_No+Fur_Brown",2,3402,-0.0556226738181537,0.043954861644952,-0.14177420264226,0.0305288550059522,-5.41040201186155
"Clothes_No+Fur_Brown",2,3403,-0.0564115865332683,0.0402879789227528,-0.135376025221864,0.0225528521553272,-5.48499552067937
"Clothes_No+Fur_Brown",2,3404,-0.0551547831851603,0.0436284742624258,-0.140666592739515,0.0303570263691942,-5.36613406951411
"Clothes_No+Fur_Brown",2,3405,-0.0570894969549386,0.0450539126589276,-0.145395165766437,0.0312161718565595,-5.5490465143491
"Clothes_No+Fur_Brown",2,3408,-0.0555914644396603,0.0412356972929065,-0.136413431133757,0.0252305022544363,-5.40744988322959
"Clothes_No+Fur_Brown",2,3410,-0.0524461725134158,0.0449831143435645,-0.140613076626802,0.0357207315999707,-5.10946031263326
"Clothes_No+Fur_Brown",2,3411,-0.0469485656567215,0.0546798211681987,-0.154121015146391,0.060223883832948,-4.58635282888667
"Clothes_No+Fur_Brown",2,3412,-0.0506437212892229,0.0427390536464622,-0.134412266436289,0.033124823857843,-4.93827050892103
"Clothes_No+Fur_Brown",2,3414,-0.051369936001473,0.059882246979889,-0.168739140082055,0.0659992680791094,-5.00728067431775
"Clothes_No+Fur_Brown",2,3415,-0.0518837145006056,0.0591047032905838,-0.16772893295015,0.0639615039489386,-5.05607335569281
"Clothes_No+Fur_Brown",2,3417,-0.0482583137793159,0.0544399858679826,-0.154960686080562,0.0584440585219299,-4.71123887165602
"Clothes_No+Fur_Brown",2,3418,-0.0521413498715608,0.0564766161463843,-0.162835517518474,0.0585528177753525,-5.08053111872605
"Clothes_No+Fur_Brown",2,3419,-0.058689041808753,0.0448602244597716,-0.146615081749905,0.0292369981323993,-5.70000428688483
"Clothes_No+Fur_Brown",2,3420,-0.0515626140965989,0.0451244226857595,-0.140006482560687,0.0368812543674897,-5.02558192734636
"Clothes_No+Fur_Brown",2,3422,-0.056319968615894,0.0495402938975671,-0.153418944655126,0.0407790074233376,-5.47633585612419
"Clothes_No+Fur_Brown",2,3423,-0.0586488076500507,0.0408416506222686,-0.138698442869697,0.0214008275695957,-5.69621012956483
"Clothes_No+Fur_Brown",2,3424,-0.0485453586201284,0.0577730545093857,-0.161780545458524,0.0646898282182675,-4.73858709365453
"Clothes_No+Fur_Brown",2,3426,-0.0557341366081245,0.044962752079629,-0.143861130684197,0.0323928574679483,-5.42094464478896
"Clothes_No+Fur_Brown",2,3427,-0.056247153321881,0.0443621458505782,-0.143196959189014,0.0307026525452522,-5.46945283713688
"Clothes_No+Fur_Brown",2,3429,-0.0582343440710923,0.0471165289387075,-0.150582740790959,0.0341140526487744,-5.6571165424314
"Clothes_No+Fur_Brown",2,3430,-0.0563021168209617,0.0457279267438088,-0.145928853238827,0.0333246195969036,-5.47464842399384
"Clothes_No+Fur_Brown",2,3431,-0.0537560780139628,0.0431121233969762,-0.138255839872036,0.0307436838441105,-5.23367657897296
"Clothes_No+Fur_Brown",2,3433,-0.0562723774306047,0.0431517829096122,-0.140849871933445,0.0283051170722353,-5.47183725586369
"Clothes_No+Fur_Brown",2,3435,-0.0502102263363722,0.0589561891571991,-0.165764357084483,0.0653439044117382,-4.89705279578754
"Clothes_No+Fur_Brown",2,3436,-0.0508809279790339,0.043813388883484,-0.136755170190662,0.0349933142325947,-4.96081711289295
"Clothes_No+Fur_Brown",2,3438,-0.0563736516077772,0.048842033392932,-0.152104037057924,0.0393567338423694,-5.48141003301948
"Clothes_No+Fur_Brown",2,3439,-0.057191071876058,0.0455618822497607,-0.146492361085589,0.032110217333473,-5.55863987526836
"Clothes_No+Fur_Brown",2,3440,-0.0542580982713099,0.0502199988806704,-0.152689296077424,0.044173099534804,-5.28123925333269
"Clothes_No+Fur_Brown",2,3441,-0.0563992096778003,0.0490080097616782,-0.15245490881069,0.039656489455089,-5.48382571489012
"Clothes_No+Fur_Brown",2,3442,-0.0513420581509628,0.0602101156826672,-0.16935388488899,0.0666697685870649,-5.00463244457553
"Clothes_No+Fur_Brown",2,3444,-0.0474196183013483,0.0547132336688232,-0.154657556292242,0.0598183196895453,-4.63128709568663
"Clothes_No+Fur_Brown",2,3445,-0.0572278407078174,0.0451359687684749,-0.145694339494028,0.0312386580783933,-5.56211230991085
"Clothes_No+Fur_Brown",2,3446,-0.0572340706097725,0.049494440968565,-0.15424317490816,0.0397750336886149,-5.56270064685935
"Clothes_No+Fur_Brown",2,3448,-0.0562696831243682,0.0473690775706769,-0.149113075162895,0.0365737089141585,-5.47158256770218
"Clothes_No+Fur_Brown",2,3449,-0.055324470545498,0.0465019402941135,-0.14646827352196,0.0358193324309644,-5.38219087806514
"Clothes_No+Fur_Brown",2,3450,-0.053763540515539,0.0517166161302608,-0.15512810813085,0.0476010270997721,-5.23438377017214
"Clothes_No+Fur_Brown",2,3451,-0.0624618395863978,0.0459601386460809,-0.152543711332716,0.0276200321599209,-6.05510881115005
"Clothes_No+Fur_Brown",2,3452,-0.0553928842787223,0.0492913729305863,-0.152003975222672,0.0412182066652268,-5.38866381419529
"Clothes_No+Fur_Brown",2,3454,-0.0573432267299196,0.0485549262997294,-0.152510882277389,0.03782442881755,-5.57300849346142
"Clothes_No+Fur_Brown",2,3455,-0.0549302297377356,0.0448539590040496,-0.142843989385673,0.0329835299102016,-5.34488132257679
"Clothes_No+Fur_Brown",2,3456,-0.054530409263649,0.0456796641879306,-0.144062551071993,0.0350017325446949,-5.30702870153027
"Clothes_No+Fur_Brown",2,3457,-0.0582739763852487,0.0483835020119027,-0.153105640328578,0.0365576875580806,-5.66085549513484
"Clothes_No+Fur_Brown",2,3458,-0.0556502204014445,0.0454680772350452,-0.144767651782133,0.0334672109792441,-5.41300759621333
"Clothes_No+Fur_Brown",2,3459,-0.0578231800621303,0.0464305332696977,-0.148827025270738,0.0331806651464772,-5.61831816855106
"Clothes_No+Fur_Brown",2,3461,-0.0558187070934938,0.049597597964323,-0.153029999103567,0.0413925849165794,-5.42894290319306
"Clothes_No+Fur_Brown",2,3462,-0.0551640110736065,0.0449238958967959,-0.143214847031327,0.0328868248841135,-5.36700733624293
"Clothes_No+Fur_Brown",2,3464,-0.0482342412454099,0.0530900105256762,-0.152290661875735,0.0558221793849154,-4.70894500211338
"Clothes_No+Fur_Brown",2,3466,-0.0558142930507518,0.0466718202812612,-0.147291060802024,0.0356624747005201,-5.42852546158358
"Clothes_No+Fur_Brown",2,3467,-0.0549358160273751,0.0455479139020008,-0.144209727275297,0.0343380952205464,-5.34541009200866
"Clothes_No+Fur_Brown",2,3468,-0.0551758541094787,0.0443473298738573,-0.142096620662239,0.0317449124432816,-5.36812807153327
"Clothes_No+Fur_Brown",2,3469,-0.0602864548838133,0.045512181657306,-0.149490330932133,0.0289174211645064,-5.8505200830584
"Clothes_No+Fur_Brown",2,3470,-0.056639834823315,0.0457276016653924,-0.146265934087484,0.032986264440854,-5.50656594703542
"Clothes_No+Fur_Brown",2,3471,-0.0559865813006748,0.0482677874259152,-0.150591444655468,0.038618282054119,-5.4448176119111
"Clothes_No+Fur_Brown",2,3473,-0.0589752420719023,0.0451113131922705,-0.147393415928752,0.0294429317849479,-5.72698910875714
"Clothes_No+Fur_Brown",2,3474,-0.050059505288372,0.0559043004635994,-0.159631934197027,0.0595129236202827,-4.88271769964379
"Clothes_No+Fur_Brown",2,3476,-0.0585178905849503,0.0460953988538843,-0.148864872338564,0.031829091168663,-5.68386334598245
"Clothes_No+Fur_Brown",2,3479,-0.0555607342710516,0.0470819343565342,-0.147841325609859,0.0367198570677555,-5.404542993551
"Clothes_No+Fur_Brown",2,3481,-0.0550928695824144,0.0418456963431401,-0.137110434414969,0.0269246952501402,-5.3602747645491
"Clothes_No+Fur_Brown",2,3482,-0.0595746875154547,0.0428985564429805,-0.143655858143697,0.0245064831127872,-5.78348370118115
"Clothes_No+Fur_Brown",2,3483,-0.0548373529885762,0.0425343743686044,-0.138204726751041,0.0285300207738884,-5.33608965459829
"Clothes_No+Fur_Brown",2,3484,-0.0579677478587666,0.0434089860581028,-0.143049360532648,0.0271138648151149,-5.6319617341024
"Clothes_No+Fur_Brown",2,3487,-0.0568955166951503,0.0434939185340765,-0.14214359702194,0.0283525636316396,-5.53072311672343
"Clothes_No+Fur_Brown",2,3488,-0.0569636337472138,0.0470422807027594,-0.149166503924622,0.0352392364301946,-5.53715786621473
"Clothes_No+Fur_Brown",2,3489,-0.0588541371378252,0.0487592745980872,-0.154422315350076,0.0367140410744257,-5.71557149063692
"Clothes_No+Fur_Brown",2,3491,-0.0555899068495781,0.0474177190209253,-0.148528636130592,0.0373488224314355,-5.40730254669692
"Clothes_No+Fur_Brown",2,3492,-0.0556276008969705,0.0455393952047424,-0.144884815498266,0.0336296137043246,-5.41086806111795
"Clothes_No+Fur_Brown",2,3493,-0.0589993187357457,0.046191737672252,-0.14953512457336,0.0315364871018682,-5.72925886102573
"Clothes_No+Fur_Brown",2,3495,-0.0512524317331732,0.0516689009073309,-0.152523477511542,0.0500186140451954,-4.99611796851964
"Clothes_No+Fur_Brown",2,3496,-0.0549882594350822,0.043897476984898,-0.141027314325482,0.0310507954553179,-5.35037397109605
"Clothes_No+Fur_Brown",2,3497,-0.0545912162507536,0.0494418540193938,-0.151497250128765,0.0423148176272581,-5.31278652075532
"Clothes_No+Fur_Brown",2,3499,-0.0572337100974321,0.049075225651165,-0.153421152373716,0.0389537321788513,-5.56266660104141
"Clothes_No+Fur_Brown",2,3501,-0.0549050116240614,0.0402444233516369,-0.13378408139327,0.0239740581451469,-5.34249426893577
"Clothes_No+Fur_Brown",2,3502,-0.0594365106908948,0.0466008908377904,-0.150774256732964,0.0319012353511744,-5.77046426266626
"Clothes_No+Fur_Brown",2,3503,-0.0592506607878499,0.0439053787821557,-0.145305203200875,0.0268038816251752,-5.75295008513183
"Clothes_No+Fur_Brown",2,3504,-0.0559153428387772,0.0421016660756314,-0.138434608347015,0.0266039226694604,-5.43808140621771
"Clothes_No+Fur_Brown",2,3507,-0.0588295447263113,0.0446285695915654,-0.146301541125779,0.0286424516731568,-5.71325278066044
"Clothes_No+Fur_Brown",2,3508,-0.0563914087470706,0.0474525552890604,-0.149398417113629,0.0366155996194877,-5.48308839788582
"Clothes_No+Fur_Brown",2,3509,-0.0577680424654093,0.0487942285863533,-0.153404730494662,0.0378686455638432,-5.6131140459703
"Clothes_No+Fur_Brown",2,3510,-0.0569776358889305,0.0415314273301721,-0.138379233456068,0.0244239616782067,-5.5384805390571
"Clothes_No+Fur_Brown",2,3511,-0.0557742051235319,0.0485226612302054,-0.150878621134735,0.0393302108876707,-5.42473421120403
"Clothes_No+Fur_Brown",2,3513,-0.0482480983804454,0.0593281292385664,-0.164531231688036,0.0680350349271448,-4.7102654539813
"Clothes_No+Fur_Brown",2,3514,-0.045426381982997,0.0564225980916451,-0.156014674242621,0.0651619102766274,-4.44100513803601
"Clothes_No+Fur_Brown",2,3515,-0.0479613241894282,0.0528298198424444,-0.151507771080619,0.0555851227017629,-4.682934898783
"Clothes_No+Fur_Brown",2,3517,-0.0556156972670691,0.0493309505874108,-0.152304360418394,0.0410729658842561,-5.40974210039716
"Clothes_No+Fur_Brown",2,3518,-0.052492092712611,0.0562811147891409,-0.162803077699327,0.0578188922741051,-5.11381760507281
"Clothes_No+Fur_Brown",2,3519,-0.056753941594689,0.0464072135100039,-0.147712080074297,0.0342041968849186,-5.5173476725656
"Clothes_No+Fur_Brown",2,3520,-0.0618603813745958,0.0461894914011784,-0.152391784520905,0.0286710217717139,-5.9985878891052
"Clothes_No+Fur_Brown",2,3522,-0.0546674285174917,0.0521909371663538,-0.156961665363545,0.0476268083285619,-5.32000257294634
"Clothes_No+Fur_Brown",2,3523,-0.0582532669759834,0.0451205697581534,-0.146689583701964,0.0301830497499973,-5.65890176695134
"Clothes_No+Fur_Brown",2,3524,-0.0511052597076201,0.0584905335042827,-0.165746705376014,0.063536185960774,-4.98213502584189
"Clothes_No+Fur_Brown",2,3525,-0.0524497660522844,0.044957800422764,-0.140567054880902,0.035667522776333,-5.1098013048632
"Clothes_No+Fur_Brown",2,3526,-0.0498320642699307,0.0523970005370096,-0.152530185322469,0.0528660567826081,-4.86108166771874
"Clothes_No+Fur_Brown",2,3527,-0.0552595820880636,0.041670125395286,-0.136933027862824,0.0264138636866969,-5.37605107518638
"Clothes_No+Fur_Brown",2,3528,-0.0568658356365749,0.0480310193578875,-0.151006633578034,0.0372749623048847,-5.5279191269702
"Clothes_No+Fur_Brown",2,3529,-0.0585371011576175,0.0453745091541006,-0.147471139099655,0.0303969367844196,-5.68567519557593
"Clothes_No+Fur_Brown",2,3530,-0.0550535785755079,0.0535089217547812,-0.159931065214879,0.0498239080638632,-5.35655620139869
"Clothes_No+Fur_Brown",2,3531,-0.061267278832664,0.043789001448794,-0.1470937216723,0.0245591640069723,-5.94281887590014
"Clothes_No+Fur_Brown",2,3532,-0.0542148432905747,0.0473976322113052,-0.147114202424733,0.0386845158435834,-5.27714210655097
"Clothes_No+Fur_Brown",2,3533,-0.0469801728837052,0.0577454882074376,-0.160161329770283,0.0662009840028725,-4.58936854203075
"Clothes_No+Fur_Brown",2,3534,-0.0531173522903766,0.0503890868415663,-0.151879962499847,0.0456452579190933,-5.17312755542333
"Clothes_No+Fur_Brown",2,3535,-0.0540251279523173,0.0464641426277357,-0.145094847502679,0.0370445915980446,-5.25917002278894
"Clothes_No+Fur_Brown",2,3536,-0.0513090067905468,0.0517002138771273,-0.152641425989716,0.0500234124086228,-5.00149266655793
"Clothes_No+Fur_Brown",2,3537,-0.0576927115646663,0.0421592323115682,-0.14032480689534,0.0249393837660073,-5.6060035290156
"Clothes_No+Fur_Brown",2,3538,-0.0497598149596445,0.0564200870026234,-0.160343185484786,0.0608235555654975,-4.85420769817105
"Clothes_No+Fur_Brown",2,3540,-0.0527040782812674,0.045422826367668,-0.141732817961897,0.0363246613993619,-5.13392997456408
"Clothes_No+Fur_Brown",2,3541,-0.0535879749623262,0.0459478434068576,-0.143645748039767,0.0364697981151148,-5.21774473175495
"Clothes_No+Fur_Brown",2,3542,-0.0566498152306385,0.044444704109635,-0.143761435285523,0.0304618048242462,-5.5075090252905
"Clothes_No+Fur_Brown",2,3543,-0.0597864880800407,0.0472048983572845,-0.152308088860318,0.0327351127002369,-5.80343669942383
"Clothes_No+Fur_Brown",2,3546,-0.057294282251307,0.0430021220799246,-0.141578441527959,0.0269898770253453,-5.56838670049047
"Clothes_No+Fur_Brown",2,3547,-0.0530451437743575,0.0417026811010244,-0.134782398732365,0.0286921111836503,-5.16628000046245
"Clothes_No+Fur_Brown",2,3548,-0.0562834669954763,0.0438909076795357,-0.142309646047366,0.0297427120564137,-5.47288552624419
"Clothes_No+Fur_Brown",2,3549,-0.0535562179446273,0.0452747317857762,-0.142294692244749,0.0351822563554941,-5.214734682202
"Clothes_No+Fur_Brown",2,3552,-0.0542823300373312,0.0469757080408184,-0.146354717797335,0.0377900577226728,-5.28353442837275
"Clothes_No+Fur_Brown",2,3553,-0.0602463610895155,0.046087409745502,-0.150577684190699,0.0300849620116684,-5.84674519750312
"Clothes_No+Fur_Brown",2,3554,-0.0601530062566204,0.0458062160761758,-0.149933189765925,0.0296271772526842,-5.83795512584305
"Clothes_No+Fur_Brown",2,3555,-0.0573207290178045,0.0427137298332388,-0.141039639490953,0.0263981814553436,-5.57088407829346
"Clothes_No+Fur_Brown",2,3557,-0.055781838880346,0.0474076684378185,-0.14870086901847,0.0371371912577783,-5.42545617302804
"Clothes_No+Fur_Brown",2,3558,-0.0503952093710649,0.0485467674349311,-0.14554687354353,0.0447564548014001,-4.91464360051921
"Clothes_No+Fur_Brown",2,3559,-0.0504660787753762,0.0593574286608066,-0.166806638950557,0.0658744813998048,-4.92138200430982
"Clothes_No+Fur_Brown",2,3560,-0.0594455356230815,0.0519630292886623,-0.16129307302886,0.0424020017826967,-5.77131467399882
"Clothes_No+Fur_Brown",2,3561,-0.0517367533323499,0.0525967961858317,-0.15482647385658,0.0513529671918802,-5.04211925998439
"Clothes_No+Fur_Brown",2,3562,-0.0481550597634923,0.0538365314554294,-0.153674661416134,0.0573645418891493,-4.70139941643377
"Clothes_No+Fur_Brown",2,3563,-0.0510203759073177,0.0529463646888665,-0.154795250697496,0.0527544988828606,-4.9740692060424
"Clothes_No+Fur_Brown",2,3564,-0.0534506061711442,0.0558610744975855,-0.162938312186412,0.0560370998441234,-5.20472371360295
"Clothes_No+Fur_Brown",2,3565,-0.0528067261267756,0.0560133914105642,-0.162592973291481,0.0569795210379302,-5.14366727249914
"Clothes_No+Fur_Brown",2,3566,-0.0502141532340784,0.0578279167017713,-0.16355686996955,0.0631285635013935,-4.89742625459949
"Clothes_No+Fur_Brown",2,3567,-0.047689216249975,0.0563256456552225,-0.158087481734211,0.062709049234261,-4.65699483951559
"Clothes_No+Fur_Brown",2,3568,-0.0478833971626562,0.0572680720194712,-0.16012881832082,0.0643620239955072,-4.67550683387928
"Clothes_No+Fur_Brown",2,3569,-0.0525327416753801,0.0509918227884655,-0.152476714340773,0.0474112309900123,-5.11767455157732
"Clothes_No+Fur_Brown",2,3570,-0.0449839423200091,0.0583253407072098,-0.15930161010614,0.069333725466122,-4.39871669420125
"Clothes_No+Fur_Brown",2,3571,-0.0473719682283691,0.0611329280870955,-0.167192507279076,0.072448570822338,-4.62674266128635
"Clothes_No+Fur_Brown",2,3572,-0.0549779937183391,0.047587588299798,-0.148249666785943,0.0382936793492649,-5.34940231985805
"Clothes_No+Fur_Brown",2,3573,-0.0471194608770764,0.0569038303084338,-0.158650968281607,0.0644120465274537,-4.60265717193802
"Clothes_No+Fur_Brown",2,3574,-0.0531092186097278,0.0558847750795219,-0.162643377765591,0.0564249405461352,-5.17235626078921
"Clothes_No+Fur_Brown",2,3575,-0.0592877054502332,0.0453271898257565,-0.148128997508716,0.0295535866082495,-5.7564413706094
"Clothes_No+Fur_Brown",2,3576,-0.0582491801343677,0.03957420959426,-0.135814630939117,0.019316270670382,-5.65851620903716
"Clothes_No+Fur_Brown",2,3577,-0.0439854968216511,0.0545657537457971,-0.150934374163413,0.0629633805201112,-4.3032163552392
"Clothes_No+Fur_Brown",2,3579,-0.0551160580126816,0.0432714968009685,-0.13992819174258,0.0296960757172167,-5.36246928577438
"Clothes_No+Fur_Brown",2,3580,-0.0543696002230935,0.0458990817824117,-0.14433180051662,0.0355926000704334,-5.29179999124408
"Clothes_No+Fur_Brown",2,3582,-0.0556043033757752,0.0414080348394871,-0.13676405166117,0.0255554449096194,-5.40866434314128
"Clothes_No+Fur_Brown",2,3583,-0.0562329971539933,0.0448184950598594,-0.144077247471318,0.0316112531633311,-5.46811463736887
"Clothes_No+Fur_Brown",2,3584,-0.0594685982467102,0.0464940242981676,-0.150596885871119,0.0316596893776983,-5.77348780964432
"Clothes_No+Fur_Brown",2,3588,-0.0578700168047346,0.045497177670201,-0.147044485038329,0.0313044514288593,-5.62273859556955
"Clothes_No+Fur_Brown",2,3590,-0.055044118816395,0.0454613242561587,-0.144148314358466,0.0340600767256761,-5.35566089298404
"Clothes_No+Fur_Brown",2,3591,-0.0560918706048411,0.0466861832513516,-0.14759678977749,0.0354130485678081,-5.45477273717676
"Clothes_No+Fur_Brown",2,3592,-0.0566637683581306,0.0473869585147612,-0.149542207047063,0.0362146703308015,-5.5088274818658
"Clothes_No+Fur_Brown",2,3593,-0.0586104124721934,0.0501449134664818,-0.156894442866498,0.0396736179221108,-5.69258924926841
"Clothes_No+Fur_Brown",2,3594,-0.0570280701231596,0.0422174408963914,-0.139774254280087,0.0257181140337675,-5.54324451332052
"Clothes_No+Fur_Brown",2,3595,-0.0566056233515477,0.0503335123330167,-0.15525930752426,0.042048060821165,-5.50333313228476
"Clothes_No+Fur_Brown",2,3596,-0.0555053983111913,0.044778470931342,-0.143271201336622,0.032260404714239,-5.39930831830757
"Clothes_No+Fur_Brown",2,3597,-0.0558686752403599,0.0492284061879257,-0.152356351368694,0.0406190008879744,-5.43366832560207
"Clothes_No+Fur_Brown",2,3598,-0.052726684808551,0.0460531184377451,-0.142990796946531,0.0375374273294295,-5.13607454272368
"Clothes_No+Fur_Brown",2,3599,-0.055359535639873,0.0465930483998368,-0.146681910503553,0.0359628392238071,-5.38550860230306
"Clothes_No+Fur_Brown",2,3600,-0.0565320163362386,0.0470630632198957,-0.148775620247234,0.035711587574757,-5.49637725868256
"Clothes_No+Fur_Brown",2,3601,-0.0573122703478902,0.0481034525455305,-0.15159503733713,0.0369704966413496,-5.5700853301934
"Clothes_No+Fur_Brown",2,3602,-0.0562816234807313,0.0489944488066538,-0.152310743141773,0.0397474961803102,-5.47271126395423
"Clothes_No+Fur_Brown",2,3603,-0.0605253160334342,0.044190929490642,-0.147139537835093,0.0260889057682242,-5.87300605044865
"Clothes_No+Fur_Brown",2,3604,-0.0540641548192057,0.0532508288725652,-0.158435779409434,0.0503074697710222,-5.26286738840058
"Clothes_No+Fur_Brown",2,3605,-0.0522006925727715,0.0445176935074793,-0.139455371847431,0.0350539867018879,-5.08616372927814
"Clothes_No+Fur_Brown",2,3606,-0.0501232206726115,0.0505682857920978,-0.149237060825123,0.0489906194799002,-4.88877794076603
"Clothes_No+Fur_Brown",2,3607,-0.0505404802326394,0.0550430522623362,-0.158424862666818,0.0573439022015396,-4.9284557288923
"Clothes_No+Fur_Brown",2,3608,-0.0476775770373792,0.0549969746425679,-0.155471647336812,0.0601164932620539,-4.65588511555086
"Clothes_No+Fur_Brown",2,3609,-0.0578155229628922,0.0450414887717001,-0.146096840955424,0.03046579502964,-5.61759547588017
"Clothes_No+Fur_Brown",2,3610,-0.050442325859819,0.0525782751846682,-0.153495745221769,0.0526110935021307,-4.91912358310334
"Clothes_No+Fur_Brown",2,3612,-0.0585770411123716,0.0485641615256617,-0.153762797702669,0.0366087154779254,-5.68944203021718
"Clothes_No+Fur_Brown",2,3613,-0.0615810493700139,0.0449088339246041,-0.149602363862238,0.0264402651222101,-5.97232661859082
"Clothes_No+Fur_Brown",2,3615,-0.0564369219092346,0.0443213522769538,-0.143306772372064,0.030432928553595,-5.48739006351885
"Clothes_No+Fur_Brown",2,3616,-0.0563062206891593,0.0460741178206188,-0.146611491617572,0.0339990502392536,-5.47503634278206
"Clothes_No+Fur_Brown",2,3617,-0.0536087662616184,0.0605443717995949,-0.172275734988824,0.0650582024655876,-5.21971535750582
"Clothes_No+Fur_Brown",2,3618,-0.0563208680594895,0.0462183383594736,-0.146908811244058,0.0342670751250787,-5.4764208747903
"Clothes_No+Fur_Brown",2,3619,-0.0570381303707419,0.0464832183178768,-0.14814523827378,0.0340689775322967,-5.54419476688663
"Clothes_No+Fur_Brown",2,3620,-0.0530587148516217,0.04565918004126,-0.142550707732491,0.036433278029248,-5.16756698747091
"Clothes_No+Fur_Brown",2,3621,-0.0541605941035243,0.0456550470634624,-0.143644486347911,0.035323298140862,-5.27200332912916
"Clothes_No+Fur_Brown",2,3622,-0.0530472276775704,0.0594109980351773,-0.169492783826518,0.063398328471377,-5.16647762455035
"Clothes_No+Fur_Brown",2,3624,-0.0567185143074635,0.048317112505914,-0.151420054819055,0.0379830262041279,-5.51400034921082
"Clothes_No+Fur_Brown",2,3626,-0.0554498331722662,0.0456888561727652,-0.144999991270886,0.0341003249263536,-5.39405167169007
"Clothes_No+Fur_Brown",2,3627,-0.0572214977877816,0.047456281975122,-0.150235810459021,0.0357928148834574,-5.56151329604113
"Clothes_No+Fur_Brown",2,3628,-0.0580943839165613,0.0433920559465819,-0.143142813571862,0.0269540457387392,-5.64391137380661
"Clothes_No+Fur_Brown",2,3629,-0.0561013020742721,0.0434032376404997,-0.141171647849652,0.0289690437011072,-5.45566443339253
"Clothes_No+Fur_Brown",2,3631,-0.0582023231832221,0.0458554284928029,-0.148078963029116,0.0316743166626715,-5.65409555117169
"Clothes_No+Fur_Brown",2,3632,-0.0539818274319057,0.0422301950812128,-0.136753009791083,0.0287893549272715,-5.25506760672896
"Clothes_No+Fur_Brown",2,3633,-0.0585973673468073,0.0476445673710277,-0.151980719394022,0.0347859847004069,-5.6913589892459
"Clothes_No+Fur_Brown",2,3634,-0.0487841383603267,0.0574079771012171,-0.161303773478712,0.0637354967580588,-4.76133087359424
"Clothes_No+Fur_Brown",2,3635,-0.0507429673989287,0.0525054542659794,-0.153653657760248,0.0521677229623909,-4.94770454760136
"Clothes_No+Fur_Brown",2,3636,-0.0486801495453589,0.0605601639031724,-0.167378070795577,0.070017771704859,-4.75142660229487
"Clothes_No+Fur_Brown",2,3637,-0.048589910532869,0.058665938167451,-0.163575149341073,0.0663953282753349,-4.74283107727039
"Clothes_No+Fur_Brown",2,3638,-0.0530990607522513,0.055390047528916,-0.161663553908927,0.0554654324044241,-5.171393010207
"Clothes_No+Fur_Brown",2,3639,-0.0532920575610151,0.0588595130649537,-0.168656703168324,0.0620725880462942,-5.18969286277218
"Clothes_No+Fur_Brown",2,3640,-0.0528442418654819,0.0588083516846161,-0.16810861116733,0.0624201274363656,-5.14722581114136
"Clothes_No+Fur_Brown",2,3641,-0.0445496135816996,0.0589358928172988,-0.160063963503605,0.0709647363402061,-4.35718529095417
"Clothes_No+Fur_Brown",2,3642,-0.0464106239740341,0.0555074874039354,-0.155205299285748,0.0623840513376793,-4.53501204303983
"Clothes_No+Fur_Brown",2,3643,-0.0462768856149204,0.0567034057102481,-0.157415560807007,0.0648617895771658,-4.52224385841866
"Clothes_No+Fur_Brown",2,3644,-0.0608919179198185,0.0458151692526227,-0.150689649654959,0.0289058138153221,-5.90750685957298
"Clothes_No+Fur_Brown",2,3646,-0.0477437554967892,0.0530541195312303,-0.151729829778001,0.0562423187844221,-4.66219463340835
"Clothes_No+Fur_Brown",2,3647,-0.0492603025642205,0.058900791829166,-0.164705854549386,0.0661852494209448,-4.80666932352861
"Clothes_No+Fur_Brown",2,3648,-0.0505437702413768,0.0529619035979516,-0.154349101293362,0.0532615608106084,-4.9287685145891
"Clothes_No+Fur_Brown",2,3649,-0.0538144636992929,0.0590943937506616,-0.16963947545059,0.0620105480520039,-5.23920941419135
"Clothes_No+Fur_Brown",2,3650,-0.0460762874045543,0.0557456988605088,-0.155337857171152,0.0631852823620429,-4.50308927028307
"Clothes_No+Fur_Brown",2,3651,-0.05076461540438,0.0553762800566601,-0.159302124315434,0.0577728935066738,-4.94976221793916
"Clothes_No+Fur_Brown",2,3652,-0.0554235722931906,0.0464061974841348,-0.146379719362095,0.0355325747757137,-5.39156720369917
"Clothes_No+Fur_Brown",2,3655,-0.0507732964690449,0.0508171047716512,-0.150374821821481,0.0488282288833916,-4.95058735161823
"Clothes_No+Fur_Brown",2,3656,-0.0445464546874122,0.0588982518499959,-0.159987028313404,0.0708941189385798,-4.35688316493597
"Clothes_No+Fur_Brown",2,3659,-0.0490830975516062,0.0591313664872721,-0.16498057586666,0.0668143807634472,-4.78979909346477
"Clothes_No+Fur_Brown",2,3660,-0.0550926409488875,0.0504596814231848,-0.15399361653833,0.0438083346405546,-5.36025312673246
"Clothes_No+Fur_Brown",2,3661,-0.050126355342805,0.0439415336626449,-0.136251761321589,0.0359990506359789,-4.8890760826116
"Clothes_No+Fur_Brown",2,3662,-0.055261234805261,0.0543092820284998,-0.16170742758112,0.0511849579705986,-5.37620746168482
"Clothes_No+Fur_Brown",2,3663,-0.0467276840888727,0.0604015744299415,-0.165114769971558,0.0716594017938126,-4.56527538518163
"Clothes_No+Fur_Brown",2,3665,-0.0525181792789345,0.0550445189053935,-0.160405436333506,0.0553690777756368,-5.11629282747788
"Clothes_No+Fur_Brown",2,3667,-0.0535667009965584,0.0584609274110623,-0.16815011872224,0.0610167167291236,-5.21572831585246
"Clothes_No+Fur_Brown",2,3668,-0.0516142095257497,0.0535433773562336,-0.156559229143968,0.0533308100924682,-5.03048204679218
"Clothes_No+Fur_Brown",2,3669,-0.0579043479415005,0.047181601800281,-0.150380287470051,0.0345715915870504,-5.62597861862126
"Clothes_No+Fur_Brown",2,3670,-0.0560125982768747,0.0452193556831072,-0.144642535415765,0.0326173388620154,-5.44727761983975
"Clothes_No+Fur_Brown",2,3671,-0.0535870941510506,0.0455498380321573,-0.142864776694079,0.0356905883919778,-5.21766124643901
"Clothes_No+Fur_Brown",2,3672,-0.0472856787367937,0.06016769432688,-0.165214359617478,0.0706430021438911,-4.61851259632176
"Clothes_No+Fur_Brown",2,3673,-0.0558725913589874,0.0439663565033845,-0.142046650105621,0.0303014673876462,-5.43403865784995
"Clothes_No+Fur_Brown",2,3674,-0.0560434410392107,0.0481139370667949,-0.150346757690129,0.0382598756117073,-5.45019384201194
"Clothes_No+Fur_Brown",2,3675,-0.0574831582741805,0.0429182311135425,-0.141602891256724,0.0266365747083627,-5.58622088376619
"Clothes_No+Fur_Brown",2,3676,-0.052096651710231,0.0546750594066535,-0.159259768147272,0.0550664647268099,-5.07628829817023
"Clothes_No+Fur_Brown",2,3677,-0.0545894021954459,0.0426400779165797,-0.138163954911942,0.0289851505210503,-5.31261475275733
"Clothes_No+Fur_Brown",2,3678,-0.0564646005466962,0.0429626707084887,-0.140671435135334,0.0277422340419416,-5.49000600758179
"Clothes_No+Fur_Brown",2,3679,-0.0501285271180839,0.0568341711524353,-0.161523502576857,0.0612664483406893,-4.88928264194061
"Clothes_No+Fur_Brown",2,3680,-0.0555465628239445,0.0553544908565377,-0.164041364902758,0.0529482392548695,-5.4032024295366
"Clothes_No+Fur_Brown",2,3684,-0.0547890639021565,0.046301992653145,-0.145540969502321,0.0359628416980077,-5.33151831047866
"Clothes_No+Fur_Brown",2,3685,-0.0469940041478072,0.053455338038787,-0.15176646670383,0.0577784584082153,-4.5906881825464
"Clothes_No+Fur_Brown",2,3686,-0.0585091091558148,0.0427875863493724,-0.142372778400585,0.0253545600889551,-5.68303511187556
"Clothes_No+Fur_Brown",2,3687,-0.0508832499553942,0.058931229241697,-0.16638845926912,0.064621959358332,-4.9610377913727
"Clothes_No+Fur_Brown",2,3688,-0.0486552207368617,0.0570281486697384,-0.160430392129549,0.0631199506558256,-4.74905213925286
"Clothes_No+Fur_Brown",2,3689,-0.0514771530132534,0.0569763025302222,-0.163150705972489,0.060196399945982,-5.01746496385045
"Clothes_No+Fur_Brown",2,3690,-0.0560625518598106,0.0412561427993916,-0.136924591746618,0.0247994880269969,-5.45200074912938
"Clothes_No+Fur_Brown",2,3691,-0.0542455345655422,0.0454981534712033,-0.143421915369101,0.0349308462380163,-5.28004922721643
"Clothes_No+Fur_Brown",2,3692,-0.0475685444227268,0.0566254935661561,-0.158554511812393,0.0634174229669392,-4.64548893066198
"Clothes_No+Fur_Brown",2,3693,-0.0533290984412032,0.0473986136648165,-0.146230381224243,0.0395721843418371,-5.19320465495911
"Clothes_No+Fur_Brown",2,3694,-0.0528580818448236,0.0556677254306545,-0.161966823688907,0.0562506599992593,-5.1485385624924
"Clothes_No+Fur_Brown",2,3696,-0.0495112127733487,0.0545674489234643,-0.156463412663339,0.0574409871166415,-4.83055130579438
"Clothes_No+Fur_Brown",2,3697,-0.0506324903733609,0.0563652340857168,-0.161108349181366,0.059843368434644,-4.93720287264016
"Clothes_No+Fur_Brown",2,3698,-0.0574151291994296,0.0456626548931487,-0.146913932790001,0.0320836743911418,-5.57979778325286
"Clothes_No+Fur_Brown",2,3699,-0.0554141769138307,0.0565068115254659,-0.166167527503744,0.0553391736760825,-5.39067831740669
"Clothes_No+Fur_Brown",2,3700,-0.0477319327742395,0.0564038611714667,-0.158283500670314,0.0628196351218353,-4.66106747432397
"Clothes_No+Fur_Brown",2,3701,-0.0524090354432934,0.0593710167746344,-0.168776228321577,0.06395815743499,-5.10593629057141
"Clothes_No+Fur_Brown",2,3702,-0.0564022964087829,0.0426535670530728,-0.140003287832806,0.0271986950152397,-5.48411746044338
"Clothes_No+Fur_Brown",2,3703,-0.0551372669099843,0.0480060303030217,-0.149229086303907,0.0389545524839382,-5.36447642215963
"Clothes_No+Fur_Brown",2,3704,-0.0469426706699118,0.0586466035567953,-0.16189001364123,0.068004672301407,-4.58579036503728
"Clothes_No+Fur_Brown",2,3705,-0.0591383045169645,0.0447217373201753,-0.146792909664508,0.028516300630579,-5.74236024315501
"Clothes_No+Fur_Brown",2,3706,-0.0573454798903719,0.0478782945476861,-0.151186937203837,0.0364959774230928,-5.57322125238462
"Clothes_No+Fur_Brown",2,3707,-0.0556218645178182,0.0415992131712842,-0.137156322333535,0.0259125932978987,-5.41032546043718
"Clothes_No+Fur_Brown",2,3708,-0.0494381937535834,0.0564099689490901,-0.1600017328938,0.0611253453866331,-4.82360187222181
"Clothes_No+Fur_Brown",2,3709,-0.0535796804516429,0.0613031451597565,-0.173733844964766,0.0665744840614798,-5.21695855606558
"Clothes_No+Fur_Brown",2,3710,-0.0520154382159845,0.0599174706027318,-0.169453680597339,0.0654228041653699,-5.06857889880669
"Clothes_No+Fur_Brown",2,3711,-0.0582402745608791,0.0548425827818134,-0.165731736813233,0.0492511876914751,-5.65767604027915
"Clothes_No+Fur_Brown",2,3712,-0.0533748298921179,0.0526632004307292,-0.156594702736347,0.0498450429521113,-5.19754020813049
"Clothes_No+Fur_Brown",2,3713,-0.0483471282423682,0.0549013823076763,-0.155953837565414,0.0592595810806774,-4.71970151600238
"Clothes_No+Fur_Brown",2,3715,-0.0472919371878025,0.0589462018974982,-0.162826492906899,0.068242618531294,-4.61910953481985
"Clothes_No+Fur_Brown",2,3716,-0.0559846136944285,0.0472008891277305,-0.14849835638478,0.0365291289959234,-5.44463156436058
"Clothes_No+Fur_Brown",2,3717,-0.0561339255784473,0.0445678152196107,-0.143486843408884,0.0312189922519896,-5.45874875060773
"Clothes_No+Fur_Brown",2,3718,-0.0554907609557276,0.04947989294649,-0.152471351130848,0.0414898292193928,-5.39792360422205
"Clothes_No+Fur_Brown",2,3719,-0.0539627975656845,0.0492004221114415,-0.15039562490411,0.0424700297727409,-5.253264606185
"Clothes_No+Fur_Brown",2,3721,-0.0475385619851766,0.0585270570300381,-0.162251593764051,0.067174469793698,-4.64262992712899
"Clothes_No+Fur_Brown",2,3722,-0.058032563051688,0.0458956582677202,-0.14798805325642,0.0319229271530437,-5.638078018492
"Clothes_No+Fur_Brown",2,3723,-0.0511208069370455,0.0567626328076054,-0.162375567239952,0.0601339533658611,-4.98361227890454
"Clothes_No+Fur_Brown",2,3724,-0.0511632226084244,0.0564359957331132,-0.161777774245326,0.0594513290284774,-4.98764237731146
"Clothes_No+Fur_Brown",2,3727,-0.0506801319234759,0.0565834532516886,-0.161583700296786,0.0602234364498338,-4.94173170377245
"Clothes_No+Fur_Brown",2,3730,-0.0584318630529872,0.0437966150317894,-0.144273228515294,0.02740950240932,-5.67574921250736
"Clothes_No+Fur_Brown",2,3731,-0.0558648285223022,0.0459170250381767,-0.145862197597129,0.0341325405525241,-5.43330455488671
"Clothes_No+Fur_Brown",2,3732,-0.0495213643812001,0.0546579948054716,-0.156651034199924,0.0576083054375242,-4.83151742381312
"Clothes_No+Fur_Brown",2,3733,-0.0477361006339756,0.06101235592116,-0.167320318239449,0.0718481169714981,-4.66146483279405
"Clothes_No+Fur_Brown",2,3734,-0.0479592891820503,0.0597903626403893,-0.165148399957213,0.0692298215931127,-4.6827409276549
"Clothes_No+Fur_Brown",2,3735,-0.0529634183057097,0.055244385099337,-0.16124241310041,0.0553155764889907,-5.15852935354357
"Clothes_No+Fur_Brown",2,3736,-0.0488355333075024,0.0647240766524751,-0.175694723546354,0.0780236569313487,-4.76622553418158
"Clothes_No+Fur_Brown",2,3737,-0.0512963950471736,0.0591681443070903,-0.16726595788907,0.0646731677947234,-5.00029456220752
"Clothes_No+Fur_Brown",2,3738,-0.0473583939363145,0.0522642026612844,-0.149796231152432,0.055079443279803,-4.62544802805019
"Clothes_No+Fur_Brown",2,3739,-0.0531404693028526,0.0554224315473396,-0.161768435135638,0.055487496529933,-5.17531964407932
"Clothes_No+Fur_Brown",2,3740,-0.0473714492599705,0.0546527177168467,-0.15449077598499,0.059747877465049,-4.62669316556689
"Clothes_No+Fur_Brown",2,3741,-0.0468639173357812,0.0566837423573663,-0.157964052356219,0.0642362176846567,-4.57827588201367
"Clothes_No+Fur_Brown",2,3742,-0.0568011589704796,0.043735376197221,-0.142522496317033,0.0289201783760736,-5.52180879014427
"Clothes_No+Fur_Brown",2,3743,-0.0573829489226997,0.0450827670416336,-0.145745172324302,0.030979274478902,-5.57675926612674
"Clothes_No+Fur_Brown",2,3744,-0.0506729982976231,0.0517404763703112,-0.152084331983433,0.0507383353881869,-4.94105359123351
"Clothes_No+Fur_Brown",2,3745,-0.0493616652649514,0.0543491339102857,-0.155885967729111,0.0571626371992085,-4.81631788760704
"Clothes_No+Fur_Brown",2,3746,-0.0477905087778553,0.052980665609188,-0.151632613371864,0.0560515958161531,-4.6666518844225
"Clothes_No+Fur_Brown",2,3748,-0.0478973737492727,0.0518540527371788,-0.149531317114143,0.0537365696155977,-4.67683913560415
"Clothes_No+Fur_Brown",2,3749,-0.0516211998709399,0.058168728840135,-0.165631908397604,0.0623895086557248,-5.03114591418489
"Clothes_No+Fur_Brown",2,3750,-0.0520934416132752,0.0511638484132152,-0.152374584503177,0.0481877012766266,-5.07598358336318
"Clothes_No+Fur_Brown",2,3751,-0.0531752977015856,0.0521340377427376,-0.155358011677351,0.0490074162741802,-5.17862217834517
"Clothes_No+Fur_Brown",2,3752,-0.0579434059007309,0.0434527356766776,-0.143110767827019,0.0272239560255573,-5.6296646033168
"Clothes_No+Fur_Brown",2,3753,-0.0576996154330815,0.0491764691900524,-0.154085495045584,0.0386862641794212,-5.60665521049686
"Clothes_No+Fur_Brown",2,3755,-0.0562105959970471,0.0483359811857779,-0.150949119121172,0.0385279271270776,-5.46599699004965
"Clothes_No+Fur_Brown",2,3756,-0.0483531502828266,0.0558187577617636,-0.157757915495883,0.0610516149302299,-4.72027529608708
"Clothes_No+Fur_Brown",2,3760,-0.0587137080854799,0.0454643703228268,-0.14782387391822,0.0303964577472607,-5.70233028798742
"Clothes_No+Fur_Brown",2,3761,-0.0524715584171285,0.0470429664104383,-0.144675772581588,0.0397326557473306,-5.11186916416144
"Clothes_No+Fur_Brown",2,3762,-0.0575775175322525,0.048111997558187,-0.151877032746299,0.036721997681794,-5.59512927761404
"Clothes_No+Fur_Brown",2,3763,-0.0576956447361477,0.0471867808918167,-0.150181735284108,0.034790445811813,-5.60628040238801
"Clothes_No+Fur_Brown",2,3764,-0.0561657009590115,0.0458721508441788,-0.146075116613602,0.0337437146955789,-5.46175278711775
"Clothes_No+Fur_Brown",2,3765,-0.0554074416336119,0.0468067550330903,-0.147148681498469,0.0363337982312451,-5.39004109496791
"Clothes_No+Fur_Brown",2,3767,-0.0554150025104662,0.0426295475584688,-0.138968915725065,0.0281389107041327,-5.39075642651211
"Clothes_No+Fur_Brown",2,3768,-0.0514954848771997,0.0546063060211217,-0.158523844678598,0.0555328749241988,-5.01920615480033
"Clothes_No+Fur_Brown",2,3769,-0.0503956685681568,0.0543022529009878,-0.156828084254093,0.0560367471177792,-4.91468726342833
"Clothes_No+Fur_Brown",2,3770,-0.0519452851602857,0.0576114049879251,-0.164863638936619,0.0609730686160475,-5.06191893592896
"Clothes_No+Fur_Brown",2,3771,-0.0515271828576214,0.0534045150455465,-0.156200032346892,0.0531456666316497,-5.02221680642801
"Clothes_No+Fur_Brown",2,3772,-0.0504746377743381,0.0556114858437666,-0.159473150028121,0.0585238744794445,-4.92219577862
"Clothes_No+Fur_Brown",2,3773,-0.0533171307009025,0.045782634711771,-0.143051094735974,0.0364168333341685,-5.19207002506421
"Clothes_No+Fur_Brown",2,3774,-0.0561918126892507,0.0458915482271723,-0.146139247214508,0.033755621836007,-5.46422131209738
"Clothes_No+Fur_Brown",2,3775,-0.0543377549691716,0.0477186388627348,-0.147866287140132,0.0391907772017886,-5.28878393654306
"Clothes_No+Fur_Brown",2,3777,-0.0559439982662083,0.0487114265404007,-0.151418394285394,0.039530397752977,-5.44079107959011
"Clothes_No+Fur_Brown",2,3778,-0.0558171527331415,0.0509536048536295,-0.155686218246255,0.0440519127799723,-5.42879590557719
"Clothes_No+Fur_Brown",2,3779,-0.0575890414259637,0.0449551958494453,-0.145701225290876,0.030523142438949,-5.5962171830416
"Clothes_No+Fur_Brown",2,3780,-0.0559713691181375,0.0437976638753661,-0.141814790313855,0.02987205207758,-5.44337921027619
"Clothes_No+Fur_Brown",2,3781,-0.0607173670480562,0.0455684250010853,-0.150031480050184,0.028596745954071,-5.89108149938027
"Clothes_No+Fur_Brown",2,3782,-0.0487241499056248,0.0591934401633079,-0.164743292625708,0.0672949928144587,-4.75561748163841
"Clothes_No+Fur_Brown",2,3784,-0.0553565948704024,0.0478266943663694,-0.149096915828486,0.0383837260876817,-5.38523036248616
"Clothes_No+Fur_Brown",2,3785,-0.0546972973044581,0.047553865472907,-0.147902873631356,0.0385082790224397,-5.32283050738577
"Clothes_No+Fur_Brown",2,3786,-0.0500952869377639,0.0573138959218405,-0.162430522944571,0.0622399490690435,-4.88612109200032
"Clothes_No+Fur_Brown",2,3787,-0.049574247967855,0.0599246484259416,-0.1670265588827,0.0678780629469906,-4.836550141433
"Clothes_No+Fur_Brown",2,3788,-0.0497015556451748,0.0573658665232848,-0.162138654030813,0.0627355427404633,-4.84866440806431
"Clothes_No+Fur_Brown",2,3789,-0.0565383008526719,0.0442739993578908,-0.143315339594138,0.030238737888794,-5.49697116638648
"Clothes_No+Fur_Brown",2,3791,-0.0525637012966114,0.0592107091655553,-0.1686166912611,0.0634892886678769,-5.12061202696295
"Clothes_No+Fur_Brown",2,3792,-0.0551479084423997,0.0539995073829953,-0.160986942913071,0.0506911260282712,-5.36548348379308
"Clothes_No+Fur_Brown",2,3793,-0.0498855614347632,0.0549661557797188,-0.157619226763012,0.0578481038934858,-4.86617119397591
"Clothes_No+Fur_Brown",2,3794,-0.0523111612591132,0.0522456743489484,-0.154712682983052,0.0500903604648255,-5.09664815697548
"Clothes_No+Fur_Brown",2,3795,-0.0471374975318869,0.0623835568687178,-0.169409268994574,0.0751342739307999,-4.60437780536316
"Clothes_No+Fur_Brown",2,3796,-0.048304472110369,0.0562364920562157,-0.158527996540552,0.0619190523198139,-4.71563714032867
"Clothes_No+Fur_Brown",2,3798,-0.0557839222677333,0.0482437688257774,-0.150341709166257,0.0387738646307903,-5.42565320823456
"Clothes_No+Fur_Brown",2,3800,-0.0516144073554015,0.0544319482444486,-0.158301025914521,0.0550722112037178,-5.030500834577
"Clothes_No+Fur_Brown",2,3801,-0.0498002747133939,0.0564382617103259,-0.160419267665633,0.0608187182388449,-4.8580571956225
"Clothes_No+Fur_Brown",2,3802,-0.0521395205399727,0.0555582013613829,-0.161033595208283,0.0567545541283377,-5.08035747938448
"Clothes_No+Fur_Brown",2,3803,-0.0569923627988137,0.0575690499107506,-0.169827700623885,0.0558429750262575,-5.53987165509818
"Clothes_No+Fur_Brown",2,3804,-0.0519325518681417,0.0540079847128418,-0.157788201905312,0.0539230981690282,-5.06071005391068
"Clothes_No+Fur_Brown",2,3805,-0.0571204560057911,0.0444566757968963,-0.144255540567708,0.0300146285561257,-5.55197058095773
"Clothes_No+Fur_Brown",2,3806,-0.049242702297296,0.0579976377540501,-0.162918072295234,0.0644326677006421,-4.8049938807552
"Clothes_No+Fur_Brown",2,3807,-0.0556997453462685,0.0451656407715643,-0.144224401258534,0.0328249105659974,-5.41769189579741
"Clothes_No+Fur_Brown",2,3808,-0.0517661149259805,0.0574542638897146,-0.164376472149821,0.0608442422978602,-5.04490733375936
"Clothes_No+Fur_Brown",2,3809,-0.0533851896531012,0.0470426332012021,-0.145588750727457,0.0388183714212549,-5.19852233386725
"Clothes_No+Fur_Brown",2,3810,-0.0468722316183224,0.0578755436707959,-0.160308297213082,0.0665638339764377,-4.57906924189044
"Clothes_No+Fur_Brown",2,3813,-0.0524041622808622,0.0556724413510616,-0.161522147328943,0.0567138227672185,-5.10547385525844
"Clothes_No+Fur_Brown",2,3814,-0.0478677330610853,0.0545209862580522,-0.154728866126868,0.0589934000046969,-4.67401364964146
"Clothes_No+Fur_Brown",2,3815,-0.0574238180877646,0.0443226714057903,-0.144296254043114,0.0294486178675844,-5.58061818628228
"Clothes_No+Fur_Brown",2,3817,-0.0573784492915474,0.0472906527497608,-0.150068128681079,0.0353112300979838,-5.57633439541535
"Clothes_No+Fur_Brown",2,3818,-0.0446394839868072,0.0579624148779327,-0.158245817147555,0.0689668491739409,-4.3657803632306
"Clothes_No+Fur_Brown",2,3820,-0.0595001821983219,0.0447306278376016,-0.147172212760021,0.0281718483633772,-5.77646380824873
"Clothes_No+Fur_Brown",2,3821,-0.0519473599382752,0.0470538999034944,-0.144173003749124,0.040278283872574,-5.06211591116558
"Clothes_No+Fur_Brown",2,3823,-0.0510815313581422,0.0572500121017256,-0.163291555077524,0.06112849236124,-4.97988038198577
"Clothes_No+Fur_Brown",2,3824,-0.053859518888982,0.0453997561200586,-0.142843040884297,0.0351240031063328,-5.24347878340693
"Clothes_No+Fur_Brown",2,3825,-0.052022905646239,0.0564229123596685,-0.162611813871189,0.0585660025787112,-5.06928778992592
"Clothes_No+Fur_Brown",2,3826,-0.0494023140963499,0.0605296602504889,-0.168040448187308,0.0692358199946084,-4.82018691441686
"Clothes_No+Fur_Brown",2,3827,-0.0600412215256024,0.044572696901675,-0.147403707452885,0.0273212644016807,-5.8274286586465
"Clothes_No+Fur_Brown",2,3828,-0.0549005600742392,0.0465753724971163,-0.146188290168587,0.0363871700201086,-5.34207289539509
"Clothes_No+Fur_Brown",2,3829,-0.0530838761118238,0.0532721635420706,-0.157497316654282,0.0513295644306347,-5.1699530609751
"Clothes_No+Fur_Brown",2,3831,-0.0495613173531084,0.0556187146575496,-0.158573998081906,0.0594513633756888,-4.83531961156919
"Clothes_No+Fur_Brown",2,3832,-0.0585460810213286,0.0462145397241882,-0.149126578880737,0.0320344168380802,-5.68652212155604
"Clothes_No+Fur_Brown",2,3833,-0.050245458853906,0.058610771032601,-0.165122570077804,0.0646316523699919,-4.90040345301603
"Clothes_No+Fur_Brown",2,3834,-0.0580933910262943,0.0420754049978463,-0.140561184822073,0.0243744027694845,-5.64381768851807
"Clothes_No+Fur_Brown",2,3835,-0.0581625280665327,0.0458741586185296,-0.148075878958851,0.0317508228257853,-5.65034097018848
"Clothes_No+Fur_Brown",2,3837,-0.0590505063469782,0.0453778798088664,-0.147991150772356,0.0298901380784,-5.73408423157311
"Clothes_No+Fur_Brown",2,3838,-0.0544721356382751,0.0423651840623396,-0.137507896400461,0.0285636251239104,-5.30151043801224
"Clothes_No+Fur_Brown",2,3840,-0.0560490197619464,0.0412936526225973,-0.136984578902237,0.0248865393783443,-5.45072130769392
"Clothes_No+Fur_Brown",2,3841,-0.0564503630226779,0.0454532514382505,-0.145538735841649,0.0326380097962931,-5.48866040969338
"Clothes_No+Fur_Brown",2,3842,-0.0569712664199599,0.0474499466429002,-0.149973161840044,0.0360306290001244,-5.53787886742382
"Clothes_No+Fur_Brown",2,3843,-0.0566104615782623,0.0497819576799437,-0.154183098630952,0.0409621754744274,-5.50379032747683
"Clothes_No+Fur_Brown",2,3844,-0.0600513118200602,0.0424517661862088,-0.143256773545029,0.0231541499049091,-5.82837888282716
"Clothes_No+Fur_Brown",2,3845,-0.0558294964130383,0.0461963306671813,-0.146374304520714,0.0347153116946371,-5.42996325504327
"Clothes_No+Fur_Brown",2,3846,-0.0572820749104126,0.0429757837787515,-0.141514611116765,0.0269504612959403,-5.56723393455962
"Clothes_No+Fur_Brown",2,3848,-0.0608177534245169,0.0470308169389102,-0.152998154624781,0.0313626477757471,-5.90052827852928
"Clothes_No+Fur_Brown",2,3850,-0.0570579235628276,0.0422424954843008,-0.139853214712057,0.025737367586402,-5.54606433028085
"Clothes_No+Fur_Brown",2,3851,-0.056027242517106,0.0462387886873405,-0.146655268344293,0.0346007833100814,-5.44866226248226
"Clothes_No+Fur_Brown",2,3854,-0.0498621191057135,0.045441218551859,-0.138926907467357,0.03920266925593,-4.86394100931703
"Clothes_No+Fur_Brown",2,3855,-0.0531615109102023,0.0542176422150431,-0.159428089651687,0.0531050678312821,-5.17731488677881
"Clothes_No+Fur_Brown",2,3856,-0.0564588843024468,0.0482224204651001,-0.150974828414043,0.0380570598091493,-5.48946576382804
"Clothes_No+Fur_Brown",2,3857,-0.0566140420731002,0.0470611548781044,-0.148853905634185,0.0356258214879845,-5.50412867006205
"Clothes_No+Fur_Brown",2,3858,-0.0577204287253117,0.0468573015060327,-0.149560739677136,0.0341198822265123,-5.60861982632141
"Clothes_No+Fur_Brown",2,3860,-0.0553920368418326,0.0419641802993465,-0.137641830228552,0.0268577565448865,-5.38858363702485
"Clothes_No+Fur_Brown",2,3861,-0.0526425572520838,0.0476433585391697,-0.146023539988857,0.0407384254846889,-5.12809353677153
"Clothes_No+Fur_Brown",2,3862,-0.0565247457197747,0.0404682097298612,-0.135842436790303,0.0227929453507533,-5.49569015658934
"Clothes_No+Fur_Brown",2,3863,-0.0530074492480502,0.0517190938094913,-0.154376873114653,0.0483619746185528,-5.16270522093473
"Clothes_No+Fur_Brown",2,3864,-0.0525437661345802,0.0430293816978901,-0.136881354262445,0.0317938219932845,-5.11872057213711
"Clothes_No+Fur_Brown",2,3865,-0.0557106677868439,0.0436530387415633,-0.141270623720308,0.0298492881466201,-5.41872495979535
"Clothes_No+Fur_Brown",2,3866,-0.0494526512888066,0.0560541007750001,-0.159318688807807,0.0604133862301936,-4.82497787840329
"Clothes_No+Fur_Brown",2,3867,-0.0551269953580272,0.048702067818269,-0.150583048281835,0.0403290575657801,-5.36350436346995
"Clothes_No+Fur_Brown",2,3868,-0.0516701194042691,0.0585949652726463,-0.166516251338656,0.0631760125301176,-5.03579163257347
"Clothes_No+Fur_Brown",2,3869,-0.0568244963221206,0.046469361358155,-0.147904444584105,0.0342554519398632,-5.52401363518723
"Clothes_No+Fur_Brown",2,3870,-0.0567286561184243,0.0475264178538947,-0.149880435112058,0.0364231228752093,-5.5149586034985
"Clothes_No+Fur_Brown",2,3872,-0.0549407329312782,0.0532866480584075,-0.159382563125757,0.0495010972632006,-5.34587549838704
"Clothes_No+Fur_Brown",2,3873,-0.0535137038521729,0.0463645529213525,-0.144388227578024,0.0373608198736781,-5.21070488700803
"Clothes_No+Fur_Brown",2,3874,-0.0554110869497654,0.0418946219809314,-0.137524546032391,0.0267023721328602,-5.39038597755079
"Clothes_No+Fur_Brown",2,3875,-0.0564166447510842,0.0452889101560124,-0.145182908656868,0.0323496191547001,-5.48547359694979
"Clothes_No+Fur_Brown",2,3876,-0.051632108177947,0.0467026838209203,-0.143169368466951,0.0399051521110567,-5.03218185795117
"Clothes_No+Fur_Brown",2,3877,-0.0597933186800282,0.0427872283363105,-0.143656286219197,0.0240696488591404,-5.80408011627047
"Clothes_No+Fur_Brown",2,3878,-0.0573338593249927,0.043936128038999,-0.143448670281431,0.0287809516314454,-5.57212395345302
"Clothes_No+Fur_Brown",2,3880,-0.0572039222555148,0.0455172537946459,-0.146417739693021,0.0320098951819911,-5.55985347478476
"Clothes_No+Fur_Brown",2,3881,-0.0569972566874494,0.0455405241759988,-0.146256684072407,0.0322621706975082,-5.54033393131564
"Clothes_No+Fur_Brown",2,3882,-0.0567505908537311,0.0459594358119118,-0.146831085045078,0.0333299033376161,-5.51703108514223
"Clothes_No+Fur_Brown",2,3883,-0.0515534034172258,0.0530097289030861,-0.155452472067275,0.052345665232823,-5.02470714440417
"Clothes_No+Fur_Brown",2,3884,-0.0546517036570567,0.0451718528626017,-0.143188535267756,0.0338851279536426,-5.31851373149493
"Clothes_No+Fur_Brown",2,3885,-0.0597982258415872,0.0442543833861503,-0.146536817278442,0.0269403655952673,-5.80454234973341
"Clothes_No+Fur_Brown",2,3886,-0.0496294937817259,0.0600136819176339,-0.167256310340288,0.0679973227768366,-4.8418073784497
"Clothes_No+Fur_Brown",2,3887,-0.0453577927901194,0.0589873180287906,-0.160972936126549,0.0702573505463102,-4.43445059892353
"Clothes_No+Fur_Brown",2,3888,-0.0537918886982509,0.0463905419296844,-0.144717350880432,0.0371335734839305,-5.23707016509845
"Clothes_No+Fur_Brown",2,3889,-0.0569722769218095,0.0433672202062278,-0.141972028526016,0.028027474682397,-5.53797432152371
"Clothes_No+Fur_Brown",2,3890,-0.0551770308790443,0.0537755813693882,-0.160577170363045,0.0502231086049565,-5.36823943137458
"Clothes_No+Fur_Brown",2,3891,-0.0459367416759791,0.0560875929986643,-0.155868423953361,0.0639949406014029,-4.48976215444918
"Clothes_No+Fur_Brown",2,3892,-0.0466381851371713,0.0589039559482893,-0.162089938795818,0.0688135685214757,-4.55673369514226
"Clothes_No+Fur_Brown",2,3893,-0.0492317645790528,0.0560373414062238,-0.159064953735251,0.0606014245771459,-4.80395265890582
"Clothes_No+Fur_Brown",2,3894,-0.052087838062171,0.0605506741477787,-0.170767159391817,0.0665914832674754,-5.07545167029587
"Clothes_No+Fur_Brown",2,3895,-0.0573557830246851,0.0473553059032962,-0.150172182595146,0.0354606165457755,-5.57419413915692
"Clothes_No+Fur_Brown",2,3896,-0.0582556965409533,0.0462740536382665,-0.148952841671956,0.032441448590049,-5.65913097450039
"Clothes_No+Fur_Brown",2,3897,-0.0560021312143737,0.0463339294939599,-0.146816633022535,0.0348123705937878,-5.44628792540537
"Clothes_No+Fur_Brown",2,3898,-0.051042399589531,0.0532152745302978,-0.155344337668915,0.0532595384898527,-4.97616200389858
"Clothes_No+Fur_Brown",2,3899,-0.0478728562954024,0.0595148293402294,-0.164521921802252,0.0687762092114473,-4.67450202575502
"Clothes_No+Fur_Brown",2,3900,-0.0528282730178521,0.0451913809679865,-0.141403379715106,0.0357468336794015,-5.14571110954909
"Clothes_No+Fur_Brown",2,3901,-0.0497196185898783,0.0550295089186185,-0.157577456070371,0.058138218890614,-4.85038310585515
"Clothes_No+Fur_Brown",2,3902,-0.0587820109498595,0.050315620752883,-0.15740062762551,0.0398366057257912,-5.70877086897551
"Clothes_No+Fur_Brown",2,3903,-0.0510795810685326,0.059122544317159,-0.166959767930164,0.064800605793099,-4.97969506505306
"Clothes_No+Fur_Brown",2,3906,-0.0457354283946605,0.0578336122548945,-0.159089308414254,0.0676184516249327,-4.47053273956561
"Clothes_No+Fur_Brown",2,3907,-0.0511127962416677,0.0546719124260171,-0.158269744596661,0.0560441521133258,-4.98285112851794
"Clothes_No+Fur_Brown",2,3908,-0.0514743746807636,0.0563993627778735,-0.162017125725396,0.0590683763638684,-5.0172010704208
"Clothes_No+Fur_Brown",2,3909,-0.0572972504869855,0.0396902756350853,-0.135090190731753,0.0204956897577818,-5.56866699535825
"Clothes_No+Fur_Brown",2,3910,-0.0493371332313738,0.0535682041708269,-0.154330813406195,0.0556565469434469,-4.81398280967943
"Clothes_No+Fur_Brown",2,3911,-0.0508212386517132,0.0525231779595512,-0.153766667452434,0.0521241901490071,-4.95514411869038
"Clothes_No+Fur_Brown",2,3912,-0.0505023990886186,0.0550979991694618,-0.158494477460764,0.0574896792835265,-4.92483522678664
"Clothes_No+Fur_Brown",2,3913,-0.0532312941012736,0.0544589121142614,-0.159970761845226,0.0535081736426788,-5.1839316854586
"Clothes_No+Fur_Brown",2,3914,-0.050766572559514,0.0573834172966738,-0.163238070460995,0.0617049253419667,-4.94994824581798
"Clothes_No+Fur_Brown",2,3915,-0.0525942410942783,0.0567755990638365,-0.163874415259398,0.0586859330708413,-5.12350958002883
"Clothes_No+Fur_Brown",2,3916,-0.0508370998415721,0.0496446523467388,-0.14814061844118,0.046466418758036,-4.95665163123913
"Clothes_No+Fur_Brown",2,3917,-0.0500845811789656,0.0552056143375196,-0.158287585280504,0.0581184229225728,-4.88510282030368
"Clothes_No+Fur_Brown",2,3919,-0.05014899582613,0.0562882574255284,-0.160473980380166,0.0601759887279056,-4.89122941552224
"Clothes_No+Fur_Brown",2,3920,-0.0515804188414689,0.0567196342600005,-0.16275090199107,0.059590064308132,-5.02727290757553
"Clothes_No+Fur_Brown",2,3921,-0.0487501770647849,0.0509155292616828,-0.148544614417683,0.0510442602881135,-4.75809639008171
"Clothes_No+Fur_Brown",2,3922,-0.0492312042675299,0.0587293691362462,-0.164340767774572,0.0658783592395126,-4.80389931944862
"Clothes_No+Fur_Brown",2,3923,-0.0557547980166109,0.0448156012392055,-0.143593376445454,0.0320837804122318,-5.42289876109845
"Clothes_No+Fur_Brown",2,3924,-0.0546128192253913,0.045933478547131,-0.144642437177768,0.0354167987269855,-5.31483202413207
"Clothes_No+Fur_Brown",2,3926,-0.0567876381477112,0.0459300727170089,-0.146810580673049,0.0332353043776262,-5.5205313586295
"Clothes_No+Fur_Brown",2,3927,-0.0524866664578944,0.057770082862616,-0.165716028868622,0.060742695952833,-5.11330272708113
"Clothes_No+Fur_Brown",2,3928,-0.0603213521645929,0.0424796138634429,-0.143581395336941,0.0229386910077552,-5.85380558656641
"Clothes_No+Fur_Brown",2,3931,-0.0600521571821365,0.0465187976066963,-0.151229000491261,0.0311246861269882,-5.82845849191067
"Clothes_No+Fur_Brown",2,3932,-0.0505504396823767,0.0589414103211209,-0.166075603911774,0.0649747245470202,-4.92940258444383
"Clothes_No+Fur_Brown",2,3933,-0.0528091980681669,0.0577239113919157,-0.165948064396322,0.0603296682599878,-5.14390175150443
"Clothes_No+Fur_Brown",2,3934,-0.0570748337916381,0.0473167238191302,-0.149815612477133,0.0356659448938571,-5.54766155444032
"Clothes_No+Fur_Brown",2,3935,-0.0497079137719715,0.0543035920969252,-0.156142954281945,0.0567271267380018,-4.8492693903976
"Clothes_No+Fur_Brown",2,3936,-0.0572601432180405,0.0469285485803828,-0.149240098435591,0.0347198119995098,-5.56516284147323
"Clothes_No+Fur_Brown",2,3937,-0.047329401842788,0.0589944038630718,-0.162958433414409,0.0682996297288326,-4.62268288003586
"Clothes_No+Fur_Brown",2,3938,-0.0560236536537483,0.0492477533517485,-0.152549250223175,0.0405019429156788,-5.44832293004193
"Clothes_No+Fur_Brown",2,3939,-0.0585556215283423,0.0466649890653626,-0.150019000096453,0.0329077570397684,-5.68742191566097
"Clothes_No+Fur_Brown",2,3940,-0.0544247949085424,0.0483201233723792,-0.149132236718406,0.0402826469013208,-5.29702723629359
"Clothes_No+Fur_Brown",2,3941,-0.0540915436471762,0.0573048175713109,-0.166408986086946,0.0582258987925931,-5.265462091895
"Clothes_No+Fur_Brown",2,3942,-0.0524359574146288,0.0552359401690578,-0.160698400145982,0.0558264853167246,-5.10849099144555
"Clothes_No+Fur_Brown",2,3943,-0.0594300904747138,0.0457876645432136,-0.149173912979413,0.030313732029985,-5.76985928673416
"Clothes_No+Fur_Brown",2,3944,-0.0470889972253583,0.0586736762247194,-0.162089402625808,0.0679114081750918,-4.59975097624483
"Clothes_No+Fur_Brown",2,3945,-0.0499065885349004,0.056211056641391,-0.160080259552027,0.0602670824822261,-4.86817156148961
"Clothes_No+Fur_Brown",2,3946,-0.0506502779270259,0.0576825876899335,-0.163708149799296,0.0624075939452438,-4.9388937922069
"Clothes_No+Fur_Brown",2,3948,-0.0470634110969391,0.056350558007567,-0.15751050479177,0.0633836825978923,-4.59731002199493
"Clothes_No+Fur_Brown",2,3949,-0.0581736154993982,0.0459789972568589,-0.148292450122842,0.0319452191240453,-5.65138705989963
"Clothes_No+Fur_Brown",2,3950,-0.0458783685735988,0.0588884240917641,-0.161299679793456,0.0695429426462589,-4.48418676283219
"Clothes_No+Fur_Brown",2,3951,-0.0538998129814443,0.0445344605481055,-0.141187355655731,0.0333877296928424,-5.24729683451127
"Clothes_No+Fur_Brown",2,3952,-0.0533300086632325,0.0460560158806423,-0.143599799789291,0.0369397824628265,-5.19329095015348
"Clothes_No+Fur_Brown",2,3953,-0.054173886545118,0.0466068606401247,-0.145523333399762,0.0371755603095264,-5.27326248712354
"Clothes_No+Fur_Brown",2,3954,-0.04758704850716,0.0565919758112547,-0.158507321097219,0.0633332240828992,-4.64725336226125
"Clothes_No+Fur_Brown",2,3956,-0.05780566871596,0.0474813346833992,-0.150869084695423,0.0352577472635025,-5.61666540377735
"Clothes_No+Fur_Brown",2,3957,-0.0499586143633436,0.0572370182605339,-0.16214317015399,0.0622259414273029,-4.87312074493165
"Clothes_No+Fur_Brown",2,3958,-0.0551894336101081,0.0482997720460713,-0.149856986820408,0.0394781196001917,-5.36941311637253
"Clothes_No+Fur_Brown",2,3959,-0.0576754600276644,0.043394764268459,-0.142729197993844,0.0273782779385152,-5.60437507344608
"Clothes_No+Fur_Brown",2,3960,-0.0560800869883667,0.0459857956488881,-0.146212246460187,0.034052072483454,-5.45365864591522
"Clothes_No+Fur_Brown",2,3961,-0.0494549301485439,0.0536616036072683,-0.15463167321879,0.0557218129217019,-4.82519476868207
"Clothes_No+Fur_Brown",2,3963,-0.0572903635214743,0.0469372153199511,-0.149287305548578,0.0347065785056299,-5.56801664778521
"Clothes_No+Fur_Brown",2,3964,-0.058237384880437,0.0490170042338017,-0.154310713178688,0.0378359434178144,-5.65740342071684
"Clothes_No+Fur_Brown",2,3965,-0.0492235893530317,0.0541265350683058,-0.155311598086911,0.0568644193808477,-4.8031744065213
"Clothes_No+Fur_Brown",2,3966,-0.0559836450940306,0.0446701938069674,-0.143537224955687,0.0315699347676256,-5.44453997794874
"Clothes_No+Fur_Brown",2,3967,-0.052539294477202,0.044222039466836,-0.139214491832201,0.0341359028777964,-5.1182962946153
"Clothes_No+Fur_Brown",2,3968,-0.0562218010887513,0.044826472348913,-0.144081686892621,0.0316380847151181,-5.467056246288
"Clothes_No+Fur_Brown",2,3969,-0.0548857636448812,0.0436720580995524,-0.140482997520004,0.0307114702302416,-5.34067228570152
"Clothes_No+Fur_Brown",2,3971,-0.0574491946528345,0.0400151219885286,-0.135878833750351,0.0209804444446816,-5.58301419546737
"Clothes_No+Fur_Brown",2,3972,-0.0555784816221853,0.0453130496658482,-0.144392058967248,0.0332350957228771,-5.40622179744493
"Clothes_No+Fur_Brown",2,3973,-0.0567155783833242,0.0475871897613401,-0.149986470315551,0.0365553135489024,-5.5137229450764
"Clothes_No+Fur_Brown",2,3974,-0.0549571954973267,0.0414586130350839,-0.136216077046091,0.0263016860514378,-5.34743373533708
"Clothes_No+Fur_Brown",2,3975,-0.0535413740616267,0.0495342317548486,-0.15062846830113,0.0435457201778766,-5.21332769037086
"Clothes_No+Fur_Brown",2,3976,-0.0590480172446646,0.046108093516782,-0.149419880537557,0.0313238460482281,-5.73384959377206
"Clothes_No+Fur_Brown",2,3977,-0.0585509451820493,0.0504681989966348,-0.157468615215454,0.0403667248513549,-5.68698087635484
"Clothes_No+Fur_Brown",2,3978,-0.0553383094804691,0.0451905144310314,-0.143911717765291,0.0332350988043525,-5.38350027871231
"Clothes_No+Fur_Brown",2,3979,-0.0543692325364092,0.0459742412021101,-0.144478745292545,0.0357402802197267,-5.29176516829364
"Clothes_No+Fur_Brown",2,3980,-0.0527905822198896,0.0451847074783874,-0.141352608877529,0.0357714444377497,-5.14213590833497
"Clothes_No+Fur_Brown",2,3981,-0.0558134111847117,0.0469902307962119,-0.147914263545287,0.0362874411758636,-5.42844206217505
"Clothes_No+Fur_Brown",2,3982,-0.0538264508939238,0.0440671103360094,-0.140197987152502,0.0325450853646546,-5.24034532342327
"Clothes_No+Fur_Brown",2,3983,-0.0530597068319929,0.0444663202947492,-0.140213694609701,0.0340942809457155,-5.16766105933634
"Clothes_No+Fur_Brown",2,3984,-0.0580026408786306,0.0420530780573989,-0.140426673871132,0.0244213921138712,-5.63525446248918
"Clothes_No+Fur_Brown",2,3986,-0.0544861669896917,0.0475186322560778,-0.147622686211604,0.0386503522322207,-5.30283917647587
"Clothes_No+Fur_Brown",2,3987,-0.0566209340728998,0.0456093076972159,-0.146015177159443,0.0327733090136433,-5.50477993334406
"Clothes_No+Fur_Brown",2,3988,-0.0549921612127477,0.0474420368267753,-0.147978553393227,0.0379942309677319,-5.35074327217246
"Clothes_No+Fur_Brown",2,3989,-0.054325385747468,0.0467098719890433,-0.145876734845993,0.0372259633510568,-5.28761242526843
"Clothes_No+Fur_Brown",2,3990,-0.056699109777139,0.0419409904670312,-0.13890345109252,0.0255052315382422,-5.51216687497656
"Clothes_No+Fur_Brown",2,3991,-0.0498539514537218,0.0536022028538325,-0.154914269047233,0.0552063661397898,-4.86316396792202
"Clothes_No+Fur_Brown",2,3992,-0.0532787598278575,0.0419319593861673,-0.135465400224745,0.0289078805690303,-5.18843209222459
"Clothes_No+Fur_Brown",2,3993,-0.0547137521085394,0.0487457424323275,-0.150255407275901,0.0408279030588226,-5.32438838884339
"Clothes_No+Fur_Brown",2,3994,-0.0541791102137772,0.0464884721410951,-0.145296515610324,0.0369382951827691,-5.27375730692109
"Clothes_No+Fur_Brown",2,3995,-0.0596655085895687,0.0432638224815341,-0.144462600653376,0.0251315834742381,-5.79204015783151
"Clothes_No+Fur_Brown",2,3996,-0.0546469169709957,0.0449360744469411,-0.142721622887,0.0334277889450088,-5.31806051985969
"Clothes_No+Fur_Brown",2,3997,-0.0500319094593702,0.0573443521857419,-0.162426839743424,0.062363020824684,-4.88009282316866
"Clothes_No+Fur_Brown",2,3999,-0.0621712496296162,0.0461813968175638,-0.152686787392041,0.0283442881328089,-6.02780540242358
"Clothes_No+Fur_Brown",2,4000,-0.0456501955117385,0.0560454796455186,-0.155499335616955,0.0641989445934779,-4.46239014066334
"Clothes_No+Fur_Brown",2,4001,-0.0537030997376288,0.0447404058932696,-0.141394295288437,0.0339880958131796,-5.22865588951104
"Clothes_No+Fur_Brown",2,4002,-0.0475013553984727,0.0589244360863806,-0.162993250127779,0.0679905393308333,-4.63908193886765
"Clothes_No+Fur_Brown",2,4003,-0.0556341304897196,0.0476000620955966,-0.148930252197089,0.0376619912176498,-5.41148568761157
"Clothes_No+Fur_Brown",2,4005,-0.0507340165393977,0.0553468099185146,-0.159213763979686,0.057745730900891,-4.94685374404895
"Clothes_No+Fur_Brown",2,4006,-0.0559286152864535,0.0423446758853536,-0.138924180021747,0.0270669494488396,-5.43933646600554
"Clothes_No+Fur_Brown",2,4007,-0.0547918397238718,0.0485077023303818,-0.14986693629142,0.0402832568436765,-5.33178109294117
"Clothes_No+Fur_Brown",2,4008,-0.0525345137791727,0.0492846481699653,-0.149132424192305,0.0440633966339592,-5.11784269275711
"Clothes_No+Fur_Brown",2,4009,-0.0559753175552523,0.0460769557485642,-0.146286150822438,0.0343355157119335,-5.44375256041009
"Clothes_No+Fur_Brown",2,4010,-0.0508372422105803,0.0568708333880586,-0.162304075651175,0.0606295912300146,-4.95666516246541
"Clothes_No+Fur_Brown",2,4012,-0.0564575566798518,0.045811200883452,-0.146247510411418,0.0333323970517141,-5.48934028942403
"Clothes_No+Fur_Brown",2,4013,-0.054432569628768,0.0480800663763379,-0.14866949972639,0.0398043604688543,-5.29776352254915
"Clothes_No+Fur_Brown",2,4014,-0.0562482510426904,0.0456142052448906,-0.145652093322676,0.0331555912372952,-5.46955660522868
"Clothes_No+Fur_Brown",2,4017,-0.0483413074314535,0.0533503930625589,-0.152908077834069,0.0562254629711619,-4.71914690578688
"Clothes_No+Fur_Brown",2,4018,-0.0477552458668641,0.0554776165246034,-0.156491374255087,0.0609808825213585,-4.6632900937805
"Clothes_No+Fur_Brown",2,4019,-0.049323811804428,0.0569850383704263,-0.161014487010464,0.0623668634016075,-4.81271478765926
"Clothes_No+Fur_Brown",2,4020,-0.0565666482737691,0.0481799695446022,-0.150999388581189,0.0378660920336513,-5.49965004556994
"Clothes_No+Fur_Brown",2,4021,-0.0588814643995761,0.0432576733899224,-0.143666504243824,0.0259035754446718,-5.71814799068933
"Clothes_No+Fur_Brown",2,4022,-0.0594090505975987,0.0471431333501034,-0.151809591963801,0.032991490768604,-5.76787667529613
"Clothes_No+Fur_Brown",2,4023,-0.0572713079753461,0.0463600628144553,-0.148137031091678,0.0335944151409862,-5.56621717762559
"Clothes_No+Fur_Brown",2,4024,-0.0450164463673078,0.0580534594656046,-0.158801226919893,0.0687683341852773,-4.40182407233418
"Clothes_No+Fur_Brown",2,4025,-0.0486589934281282,0.0561712344742109,-0.158754612997582,0.0614366261413251,-4.74941149099413
"Clothes_No+Fur_Brown",2,4026,-0.058652894128098,0.0429722566804757,-0.14287851722183,0.0255727289656344,-5.69659549914451
"Clothes_No+Fur_Brown",2,4027,-0.0467693834682784,0.0579428640528604,-0.160337397011885,0.066798630075328,-4.56925487100021
"Clothes_No+Fur_Brown",2,4028,-0.0540023002949327,0.0553419727923448,-0.162472566967929,0.0544679663780632,-5.25700728689688
"Clothes_No+Fur_Brown",2,4029,-0.0523857679198744,0.0549037999667659,-0.159997215854736,0.0552256800149866,-5.10372831503477
"Clothes_No+Fur_Brown",2,4030,-0.0585170132854057,0.0442950041118511,-0.145335221344634,0.0283011947738225,-5.68378060244241
"Clothes_No+Fur_Brown",2,4031,-0.0566937532195535,0.0461007300860796,-0.14705118418827,0.0336636777491625,-5.51166074410174
"Clothes_No+Fur_Brown",2,4033,-0.0499555408157515,0.052589150273411,-0.153030275351637,0.053119193720134,-4.87282836749164
"Clothes_No+Fur_Brown",2,4034,-0.0560758957869099,0.0468970993791428,-0.14799421057003,0.03584241899621,-5.45326238232118
"Clothes_No+Fur_Brown",2,4035,-0.0570326355114875,0.0550679283141209,-0.164965775007164,0.0509005039841895,-5.54367574410514
"Clothes_No+Fur_Brown",2,4036,-0.0541919024070746,0.0471162578584104,-0.146539767809559,0.0381559629954098,-5.27496905557747
"Clothes_No+Fur_Brown",2,4038,-0.0528867359009146,0.0458743296028897,-0.142800421922578,0.0370269501207491,-5.15125640264997
"Clothes_No+Fur_Brown",2,4039,-0.0571238995973901,0.0397981604730736,-0.135128294124614,0.0208804949298343,-5.55229582083838
"Clothes_No+Fur_Brown",2,4040,-0.0556562299463627,0.0420652892072156,-0.138104196792505,0.0267917368997799,-5.41357601928488
"Clothes_No+Fur_Brown",2,4042,-0.0537999126417866,0.0476177459202714,-0.147130694645518,0.0395308693619453,-5.23783053444613
"Clothes_No+Fur_Brown",2,4043,-0.0560749992714146,0.0434185319671811,-0.14117532192709,0.0290253233842604,-5.45317761966788
"Clothes_No+Fur_Brown",2,4044,-0.0523886854626417,0.0451509330123279,-0.140884514166804,0.0361071432415209,-5.10400517856199
"Clothes_No+Fur_Brown",2,4045,-0.0547815007476987,0.0634851537225637,-0.179212402043924,0.0696494005485262,-5.33080231542177
"Clothes_No+Fur_Brown",2,4047,-0.052239022605324,0.0565300583885531,-0.163037937046888,0.05855989183624,-5.08980170998968
"Clothes_No+Fur_Brown",2,4048,-0.0482250450549289,0.0595663975753513,-0.164975184302617,0.0685250941927595,-4.7080686833911
"Clothes_No+Fur_Brown",2,4050,-0.0559142353441009,0.0434927911921367,-0.141160106080689,0.0293316353924871,-5.4379766793383
"Clothes_No+Fur_Brown",2,4051,-0.0503977921462625,0.0542623426583235,-0.156751983756577,0.0559563994640516,-4.91488918430223
"Clothes_No+Fur_Brown",2,4053,-0.0555897106924089,0.0470530923840471,-0.147813771765141,0.0366343503803235,-5.40728399165934
"Clothes_No+Fur_Brown",2,4054,-0.056884274299163,0.0476952523751327,-0.150366968954423,0.0365984203560971,-5.52966104973401
"Clothes_No+Fur_Brown",2,4056,-0.056086282333937,0.0472670567456122,-0.148729713555337,0.036557148887463,-5.45424439135785
"Clothes_No+Fur_Brown",2,4057,-0.0587905036700444,0.0469725964892179,-0.150856792788911,0.0332757854488226,-5.70957165459998
"Clothes_No+Fur_Brown",2,4060,-0.0555540426277384,0.0476260975649528,-0.148901193855046,0.0377931085995692,-5.40390999237574
"Clothes_No+Fur_Brown",2,4061,-0.0585419549551458,0.044659263635464,-0.146074111680655,0.0289902017703635,-5.68613297710157
"Clothes_No+Fur_Brown",2,4062,-0.0573039805604807,0.0468914099165784,-0.149211143996974,0.034603182876013,-5.56930252303105
"Clothes_No+Fur_Brown",2,4063,-0.0585044657726021,0.0483655275074017,-0.153300899687109,0.0362919681419052,-5.68259716104733
"Clothes_No+Fur_Brown",2,4064,-0.0564696099384448,0.0485232715153779,-0.151575222108585,0.0386360022316959,-5.49047944398003
"Clothes_No+Fur_Brown",2,4065,-0.0585837311083192,0.0457611875323282,-0.148275658671683,0.0311081964550441,-5.69007296535734
"Clothes_No+Fur_Brown",2,4066,-0.0572169733057312,0.0483647544237347,-0.152011891976251,0.0375779453647889,-5.56108600983655
"Clothes_No+Fur_Brown",2,4067,-0.0593457571185814,0.0414689558306869,-0.140624910546728,0.0219333963095649,-5.76191220762177
"Clothes_No+Fur_Brown",2,4069,-0.0586431356091356,0.0458252942088847,-0.14846071225855,0.0311744410402785,-5.69567523309327
"Clothes_No+Fur_Brown",2,4075,-0.057139614964988,0.0488599936507787,-0.152905202520514,0.0386259725905384,-5.55378008956539
"Clothes_No+Fur_Brown",2,4076,-0.0517941155564973,0.0457828242119551,-0.141528451011929,0.0379402198989347,-5.04756609900108
"Clothes_No+Fur_Brown",2,4078,-0.0507461949467743,0.057244237901944,-0.162944901234585,0.061452511341036,-4.94801133293769
"Clothes_No+Fur_Brown",2,4079,-0.0572542921202074,0.0427349637983459,-0.141014821164965,0.0265062369245506,-5.56461029238565
"Clothes_No+Fur_Brown",2,4080,-0.0482902494297418,0.0571959985786483,-0.160394406643892,0.0638139077844088,-4.71428193162962
"Clothes_No+Fur_Brown",2,4081,-0.0561263154279176,0.0468940384668725,-0.148038630822988,0.0357859999671525,-5.4580292747168
"Clothes_No+Fur_Brown",2,4084,-0.0590929642083961,0.0467210759937431,-0.150666273156133,0.0324803447393405,-5.73808647579727
"Clothes_No+Fur_Brown",2,4086,-0.0474624259299271,0.0559363039028277,-0.157097581579469,0.0621727297196151,-4.63536951674668
"Clothes_No+Fur_Brown",2,4087,-0.0552123645651225,0.0477049659684119,-0.14871409786321,0.0382893687329649,-5.3715830612238
"Clothes_No+Fur_Brown",2,4089,-0.0518560250754535,0.0538037969014148,-0.157311467002227,0.0535994168513196,-5.05344437654506
"Clothes_No+Fur_Brown",2,4090,-0.0552396945874988,0.0575456081465637,-0.168029086554764,0.057549697379766,-5.37416922263609
"Clothes_No+Fur_Brown",2,4091,-0.0568296046977026,0.0450727032619091,-0.145172103091044,0.0315128936956392,-5.52449625277636
"Clothes_No+Fur_Brown",2,4092,-0.0506820390714954,0.0517497612888437,-0.152111571197629,0.0507474930546383,-4.94191299378769
"Clothes_No+Fur_Brown",2,4094,-0.0571464392479626,0.0453110432084401,-0.145956083936505,0.03166320544058,-5.55442461509672
"Clothes_No+Fur_Brown",2,4095,-0.0543548095173579,0.0440245856773904,-0.140642997445043,0.0319333784103273,-5.29039917976753
"Clothes_No+Fur_Brown",2,4096,-0.0545020539719779,0.0478553541165287,-0.148298548040374,0.0392944400964184,-5.30434361664189
"Clothes_No+Fur_Brown",2,4097,-0.0548673810303707,0.0490336902322035,-0.15097341388549,0.0412386518247481,-5.33893218377656
"Clothes_No+Fur_Brown",2,4098,-0.0533993944736577,0.058141464183058,-0.167356664272451,0.060557875325136,-5.19986896228166
"Clothes_No+Fur_Brown",2,4099,-0.0576873815073303,0.0412351500578532,-0.138508275620723,0.0231335126060619,-5.60550040226139
"Clothes_No+Fur_Brown",2,4100,-0.0546673638671194,0.0460528264890087,-0.144930903785577,0.0355961760513377,-5.31999645184906
"Clothes_No+Fur_Brown",2,4101,-0.0558424446187316,0.0460344246010785,-0.146069916836846,0.0343850275993823,-5.43118775940389
"Clothes_No+Fur_Brown",2,4102,-0.0595535577390828,0.0517117069786863,-0.160908503417308,0.0418013879391424,-5.78149290622877
"Clothes_No+Fur_Brown",2,4104,-0.0564130487556398,0.0462832993084917,-0.147128315400283,0.0343022178890039,-5.48513372253232
"Clothes_No+Fur_Brown",2,4105,-0.0493784893737815,0.0616113858849645,-0.170136805708312,0.0713798269607488,-4.81791925476293
"Clothes_No+Fur_Brown",2,4106,-0.0475969726832379,0.0545143602685973,-0.154445118809689,0.0592511734432128,-4.64819965501281
"Clothes_No+Fur_Brown",2,4107,-0.0485319230509958,0.0603811576581418,-0.166878992060954,0.0698151459589621,-4.73730719375769
"Clothes_No+Fur_Brown",2,4108,-0.0482029178188611,0.0531110253638059,-0.152300527531921,0.0558946918941985,-4.70596011300316
"Clothes_No+Fur_Brown",2,4109,-0.0553927727273304,0.0450282519723258,-0.143648146593089,0.0328626011384282,-5.38865326016845
"Clothes_No+Fur_Brown",2,4110,-0.0491174012976834,0.0564815836049639,-0.159821305163413,0.0615865025680458,-4.79306510400211
"Clothes_No+Fur_Brown",2,4111,-0.0543155626687394,0.0553243585085653,-0.162751305345527,0.0541201800080486,-5.28668205345915
"Clothes_No+Fur_Brown",2,4112,-0.0528648552059397,0.0547035434554377,-0.160083800378598,0.0543540899667182,-5.14918102351729
"Clothes_No+Fur_Brown",2,4113,-0.0545387627020156,0.0452151791324713,-0.143160513801659,0.0340829883976281,-5.30781971012594
"Clothes_No+Fur_Brown",2,4114,-0.0477186878290197,0.0587761314237197,-0.16291990541951,0.0674825297614708,-4.65980470702273
"Clothes_No+Fur_Brown",2,4115,-0.0466879351132151,0.0558480938775518,-0.156150199113217,0.0627743288867864,-4.5614818772425
"Clothes_No+Fur_Brown",2,4116,-0.0578115201964407,0.0455994585838748,-0.147186459020835,0.0315634186279538,-5.61721768440162
"Clothes_No+Fur_Brown",2,4117,-0.053298045516319,0.0462324714422568,-0.143913689543142,0.0373175985105044,-5.19026058095392
"Clothes_No+Fur_Brown",2,4118,-0.0484992283224468,0.0523122921894467,-0.151031321013762,0.0540328643688688,-4.73419255495968
"Clothes_No+Fur_Brown",2,4121,-0.0546121984287067,0.0404348517149349,-0.133864507789979,0.0246401109325657,-5.31477324387546
"Clothes_No+Fur_Brown",2,4122,-0.0432935461744464,0.0571807391886698,-0.155367794984239,0.0687807026353464,-4.23697598897161
"Clothes_No+Fur_Brown",2,4124,-0.0601901443887405,0.0479439409059748,-0.154160268564451,0.0337799797869701,-5.84145206337102
"Clothes_No+Fur_Brown",2,4125,-0.0544831447531932,0.0485732068162017,-0.149686630112949,0.040720340606562,-5.30255297882766
"Clothes_No+Fur_Brown",2,4126,-0.0491232683361342,0.0482794006267426,-0.14375089356455,0.0455043568922813,-4.79362368511131
"Clothes_No+Fur_Brown",2,4127,-0.0584056521667883,0.0468319765403586,-0.150196326185891,0.0333850218523146,-5.67327685790302
"Clothes_No+Fur_Brown",2,4128,-0.0546321632890481,0.0463598895970988,-0.145497546899362,0.0362332203212656,-5.3166636023336
"Clothes_No+Fur_Brown",2,4129,-0.0512425510557103,0.0566737731303026,-0.162323146391103,0.0598380442796829,-4.99517926116604
"Clothes_No+Fur_Brown",2,4130,-0.0548558710471966,0.0456438929173811,-0.144317901165264,0.0346061590708703,-5.3378426302084
"Clothes_No+Fur_Brown",2,4131,-0.0546519821620439,0.0446280711815511,-0.142123001677884,0.0328190373537963,-5.31854010075739
"Clothes_No+Fur_Brown",2,4132,-0.0574409817470663,0.0443649061284798,-0.144396197758887,0.0295142342647541,-5.58223875447574
"Clothes_No+Fur_Brown",2,4133,-0.0488550837102336,0.0529439235760402,-0.152625173919272,0.0549150064988052,-4.76808737462608
"Clothes_No+Fur_Brown",2,4134,-0.0567417446192324,0.0464568939838068,-0.147797256827494,0.034313767589029,-5.51619526294614
"Clothes_No+Fur_Brown",2,4135,-0.0560392803707965,0.0412053274793032,-0.136801722230231,0.0247231614886378,-5.4498004508015
"Clothes_No+Fur_Brown",2,4136,-0.0516494946433358,0.058343562029852,-0.166002876221846,0.0627038869351742,-5.03383299828056
"Clothes_No+Fur_Brown",2,4137,-0.0460637009482038,0.056196565779115,-0.156208969875269,0.0640815679788617,-4.50188729502027
"Clothes_No+Fur_Brown",2,4138,-0.0591152843497652,0.0460930472378493,-0.14945765693595,0.0312270882364193,-5.74019039155292
"Clothes_No+Fur_Brown",2,4139,-0.0552969082828683,0.0491397059101862,-0.151610731866833,0.0410169153010967,-5.3795829612208
"Clothes_No+Fur_Brown",2,4140,-0.0541336169854247,0.0471348996956615,-0.146518020388921,0.0382507864180719,-5.26944780630547
"Clothes_No+Fur_Brown",2,4141,-0.0561533112878065,0.0467287860211196,-0.147741731889201,0.0354351093135879,-5.46058148206245
"Clothes_No+Fur_Brown",2,4142,-0.050366199538203,0.0533369759620593,-0.154906672423839,0.0541742733474333,-4.91188515021155
"Clothes_No+Fur_Brown",2,4145,-0.0502154976713085,0.0592195261485179,-0.166285768922404,0.0658547735797866,-4.89755411395437
"Clothes_No+Fur_Brown",2,4148,-0.0552895829364957,0.0491069285235372,-0.151539162842629,0.0409599969696372,-5.37888983135336
"Clothes_No+Fur_Brown",2,4149,-0.0493822077757836,0.0611441738365033,-0.16922478849533,0.0704603729437629,-4.8182731793445
"Clothes_No+Fur_Brown",2,4150,-0.0460473386564546,0.0552950364202528,-0.15442561004015,0.0623309327272409,-4.50032471425502
"Clothes_No+Fur_Brown",2,4151,-0.0555546748420925,0.0390680072495378,-0.132127969051187,0.0210186193670014,-5.4039697973628
"Clothes_No+Fur_Brown",2,4152,-0.0534903607303659,0.0498074196253121,-0.151112903195978,0.0441321817352459,-5.20849218312061
"Clothes_No+Fur_Brown",2,4153,-0.0550800875174865,0.0453782726372963,-0.144021501886587,0.0338613268516143,-5.35906506570518
"Clothes_No+Fur_Brown",2,4154,-0.0595336876546807,0.049570243863868,-0.156691365627862,0.0376239903185005,-5.77962075794076
"Clothes_No+Fur_Brown",2,4155,-0.0556329929759604,0.0462632761403731,-0.146309014211092,0.0350430282591709,-5.41137809181389
"Clothes_No+Fur_Brown",2,4156,-0.0568371986403421,0.0439455557534246,-0.142970487917054,0.0292960906363701,-5.52521369160855
"Clothes_No+Fur_Brown",2,4157,-0.058880801690829,0.0414425122669848,-0.140108125734119,0.0223465223524612,-5.7180855092606
"Clothes_No+Fur_Brown",2,4158,-0.0561925218323058,0.0492147050998262,-0.152653343827965,0.0402683001633534,-5.46428835146453
"Clothes_No+Fur_Brown",2,4159,-0.0572826286585842,0.0493104554547771,-0.153931121349947,0.039365864032779,-5.56728622651669
"Clothes_No+Fur_Brown",2,4160,-0.0525932982336292,0.0510891156613234,-0.152727964929823,0.0475413684625646,-5.12342012467731
"Clothes_No+Fur_Brown",2,4162,-0.0552527400218046,0.0458460292371006,-0.145110957326522,0.0346054772829126,-5.37540364964328
"Clothes_No+Fur_Brown",2,4163,-0.0537436500601952,0.0579043411679123,-0.167236158749303,0.059748858628913,-5.2324988201682
"Clothes_No+Fur_Brown",2,4164,-0.0529649291959837,0.0451007882988889,-0.141362474261806,0.0354326158698385,-5.15867264849089
"Clothes_No+Fur_Brown",2,4165,-0.0581527463269175,0.0448033163028332,-0.145967246280471,0.0296617536266356,-5.64941806187725
"Clothes_No+Fur_Brown",2,4167,-0.0591809384590758,0.0491533063446122,-0.155521418894516,0.0371595419763642,-5.74637873224932
"Clothes_No+Fur_Brown",2,4168,-0.0554019988734694,0.0447938407199923,-0.143197926684654,0.0323939289377156,-5.38952615425315
"Clothes_No+Fur_Brown",2,4169,-0.0571555630199463,0.0488221058424656,-0.152846890471179,0.0385357644312864,-5.55528631106044
"Clothes_No+Fur_Brown",2,4170,-0.054139656061153,0.0487235759490923,-0.149637864921374,0.041358552799068,-5.27001988955652
"Clothes_No+Fur_Brown",2,4172,-0.055439025658212,0.0458308247022267,-0.145267442074576,0.0343893907581524,-5.39302921104877
"Clothes_No+Fur_Brown",2,4173,-0.0510452742520799,0.0558418258527514,-0.160495252923473,0.0584047044193128,-4.9764351649743
"Clothes_No+Fur_Brown",2,4174,-0.0527612344116147,0.0578608566747725,-0.166168513494169,0.0606460446709394,-5.13935199707559
"Clothes_No+Fur_Brown",2,4175,-0.0557995250338762,0.0482766675912238,-0.150421793512675,0.0388227434449225,-5.42712881813884
"Clothes_No+Fur_Brown",2,4176,-0.0542202215229842,0.0418332435361192,-0.136213378853778,0.0277729358078095,-5.27765154672526
"Clothes_No+Fur_Brown",2,4177,-0.0539550085657606,0.0445324408489102,-0.141238592629625,0.0333285754981034,-5.25252662099616
"Clothes_No+Fur_Brown",2,4178,-0.0541460965880247,0.0440875640578395,-0.14055772214139,0.0322655289653407,-5.27062999857427
"Clothes_No+Fur_Brown",2,4179,-0.0512210871334062,0.0539119792376498,-0.1568885664392,0.0544463921723874,-4.99314006319067
"Clothes_No+Fur_Brown",2,4180,-0.0564403301967995,0.0474914391213266,-0.1495235508746,0.0366428904810007,-5.48771218912308
"Clothes_No+Fur_Brown",2,4181,-0.058795623215063,0.0461546584301879,-0.149258753738231,0.0316675073081052,-5.71005437745705
"Clothes_No+Fur_Brown",2,4182,-0.0576388579866256,0.0489056215982621,-0.153493876319219,0.0382161603459681,-5.60091993767651
"Clothes_No+Fur_Brown",2,4183,-0.0523242913992904,0.0576570408811436,-0.165332091526332,0.060683508727751,-5.0978942431078
"Clothes_No+Fur_Brown",2,4184,-0.0519088707091778,0.0502570505787931,-0.150412689843612,0.0465949484252567,-5.05846175487249
"Clothes_No+Fur_Brown",2,4185,-0.0524505435269365,0.0566906035757379,-0.163564126535383,0.0586630394815098,-5.10987507955875
"Clothes_No+Fur_Brown",2,4186,-0.0550450108042969,0.0437729497574258,-0.140839992328851,0.0307499707202577,-5.35574531455185
"Clothes_No+Fur_Brown",2,4187,-0.0453438494792546,0.0558938371900872,-0.154895770371826,0.0642080714133164,-4.4331180894705
"Clothes_No+Fur_Brown",2,4188,-0.0543613170209787,0.045125223331027,-0.142806754749792,0.0340841207078342,-5.29101550083244
"Clothes_No+Fur_Brown",2,4189,-0.0472320436292655,0.0553214552027656,-0.155662095826686,0.0611980085681551,-4.61339666279307
"Clothes_No+Fur_Brown",2,4190,-0.0566844459012044,0.0449165855687882,-0.144720953616029,0.0313520618136204,-5.51078130695541
"Clothes_No+Fur_Brown",2,4191,-0.0511985675870858,0.0557098302273444,-0.160389834832681,0.0579926996585093,-4.99100052771697
"Clothes_No+Fur_Brown",2,4192,-0.0467156019343297,0.0525728739594412,-0.149758434894834,0.056327231026175,-4.56412232112434
"Clothes_No+Fur_Brown",2,4193,-0.0542964305629627,0.0455510365064033,-0.143576462115513,0.0349836009895878,-5.28486997090731
"Clothes_No+Fur_Brown",2,4194,-0.0511443134458676,0.0552365502094756,-0.15940795185644,0.0571193249647047,-4.98584575621002
"Clothes_No+Fur_Brown",2,4195,-0.0582576401853303,0.0468790890364782,-0.150140654696828,0.033625374326167,-5.65931433942181
"Clothes_No+Fur_Brown",2,4196,-0.0466522684160905,0.0533211053259777,-0.151161634855007,0.0578570980228257,-4.55807783981756
"Clothes_No+Fur_Brown",2,4197,-0.0511755811464291,0.0466580373159128,-0.142625334285618,0.04027417199276,-4.9888165838883
"Clothes_No+Fur_Brown",2,4198,-0.0606907310414636,0.0485643297142491,-0.155876817281392,0.0344953551984647,-5.88857478022231
"Clothes_No+Fur_Brown",2,4201,-0.0472576914804117,0.0562670117057579,-0.157541034423697,0.0630256514628738,-4.61584309282382
"Clothes_No+Fur_Brown",2,4202,-0.0491649179911354,0.0575757830408276,-0.162013452751158,0.0636836167688867,-4.79758891526294
"Clothes_No+Fur_Brown",2,4203,-0.0573185192552616,0.0484012665287247,-0.152185001651562,0.0375479631410388,-5.57067541213958
"Clothes_No+Fur_Brown",2,4205,-0.0544521006600208,0.0467204529505692,-0.146024188443136,0.0371199871230948,-5.29961313682701
"Clothes_No+Fur_Brown",2,4206,-0.0552595997682539,0.0483734375799925,-0.150071537425039,0.0395523378885315,-5.37605274815579
"Clothes_No+Fur_Brown",2,4207,-0.058129629583322,0.046862606434122,-0.149980338194201,0.0337210790275572,-5.64723695845659
"Clothes_No+Fur_Brown",2,4208,-0.054313278042885,0.0457225052265143,-0.143929388286853,0.035302832201083,-5.28646566871703
"Clothes_No+Fur_Brown",2,4211,-0.0563613384349833,0.0496399263058589,-0.153655593994467,0.0409329171245002,-5.48024620212377
"Clothes_No+Fur_Brown",2,4212,-0.0583814412492838,0.0473327249656248,-0.151153582181908,0.0343906996833408,-5.67099309374466
"Clothes_No+Fur_Brown",2,4213,-0.0530631743043143,0.0442477730322589,-0.139788809447542,0.0336624608389132,-5.16798988727669
"Clothes_No+Fur_Brown",2,4214,-0.0579546149520349,0.0472844917357454,-0.150632218754096,0.0347229888500261,-5.63072239931938
"Clothes_No+Fur_Brown",2,4215,-0.050378976065459,0.0554255692259216,-0.159013091748265,0.0582551396173474,-4.91310003834161
"Clothes_No+Fur_Brown",2,4216,-0.0584749071418416,0.0439074972783879,-0.144533601807482,0.0275837875237986,-5.67980922655896
"Clothes_No+Fur_Brown",2,4217,-0.0559455012813757,0.044677080121631,-0.143512578319772,0.031621575757021,-5.44093320340853
"Clothes_No+Fur_Brown",2,4218,-0.048423456251466,0.0515623835714146,-0.149485728051439,0.0526388155485066,-4.72697379394913
"Clothes_No+Fur_Brown",2,4219,-0.0564202643975188,0.0464445831668003,-0.147451647404447,0.0346111186094099,-5.48581570549914
"Clothes_No+Fur_Brown",2,4220,-0.0554076543000934,0.0451298708192669,-0.143862201105856,0.0330468925056696,-5.39006121533285
"Clothes_No+Fur_Brown",2,4221,-0.0509939832731546,0.0561878305105991,-0.161122131073929,0.0591341645276197,-4.97156118831849
"Clothes_No+Fur_Brown",2,4222,-0.0533794153756308,0.0467215531378604,-0.144953659525837,0.0381948287745756,-5.19797492225015
"Clothes_No+Fur_Brown",2,4223,-0.0513526353464945,0.056595073494314,-0.16227897939535,0.059573708702361,-5.00563722383889
"Clothes_No+Fur_Brown",2,4224,-0.0483100393158639,0.0585026399487792,-0.162975213615471,0.0663551349837434,-4.71616760648055
"Clothes_No+Fur_Brown",2,4225,-0.0520984376709527,0.055965844478361,-0.16179149284854,0.0575946175066348,-5.0764578280395
"Clothes_No+Fur_Brown",2,4226,-0.0563356719174587,0.0445838787884108,-0.143720074342744,0.0310487305078263,-5.47782017807283
"Clothes_No+Fur_Brown",2,4227,-0.0547241362519126,0.0461844160952731,-0.145245591798648,0.0357973192948227,-5.32537150886386
"Clothes_No+Fur_Brown",2,4228,-0.0562438649509398,0.0415606281600988,-0.137702696144734,0.025214966242854,-5.46914198512144
"Clothes_No+Fur_Brown",2,4229,-0.0488815468691689,0.0590352459094455,-0.164590628851682,0.0668275351133443,-4.77060747852049
"Clothes_No+Fur_Brown",2,4230,-0.0585069038082497,0.0464987850684932,-0.149644522542496,0.0326307149259971,-5.68282710995732
"Clothes_No+Fur_Brown",2,4232,-0.0558617325723625,0.040680596886311,-0.135595702469532,0.0238722373248071,-5.43301178067844
"Clothes_No+Fur_Brown",2,4233,-0.0530350206517715,0.0549730563441709,-0.160782211086346,0.0547121697828035,-5.16531998223043
"Clothes_No+Fur_Brown",2,4234,-0.0579026163275503,0.0478188349054213,-0.151627532742176,0.0358223000870754,-5.62581519910782
"Clothes_No+Fur_Brown",2,4235,-0.0460274522764664,0.057877761574375,-0.159467864962241,0.0674129604093086,-4.49842555253988
"Clothes_No+Fur_Brown",2,4237,-0.0566299381577582,0.0462193988889032,-0.147219959980009,0.0339600836644922,-5.50563077249373
"Clothes_No+Fur_Brown",2,4238,-0.0576975037179877,0.046307049149321,-0.148459320050657,0.0330643126146813,-5.60645587843545
"Clothes_No+Fur_Brown",2,4239,-0.0580197245838534,0.0443880995321893,-0.145020399666944,0.0289809504992376,-5.63686654821512
"Clothes_No+Fur_Brown",2,4240,-0.0586323224412742,0.0466500052720718,-0.150066332774535,0.0328016878919865,-5.69465549908623
"Clothes_No+Fur_Brown",2,4242,-0.0504442444307893,0.0555473028621555,-0.159316958040614,0.0584284691790355,-4.91930600233766
"Clothes_No+Fur_Brown",2,4243,-0.0517959999876385,0.0559433391702273,-0.161444944761284,0.0578529447860069,-5.04774503015586
"Clothes_No+Fur_Brown",2,4244,-0.0575855127270843,0.0475103844897797,-0.150705866327052,0.0355348408728838,-5.59588405993122
"Clothes_No+Fur_Brown",2,4245,-0.0596011238476928,0.0479417592506465,-0.15356697197896,0.0343647242835744,-5.78597440738563
"Clothes_No+Fur_Brown",2,4246,-0.0541676217253619,0.0422435771718714,-0.13696503298223,0.0286297895315061,-5.27266903932803
"Clothes_No+Fur_Brown",2,4247,-0.0575356030359124,0.0445714588732608,-0.144895662427504,0.0298244563556787,-5.59117226207808
"Clothes_No+Fur_Brown",2,4249,-0.0557402893181237,0.046806300504009,-0.147480638305981,0.0360000596697339,-5.42152656049838
"Clothes_No+Fur_Brown",2,4251,-0.0592724799707518,0.0473292731133022,-0.152037855272824,0.0334928953313206,-5.75500645631764
"Clothes_No+Fur_Brown",2,4252,-0.0560694277962377,0.046289618504844,-0.146797080065732,0.0346582244732566,-5.4526508529265
"Clothes_No+Fur_Brown",2,4253,-0.0545415547060211,0.0496204658523076,-0.151797667776544,0.0427145583645017,-5.30808409070351
"Clothes_No+Fur_Brown",2,4254,-0.0557473452638549,0.0479669313690864,-0.149762530747264,0.0382678402195545,-5.42219389871996
"Clothes_No+Fur_Brown",2,4256,-0.0505152483168887,0.0529019563285021,-0.154203082720753,0.0531725860869755,-4.92605686143308
"Clothes_No+Fur_Brown",2,4258,-0.0514740108192577,0.0563822062944719,-0.161983135156423,0.0590351135179072,-5.01716650983026
"Clothes_No+Fur_Brown",2,4259,-0.058699650451888,0.0498285579578403,-0.156363624049255,0.038964323145479,-5.70100467658058
"Clothes_No+Fur_Brown",2,4260,-0.0507096514995517,0.057744547356716,-0.163888964318715,0.0624696613196116,-4.94453774213832
"Clothes_No+Fur_Brown",2,4261,-0.0578365336015931,0.0452395847146434,-0.146506119642294,0.030833052439108,-5.61957848964908
"Clothes_No+Fur_Brown",2,4262,-0.0488776512485439,0.0588415720342801,-0.164207132435733,0.066451829938645,-4.77023650021229
"Clothes_No+Fur_Brown",2,4263,-0.052138181646477,0.0601127652005038,-0.169959201439464,0.0656828381465104,-5.08023039200742
"Clothes_No+Fur_Brown",2,4264,-0.059266742886532,0.0446662349360099,-0.146812563361112,0.0282790775880474,-5.75446576330139
"Clothes_No+Fur_Brown",2,4266,-0.0590315256651895,0.0473014078244791,-0.151742285001168,0.0336792336707895,-5.73229498324186
"Clothes_No+Fur_Brown",2,4267,-0.0522060397826043,0.0588536101204589,-0.167559115618704,0.0631470360534951,-5.0866712521198
"Clothes_No+Fur_Brown",2,4268,-0.0511392865337818,0.0580796172806771,-0.164975336403909,0.0626967633363454,-4.98536812720922
"Clothes_No+Fur_Brown",2,4269,-0.0567914238816404,0.0456722236832569,-0.146308982300824,0.0327261345375431,-5.52088903208252
"Clothes_No+Fur_Brown",2,4271,-0.054045610947589,0.0602178268541722,-0.172072551581767,0.0639813296865885,-5.26111057888713
"Clothes_No+Fur_Brown",2,4273,-0.0529136589968772,0.0519318524368318,-0.154700089773068,0.0488727717793132,-5.15380999010039
"Clothes_No+Fur_Brown",2,4274,-0.0557285152608255,0.0422390135010407,-0.138516981722865,0.0270599512012143,-5.42041298157727
"Clothes_No+Fur_Brown",2,4275,-0.0467266460136947,0.0520494335199611,-0.148743535712818,0.055290243685429,-4.56517631671147
"Clothes_No+Fur_Brown",2,4276,-0.0542151054512551,0.0434752251728095,-0.139426546789962,0.0309963358874515,-5.27716693915659
"Clothes_No+Fur_Brown",2,4277,-0.0511893019907248,0.0546289216193056,-0.158261988364564,0.0558833843831142,-4.99012020859887
"Clothes_No+Fur_Brown",2,4278,-0.0536149522531052,0.0535053127834817,-0.158485365308729,0.051255460802519,-5.22030166572628
"Clothes_No+Fur_Brown",2,4279,-0.0529578368298193,0.0508351955681548,-0.152594820143403,0.0466791464837642,-5.15799999668445
"Clothes_No+Fur_Brown",2,4280,-0.0470505650499557,0.05890883027424,-0.162511872387466,0.0684107422875547,-4.59608446668537
"Clothes_No+Fur_Brown",2,4281,-0.0470188512790385,0.0560486322281653,-0.156874170446242,0.0628364678881655,-4.59305880078617
"Clothes_No+Fur_Brown",2,4282,-0.05127241211796,0.0556322717128996,-0.160311664675243,0.0577668404393232,-4.99801616367547
"Clothes_No+Fur_Brown",2,4283,-0.05508636635731,0.0564437341506302,-0.165716085292545,0.0555433525779251,-5.35965929911083
"Clothes_No+Fur_Brown",2,4284,-0.0546025360336656,0.0584917539753821,-0.169246373825415,0.0600413017580833,-5.31385835338998
"Clothes_No+Fur_Brown",2,4285,-0.0510120531396607,0.0556313141547031,-0.160049428882879,0.0580253226035573,-4.97327832400785
"Clothes_No+Fur_Brown",2,4286,-0.0499004909067842,0.0581498711632093,-0.163874238386674,0.064073256573106,-4.86759148120923
"Clothes_No+Fur_Brown",2,4287,-0.0520532134000192,0.0543457224745602,-0.158570829450157,0.0544644026501188,-5.07216488297843
"Clothes_No+Fur_Brown",2,4288,-0.047676927137918,0.0580560551489965,-0.161466795229951,0.066112940954115,-4.65582315144184
"Clothes_No+Fur_Brown",2,4289,-0.0458905690207214,0.0547280163933849,-0.153157481151756,0.0613763431103131,-4.48535209135218
"Clothes_No+Fur_Brown",2,4290,-0.0489739353478853,0.0559568048826829,-0.158649272917944,0.0607014022221731,-4.77940517081568
"Clothes_No+Fur_Brown",2,4292,-0.0513717317694394,0.059643757216485,-0.16827349591375,0.0655300323748712,-5.007451259047
"Clothes_No+Fur_Brown",2,4293,-0.0516148576281204,0.05323152726045,-0.155948651058602,0.0527189358023616,-5.03054359674198
"Clothes_No+Fur_Brown",2,4294,-0.0474443652810057,0.057343028091878,-0.159836700341087,0.0649479697790752,-4.63364715408255
"Clothes_No+Fur_Brown",2,4296,-0.0558118856016607,0.040972043691034,-0.136117091236087,0.0244933200327659,-5.4282977852991
"Clothes_No+Fur_Brown",2,4297,-0.0533167054485007,0.0445674671214924,-0.140668941006626,0.0340355301096244,-5.19202970775571
"Clothes_No+Fur_Brown",2,4298,-0.0593310515569657,0.0472240963726701,-0.151890280447399,0.0332281773334677,-5.76052637342548
"Clothes_No+Fur_Brown",2,4299,-0.0565142959317368,0.0491299956983959,-0.152809087500593,0.0397804956371191,-5.49470260142294
"Clothes_No+Fur_Brown",2,4300,-0.055586992692123,0.0514763035920406,-0.156480547732523,0.0453065623482767,-5.40702688828079
"Clothes_No+Fur_Brown",2,4301,-0.0538666084818716,0.058522202262414,-0.168570124916203,0.0608369079524599,-5.24415056618466
"Clothes_No+Fur_Brown",2,4302,-0.0541182470443734,0.0432577690029579,-0.138903474290171,0.0306669802014242,-5.2679917921131
"Clothes_No+Fur_Brown",2,4304,-0.0584552371030699,0.0463671472857328,-0.149334845783106,0.0324243715769664,-5.67795392650264
"Clothes_No+Fur_Brown",2,4305,-0.0575962049787011,0.0470828821245955,-0.149878653942908,0.034686243985506,-5.5968934470962
"Clothes_No+Fur_Brown",2,4306,-0.0557451867667494,0.0451078330245539,-0.144156539494875,0.0326661659613763,-5.42198975257893
"Clothes_No+Fur_Brown",2,4307,-0.0554659702861994,0.0477576746012896,-0.149071012504727,0.0381390719323282,-5.39557832633906
"Clothes_No+Fur_Brown",2,4308,-0.0539615657039023,0.0492481060443659,-0.150487853550859,0.0425647221430549,-5.25314789123079
"Clothes_No+Fur_Brown",2,4309,-0.0596996871370899,0.047509291753411,-0.152817898973775,0.0334185246995955,-5.79525999403888
"Clothes_No+Fur_Brown",2,4310,-0.061264979928465,0.0480888062704753,-0.155519040218597,0.0329890803616665,-5.94260264720296
"Clothes_No+Fur_Brown",2,4311,-0.0527539736307506,0.0434415789498703,-0.137899468372496,0.0323915211109953,-5.13866323219734
"Clothes_No+Fur_Brown",2,4312,-0.0533853316646683,0.048054727415179,-0.147572597398419,0.0408019340690826,-5.1985357967727
"Clothes_No+Fur_Brown",2,4315,-0.0543040864663412,0.0422593170732938,-0.137132347929997,0.0285241749973146,-5.28559509801554
"Clothes_No+Fur_Brown",2,4316,-0.0610298539757027,0.0440350765668039,-0.147338604046638,0.025278896095233,-5.92048471188762
"Clothes_No+Fur_Brown",2,4317,-0.0584333052362693,0.0463120467812777,-0.149204916927574,0.032338306455035,-5.67588524526687
"Clothes_No+Fur_Brown",2,4318,-0.0549155497664627,0.0488593792935794,-0.150679933181878,0.0408488336489529,-5.34349177795457
"Clothes_No+Fur_Brown",2,4320,-0.0462348654153359,0.0577822967979964,-0.159488167139409,0.067018436308737,-4.51823177975612
"Clothes_No+Fur_Brown",2,4321,-0.0575284056800126,0.046073979901996,-0.147833406287925,0.0327765949278996,-5.59049276569948
"Clothes_No+Fur_Brown",2,4322,-0.0515162995351761,0.055138093700386,-0.159586963187933,0.0565543641175804,-5.02118312696347
"Clothes_No+Fur_Brown",2,4323,-0.0491018037417417,0.0523377944776254,-0.151683880917888,0.0534802734344042,-4.79158009692782
"Clothes_No+Fur_Brown",2,4324,-0.0502322620946816,0.0565320988460653,-0.16103517583297,0.0605706516436063,-4.89914843825703
"Clothes_No+Fur_Brown",2,4325,-0.0518838501384481,0.0547240036536335,-0.15914289729957,0.0553751970226735,-5.05608623368131
"Clothes_No+Fur_Brown",2,4326,-0.0503519299912772,0.0536610353066012,-0.155527559192216,0.0548236992096611,-4.91052827621365
"Clothes_No+Fur_Brown",2,4327,-0.0499584134206594,0.0575267154732012,-0.162710775748134,0.062793948906815,-4.87310162987927
"Clothes_No+Fur_Brown",2,4328,-0.0475583161764456,0.0555332679263386,-0.156403521312069,0.0612868889591781,-4.64451361625088
"Clothes_No+Fur_Brown",2,4329,-0.053392599614879,0.0486995400722654,-0.148843698156519,0.0420584989267611,-5.19922480659059
"Clothes_No+Fur_Brown",2,4330,-0.0479142186908272,0.0642681278283329,-0.17387974923436,0.0780513118527053,-4.6784448351537
"Clothes_No+Fur_Brown",2,4332,-0.0495554152987542,0.055228027326276,-0.157802348858255,0.0586915182607467,-4.83475794279544
"Clothes_No+Fur_Brown",2,4333,-0.0559318967360389,0.0477307008408516,-0.149484070384108,0.0376202769120303,-5.43964676154658
"Clothes_No+Fur_Brown",2,4334,-0.0482142556161418,0.053998352639325,-0.154051026789219,0.0576225155569353,-4.70704053138467
"Clothes_No+Fur_Brown",2,4335,-0.0543246827143254,0.0571392249577513,-0.166317563631518,0.0576681982028672,-5.28754583929754
"Clothes_No+Fur_Brown",2,4336,-0.045708781852293,0.0618657317400064,-0.166965616062705,0.0755480523581195,-4.46798717565383
"Clothes_No+Fur_Brown",2,4337,-0.0555469563946839,0.0567325462355917,-0.166742747016444,0.0556488342270759,-5.40323966006085
"Clothes_No+Fur_Brown",2,4338,-0.0557396967405828,0.042485724522386,-0.139011716804459,0.0275323233232938,-5.42147051540257
"Clothes_No+Fur_Brown",2,4339,-0.047008270876689,0.052979502479313,-0.150848095736142,0.0568315539827644,-4.59204935162116
"Clothes_No+Fur_Brown",2,4340,-0.0551672945380471,0.0456786469003957,-0.144697442462823,0.0343628533867285,-5.36731805979912
"Clothes_No+Fur_Brown",2,4341,-0.0515473192645311,0.0565645454975566,-0.162413828439742,0.0593191899106799,-5.02412929846237
"Clothes_No+Fur_Brown",2,4342,-0.0514595366958117,0.0550407247382109,-0.159339357182705,0.0564202837910816,-5.01579170662356
"Clothes_No+Fur_Brown",2,4343,-0.0503640818188366,0.057139456116862,-0.162357415807886,0.0616292521702129,-4.911683780056
"Clothes_No+Fur_Brown",2,4344,-0.0498280170481127,0.0533889253173668,-0.154470310670152,0.0548142765739263,-4.86069661863353
"Clothes_No+Fur_Brown",2,4345,-0.0516361168592488,0.0568558805225497,-0.163073642683446,0.0598014089649487,-5.03256255290498
"Clothes_No+Fur_Brown",2,4346,-0.0486952809832959,0.0515561974462997,-0.149745427978043,0.0523548660114516,-4.7528678392678
"Clothes_No+Fur_Brown",2,4347,-0.0507614722508974,0.0549150603838066,-0.158394990603158,0.0568720461013634,-4.94946345998374
"Clothes_No+Fur_Brown",2,4348,-0.0485410598878578,0.0589141160984855,-0.164012727440889,0.0669306076651739,-4.73817758946455
"Clothes_No+Fur_Brown",2,4350,-0.0575085899302399,0.0420421846959249,-0.139911271934253,0.0248940920737729,-5.58862195199223
"Clothes_No+Fur_Brown",2,4351,-0.0451169707687962,0.0587519214797332,-0.160270736869073,0.0700367953314809,-4.41143353875167
"Clothes_No+Fur_Brown",2,4352,-0.0525010427202712,0.0567878004689462,-0.163805131639406,0.0588030461988634,-5.11466683333179
"Clothes_No+Fur_Brown",2,4354,-0.0469299879758932,0.0596872933321548,-0.163917082906916,0.0700571069551302,-4.58458024813769
"Clothes_No+Fur_Brown",2,4355,-0.0569563324330728,0.0473675347183682,-0.149796700481074,0.0358840356149288,-5.53646816081178
"Clothes_No+Fur_Brown",2,4356,-0.0528305400111355,0.0572052271957006,-0.164952785314709,0.0592917052924378,-5.14592614334116
"Clothes_No+Fur_Brown",2,4357,-0.0591151525272268,0.0423911023778094,-0.142201713187733,0.0239714081332797,-5.74017796598473
"Clothes_No+Fur_Brown",2,4358,-0.0471563311824726,0.0558360455402551,-0.156594980441373,0.0622823180764274,-4.60617443626037
"Clothes_No+Fur_Brown",2,4359,-0.0580392860664974,0.042973894023555,-0.142268118352665,0.0261895462196704,-5.6387124129584
"Clothes_No+Fur_Brown",2,4360,-0.0510731711870584,0.0568883972208541,-0.162574429739932,0.0604280873658156,-4.97908599420875
"Clothes_No+Fur_Brown",2,4361,-0.0571268436815861,0.0438024497736798,-0.142979645237998,0.0287259578748263,-5.55257388242229
"Clothes_No+Fur_Brown",2,4362,-0.0500728718458012,0.0532332257202299,-0.154409994257452,0.0542642505658493,-4.88398908176315
"Clothes_No+Fur_Brown",2,4363,-0.0581909842244305,0.0468997619824438,-0.15011451771002,0.0337325492611593,-5.65302576078385
"Clothes_No+Fur_Brown",2,4364,-0.0588441303598135,0.0424246199605982,-0.141996385482586,0.0243081247629588,-5.71462800257024
"Clothes_No+Fur_Brown",2,4365,-0.0561365987091944,0.0477345979276007,-0.149696410647292,0.037423213228903,-5.45900147139554
"Clothes_No+Fur_Brown",2,4366,-0.0492309700317105,0.054640164916202,-0.156325693267466,0.0578637532040454,-4.80387702110936
"Clothes_No+Fur_Brown",2,4369,-0.0605131399715282,0.0450073478770796,-0.148727541810604,0.0277012618675478,-5.87185994736579
"Clothes_No+Fur_Brown",2,4370,-0.0503513616610474,0.0574634804342745,-0.162979783312226,0.0622770599901307,-4.91047423397698
"Clothes_No+Fur_Brown",2,4371,-0.056319488977578,0.046550198093095,-0.147557877240044,0.0349188992848882,-5.47629051894223
"Clothes_No+Fur_Brown",2,4372,-0.0512933433299929,0.0568094480784235,-0.162639861563703,0.0600531749037173,-5.00000464953191
"Clothes_No+Fur_Brown",2,4373,-0.0576353607332544,0.0450079905450822,-0.145851022201615,0.0305803007351067,-5.60058979959823
"Clothes_No+Fur_Brown",2,4374,-0.0597278586164446,0.0431862701041841,-0.144372948020645,0.0249172307877562,-5.79791384354547
"Clothes_No+Fur_Brown",2,4375,-0.0433062447141016,0.0596091663902902,-0.16014021083907,0.0735277214108671,-4.23819203180852
"Clothes_No+Fur_Brown",2,4376,-0.0581707672049167,0.0446478770655882,-0.14568060625347,0.0293390718436362,-5.65111832688333
"Clothes_No+Fur_Brown",2,4377,-0.0545659007101209,0.0499014842870853,-0.152372809912808,0.0432410084925664,-5.31038943241342
"Clothes_No+Fur_Brown",2,4379,-0.0505205500968425,0.0481770019046639,-0.144947473829984,0.0439063736362988,-4.92656092122272
"Clothes_No+Fur_Brown",2,4380,-0.0585304608413389,0.0483567595003536,-0.153309709462032,0.0362487877793542,-5.68504891655028
"Clothes_No+Fur_Brown",2,4381,-0.0592488274236019,0.0449950787592404,-0.147439181791713,0.0289415269445094,-5.75277729580165
"Clothes_No+Fur_Brown",2,4382,-0.0508808767144073,0.0447405221074534,-0.138572300045016,0.0368105466162015,-4.9608122407446
"Clothes_No+Fur_Brown",2,4383,-0.0555230770321386,0.0501345900934744,-0.153786873615348,0.0427407195510713,-5.40098072275419
"Clothes_No+Fur_Brown",2,4384,-0.0543761466187172,0.0481466774844952,-0.148743634488328,0.0399913412508933,-5.29241998656078
"Clothes_No+Fur_Brown",2,4385,-0.0553214149413834,0.0452249589553088,-0.143962334493789,0.0333195046110218,-5.38190176305656
"Clothes_No+Fur_Brown",2,4387,-0.0501097653774119,0.059369942023512,-0.166474851743496,0.0662553209886717,-4.88749818258669
"Clothes_No+Fur_Brown",2,4388,-0.0560940872249835,0.0464192275562515,-0.147075773235236,0.0348875987852696,-5.45498230779961
"Clothes_No+Fur_Brown",2,4389,-0.0554892033019188,0.0468898179664969,-0.147393246516253,0.0364148399124151,-5.39777624682267
"Clothes_No+Fur_Brown",2,4390,-0.0531767032473301,0.0473894338274595,-0.146059993549151,0.0397065870544905,-5.17875545403559
"Clothes_No+Fur_Brown",2,4392,-0.0536355047080058,0.0442244835350082,-0.140315492436622,0.0330444830206103,-5.22224960118428
"Clothes_No+Fur_Brown",2,4393,-0.0482414893464507,0.0548373787138254,-0.155722751625548,0.0592397729326471,-4.70963567880523
"Clothes_No+Fur_Brown",2,4394,-0.0551011433680989,0.0475295272466265,-0.148259016771487,0.0380567300352891,-5.36105779011364
"Clothes_No+Fur_Brown",2,4395,-0.0478715977160082,0.0569074913945992,-0.159410280849423,0.0636670854174062,-4.67438205097203
"Clothes_No+Fur_Brown",2,4396,-0.0553613357320959,0.0450448987171554,-0.14364933721772,0.0329266657535286,-5.3856789169599
"Clothes_No+Fur_Brown",2,4397,-0.0569700497306296,0.047108039210174,-0.149301806582571,0.0353617071213114,-5.537763936299
"Clothes_No+Fur_Brown",2,4398,-0.0525997906232547,0.0473574213256262,-0.145420336421482,0.0402207551749726,-5.12403609840063
"Clothes_No+Fur_Brown",2,4399,-0.0500949996220025,0.0548460124385318,-0.157593184001525,0.0574031847575198,-4.88609376427985
"Clothes_No+Fur_Brown",2,4400,-0.0490125473811445,0.0568183113434035,-0.160376437614215,0.0623513428519264,-4.78308176060942
"Clothes_No+Fur_Brown",2,4401,-0.0580343067696854,0.0437104893288853,-0.143706865854301,0.0276382523149298,-5.63824255893017
"Clothes_No+Fur_Brown",2,4402,-0.0586242586063985,0.0488422153100112,-0.15435500061402,0.0371064834012235,-5.69389503329415
"Clothes_No+Fur_Brown",2,4403,-0.0570456420846517,0.0462069197270102,-0.147611204749592,0.0335199205802884,-5.5449042892078
"Clothes_No+Fur_Brown",2,4404,-0.0552653237611155,0.048005059700125,-0.149355240773361,0.0388245932511296,-5.37659437340426
"Clothes_No+Fur_Brown",2,4405,-0.0604734863471994,0.040247961369844,-0.139359490632094,0.0184125179376949,-5.8681273514564
"Clothes_No+Fur_Brown",2,4406,-0.0560004859555621,0.0456271634458652,-0.145429726309458,0.0334287543983337,-5.44613235994943
"Clothes_No+Fur_Brown",2,4407,-0.0468531894204099,0.0602254922632579,-0.164895154256395,0.0711887754155757,-4.57725220034177
"Clothes_No+Fur_Brown",2,4408,-0.0475219642517098,0.0561587230923888,-0.157593061512792,0.0625491330093722,-4.6410471977816
"Clothes_No+Fur_Brown",2,4409,-0.0558499279377539,0.0476969781150799,-0.149336005043311,0.0376361491678028,-5.43189544534752
"Clothes_No+Fur_Brown",2,4411,-0.0535119898264398,0.0457050074371584,-0.14309380440327,0.0360698247503906,-5.21054241557775
"Clothes_No+Fur_Brown",2,4412,-0.0598014525592375,0.0439295060933535,-0.14590328450221,0.0263003793837354,-5.80484629138882
"Clothes_No+Fur_Brown",2,4414,-0.0576616668263702,0.0427798581098584,-0.141510188721693,0.0261868550689523,-5.60307304661064
"Clothes_No+Fur_Brown",2,4415,-0.0585077746970596,0.0488920999569783,-0.154336290612737,0.037320741218618,-5.68290924969201
"Clothes_No+Fur_Brown",2,4416,-0.0551971924801834,0.0417618974353245,-0.137050511453419,0.0266561264930526,-5.37014733995294
"Clothes_No+Fur_Brown",2,4417,-0.0474194341214447,0.0561747453733005,-0.157521935053114,0.0626830668102242,-4.63126953068467
"Clothes_No+Fur_Brown",2,4418,-0.0560145763540043,0.0432308162511969,-0.14074697620635,0.0287178234983416,-5.44746465223245
"Clothes_No+Fur_Brown",2,4419,-0.0558760858867967,0.0471375941176281,-0.148265770357348,0.0365135985837543,-5.43436912065426
"Clothes_No+Fur_Brown",2,4421,-0.0538021845961422,0.0449312359425591,-0.141867407043558,0.0342630378512736,-5.23804582952523
"Clothes_No+Fur_Brown",2,4422,-0.0530360225989686,0.049214703158298,-0.149496840789233,0.0434247955912955,-5.16541500152466
"Clothes_No+Fur_Brown",2,4423,-0.0531461242338229,0.0440324454281809,-0.139449717273057,0.0331574688054116,-5.17585586958486
"Clothes_No+Fur_Brown",2,4424,-0.0508156070510637,0.058860530625491,-0.166182247077026,0.0645510329748986,-4.9546088625111
"Clothes_No+Fur_Brown",2,4425,-0.0541531490994521,0.057035190760168,-0.165942122989381,0.0576358247904771,-5.2712980761829
"Clothes_No+Fur_Brown",2,4426,-0.0541589579988848,0.045160202245548,-0.142672954400159,0.0343550384023892,-5.27184834408754
"Clothes_No+Fur_Brown",2,4427,-0.0511061191356383,0.0473327494322802,-0.143878308022907,0.0416660697516309,-4.98221668682219
"Clothes_No+Fur_Brown",2,4428,-0.0531357374444748,0.0526661927242461,-0.156361475183997,0.0500900002950475,-5.17487094605957
"Clothes_No+Fur_Brown",2,4429,-0.0546142089502034,0.0443855546248789,-0.141609896014966,0.0323814781145593,-5.3149636103679
"Clothes_No+Fur_Brown",2,4430,-0.0522703143704464,0.0591468812442472,-0.168198201609171,0.0636575728682783,-5.09277157115594
"Clothes_No+Fur_Brown",2,4431,-0.0479759678049568,0.0560252950549833,-0.157785546112724,0.0618336105028104,-4.68433067501803
"Clothes_No+Fur_Brown",2,4432,-0.0564950380768262,0.0487745120530841,-0.152093081700871,0.0391030055472186,-5.4928826145929
"Clothes_No+Fur_Brown",2,4434,-0.0519496870207486,0.0548596506613902,-0.159474602317073,0.0555752282755761,-5.06233683919464
"Clothes_No+Fur_Brown",2,4435,-0.0506501942299105,0.0576727575387427,-0.163688799005846,0.0623884105460252,-4.93888583586619
"Clothes_No+Fur_Brown",2,4436,-0.0466082373772734,0.0540869112666682,-0.152618583459943,0.0594021087053962,-4.55387534031862
"Clothes_No+Fur_Brown",2,4437,-0.0474909200994063,0.0585005388340835,-0.16215197621421,0.0671701360153973,-4.63808681397624
"Clothes_No+Fur_Brown",2,4438,-0.0521787065023705,0.0566891435750693,-0.163289427909506,0.0589320149047653,-5.08407692405163
"Clothes_No+Fur_Brown",2,4439,-0.0573819314888498,0.0476649601597531,-0.150805253401966,0.0360413904242663,-5.57666319667652
"Clothes_No+Fur_Brown",2,4440,-0.0558147571416147,0.0461234321673516,-0.146216684189624,0.0345871699063945,-5.42856935133061
"Clothes_No+Fur_Brown",2,4441,-0.0560883361843715,0.049831733585241,-0.153758534011444,0.0415818616427009,-5.45443857399969
"Clothes_No+Fur_Brown",2,4442,-0.055630699895467,0.0496842769167991,-0.153011882652393,0.0417504828614593,-5.41116119224141
"Clothes_No+Fur_Brown",2,4443,-0.0523308701570374,0.0569999088788759,-0.164050691559634,0.0593889512455593,-5.09851857901757
"Clothes_No+Fur_Brown",2,4444,-0.0503144512075926,0.0598226571853255,-0.167566859290831,0.0669379568756454,-4.90696437168725
"Clothes_No+Fur_Brown",2,4445,-0.0489783072402002,0.0572086125360425,-0.161107187810843,0.0631505733304431,-4.77982146409244
"Clothes_No+Fur_Brown",2,4446,-0.0567863808186712,0.0463739041736979,-0.147679232999119,0.0341064713617767,-5.52041256677522
"Clothes_No+Fur_Brown",2,4447,-0.058312102260326,0.0495607533792028,-0.155451178883564,0.0388269743629115,-5.66445218900915
"Clothes_No+Fur_Brown",2,4448,-0.0581821635581118,0.0472211020054238,-0.150735523488743,0.0343711963725189,-5.6521935539356
"Clothes_No+Fur_Brown",2,4449,-0.0468299058338253,0.0598874305768245,-0.164209269764401,0.0705494580967508,-4.57503039066549
"Clothes_No+Fur_Brown",2,4450,-0.0584394232201553,0.0436619687189801,-0.144016881909356,0.0271380354690456,-5.67646231691573
"Clothes_No+Fur_Brown",2,4451,-0.0570736918497004,0.0444262815514978,-0.144149203690636,0.0300018199912353,-5.54755369529235
"Clothes_No+Fur_Brown",2,4453,-0.0567202606571045,0.04375311558982,-0.142476367213152,0.0290358458989427,-5.51416535465832
"Clothes_No+Fur_Brown",2,4454,-0.0467232707207507,0.0580484625655529,-0.160498257349234,0.067051715907733,-4.56485419568086
"Clothes_No+Fur_Brown",2,4455,-0.0453647297982942,0.0567353741814522,-0.15656606319394,0.065836603597352,-4.43511353562156
"Clothes_No+Fur_Brown",2,4456,-0.053738246781143,0.0551148446905866,-0.161763342374693,0.0542868488124069,-5.23198676353085
"Clothes_No+Fur_Brown",2,4457,-0.0583146964684219,0.0473897889536635,-0.151198682817602,0.0345692898807585,-5.66469691473358
"Clothes_No+Fur_Brown",2,4459,-0.0515844546493684,0.0575189517544411,-0.164321600088073,0.0611526907893362,-5.02765619848432
"Clothes_No+Fur_Brown",2,4460,-0.0578352271591633,0.046251292256597,-0.148487759982093,0.0328173056637668,-5.61945518698133
"Clothes_No+Fur_Brown",2,4461,-0.0468979867029519,0.05122887389782,-0.147306579542679,0.0535106061367753,-4.58152678439031
"Clothes_No+Fur_Brown",2,4462,-0.0578862484279378,0.0461044101391195,-0.148250892300612,0.0324783954447364,-5.62427047928311
"Clothes_No+Fur_Brown",2,4463,-0.0565311614170203,0.0476855131024388,-0.1499947670978,0.0369324442637597,-5.49629646568474
"Clothes_No+Fur_Brown",2,4464,-0.058246809774516,0.04461191660306,-0.145686166316514,0.0291925467674817,-5.6582925855066
"Clothes_No+Fur_Brown",2,4466,-0.0491217107546164,0.0514006433894184,-0.149866971797877,0.0516235502886437,-4.79347539330371
"Clothes_No+Fur_Brown",2,4468,-0.0536755643963756,0.0421479157781014,-0.136285479321454,0.0289343505287032,-5.22604629228202
"Clothes_No+Fur_Brown",2,4469,-0.0605627401866159,0.0395871742393298,-0.138153601695702,0.0170281213224706,-5.87652860757397
"Clothes_No+Fur_Brown",2,4470,-0.0498836511794024,0.0448052907176553,-0.137702020986007,0.037934718627202,-4.86598946389587
"Clothes_No+Fur_Brown",2,4471,-0.0552780516251871,0.0434472575010778,-0.1404346763273,0.0298785730769253,-5.37779871958468
"Clothes_No+Fur_Brown",2,4472,-0.0550932902000784,0.0447257786731137,-0.142755816399381,0.0325692359992244,-5.36031457168088
"Clothes_No+Fur_Brown",2,4473,-0.0596935246275304,0.0406554519117541,-0.139378210374568,0.0199911611195077,-5.79467945463925
"Clothes_No+Fur_Brown",2,4474,-0.055225233321047,0.0427092912869443,-0.138935444243458,0.0284849776013639,-5.37280080338948
"Clothes_No+Fur_Brown",2,4475,-0.057215758592928,0.0463474854378461,-0.148056830051106,0.0336253128652503,-5.56097129360893
"Clothes_No+Fur_Brown",2,4477,-0.053223476148708,0.0488714791374696,-0.149011575258148,0.0425646229607324,-5.18319041503647
"Clothes_No+Fur_Brown",2,4478,-0.0599329525185467,0.0474972387156833,-0.153027540401286,0.0331616353641925,-5.81723213588176
"Clothes_No+Fur_Brown",2,4479,-0.0557600369488627,0.0489131995271508,-0.151629908022078,0.0401098341243528,-5.42339424282652
"Clothes_No+Fur_Brown",2,4480,-0.056537811084734,0.044271745429671,-0.143310432126889,0.0302348099574211,-5.49692488182159
"Clothes_No+Fur_Brown",2,4481,-0.0545604646548926,0.0467814332890918,-0.146252073901513,0.0371311445917274,-5.30987469306174
"Clothes_No+Fur_Brown",2,4482,-0.0556808851733057,0.0439658973728383,-0.141854044024069,0.0304922736774573,-5.41590804028548
"Clothes_No+Fur_Brown",2,4483,-0.0556132877814849,0.0448404045561699,-0.143500480711578,0.0322739051486081,-5.40951418625977
"Clothes_No+Fur_Brown",2,4484,-0.0546722635904894,0.0489105973338426,-0.150537034364821,0.0411925071838421,-5.3204603565386
"Clothes_No+Fur_Brown",2,4485,-0.0474183223941297,0.0586371150252262,-0.162347067843573,0.0675104230553137,-4.63116350660307
"Clothes_No+Fur_Brown",2,4486,-0.0574586195912173,0.0515963163372166,-0.158587399612162,0.0436701604297272,-5.58390406554738
"Clothes_No+Fur_Brown",2,4487,-0.0480313281383854,0.0579358673572163,-0.161585628158529,0.0655229718817585,-4.68960723619539
"Clothes_No+Fur_Brown",2,4489,-0.0538866499915864,0.0478496005827814,-0.147671867133838,0.0398985671506652,-5.24604959743182
"Clothes_No+Fur_Brown",2,4490,-0.057361166303208,0.0486280670735441,-0.152672177767354,0.0379498451609385,-5.5747024582014
"Clothes_No+Fur_Brown",2,4491,-0.0498353175301163,0.0576801217079594,-0.162888356077717,0.0632177210174842,-4.86139117887038
"Clothes_No+Fur_Brown",2,4492,-0.056917658658216,0.0477315387931387,-0.150471474692768,0.0366361573763359,-5.53281482880564
"Clothes_No+Fur_Brown",2,4493,-0.0481107908342455,0.0579023566799823,-0.161599409927011,0.0653778282585199,-4.69718055604569
"Clothes_No+Fur_Brown",2,4494,-0.0511697503823563,0.0591905465436251,-0.167183221607862,0.064843720843149,-4.98826259447843
"Clothes_No+Fur_Brown",2,4495,-0.0500992711036521,0.0539766535536258,-0.155893512068759,0.0556949698614545,-4.88650004071726
"Clothes_No+Fur_Brown",2,4496,-0.0527692005190573,0.0433692696532827,-0.137772969039491,0.0322345680013767,-5.14010766417979
"Clothes_No+Fur_Brown",2,4498,-0.0499307171047319,0.0528684509285045,-0.153552880924601,0.0536914467151369,-4.87046692876322
"Clothes_No+Fur_Brown",2,4499,-0.0565706287517811,0.0465882295888794,-0.147883558745985,0.0347423012424226,-5.50002620138642
"Clothes_No+Fur_Brown",2,4500,-0.0569950854211441,0.0481631398129727,-0.151394839454571,0.0374046686122824,-5.54012883400284
"Clothes_No+Fur_Brown",2,4501,-0.0494315731236085,0.0521459795714588,-0.151637693083668,0.0527745468364507,-4.82297174242153
"Clothes_No+Fur_Brown",2,4502,-0.0481385931467268,0.0562360291946377,-0.158361210368217,0.0620840240747632,-4.69983015797952
"Clothes_No+Fur_Brown",2,4504,-0.0458296471454372,0.0610782830282748,-0.165543081880856,0.0738837875899814,-4.47953298263077
"Clothes_No+Fur_Brown",2,4505,-0.0591640273030279,0.040450717536578,-0.138447433674721,0.0201193790686649,-5.74478478107425
"Clothes_No+Fur_Brown",2,4506,-0.0531586667832229,0.0492655396742367,-0.149719124544727,0.0434017909782811,-5.1770451986383
"Clothes_No+Fur_Brown",2,4507,-0.0562598497224207,0.0438561801133843,-0.142217962744654,0.0296982632998126,-5.47065302720784
"Clothes_No+Fur_Brown",2,4508,-0.0511094830311904,0.0593168472904884,-0.167370503720548,0.0651515376581668,-4.98253631618325
"Clothes_No+Fur_Brown",2,4509,-0.0483182965303396,0.0596965885048021,-0.165323609999752,0.0686870169390726,-4.7169543822724
"Clothes_No+Fur_Brown",2,4510,-0.0589343431141441,0.0450808746291171,-0.147292857387214,0.0294241711589255,-5.72313336201949
"Clothes_No+Fur_Brown",2,4511,-0.0556968477697557,0.0419697540496997,-0.137957565707167,0.0265638701676557,-5.41741783592585
"Clothes_No+Fur_Brown",2,4513,-0.0556446680429602,0.0463637049386059,-0.146517529722628,0.0352281936367074,-5.41248241386556
"Clothes_No+Fur_Brown",2,4514,-0.0596748837288114,0.0394503513704956,-0.136997572414983,0.01764780495736,-5.7929233664327
"Clothes_No+Fur_Brown",2,4515,-0.0532711199068731,0.0565829619053024,-0.164173725241266,0.0576314854275196,-5.18770773657037
"Clothes_No+Fur_Brown",2,4516,-0.0477990138265949,0.0570259076985377,-0.159569792915729,0.063971765262539,-4.66746269574674
"Clothes_No+Fur_Brown",2,4517,-0.0524665383578548,0.0565446253465441,-0.163294004037081,0.0583609273213716,-5.11139281892464
"Clothes_No+Fur_Brown",2,4518,-0.054025651046508,0.0421802359728415,-0.136698913553277,0.0286476114602612,-5.25921958115376
"Clothes_No+Fur_Brown",2,4519,-0.0495490308804357,0.0604550251276992,-0.168040880130726,0.0689428183698547,-4.83415036614125
"Clothes_No+Fur_Brown",2,4520,-0.0536685288490375,0.0447328433021657,-0.141344901721282,0.0340078440232073,-5.22537950329867
"Clothes_No+Fur_Brown",2,4521,-0.0554338765239242,0.0439072920563766,-0.141492168954422,0.030624415906574,-5.39254206579743
"Clothes_No+Fur_Brown",2,4522,-0.0558159575275368,0.0480059883396401,-0.149907694673231,0.0382757796181578,-5.42868287347646
"Clothes_No+Fur_Brown",2,4523,-0.0454134505502198,0.0576288288064961,-0.158365955010952,0.0675390539105126,-4.43976941532789
"Clothes_No+Fur_Brown",2,4524,-0.052695420335877,0.0458173949312656,-0.142497514401158,0.0371066737294036,-5.1331086257548
"Clothes_No+Fur_Brown",2,4525,-0.0551154209523765,0.0458400221756538,-0.144961864416658,0.0347310225119051,-5.36240899594098
"Clothes_No+Fur_Brown",2,4526,-0.0570881637686541,0.047066833316565,-0.149339157069121,0.0351628295318133,-5.54892059354941
"Clothes_No+Fur_Brown",2,4527,-0.0586456745758202,0.0398733817649004,-0.136797502835025,0.0195061536833847,-5.6959146683281
"Clothes_No+Fur_Brown",2,4528,-0.0541316202606844,0.0418761131203095,-0.136208801976491,0.0279455614551222,-5.26925865527941
"Clothes_No+Fur_Brown",2,4529,-0.0599778749482352,0.0497861057034668,-0.15755864212703,0.0376028922305599,-5.82146295961884
"Clothes_No+Fur_Brown",2,4530,-0.0559624811031876,0.0445559932714489,-0.143292227915228,0.0313672657088523,-5.44253878588215
"Clothes_No+Fur_Brown",2,4531,-0.0568039668339042,0.0422542258539085,-0.139622249507565,0.0260143158397565,-5.52207407162936
"Clothes_No+Fur_Brown",2,4534,-0.0598151499799937,0.0428414144626055,-0.143784322326701,0.0241540223667131,-5.80613651320598
"Clothes_No+Fur_Brown",2,4536,-0.0495330343659608,0.052430991564514,-0.152297777832408,0.0532317091004867,-4.83262803207408
"Clothes_No+Fur_Brown",2,4537,-0.0558089775456373,0.0464407088709711,-0.146832766932741,0.0352148118414661,-5.42802276509095
"Clothes_No+Fur_Brown",2,4538,-0.054415117517392,0.0476328817021661,-0.147775565653638,0.0389453306188535,-5.29611075414849
"Clothes_No+Fur_Brown",2,4540,-0.0529275392747346,0.0526780356813924,-0.156176489210264,0.0503214106607945,-5.15512647243485
"Clothes_No+Fur_Brown",2,4541,-0.055691588872003,0.045660416200213,-0.14518600462442,0.0338028268804144,-5.41692043448918
"Clothes_No+Fur_Brown",2,4542,-0.0481404769419195,0.058495145790071,-0.162790962690459,0.0665100088066197,-4.70000968381223
"Clothes_No+Fur_Brown",2,4543,-0.0483240752871157,0.05411219644441,-0.154383980318159,0.0577358297439279,-4.71750499822697
"Clothes_No+Fur_Brown",2,4545,-0.05059982475134,0.0579794884369245,-0.164239622087712,0.0630399725850319,-4.93409753652235
"Clothes_No+Fur_Brown",2,4546,-0.0513972663770653,0.0458909002973802,-0.14134343095993,0.0385488982057999,-5.00987682553841
"Clothes_No+Fur_Brown",2,4547,-0.0598383763671765,0.0459680808391179,-0.149935814811848,0.0302590620774945,-5.80832427094262
"Clothes_No+Fur_Brown",2,4549,-0.061915629353929,0.0476440116549046,-0.155297892197542,0.0314666334896841,-6.00378113371933
"Clothes_No+Fur_Brown",2,4550,-0.0556762998681599,0.046718305611114,-0.147244178865943,0.0358915791296236,-5.41547434236759
"Clothes_No+Fur_Brown",2,4551,-0.0571503929554927,0.0474054547444869,-0.150065084254687,0.0357642983437016,-5.55479802454113
"Clothes_No+Fur_Brown",2,4552,-0.0572256703266,0.0430241451565553,-0.141552994833448,0.0271016541802484,-5.56190734347077
"Clothes_No+Fur_Brown",2,4553,-0.0563913697821812,0.0442609700590197,-0.14314287109786,0.0303601315334973,-5.48308471504474
"Clothes_No+Fur_Brown",2,4554,-0.0557737914225261,0.0465533043604545,-0.147018267969017,0.0354706851239647,-5.42469508531336
"Clothes_No+Fur_Brown",2,4556,-0.0493384351577692,0.0567644549722398,-0.160596766903359,0.0619198965878207,-4.814106734787
"Clothes_No+Fur_Brown",2,4557,-0.0557478130551689,0.0471800745315301,-0.148220759136968,0.0367251330266301,-5.42223814138579
"Clothes_No+Fur_Brown",2,4558,-0.0543372192698924,0.0463844029586687,-0.145250649068883,0.0365762105290982,-5.28873319979929
"Clothes_No+Fur_Brown",2,4560,-0.0532112127117928,0.0445810190553853,-0.140590010060348,0.0341675846367623,-5.18202762794374
"Clothes_No+Fur_Brown",2,4562,-0.0548049834101639,0.0475852990975021,-0.148072169641268,0.0384622028209402,-5.33302537413508
"Clothes_No+Fur_Brown",2,4563,-0.0509335019584861,0.0555159267947521,-0.1597447184762,0.057877714559228,-4.96581356959825
"Clothes_No+Fur_Brown",2,4565,-0.0545011899346343,0.0449827052388967,-0.142667292202872,0.0336649123336032,-5.30426179602316
"Clothes_No+Fur_Brown",2,4566,-0.0561967489749531,0.0493583580438286,-0.152939130740857,0.0405456327909508,-5.46468796655832
"Clothes_No+Fur_Brown",2,4567,-0.0546537033490659,0.0472665914174534,-0.147296222527274,0.0379888158291426,-5.31870306511714
"Clothes_No+Fur_Brown",2,4568,-0.0547083099916969,0.045993343526007,-0.144855263302671,0.0354386433192767,-5.32387315170089
"Clothes_No+Fur_Brown",2,4569,-0.0481694881937416,0.054439364338278,-0.154870642296766,0.0585316659092832,-4.70277441572559
"Clothes_No+Fur_Brown",2,4570,-0.0566914361624442,0.0444540614783408,-0.143821396659992,0.0304385243351037,-5.51144180896987
"Clothes_No+Fur_Brown",2,4571,-0.0552747365972566,0.0403293101492977,-0.13432018448988,0.0237707112953668,-5.37748504382467
"Clothes_No+Fur_Brown",2,4572,-0.0584899456355561,0.0458255275350346,-0.148307979604224,0.0313280883331117,-5.68122764948956
"Clothes_No+Fur_Brown",2,4574,-0.0546811265109882,0.0463233293043324,-0.14547485194748,0.0361125989255034,-5.32129949005274
"Clothes_No+Fur_Brown",2,4576,-0.0576317305324575,0.0456545247695984,-0.14711459908087,0.0318511380159554,-5.60024711016208
"Clothes_No+Fur_Brown",2,4577,-0.0529670241795271,0.0467894403030944,-0.144674327173592,0.0387402788145378,-5.15887133930281
"Clothes_No+Fur_Brown",2,4578,-0.0550261955013861,0.0473639859947343,-0.147859608051065,0.0378072170482933,-5.3539645374783
"Clothes_No+Fur_Brown",2,4579,-0.0579284954382803,0.0459403250435601,-0.147971532523658,0.0321145416470975,-5.62825748748407
"Clothes_No+Fur_Brown",2,4580,-0.0581631859901634,0.0501720746039047,-0.156500452213817,0.0401740802334899,-5.65040304503829
"Clothes_No+Fur_Brown",2,4581,-0.0585298168629438,0.0491824370688964,-0.154927393517981,0.0378677597920932,-5.6849881797399
"Clothes_No+Fur_Brown",2,4582,-0.0551184438628185,0.0515032974890653,-0.156064906941387,0.0458280192157495,-5.36269507647065
"Clothes_No+Fur_Brown",2,4584,-0.0566944509457832,0.0470319521497946,-0.148877077159381,0.0354881752678143,-5.51172667107145
"Clothes_No+Fur_Brown",2,4585,-0.0524192796762899,0.045438462815289,-0.141478666794256,0.0366401074416765,-5.10690840249076
"Clothes_No+Fur_Brown",2,4587,-0.0576154360779962,0.0495538468746189,-0.154740975952249,0.0395101037962569,-5.59870890515539
"Clothes_No+Fur_Brown",2,4588,-0.0596769769800684,0.0465306600187106,-0.150877070616741,0.0315231166566044,-5.7931205653079
"Clothes_No+Fur_Brown",2,4589,-0.0578676236810933,0.042343382542726,-0.140860653464836,0.0251254061026497,-5.62251273884383
"Clothes_No+Fur_Brown",2,4590,-0.0564825812045677,0.0448071658809566,-0.144304626331243,0.0313394639221073,-5.49170534417156
"Clothes_No+Fur_Brown",2,4591,-0.0548017407416905,0.0424272564122199,-0.137959163309642,0.0283556818262605,-5.33271840002328
"Clothes_No+Fur_Brown",2,4592,-0.0552337641948227,0.0448338650616199,-0.143108139715598,0.0326406113259523,-5.3736080526383
"Clothes_No+Fur_Brown",2,4593,-0.0582699682570194,0.0441673106686191,-0.144837897167513,0.028297960653474,-5.66047737098884
"Clothes_No+Fur_Brown",2,4595,-0.0577680187952476,0.0419065479560144,-0.139904852789036,0.0243688151985406,-5.61311181181742
"Clothes_No+Fur_Brown",2,4596,-0.0544016598313329,0.0444595409160415,-0.141542360026774,0.0327390403641085,-5.29483625036252
"Clothes_No+Fur_Brown",2,4597,-0.0565652812909848,0.0483363928456722,-0.151304611268502,0.0381740486865326,-5.49952086513016
"Clothes_No+Fur_Brown",2,4598,-0.055383990377977,0.046343806026592,-0.146217850190097,0.0354498694341433,-5.38782234661991
"Clothes_No+Fur_Brown",2,4599,-0.0601311245002756,0.0442113742682577,-0.146785418066061,0.0265231690655094,-5.83589467237711
"Clothes_No+Fur_Brown",2,4601,-0.0580729252223223,0.0446300845816755,-0.145547891002406,0.0294020405577617,-5.6418865936267
"Clothes_No+Fur_Brown",2,4602,-0.0546220923104525,0.05322885562905,-0.15895064934339,0.0497064647224854,-5.31571004367776
"Clothes_No+Fur_Brown",2,4603,-0.0536224666756339,0.054937968643095,-0.1613008852161,0.0540559518648323,-5.22101387775077
"Clothes_No+Fur_Brown",2,4604,-0.0546482648114353,0.0580101572652936,-0.168348173051411,0.0590516434285402,-5.31818813592061
"Clothes_No+Fur_Brown",2,4605,-0.0494992381232656,0.0554755420955824,-0.158231300630607,0.0592328243840758,-4.82941167812436
"Clothes_No+Fur_Brown",2,4606,-0.0518451231032944,0.0599718604116469,-0.169389969510122,0.0656997233035336,-5.05240926619669
"Clothes_No+Fur_Brown",2,4607,-0.0593918927701165,0.0452146679134461,-0.148012641880471,0.0292288563402378,-5.76625984291023
"Clothes_No+Fur_Brown",2,4608,-0.048925044597553,0.0584652298847835,-0.163516895171729,0.0656668059766226,-4.77474965068239
"Clothes_No+Fur_Brown",2,4609,-0.0584629783961696,0.0436597904493097,-0.144036167676817,0.0271102108844774,-5.67868409828082
"Clothes_No+Fur_Brown",2,4610,-0.0561521873018848,0.0472218872736557,-0.14870708635825,0.0364027117544804,-5.46047522102728
"Clothes_No+Fur_Brown",2,4611,-0.0491106863367137,0.0516244680473497,-0.150294643709519,0.0520732710360917,-4.79242579100376
"Clothes_No+Fur_Brown",2,4612,-0.0520385880508258,0.0563301366266529,-0.162445655839066,0.0583684797374139,-5.07077652008905
"Clothes_No+Fur_Brown",2,4613,-0.0585380133493703,0.0466122558172171,-0.149898034751116,0.0328220080523752,-5.68576122828596
"Clothes_No+Fur_Brown",2,4614,-0.0485077721066758,0.0518864314692411,-0.150205177786388,0.0531896335730368,-4.73500648198588
"Clothes_No+Fur_Brown",2,4615,-0.0502388755405844,0.0597687545957683,-0.16738563454829,0.0669078834671215,-4.89977738051439
"Clothes_No+Fur_Brown",2,4616,-0.0567876370785429,0.0463043841665435,-0.147544230044968,0.0339689558878823,-5.52053125761506
"Clothes_No+Fur_Brown",2,4617,-0.0597065105891647,0.0453078447715857,-0.148509886341473,0.0290968651631432,-5.79590279337447
"Clothes_No+Fur_Brown",2,4619,-0.057533281850539,0.042537541592292,-0.140906863371431,0.0258402996703533,-5.59095312143368
"Clothes_No+Fur_Brown",2,4620,-0.0575527704733922,0.0494019586855019,-0.154380609496976,0.0392750685501916,-5.59279300581377
"Clothes_No+Fur_Brown",2,4621,-0.0519698259444519,0.057206445119698,-0.16409445837906,0.0601548064901563,-5.06424876229751
"Clothes_No+Fur_Brown",2,4622,-0.055136978625422,0.0472369024364672,-0.147721307400898,0.0374473501500538,-5.3644491401952
"Clothes_No+Fur_Brown",2,4623,-0.0552921816442369,0.0487752078563835,-0.150891589042749,0.0403072257542747,-5.37913572364535
"Clothes_No+Fur_Brown",2,4624,-0.04845262094667,0.0487328226959522,-0.143968953430736,0.0470637115373963,-4.72975236220134
"Clothes_No+Fur_Brown",2,4625,-0.053396103883298,0.0530338853787383,-0.157342519225625,0.050550311459029,-5.19955701337113
"Clothes_No+Fur_Brown",2,4626,-0.0537015375897743,0.0434958747248084,-0.138953452050399,0.0315503768708501,-5.22850784254352
"Clothes_No+Fur_Brown",2,4627,-0.0519783562470031,0.046669960953011,-0.143451479714905,0.0394947672208985,-5.06505858952445
"Clothes_No+Fur_Brown",2,4628,-0.0551059219196801,0.0590760708583378,-0.170895020802022,0.0606831769626621,-5.36151002610007
"Clothes_No+Fur_Brown",2,4629,-0.0546400787368264,0.0437113869532768,-0.140314397165249,0.0310342396915961,-5.31741306037218
"Clothes_No+Fur_Brown",2,4630,-0.056392405792785,0.0455838132088058,-0.145736679682044,0.0329518680964743,-5.48318263552049
"Clothes_No+Fur_Brown",2,4632,-0.0561481172996245,0.0449393105042673,-0.144229165887988,0.0319329312887394,-5.46009044416472
"Clothes_No+Fur_Brown",2,4633,-0.0568947882691163,0.0490707667410541,-0.153073491081582,0.0392839145433497,-5.53065430281768
"Clothes_No+Fur_Brown",2,4634,-0.052198381520417,0.0598322205504416,-0.169469533799282,0.0650727707584485,-5.08594437817989
"Clothes_No+Fur_Brown",2,4636,-0.0571555329999035,0.0452732912257732,-0.145891183802419,0.031580117802612,-5.55528347582604
"Clothes_No+Fur_Brown",2,4637,-0.048033769447806,0.055894670945556,-0.157587324501096,0.0615197856054836,-4.6898399180711
"Clothes_No+Fur_Brown",2,4638,-0.0497977949555495,0.057022374894053,-0.161561649747893,0.0619660598367945,-4.85782126635097
"Clothes_No+Fur_Brown",2,4639,-0.0604455881165583,0.0489898028897182,-0.156465601780406,0.0355744255472893,-5.86550120213027
"Clothes_No+Fur_Brown",2,4640,-0.0536254709515678,0.0443392020346967,-0.140530306939573,0.0332793650364376,-5.2212986195501
"Clothes_No+Fur_Brown",2,4641,-0.0580774740322059,0.0495686889043654,-0.155232104284762,0.0390771562203502,-5.64231580976935
"Clothes_No+Fur_Brown",2,4643,-0.0558112093345032,0.0489879449567215,-0.151827581449677,0.040205162780671,-5.42823382954124
"Clothes_No+Fur_Brown",2,4644,-0.0496721837543335,0.0554903016281867,-0.158433174945579,0.0590888074369124,-4.84586959237758
"Clothes_No+Fur_Brown",2,4645,-0.0572214412719313,0.0458318911463348,-0.147051947918747,0.032609065374885,-5.56150795876961
"Clothes_No+Fur_Brown",2,4646,-0.0566958211086675,0.0552131024517646,-0.164913501914126,0.0515218596967911,-5.51185613530787
"Clothes_No+Fur_Brown",2,4647,-0.0538414069973706,0.0461104349157392,-0.14421785943222,0.0365350454374782,-5.2417625480231
"Clothes_No+Fur_Brown",2,4648,-0.0479211073142075,0.056547765781272,-0.158754728245501,0.0629125136170856,-4.67910146718562
"Clothes_No+Fur_Brown",2,4649,-0.0524166581966012,0.0476826382186466,-0.145874629105149,0.0410413127119461,-5.10665964185248
"Clothes_No+Fur_Brown",2,4650,-0.0513331240061808,0.0589792274169418,-0.166932409743387,0.0642661617310251,-5.00378373841694
"Clothes_No+Fur_Brown",2,4651,-0.0509359829212359,0.0549887411444426,-0.158713915564343,0.0568419497218716,-4.96604934558227
"Clothes_No+Fur_Brown",2,4653,-0.05369752462607,0.0599083432963578,-0.171117877486931,0.0637228282347912,-5.2281275272222
"Clothes_No+Fur_Brown",2,4654,-0.0551247547425792,0.0470948875202154,-0.147430734282201,0.037181224797043,-5.36329231923832
"Clothes_No+Fur_Brown",2,4655,-0.0586356754527391,0.0434009156108277,-0.143701470049961,0.0264301191444831,-5.69497170545742
"Clothes_No+Fur_Brown",2,4656,-0.0484741217544251,0.056625446230517,-0.159459996366238,0.0625117528573882,-4.73180072745976
"Clothes_No+Fur_Brown",2,4657,-0.0478177973738212,0.0522810108778547,-0.150288578694416,0.0546529839467741,-4.66925336214581
"Clothes_No+Fur_Brown",2,4659,-0.0554586289439894,0.0472528518473787,-0.148074218564852,0.0371569606768728,-5.39488380035561
"Clothes_No+Fur_Brown",2,4660,-0.0528394434103619,0.0426674474780491,-0.136467640467338,0.0307887536466144,-5.14677066326941
"Clothes_No+Fur_Brown",2,4661,-0.0578633345466745,0.049812919584758,-0.1554966569328,0.0397699878394512,-5.62210794024675
"Clothes_No+Fur_Brown",2,4663,-0.0543491976681458,0.0488824737296821,-0.150158846178323,0.0414604508420311,-5.28986768227745
"Clothes_No+Fur_Brown",2,4665,-0.058232153231571,0.0454943821181468,-0.147401142183139,0.0309368357199968,-5.65690985208734
"Clothes_No+Fur_Brown",2,4666,-0.0567654459050928,0.045108962515518,-0.145179012435508,0.0316481206253225,-5.51843462407342
"Clothes_No+Fur_Brown",2,4667,-0.0524247339366708,0.0497954229200719,-0.150023762860012,0.04517429498667,-5.1074259727092
"Clothes_No+Fur_Brown",2,4669,-0.0535458982362011,0.0450496126133075,-0.141843138958284,0.0347513424858816,-5.21375652085366
"Clothes_No+Fur_Brown",2,4670,-0.0524040196274565,0.0475519648674268,-0.145605870767613,0.0407978315126999,-5.10546031823015
"Clothes_No+Fur_Brown",2,4671,-0.0555798033235809,0.0472451455142992,-0.148180288531607,0.0370206818844455,-5.40634682209098
"Clothes_No+Fur_Brown",2,4672,-0.0580435840565501,0.0449136079524276,-0.146074255643308,0.029987087530208,-5.63911797596225
"Clothes_No+Fur_Brown",2,4673,-0.0591378890425108,0.0455726422989734,-0.148460267948499,0.0301844898634771,-5.74232108150549
"Clothes_No+Fur_Brown",2,4676,-0.0553950656549522,0.0432294349399355,-0.140124758137226,0.0293346268273215,-5.38887019689003
"Clothes_No+Fur_Brown",2,4677,-0.0567856868870949,0.045036466864566,-0.145057161941644,0.0314857881674545,-5.52034700438344
"Clothes_No+Fur_Brown",2,4678,-0.0565432528005108,0.041260464432438,-0.137413763088089,0.0243272574870677,-5.49743913929719
"Clothes_No+Fur_Brown",2,4679,-0.0509185891693866,0.056217926186479,-0.161105724494885,0.0592685461561123,-4.96439633425133
"Clothes_No+Fur_Brown",2,4680,-0.0476781104057397,0.0527817153316982,-0.151130272455868,0.0557740516443889,-4.65593596907155
"Clothes_No+Fur_Brown",2,4681,-0.0528602566493846,0.0463175733964771,-0.14364270050648,0.0379221872077105,-5.14874484565904
"Clothes_No+Fur_Brown",2,4682,-0.0526465585263644,0.049834848348533,-0.150322861289489,0.0450297442367604,-5.12847314453134
"Clothes_No+Fur_Brown",2,4683,-0.0554413477521105,0.0436324291565341,-0.140960908898917,0.0300782133946963,-5.39324889706333
"Clothes_No+Fur_Brown",2,4684,-0.0558718745917333,0.0499949842427317,-0.153862043707487,0.0421182945240208,-5.43397087604121
"Clothes_No+Fur_Brown",2,4686,-0.0562316746182138,0.0457317785267356,-0.145865960530615,0.0334026112941879,-5.46798961548549
"Clothes_No+Fur_Brown",2,4687,-0.0549420692542472,0.0513411439287191,-0.155570711354537,0.0456865728460422,-5.3460019867832
"Clothes_No+Fur_Brown",2,4688,-0.0565361373514764,0.0414247101302908,-0.137728569206846,0.0246562945038935,-5.49676670874943
"Clothes_No+Fur_Brown",2,4689,-0.0588807102368741,0.0492495069096593,-0.155409743779806,0.0376483233060582,-5.71807688680624
"Clothes_No+Fur_Brown",2,4690,-0.0549683789946083,0.0469743935605538,-0.147038190373294,0.0371014323840771,-5.3484922761355
"Clothes_No+Fur_Brown",2,4691,-0.0559180973691425,0.0452319527419516,-0.144572724743368,0.0327365300050825,-5.43834187953514
"Clothes_No+Fur_Brown",2,4692,-0.0598083808440537,0.0419881546854327,-0.142105164027502,0.0224884023393945,-5.80549889998129
"Clothes_No+Fur_Brown",2,4693,-0.055624008763601,0.0466903882165787,-0.147137169668095,0.0358891521408933,-5.41052828373045
"Clothes_No+Fur_Brown",2,4695,-0.0571617156091918,0.0451576378481792,-0.145670685791623,0.0313472545732393,-5.55586738880262
"Clothes_No+Fur_Brown",2,4696,-0.058094588388919,0.0456980198461624,-0.147662707287397,0.0314735305095593,-5.64393066701654
"Clothes_No+Fur_Brown",2,4697,-0.0612974860005619,0.0482503648060898,-0.155868201020498,0.0332732290193742,-5.94566003405046
"Clothes_No+Fur_Brown",2,4698,-0.0531674581132486,0.0490483763652023,-0.149302275789045,0.042967359562548,-5.17787881486367
"Clothes_No+Fur_Brown",2,4699,-0.0534924922390766,0.0426579698605078,-0.137102113165672,0.0301171286875186,-5.20869423182988
"Clothes_No+Fur_Brown",2,4700,-0.0547776578432679,0.0517951971713353,-0.156296244299085,0.0467409286125493,-5.33043851004349
"Clothes_No+Fur_Brown",2,4701,-0.0531526782790885,0.0472799523244247,-0.145821384834961,0.0395160282767838,-5.17647734928116
"Clothes_No+Fur_Brown",2,4702,-0.053735686139023,0.0427448827363407,-0.137515656302251,0.0300442840242047,-5.23174409625383
"Clothes_No+Fur_Brown",2,4703,-0.0593678039589005,0.0466444236382014,-0.150790874289775,0.0320552663719742,-5.76398983679264
"Clothes_No+Fur_Brown",2,4704,-0.0547474656169434,0.0423886338520352,-0.137829187966932,0.0283342567330456,-5.32758018206752
"Clothes_No+Fur_Brown",2,4705,-0.0562196962328285,0.0463933019722794,-0.147150568098496,0.0347111756328391,-5.46685726785202
"Clothes_No+Fur_Brown",2,4707,-0.0554329362993977,0.0450110521755998,-0.143654598563573,0.032788725964778,-5.39245311350327
"Clothes_No+Fur_Brown",2,4708,-0.0581757889116092,0.0407299267498104,-0.138006445341237,0.0216548675180191,-5.65159211810424
"Clothes_No+Fur_Brown",2,4709,-0.0550008111434294,0.0456328234444128,-0.144441145094478,0.0344395228076196,-5.35156197814135
"Clothes_No+Fur_Brown",2,4710,-0.0564160110057065,0.0596499666481051,-0.173329945635992,0.0604979236245794,-5.48541369878658
"Clothes_No+Fur_Brown",2,4711,-0.0554321028018157,0.0457284082347317,-0.14505978294189,0.0341955773382583,-5.39237425830885
"Clothes_No+Fur_Brown",2,4712,-0.0553593670922814,0.0441171148148049,-0.141828912129299,0.0311101779447362,-5.38549265525705
"Clothes_No+Fur_Brown",2,4713,-0.0588178508311928,0.042677861683424,-0.142466459730704,0.0248307580683182,-5.71215019488065
"Clothes_No+Fur_Brown",2,4714,-0.058997740718956,0.046942365669056,-0.151004777430306,0.0330092959923938,-5.72911010009607
"Clothes_No+Fur_Brown",2,4715,-0.06114331525253,0.046255510621165,-0.151804116070013,0.0295174855649534,-5.9311584882739
"Clothes_No+Fur_Brown",2,4716,-0.0560352050619636,0.0489810347638945,-0.152038033199197,0.0399676230752695,-5.44941512875298
"Clothes_No+Fur_Brown",2,4718,-0.0580726027877174,0.0429697370074878,-0.142293287322393,0.0261480817469588,-5.64185616930077
"Clothes_No+Fur_Brown",2,4719,-0.0547037875584961,0.047149119392128,-0.147116061567067,0.0377084864500747,-5.32344498427332
"Clothes_No+Fur_Brown",2,4720,-0.0560526832593543,0.0425111149127248,-0.139374468488295,0.0272691019695864,-5.45106768809684
"Clothes_No+Fur_Brown",2,4723,-0.0601560869742746,0.0445856295389551,-0.147543920870627,0.0272317469220775,-5.83824521207023
"Clothes_No+Fur_Brown",2,4724,-0.0558830254217592,0.0441480367155898,-0.142413177384315,0.0306471265407969,-5.435025359879
"Clothes_No+Fur_Brown",2,4726,-0.0574831366242403,0.0421954993016907,-0.140186315255554,0.0252200420070733,-5.5862188397135
"Clothes_No+Fur_Brown",2,4727,-0.0543021089652521,0.0431788275987887,-0.138932611058878,0.0303283931283737,-5.2854077999915
"Clothes_No+Fur_Brown",2,4728,-0.056884856173966,0.0459954085007192,-0.147035856835376,0.0332661444874437,-5.52971601962787
"Clothes_No+Fur_Brown",2,4729,-0.0548923237724468,0.04854650704991,-0.15004347759027,0.0402588300453768,-5.34129326092976
"Clothes_No+Fur_Brown",2,4730,-0.0585863062038003,0.0481574399665551,-0.152974888538248,0.0358022761306477,-5.69031582211158
"Clothes_No+Fur_Brown",2,4731,-0.0553409714094819,0.0420924184641749,-0.137842111599265,0.0271601687803008,-5.38375214078278
"Clothes_No+Fur_Brown",2,4732,-0.0539577684513793,0.0487469875454493,-0.14950186404046,0.0415863271377013,-5.25278811282449
"Clothes_No+Fur_Brown",2,4733,-0.0549824695217154,0.0429013302206214,-0.139069076754133,0.0291041377107026,-5.34982595637467
"Clothes_No+Fur_Brown",2,4734,-0.0585940253855771,0.044789863182874,-0.14638215722401,0.0291941064528559,-5.69104381289731
"Clothes_No+Fur_Brown",2,4735,-0.0584137082647084,0.0429356803084325,-0.142567641669236,0.0257402251398193,-5.67403676016021
"Clothes_No+Fur_Brown",2,4736,-0.0548041902483546,0.045366454509023,-0.14372244108604,0.0341140605893306,-5.33295028787643
"Clothes_No+Fur_Brown",2,4737,-0.0558633481848937,0.0440347889770572,-0.142171534579926,0.0304448382101384,-5.43316456416623
"Clothes_No+Fur_Brown",2,4738,-0.0528614457280326,0.048028438577078,-0.146997185339105,0.0412742938830403,-5.14885763119421
"Clothes_No+Fur_Brown",2,4739,-0.0538645603977677,0.0414316384623858,-0.135070571784044,0.0273414509885085,-5.24395649803694
"Clothes_No+Fur_Brown",2,4741,-0.0535896156851034,0.0488076730750709,-0.149252654912242,0.0420734235420356,-5.21790024303246
"Clothes_No+Fur_Brown",2,4743,-0.0567025010588167,0.0463306252245388,-0.147510526498913,0.0341055243812792,-5.51248730929047
"Clothes_No+Fur_Brown",2,4744,-0.0535592118895954,0.0452549909213791,-0.142258994095499,0.0351405703163077,-5.21501846364534
"Clothes_No+Fur_Brown",2,4746,-0.0560352033401111,0.0489063693343935,-0.151891687235522,0.0398212805553002,-5.44941496595082
"Clothes_No+Fur_Brown",2,4747,-0.0491397591622702,0.0589197306768836,-0.164622431288962,0.0663429129644217,-4.79519370396468
"Clothes_No+Fur_Brown",2,4748,-0.0522586631346432,0.0533086923764574,-0.1567437001925,0.0522263739232134,-5.09166577821617
"Clothes_No+Fur_Brown",2,4750,-0.0552206718909345,0.0442651008246074,-0.141980269507165,0.0315389257252959,-5.37236916704916
"Clothes_No+Fur_Brown",2,4751,-0.0581276321576297,0.0464992179167227,-0.149266099274406,0.0330108349591469,-5.64704849563534
"Clothes_No+Fur_Brown",2,4753,-0.0569249706172601,0.043583830666942,-0.142349278724466,0.0284993374899463,-5.5335055664693
"Clothes_No+Fur_Brown",2,4754,-0.053039401192711,0.0529339429485105,-0.156789929371792,0.0507111269863696,-5.16573540851885
"Clothes_No+Fur_Brown",2,4755,-0.0552188488418551,0.0471329205463899,-0.147599373112779,0.037161675429069,-5.37219665607664
"Clothes_No+Fur_Brown",2,4756,-0.0562858155480179,0.0506361302597385,-0.155532630857105,0.0429609997610695,-5.47310752787844
"Clothes_No+Fur_Brown",2,4757,-0.0558094817081669,0.0442590444258218,-0.142557208782778,0.0309382453664438,-5.4280704447262
"Clothes_No+Fur_Brown",2,4759,-0.0536321564772434,0.0531532027180742,-0.157812433804669,0.050548120850182,-5.22193226287355
"Clothes_No+Fur_Brown",2,4761,-0.0540635501845948,0.0489967668721683,-0.150097213254045,0.0419701128848551,-5.26281010703394
"Clothes_No+Fur_Brown",2,4762,-0.0462515152212117,0.0620653135940049,-0.167899529865461,0.075396499423038,-4.5198215194272
"Clothes_No+Fur_Brown",2,4763,-0.0559630231515942,0.0455502238932668,-0.145241461982397,0.0333154156792087,-5.44259004058943
"Clothes_No+Fur_Brown",2,4764,-0.0560641964504103,0.0450225087116526,-0.144308313525249,0.0321799206244288,-5.4521562417523
"Clothes_No+Fur_Brown",2,4765,-0.0559088692568462,0.0443560077492445,-0.142846644445365,0.0310289059316729,-5.43746924990872
"Clothes_No+Fur_Brown",2,4766,-0.0528262509097973,0.049459857585386,-0.149767571777154,0.0441150699575593,-5.14551930373357
"Clothes_No+Fur_Brown",2,4767,-0.0545906711817205,0.0455911946613537,-0.143949412717974,0.0347680703545328,-5.31273490967336
"Clothes_No+Fur_Brown",2,4768,-0.0563484868158623,0.0459528273926798,-0.146416028505515,0.0337190548737902,-5.47903146244288
"Clothes_No+Fur_Brown",2,4769,-0.0543597467202581,0.0437843438057326,-0.140177060579494,0.0314575671389777,-5.29086677912907
"Clothes_No+Fur_Brown",2,4771,-0.055583851858416,0.0455125066895452,-0.144788364969925,0.0336206612530926,-5.40672978701583
"Clothes_No+Fur_Brown",2,4772,-0.0543522436761264,0.0490904726148349,-0.150569570001203,0.04186508264895,-5.29015616965697
"Clothes_No+Fur_Brown",2,4773,-0.0571488957376817,0.0471348511514388,-0.149533203994502,0.0352354125191382,-5.55465661939673
"Clothes_No+Fur_Brown",2,4774,-0.0543591149315583,0.0423524368427573,-0.137369891143363,0.0286516612802459,-5.29080694295002
"Clothes_No+Fur_Brown",2,4775,-0.0578066673632253,0.0465353116339824,-0.149015878165831,0.0334025434393803,-5.61675965938927
"Clothes_No+Fur_Brown",2,4777,-0.0505414356697498,0.0559151848547199,-0.160135197985001,0.0590523266455012,-4.92854656373044
"Clothes_No+Fur_Brown",2,4778,-0.0562404154930959,0.0446052774979758,-0.143666759389128,0.0311859284029366,-5.46881590434937
"Clothes_No+Fur_Brown",2,4779,-0.0520305897278214,0.0566010860585568,-0.162968718402593,0.05890753894695,-5.07001724246062
"Clothes_No+Fur_Brown",2,4780,-0.0574778231556291,0.0436791184968254,-0.143088895409407,0.0281332490981487,-5.58571717371804
"Clothes_No+Fur_Brown",2,4781,-0.0512260162632227,0.0523110570953378,-0.153755688170085,0.0513036556436395,-4.9936083631826
"Clothes_No+Fur_Brown",2,4782,-0.0544461290090212,0.0462126082182502,-0.145022841116792,0.0361305830987491,-5.29904761747859
"Clothes_No+Fur_Brown",2,4783,-0.0602643338035127,0.04578765188206,-0.15000813149235,0.029479463885325,-5.84843737181707
"Clothes_No+Fur_Brown",2,4784,-0.0465710045607566,0.0562971518294615,-0.156913422146501,0.0637714130249879,-4.55032154611346
"Clothes_No+Fur_Brown",2,4785,-0.0563286354929498,0.045955873463094,-0.146402147480614,0.0337448764947144,-5.47715507755013
"Clothes_No+Fur_Brown",2,4786,-0.0538394910221283,0.0485165133262861,-0.148931857141649,0.0412528750973925,-5.24158099341221
"Clothes_No+Fur_Brown",2,4787,-0.0534069363166459,0.0561835964849828,-0.163526785427212,0.0567129127939205,-5.20058392728913
"Clothes_No+Fur_Brown",2,4788,-0.0570361308050126,0.0450504835948154,-0.145335078650851,0.0312628170408256,-5.54400589610673
"Clothes_No+Fur_Brown",2,4789,-0.059181168659877,0.0455225037121217,-0.148405275935636,0.0300429386158815,-5.74640042950596
"Clothes_No+Fur_Brown",2,4790,-0.0550799873303007,0.0567156829325373,-0.166242725878074,0.0560827512174724,-5.35905558389577
"Clothes_No+Fur_Brown",2,4791,-0.0578581972538039,0.0447604031936837,-0.145588587513424,0.0298721930058162,-5.62162309212931
"Clothes_No+Fur_Brown",2,4792,-0.0565247242574276,0.0463798355839549,-0.147429202001979,0.034379753487124,-5.49568812830502
"Clothes_No+Fur_Brown",2,4793,-0.0544307862419979,0.0423987933045787,-0.137532421118972,0.0286708486349765,-5.29759463168291
"Clothes_No+Fur_Brown",2,4794,-0.053329722986087,0.047512593691053,-0.146454406620551,0.0397949606483769,-5.1932638660396
"Clothes_No+Fur_Brown",2,4795,-0.0559493281670892,0.0480496820157116,-0.150126704917884,0.0382280485837056,-5.44129506945793
"Clothes_No+Fur_Brown",2,4796,-0.0531358559409425,0.0606879937613668,-0.172084323713221,0.0658126118313364,-5.17488218250175
"Clothes_No+Fur_Brown",2,4799,-0.0561918090940214,0.0379991898866351,-0.130670221271826,0.0182866030837833,-5.46422097221958
"Clothes_No+Fur_Brown",2,4800,-0.0514199500380128,0.060873304714005,-0.170731627277463,0.0678917272014369,-5.01203152484753
"Clothes_No+Fur_Brown",2,4803,-0.0578557887616804,0.0434721598945878,-0.143061222155073,0.0273496446317117,-5.62139578227817
"Clothes_No+Fur_Brown",2,4804,-0.0535211296255255,0.0463648592168449,-0.144396253690541,0.0373539944394906,-5.21140876821635
"Clothes_No+Fur_Brown",2,4805,-0.0496547086693094,0.056444680435802,-0.160286282323481,0.0609768649848626,-4.84420675132922
"Clothes_No+Fur_Brown",2,4807,-0.0522980267327968,0.046377888889469,-0.143198688956156,0.0386026354905624,-5.09540163821699
"Clothes_No+Fur_Brown",2,4808,-0.0513437027188953,0.0559490357982668,-0.161003812883498,0.0583164074457077,-5.00478867078229
"Clothes_No+Fur_Brown",2,4809,-0.0519700634856153,0.0452939926213402,-0.140746289023442,0.0368061620522115,-5.06427131344362
"Clothes_No+Fur_Brown",2,4810,-0.0576902162937339,0.049133182917802,-0.153991254812626,0.038610822225158,-5.60576799012614
"Clothes_No+Fur_Brown",2,4813,-0.0610218873579435,0.0437987885546168,-0.146867512924992,0.0248237382091054,-5.91973521336487
"Clothes_No+Fur_Brown",2,4814,-0.0593415436675009,0.0463696823144331,-0.15022612100379,0.031543033668788,-5.76151513921241
"Clothes_No+Fur_Brown",2,4815,-0.0501078468567541,0.0525648012382528,-0.15313485728373,0.0529191635702215,-4.88731570711209
"Clothes_No+Fur_Brown",2,4816,-0.0572742773733954,0.0485419655916381,-0.152416529933006,0.0378679751862153,-5.56649758869976
"Clothes_No+Fur_Brown",2,4817,-0.0598883805166125,0.047420488208178,-0.152832537404641,0.0330557763714165,-5.81303412781423
"Clothes_No+Fur_Brown",2,4818,-0.0560174102866934,0.0502810541375354,-0.154568276396263,0.0425334558228761,-5.44773260737352
"Clothes_No+Fur_Brown",2,4820,-0.0516852938973205,0.055451453788326,-0.16037014332244,0.0569995555277985,-5.03723265536005
"Clothes_No+Fur_Brown",2,4821,-0.0551781545119003,0.0453840963346055,-0.144130983327727,0.0337746743039265,-5.36834576267023
"Clothes_No+Fur_Brown",2,4823,-0.0511349825072146,0.055689780175049,-0.160286951650311,0.0580169866358814,-4.98495918082932
"Clothes_No+Fur_Brown",2,4824,-0.0572247163856512,0.0456831031551463,-0.146763598569738,0.0323141657984356,-5.56181725506409
"Clothes_No+Fur_Brown",2,4828,-0.0505702682141943,0.046845996173473,-0.142388420714201,0.0412478842858127,-4.93128767612024
"Clothes_No+Fur_Brown",2,4829,-0.0518176359570286,0.0528254733882521,-0.155355563798003,0.0517202918839454,-5.04979939201378
"Clothes_No+Fur_Brown",2,4830,-0.0548529117570878,0.0472633099435815,-0.147488999246507,0.0377831757323318,-5.33756249700792
"Clothes_No+Fur_Brown",2,4831,-0.0472666444437696,0.0556818114517804,-0.156402994889259,0.0618697060017199,-4.61669705986277
"Clothes_No+Fur_Brown",2,4832,-0.0510722893815804,0.0539487197737513,-0.156811780138133,0.0546672013749721,-4.97900220420932
"Clothes_No+Fur_Brown",2,4834,-0.0488058413565047,0.055088900019156,-0.156780085394051,0.0591684026810411,-4.76339781563678
"Clothes_No+Fur_Brown",2,4835,-0.0566580178625627,0.0485484788750601,-0.151813036457681,0.0384970007325551,-5.5082841092347
"Clothes_No+Fur_Brown",2,4836,-0.0455955319939388,0.059841389205077,-0.16288465483589,0.0716935908480121,-4.45716757608569
"Clothes_No+Fur_Brown",2,4837,-0.0520544343956329,0.0557853219943756,-0.161393665504609,0.0572847967133432,-5.07228078937796
"Clothes_No+Fur_Brown",2,4838,-0.0511271711090046,0.057535021857342,-0.163895813949395,0.0616414717313856,-4.98421697761072
"Clothes_No+Fur_Brown",2,4840,-0.0478666184691212,0.0550041362179595,-0.155674725456322,0.0599414885180794,-4.6739074000039
"Clothes_No+Fur_Brown",2,4841,-0.0485810017831811,0.0562449758319241,-0.158821154413752,0.0616591508473901,-4.74198245121638
"Clothes_No+Fur_Brown",2,4842,-0.0477072894071268,0.0546993472175948,-0.154918009953613,0.059503431139359,-4.6587179730599
"Clothes_No+Fur_Brown",2,4843,-0.0547356549475447,0.0468472328127005,-0.146556231260438,0.0370849213653483,-5.32646203081283
"Clothes_No+Fur_Brown",2,4844,-0.0559524334603382,0.0479540308042589,-0.149942333836686,0.0380374669160092,-5.44158870151007
"Clothes_No+Fur_Brown",2,4845,-0.0524160271610977,0.0507818669366465,-0.151948486356925,0.0471164320347294,-5.10659976076677
"Clothes_No+Fur_Brown",2,4846,-0.0561769404941037,0.0468804389862284,-0.148062600907111,0.0357087199189039,-5.4628153470935
"Clothes_No+Fur_Brown",2,4847,-0.0487495312741461,0.0555222179523435,-0.157573078460739,0.0600740159124473,-4.75803488373208
"Clothes_No+Fur_Brown",2,4848,-0.055287438880436,0.0447673185336137,-0.143031383206319,0.032456505445447,-5.37868695817124
"Clothes_No+Fur_Brown",2,4849,-0.0552358780352692,0.0468540817914378,-0.147069878346487,0.0365981222759489,-5.37380807752149
"Clothes_No+Fur_Brown",2,4850,-0.0454318699471298,0.0597381723498801,-0.162518687752895,0.0716549478586352,-4.44152956093338
"Clothes_No+Fur_Brown",2,4851,-0.0537787228573184,0.0483217227357353,-0.14848929941936,0.0409318537047228,-5.23582252322483
"Clothes_No+Fur_Brown",2,4852,-0.0558810112962459,0.0451439046100456,-0.144363064331935,0.0326010417394435,-5.43483489395911
"Clothes_No+Fur_Brown",2,4855,-0.0566550680604002,0.0445343307027553,-0.1439423562378,0.0306322201170002,-5.50800537695572
"Clothes_No+Fur_Brown",2,4857,-0.0546471099517864,0.0567561717439798,-0.165889206569987,0.0565949866664141,-5.31807879165347
"Clothes_No+Fur_Brown",2,4859,-0.0467887832813512,0.0579698085588643,-0.160409608056725,0.0668320414940228,-4.57110619165941
"Clothes_No+Fur_Brown",2,4860,-0.0593673523972943,0.0456512248430091,-0.148843753089592,0.0301090482950036,-5.76394728341892
"Clothes_No+Fur_Brown",2,4862,-0.0513419806616215,0.0530913349768772,-0.155400997216301,0.0527170358930578,-5.00462508344679
"Clothes_No+Fur_Brown",2,4863,-0.0508761794477591,0.0576325468341758,-0.163835971242744,0.0620836123472255,-4.96036581528917
"Clothes_No+Fur_Brown",2,4864,-0.0573945944475916,0.0459447990312112,-0.147446400548765,0.0326572116535824,-5.57785886792433
"Clothes_No+Fur_Brown",2,4866,-0.056699686435352,0.0476307852554093,-0.150056025535954,0.0366566526652501,-5.51222136214585
"Clothes_No+Fur_Brown",2,4867,-0.0554543879842145,0.0468543655018864,-0.147288944367912,0.0363801683994829,-5.39448258301253
"Clothes_No+Fur_Brown",2,4869,-0.0508354860186815,0.0579162539861144,-0.164351343831466,0.0626803717941028,-4.95649824798416
"Clothes_No+Fur_Brown",2,4871,-0.0576642312893899,0.0445943376831126,-0.145069133148291,0.0297406705695107,-5.60331512372859
"Clothes_No+Fur_Brown",2,4873,-0.0558605128770068,0.0464742947616149,-0.146950130609772,0.0352291048557584,-5.43289643769176
"Clothes_No+Fur_Brown",2,4874,-0.0546521506876848,0.046367715403202,-0.145532872877961,0.0362285715025911,-5.31855605700975
"Clothes_No+Fur_Brown",2,4875,-0.0593528521597524,0.0426863180878106,-0.143018035611861,0.0243123312923563,-5.76258082836258
"Clothes_No+Fur_Brown",2,4876,-0.0547295209223205,0.0436663292231086,-0.140315526199613,0.0308564843549725,-5.32588129916175
"Clothes_No+Fur_Brown",2,4877,-0.0634512211408439,0.0431662388708157,-0.148057049327643,0.021154607045955,-6.14801018859389
"Clothes_No+Fur_Brown",2,4878,-0.0546166596555732,0.0485393408354129,-0.149753767692982,0.040520448381836,-5.31519565521069
"Clothes_No+Fur_Brown",2,4879,-0.0588849248615581,0.0452498725166082,-0.14757467499411,0.029804825270994,-5.71847424888929
"Clothes_No+Fur_Brown",2,4880,-0.05043470836026,0.0467971928009714,-0.142157206250164,0.0412877895296439,-4.91839930181056
"Clothes_No+Fur_Brown",2,4882,-0.0571808079904562,0.0438232396903141,-0.143074357783472,0.0287127418025595,-5.55767053497738
"Clothes_No+Fur_Brown",2,4883,-0.0485973632386755,0.0593954376296536,-0.165012420992797,0.0678176945154456,-4.7435409982809
"Clothes_No+Fur_Brown",2,4884,-0.0544897703212472,0.045606128902281,-0.143877782969718,0.0348982423272236,-5.3031804011289
"Clothes_No+Fur_Brown",2,4885,-0.0582764781803106,0.0452351979184339,-0.146937466100441,0.0303845097398199,-5.66109151204548
"Clothes_No+Fur_Brown",2,4886,-0.0562570366274196,0.0496334855262138,-0.153538668258799,0.0410245950039595,-5.47038710680038
"Clothes_No+Fur_Brown",2,4887,-0.0552594804934457,0.0418215851662253,-0.137229787419247,0.0267108264323559,-5.37604146190196
"Clothes_No+Fur_Brown",2,4888,-0.054490425438112,0.0476336829225633,-0.147852443966336,0.0388715930901122,-5.30324243859215
"Clothes_No+Fur_Brown",2,4889,-0.0499403813020685,0.0521360994919099,-0.152127136306212,0.0522463737020749,-4.87138627490098
"Clothes_No+Fur_Brown",2,4890,-0.0505093229666025,0.0524075436710458,-0.153228108561852,0.0522094626286472,-4.92549351334788
"Clothes_No+Fur_Brown",2,4891,-0.0559793549760509,0.0480905654268672,-0.15023686321271,0.0382781532606088,-5.44413432299946
"Clothes_No+Fur_Brown",2,4892,-0.0513001171519996,0.0586896963479069,-0.166331921993897,0.0637316876898978,-5.00064816041154
"Clothes_No+Fur_Brown",2,4893,-0.0554336831167739,0.0470029169899937,-0.147559400417162,0.0366920341836137,-5.39252376803683
"Clothes_No+Fur_Brown",2,4894,-0.0546023081551144,0.0446082318232185,-0.142034442528623,0.0328298262183939,-5.31383677644675
"Clothes_No+Fur_Brown",2,4895,-0.0586359281310613,0.04815174368859,-0.153013345760698,0.0357414894985752,-5.69499553429074
"Clothes_No+Fur_Brown",2,4896,-0.0591562443819563,0.0504369143144394,-0.158012596438258,0.039700107674345,-5.7440511973189
"Clothes_No+Fur_Brown",2,4897,-0.0584170971746503,0.0472877570485185,-0.151101100989747,0.034266906640446,-5.67435642181317
"Clothes_No+Fur_Brown",2,4898,-0.0569728235159504,0.0432575417517361,-0.141757605349353,0.0278119583174524,-5.53802595389937
"Clothes_No+Fur_Brown",2,4899,-0.0608012270807589,0.0441197232045147,-0.147275884561608,0.0256734304000898,-5.89897314546187
"Clothes_No+Fur_Brown",2,4902,-0.0581689473475576,0.0461664128561383,-0.148655116545589,0.0323172218504734,-5.65094662522046
"Clothes_No+Fur_Brown",2,4903,-0.053578544917326,0.0449500343810134,-0.141680612304112,0.0345235224694602,-5.21685092660824
"Clothes_No+Fur_Brown",2,4904,-0.055789504454679,0.0465587242615776,-0.147044604007371,0.0354655950980131,-5.42618113844512
"Clothes_No+Fur_Brown",2,4905,-0.0586440965357402,0.050932130163164,-0.158471071655542,0.0411828785840614,-5.69576585258431
"Clothes_No+Fur_Brown",2,4906,-0.0594682800003475,0.0459382146898215,-0.149507180792398,0.0305706207917027,-5.77345782239478
"Clothes_No+Fur_Brown",2,4907,-0.0546669226822365,0.0465826468167228,-0.145968910443013,0.0366350650785402,-5.31995468045356
"Clothes_No+Fur_Brown",2,4910,-0.0585242149910273,0.0435121029604309,-0.143807936793472,0.0267595068114173,-5.68445983764403
"Clothes_No+Fur_Brown",2,4911,-0.0558353071124927,0.045011627599991,-0.144058097208475,0.0323874829834896,-5.43051277150766
"Clothes_No+Fur_Brown",2,4913,-0.0523261946878353,0.0459599272275098,-0.142407652053754,0.0377552626780838,-5.09807486902669
"Clothes_No+Fur_Brown",2,4914,-0.0585357771894086,0.0508412448999491,-0.158184617193309,0.0411130628144917,-5.6855503263256
"Clothes_No+Fur_Brown",2,4915,-0.0563892228434514,0.0438117003969864,-0.142260155621545,0.0294817099346419,-5.48288179280086
"Clothes_No+Fur_Brown",2,4916,-0.0562305022238936,0.042532969515397,-0.139595122474072,0.0271341180262846,-5.46787878662848
"Clothes_No+Fur_Brown",2,4917,-0.0605637385103014,0.0476983972217948,-0.154052597065019,0.0329251200444164,-5.87662257321793
"Clothes_No+Fur_Brown",2,4918,-0.0590950305337364,0.044154976854515,-0.145638785168586,0.027448724101113,-5.73828125137658
"Clothes_No+Fur_Brown",2,4919,-0.0566673640471031,0.0474062115043855,-0.149583538595699,0.0362488105014925,-5.50916724212198
"Clothes_No+Fur_Brown",2,4920,-0.0537621381927737,0.0465225683578398,-0.14494637217414,0.0374220957885923,-5.23425087809796
"Clothes_No+Fur_Brown",2,4921,-0.0518342927692093,0.0503287981246965,-0.150478737093615,0.0468101515551959,-5.05138094649995
"Clothes_No+Fur_Brown",2,4923,-0.0512310278966472,0.0561578165776718,-0.161300348388884,0.0588382925955897,-4.99408449919735
"Clothes_No+Fur_Brown",2,4926,-0.0524851877619774,0.0471517691616804,-0.144902655318871,0.0399322797949162,-5.11316241840556
"Clothes_No+Fur_Brown",2,4927,-0.055471988443581,0.0432084072282194,-0.140160466610891,0.0292164897237291,-5.39614766892449
"Clothes_No+Fur_Brown",2,4928,-0.0538465268660315,0.0548108823146581,-0.161275856202761,0.0535828024706984,-5.24224769651144
"Clothes_No+Fur_Brown",2,4929,-0.048323705255137,0.0610657197401156,-0.168012515945764,0.0713651054354897,-4.71746974065028
"Clothes_No+Fur_Brown",2,4930,-0.0476458905381905,0.0592252050976461,-0.163727292529577,0.0684355114531958,-4.65286394646706
"Clothes_No+Fur_Brown",2,4931,-0.0613894600840475,0.044358293421231,-0.14833171518966,0.0255527950215653,-5.95431019796513
"Clothes_No+Fur_Brown",2,4932,-0.0544155119022808,0.0477866843653803,-0.148077413258426,0.0392463894538645,-5.29614810392395
"Clothes_No+Fur_Brown",2,4933,-0.0519770526298592,0.0501306626385955,-0.150233151401506,0.046279046141788,-5.0649348306266
"Clothes_No+Fur_Brown",2,4934,-0.0577107297359244,0.0468363719213979,-0.149510018701864,0.0340885592300154,-5.60770432088712
"Clothes_No+Fur_Brown",2,4935,-0.0501349339383944,0.0569615464236398,-0.161779564928728,0.0615096970519395,-4.88989199726432
"Clothes_No+Fur_Brown",2,4936,-0.0615684555351024,0.0473447786509478,-0.15436422169096,0.0312273106207553,-5.97114244213851
"Clothes_No+Fur_Brown",2,4938,-0.0551663684218007,0.0499263678267288,-0.153022049362189,0.0426893125185877,-5.36723041889435
"Clothes_No+Fur_Brown",2,4939,-0.0505566675903522,0.0589320024029074,-0.166063392300051,0.0649500571193462,-4.92999467353197
"Clothes_No+Fur_Brown",2,4940,-0.0542914627621995,0.0440988598590169,-0.140725228085873,0.0321423025614736,-5.28439944384332
"Clothes_No+Fur_Brown",2,4941,-0.0518569999410536,0.055254205311316,-0.160155242351233,0.0564412424691258,-5.05353693663086
"Clothes_No+Fur_Brown",2,4942,-0.0554229125402796,0.0449538110318313,-0.143532382162669,0.0326865570821098,-5.39150478548963
"Clothes_No+Fur_Brown",2,4943,-0.0537207940291924,0.0450297930784993,-0.141979188463051,0.0345376004046663,-5.2303327864698
"Clothes_No+Fur_Brown",2,4946,-0.0513401822001359,0.0562849139325106,-0.161658613507857,0.0589782491075848,-5.00445423777006
"Clothes_No+Fur_Brown",2,4947,-0.0499129116241756,0.0573500591530711,-0.162319027564195,0.0624932043158438,-4.868773086632
"Clothes_No+Fur_Brown",2,4948,-0.0550717724323287,0.0443594687211491,-0.142016331125781,0.0318727862611237,-5.358278115
"Clothes_No+Fur_Brown",2,4949,-0.047918731204648,0.05860957442161,-0.162793497071004,0.0669560346617076,-4.67887497401831
"Clothes_No+Fur_Brown",2,4950,-0.0578270660863807,0.0470957047219732,-0.150134647341448,0.0344805151686869,-5.61868493734281
"Clothes_No+Fur_Brown",2,4951,-0.0544222312058529,0.0536650393061901,-0.159605708245985,0.0507612458342797,-5.2967844457164
"Clothes_No+Fur_Brown",2,4952,-0.056539490944392,0.0418848827979293,-0.138633861228333,0.0255548793395494,-5.49708363359168
"Clothes_No+Fur_Brown",2,4954,-0.0571472158785101,0.0460637745780261,-0.147432214051441,0.0331377822944211,-5.55449796438716
"Clothes_No+Fur_Brown",2,4955,-0.0573597618402532,0.041149149978576,-0.138012095798262,0.0232925721177558,-5.57456984127588
"Clothes_No+Fur_Brown",2,4956,-0.0533063824085449,0.0550857995925002,-0.161274549609845,0.0546617847927556,-5.19105099623861
"Clothes_No+Fur_Brown",2,4957,-0.0553224462870582,0.0383913157042726,-0.130569425067433,0.0199245324933161,-5.38199934697262
"Clothes_No+Fur_Brown",2,4958,-0.0609415298481315,0.0470660904709521,-0.153191067171198,0.0313080074749347,-5.9121748538024
"Clothes_No+Fur_Brown",2,4959,-0.0553676190402174,0.0441231840570589,-0.141849059792053,0.0311138217116181,-5.3862734060243
"Clothes_No+Fur_Brown",2,4960,-0.0463725316208419,0.0575656231804812,-0.159201153054585,0.0664560898129013,-4.53137548773904
"Clothes_No+Fur_Brown",2,4961,-0.0542395803686161,0.0444794761447436,-0.141419353612314,0.0329401928750813,-5.27948524429767
"Clothes_No+Fur_Brown",2,4962,-0.0511703689275595,0.0558725936206811,-0.160680652424094,0.0583399145689754,-4.98832136351468
"Clothes_No+Fur_Brown",2,4963,-0.0509168388702202,0.0558278341094922,-0.160339393724825,0.0585057159843846,-4.96422999336787
"Clothes_No+Fur_Brown",2,4964,-0.0542715347667037,0.0581268255781981,-0.168200112899972,0.0596570433665646,-5.28251193297498
"Clothes_No+Fur_Brown",2,4965,-0.059131373481316,0.0433420979890831,-0.144081885539919,0.0258191385772869,-5.74170693782967
"Clothes_No+Fur_Brown",2,4967,-0.0536682450219762,0.0408081571553741,-0.133652233046509,0.026315743002557,-5.22535260369283
"Clothes_No+Fur_Brown",2,4968,-0.0542694799111616,0.0452587801794963,-0.142976689062974,0.0344377292406511,-5.28231730201971
"Clothes_No+Fur_Brown",2,4969,-0.0508540260229781,0.0540916251331918,-0.156873611284034,0.0551655592380778,-4.95826033858038
"Clothes_No+Fur_Brown",2,4970,-0.0511871610222477,0.0558474228266984,-0.160648109762577,0.0582737877180812,-4.98991679522346
"Clothes_No+Fur_Brown",2,4971,-0.0562620487911842,0.0471205929066919,-0.1486184108883,0.036094313305932,-5.47086090351343
"Clothes_No+Fur_Brown",2,4972,-0.0506272027272756,0.0566903691218202,-0.161740326206043,0.0604859207514919,-4.93670021288413
"Clothes_No+Fur_Brown",2,4974,-0.0522834519575823,0.0556628942271724,-0.16138272464284,0.0568158207276757,-5.09401841494897
"Clothes_No+Fur_Brown",2,4975,-0.0452089803122885,0.0618676364034616,-0.166469547663073,0.0760515870384962,-4.42022819451252
"Clothes_No+Fur_Brown",2,4976,-0.0519564457966911,0.0556871140388333,-0.161103189312804,0.0571902977194221,-5.06297849942003
"Clothes_No+Fur_Brown",2,4977,-0.0534149801845499,0.0556685905809972,-0.162525417723304,0.0556954573542046,-5.20134647820245
"Clothes_No+Fur_Brown",2,4978,-0.0476148943279982,0.0580577773145996,-0.161408137864613,0.0661783492086169,-4.64990850079313
"Clothes_No+Fur_Brown",2,4981,-0.0559161703712262,0.0510747367804016,-0.156022654460813,0.0441903137183608,-5.43815965924141
"Clothes_No+Fur_Brown",2,4982,-0.0542578256302612,0.0445562730040148,-0.14158812071813,0.0330724694576077,-5.28121342910691
"Clothes_No+Fur_Brown",2,4985,-0.0581543241372323,0.0458398233809994,-0.148000377963991,0.0316917296895266,-5.64956692908121
"Clothes_No+Fur_Brown",2,4986,-0.0598185996315913,0.0439794699327405,-0.146018360699763,0.0263811614365801,-5.80646144865718
"Clothes_No+Fur_Brown",2,4987,-0.0564224948918797,0.0502573268239132,-0.15492685546675,0.0420818656829902,-5.48602651861913
"Clothes_No+Fur_Brown",2,4989,-0.0472304448444305,0.057361541570398,-0.159659066322411,0.0651981766335496,-4.61324416001628
"Clothes_No+Fur_Brown",2,4990,-0.0542854662967675,0.0479884588883362,-0.148342845717906,0.0397719131243715,-5.28383148331585
"Clothes_No+Fur_Brown",2,4991,-0.057515547831267,0.0485334861709207,-0.152641180726272,0.0376100850637376,-5.58927885473119
"Clothes_No+Fur_Brown",2,4992,-0.0571280131476972,0.0464352335041478,-0.148141070815827,0.0338850445204326,-5.55268433542182
"Clothes_No+Fur_Brown",2,4993,-0.0563811885361299,0.0475490838181524,-0.149577392819709,0.0368150157474488,-5.48212241017548
"Clothes_No+Fur_Brown",2,4994,-0.0587426698769117,0.0465507120446232,-0.149982065484373,0.0324967257305497,-5.70506127788276
"Clothes_No+Fur_Brown",2,4995,-0.060071550345747,0.0458975173429042,-0.150030684337839,0.0298875836463452,-5.83028475831399
"Clothes_No+Fur_Brown",2,4996,-0.0553768610456814,0.0429010794883876,-0.139462976842921,0.0287092547515582,-5.38714782256177
"Clothes_No+Fur_Brown",2,4997,-0.060059945073734,0.0456523226253779,-0.149538497419475,0.0294186072720068,-5.82919188681169
"Clothes_No+Fur_Brown",2,4998,-0.0554210645876715,0.0472936119062357,-0.148116543923894,0.0372744147485505,-5.39132995331262
"Clothes_No+Fur_Brown",2,4999,-0.0566654435703446,0.0473890632670393,-0.149548007573742,0.0362171204330524,-5.50898577449953
"Clothes_No+Fur_Brown",2,5001,-0.055150701776354,0.0473692896791351,-0.147994509547459,0.0376931059947508,-5.36574782923211
"Clothes_No+Fur_Brown",2,5002,-0.0578016729860907,0.0439157387708766,-0.143876520977009,0.0282731750048274,-5.61628827271469
"Clothes_No+Fur_Brown",2,5004,-0.0591671768359853,0.0474619282086594,-0.152192556124958,0.0338582024529871,-5.7450816405135
"Clothes_No+Fur_Brown",2,5005,-0.0525897002491507,0.043480054996688,-0.137810608042659,0.0326312075443578,-5.12307875960144
"Clothes_No+Fur_Brown",2,5007,-0.0542899110913981,0.0464407051387976,-0.145313693163441,0.0367338709806453,-5.28425247629748
"Clothes_No+Fur_Brown",2,5008,-0.05511838850988,0.04050856208034,-0.134515170187346,0.0242783931675863,-5.36268983801759
"Clothes_No+Fur_Brown",2,5009,-0.058082184176614,0.0468054752587006,-0.149820915683667,0.0336565473304392,-5.64276024704121
"Clothes_No+Fur_Brown",2,5010,-0.0538625476399447,0.0452606489786735,-0.142573419638145,0.0348483243582554,-5.24376577687717
"Clothes_No+Fur_Brown",2,5011,-0.0589889084658004,0.0445632599896805,-0.146332898045574,0.0283550811139734,-5.72827747205429
"Clothes_No+Fur_Brown",2,5012,-0.0568528797045726,0.0450607411732186,-0.145171932404081,0.0314661729949358,-5.5266951451854
"Clothes_No+Fur_Brown",2,5013,-0.057103847617104,0.0467262320756845,-0.148687262485446,0.0344795672512375,-5.55040193834814
"Clothes_No+Fur_Brown",2,5015,-0.0608001942828567,0.0415126481708392,-0.142164984697702,0.0205645961319882,-5.89887595806855
"Clothes_No+Fur_Brown",2,5016,-0.0569768741104173,0.0439897794487936,-0.143196841830053,0.0292430936092181,-5.53840858027385
"Clothes_No+Fur_Brown",2,5017,-0.0572181227064519,0.0447218595650455,-0.144872967453941,0.0304367220410374,-5.56119455792997
"Clothes_No+Fur_Brown",2,5018,-0.0531183753620017,0.0592722753405892,-0.169292035029556,0.063055284305553,-5.1732245700562
"Clothes_No+Fur_Brown",2,5019,-0.0567650122392855,0.046813561013598,-0.148519591825938,0.0349895673473667,-5.51839365064021
"Clothes_No+Fur_Brown",2,5020,-0.0580404274328395,0.0470314926135741,-0.150222152955445,0.0341412980897657,-5.63882011369459
"Clothes_No+Fur_Brown",2,5023,-0.05417240859815,0.047592015867197,-0.147452759697856,0.0391079425015562,-5.27312248592558
"Clothes_No+Fur_Brown",2,5024,-0.0542499925449314,0.0498917873215179,-0.152037895695106,0.0435379106052438,-5.28047148586351
"Clothes_No+Fur_Brown",2,5025,-0.0591418476563307,0.0480388558648818,-0.153298005151499,0.0350143098388377,-5.74269421051734
"Clothes_No+Fur_Brown",2,5026,-0.0539186529138374,0.0532517431295165,-0.15829206944769,0.0504547636200149,-5.24908195221717
"Clothes_No+Fur_Brown",2,5027,-0.0547187078333956,0.050323846314597,-0.153353446610006,0.0439160309432146,-5.32485757396255
"Clothes_No+Fur_Brown",2,5029,-0.0507012039794602,0.0575149817837917,-0.163430568275692,0.0620281603167716,-4.94373475581947
"Clothes_No+Fur_Brown",2,5030,-0.055479365524247,0.0443522944475335,-0.142409862641413,0.0314511315929186,-5.39684556660023
"Clothes_No+Fur_Brown",2,5031,-0.0494846836306466,0.0540751452180117,-0.15547196825795,0.0565026009966563,-4.82802650841889
"Clothes_No+Fur_Brown",2,5032,-0.0511253746335982,0.0592107233539257,-0.167178392407292,0.0649276431400961,-4.98404628393997
"Clothes_No+Fur_Brown",2,5033,-0.0560021350256606,0.0501072191385696,-0.154212284537257,0.0422080144859357,-5.44628828577669
"Clothes_No+Fur_Brown",2,5034,-0.0569823378944517,0.0556843286852333,-0.166123622117509,0.0521589463286055,-5.53892469659892
"Clothes_No+Fur_Brown",2,5035,-0.0538482354502401,0.0463975907772467,-0.144787513373644,0.0370910424731633,-5.24240959797236
"Clothes_No+Fur_Brown",2,5036,-0.052159887818303,0.057769042319581,-0.165387210764682,0.0610674351280758,-5.08229071447528
"Clothes_No+Fur_Brown",2,5037,-0.0560425784607784,0.0478423888429213,-0.149813660592904,0.0377285036713473,-5.45011228535319
"Clothes_No+Fur_Brown",2,5038,-0.054390465060199,0.0579071361384443,-0.16788845189155,0.0591075217711517,-5.29377604179476
"Clothes_No+Fur_Brown",2,5039,-0.0540970176461138,0.0469879065863771,-0.146193314555413,0.0379992792631854,-5.26598066723551
"Clothes_No+Fur_Brown",2,5040,-0.0535215740989674,0.0588893418120915,-0.168944684050667,0.0619015358527319,-5.2114508992184
"Clothes_No+Fur_Brown",2,5041,-0.0563129070114561,0.0449224957002353,-0.144360998583917,0.031735184561005,-5.47566836504121
"Clothes_No+Fur_Brown",2,5042,-0.054657834202559,0.0472856622757085,-0.147337732262948,0.0380220638578297,-5.31909417887549
"Clothes_No+Fur_Brown",2,5044,-0.0573132579342147,0.0465981681199809,-0.148645667449377,0.0340191515809479,-5.5701785878397
"Clothes_No+Fur_Brown",2,5045,-0.058740824035772,0.0431860512502112,-0.143385484486186,0.0259038364146418,-5.70488722424496
"Clothes_No+Fur_Brown",2,5046,-0.0565135232427071,0.0424683111227748,-0.139751413043346,0.0267243665579314,-5.49462957818818
"Clothes_No+Fur_Brown",2,5047,-0.0476808450042935,0.0580266121590287,-0.16141300483599,0.0660513148274028,-4.65619669645466
"Clothes_No+Fur_Brown",2,5048,-0.0521701077857263,0.0561490886963295,-0.162222321630532,0.0578821060590795,-5.08326076541512
"Clothes_No+Fur_Brown",2,5049,-0.0534837045272747,0.0582399409694663,-0.167633988827429,0.0606665797728792,-5.20786122949337
"Clothes_No+Fur_Brown",2,5050,-0.056243075330249,0.0496825022274901,-0.15362077969613,0.0411346290356316,-5.46906734157057
"Clothes_No+Fur_Brown",2,5052,-0.0472901146014516,0.059866711200016,-0.164628868553483,0.0700486393505797,-4.61893569475235
"Clothes_No+Fur_Brown",2,5053,-0.0565002630668807,0.0432437091807076,-0.141257933061068,0.0282574069273062,-5.49337641205127
"Clothes_No+Fur_Brown",2,5055,-0.0508392594945538,0.0459500000022622,-0.140901259498988,0.0392227405098801,-4.95685689166817
"Clothes_No+Fur_Brown",2,5056,-0.0478644621483607,0.0536664603561346,-0.153050724446385,0.0573218001496631,-4.67370184614979
"Clothes_No+Fur_Brown",2,5057,-0.0586848877934288,0.0441687992765338,-0.145255734375435,0.0278859587885773,-5.69961256244396
"Clothes_No+Fur_Brown",2,5058,-0.0526015151729603,0.0442301644747901,-0.139292637543549,0.0340896071976283,-5.12419971657517
"Clothes_No+Fur_Brown",2,5059,-0.0597153470640594,0.0451418206892601,-0.148193315615009,0.0287626214868904,-5.79673522183655
"Clothes_No+Fur_Brown",2,5060,-0.0580433115598936,0.0513574416336791,-0.158703897161905,0.0426172740421174,-5.63909226293389
"Clothes_No+Fur_Brown",2,5061,-0.0559313495700741,0.0431702091681267,-0.140544959539602,0.0286822603994542,-5.43959502132551
"Clothes_No+Fur_Brown",2,5062,-0.0569669481477182,0.0483022213827938,-0.151639302057994,0.0377054057625578,-5.53747095338749
"Clothes_No+Fur_Brown",2,5063,-0.0515985624483187,0.0461515907854318,-0.142055680387765,0.0388585554911276,-5.02899603976539
"Clothes_No+Fur_Brown",2,5065,-0.0544838194203134,0.04515712225677,-0.142991779043583,0.0340241402029557,-5.30261686805997
"Clothes_No+Fur_Brown",2,5066,-0.0576119864654641,0.0470485369056911,-0.149827118800619,0.0346031458696906,-5.5983832567169
"Clothes_No+Fur_Brown",2,5067,-0.051240436521393,0.0579037821111033,-0.164731849459156,0.0622509764163696,-4.99497836999988
"Clothes_No+Fur_Brown",2,5068,-0.0557665353346338,0.052623372134229,-0.158908344717723,0.0473752740484551,-5.42400883609871
"Clothes_No+Fur_Brown",2,5069,-0.0475237844797494,0.0596521163704652,-0.164441932565861,0.0693943636063624,-4.64122077266335
"Clothes_No+Fur_Brown",2,5070,-0.0468268102113007,0.0565219425336312,-0.157609817577218,0.0639561971546164,-4.57473499052294
"Clothes_No+Fur_Brown",2,5071,-0.0574669127788467,0.0469459401527167,-0.149480955478172,0.0345471299204781,-5.58468707269938
"Clothes_No+Fur_Brown",2,5072,-0.0553797659907214,0.0422783990049387,-0.138245428040401,0.0274858960589585,-5.3874226672982
"Clothes_No+Fur_Brown",2,5075,-0.0538494234778915,0.0539444556498346,-0.159580556551567,0.0518817095957843,-5.24252217254306
"Clothes_No+Fur_Brown",2,5076,-0.0530668003675543,0.047080669452905,-0.145344912495248,0.0392113117601395,-5.16833375351911
"Clothes_No+Fur_Brown",2,5078,-0.0597039911377053,0.042623786155522,-0.143246612002528,0.0238386297271179,-5.79566545042529
"Clothes_No+Fur_Brown",2,5079,-0.0458056880013246,0.0613222924573508,-0.165997381217732,0.074386005215083,-4.47724436657927
"Clothes_No+Fur_Brown",2,5080,-0.0562608675362707,0.0459102351215441,-0.146244928374497,0.0337231933019558,-5.47074924043746
"Clothes_No+Fur_Brown",2,5081,-0.0572177069945531,0.0427403611775629,-0.140988814902576,0.0265534009134701,-5.56115529858668
"Clothes_No+Fur_Brown",2,5082,-0.0597426560241621,0.0450322312294744,-0.148005829233932,0.0285205171856077,-5.79930777990881
"Clothes_No+Fur_Brown",2,5083,-0.0552315432577696,0.0460420372075284,-0.145473936184525,0.0350108496689861,-5.37339789314485
"Clothes_No+Fur_Brown",2,5084,-0.0495433454379174,0.0556452585301857,-0.158608052157081,0.0595213612812465,-4.83360930463538
"Clothes_No+Fur_Brown",2,5085,-0.0604261412768071,0.0418304248579145,-0.14241377399832,0.0215614914447053,-5.8636705658171
"Clothes_No+Fur_Brown",2,5086,-0.0581690490186663,0.0460776999627351,-0.148481340945627,0.0321432429082946,-5.65095621779284
"Clothes_No+Fur_Brown",2,5087,-0.0543054065512785,0.048379561721647,-0.149129347525707,0.0405185344231495,-5.28572012899228
"Clothes_No+Fur_Brown",2,5089,-0.0584003803202446,0.0463068381920646,-0.149161783176691,0.032361022536202,-5.67277958058287
"Clothes_No+Fur_Brown",2,5090,-0.0568270873979781,0.0451301489636922,-0.145282179366815,0.0316280045708586,-5.52425842931746
"Clothes_No+Fur_Brown",2,5091,-0.05735527999246,0.0490308103293476,-0.153455668237981,0.0387451082530613,-5.57414663992174
"Clothes_No+Fur_Brown",2,5093,-0.0575138237635135,0.0462501100826938,-0.148164039525593,0.0331363919985663,-5.58911608411097
"Clothes_No+Fur_Brown",2,5094,-0.0603066107225692,0.0438326021167016,-0.146218510871304,0.025605289426166,-5.8524177256702
"Clothes_No+Fur_Brown",2,5095,-0.0506162232963469,0.0569215983084068,-0.162182555980824,0.0609501093881305,-4.9356564662204
"Clothes_No+Fur_Brown",2,5096,-0.0574341696846737,0.0456301170252451,-0.146869199054154,0.0320008596848067,-5.58159557260446
"Clothes_No+Fur_Brown",2,5098,-0.0563513034861707,0.0440051584987571,-0.142601414143735,0.0298988071713933,-5.47929769647353
"Clothes_No+Fur_Brown",2,5100,-0.0565919114220121,0.047474596617793,-0.149642120792886,0.0364582979488623,-5.50203739176378
"Clothes_No+Fur_Brown",2,5101,-0.0594209414824755,0.0470778099486689,-0.151693448981867,0.0328515660169156,-5.76899717196442
"Clothes_No+Fur_Brown",2,5102,-0.0562920680593577,0.0440325965077365,-0.142595957214521,0.0300118210958058,-5.47369855649783
"Clothes_No+Fur_Brown",2,5103,-0.0602860983693815,0.0458821847137891,-0.150215180408408,0.0296429836696451,-5.85048651740407
"Clothes_No+Fur_Brown",2,5104,-0.0526190444220051,0.058489422088332,-0.167258311715136,0.0620202228711256,-5.12586280353028
"Clothes_No+Fur_Brown",2,5105,-0.0501874654237033,0.061121238097034,-0.16998509209389,0.0696101612464833,-4.89488814127701
"Clothes_No+Fur_Brown",2,5106,-0.0498953673687299,0.0530432727926021,-0.15386018204223,0.0540694473047702,-4.86710406544534
"Clothes_No+Fur_Brown",2,5107,-0.051348651546369,0.0554426458887867,-0.160016237488391,0.0573189343956529,-5.00525878453073
"Clothes_No+Fur_Brown",2,5108,-0.052515545384955,0.05795595135787,-0.16610921004638,0.0610781192764702,-5.11604291352368
"Clothes_No+Fur_Brown",2,5109,-0.0508477816310071,0.0561597240545109,-0.160920840777849,0.0592252775158343,-4.95766685885137
"Clothes_No+Fur_Brown",2,5110,-0.0482202805443457,0.0598491935307558,-0.165524699864627,0.0690841387759356,-4.70761466289425
"Clothes_No+Fur_Brown",2,5111,-0.0463983818673471,0.0541207408149994,-0.152475033864746,0.0596782701300517,-4.53384334331872
"Clothes_No+Fur_Brown",2,5112,-0.0544305483693788,0.0542455712710895,-0.160751868060714,0.0518907713219565,-5.29757210457105
"Clothes_No+Fur_Brown",2,5113,-0.0502341520900552,0.0545510565404673,-0.157154222909371,0.0566859187292606,-4.89932817825665
"Clothes_No+Fur_Brown",2,5114,-0.0527832767614015,0.0509662320612281,-0.152677091601409,0.0471105380786056,-5.14144292561531
"Clothes_No+Fur_Brown",2,5115,-0.0532180679809506,0.0548940882594276,-0.160810480969429,0.0543743450075275,-5.18267762843738
"Clothes_No+Fur_Brown",2,5116,-0.0499918265517144,0.0595471358328301,-0.166704212784062,0.0667205596806326,-4.87628006430035
"Clothes_No+Fur_Brown",2,5117,-0.0548225302995676,0.0570714774696013,-0.166682626139986,0.0570375655408511,-5.33468647049544
"Clothes_No+Fur_Brown",2,5118,-0.0512614985421848,0.0591749041082473,-0.16724431059435,0.0647213135099799,-4.9969793466684
"Clothes_No+Fur_Brown",2,5119,-0.0505644658807695,0.0572871347278053,-0.162847249947268,0.061718318185729,-4.93073605415272
"Clothes_No+Fur_Brown",2,5120,-0.0521612517721681,0.0571954748462112,-0.164264382470742,0.0599418789264059,-5.08242017776344
"Clothes_No+Fur_Brown",2,5122,-0.0561190848868649,0.0444214131236128,-0.143185054609146,0.0309468848354161,-5.45734568264491
"Clothes_No+Fur_Brown",2,5123,-0.0488351047899015,0.0593964487808536,-0.165252144400375,0.0675819348205716,-4.76618472482427
"Clothes_No+Fur_Brown",2,5124,-0.058631647851,0.0475806640347616,-0.151889749359133,0.0346264536571328,-5.69459188159657
"Clothes_No+Fur_Brown",2,5125,-0.0643668427260352,0.0442530983457272,-0.151102915483661,0.0223692300315902,-6.2339037672702
"Clothes_No+Fur_Brown",2,5126,-0.0502791278153337,0.0565896871796682,-0.161194914687483,0.0606366590568159,-4.90360530376217
"Clothes_No+Fur_Brown",2,5127,-0.0473197642982674,0.0546545194136929,-0.154442622349105,0.0598030937525707,-4.62176367246641
"Clothes_No+Fur_Brown",2,5128,-0.0560323809918367,0.0450111978286121,-0.144254328735916,0.0321895667522431,-5.44914811089372
"Clothes_No+Fur_Brown",2,5131,-0.0574588355047297,0.0474481487860468,-0.150457207125381,0.0355395361159221,-5.58392445125607
"Clothes_No+Fur_Brown",2,5132,-0.0609439137796855,0.0443072422400648,-0.147786108570212,0.0258982810108415,-5.91239915247025
"Clothes_No+Fur_Brown",2,5133,-0.0549979249935257,0.0438870537187077,-0.141016550282193,0.0310207002951414,-5.35128880816687
"Clothes_No+Fur_Brown",2,5134,-0.0577945871369829,0.0496678034085708,-0.155143481817782,0.0395543075438158,-5.61561948160567
"Clothes_No+Fur_Brown",2,5136,-0.0560432536088463,0.0489791160073449,-0.152042320983242,0.0399558137655498,-5.45017612050566
"Clothes_No+Fur_Brown",2,5137,-0.0504863696622804,0.0523725640449366,-0.153136595190356,0.0521638558657954,-4.92331121422182
"Clothes_No+Fur_Brown",2,5138,-0.054075480807307,0.0493814506613477,-0.150863124103549,0.0427121624889346,-5.26394037396097
"Clothes_No+Fur_Brown",2,5139,-0.0561860552713,0.0456679355707385,-0.145695208989947,0.0333230984473474,-5.46367702854136
"Clothes_No+Fur_Brown",2,5140,-0.0583032689526021,0.0481220869484783,-0.15262255937162,0.0360160214664155,-5.66361889040564
"Clothes_No+Fur_Brown",2,5141,-0.0547200631904896,0.0427053819107423,-0.138422611735545,0.0289824853545653,-5.32498589250151
"Clothes_No+Fur_Brown",2,5142,-0.0591414182123115,0.0435344540690708,-0.14446894818769,0.0261861117630672,-5.74265373227242
"Clothes_No+Fur_Brown",2,5143,-0.0482607694953498,0.0506361735053568,-0.147507669565849,0.0509861305751495,-4.71147287350725
"Clothes_No+Fur_Brown",2,5144,-0.0564502534580786,0.0516588552401152,-0.157701609728704,0.0448011028125473,-5.48865005459577
"Clothes_No+Fur_Brown",2,5145,-0.0580151869577209,0.0464564582815672,-0.149069845189593,0.0330394712741508,-5.63643836262336
"Clothes_No+Fur_Brown",2,5146,-0.0527762824334922,0.0486886162703198,-0.148205970323319,0.0426534054563347,-5.14077945144185
"Clothes_No+Fur_Brown",2,5147,-0.0631132259500775,0.0491135401197272,-0.159375764584743,0.0331493126845878,-6.11628330592895
"Clothes_No+Fur_Brown",2,5148,-0.0500132414032379,0.0570564974183306,-0.161843976343166,0.0618174935366901,-4.87831710282761
"Clothes_No+Fur_Brown",2,5149,-0.04904484756703,0.0553848883716809,-0.157599228775525,0.0595095336414646,-4.78615723509854
"Clothes_No+Fur_Brown",2,5150,-0.057791052153998,0.0463610670138229,-0.148658743501091,0.0330766391930949,-5.61528583383678
"Clothes_No+Fur_Brown",2,5151,-0.0555342424426533,0.04635380705135,-0.146387704263299,0.0353192193779927,-5.40203695374208
"Clothes_No+Fur_Brown",2,5152,-0.0574459294130953,0.0480381548188214,-0.151600712857985,0.0367088540317947,-5.58270590086994
"Clothes_No+Fur_Brown",2,5154,-0.0559164225124423,0.0524762675287605,-0.158769906868813,0.0469370618439282,-5.43818350217582
"Clothes_No+Fur_Brown",2,5156,-0.0557084898398107,0.0483669038488024,-0.150507621383463,0.039090641703842,-5.41851896656366
"Clothes_No+Fur_Brown",2,5157,-0.0562824455637581,0.0429951222385006,-0.140552885151219,0.027987994023703,-5.47278897320193
"Clothes_No+Fur_Brown",2,5158,-0.0560827008398664,0.0434092034083901,-0.141164739520311,0.0289993378405782,-5.45390577568837
"Clothes_No+Fur_Brown",2,5159,-0.0574306086718429,0.0497356277689435,-0.154912439098972,0.0400512217552863,-5.58125934685619
"Clothes_No+Fur_Brown",2,5160,-0.0583586296092995,0.0461039843836656,-0.148722439001284,0.032005179782685,-5.66884126985582
"Clothes_No+Fur_Brown",2,5161,-0.0561553390355603,0.0471947215494015,-0.148656993272387,0.0363463152012665,-5.46077318396164
"Clothes_No+Fur_Brown",2,5162,-0.0582512790006552,0.0499189314483214,-0.156092384639365,0.0395898266380547,-5.6587142189892
"Clothes_No+Fur_Brown",2,5164,-0.0589793301395883,0.0474233520069288,-0.151929100073169,0.0339704397939921,-5.72737450241887
"Clothes_No+Fur_Brown",2,5165,-0.0553502174962645,0.0469013391370035,-0.147276842204791,0.0365764072122624,-5.38462696677717
"Clothes_No+Fur_Brown",2,5166,-0.0574491390535346,0.0444196286764629,-0.144511611259402,0.0296133331523327,-5.58300894594892
"Clothes_No+Fur_Brown",2,5167,-0.0538470356874779,0.0476371456947407,-0.14721584124917,0.039521769874214,-5.24229591127575
"Clothes_No+Fur_Brown",2,5168,-0.055484077624831,0.0500941369432216,-0.153668586033545,0.0427004307838834,-5.3972913451292
"Clothes_No+Fur_Brown",2,5169,-0.0575840410574341,0.0493556105391289,-0.154321037714127,0.0391529555992585,-5.5957451281567
"Clothes_No+Fur_Brown",2,5170,-0.0521304067243497,0.045521366670572,-0.141352285398671,0.0370914719499713,-5.07949239532145
"Clothes_No+Fur_Brown",2,5171,-0.0553621278613908,0.0476656600913251,-0.148786821640388,0.0380625659176063,-5.38575386370567
"Clothes_No+Fur_Brown",2,5172,-0.0580223201145664,0.0479733949318117,-0.152050174180917,0.0360055339517845,-5.63711147030833
"Clothes_No+Fur_Brown",2,5173,-0.0555847482733228,0.045250819541932,-0.14427635457551,0.033106858028864,-5.40681458179532
"Clothes_No+Fur_Brown",2,5174,-0.0526086524483551,0.0476492838874895,-0.146001248867835,0.0407839439711243,-5.12487686887357
"Clothes_No+Fur_Brown",2,5175,-0.0507203312696729,0.0549647430146945,-0.158451227578474,0.0570105650391282,-4.94555290720312
"Clothes_No+Fur_Brown",2,5178,-0.057805032478608,0.049100942633862,-0.154042880040978,0.0384328150837616,-5.61660535355537
"Clothes_No+Fur_Brown",2,5179,-0.0560694925493111,0.0472995354439192,-0.148776582019393,0.0366375969207706,-5.45265697515774
"Clothes_No+Fur_Brown",2,5181,-0.0559417654402826,0.0438819407535796,-0.141950369317298,0.0300668384367334,-5.4405799451012
"Clothes_No+Fur_Brown",2,5182,-0.0579358834161636,0.0467513750350541,-0.14956857848487,0.0336968116525425,-5.62895470125505
"Clothes_No+Fur_Brown",2,5183,-0.0570899985502746,0.0462487907258307,-0.147737628372903,0.0335576312723535,-5.54909389049497
"Clothes_No+Fur_Brown",2,5184,-0.0559168416472809,0.0543585016740371,-0.162459504928394,0.0506258216338319,-5.43822313631921
"Clothes_No+Fur_Brown",2,5185,-0.0598324774100983,0.0467281930876747,-0.151419735861941,0.0317547810417441,-5.80776863665155
"Clothes_No+Fur_Brown",2,5186,-0.0490490256953552,0.0569757892129827,-0.160721572552801,0.0626235211620908,-4.78655504992088
"Clothes_No+Fur_Brown",2,5187,-0.0573144506412409,0.0439486249504215,-0.143453755544067,0.0288248542615852,-5.57029121488403
"Clothes_No+Fur_Brown",2,5188,-0.0576413721766276,0.0432501218017745,-0.142411610908106,0.0271288665548505,-5.60115727460144
"Clothes_No+Fur_Brown",2,5189,-0.0557851939635571,0.0437126691240506,-0.141462025446696,0.029891637519582,-5.42577347795994
"Clothes_No+Fur_Brown",2,5191,-0.0539580004900106,0.0493843134963695,-0.150751254942895,0.0428352539628737,-5.25281009783531
"Clothes_No+Fur_Brown",2,5192,-0.0507146431953583,0.053959198416219,-0.156474672091148,0.055045385700431,-4.94501222890642
"Clothes_No+Fur_Brown",2,5193,-0.0549355824984952,0.0431554254955876,-0.139520216469847,0.0296490514728565,-5.34538798742572
"Clothes_No+Fur_Brown",2,5194,-0.0553212211782023,0.0511470190401858,-0.155569378496967,0.0449269361405619,-5.38188342955108
"Clothes_No+Fur_Brown",2,5195,-0.0541208872486751,0.0467349478566168,-0.145721385047644,0.0374796105502939,-5.2682419036385
"Clothes_No+Fur_Brown",2,5196,-0.057612887905604,0.0446043356184296,-0.145037385717726,0.0298116099065181,-5.59846835408515
"Clothes_No+Fur_Brown",2,5197,-0.0573794593601881,0.0436738526586871,-0.142980210571215,0.0282212918508385,-5.57642976975075
"Clothes_No+Fur_Brown",2,5198,-0.0550323508775718,0.0465125010578226,-0.146196852950904,0.0361321511957604,-5.35454711763806
"Clothes_No+Fur_Brown",2,5199,-0.0572641964070045,0.0439179819490164,-0.143343441027077,0.0288150482130676,-5.56554560293732
"Clothes_No+Fur_Brown",2,5200,-0.0562986529137399,0.0408335239289297,-0.136332359814442,0.0237350539869622,-5.47432099637879
"Clothes_No+Fur_Brown",2,5201,-0.0567249845401092,0.0462137223331616,-0.147303880313106,0.0338539112328874,-5.51461169363255
"Clothes_No+Fur_Brown",2,5202,-0.058813572154914,0.045613926483151,-0.14821686806189,0.0305897237520619,-5.71174676683124
"Clothes_No+Fur_Brown",2,5203,-0.0543605322061117,0.041895623703466,-0.136475954664905,0.0277548902526817,-5.29094117178419
"Clothes_No+Fur_Brown",2,5204,-0.0490647904526064,0.052833221095037,-0.152617903798879,0.0544883228936661,-4.78805605493605
"Clothes_No+Fur_Brown",2,5205,-0.0581077572088885,0.0442473658192373,-0.144832594214594,0.0286170797968166,-5.64517321692514
"Clothes_No+Fur_Brown",2,5206,-0.0581574367674116,0.0431848237620881,-0.142799691341104,0.0264848178062811,-5.64986060662955
"Clothes_No+Fur_Brown",2,5207,-0.0554647438480523,0.0436050659339643,-0.140930673078622,0.0300011853825177,-5.39546229979629
"Clothes_No+Fur_Brown",2,5208,-0.0588005869464138,0.045606649106861,-0.148189619195861,0.0305884453030338,-5.71052240625461
"Clothes_No+Fur_Brown",2,5209,-0.058024558119471,0.0466275285483506,-0.149414514074238,0.0333653978352963,-5.63732265467936
"Clothes_No+Fur_Brown",2,5210,-0.058189203484163,0.0456401917422889,-0.147643979299049,0.0312655723307233,-5.65285775317811
"Clothes_No+Fur_Brown",2,5211,-0.0534925275921694,0.0498368127097799,-0.151172680503338,0.0441876253189993,-5.20869758299565
"Clothes_No+Fur_Brown",2,5212,-0.0491604190186972,0.0549867030534463,-0.156934357003452,0.0586135189660575,-4.79716060127594
"Clothes_No+Fur_Brown",2,5213,-0.0569963442981212,0.0460871863591385,-0.147327229562033,0.0333345409657902,-5.54024774728508
"Clothes_No+Fur_Brown",2,5214,-0.0569999671556211,0.0425578113730879,-0.140413277446873,0.0264133431356311,-5.54058996088707
"Clothes_No+Fur_Brown",2,5215,-0.0571085765155739,0.0430516472374034,-0.141489805100884,0.0272726520697367,-5.55084857985182
"Clothes_No+Fur_Brown",2,5216,-0.0601478305372877,0.0495872978651709,-0.157338934353023,0.0370432732784472,-5.83746776826579
"Clothes_No+Fur_Brown",2,5217,-0.0583817681611137,0.0483787317249327,-0.153204082341982,0.0364405460197544,-5.67102393100788
"Clothes_No+Fur_Brown",2,5218,-0.0578513971911199,0.0465069092789539,-0.14900493937787,0.0333021449956297,-5.62098131106826
"Clothes_No+Fur_Brown",2,5219,-0.0569271433913445,0.0463074726518604,-0.147689789788991,0.0338355030063019,-5.53371082059727
"Clothes_No+Fur_Brown",2,5220,-0.0526318232663638,0.0541466121684968,-0.158759183116617,0.0534955365838899,-5.12707517761679
"Clothes_No+Fur_Brown",2,5221,-0.0476321786905463,0.0507535524430071,-0.14710914147884,0.0518447840977477,-4.6515565521008
"Clothes_No+Fur_Brown",2,5222,-0.0508607080476131,0.0549185740247919,-0.158501113136205,0.0567796970409791,-4.95889540770437
"Clothes_No+Fur_Brown",2,5223,-0.0534284859147476,0.0567543189504794,-0.164666951057687,0.0578099792281921,-5.20262679459421
"Clothes_No+Fur_Brown",2,5224,-0.0521012070364968,0.0510321786795966,-0.152124277248506,0.0479218631755126,-5.07672070566251
"Clothes_No+Fur_Brown",2,5225,-0.0474527439690214,0.0596295360682924,-0.164326634662874,0.0694211467248316,-4.63444619565277
"Clothes_No+Fur_Brown",2,5226,-0.0541580111633111,0.0545608165086198,-0.161097211520206,0.0527811891935837,-5.27175865206126
"Clothes_No+Fur_Brown",2,5227,-0.0531221800704334,0.0495941050668765,-0.150326626001511,0.0440822658606446,-5.17358535760188
"Clothes_No+Fur_Brown",2,5228,-0.0512117380746462,0.0557148531542823,-0.16041285025704,0.057989374107747,-4.99225183432247
"Clothes_No+Fur_Brown",2,5229,-0.0486261046792231,0.055677999857316,-0.157754984399562,0.0605027750411162,-4.74627876679018
"Clothes_No+Fur_Brown",2,5230,-0.0436319622822541,0.0605830164694563,-0.162374674562388,0.0751107499978802,-4.26937825579556
"Clothes_No+Fur_Brown",2,5231,-0.0538952332178283,0.0540293942475139,-0.159792845942956,0.0520023795072989,-5.24686288853511
"Clothes_No+Fur_Brown",2,5232,-0.0501679145679314,0.0605721603937357,-0.168889348939653,0.0685535198037905,-4.89302873677547
"Clothes_No+Fur_Brown",2,5233,-0.0503035479227399,0.056115690411622,-0.160290301129519,0.0596832052840392,-4.90592753957986
"Clothes_No+Fur_Brown",2,5235,-0.059922888669962,0.0435761789586914,-0.145332199428997,0.0254864220890731,-5.8162842899972
"Clothes_No+Fur_Brown",2,5236,-0.0599619147284482,0.0457123278698737,-0.149558077353401,0.0296342478965043,-5.81995983747342
"Clothes_No+Fur_Brown",2,5237,-0.0561047483042297,0.0447327439273876,-0.143780926401909,0.03157142979345,-5.45599025435265
"Clothes_No+Fur_Brown",2,5238,-0.0566352182605829,0.0486502026006846,-0.151989615357925,0.038719178836759,-5.50612971116239
"Clothes_No+Fur_Brown",2,5239,-0.0528591598351643,0.0460714266569067,-0.143159156082702,0.0374408364123729,-5.14864081139651
"Clothes_No+Fur_Brown",2,5240,-0.054488746672483,0.0428081129441375,-0.138392648042993,0.0294151546980266,-5.30308346479694
"Clothes_No+Fur_Brown",2,5242,-0.0562632671908959,0.0468883161966329,-0.148164366936296,0.0356378325545047,-5.47097607771909
"Clothes_No+Fur_Brown",2,5244,-0.0553890107327811,0.0487466887884782,-0.150932520758198,0.0401544992926363,-5.38829733212822
"Clothes_No+Fur_Brown",2,5245,-0.0598502137973035,0.0490064340789282,-0.155902824592003,0.0362023969973957,-5.80943925172335
"Clothes_No+Fur_Brown",2,5246,-0.0569140074157162,0.0434830550950587,-0.142140795402031,0.0283127805705988,-5.53246990557461
"Clothes_No+Fur_Brown",2,5247,-0.0567246281415981,0.0446661923649162,-0.144270365176834,0.0308211088936377,-5.51457801917484
"Clothes_No+Fur_Brown",2,5249,-0.052821584503433,0.0455926877568153,-0.142183252506791,0.036540083499925,-5.14507667314841
"Clothes_No+Fur_Brown",2,5251,-0.0543715080659481,0.0437389804833369,-0.140099909813289,0.0313568936813922,-5.29198067943438
"Clothes_No+Fur_Brown",2,5252,-0.0557893396037602,0.0441575401198715,-0.142338118238708,0.0307594390311879,-5.42616554786289
"Clothes_No+Fur_Brown",2,5253,-0.0562106763403506,0.0431381851770003,-0.140761519287271,0.02834016660657,-5.46600458522344
"Clothes_No+Fur_Brown",2,5254,-0.0531283973512807,0.05449530263128,-0.15993919050859,0.0536823958060281,-5.17417491822072
"Clothes_No+Fur_Brown",2,5255,-0.0542986053831952,0.0475571889669373,-0.147510695758392,0.038913484992002,-5.28507595906443
"Clothes_No+Fur_Brown",2,5256,-0.0580541512250984,0.0459346377390511,-0.148086041193639,0.0319777387434418,-5.64011509803858
"Clothes_No+Fur_Brown",2,5257,-0.0547657480874234,0.0454307700788886,-0.143810057442045,0.0342785612671982,-5.32931101196614
"Clothes_No+Fur_Brown",2,5258,-0.0508487739388764,0.0583724025401382,-0.165258682917547,0.0635611350397945,-4.95776117005967
"Clothes_No+Fur_Brown",2,5259,-0.0467363256468449,0.0551139042927719,-0.154759578060678,0.0612869267669881,-4.5661000863236
"Clothes_No+Fur_Brown",2,5260,-0.0583651195717121,0.0412115874164005,-0.139139830907857,0.0224095917644329,-5.66945347354372
"Clothes_No+Fur_Brown",2,5261,-0.0595640522434476,0.043978055167083,-0.14576104037093,0.0266329358840351,-5.78248167757436
"Clothes_No+Fur_Brown",2,5262,-0.0540475996456037,0.0454992415476956,-0.143226113079087,0.0351309137878796,-5.26129898574108
"Clothes_No+Fur_Brown",2,5263,-0.0487740741275352,0.0581275944553491,-0.16270415926002,0.0651560110049491,-4.76037236463408
"Clothes_No+Fur_Brown",2,5264,-0.0564315345525216,0.0432212546044037,-0.141145193577153,0.0282821244721096,-5.4868808890037
"Clothes_No+Fur_Brown",2,5265,-0.054388759567011,0.0461403251982671,-0.144823796955614,0.0360462778215925,-5.2936145208372
"Clothes_No+Fur_Brown",2,5267,-0.0545756166769589,0.0386173170601862,-0.130265558114924,0.0211143247610061,-5.31130942906025
"Clothes_No+Fur_Brown",2,5268,-0.0539013787653674,0.0496810769107867,-0.151276289510509,0.0434735319797745,-5.24744519665441
"Clothes_No+Fur_Brown",2,5269,-0.0561219088538473,0.0465099870152185,-0.147281483403676,0.0350376656959809,-5.45761266760215
"Clothes_No+Fur_Brown",2,5271,-0.0593248742647816,0.047538632424107,-0.152500593816031,0.033850845286468,-5.75994422686358
"Clothes_No+Fur_Brown",2,5272,-0.056179222977759,0.0458305549052283,-0.146007110592006,0.0336486646364885,-5.46303112642603
"Clothes_No+Fur_Brown",2,5273,-0.0553324395164834,0.0466658182127099,-0.146797443213395,0.0361325641804279,-5.38294488163642
"Clothes_No+Fur_Brown",2,5275,-0.0582182811066466,0.0434986100505334,-0.143475556805692,0.0270389945923989,-5.65560110387753
"Clothes_No+Fur_Brown",2,5276,-0.0484891261359714,0.0496737749343224,-0.145849725007243,0.0488714727353005,-4.733230157147
"Clothes_No+Fur_Brown",2,5277,-0.0541214520665936,0.046114202770846,-0.144505289497452,0.0362623853642645,-5.26829540981782
"Clothes_No+Fur_Brown",2,5278,-0.0558727981498225,0.0433627503555728,-0.140863788846745,0.0291181925471001,-5.43405821322204
"Clothes_No+Fur_Brown",2,5279,-0.0557588097479206,0.0457249999312341,-0.145379809613139,0.0338621901172982,-5.42327817825561
"Clothes_No+Fur_Brown",2,5280,-0.0520344021306022,0.0587943744203824,-0.167271375994552,0.0632025717333473,-5.07037915310099
"Clothes_No+Fur_Brown",2,5281,-0.0592934093373669,0.0469048735518449,-0.151226961498983,0.0326401428242491,-5.75697892369783
"Clothes_No+Fur_Brown",2,5282,-0.0498752963655249,0.0471699502332297,-0.142328398822655,0.0425778060916053,-4.86519463362409
"Clothes_No+Fur_Brown",2,5283,-0.0599368749603166,0.0477905953670243,-0.153606441879684,0.033732691959051,-5.81760156157991
"Clothes_No+Fur_Brown",2,5286,-0.0575897616610183,0.0413181336826291,-0.138573303678971,0.0233937803569347,-5.59628517593079
"Clothes_No+Fur_Brown",2,5288,-0.0581113655308469,0.0446552749773139,-0.145635704486382,0.0294129734246883,-5.64551367890426
"Clothes_No+Fur_Brown",2,5289,-0.0557159274160498,0.0485619223018882,-0.150897295127751,0.039465440295651,-5.41922242092365
"Clothes_No+Fur_Brown",2,5290,-0.051342247232485,0.0494547293472695,-0.148273516753133,0.0455890222881632,-5.00465040644253
"Clothes_No+Fur_Brown",2,5291,-0.0437942481134859,0.0585220193773613,-0.158497406093114,0.0709089098661422,-4.28491271877395
"Clothes_No+Fur_Brown",2,5292,-0.0473135003470491,0.0505209451711888,-0.146334552882579,0.0517075521884809,-4.62116622597558
"Clothes_No+Fur_Brown",2,5294,-0.056787804925607,0.0432676211507612,-0.141592342381099,0.0280167325298849,-5.52054711571517
"Clothes_No+Fur_Brown",2,5295,-0.0492236450892952,0.0551360466312849,-0.157290296486614,0.0588430063080232,-4.80317971243651
"Clothes_No+Fur_Brown",2,5296,-0.0527640051655271,0.0496001220557625,-0.149980244394822,0.0444522340637674,-5.13961483222306
"Clothes_No+Fur_Brown",2,5297,-0.0569168259879067,0.0414966453301499,-0.138250250835,0.024416598859187,-5.53273616875259
"Clothes_No+Fur_Brown",2,5298,-0.0610831169117601,0.0454577842638851,-0.150180374068975,0.0280141402454547,-5.92549552964811
"Clothes_No+Fur_Brown",2,5299,-0.0559598227366626,0.0416156389377253,-0.137526475054604,0.0256068295812791,-5.44228741715844
"Clothes_No+Fur_Brown",2,5300,-0.0554098574683334,0.0472028573520892,-0.147927457878428,0.0371077429417615,-5.39026965671556
"Clothes_No+Fur_Brown",2,5301,-0.0602276659779077,0.0420456730618047,-0.142637185179045,0.0221818532232296,-5.84498497544262
"Clothes_No+Fur_Brown",2,5302,-0.0515117510847417,0.0617237967295602,-0.17249039267468,0.0694668905051963,-5.02075111954011
"Clothes_No+Fur_Brown",2,5303,-0.0573973492950661,0.0432190326846587,-0.142106653356997,0.027311954766865,-5.57811898616308
"Clothes_No+Fur_Brown",2,5304,-0.0555977642188209,0.0450101210060834,-0.143817601390744,0.0326220729531025,-5.4080457935285
"Clothes_No+Fur_Brown",2,5305,-0.0534494952860377,0.0490175638307051,-0.14952392039422,0.0426249298221443,-5.20461840688387
"Clothes_No+Fur_Brown",2,5306,-0.0529332262818983,0.0565694136435364,-0.16380927702323,0.0579428244594331,-5.1556658543763
"Clothes_No+Fur_Brown",2,5307,-0.0509027127257724,0.0588811591260452,-0.166309784612821,0.0645043591612762,-4.96288749487092
"Clothes_No+Fur_Brown",2,5308,-0.0568370519715806,0.0417767839583159,-0.13871954852988,0.0250454445867187,-5.52519983510763
"Clothes_No+Fur_Brown",2,5309,-0.0593552017386149,0.0435659146068126,-0.144744394367967,0.0260339908907378,-5.7628022463506
"Clothes_No+Fur_Brown",2,5310,-0.0517092407215223,0.0566651035148679,-0.162772843610663,0.0593543621676189,-5.03950668482737
"Clothes_No+Fur_Brown",2,5311,-0.0520405182665315,0.0420744285316917,-0.134506398188647,0.0304253616555842,-5.07095975379029
"Clothes_No+Fur_Brown",2,5312,-0.054816342374013,0.0463902374642513,-0.145741207803946,0.0361085230559196,-5.33410068677033
"Clothes_No+Fur_Brown",2,5313,-0.0581312109332049,0.0459965107386143,-0.148284371980889,0.032021950114479,-5.64738616306941
"Clothes_No+Fur_Brown",2,5314,-0.0548782805954725,0.044384197615669,-0.141871307922184,0.0321147467312387,-5.33996394262496
"Clothes_No+Fur_Brown",2,5315,-0.0583475214621046,0.0441085591863773,-0.144800297467404,0.0281052545431949,-5.66779341963976
"Clothes_No+Fur_Brown",2,5316,-0.0586737992208605,0.0443135766908562,-0.145528409534939,0.0281808110932176,-5.69856689995719
"Clothes_No+Fur_Brown",2,5317,-0.057778680197225,0.0470938930233891,-0.150082710523068,0.0345253501286176,-5.61411810300955
"Clothes_No+Fur_Brown",2,5318,-0.0578966037159406,0.0466173588878543,-0.149266627136135,0.0334734197042537,-5.62524776208274
"Clothes_No+Fur_Brown",2,5320,-0.0598868930171999,0.0448262824580223,-0.147746406634924,0.0279726206005237,-5.81289402465362
"Clothes_No+Fur_Brown",2,5321,-0.0495789818778027,0.0543419279937798,-0.156089160745611,0.0569311969900056,-4.83700063556866
"Clothes_No+Fur_Brown",2,5322,-0.0576128441447519,0.0451682438909314,-0.146142602170977,0.0309169138814736,-5.59846422299359
"Clothes_No+Fur_Brown",2,5323,-0.0563862616187449,0.0461483912951942,-0.146837108557325,0.0340645853198357,-5.48260190596083
"Clothes_No+Fur_Brown",2,5324,-0.0523501161594532,0.0567825333382838,-0.163643881502489,0.058943649183583,-5.10034503558221
"Clothes_No+Fur_Brown",2,5325,-0.0468794281552544,0.0570247949810357,-0.158648026318084,0.0648891700075756,-4.5797559396718
"Clothes_No+Fur_Brown",2,5326,-0.0539084052921132,0.0548009722087489,-0.161318310821261,0.0535015002370347,-5.24811097567591
"Clothes_No+Fur_Brown",2,5327,-0.0589886296705462,0.04765225081973,-0.152387041277217,0.0344097819361246,-5.72825118954177
"Clothes_No+Fur_Brown",2,5328,-0.0560196296903291,0.047928810304025,-0.149960097886218,0.0379208385055599,-5.44794245678667
"Clothes_No+Fur_Brown",2,5329,-0.0500640324860805,0.0597841152591854,-0.167240898394084,0.0671128334219229,-4.88314831341152
"Clothes_No+Fur_Brown",2,5330,-0.0530136931930979,0.0593336679894683,-0.169307682452456,0.06328029606626,-5.16329737794311
"Clothes_No+Fur_Brown",2,5331,-0.0507451818895102,0.0587739957930142,-0.165942213643818,0.0644518498647978,-4.94791503978131
"Clothes_No+Fur_Brown",2,5333,-0.0586871679005362,0.0416325766034182,-0.140287018043236,0.0229126822421633,-5.69982757718245
"Clothes_No+Fur_Brown",2,5334,-0.0547501378857041,0.0462071135540729,-0.145316080451687,0.0358158046802788,-5.32783317187948
"Clothes_No+Fur_Brown",2,5335,-0.0556926458540956,0.0432024013308173,-0.140369352462498,0.0289840607543064,-5.4170204070577
"Clothes_No+Fur_Brown",2,5336,-0.0567552084618324,0.0436191635527485,-0.14224876902522,0.0287383521015546,-5.51746736945764
"Clothes_No+Fur_Brown",2,5338,-0.0547191646704824,0.0413722428390938,-0.135808760635106,0.0263704312941415,-5.32490082506893
"Clothes_No+Fur_Brown",2,5340,-0.0519441360828116,0.0606878120586247,-0.170892247717716,0.0670039755520928,-5.06180984465591
"Clothes_No+Fur_Brown",2,5341,-0.047720487104318,0.0577136150465226,-0.160839172595502,0.0653981983868662,-4.65997625012673
"Clothes_No+Fur_Brown",2,5342,-0.0534445749930666,0.0498895913275353,-0.151228173995036,0.0443390240089026,-5.20415198468666
"Clothes_No+Fur_Brown",2,5343,-0.049747060651873,0.0546678087528191,-0.156895965807398,0.0574018445036524,-4.85299417171405
"Clothes_No+Fur_Brown",2,5344,-0.052864865729944,0.0588321098684315,-0.16817580107207,0.0624460696121818,-5.14918202172771
"Clothes_No+Fur_Brown",2,5345,-0.0513753679679411,0.0571156783929898,-0.163322097618201,0.0605713616823189,-5.00779667018241
"Clothes_No+Fur_Brown",2,5346,-0.0473852090741256,0.0487321646079549,-0.142900251705717,0.048129833557466,-4.62800547551568
"Clothes_No+Fur_Brown",2,5347,-0.0575144695012716,0.0515545687209746,-0.158561424194382,0.0435324851918386,-5.5891770487638
"Clothes_No+Fur_Brown",2,5349,-0.0505525996796516,0.0567636116031721,-0.161809278421869,0.0607040790625657,-4.92960793645338
"Clothes_No+Fur_Brown",2,5350,-0.0581061451674184,0.0437824216930458,-0.143919691685788,0.0277074013509514,-5.64502111290887
"Clothes_No+Fur_Brown",2,5351,-0.0509738021579727,0.0468499364073268,-0.142799677516333,0.0408520732003878,-4.96964338909768
"Clothes_No+Fur_Brown",2,5352,-0.0533602134992156,0.0503349072355238,-0.152016631680842,0.0452962046824111,-5.19615452800326
"Clothes_No+Fur_Brown",2,5353,-0.0582172122828791,0.0458918098487193,-0.148165159586369,0.0317307350206107,-5.65550026628776
"Clothes_No+Fur_Brown",2,5354,-0.0496429739592183,0.0572765775625526,-0.161905065981821,0.0626191180633849,-4.84309011913029
"Clothes_No+Fur_Brown",2,5355,-0.0505204384037963,0.0478800368459523,-0.144365310621863,0.0433244338142702,-4.92655030218011
"Clothes_No+Fur_Brown",2,5356,-0.0573860891989063,0.0476350286210195,-0.150750745296105,0.035978566898292,-5.57705578071739
"Clothes_No+Fur_Brown",2,5357,-0.0582026398114387,0.0440814086234308,-0.144602200713363,0.0281969210904857,-5.65412542374243
"Clothes_No+Fur_Brown",2,5358,-0.055820235289562,0.0444293766227267,-0.142901813470106,0.0312613428909823,-5.42908742620025
"Clothes_No+Fur_Brown",2,5359,-0.0594682597639967,0.0474382535112586,-0.152447236646064,0.0335107171180702,-5.7734559155934
"Clothes_No+Fur_Brown",2,5360,-0.061726910793655,0.0414145742137967,-0.142899476252696,0.0194456546653866,-5.98604062869506
"Clothes_No+Fur_Brown",2,5361,-0.0600837313608361,0.0436843964387696,-0.145705148380825,0.0255376856591523,-5.83143183404999
"Clothes_No+Fur_Brown",2,5362,-0.0518263861388556,0.0493904948734016,-0.148631756090723,0.0449789838130115,-5.05063021989864
"Clothes_No+Fur_Brown",2,5364,-0.0570936276693818,0.0430972821967698,-0.141564300775051,0.027377045436287,-5.54943666346104
"Clothes_No+Fur_Brown",2,5365,-0.0565864370000626,0.0461427807211653,-0.147026287213547,0.0338534132134214,-5.50152006862709
"Clothes_No+Fur_Brown",2,5366,-0.05591724021811,0.0460746630129756,-0.146223579723542,0.0343890992873222,-5.43826082587752
"Clothes_No+Fur_Brown",2,5367,-0.0525363949688685,0.0470651546862006,-0.144784098153822,0.0397113082160847,-5.11802118392587
"Clothes_No+Fur_Brown",2,5368,-0.0584550533055882,0.0440364180705148,-0.144766432723797,0.0278563261126208,-5.67793659034651
"Clothes_No+Fur_Brown",2,5369,-0.0558878240379394,0.0466787615503214,-0.147378196676569,0.0356025486006905,-5.43547913980763
"Clothes_No+Fur_Brown",2,5370,-0.0563802404859469,0.047080414438417,-0.148657852785244,0.0358973718133506,-5.48203280244186
"Clothes_No+Fur_Brown",2,5371,-0.0609846749993138,0.044198990854052,-0.147614697073256,0.025645347074628,-5.91623419967158
"Clothes_No+Fur_Brown",2,5372,-0.055630223403605,0.0439006570446819,-0.141675511211181,0.0304150644039715,-5.41111612141874
"Clothes_No+Fur_Brown",2,5373,-0.0606748858791182,0.0446314788508337,-0.148152584426752,0.0268028126685159,-5.88708355759685
"Clothes_No+Fur_Brown",2,5374,-0.0488071857077962,0.0539109673566362,-0.154472681726803,0.0568583103112107,-4.76352584699986
"Clothes_No+Fur_Brown",2,5375,-0.0557779704890446,0.0433729563109702,-0.140788964858546,0.029233023880457,-5.42509032097773
"Clothes_No+Fur_Brown",2,5378,-0.0548346834137463,0.0474905492003626,-0.147916159846457,0.0382467930189644,-5.33583694186861
"Clothes_No+Fur_Brown",2,5379,-0.0556057570936046,0.0456431973414443,-0.145066423882835,0.0338549096956261,-5.40880185215248
"Clothes_No+Fur_Brown",2,5380,-0.0565189890547634,0.0461570625083903,-0.146986831571208,0.0339488534616815,-5.49514612536954
"Clothes_No+Fur_Brown",2,5381,-0.0497531537379718,0.0554060134175558,-0.158348940036381,0.0588426325604375,-4.85357390884641
"Clothes_No+Fur_Brown",2,5382,-0.0511553291408027,0.0447038095073582,-0.138774795775225,0.0364641374936193,-4.98689239738294
"Clothes_No+Fur_Brown",2,5383,-0.0584224691076519,0.0431359113190532,-0.142968855292996,0.0261239170776923,-5.67486313148978
"Clothes_No+Fur_Brown",2,5384,-0.0576451971182644,0.0444552007361419,-0.144777390561103,0.0294869963245738,-5.60151834397491
"Clothes_No+Fur_Brown",2,5385,-0.0545317753220231,0.0471358803202984,-0.146918100749808,0.0378545501057618,-5.30715805756832
"Clothes_No+Fur_Brown",2,5386,-0.0537074693557876,0.0468453098262748,-0.145524276615286,0.038109337903711,-5.22907000319243
"Clothes_No+Fur_Brown",2,5387,-0.0499694443489148,0.0541262802576454,-0.1560569536539,0.0561180649560701,-4.87415096208278
"Clothes_No+Fur_Brown",2,5388,-0.0516617677543882,0.0433301681190255,-0.136588897267678,0.0332653617589017,-5.03499852144208
"Clothes_No+Fur_Brown",2,5390,-0.0555735137907198,0.0465860617947423,-0.146882194908415,0.0357351673269751,-5.40575187032988
"Clothes_No+Fur_Brown",2,5391,-0.0545144374333908,0.0567926884860541,-0.165828106866057,0.0567992319992751,-5.30551626938792
"Clothes_No+Fur_Brown",2,5392,-0.0593587753927094,0.0489441864949872,-0.155289380922884,0.0365718301374655,-5.76313901689646
"Clothes_No+Fur_Brown",2,5393,-0.0548724730338496,0.045108256600983,-0.143284655971776,0.0335397099040771,-5.339414197036
"Clothes_No+Fur_Brown",2,5394,-0.0582012205179517,0.046235802245076,-0.148823392918301,0.0324209518823972,-5.65399151916209
"Clothes_No+Fur_Brown",2,5395,-0.0552119040536296,0.0465557484078258,-0.146461170932968,0.0360373628257089,-5.37153948374022
"Clothes_No+Fur_Brown",2,5396,-0.0518929719687087,0.0436973293221195,-0.137539737440063,0.0337537935026456,-5.05695229199694
"Clothes_No+Fur_Brown",2,5399,-0.0580526170756745,0.041599317498193,-0.139587279372133,0.0234820452207837,-5.63997033576448
"Clothes_No+Fur_Brown",2,5401,-0.0535165310091279,0.042457530584792,-0.13673329095532,0.0297002289370644,-5.21097287084415
"Clothes_No+Fur_Brown",2,5402,-0.0563201641429207,0.0465052708846987,-0.14747049507693,0.0348301667910887,-5.47635433805339
"Clothes_No+Fur_Brown",2,5404,-0.0576620145611237,0.0445975569359022,-0.145073226155492,0.0297491970332447,-5.60310587169706
"Clothes_No+Fur_Brown",2,5405,-0.0544865769526996,0.0424190396636981,-0.137627894693548,0.0286547407881487,-5.3028779988008
"Clothes_No+Fur_Brown",2,5406,-0.0563485697914412,0.0475658562479706,-0.149577648037464,0.0368805084545812,-5.47903930537463
"Clothes_No+Fur_Brown",2,5407,-0.0559620416093449,0.0487811586257429,-0.151573112515801,0.0396490292971112,-5.44249722845103
"Clothes_No+Fur_Brown",2,5408,-0.055286339508349,0.044765434490455,-0.143026591109641,0.0324539120929429,-5.37858293408366
"Clothes_No+Fur_Brown",2,5409,-0.0556068249444215,0.0477523583471581,-0.149201447304851,0.0379877974160084,-5.40890286138676
"Clothes_No+Fur_Brown",2,5410,-0.0542462660603391,0.0465621529776639,-0.14550808589656,0.0370155537758821,-5.28011851434225
"Clothes_No+Fur_Brown",2,5411,-0.0581276448697141,0.0429592117497644,-0.142327699899252,0.0260724101598241,-5.64704969505802
"Clothes_No+Fur_Brown",2,5412,-0.0612481243210258,0.0409046480803587,-0.141421234558529,0.0189249859164772,-5.94101723927496
"Clothes_No+Fur_Brown",2,5413,-0.0595192793156537,0.0454788951006125,-0.148657913712854,0.0296193550815469,-5.77826318899326
"Clothes_No+Fur_Brown",2,5414,-0.0536456792082919,0.0427172994243712,-0.137371586080059,0.0300802276634756,-5.22321391252714
"Clothes_No+Fur_Brown",2,5415,-0.0544214022983214,0.0451843413690007,-0.142982711381563,0.03413990678492,-5.29670594547523
"Clothes_No+Fur_Brown",2,5416,-0.0602171502265485,0.0474491194270346,-0.153217424303536,0.0327831238504393,-5.84399485950952
"Clothes_No+Fur_Brown",2,5417,-0.0591846417470614,0.0459344685234465,-0.149216200053017,0.0308469165588937,-5.74672777990626
"Clothes_No+Fur_Brown",2,5418,-0.0555113249034052,0.049453283972958,-0.152439761490403,0.0414171116835924,-5.39986897636892
"Clothes_No+Fur_Brown",2,5419,-0.0562340638993233,0.046272859794216,-0.146928869095987,0.03446074129734,-5.46821547876232
"Clothes_No+Fur_Brown",2,5420,-0.0561187958547884,0.0493948399784602,-0.15293268221257,0.0406950905029936,-5.45731835678126
"Clothes_No+Fur_Brown",2,5421,-0.0573479031382875,0.0432234714212955,-0.142065907124027,0.0273701008474518,-5.57345007160215
"Clothes_No+Fur_Brown",2,5422,-0.0544587064622066,0.053431960174675,-0.15918534840457,0.0502679354801565,-5.30023870678334
"Clothes_No+Fur_Brown",2,5423,-0.0545467295452036,0.0438449712824184,-0.140482873258744,0.0313894141683364,-5.30857410487235
"Clothes_No+Fur_Brown",2,5424,-0.060088262163308,0.0493205862961938,-0.156756611303848,0.0365800869772317,-5.83185849226486
"Clothes_No+Fur_Brown",2,5425,-0.0601084086760858,0.0423849863834154,-0.14318298198758,0.0229661646354084,-5.83375563282056
"Clothes_No+Fur_Brown",2,5426,-0.0567715498931158,0.0438235437421774,-0.142665695627784,0.0291225958415519,-5.51901133665674
"Clothes_No+Fur_Brown",2,5427,-0.0551980425989332,0.0488091686015292,-0.15086401305793,0.0404679278600641,-5.37022778653078
"Clothes_No+Fur_Brown",2,5428,-0.0593764241755018,0.0483796193896725,-0.15420047817926,0.0354476298282563,-5.76480216811065
"Clothes_No+Fur_Brown",2,5430,-0.0557765620711642,0.0453590542303956,-0.14468030836274,0.0331271842204112,-5.42495711989011
"Clothes_No+Fur_Brown",2,5431,-0.0597456981678568,0.0434075548610759,-0.144824505695566,0.0253331093598519,-5.79959435151479
"Clothes_No+Fur_Brown",2,5432,-0.0577224172323557,0.047084307286823,-0.150007659514529,0.0345628250498175,-5.60880752405916
"Clothes_No+Fur_Brown",2,5433,-0.0562271629296662,0.0509479020157272,-0.156085050880491,0.0436307250211591,-5.46756311553475
"Clothes_No+Fur_Brown",2,5434,-0.0561091319104139,0.0469761597746784,-0.148182405068784,0.0359641412479557,-5.45640469715007
"Clothes_No+Fur_Brown",2,5435,-0.0548057233474387,0.045845154146906,-0.144662225475374,0.035050778780497,-5.33309542173238
"Clothes_No+Fur_Brown",2,5436,-0.0577027117289132,0.0444004269960314,-0.144727548641135,0.0293221251833084,-5.60694747976439
"Clothes_No+Fur_Brown",2,5437,-0.0584388510553421,0.0469162843943159,-0.150394768468201,0.033517066357517,-5.67640834829097
"Clothes_No+Fur_Brown",2,5438,-0.0532563672659744,0.0470312475276286,-0.145437612420126,0.0389248778881777,-5.18630899455228
"Clothes_No+Fur_Brown",2,5440,-0.0561678216385619,0.0453521496285309,-0.145058034910482,0.0327223916333586,-5.46195327223276
"Clothes_No+Fur_Brown",2,5441,-0.0515180435522361,0.052888481529977,-0.155179467350991,0.0521433802465189,-5.02134877149598
"Clothes_No+Fur_Brown",2,5442,-0.0538884654479283,0.04683888845275,-0.145692686815318,0.0379157559194618,-5.24622161893585
"Clothes_No+Fur_Brown",2,5443,-0.0583354159375827,0.0449964603550726,-0.146528478233525,0.0298576463583596,-5.66665147188785
"Clothes_No+Fur_Brown",2,5444,-0.0546606993912836,0.044837755941694,-0.142542701037004,0.0332213022544366,-5.31936545715066
"Clothes_No+Fur_Brown",2,5445,-0.0554730651218402,0.0469388107681669,-0.147473134227447,0.0365270039837669,-5.3962495267807
"Clothes_No+Fur_Brown",2,5446,-0.057396071926149,0.047001765344865,-0.149519532002084,0.0347273881497865,-5.57799837451014
"Clothes_No+Fur_Brown",2,5447,-0.045108720229273,0.0623343277582807,-0.167284002635503,0.0770665621769572,-4.41064487825268
"Clothes_No+Fur_Brown",2,5449,-0.0554638717211958,0.0431653692737409,-0.140067995497728,0.0291402520553364,-5.39537979260223
"Clothes_No+Fur_Brown",2,5450,-0.0524338698143659,0.0456960136553287,-0.14199805657881,0.0371303169500783,-5.10829289569963
"Clothes_No+Fur_Brown",2,5452,-0.0570750626327773,0.0465665070306592,-0.148345416412869,0.0341952911473147,-5.54768316901859
"Clothes_No+Fur_Brown",2,5453,-0.0566223400164251,0.0496817435956006,-0.153998557463802,0.0407538774309521,-5.50491278819349
"Clothes_No+Fur_Brown",2,5454,-0.0507875037412364,0.0568239699113931,-0.162162484767567,0.0605874772850941,-4.95193773490272
"Clothes_No+Fur_Brown",2,5455,-0.0539152270436341,0.0463016566496506,-0.144666474076949,0.0368360199896811,-5.24875734731427
"Clothes_No+Fur_Brown",2,5456,-0.0567489882050499,0.0427390625337741,-0.140517550771247,0.0270195743611473,-5.51687966201536
"Clothes_No+Fur_Brown",2,5458,-0.0584708810667702,0.047354875979748,-0.151286437987076,0.0343446758535359,-5.67942948562573
"Clothes_No+Fur_Brown",2,5460,-0.0507375550663738,0.0589744966374868,-0.166327568475848,0.0648524583431003,-4.94719009157606
"Clothes_No+Fur_Brown",2,5462,-0.0489397735109131,0.0581023127947845,-0.162820306588691,0.0649407595668645,-4.7761522048154
"Clothes_No+Fur_Brown",2,5463,-0.0513022037799433,0.0424636115928188,-0.134530882501868,0.0319264749419816,-5.00084638850691
"Clothes_No+Fur_Brown",2,5464,-0.0514675751001391,0.0563120551018964,-0.161839203099856,0.0589040528995778,-5.0165552250258
"Clothes_No+Fur_Brown",2,5466,-0.0506932494054634,0.053055873018462,-0.154682760521649,0.0532962617107221,-4.94297862071637
"Clothes_No+Fur_Brown",2,5467,-0.0569990224814557,0.0475769673537343,-0.150249878494775,0.0362518335318635,-5.54050072748057
"Clothes_No+Fur_Brown",2,5468,-0.0537773689982377,0.0481715581423607,-0.148193622957265,0.0406388849607893,-5.23569422579577
"Clothes_No+Fur_Brown",2,5469,-0.0521599319114833,0.0511226534722034,-0.152360332717002,0.0480404688940353,-5.08229489969885
"Clothes_No+Fur_Brown",2,5470,-0.051173418048438,0.0566830175862298,-0.162272132517448,0.0599252964205724,-4.98861106516604
"Clothes_No+Fur_Brown",2,5471,-0.0518718972013672,0.0581323427722489,-0.165811289034975,0.0620674946322405,-5.05495136827138
"Clothes_No+Fur_Brown",2,5472,-0.0562324525449804,0.042265262334049,-0.139072366719716,0.0266074616297556,-5.46806315443806
"Clothes_No+Fur_Brown",2,5473,-0.0516491322184822,0.0514798462956423,-0.152549630957941,0.0492513665209766,-5.03379858017515
"Clothes_No+Fur_Brown",2,5474,-0.050386220906724,0.0502737546433824,-0.148922780007753,0.0481503381943055,-4.91378892534277
"Clothes_No+Fur_Brown",2,5475,-0.0530112576401768,0.0605762905789934,-0.171740787175004,0.0657182718946502,-5.16306639785372
"Clothes_No+Fur_Brown",2,5476,-0.0526911159237977,0.0520902976586898,-0.15478809933483,0.0494058674872343,-5.1327002786828
"Clothes_No+Fur_Brown",2,5477,-0.0466139420810928,0.0593378156629968,-0.162916060780566,0.0696881766183809,-4.55441983063745
"Clothes_No+Fur_Brown",2,5478,-0.0480316555652026,0.0596222138984769,-0.164891194806217,0.068827883675812,-4.68963844336883
"Clothes_No+Fur_Brown",2,5479,-0.049318397335208,0.0560469715528795,-0.159170461578852,0.0605336669084357,-4.81219939763806
"Clothes_No+Fur_Brown",2,5480,-0.0588351733154581,0.047395634710688,-0.151730617348407,0.0340602707174904,-5.71378348052899
"Clothes_No+Fur_Brown",2,5481,-0.0558096610678263,0.0475113193893288,-0.148931847070911,0.0373125249352581,-5.42808740711375
"Clothes_No+Fur_Brown",2,5482,-0.0522060965230039,0.0522830514628311,-0.154680877390153,0.050268684344145,-5.08667663753984
"Clothes_No+Fur_Brown",2,5484,-0.0499282207366698,0.0545411695425953,-0.156828913040157,0.0569724715668169,-4.87022945013869
"Clothes_No+Fur_Brown",2,5485,-0.0563712560540589,0.0471749315026168,-0.148834121799188,0.0360916096910701,-5.48118360838863
"Clothes_No+Fur_Brown",2,5487,-0.055216886205014,0.0484001318254144,-0.150081144582826,0.0396473721727983,-5.37201093588136
"Clothes_No+Fur_Brown",2,5488,-0.0548123225456604,0.0433799160414745,-0.13983695798695,0.0302123128956295,-5.33372014533939
"Clothes_No+Fur_Brown",2,5489,-0.0538834966774143,0.047057405335835,-0.146116011135651,0.0383490177808223,-5.24575080798607
"Clothes_No+Fur_Brown",2,5490,-0.0586558620730851,0.0451384487258315,-0.147127221575715,0.0298154974295445,-5.69687538604582
"Clothes_No+Fur_Brown",2,5491,-0.0513070050441155,0.0441031606780281,-0.137749199973051,0.0351351898848197,-5.00130250344456
"Clothes_No+Fur_Brown",2,5492,-0.0608814751893291,0.0441238158689931,-0.147364154292556,0.0256012039138973,-5.9065242718956
"Clothes_No+Fur_Brown",2,5493,-0.0569510504974725,0.0442002077412849,-0.143583457670391,0.0296813566754459,-5.53596920920232
"Clothes_No+Fur_Brown",2,5494,-0.0479053884726712,0.0597418711537097,-0.164999455933942,0.0691886789885998,-4.67760312131038
"Clothes_No+Fur_Brown",2,5495,-0.0582061468034076,0.0477863481907698,-0.151867389257316,0.0354550956505012,-5.65445629338669
"Clothes_No+Fur_Brown",2,5496,-0.0561029109686554,0.0479796083627948,-0.150142943359733,0.0379371214224224,-5.45581654512063
"Clothes_No+Fur_Brown",2,5498,-0.0535509557236675,0.0442053445223685,-0.14019343098751,0.0330915195401748,-5.21423589987982
"Clothes_No+Fur_Brown",2,5499,-0.0564523073707928,0.0474048497167236,-0.149365812815571,0.0364611980739855,-5.48884417245971
"Clothes_No+Fur_Brown",2,5500,-0.0475013513272022,0.0586373690169319,-0.162430594600389,0.0674278919459843,-4.63908155062757
"Clothes_No+Fur_Brown",2,5502,-0.0574617233873472,0.0454241339576924,-0.146493025944424,0.0315695791697298,-5.58419711340576
"Clothes_No+Fur_Brown",2,5503,-0.0534694792266482,0.0427559355676048,-0.137271112939154,0.0303321544858572,-5.20651277323126
"Clothes_No+Fur_Brown",2,5504,-0.049209133767982,0.0573422263946094,-0.161599897501417,0.0631816299654524,-4.80179827076608
"Clothes_No+Fur_Brown",2,5505,-0.0589745171517897,0.0597038794916794,-0.175994120955481,0.0580450866519019,-5.7269207683307
"Clothes_No+Fur_Brown",2,5506,-0.0452580632023438,0.05465402512281,-0.152379952443051,0.0618638260383637,-4.42491941081339
"Clothes_No+Fur_Brown",2,5507,-0.053054248081268,0.0482851940667832,-0.147693228452163,0.041584732289627,-5.1671433918245
"Clothes_No+Fur_Brown",2,5508,-0.0578381030174253,0.0472368805347695,-0.150422388865574,0.0347461828307229,-5.61972661166061
"Clothes_No+Fur_Brown",2,5509,-0.050128495850601,0.0528621435092407,-0.153738297128713,0.0534813054275108,-4.88927966806785
"Clothes_No+Fur_Brown",2,5510,-0.0472524714702897,0.0574243397196067,-0.159804177320719,0.0652992343801394,-4.61534518525976
"Clothes_No+Fur_Brown",2,5511,-0.0501643960533931,0.0527537753501427,-0.153561795739673,0.0532330036328866,-4.89269410092568
"Clothes_No+Fur_Brown",2,5512,-0.0507207156071846,0.0576390088666287,-0.163693172985777,0.0622517417714076,-4.94558944018577
"Clothes_No+Fur_Brown",2,5513,-0.0515222537472825,0.0544760144785763,-0.158295242125292,0.055250734630727,-5.02174864930112
"Clothes_No+Fur_Brown",2,5514,-0.0523159481540415,0.0462769482811713,-0.143018766785137,0.0383868704770542,-5.09710244826177
"Clothes_No+Fur_Brown",2,5516,-0.05720105355198,0.0555344496438351,-0.166048574853897,0.0516464677499368,-5.559582553614
"Clothes_No+Fur_Brown",2,5517,-0.0480191582722297,0.0559974815772069,-0.157774222163555,0.0617359056190957,-4.68844731441417
"Clothes_No+Fur_Brown",2,5518,-0.0466642923339337,0.0536731474984068,-0.151863661430811,0.0585350767629438,-4.55922541874921
"Clothes_No+Fur_Brown",2,5519,-0.0471253232270477,0.0599540950671343,-0.164635349558631,0.0703847031045356,-4.60321642290874
"Clothes_No+Fur_Brown",2,5520,-0.0519996675882671,0.0567882386620064,-0.1633046153658,0.0593052801892654,-5.06708175890043
"Clothes_No+Fur_Brown",2,5521,-0.049327481861529,0.0574377086884767,-0.161905390890943,0.0632504271678853,-4.81306412979022
"Clothes_No+Fur_Brown",2,5522,-0.058026525730974,0.0481917339987584,-0.15248232436854,0.0364292729065924,-5.63750832358609
"Clothes_No+Fur_Brown",2,5525,-0.0585348380770879,0.0442851383889704,-0.14533370931947,0.0282640331652942,-5.68546175442229
"Clothes_No+Fur_Brown",2,5527,-0.0556717009908582,0.0485729076880272,-0.150874600059391,0.039531198077675,-5.41503935873923
"Clothes_No+Fur_Brown",2,5529,-0.0558008169153257,0.0478643121005344,-0.149614868632373,0.0380132348017216,-5.42725099499783
"Clothes_No+Fur_Brown",2,5530,-0.0582800740314923,0.0443455877888665,-0.145197426097671,0.028637278034686,-5.66143074011114
"Clothes_No+Fur_Brown",2,5531,-0.0504949615580791,0.0559656078456302,-0.160187552935514,0.0591976298193561,-4.92412809971545
"Clothes_No+Fur_Brown",2,5532,-0.0576476945162866,0.0475620866166291,-0.15086938428488,0.0355739952523064,-5.60175409426192
"Clothes_No+Fur_Brown",2,5533,-0.0520269444673412,0.0588405833882478,-0.167354487908307,0.0633005989736244,-5.06967119731538
"Clothes_No+Fur_Brown",2,5535,-0.058449415884777,0.0437574985094565,-0.144214112963312,0.0273152811937579,-5.67740485568449
"Clothes_No+Fur_Brown",2,5536,-0.0582259582320517,0.0478486612137545,-0.15200933421101,0.0355574177469071,-5.65632539487888
"Clothes_No+Fur_Brown",2,5537,-0.0502582990431822,0.0622336495338377,-0.172236252129504,0.0717196540431397,-4.90162454199626
"Clothes_No+Fur_Brown",2,5538,-0.0470668887341139,0.0550925453829691,-0.155048277684733,0.0609145002165054,-4.59764179735927
"Clothes_No+Fur_Brown",2,5539,-0.0575361932567842,0.045671829797162,-0.147052979659222,0.0319805931456534,-5.59122798412225
"Clothes_No+Fur_Brown",2,5542,-0.0568734674095883,0.0445432921897951,-0.144178320101587,0.0304313852824102,-5.52864011369633
"Clothes_No+Fur_Brown",2,5543,-0.0538180947497644,0.0429329287716511,-0.1379666351422,0.0303304456426717,-5.23955349477999
"Clothes_No+Fur_Brown",2,5544,-0.0563234247568229,0.0497074319625252,-0.153749991403372,0.0411031418897266,-5.47666254266406
"Clothes_No+Fur_Brown",2,5545,-0.0496836208998166,0.0546190702098332,-0.15673699851109,0.0573697567114565,-4.84695787778693
"Clothes_No+Fur_Brown",2,5546,-0.0553784023476979,0.0502926759490838,-0.153952047207902,0.0431952425125064,-5.38729364942923
"Clothes_No+Fur_Brown",2,5547,-0.05275766301004,0.0476748710352061,-0.146200410239044,0.0406850842189639,-5.13901321100297
"Clothes_No+Fur_Brown",2,5548,-0.0551466131516043,0.0478008126742296,-0.148836205993094,0.0385429796898857,-5.36536090449553
"Clothes_No+Fur_Brown",2,5549,-0.0468850543133224,0.0526302945626687,-0.150040431656153,0.0562703230295082,-4.58029278753759
"Clothes_No+Fur_Brown",2,5550,-0.0505417789632749,0.058487317567944,-0.165176921396445,0.0640933634698953,-4.92857920113923
"Clothes_No+Fur_Brown",2,5551,-0.0588333429339385,0.0454089142495248,-0.147834814863007,0.0301681289951302,-5.71361090062277
"Clothes_No+Fur_Brown",2,5552,-0.0567748486834845,0.0451018747740109,-0.145174523240546,0.0316248258735769,-5.5193230091181
"Clothes_No+Fur_Brown",2,5553,-0.0513851268063095,0.0416414478026782,-0.133002364499559,0.0302321108869399,-5.00872367921769
"Clothes_No+Fur_Brown",2,5555,-0.0508254223590341,0.0549275311408764,-0.158483383395152,0.0568325386770836,-4.95554175771794
"Clothes_No+Fur_Brown",2,5556,-0.0509989931232366,0.0526913159079003,-0.154273972302721,0.0522759860562481,-4.97203726535792
"Clothes_No+Fur_Brown",2,5558,-0.0581241400950492,0.0439077137312569,-0.144183259008313,0.0279349788182143,-5.64671900864875
"Clothes_No+Fur_Brown",2,5559,-0.0549487767114689,0.0466746752860478,-0.146431140272123,0.0365335868491847,-5.34663687229651
"Clothes_No+Fur_Brown",2,5560,-0.0573563660817329,0.0481509176628642,-0.151732164700947,0.0370194325374809,-5.57424919477247
"Clothes_No+Fur_Brown",2,5561,-0.0549055044790555,0.0482112456662857,-0.149399545984975,0.0395885370268644,-5.3425409213487
"Clothes_No+Fur_Brown",2,5563,-0.0492638757220515,0.0541810112170183,-0.155458657707407,0.0569309062633043,-4.8070094637159
"Clothes_No+Fur_Brown",2,5564,-0.0522773480473092,0.0462006531818407,-0.142830628283717,0.0382759321890986,-5.09343911558501
"Clothes_No+Fur_Brown",2,5565,-0.054867614408768,0.0456013442252026,-0.144246249090165,0.0345110202726292,-5.33895427562228
"Clothes_No+Fur_Brown",2,5566,-0.0555127260289084,0.0463532464073675,-0.146365088987349,0.0353396369295318,-5.40000152293224
"Clothes_No+Fur_Brown",2,5567,-0.0486400563684443,0.0620946624280566,-0.170345594727435,0.0730654819905466,-4.74760770783549
"Clothes_No+Fur_Brown",2,5568,-0.0496110766942645,0.0518501954006373,-0.151237459679514,0.0520153062909845,-4.84005482555512
"Clothes_No+Fur_Brown",2,5569,-0.0584863951307969,0.0478105765554494,-0.152195125179478,0.035222334917884,-5.68089276964495
"Clothes_No+Fur_Brown",2,5570,-0.0527008431497644,0.0540187417198006,-0.158577576920574,0.0531758906210449,-5.13362306985593
"Clothes_No+Fur_Brown",2,5571,-0.0484959304397056,0.0556429415205857,-0.157556095820054,0.0605642349406423,-4.73387837897943
"Clothes_No+Fur_Brown",2,5572,-0.0578467623739966,0.044508704402342,-0.145083823002587,0.0293902982545936,-5.62054388056266
"Clothes_No+Fur_Brown",2,5574,-0.0572634428514997,0.0417722216867562,-0.139136997357542,0.0246101116545423,-5.56547444130755
"Clothes_No+Fur_Brown",2,5575,-0.0560836576638776,0.055850868456606,-0.165551359838825,0.05338404451107,-5.45399623961821
"Clothes_No+Fur_Brown",2,5576,-0.0479637283424781,0.0560908343792637,-0.157901763725835,0.0619743070408787,-4.6831640553203
"Clothes_No+Fur_Brown",2,5577,-0.0491947248535285,0.0536476509496604,-0.154344120714863,0.0559546710078057,-4.80042655813882
"Clothes_No+Fur_Brown",2,5578,-0.049827774976518,0.05943157113449,-0.166313654400118,0.0666581044470824,-4.86067358810786
"Clothes_No+Fur_Brown",2,5579,-0.0475345832134898,0.0592028303376964,-0.163572130675375,0.0685029642483951,-4.64225052117002
"Clothes_No+Fur_Brown",2,5581,-0.052630408791766,0.0586736733685369,-0.167630808594098,0.0623699910105663,-5.12694098217971
"Clothes_No+Fur_Brown",2,5582,-0.0478041460866497,0.0593585665756163,-0.164146936574858,0.0685386444015582,-4.66795196586434
"Clothes_No+Fur_Brown",2,5583,-0.0514908233473617,0.0543513742745257,-0.158019516925432,0.0550378702307087,-5.01876339796381
"Clothes_No+Fur_Brown",2,5584,-0.0586805833079053,0.046082823028379,-0.149002916443528,0.0316417498277176,-5.69920664691773
"Clothes_No+Fur_Brown",2,5585,-0.0505941150387058,0.0562209911764367,-0.160787257744522,0.0595990276671102,-4.93355473598837
"Clothes_No+Fur_Brown",2,5586,-0.0480171487794637,0.0629021066771498,-0.171305277866677,0.07527098030775,-4.6882557863461
"Clothes_No+Fur_Brown",2,5587,-0.0465626165404592,0.0528625147318596,-0.150173145414904,0.0570479123339856,-4.54952090891534
"Clothes_No+Fur_Brown",2,5588,-0.0510216538897616,0.0537074870838952,-0.156288328574196,0.0542450207946729,-4.97419064743606
"Clothes_No+Fur_Brown",2,5589,-0.0533007682908647,0.0556860157172987,-0.16244535909677,0.0558438225150408,-5.19051872614766
"Clothes_No+Fur_Brown",2,5590,-0.0508597216207588,0.0547647541206215,-0.158198639697177,0.0564791964556593,-4.9588016565603
"Clothes_No+Fur_Brown",2,5591,-0.0518988170699371,0.0618473136889597,-0.173119551900298,0.0693219177604239,-5.05750724209986
"Clothes_No+Fur_Brown",2,5592,-0.0471357221943002,0.0546280483931475,-0.154206697044869,0.0599352526562689,-4.60420844577913
"Clothes_No+Fur_Brown",2,5593,-0.0565732732983724,0.0480203979545057,-0.150693253289204,0.0375467066924586,-5.50027611063957
"Clothes_No+Fur_Brown",2,5595,-0.0575388055311901,0.0493405695375704,-0.154246321824828,0.039168710762448,-5.59147460541896
"Clothes_No+Fur_Brown",2,5596,-0.0560313184784584,0.050057272775349,-0.154143573118143,0.0420809361612257,-5.44904764929529
"Clothes_No+Fur_Brown",2,5599,-0.0585880633095349,0.04525648679689,-0.147290777431439,0.0301146508123695,-5.69048153405289
"Clothes_No+Fur_Brown",2,5601,-0.0561954253743317,0.0494904431353251,-0.153196693919569,0.0408058431709054,-5.46456283947776
"Clothes_No+Fur_Brown",2,5602,-0.052033976725504,0.0472157173398204,-0.144576782711552,0.040508829260544,-5.07033876954772
"Clothes_No+Fur_Brown",2,5603,-0.0568553957366603,0.0489125620589511,-0.152724017372205,0.0390132258988839,-5.52693284275282
"Clothes_No+Fur_Brown",2,5604,-0.0551405482943154,0.0404154114171051,-0.134354754671841,0.0240736580832106,-5.36478695717437
"Clothes_No+Fur_Brown",2,5606,-0.0565345901411952,0.0415733837034059,-0.138018422199871,0.0249492419174803,-5.49662049226217
"Clothes_No+Fur_Brown",2,5608,-0.0562537080534513,0.0455450077612514,-0.145521923265504,0.0330145071586015,-5.470072457468
"Clothes_No+Fur_Brown",2,5610,-0.0511149724824069,0.0468116457335642,-0.142865798120193,0.0406358531553789,-4.98305790848323
"Clothes_No+Fur_Brown",2,5611,-0.0544507909503079,0.0458143896607913,-0.144246994685459,0.0353454127848431,-5.29948910672929
"Clothes_No+Fur_Brown",2,5613,-0.0583641855249362,0.0495886984217647,-0.155558034431595,0.0388296633817227,-5.66936536435971
"Clothes_No+Fur_Brown",2,5616,-0.0544529523436447,0.0425113621145847,-0.137775222088231,0.0288693174009414,-5.29969379156132
"Clothes_No+Fur_Brown",2,5617,-0.0540724391203631,0.0416371252765007,-0.135681204662305,0.0275363264215782,-5.26365221608704
"Clothes_No+Fur_Brown",2,5618,-0.0583719543050735,0.0406797504899144,-0.138104265265306,0.0213603566551587,-5.6700981954738
"Clothes_No+Fur_Brown",2,5620,-0.0564826732945206,0.04244472441829,-0.139674333154369,0.0267089865653278,-5.49171404743557
"Clothes_No+Fur_Brown",2,5621,-0.0558310653850631,0.0474125360347576,-0.148759636013188,0.0370975052430618,-5.43011163266892
"Clothes_No+Fur_Brown",2,5622,-0.0488628841055707,0.0541144090038415,-0.1549271257531,0.0572013575419586,-4.76883021829603
"Clothes_No+Fur_Brown",2,5623,-0.0531815334022822,0.0461504699970738,-0.143636454596547,0.0372733877919825,-5.17921345423339
"Clothes_No+Fur_Brown",2,5625,-0.0576772368148558,0.0429306888586372,-0.141821386977785,0.0264669133480731,-5.60454279423437
"Clothes_No+Fur_Brown",2,5626,-0.055223030005948,0.0489155489010721,-0.151097505852049,0.0406514458401533,-5.37259230962303
"Clothes_No+Fur_Brown",2,5627,-0.0575907620945115,0.0444248941101326,-0.144663554550371,0.0294820303613484,-5.59637962052173
"Clothes_No+Fur_Brown",2,5628,-0.0553210511168557,0.0427454199662206,-0.139102074250648,0.0284599720169366,-5.38186733866539
"Clothes_No+Fur_Brown",2,5629,-0.0589729182733694,0.0472314212889223,-0.151546503999657,0.0336006674529183,-5.7267700370182
"Clothes_No+Fur_Brown",2,5630,-0.0559504666013091,0.0458959576018789,-0.145906543500992,0.0340056102983736,-5.44140271826213
"Clothes_No+Fur_Brown",2,5631,-0.0562552275271221,0.047329696725673,-0.149021433109441,0.0365109780551969,-5.47021609309488
"Clothes_No+Fur_Brown",2,5632,-0.0567454841991026,0.0496543517103799,-0.154068013551447,0.0405770451532419,-5.51654859201975
"Clothes_No+Fur_Brown",2,5633,-0.0484726493264144,0.0541741440196486,-0.154653971604926,0.0577086729520969,-4.73166045179134
"Clothes_No+Fur_Brown",2,5634,-0.0558857493677773,0.046487216818205,-0.147000694331459,0.0352291955959045,-5.43528294941429
"Clothes_No+Fur_Brown",2,5635,-0.0541874780129294,0.0441205006040644,-0.140663659196896,0.0322887031710368,-5.27454995377802
"Clothes_No+Fur_Brown",2,5636,-0.0566149034894478,0.0478623160664369,-0.150425042979664,0.0371952360007684,-5.50421007031533
"Clothes_No+Fur_Brown",2,5637,-0.0549754468615786,0.0479272601517729,-0.148912876759053,0.0389619830358962,-5.34916125803648
"Clothes_No+Fur_Brown",2,5638,-0.0549782837739488,0.0436789947231435,-0.14058911343131,0.0306325458834124,-5.34942977379089
"Clothes_No+Fur_Brown",2,5639,-0.0561238189790274,0.0462526527527465,-0.14677901837441,0.0345313804163557,-5.45779325522431
"Clothes_No+Fur_Brown",2,5641,-0.0570234114221697,0.0479820712004925,-0.151068270975135,0.0370214481307956,-5.54280446651522
"Clothes_No+Fur_Brown",2,5642,-0.0551494894668378,0.0467242387093157,-0.146728997337097,0.0364300184034209,-5.36563310315811
"Clothes_No+Fur_Brown",2,5643,-0.0544062681258844,0.0475682979876872,-0.147640132181751,0.0388275959299826,-5.29527267864703
"Clothes_No+Fur_Brown",2,5644,-0.0555980920377383,0.0441205794748553,-0.142074427808455,0.0308782437329782,-5.40807680255545
"Clothes_No+Fur_Brown",2,5645,-0.0567006703092707,0.048668522528519,-0.152090974465168,0.0386896338466264,-5.51231432616116
"Clothes_No+Fur_Brown",2,5648,-0.0540940951267422,0.0448392003249975,-0.141978927763737,0.033790737510253,-5.2657038048243
"Clothes_No+Fur_Brown",2,5649,-0.0478198246237576,0.0563148500415281,-0.158196930705153,0.0625572814576376,-4.66944662119997
"Clothes_No+Fur_Brown",2,5650,-0.0550397543002661,0.0474739695906199,-0.148088734697881,0.038009226097349,-5.35524781533805
"Clothes_No+Fur_Brown",2,5652,-0.0594010274851527,0.043263243234141,-0.144196984224069,0.0253949292537636,-5.76712063734179
"Clothes_No+Fur_Brown",2,5654,-0.0505001187223647,0.062401864124133,-0.172807772405665,0.0718075349609359,-4.92461842034211
"Clothes_No+Fur_Brown",2,5655,-0.0515684236111542,0.0461546943264602,-0.142031624491016,0.0388947772687078,-5.02613368100782
"Clothes_No+Fur_Brown",2,5656,-0.0599698850159488,0.0460347301361498,-0.150197956082802,0.0302581860509048,-5.82071047647892
"Clothes_No+Fur_Brown",2,5657,-0.0588670350008236,0.0456479272091372,-0.148336972330733,0.0306029023290853,-5.71678755043641
"Clothes_No+Fur_Brown",2,5660,-0.0528862977285466,0.0455751270925338,-0.142213546829913,0.0364409513728197,-5.15121484254228
"Clothes_No+Fur_Brown",2,5661,-0.0538223527968757,0.0470377857700027,-0.146016412906081,0.0383717073123295,-5.23995698836645
"Clothes_No+Fur_Brown",2,5663,-0.0530555960191017,0.0476095107347416,-0.146370237059195,0.0402590450209918,-5.16727122053365
"Clothes_No+Fur_Brown",2,5664,-0.0575124968623107,0.0439544452787587,-0.143663209608678,0.0286382158840564,-5.58899081011243
"Clothes_No+Fur_Brown",2,5665,-0.0535043283613015,0.0456664215495809,-0.14301051459848,0.036001857875877,-5.209816186671
"Clothes_No+Fur_Brown",2,5666,-0.0578155370164993,0.0451506942339195,-0.146310897714982,0.030679823681983,-5.61759680229338
"Clothes_No+Fur_Brown",2,5667,-0.0570189673748451,0.0475448311352671,-0.150206836399969,0.0361689016502784,-5.54238469333537
"Clothes_No+Fur_Brown",2,5668,-0.0564382045004803,0.0466104941953382,-0.147794773123343,0.0349183641223827,-5.48751128448723
"Clothes_No+Fur_Brown",2,5669,-0.0549635036384322,0.0447577649035659,-0.142688722849421,0.032761715572557,-5.34803081519785
"Clothes_No+Fur_Brown",2,5671,-0.0579255799649191,0.0442504596095324,-0.144656480799603,0.0288053208697644,-5.62798234878165
"Clothes_No+Fur_Brown",2,5672,-0.0552493973920366,0.0483734610676842,-0.150061381084698,0.0395625863006244,-5.37508735412211
"Clothes_No+Fur_Brown",2,5673,-0.0548227675288116,0.0484209339371735,-0.149727798045672,0.0400822629880484,-5.33470892787354
"Clothes_No+Fur_Brown",2,5674,-0.0573585019176053,0.0488746217534611,-0.153152760554389,0.0384357567191786,-5.57445087246293
"Clothes_No+Fur_Brown",2,5675,-0.0579374571821639,0.0439969002888605,-0.144171381748331,0.0282964673840028,-5.62910321908069
"Clothes_No+Fur_Brown",2,5676,-0.0557598194676976,0.0483204188171201,-0.150467840349253,0.0389482014138578,-5.42337367419386
"Clothes_No+Fur_Brown",2,5678,-0.0500721952372063,0.0513241275967718,-0.150667485326879,0.0505230948524664,-4.88392472543088
"Clothes_No+Fur_Brown",2,5679,-0.0592481992078381,0.0460109924420043,-0.149429744394167,0.0309333459784904,-5.75271808819204
"Clothes_No+Fur_Brown",2,5680,-0.0557170832617083,0.0454934858906285,-0.14488431560734,0.0334501490839236,-5.41933174164162
"Clothes_No+Fur_Brown",2,5681,-0.0568336709521178,0.0484516534759536,-0.151798911764987,0.0381315698607511,-5.52488041342956
"Clothes_No+Fur_Brown",2,5682,-0.0530558783327179,0.0436624423262533,-0.138634265292174,0.0325225086267386,-5.16729799310046
"Clothes_No+Fur_Brown",2,5683,-0.0544640303098739,0.0484817823954879,-0.14948832380503,0.0405602631852823,-5.30074287254455
"Clothes_No+Fur_Brown",2,5684,-0.0576192940611798,0.045764807140743,-0.147318316057036,0.0320797279346765,-5.59907310304641
"Clothes_No+Fur_Brown",2,5685,-0.057947911291871,0.0449319389204017,-0.146014511575858,0.0301186889921163,-5.630089777632
"Clothes_No+Fur_Brown",2,5687,-0.0506743299021031,0.0582231769080853,-0.16479175664195,0.0634430968377441,-4.94118017206814
"Clothes_No+Fur_Brown",2,5688,-0.0504740310445467,0.0542812161005216,-0.156865214601569,0.0559171525124757,-4.92213809206616
"Clothes_No+Fur_Brown",2,5689,-0.045030901509605,0.0510251097546674,-0.145040116628753,0.0549783136095431,-4.40320594758294
"Clothes_No+Fur_Brown",2,5690,-0.0482904261147783,0.0606096399356178,-0.167085320388589,0.0705044681590325,-4.71429876718871
"Clothes_No+Fur_Brown",2,5691,-0.0503202788280587,0.0563396023222374,-0.160745899379644,0.0601053417235265,-4.90751853619312
"Clothes_No+Fur_Brown",2,5692,-0.0523925965837619,0.0567697137096074,-0.163661235454592,0.0588760422870687,-5.10437632756575
"Clothes_No+Fur_Brown",2,5693,-0.0491754633233391,0.0554275600807947,-0.157813481081697,0.0594625544350185,-4.798592851021
"Clothes_No+Fur_Brown",2,5694,-0.0482576596030986,0.0556916553089518,-0.157413304008644,0.0608979848024469,-4.71117653599432
"Clothes_No+Fur_Brown",2,5696,-0.0471924619512563,0.0494359613899013,-0.144086946275463,0.0497020223729502,-4.60962102625085
"Clothes_No+Fur_Brown",2,5697,-0.0504250782758996,0.0573867787268248,-0.162903164580476,0.062053008028677,-4.91748365356584
"Clothes_No+Fur_Brown",2,5698,-0.051193209314473,0.0542581745616624,-0.157539231455331,0.0551528128263854,-4.99049144223322
"Clothes_No+Fur_Brown",2,5700,-0.0552059315755832,0.0509042029377199,-0.154978169333514,0.0445663061823479,-5.37097431564948
"Clothes_No+Fur_Brown",2,5701,-0.0499298906286428,0.0540850993836433,-0.155936685420584,0.056076904163298,-4.87038830644627
"Clothes_No+Fur_Brown",2,5702,-0.0514086604236283,0.0533443452367047,-0.155963577087569,0.0531462562403128,-5.0109591412589
"Clothes_No+Fur_Brown",2,5703,-0.0514397581573364,0.0581465233845465,-0.165406943991048,0.0625274276763747,-5.0139130392267
"Clothes_No+Fur_Brown",2,5704,-0.0524414521774932,0.0557127801876473,-0.161638501345282,0.0567555969902955,-5.10901239635291
"Clothes_No+Fur_Brown",2,5705,-0.048780106251936,0.0533490445416005,-0.153344233553473,0.0557840210496009,-4.76094686018315
"Clothes_No+Fur_Brown",2,5706,-0.0496089294938853,0.0574983761948629,-0.162305746835817,0.063087887848046,-4.83985049786538
"Clothes_No+Fur_Brown",2,5707,-0.0494789581003695,0.0537643116253392,-0.154857008886034,0.0558990926852953,-4.82748159684317
"Clothes_No+Fur_Brown",2,5708,-0.0506511313483044,0.0591280727862472,-0.166542154009349,0.0652398913127401,-4.93897491934308
"Clothes_No+Fur_Brown",2,5709,-0.051615873332714,0.0627363563903684,-0.174579131857836,0.0713473851924081,-5.03064005760611
"Clothes_No+Fur_Brown",2,5710,-0.0511096746341139,0.0554875578009323,-0.159865287923941,0.0576459386557133,-4.98255452180534
"Clothes_No+Fur_Brown",2,5711,-0.0561256472170517,0.0423123002401667,-0.139057755687778,0.026806461253675,-5.45796610072357
"Clothes_No+Fur_Brown",2,5713,-0.056947327968151,0.0474038028973687,-0.149858781646994,0.0359641257106916,-5.53561756342336
"Clothes_No+Fur_Brown",2,5714,-0.052798035952257,0.0457255898833333,-0.14242019212359,0.0368241202190762,-5.14284295083179
"Clothes_No+Fur_Brown",2,5716,-0.0561388217250246,0.0448351046256725,-0.144015626791343,0.0317379833412936,-5.45921163729827
"Clothes_No+Fur_Brown",2,5717,-0.0578103870580403,0.044338832305678,-0.144714498377169,0.0290937242610885,-5.61711073558604
"Clothes_No+Fur_Brown",2,5718,-0.0544211382484652,0.0441587549902309,-0.140972298029318,0.0321300215323874,-5.29668093908076
"Clothes_No+Fur_Brown",2,5719,-0.053021906335729,0.0454977430276917,-0.142197482670005,0.0361536699985467,-5.16407628210976
"Clothes_No+Fur_Brown",2,5720,-0.0524093644783349,0.0549625224908967,-0.160135908560492,0.0553171796038226,-5.10596751403847
"Clothes_No+Fur_Brown",2,5721,-0.0493724205431176,0.0562441603838575,-0.159610974895478,0.0608661338092432,-4.81734160907982
"Clothes_No+Fur_Brown",2,5722,-0.0606449023803252,0.0476553200582671,-0.154049329694529,0.0327595249338784,-5.88426168077564
"Clothes_No+Fur_Brown",2,5723,-0.0520485647724887,0.0556066502060185,-0.161037599176285,0.0569404696313075,-5.071723597805
"Clothes_No+Fur_Brown",2,5724,-0.0563486406838498,0.0520396287465999,-0.158346313027186,0.0456490316594859,-5.47904600619297
"Clothes_No+Fur_Brown",2,5725,-0.050394695222075,0.0570446816025022,-0.162202271162979,0.0614128807188293,-4.9145947124667
"Clothes_No+Fur_Brown",2,5726,-0.0507143711945221,0.0533821842283887,-0.155343452282164,0.0539147098931198,-4.94498637386674
"Clothes_No+Fur_Brown",2,5727,-0.0576070619729053,0.044090995050896,-0.144025412272661,0.028811288326851,-5.59791837551306
"Clothes_No+Fur_Brown",2,5728,-0.0526312649311134,0.0597969306051308,-0.16983324891717,0.064570719054943,-5.12702220670377
"Clothes_No+Fur_Brown",2,5729,-0.0458432348806847,0.0528121973153487,-0.149355141618768,0.0576686718573987,-4.48083088062955
"Clothes_No+Fur_Brown",2,5730,-0.0471763480759902,0.0547595682440482,-0.154505101834325,0.0601524056823442,-4.60808390519803
"Clothes_No+Fur_Brown",2,5731,-0.0541538005149032,0.0565683061106946,-0.165027680491865,0.0567200794620583,-5.2713597839029
"Clothes_No+Fur_Brown",2,5732,-0.058599173996648,0.0429774238331027,-0.142834924709529,0.0256365767162333,-5.69152937178324
"Clothes_No+Fur_Brown",2,5733,-0.0497270039425881,0.0613142046804036,-0.169902845116179,0.0704488372310029,-4.85108581674123
"Clothes_No+Fur_Brown",2,5734,-0.0530654262721838,0.0486978248772755,-0.148513163031644,0.0423823104872762,-5.16820344567601
"Clothes_No+Fur_Brown",2,5735,-0.0471576982788333,0.0549959450204783,-0.154949750518971,0.0606343539613043,-4.60630484872299
"Clothes_No+Fur_Brown",2,5736,-0.0542247696907784,0.0578483464662486,-0.167607528764626,0.0591579893830689,-5.27808235888019
"Clothes_No+Fur_Brown",2,5737,-0.0428123456224408,0.0586812211179032,-0.157827539013531,0.0722028477686496,-4.19088368002293
"Clothes_No+Fur_Brown",2,5738,-0.0573793547220675,0.0436139482462282,-0.142862693284675,0.0281039838405398,-5.57641988944529
"Clothes_No+Fur_Brown",2,5739,-0.0509228267312649,0.0530427386149297,-0.154886594416527,0.0530409409539973,-4.96479905264923
"Clothes_No+Fur_Brown",2,5742,-0.0571388967009032,0.049745358237534,-0.15463979884647,0.0403620054446634,-5.55371225221332
"Clothes_No+Fur_Brown",2,5743,-0.0596960858783332,0.0471258147281009,-0.152062682745411,0.0326705109887445,-5.79492073778314
"Clothes_No+Fur_Brown",2,5744,-0.0567473656846165,0.0467342900967127,-0.148346574274173,0.0348518429049404,-5.51672636109765
"Clothes_No+Fur_Brown",2,5745,-0.0558453323973724,0.0460398055479572,-0.146083351271368,0.0343926864766236,-5.43146085280565
"Clothes_No+Fur_Brown",2,5746,-0.0541726987218617,0.043931789806662,-0.140279006742919,0.0319336092991959,-5.27314996843491
"Clothes_No+Fur_Brown",2,5747,-0.0592236442022065,0.0432096452750035,-0.143914548941213,0.0254672605368004,-5.75040381724059
"Clothes_No+Fur_Brown",2,5748,-0.0544338757016261,0.0467202595800393,-0.146005584478503,0.0371378330752509,-5.29788721048905
"Clothes_No+Fur_Brown",2,5749,-0.054407657853901,0.0471939255387143,-0.146907751909781,0.0380924362019789,-5.29540429236844
"Clothes_No+Fur_Brown",2,5750,-0.0574554785797999,0.0482403647890656,-0.152006593566368,0.0370956364067686,-5.58360750304631
"Clothes_No+Fur_Brown",2,5751,-0.0545208284452534,0.0485586481380836,-0.149695778795897,0.0406541219053906,-5.30612146102286
"Clothes_No+Fur_Brown",2,5752,-0.0593332273402605,0.0420071910954689,-0.14166732188738,0.0230008672068585,-5.76073141787484
"Clothes_No+Fur_Brown",2,5753,-0.0587739650453395,0.0473842441383666,-0.151647083556538,0.034099153465859,-5.70801220769679
"Clothes_No+Fur_Brown",2,5754,-0.0598129083448706,0.0425980526268506,-0.143305091493498,0.0236792748037566,-5.80592536469655
"Clothes_No+Fur_Brown",2,5755,-0.0553921770430975,0.0475651315799273,-0.148619834939755,0.0378354808535601,-5.38859690166417
"Clothes_No+Fur_Brown",2,5756,-0.0567410358762915,0.0431076450094323,-0.141232020094779,0.0277499483421958,-5.51612829819278
"Clothes_No+Fur_Brown",2,5757,-0.057006006287772,0.0434290659069047,-0.142126975465305,0.0281149628897612,-5.54116041202467
"Clothes_No+Fur_Brown",2,5758,-0.0560107044507522,0.0435136395631681,-0.141297437994562,0.0292760290930572,-5.44709855325459
"Clothes_No+Fur_Brown",2,5759,-0.0579139485372127,0.0483071165089268,-0.152595896894709,0.0367679998202839,-5.626884661097
"Clothes_No+Fur_Brown",2,5760,-0.0556081255629668,0.0500943843596025,-0.153793118907788,0.042576867781854,-5.40902588824191
"Clothes_No+Fur_Brown",2,5761,-0.0576541957609316,0.0462956574492647,-0.14839368436149,0.0330852928396273,-5.60236779835769
"Clothes_No+Fur_Brown",2,5763,-0.0558963046385404,0.0425622735994798,-0.139318360893521,0.0275257516164401,-5.43628110033951
"Clothes_No+Fur_Brown",2,5764,-0.0553262240870501,0.0486476243282376,-0.150675567770396,0.0400231195962955,-5.38235679417953
"Clothes_No+Fur_Brown",2,5765,-0.0620168815584242,0.0452313660480845,-0.15067035901267,0.0266365958958215,-6.01329797628498
"Clothes_No+Fur_Brown",2,5766,-0.0581067217816963,0.048566850187238,-0.153297748148683,0.0370843045852902,-5.6450755193212
"Clothes_No+Fur_Brown",2,5767,-0.0559353746698129,0.0453338989612214,-0.144789816633807,0.032919067294181,-5.4399756356209
"Clothes_No+Fur_Brown",2,5768,-0.0580913658447229,0.0480343961047541,-0.152238782210041,0.0360560505205952,-5.643626599923
"Clothes_No+Fur_Brown",2,5769,-0.0788032091774788,0.0414237768148085,-0.159993811734504,0.0023873933795459,-7.57782150844903
"Clothes_No+Fur_Brown",2,5770,-0.0522733237409575,0.0563069965330739,-0.162635036945782,0.0580883894638674,-5.09305718174071
"Clothes_No+Fur_Brown",2,5771,-0.0538001369052134,0.0435200922266386,-0.139099517669425,0.0314992438589981,-5.23785178613261
"Clothes_No+Fur_Brown",2,5772,-0.0466859469742931,0.0605623988650637,-0.165388248749818,0.0720163548012317,-4.56129213202134
"Clothes_No+Fur_Brown",2,5773,-0.0459132569844585,0.053732577731906,-0.151229109338994,0.0594025953700772,-4.4875190996377
"Clothes_No+Fur_Brown",2,5774,-0.0583623607096979,0.0442065734698393,-0.145007244710583,0.0282825232911872,-5.66919322822313
"Clothes_No+Fur_Brown",2,5775,-0.0518426782175867,0.0570001591756696,-0.163562990201899,0.0598776337667258,-5.05217712990534
"Clothes_No+Fur_Brown",2,5776,-0.0535757499361366,0.0602985050905546,-0.171760819913624,0.0646093200413504,-5.21658600911928
"Clothes_No+Fur_Brown",2,5777,-0.0494376815818219,0.0535987261387805,-0.154491184813832,0.0556158216501879,-4.82355312554584
"Clothes_No+Fur_Brown",2,5778,-0.0499370777737007,0.0544416365773484,-0.156642685465304,0.0567685299179022,-4.87107201430786
"Clothes_No+Fur_Brown",2,5780,-0.0511330971222947,0.0531307038615494,-0.155269276690931,0.0530030824463421,-4.98478004073531
"Clothes_No+Fur_Brown",2,5781,-0.0552532628526371,0.0437529888950427,-0.141009121086921,0.0305025953816467,-5.37545312228684
"Clothes_No+Fur_Brown",2,5782,-0.0456749857021685,0.051816851331567,-0.14723601431204,0.0558860429077028,-4.46475850684874
"Clothes_No+Fur_Brown",2,5783,-0.050496937263576,0.0595956636226212,-0.167304437963914,0.0663105634367615,-4.92431594145263
"Clothes_No+Fur_Brown",2,5784,-0.0509774616238188,0.0546434871066885,-0.158078696352928,0.0561237731052906,-4.96999114880573
"Clothes_No+Fur_Brown",2,5785,-0.0485233897317887,0.0521451813936326,-0.150727945263309,0.0536811657997311,-4.73649428332303
"Clothes_No+Fur_Brown",2,5786,-0.0549282698192008,0.0451655822927394,-0.14345281111297,0.0335962714745683,-5.34469580607349
"Clothes_No+Fur_Brown",2,5787,-0.0592830266842135,0.0422802409479028,-0.142152298942103,0.0235862455736761,-5.75600042601817
"Clothes_No+Fur_Brown",2,5788,-0.0562429905430451,0.0467131000708096,-0.147800666681832,0.0353146855957417,-5.46905932655676
"Clothes_No+Fur_Brown",2,5789,-0.0544326596803499,0.0521250797000907,-0.156597815892528,0.0477324965318279,-5.29777205063496
"Clothes_No+Fur_Brown",2,5790,-0.0571740065727154,0.0462799516665383,-0.14788271183913,0.0335346986936997,-5.55702819105784
"Clothes_No+Fur_Brown",2,5791,-0.0512142160838659,0.0470142507244039,-0.143362147503698,0.0409337153359658,-4.99248726410667
"Clothes_No+Fur_Brown",2,5792,-0.0577777058158569,0.0458564415271912,-0.147656331209152,0.0321009195774379,-5.61402613512001
"Clothes_No+Fur_Brown",2,5793,-0.0612056546396293,0.0432850927565342,-0.146044436442436,0.0236331271631778,-5.93702249941757
"Clothes_No+Fur_Brown",2,5794,-0.0552357166373737,0.0466715785820759,-0.146712010658243,0.0362405773834951,-5.37379280505202
"Clothes_No+Fur_Brown",2,5796,-0.0533031026053433,0.0427925726469389,-0.137176544993344,0.030570339782657,-5.1907400410342
"Clothes_No+Fur_Brown",2,5797,-0.0556634361661902,0.0470074529899063,-0.147798044026407,0.0364711716940262,-5.41425762739286
"Clothes_No+Fur_Brown",2,5799,-0.0567034194163482,0.0436472199645689,-0.142251970546903,0.0288451317142069,-5.51257408256953
"Clothes_No+Fur_Brown",2,5800,-0.0567555165339529,0.0487887571271641,-0.152381480503194,0.0388704474352886,-5.51749647688733
"Clothes_No+Fur_Brown",2,5801,-0.0586546525320634,0.0458603926381201,-0.148541022102779,0.0312317170386521,-5.69676132247914
"Clothes_No+Fur_Brown",2,5802,-0.0548936528166303,0.047940583859211,-0.148857197180684,0.0390698915474233,-5.34141906644977
"Clothes_No+Fur_Brown",2,5803,-0.0562294045645478,0.048717371082715,-0.151715451886669,0.0392566427575737,-5.46777502250519
"Clothes_No+Fur_Brown",2,5804,-0.0552166931033114,0.0490735632786743,-0.151400877129513,0.0409674909228902,-5.37199266305378
"Clothes_No+Fur_Brown",2,5805,-0.0468026115964169,0.0560688648500878,-0.156697586702589,0.0630923635097552,-4.57242580334535
"Clothes_No+Fur_Brown",2,5807,-0.0531848029115984,0.0447649505519085,-0.140924105993339,0.0345545001701422,-5.17952347117157
"Clothes_No+Fur_Brown",2,5808,-0.0521922026780121,0.0476075817843271,-0.145503062975293,0.041118657619269,-5.08535791737637
"Clothes_No+Fur_Brown",2,5809,-0.0523402436421407,0.0492698288989821,-0.148909108284146,0.0442286209998642,-5.09940813247085
"Clothes_No+Fur_Brown",2,5811,-0.0564655685241422,0.0448658864511729,-0.144402705968441,0.0314715689201566,-5.49009749108013
"Clothes_No+Fur_Brown",2,5812,-0.05748181869193,0.044622129021587,-0.14494119157424,0.0299775541903806,-5.58609440865876
"Clothes_No+Fur_Brown",2,5813,-0.0572626764553408,0.0443415295780625,-0.144172074428343,0.0296467215176618,-5.56540206702215
"Clothes_No+Fur_Brown",2,5814,-0.0565525911853983,0.0496423496584835,-0.153851596516026,0.0407464141452294,-5.4983216364628
"Clothes_No+Fur_Brown",2,5816,-0.0570931779952179,0.0431143255549027,-0.141597256082827,0.0274109000923913,-5.54939419147339
"Clothes_No+Fur_Brown",2,5817,-0.0597801647625672,0.04477127699489,-0.147531867672552,0.0279715381474172,-5.80284106276597
"Clothes_No+Fur_Brown",2,5818,-0.0572084188571785,0.0450956965903801,-0.145595984174323,0.0311791464599665,-5.56027813354999
"Clothes_No+Fur_Brown",2,5820,-0.0567132122032552,0.0418198892208323,-0.138680195076087,0.0252537706695762,-5.51349937326634
"Clothes_No+Fur_Brown",2,5822,-0.0578736916559231,0.0444901452815612,-0.145074376407783,0.0293269930959369,-5.62308541732354
"Clothes_No+Fur_Brown",2,5823,-0.0511264696514443,0.0532730422339973,-0.155541632430079,0.0532886931271904,-4.984150328048
"Clothes_No+Fur_Brown",2,5824,-0.0482398707204346,0.0574260527340732,-0.160794934079218,0.064315192638349,-4.70948143921763
"Clothes_No+Fur_Brown",2,5825,-0.0525844019464272,0.0591228617827653,-0.168465211040647,0.0632964071477928,-5.12257607161954
"Clothes_No+Fur_Brown",2,5828,-0.0535113847791452,0.0554738663896995,-0.162240162902956,0.0552173933446658,-5.21048506345553
"Clothes_No+Fur_Brown",2,5829,-0.0515691537169201,0.0454390474890373,-0.140629686795433,0.037491379361593,-5.02620302194992
"Clothes_No+Fur_Brown",2,5830,-0.0516495102340039,0.0520701017302517,-0.153706909625297,0.0504078891572895,-5.03383447886654
"Clothes_No+Fur_Brown",2,5831,-0.0496405271239437,0.0593823212030008,-0.166029876681825,0.0667488224339378,-4.84285728556172
"Clothes_No+Fur_Brown",2,5832,-0.0473446574720356,0.0529392044268965,-0.151105498148753,0.0564161832046816,-4.62413790992574
"Clothes_No+Fur_Brown",2,5833,-0.049062837304622,0.0597394374294508,-0.166152134666346,0.0680264600571016,-4.78787009173803
"Clothes_No+Fur_Brown",2,5834,-0.0544359594290987,0.0451326209571537,-0.14289589650512,0.0340239776469225,-5.29808454367758
"Clothes_No+Fur_Brown",2,5835,-0.0531674883660273,0.0610442568310811,-0.172814231754946,0.0664792550228916,-5.17788168349628
"Clothes_No+Fur_Brown",2,5837,-0.0550913727206746,0.0452930000118409,-0.143865652743883,0.0336829073025335,-5.36013310185931
"Clothes_No+Fur_Brown",2,5838,-0.0490369811534695,0.0579404835833599,-0.162600328976855,0.064526366669916,-4.78540824068872
"Clothes_No+Fur_Brown",2,5839,-0.0535433046090027,0.0475816970665528,-0.146803430859446,0.0397168216414408,-5.21351068035573
"Clothes_No+Fur_Brown",2,5840,-0.0565688778284194,0.0451339932080988,-0.145031504516293,0.0318937488594543,-5.49986073902976
"Clothes_No+Fur_Brown",2,5841,-0.0574916409046601,0.0487003637025316,-0.152944353761622,0.0379610719523018,-5.58702175756985
"Clothes_No+Fur_Brown",2,5842,-0.0542221115377622,0.0498919527373529,-0.152010338902974,0.0435661158274495,-5.27783057319446
"Clothes_No+Fur_Brown",2,5843,-0.0534281953223648,0.0559417823030153,-0.163074088636275,0.0562176979915451,-5.20259924719564
"Clothes_No+Fur_Brown",2,5844,-0.0504062469376124,0.0560220733432779,-0.160209510690437,0.0593970168152123,-4.91569310567617
"Clothes_No+Fur_Brown",2,5845,-0.0520514115930612,0.0463997389075339,-0.142994899851828,0.0388920766657053,-5.0719938411905
"Clothes_No+Fur_Brown",2,5846,-0.0519155242942188,0.0537136499880261,-0.15719427827075,0.0533632296823124,-5.05909345436958
"Clothes_No+Fur_Brown",2,5847,-0.0566690264324009,0.050657434794825,-0.155957598630258,0.0426195457654561,-5.50932432216257
"Clothes_No+Fur_Brown",2,5848,-0.0590013872249754,0.0453044468062099,-0.147798102965147,0.029795328515196,-5.72945385883678
"Clothes_No+Fur_Brown",2,5849,-0.0508894164193339,0.0588444726796058,-0.166224582871361,0.0644457500326935,-4.9616238438991
"Clothes_No+Fur_Brown",2,5850,-0.0555116626963917,0.045380396094878,-0.144457239042352,0.0334339136495691,-5.3999009316243
"Clothes_No+Fur_Brown",2,5852,-0.0586148351188174,0.0430156548280659,-0.142925518581827,0.0256958483441918,-5.69300633669787
"Clothes_No+Fur_Brown",2,5853,-0.0555694595819915,0.044579244880961,-0.142944779548675,0.0318058603846921,-5.40536836472606
"Clothes_No+Fur_Brown",2,5854,-0.0576928549598165,0.0477563694989502,-0.151295339177759,0.0359096292581259,-5.60601706465593
"Clothes_No+Fur_Brown",2,5855,-0.0537014359524312,0.0489263858914891,-0.14959715229975,0.0421942803948875,-5.22849821022037
"Clothes_No+Fur_Brown",2,5856,-0.0493993459642138,0.0545365849018108,-0.156291052371763,0.0574923604433355,-4.81990440773568
"Clothes_No+Fur_Brown",2,5857,-0.0513710149892031,0.0594925920371072,-0.167976495381933,0.065234465403527,-5.00738317024106
"Clothes_No+Fur_Brown",2,5858,-0.0532428820293597,0.0456390838677968,-0.142695486410241,0.036209722351522,-5.18503040087371
"Clothes_No+Fur_Brown",2,5859,-0.0486001693775028,0.0583785561378476,-0.163022139407684,0.0658218006526784,-4.74380830075402
"Clothes_No+Fur_Brown",2,5860,-0.0577066285240786,0.0453002490866325,-0.146495116733878,0.0310818596857211,-5.60731719729209
"Clothes_No+Fur_Brown",2,5861,-0.056413574626068,0.0440748543530273,-0.142800289158001,0.0299731399058655,-5.48518342509244
"Clothes_No+Fur_Brown",2,5862,-0.0538859160656225,0.0490218347285455,-0.149968712133572,0.0421968800023267,-5.24598005502193
"Clothes_No+Fur_Brown",2,5863,-0.0574774096371829,0.0456131077686057,-0.14687910086365,0.0319242815892842,-5.58567813166243
"Clothes_No+Fur_Brown",2,5864,-0.0541779878056301,0.0462631733001947,-0.144853807474012,0.0364978318627514,-5.27365098535487
"Clothes_No+Fur_Brown",2,5865,-0.0559300263992688,0.0477081581572319,-0.149438016387443,0.0375779635889057,-5.43946990167553
"Clothes_No+Fur_Brown",2,5866,-0.0600898168623449,0.0435459718954259,-0.14543992177738,0.0252602880526898,-5.83200489526996
"Clothes_No+Fur_Brown",2,5867,-0.0479031039930356,0.0579627163591531,-0.161510028056976,0.0657038200709044,-4.67738535898715
"Clothes_No+Fur_Brown",2,5868,-0.0533720753130691,0.0474282652851177,-0.1463314752719,0.0395873246457616,-5.19727906690131
"Clothes_No+Fur_Brown",2,5869,-0.057914766129942,0.0490962539629464,-0.154143423897317,0.038313891637433,-5.62696181983839
"Clothes_No+Fur_Brown",2,5870,-0.0577040041801179,0.0468168769414036,-0.149465082985269,0.0340570746250331,-5.6070694781
"Clothes_No+Fur_Brown",2,5871,-0.0557853911370034,0.048341620563576,-0.150534967441612,0.0389641851676056,-5.42579212548427
"Clothes_No+Fur_Brown",2,5875,-0.0541810084585133,0.0458295059195791,-0.144006840060888,0.0356448231438619,-5.27393712034198
"Clothes_No+Fur_Brown",2,5876,-0.0577428415289746,0.0449182874799565,-0.145782684989689,0.0302970019317402,-5.6107353780849
"Clothes_No+Fur_Brown",2,5877,-0.0564813031581387,0.0472150864870209,-0.1490228726727,0.0360602663564222,-5.49158455810589
"Clothes_No+Fur_Brown",2,5878,-0.0557334379317423,0.048571338960322,-0.150933262293973,0.0394663864304888,-5.42087856461365
"Clothes_No+Fur_Brown",2,5879,-0.0542033737242316,0.0466357041751355,-0.145609353907497,0.037202606459034,-5.27605567021768
"Clothes_No+Fur_Brown",2,5880,-0.0597491917724517,0.0437387678345801,-0.145477176728229,0.0259787931833253,-5.79992344990994
"Clothes_No+Fur_Brown",2,5881,-0.0540411250111191,0.0465768761188136,-0.145331802203994,0.0372495521817554,-5.26068558529471
"Clothes_No+Fur_Brown",2,5882,-0.0584069491995707,0.0393127784069972,-0.135459994877285,0.0186460964781438,-5.67339920267585
"Clothes_No+Fur_Brown",2,5883,-0.055720470770739,0.044603533709977,-0.143143396842294,0.0317024553008159,-5.41965213396681
"Clothes_No+Fur_Brown",2,5884,-0.0544832257890583,0.043832202059108,-0.14039434182491,0.0314278902467934,-5.30256065271688
"Clothes_No+Fur_Brown",2,5885,-0.0567252714478265,0.0453890203032851,-0.145687751242265,0.0322372083466124,-5.51463880221574
"Clothes_No+Fur_Brown",2,5886,-0.0596733048979075,0.0487294694042426,-0.155183064930223,0.035836455134408,-5.79277462927132
"Clothes_No+Fur_Brown",2,5887,-0.055724442213412,0.0433668797732082,-0.1407235265689,0.0292746421420761,-5.42002775365047
"Clothes_No+Fur_Brown",2,5888,-0.0522638706126318,0.0478523963307016,-0.146054567420807,0.0415268261955433,-5.09216000999072
"Clothes_No+Fur_Brown",2,5889,-0.052487962680072,0.0433457845667515,-0.137445700430905,0.0324697750707611,-5.11342572124277
"Clothes_No+Fur_Brown",2,5890,-0.056279397780448,0.0440330688661155,-0.142584212758034,0.0300254171971383,-5.47250087430677
"Clothes_No+Fur_Brown",2,5891,-0.0592586424049531,0.0453136563160771,-0.148073408784464,0.0295561239745579,-5.7537023259953
"Clothes_No+Fur_Brown",2,5892,-0.0582519304462051,0.0485848743413685,-0.153478284155287,0.0369744232628771,-5.65877567717997
"Clothes_No+Fur_Brown",2,5893,-0.0556913928293777,0.0431900582869014,-0.140343907071704,0.028961121412949,-5.41690189217213
"Clothes_No+Fur_Brown",2,5894,-0.0554963608214221,0.0442435961989172,-0.1422138093713,0.0312210877284557,-5.398453361661
"Clothes_No+Fur_Brown",2,5895,-0.0526565455465908,0.047258598216409,-0.145283398050752,0.0399703069575707,-5.12942062365771
"Clothes_No+Fur_Brown",2,5897,-0.0543448199589743,0.0503306671973735,-0.152992927665826,0.0443032877478777,-5.28945306795504
"Clothes_No+Fur_Brown",2,5898,-0.0622970476234487,0.0438310798150088,-0.148205964060866,0.0236118688139685,-6.03962617244983
"Clothes_No+Fur_Brown",2,5899,-0.0588812992528308,0.0467351983761196,-0.150482288070025,0.0327196895643635,-5.71813242034704
"Clothes_No+Fur_Brown",2,5900,-0.055872399944794,0.0485881859197832,-0.151105244347569,0.0393604444579811,-5.434020556581
"Clothes_No+Fur_Brown",2,5902,-0.0492381921579257,0.0566900208750757,-0.160350633073074,0.0618742487572226,-4.80456453704204
"Clothes_No+Fur_Brown",2,5903,-0.0479876496446321,0.061827051809277,-0.169168671190815,0.0731933719015509,-4.685444130882
"Clothes_No+Fur_Brown",2,5905,-0.0477147623890309,0.0558693766777093,-0.157218740677341,0.0617892158992794,-4.65943045407302
"Clothes_No+Fur_Brown",2,5906,-0.0564738080263694,0.0479306829281524,-0.150417946565548,0.0374703305128093,-5.49087620242423
"Clothes_No+Fur_Brown",2,5907,-0.0492655548130341,0.0591990675886734,-0.165295727286834,0.0667646176607656,-4.80716930127372
"Clothes_No+Fur_Brown",2,5908,-0.0510286703408222,0.059212593354444,-0.167085353315532,0.0650280126338881,-4.9748573890378
"Clothes_No+Fur_Brown",2,5909,-0.050700828339604,0.0561619799199654,-0.160778308982736,0.0593766523035282,-4.94369904889096
"Clothes_No+Fur_Brown",2,5911,-0.0574141376596211,0.0448871922239817,-0.145393034418625,0.030564759099383,-5.57970416181722
"Clothes_No+Fur_Brown",2,5912,-0.0600741152044022,0.0469588787288651,-0.152113517512978,0.0319652871041734,-5.83052629001343
"Clothes_No+Fur_Brown",2,5913,-0.0476865714238383,0.0552244701519191,-0.1559265329216,0.0605533900739232,-4.65674267351013
"Clothes_No+Fur_Brown",2,5914,-0.0565710916238111,0.0488701942112043,-0.152356672277771,0.0392144890301493,-5.500069942771
"Clothes_No+Fur_Brown",2,5915,-0.0559105027734655,0.0483430197148863,-0.150662821414643,0.0388418158677116,-5.4376237192481
"Clothes_No+Fur_Brown",2,5916,-0.0475422359097634,0.0546119520104643,-0.154581661850273,0.0594971900307466,-4.64298026227187
"Clothes_No+Fur_Brown",2,5917,-0.0483796941028086,0.0563714610631113,-0.158867757786507,0.0621083695808895,-4.72280435038203
"Clothes_No+Fur_Brown",2,5918,-0.0498174358005623,0.0588478414425239,-0.165159205027909,0.0655243334267845,-4.85968992078663
"Clothes_No+Fur_Brown",2,5919,-0.0453975678837666,0.0521409007189264,-0.147593733292862,0.0567985975253293,-4.43825165200629
"Clothes_No+Fur_Brown",2,5920,-0.050036575186849,0.0531132845224662,-0.154138612850883,0.0540654624771848,-4.88053662569803
"Clothes_No+Fur_Brown",2,5921,-0.0534637751872206,0.0450888517322893,-0.141837924582508,0.0349103742080665,-5.20597206590053
"Clothes_No+Fur_Brown",2,5922,-0.0525815926571601,0.0547850474168744,-0.159960285594234,0.0547971002799138,-5.12230953311642
"Clothes_No+Fur_Brown",2,5923,-0.0519880415307619,0.0612663600354217,-0.172070107200189,0.0680940241386647,-5.06597805691799
"Clothes_No+Fur_Brown",2,5924,-0.0589511245587243,0.0438532883021455,-0.14490356963093,0.0270013205134809,-5.72471545075727
"Clothes_No+Fur_Brown",2,5925,-0.05250888751429,0.057461613351026,-0.165133649682301,0.0601158746537209,-5.11541118630624
"Clothes_No+Fur_Brown",2,5926,-0.0545654450210876,0.0476821097490238,-0.148022380129174,0.0388914900869991,-5.31034628338648
"Clothes_No+Fur_Brown",2,5927,-0.0534750611677701,0.0480378326633685,-0.147629213187972,0.0406790908524322,-5.20704190341891
"Clothes_No+Fur_Brown",2,5928,-0.0562504055675832,0.039526413147572,-0.133722175336824,0.0212213642016579,-5.4697602732027
"Clothes_No+Fur_Brown",2,5931,-0.0544922393908062,0.043929537937365,-0.140594133748042,0.0316096549664291,-5.30341421387487
"Clothes_No+Fur_Brown",2,5932,-0.0516377955218383,0.0485358294055016,-0.146768021156622,0.0434924301129449,-5.03272197105564
"Clothes_No+Fur_Brown",2,5933,-0.0562635825964589,0.0447048618431471,-0.143885111809027,0.0313579466161094,-5.4710058926944
"Clothes_No+Fur_Brown",2,5934,-0.0542122816602421,0.0479738556435888,-0.148241038721676,0.0398164754011919,-5.27689946129422
"Clothes_No+Fur_Brown",2,5935,-0.0567071249638878,0.0472657659993503,-0.149348026322614,0.0359337763948388,-5.51292420956946
"Clothes_No+Fur_Brown",2,5936,-0.0536434656535889,0.057432286683856,-0.166210747553947,0.0589238162467689,-5.22300411869435
"Clothes_No+Fur_Brown",2,5937,-0.0486604817333855,0.0586664913620949,-0.163646804803091,0.0663258413363204,-4.74955325284028
"Clothes_No+Fur_Brown",2,5938,-0.0564146256829581,0.0456302925382821,-0.145849999057991,0.0330207476920747,-5.48528276548943
"Clothes_No+Fur_Brown",2,5939,-0.0560004469533643,0.050515622331195,-0.155011066722506,0.0430101728157779,-5.44612867214072
"Clothes_No+Fur_Brown",2,5940,-0.0578741385675828,0.04404880565221,-0.144209797645914,0.0284615205107489,-5.62312759545764
"Clothes_No+Fur_Brown",2,5941,-0.0609182934898698,0.0451616634207933,-0.149435153794625,0.0275985668148851,-5.9099885699887
"Clothes_No+Fur_Brown",2,5942,-0.0520387345744415,0.0605807613114277,-0.17077702674484,0.0666995575959568,-5.07079042946108
"Clothes_No+Fur_Brown",2,5943,-0.0527080735396604,0.0471444973229017,-0.145111288292548,0.0396951412132268,-5.13430898826943
"Clothes_No+Fur_Brown",2,5944,-0.048402597087769,0.0545742243645839,-0.155368076842353,0.0585628826668154,-4.72498645757258
"Clothes_No+Fur_Brown",2,5945,-0.0503392412120517,0.0513731011130457,-0.151030519393621,0.0503520369695179,-4.9093216992453
"Clothes_No+Fur_Brown",2,5946,-0.0557120443572822,0.0438381644204517,-0.141634846621367,0.0302107579068031,-5.41885515749297
"Clothes_No+Fur_Brown",2,5947,-0.0554955179261565,0.0461153205696097,-0.145881546242592,0.0348905103902785,-5.39837362243162
"Clothes_No+Fur_Brown",2,5948,-0.0571279678642957,0.0426311983463357,-0.140685116623114,0.0264291808945224,-5.552680058526
"Clothes_No+Fur_Brown",2,5949,-0.0567883175599007,0.0431992617911876,-0.141458870670628,0.0278822355508269,-5.52059554911035
"Clothes_No+Fur_Brown",2,5950,-0.0510335576748949,0.0569003207209506,-0.162558186287958,0.0604910709381683,-4.97532180752016
"Clothes_No+Fur_Brown",2,5952,-0.0543578275204453,0.0486929340771792,-0.149795978311717,0.041080323270826,-5.29068501320389
"Clothes_No+Fur_Brown",2,5953,-0.053996497409465,0.0462695855653809,-0.144684885117612,0.0366918902986816,-5.25645750256612
"Clothes_No+Fur_Brown",2,5954,-0.056681429255005,0.0450985140141081,-0.145074516722657,0.0317116582126469,-5.51049626598302
"Clothes_No+Fur_Brown",2,5955,-0.0570759998564918,0.0480658458872703,-0.151285057795541,0.0371330580825579,-5.54777169192833
"Clothes_No+Fur_Brown",2,5956,-0.0556271423123748,0.0445251414284113,-0.142896419512061,0.0316421348873114,-5.41082468398918
"Clothes_No+Fur_Brown",2,5957,-0.0571542875838958,0.0453895194294164,-0.146117745665552,0.0318091704977603,-5.555165852791
"Clothes_No+Fur_Brown",2,5958,-0.0582066306702252,0.0468520404972128,-0.150036630044762,0.0336233687043119,-5.65450194405364
"Clothes_No+Fur_Brown",2,5959,-0.0587833480002437,0.0470588009145386,-0.151018597792739,0.0334519017922519,-5.70889694101536
"Clothes_No+Fur_Brown",2,5960,-0.0557757151883845,0.0450493523750058,-0.144072445843396,0.0325210154666269,-5.42487702588099
"Clothes_No+Fur_Brown",2,5961,-0.055282976595241,0.045026527405195,-0.143534970309423,0.0329690171189412,-5.37826472994488
"Clothes_No+Fur_Brown",2,5962,-0.0525574205192667,0.0453717300236394,-0.1414860113656,0.0363711703270665,-5.12001610878108
"Clothes_No+Fur_Brown",2,5963,-0.0569963145635996,0.0454862458887011,-0.146149356505454,0.0321567273782546,-5.54024493856948
"Clothes_No+Fur_Brown",2,5964,-0.0549324364455702,0.0438009023291251,-0.140782205010655,0.0309173321195149,-5.3450901985383
"Clothes_No+Fur_Brown",2,5965,-0.055293991789506,0.0434951125061485,-0.140544412301557,0.0299564287225451,-5.37930700100014
"Clothes_No+Fur_Brown",2,5968,-0.0558278199447182,0.0449297541007232,-0.143890137982136,0.0322344980926992,-5.42980471123975
"Clothes_No+Fur_Brown",2,5969,-0.0592865741598454,0.039526847812914,-0.136759195873157,0.0181860475534661,-5.75633475371711
"Clothes_No+Fur_Brown",2,5970,-0.0556248806889455,0.0459400813579425,-0.145667440150513,0.0344176787726219,-5.41061075865221
"Clothes_No+Fur_Brown",2,5971,-0.0547380390585205,0.0465418134263187,-0.145959993374105,0.0364839152570642,-5.32668774276477
"Clothes_No+Fur_Brown",2,5973,-0.054008821272012,0.0461089758183855,-0.144382413876048,0.0363647713320235,-5.25762510176641
"Clothes_No+Fur_Brown",2,5974,-0.0577087036047836,0.0432638999249395,-0.142505947457665,0.0270885402480977,-5.60751306952365
"Clothes_No+Fur_Brown",2,5975,-0.053506703087194,0.05629362585474,-0.163842209762485,0.0568288035880964,-5.21004128710758
"Clothes_No+Fur_Brown",2,5976,-0.0497559489537974,0.0598946775266456,-0.167149516906023,0.0676376189984279,-4.85383986327067
"Clothes_No+Fur_Brown",2,5977,-0.0511897593187754,0.0534773386298735,-0.156005343033327,0.0536258243957766,-4.99016365927204
"Clothes_No+Fur_Brown",2,5978,-0.0502831832026,0.0560195808719066,-0.160081561711537,0.0595151953063368,-4.90399095568831
"Clothes_No+Fur_Brown",2,5979,-0.0492648406786559,0.055908685411934,-0.158845864086047,0.0603161827287348,-4.80710132077649
"Clothes_No+Fur_Brown",2,5980,-0.0508621363161751,0.0533724459637376,-0.155472130405101,0.0537478577727506,-4.95903115182922
"Clothes_No+Fur_Brown",2,5981,-0.0484620351312395,0.056858528126976,-0.159904750260112,0.0629806799976336,-4.73064924967485
"Clothes_No+Fur_Brown",2,5982,-0.0492816790767972,0.0536702298793497,-0.154475329640323,0.0559119714867281,-4.80870420320965
"Clothes_No+Fur_Brown",2,5983,-0.0490299354806231,0.0581644775114185,-0.163032311403003,0.0649724404417572,-4.78473738746167
"Clothes_No+Fur_Brown",2,5984,-0.0533202250759939,0.0563164712589963,-0.163700508743627,0.057060058591639,-5.19236339590728
"Clothes_No+Fur_Brown",2,5985,-0.0490467931831688,0.0563797791527562,-0.159551160322571,0.0614575739562334,-4.78634248450743
"Clothes_No+Fur_Brown",2,5986,-0.0497077779843406,0.0571574224834269,-0.161736326051857,0.0623207700831761,-4.84925647010443
"Clothes_No+Fur_Brown",2,5987,-0.0500026794529875,0.0572233635645084,-0.162160472039424,0.062155113133449,-4.87731242703946
"Clothes_No+Fur_Brown",2,5988,-0.0473667825321875,0.061574985932176,-0.168053754959252,0.0733201898948774,-4.62624808326758
"Clothes_No+Fur_Brown",2,5990,-0.0470834625389699,0.056503050440911,-0.157829441403155,0.0636625163252156,-4.59922296432391
"Clothes_No+Fur_Brown",2,5991,-0.049865021037418,0.0520678124253791,-0.151917933391161,0.0521878913163251,-4.86421708726227
"Clothes_No+Fur_Brown",2,5992,-0.0565137557092232,0.054772120257449,-0.163867111413823,0.0508395999953768,-5.49465154751983
"Clothes_No+Fur_Brown",2,5993,-0.0491424792972769,0.0588517517307949,-0.164491912689635,0.0662069540950811,-4.79545267353888
"Clothes_No+Fur_Brown",2,5994,-0.0586157733591536,0.0457148247628715,-0.148216829894382,0.0309852831760745,-5.69309481928181
"Clothes_No+Fur_Brown",2,5995,-0.05820390874788,0.0425324441769173,-0.141567499334638,0.025159681838878,-5.65424514258481
"Clothes_No+Fur_Brown",2,5996,-0.0572760105370384,0.0496080284522806,-0.154507746303508,0.0399557252294315,-5.56666125727099
"Clothes_No+Fur_Brown",2,5997,-0.0570587279257964,0.0439995459815577,-0.143297838049649,0.0291803821980567,-5.5461403054984
"Clothes_No+Fur_Brown",2,5999,-0.0551943563670761,0.0433576835883072,-0.140175416200158,0.029786703466006,-5.36987895860688
"Clothes_No+Fur_Brown",2,6000,-0.0525217714001731,0.0505227950322157,-0.151546449663316,0.0465029068629697,-5.11663366064545
"Clothes_No+Fur_Brown",2,6001,-0.055213701105804,0.0442050111909025,-0.141855523039973,0.031428120828365,-5.37170953586814
"Clothes_No+Fur_Brown",2,6002,-0.0551883851573367,0.0458072193732839,-0.144970535128973,0.0345937648142997,-5.36931390061944
"Clothes_No+Fur_Brown",2,6003,-0.0571716527919504,0.0436284814069182,-0.14268347634951,0.0283401707656092,-5.5568058927458
"Clothes_No+Fur_Brown",2,6004,-0.058653336224279,0.0423509560894254,-0.141661210159553,0.0243545377109948,-5.69663719031027
"Clothes_No+Fur_Brown",2,6005,-0.0572649042410415,0.0459679967446913,-0.147362177860636,0.0328323693785536,-5.56561244683473
"Clothes_No+Fur_Brown",2,6006,-0.0496399275829318,0.0538645916677594,-0.15521452725174,0.0559346720858767,-4.84280023493499
"Clothes_No+Fur_Brown",2,6008,-0.0589006578584948,0.0452993347781651,-0.147687354023698,0.0298860383067088,-5.71995756817657
"Clothes_No+Fur_Brown",2,6009,-0.0556634907280063,0.0482491706831452,-0.150231865266971,0.0389048838109583,-5.4142627881626
"Clothes_No+Fur_Brown",2,6010,-0.051209737823761,0.0576767396866722,-0.164256147609639,0.0618366719621165,-4.99206179480004
"Clothes_No+Fur_Brown",2,6011,-0.0486539102395392,0.0575485841547219,-0.161449135182794,0.0641413147037157,-4.74892731305895
"Clothes_No+Fur_Brown",2,6012,-0.0551257106090837,0.0451899885202175,-0.14369808810871,0.0334466668905426,-5.36338277925407
"Clothes_No+Fur_Brown",2,6014,-0.0540125429653063,0.0482558769335636,-0.148594061755091,0.0405689758244782,-5.25797770317161
"Clothes_No+Fur_Brown",2,6015,-0.0573728367931816,0.04413558490686,-0.143878583210627,0.029132909624264,-5.57580444125926
"Clothes_No+Fur_Brown",2,6016,-0.0549011323821852,0.0470459607158577,-0.147111215385266,0.0373089506208959,-5.34212706886341
"Clothes_No+Fur_Brown",2,6017,-0.0532027718479234,0.0564228185160712,-0.163791496139423,0.0573859524435762,-5.18122727896876
"Clothes_No+Fur_Brown",2,6019,-0.0504198933436191,0.0597122002440199,-0.167455805821898,0.06661601913466,-4.91699065587944
"Clothes_No+Fur_Brown",2,6021,-0.056985026724246,0.0476345053610895,-0.150348657231981,0.0363786037834894,-5.53917868601114
"Clothes_No+Fur_Brown",2,6022,-0.0533723259070025,0.0542091564017634,-0.159622272454459,0.0528776206404538,-5.19730282388505
"Clothes_No+Fur_Brown",2,6023,-0.0566186379299307,0.0504562495893155,-0.155512887124989,0.0422756112651276,-5.50456295855979
"Clothes_No+Fur_Brown",2,6024,-0.0511982316587999,0.0597407106561701,-0.168290024544893,0.0658935612272934,-4.99096861150128
"Clothes_No+Fur_Brown",2,6025,-0.0636416982461958,0.0421339350286642,-0.146224210902378,0.018940814409986,-6.16588514150599
"Clothes_No+Fur_Brown",2,6027,-0.0548899789737406,0.0495768374335272,-0.152060580343454,0.0422806223959728,-5.34107130505644
"Clothes_No+Fur_Brown",2,6028,-0.0493921020821031,0.0569639478705776,-0.161041439908435,0.062257235744229,-4.81921493184669
"Clothes_No+Fur_Brown",2,6029,-0.045763751145869,0.0617095171020274,-0.166714404665843,0.0751869023741047,-4.47323835858444
"Clothes_No+Fur_Brown",2,6030,-0.0474164175844616,0.0560361081329534,-0.15724718952505,0.0624143543561269,-4.63098184694828
"Clothes_No+Fur_Brown",2,6031,-0.0499436031424428,0.0509371857328157,-0.149780487178761,0.0498932808938759,-4.8716927636157
"Clothes_No+Fur_Brown",2,6032,-0.0490903585353306,0.0496985623993458,-0.146499540838048,0.0483188237673873,-4.79049041067413
"Clothes_No+Fur_Brown",2,6033,-0.0502937759539281,0.058144026584204,-0.164256068058968,0.0636685161511117,-4.90499827872923
"Clothes_No+Fur_Brown",2,6034,-0.050997408878728,0.0581451616037853,-0.164961925622147,0.0629671078646912,-4.97188671771055
"Clothes_No+Fur_Brown",2,6035,-0.0484017246230031,0.055077135154963,-0.15635290952673,0.0595494602807243,-4.72490333344392
"Clothes_No+Fur_Brown",2,6036,-0.0555486562666156,0.0437179313765145,-0.141235801764584,0.0301384892313529,-5.40340046230191
"Clothes_No+Fur_Brown",2,6037,-0.0576154197756553,0.0495883068116823,-0.154808501126553,0.039577661575242,-5.59870736619336
"Clothes_No+Fur_Brown",2,6038,-0.0543105776905123,0.0557936064633257,-0.163666046358631,0.0550448909776062,-5.28620990845455
"Clothes_No+Fur_Brown",2,6039,-0.0570687907599464,0.0450169582785086,-0.145302028985823,0.0311644474659304,-5.54709077424113
"Clothes_No+Fur_Brown",2,6040,-0.0543007150361132,0.0468918293289188,-0.146208700520794,0.0376072704485676,-5.28527577446954
"Clothes_No+Fur_Brown",2,6041,-0.0543036497265461,0.044854578033257,-0.14221862267173,0.0336113232186376,-5.28555373245672
"Clothes_No+Fur_Brown",2,6042,-0.0571273672352868,0.0446370870760779,-0.144616057904399,0.0303613234338259,-5.55262333070881
"Clothes_No+Fur_Brown",2,6043,-0.0587238075603517,0.0434912769613321,-0.143966710404563,0.0265190952838593,-5.70328264012401
"Clothes_No+Fur_Brown",2,6044,-0.0567998252506087,0.0445955207936584,-0.144207046006179,0.0306073955049617,-5.52168278261926
"Clothes_No+Fur_Brown",2,6045,-0.0567987335765161,0.0452777211263594,-0.14554306698418,0.0319455998311483,-5.52157964303175
"Clothes_No+Fur_Brown",2,6046,-0.0571483096259262,0.0462092856148778,-0.147718509431087,0.0334218901792343,-5.55460126385449
"Clothes_No+Fur_Brown",2,6047,-0.0537365712429729,0.0472718485317208,-0.146389394365146,0.0389162518791998,-5.23182797597435
"Clothes_No+Fur_Brown",2,6048,-0.0475933390477162,0.0574036381931169,-0.160104469906225,0.0649177918107929,-4.64785318069453
"Clothes_No+Fur_Brown",2,6049,-0.0506248205931297,0.0573717662929867,-0.163073482527384,0.0618238413411243,-4.93647375908196
"Clothes_No+Fur_Brown",2,6051,-0.0522605133255968,0.0572722738658725,-0.164514170102707,0.0599931434515134,-5.09184137659513
"Clothes_No+Fur_Brown",2,6052,-0.0531106309853978,0.0463946593773802,-0.144044163365063,0.0378229013942675,-5.1724901929515
"Clothes_No+Fur_Brown",2,6053,-0.0565885873257721,0.045793430567148,-0.146343711237382,0.0331665365858381,-5.50172327091951
"Clothes_No+Fur_Brown",2,6055,-0.0560136718973442,0.0456482750583803,-0.14548429101177,0.0334569472170812,-5.44737913352344
"Clothes_No+Fur_Brown",2,6056,-0.0606097591494469,0.0396587472281755,-0.138340903716671,0.017121385417777,-5.88095409153525
"Clothes_No+Fur_Brown",2,6058,-0.0566157725177042,0.0480081171227567,-0.150711682078307,0.037480137042899,-5.5042921897912
"Clothes_No+Fur_Brown",2,6060,-0.0576374978246526,0.0445101359839291,-0.144877364353154,0.0296023687038483,-5.6007915395502
"Clothes_No+Fur_Brown",2,6061,-0.0517355189231338,0.0468329737411787,-0.143528147455844,0.0400571096095763,-5.04200204302893
"Clothes_No+Fur_Brown",2,6062,-0.0521751174850376,0.0420639984642658,-0.134620554474999,0.0302703195049233,-5.08373626854722
"Clothes_No+Fur_Brown",2,6063,-0.0560679819893862,0.0427308974739809,-0.139820541038389,0.0276845770596164,-5.4525141556225
"Clothes_No+Fur_Brown",2,6064,-0.0558190749435405,0.0445440643246314,-0.143125441019818,0.031487291132737,-5.42897769115443
"Clothes_No+Fur_Brown",2,6065,-0.0571917980329938,0.0449711867205803,-0.145335324005331,0.0309517279393437,-5.55870845449214
"Clothes_No+Fur_Brown",2,6066,-0.0579673151384128,0.0433316789751563,-0.142897405929719,0.0269627756528936,-5.63192089912266
"Clothes_No+Fur_Brown",2,6067,-0.0597607997440266,0.0460373943698714,-0.149994092708975,0.0304724932209213,-5.80101691537441
"Clothes_No+Fur_Brown",2,6068,-0.0572621074741341,0.0415770088792117,-0.138753044877389,0.0242288299291208,-5.56534833549538
"Clothes_No+Fur_Brown",2,6070,-0.0601212000893712,0.049825897386495,-0.157779958966901,0.037537558788159,-5.83496014446607
"Clothes_No+Fur_Brown",2,6072,-0.059275681057709,0.0462649114616953,-0.149954907522632,0.0314035454072138,-5.75530814225439
"Clothes_No+Fur_Brown",2,6073,-0.0571062812696125,0.0401223695395805,-0.13574612556719,0.0215335630279653,-5.55063179556968
"Clothes_No+Fur_Brown",2,6074,-0.0552027856291189,0.0482512100825755,-0.149775157390967,0.039369586132729,-5.37067661733245
"Clothes_No+Fur_Brown",2,6075,-0.0503167753667398,0.0526129338278815,-0.153438125669388,0.0528045749359079,-4.907185382779
"Clothes_No+Fur_Brown",2,6076,-0.0589189643380767,0.040789158341148,-0.138865714686727,0.0210277860105734,-5.72168348805051
"Clothes_No+Fur_Brown",2,6077,-0.0465565027728479,0.059619555697703,-0.163410831940346,0.07029782639465,-4.5489373450839
"Clothes_No+Fur_Brown",2,6078,-0.0607766290204178,0.0436355329094036,-0.146302273522849,0.0247490154820132,-5.89665841425631
"Clothes_No+Fur_Brown",2,6079,-0.0569523240322129,0.0407738534999732,-0.13686907689216,0.0229644288277347,-5.53608951235064
"Clothes_No+Fur_Brown",2,6081,-0.0565307700148987,0.0461855598121227,-0.147054467246659,0.0339929272168618,-5.49625947672744
"Clothes_No+Fur_Brown",2,6082,-0.059574567347902,0.0387704418394395,-0.135564633353204,0.0164154986573994,-5.78347237941229
"Clothes_No+Fur_Brown",2,6083,-0.0503266865385536,0.0513458340102851,-0.150964521198712,0.0503111481216053,-4.9081278593324
"Clothes_No+Fur_Brown",2,6084,-0.0541422021834127,0.054773214554197,-0.161497702709639,0.0532132983428134,-5.2702610833605
"Clothes_No+Fur_Brown",2,6085,-0.0507254267113778,0.0503449908155117,-0.149401608709781,0.0479507552870251,-4.9460372503631
"Clothes_No+Fur_Brown",2,6086,-0.0521520040680373,0.0498200039301053,-0.149799211771044,0.0454952036349691,-5.08154240400973
"Clothes_No+Fur_Brown",2,6087,-0.0483666042284323,0.0537549429524064,-0.153726292415149,0.0569930839582842,-4.72155717569739
"Clothes_No+Fur_Brown",2,6088,-0.0498816699272626,0.0564798885229463,-0.160582251432237,0.0608189115777121,-4.86580097924721
"Clothes_No+Fur_Brown",2,6089,-0.0474657586624035,0.0593593352512608,-0.163810055754875,0.0688785384300677,-4.63568734101818
"Clothes_No+Fur_Brown",2,6090,-0.0510848232518251,0.0575317929965721,-0.163847137525106,0.0616774910214561,-4.98019317760244
"Clothes_No+Fur_Brown",2,6091,-0.0502932719717492,0.0511836831229706,-0.150613290892772,0.0500267469492733,-4.90495035253099
"Clothes_No+Fur_Brown",2,6092,-0.0458198260668452,0.0611487208481862,-0.16567131892929,0.0740316667955997,-4.4785948640104
"Clothes_No+Fur_Brown",2,6093,-0.0465899829046921,0.0571564401439044,-0.158616605586745,0.0654366397773606,-4.55213300575038
"Clothes_No+Fur_Brown",2,6094,-0.0523448395643784,0.0551907532710622,-0.16051871597566,0.0558290368469035,-5.09984428720911
"Clothes_No+Fur_Brown",2,6096,-0.0566380134309354,0.0446182671119584,-0.144089816970374,0.030813790108503,-5.50639383725797
"Clothes_No+Fur_Brown",2,6097,-0.050863956023322,0.0539754495286086,-0.156655837099395,0.054927925052751,-4.95920409840211
"Clothes_No+Fur_Brown",2,6098,-0.0568988357358591,0.0459449627389762,-0.146950962704253,0.0331532912325343,-5.53103666357881
"Clothes_No+Fur_Brown",2,6099,-0.0562046919415891,0.0494857845140807,-0.153196829589187,0.040787445706009,-5.46543885440558
"Clothes_No+Fur_Brown",2,6100,-0.0515467168714382,0.0567396232496578,-0.162756378440768,0.0596629446978912,-5.02407208563663
"Clothes_No+Fur_Brown",2,6101,-0.054726479609394,0.041678015831811,-0.136415390639744,0.0269624314209556,-5.3255933651029
"Clothes_No+Fur_Brown",2,6102,-0.0514010878721269,0.0567465777119708,-0.16262438018759,0.0598222044433359,-5.0102398291314
"Clothes_No+Fur_Brown",2,6103,-0.0503709400732682,0.0596204762544325,-0.167227073531956,0.0664851933854195,-4.91233591768584
"Clothes_No+Fur_Brown",2,6104,-0.0563556228033671,0.0464862272089402,-0.14746862813289,0.0347573825261557,-5.4797059604867
"Clothes_No+Fur_Brown",2,6105,-0.046937425405278,0.0578775694083678,-0.160377461445679,0.0665026106351228,-4.58528989094536
"Clothes_No+Fur_Brown",2,6106,-0.0533226470307069,0.0461861034065595,-0.143847409707563,0.0372021156461497,-5.19259301543152
"Clothes_No+Fur_Brown",2,6108,-0.0465641597360762,0.05920328911239,-0.162602606396361,0.0694742869242082,-4.54966820756265
"Clothes_No+Fur_Brown",2,6109,-0.0547332466800173,0.0489104507698198,-0.150597730188864,0.0411312368288295,-5.3262340313311
"Clothes_No+Fur_Brown",2,6110,-0.0561475271074407,0.0470980241849034,-0.148459654509851,0.03616460029497,-5.46003464743258
"Clothes_No+Fur_Brown",2,6111,-0.0535860499697597,0.0452238400844037,-0.142224776535191,0.0350526765956715,-5.21756227644251
"Clothes_No+Fur_Brown",2,6112,-0.0564701695725388,0.0457727523746893,-0.14618476422693,0.0332444250818523,-5.49053233471515
"Clothes_No+Fur_Brown",2,6113,-0.0479163480401743,0.0585436211839365,-0.16266184556069,0.0668291494803413,-4.67864780782886
"Clothes_No+Fur_Brown",2,6114,-0.0549743310108872,0.055891557008533,-0.164521782747612,0.0545731207258374,-5.34905564177371
"Clothes_No+Fur_Brown",2,6115,-0.0524063676181903,0.0585282435742203,-0.167121725023662,0.0623089897872815,-5.10568312946843
"Clothes_No+Fur_Brown",2,6116,-0.0503099898653911,0.053184411764498,-0.154551436923807,0.053931457193025,-4.90654012816798
"Clothes_No+Fur_Brown",2,6117,-0.0581209927344398,0.0444807628408765,-0.145303287902558,0.0290613024336781,-5.64642204438145
"Clothes_No+Fur_Brown",2,6118,-0.0583951518344449,0.0428747141560688,-0.14242959158034,0.02563928791145,-5.67228639076106
"Clothes_No+Fur_Brown",2,6120,-0.0520167675097057,0.0491816837951428,-0.148412867748186,0.0443793327287743,-5.06870509046482
"Clothes_No+Fur_Brown",2,6121,-0.0537283038236383,0.0487347386185698,-0.149248391516035,0.0417917838687585,-5.23104448451792
"Clothes_No+Fur_Brown",2,6122,-0.0558900660852684,0.0469113905424805,-0.14783639154853,0.0360562593779933,-5.43569115770136
"Clothes_No+Fur_Brown",2,6123,-0.0556649960838826,0.042860859650164,-0.139672280998204,0.0283422888304388,-5.41440517325077
"Clothes_No+Fur_Brown",2,6124,-0.0570339014029639,0.0483233158402391,-0.151747600449832,0.0376797976439048,-5.54379531548522
"Clothes_No+Fur_Brown",2,6125,-0.0604063283874379,0.0444696793216337,-0.14756689985784,0.0267542430829641,-5.86180543465964
"Clothes_No+Fur_Brown",2,6127,-0.0534454025035127,0.0461927550912089,-0.143983202482282,0.0370923974752568,-5.20423042920868
"Clothes_No+Fur_Brown",2,6128,-0.0556495651727322,0.0470593428799905,-0.147885877217514,0.0365867468720492,-5.41294562007979
"Clothes_No+Fur_Brown",2,6129,-0.0517665833299666,0.0553149496260122,-0.16018388459695,0.0566507179370172,-5.04495181109285
"Clothes_No+Fur_Brown",2,6130,-0.0558325677864311,0.0443214138211416,-0.142702538875869,0.0310374033030064,-5.43025371449184
"Clothes_No+Fur_Brown",2,6131,-0.0539033212643523,0.0424065166192866,-0.137020093838154,0.0292134513094496,-5.24762925321716
"Clothes_No+Fur_Brown",2,6132,-0.0550415989025628,0.0450003276184665,-0.143242241034757,0.0331590432296315,-5.35542239710429
"Clothes_No+Fur_Brown",2,6134,-0.0528817715387341,0.044721417855209,-0.140535750534944,0.0347722074574756,-5.15078553796562
"Clothes_No+Fur_Brown",2,6135,-0.0560412400919612,0.0414155739231584,-0.137215764981352,0.0251332847974292,-5.44998574264712
"Clothes_No+Fur_Brown",2,6136,-0.0489285621061644,0.0536896556149393,-0.154160287111445,0.0563031628991167,-4.77508460573141
"Clothes_No+Fur_Brown",2,6138,-0.0506917993649959,0.0437856999365557,-0.136511771240645,0.0351281725106533,-4.94284078408871
"Clothes_No+Fur_Brown",2,6140,-0.0583508673689463,0.0446195163585666,-0.145805119431737,0.0291033846938443,-5.6681090458871
"Clothes_No+Fur_Brown",2,6141,-0.0555378792208039,0.0468715854617545,-0.147406186725843,0.0363304282842349,-5.4023809849216
"Clothes_No+Fur_Brown",2,6142,-0.0573397270587057,0.0451659454500012,-0.145864980140708,0.0311855260232967,-5.57267802945917
"Clothes_No+Fur_Brown",2,6143,-0.0536420209685223,0.0435985402545774,-0.139095159867494,0.0318111179304494,-5.22286719568484
"Clothes_No+Fur_Brown",2,6144,-0.0579976285212851,0.0438036454229225,-0.143852773550213,0.0278575165076429,-5.63478147147833
"Clothes_No+Fur_Brown",2,6145,-0.0546448844351274,0.0466551679101634,-0.146089013539048,0.0367992446687929,-5.31786807522604
"Clothes_No+Fur_Brown",2,6147,-0.0578933603835461,0.049442417609018,-0.154800498897221,0.0390137781301291,-5.62494167289521
"Clothes_No+Fur_Brown",2,6148,-0.0503333533480901,0.0566871549804601,-0.161440177109792,0.0607734704136117,-4.90876181661919
"Clothes_No+Fur_Brown",2,6149,-0.0531986606601142,0.0392999809063219,-0.130226623236505,0.0238293019162767,-5.18083746038496
"Clothes_No+Fur_Brown",2,6150,-0.0566372237089932,0.0479650218919341,-0.150648666617184,0.0373742191991976,-5.50631921355432
"Clothes_No+Fur_Brown",2,6151,-0.053422453481824,0.0467194219602798,-0.144992520523972,0.0381476135603244,-5.20205493407416
"Clothes_No+Fur_Brown",2,6152,-0.0545145630877449,0.0514203368142516,-0.155298423243678,0.0462692970681883,-5.30552816816136
"Clothes_No+Fur_Brown",2,6153,-0.0547464566284563,0.0465145508869346,-0.145914976366848,0.0364220631099355,-5.32748465863769
"Clothes_No+Fur_Brown",2,6154,-0.0541736513150107,0.0502243495453168,-0.152613376423832,0.0442660737938102,-5.27324020454029
"Clothes_No+Fur_Brown",2,6155,-0.0545251123667395,0.0463455993262732,-0.145362487046235,0.0363122623127561,-5.30652712129483
"Clothes_No+Fur_Brown",2,6156,-0.048756260588284,0.0565297206882828,-0.159554513137318,0.0620419919607502,-4.75867579467801
"Clothes_No+Fur_Brown",2,6159,-0.057374286811769,0.0422039449628936,-0.14009401893904,0.0253454453155025,-5.57594135799866
"Clothes_No+Fur_Brown",2,6161,-0.0573357999958948,0.0480366905455575,-0.151487713465188,0.036816113473398,-5.57230720670661
"Clothes_No+Fur_Brown",2,6162,-0.0560651548299285,0.0474423154329235,-0.149052093078459,0.0369217834186015,-5.45224685442584
"Clothes_No+Fur_Brown",2,6163,-0.0543239113583147,0.0456577619245987,-0.143813124730528,0.0351653020138988,-5.28747278224855
"Clothes_No+Fur_Brown",2,6164,-0.0574672728383408,0.0492139130507511,-0.153926542417813,0.0389919967411314,-5.58472106782306
"Clothes_No+Fur_Brown",2,6166,-0.0556855254376347,0.0419310739734474,-0.137870430425592,0.0264993795503223,-5.4163469344552
"Clothes_No+Fur_Brown",2,6167,-0.0550809655016454,0.0409348765131808,-0.13531332346748,0.025151392464189,-5.35914815891035
"Clothes_No+Fur_Brown",2,6168,-0.0576407936152796,0.0478986916016766,-0.151522229154566,0.0362406419240065,-5.60110265906395
"Clothes_No+Fur_Brown",2,6169,-0.0533362424317547,0.0432953479717549,-0.138195124456394,0.031522639592885,-5.19388195138997
"Clothes_No+Fur_Brown",2,6170,-0.0564072227037127,0.0517453322554937,-0.15782807392448,0.0450136285170549,-5.48458307240944
"Clothes_No+Fur_Brown",2,6171,-0.0511870186619132,0.0576688047684109,-0.164217876007998,0.0618438386841721,-4.98990326955527
"Clothes_No+Fur_Brown",2,6172,-0.052111665925806,0.0580812662309837,-0.165950947738534,0.0617276158869221,-5.07771349254178
"Clothes_No+Fur_Brown",2,6173,-0.0575355718159567,0.0444146663099773,-0.144588317783512,0.0295171741515988,-5.59116931463861
"Clothes_No+Fur_Brown",2,6174,-0.0502486701547209,0.0561147668500878,-0.160233613180893,0.0597362728714512,-4.90070884593756
"Clothes_No+Fur_Brown",2,6175,-0.0577217153729759,0.0454263734730447,-0.146757407380144,0.0313139766341917,-5.60874127469211
"Clothes_No+Fur_Brown",2,6176,-0.0569528779638753,0.0447291818371621,-0.144622074364713,0.0307163184369624,-5.53614183888712
"Clothes_No+Fur_Brown",2,6177,-0.0466525851056556,0.0562837827379708,-0.156968799272078,0.0636636290607671,-4.55810806527361
"Clothes_No+Fur_Brown",2,6179,-0.0582444845197703,0.0446640833163244,-0.145786087819766,0.0292971187802255,-5.65807321674866
"Clothes_No+Fur_Brown",2,6180,-0.0567834978275259,0.0475090315189376,-0.149901199604644,0.0363342039495918,-5.52014018256859
"Clothes_No+Fur_Brown",2,6181,-0.0534242069221647,0.0544008180369662,-0.160049810274619,0.0532013964302892,-5.20222115646952
"Clothes_No+Fur_Brown",2,6182,-0.060803481140451,0.0413336520982923,-0.141817439253104,0.0202104769722019,-5.89918525455443
"Clothes_No+Fur_Brown",2,6183,-0.0534692732386197,0.0416665380123072,-0.135135687742742,0.0281971412655024,-5.20649324690571
"Clothes_No+Fur_Brown",2,6184,-0.054857954606333,0.0468604091509275,-0.146704356542151,0.0369884473294849,-5.33803986420578
"Clothes_No+Fur_Brown",2,6185,-0.039955679999146,0.057361798120675,-0.152384804315669,0.0724734443173771,-3.91679777152778
"Clothes_No+Fur_Brown",2,6186,-0.0599361948957837,0.0410893700943043,-0.14047136028062,0.0205989704890527,-5.81753751144933
"Clothes_No+Fur_Brown",2,6187,-0.0556739378671796,0.0488644691229832,-0.151448297348227,0.0401004216138676,-5.4152509333614
"Clothes_No+Fur_Brown",2,6188,-0.0535690133335575,0.052616006306128,-0.156696385693568,0.0495583590264533,-5.21594748877742
"Clothes_No+Fur_Brown",2,6190,-0.0510531271170102,0.0541271250249227,-0.157142292165859,0.0550360379318383,-4.97718136926422
"Clothes_No+Fur_Brown",2,6191,-0.0552166960155882,0.0510835465234221,-0.155340447201496,0.0449070551703191,-5.37199293863674
"Clothes_No+Fur_Brown",2,6192,-0.0575141621042457,0.0474783301458026,-0.150571689190019,0.0355433649815274,-5.58914802715316
"Clothes_No+Fur_Brown",2,6193,-0.0606299428099043,0.0446809879169624,-0.148204679127151,0.0269447935073421,-5.88285373922945
"Clothes_No+Fur_Brown",2,6194,-0.0498517853737016,0.0541761671045179,-0.156037072898557,0.0563335021511535,-4.86295789369913
"Clothes_No+Fur_Brown",2,6195,-0.0547824155951738,0.0452191618701431,-0.143411972860654,0.0338471416703067,-5.33088892325862
"Clothes_No+Fur_Brown",2,6196,-0.0569877537808585,0.0486018056035582,-0.152247292763832,0.0382717852021155,-5.53943628566728
"Clothes_No+Fur_Brown",2,6197,-0.0561076975658932,0.043547764051409,-0.141461315106655,0.0292459199748685,-5.45626908896493
"Clothes_No+Fur_Brown",2,6199,-0.0583424719922701,0.0443353717522344,-0.14523980062665,0.0285548566421092,-5.6673170908056
"Clothes_No+Fur_Brown",2,6200,-0.056496591503153,0.0469348880351854,-0.148488972052116,0.0354957890458104,-5.49302942432307
"Clothes_No+Fur_Brown",2,6201,-0.0564075180381184,0.0462881097998202,-0.147132213245766,0.0343171771695291,-5.48461098605981
"Clothes_No+Fur_Brown",2,6202,-0.0574149088751733,0.0478460949572019,-0.151193254991289,0.0363634372409424,-5.57977698018973
"Clothes_No+Fur_Brown",2,6204,-0.0565909754245572,0.0450213823367675,-0.144832884804621,0.0316509339555071,-5.5019489418699
"Clothes_No+Fur_Brown",2,6205,-0.0583092619445123,0.0457201135804025,-0.147920684562101,0.0313021606730765,-5.66418424588038
"Clothes_No+Fur_Brown",2,6206,-0.0616651773423309,0.0457400493408036,-0.151315674050306,0.0279853193656441,-5.98023664336226
"Clothes_No+Fur_Brown",2,6208,-0.0531054615897277,0.0473284415403069,-0.145869207008729,0.0396582838292737,-5.17199999076586
"Clothes_No+Fur_Brown",2,6209,-0.0519859364128445,0.0546033327806741,-0.159008468662966,0.0550365958372767,-5.06577820939706
"Clothes_No+Fur_Brown",2,6210,-0.0619658352189724,0.046392609580633,-0.152895349997013,0.0289636795590683,-6.00850017673552
"Clothes_No+Fur_Brown",2,6211,-0.049398026011048,0.0535339114101469,-0.154324492374936,0.05552844035284,-4.81977877438426
"Clothes_No+Fur_Brown",2,6214,-0.0556482950038439,0.0451839884490896,-0.14420891236406,0.0329123223563718,-5.41282547846978
"Clothes_No+Fur_Brown",2,6215,-0.0545048427898156,0.0430098753341274,-0.138804198444705,0.0297945128650742,-5.30460770520932
"Clothes_No+Fur_Brown",2,6216,-0.0578806949978214,0.042459647600731,-0.141101604295254,0.0253402142996113,-5.62374636880923
"Clothes_No+Fur_Brown",2,6217,-0.0577432289202336,0.0496498241772619,-0.155056884307667,0.0395704264671997,-5.61077194365388
"Clothes_No+Fur_Brown",2,6218,-0.056444914872999,0.0494650131398501,-0.153396340627105,0.0405065108811073,-5.48814549636628
"Clothes_No+Fur_Brown",2,6219,-0.0530082950915816,0.0493491793375716,-0.149732686593222,0.0437160964100587,-5.16278543841313
"Clothes_No+Fur_Brown",2,6221,-0.0590697501028836,0.0446728439676332,-0.146628524279445,0.0284890240736774,-5.73589824439209
"Clothes_No+Fur_Brown",2,6222,-0.0572020290398284,0.0414259140655973,-0.138396820608399,0.0239927625287424,-5.55967467904869
"Clothes_No+Fur_Brown",2,6223,-0.054202620814796,0.0464462358706694,-0.145237243121308,0.036832001491716,-5.27598435163937
"Clothes_No+Fur_Brown",2,6224,-0.0616885001234648,0.0441694371541105,-0.148260596945521,0.0248835966985918,-5.98242942015436
"Clothes_No+Fur_Brown",2,6225,-0.0567030108303602,0.0444992266968064,-0.143921495156101,0.0305154734953804,-5.51253547632338
"Clothes_No+Fur_Brown",2,6226,-0.0518271909027848,0.0552085215929045,-0.160035893224878,0.0563815114193081,-5.0507066316958
"Clothes_No+Fur_Brown",2,6227,-0.054044188458473,0.0471650093244144,-0.146487606734325,0.0383992298173791,-5.26097581375221
"Clothes_No+Fur_Brown",2,6229,-0.0518876965724597,0.0606144144540655,-0.170691948902428,0.0669165557575086,-5.05645142847807
"Clothes_No+Fur_Brown",2,6230,-0.0564574818591615,0.0464378961392409,-0.147475758292074,0.0345607945737506,-5.48933321807097
"Clothes_No+Fur_Brown",2,6231,-0.049100219738229,0.0559386882059178,-0.158740048621828,0.06053960914537,-4.79142928633681
"Clothes_No+Fur_Brown",2,6232,-0.0469776056832471,0.0586359114460183,-0.161903992117443,0.0679487807509488,-4.58912360349955
"Clothes_No+Fur_Brown",2,6233,-0.0574813706015462,0.0433796430669614,-0.142505471012791,0.0275427298096982,-5.5860521026861
"Clothes_No+Fur_Brown",2,6234,-0.0584594770757137,0.043032341375412,-0.142802866171521,0.0258839120200937,-5.67835384854987
"Clothes_No+Fur_Brown",2,6235,-0.0574649976761676,0.0440095329858468,-0.143723682328427,0.0287936869760922,-5.5845062575075
"Clothes_No+Fur_Brown",2,6237,-0.0573681669980367,0.0486094599702819,-0.152642708539789,0.0379063745437158,-5.57536349857973
"Clothes_No+Fur_Brown",2,6238,-0.0534224298033475,0.0455624541749746,-0.142724839986298,0.0358799803796027,-5.20205268940321
"Clothes_No+Fur_Brown",2,6240,-0.0563481474205231,0.0446941400693542,-0.143948661956457,0.0312523671154111,-5.47899938246126
"Clothes_No+Fur_Brown",2,6241,-0.0571829800141956,0.0456962141927114,-0.14674755983191,0.0323815998035187,-5.5578756657362
"Clothes_No+Fur_Brown",2,6242,-0.0590971889109756,0.0463538966368261,-0.149950826319155,0.0317564484972035,-5.73848470350529
"Clothes_No+Fur_Brown",2,6243,-0.0521821083462676,0.045712879323893,-0.141779351821098,0.0374151351285627,-5.08439981265606
"Clothes_No+Fur_Brown",2,6244,-0.0569163515195295,0.0477937547379289,-0.15059211080587,0.0367594077668111,-5.5326913470126
"Clothes_No+Fur_Brown",2,6245,-0.0537510880610454,0.0505243746477731,-0.152778862370681,0.0452766862485899,-5.23320369830109
"Clothes_No+Fur_Brown",2,6246,-0.0522404704214465,0.0534559629128866,-0.157014157730704,0.0525332168878111,-5.08993912240547
"Clothes_No+Fur_Brown",2,6247,-0.0559103266052303,0.0423530428524417,-0.138922290596016,0.0271016373855554,-5.43760706035968
"Clothes_No+Fur_Brown",2,6248,-0.0551204517864606,0.0345332886150271,-0.122805697471914,0.0125647938989926,-5.36288510076185
"Clothes_No+Fur_Brown",2,6249,-0.0551567417457987,0.0441683117009118,-0.141726632679586,0.0314131491879884,-5.36631941549747
"Clothes_No+Fur_Brown",2,6250,-0.0597292419666154,0.0472253985184371,-0.152291023062752,0.0328325391295213,-5.79804415792731
"Clothes_No+Fur_Brown",2,6251,-0.0557109226540464,0.0467938711445304,-0.147426910097326,0.0360050647892331,-5.41874906545725
"Clothes_No+Fur_Brown",2,6252,-0.0552764774457352,0.0489227888683633,-0.151165143627727,0.0406121887362569,-5.37764976714249
"Clothes_No+Fur_Brown",2,6253,-0.0575166464815404,0.0499088513754299,-0.155337995177383,0.0403047022143022,-5.58938257903882
"Clothes_No+Fur_Brown",2,6255,-0.0581688121625996,0.0439621412967423,-0.144334609104215,0.0279969847790154,-5.65093387064678
"Clothes_No+Fur_Brown",2,6256,-0.0590671663903467,0.0461634591354388,-0.149547546295807,0.0314132135151133,-5.73565469273597
"Clothes_No+Fur_Brown",2,6258,-0.0518236620233325,0.0598701689315865,-0.169169193129242,0.065521869082577,-5.05037156649422
"Clothes_No+Fur_Brown",2,6259,-0.0548063936527951,0.0568285739678895,-0.166190398629859,0.0565776113242683,-5.33315887744432
"Clothes_No+Fur_Brown",2,6260,-0.0525057720796259,0.0509477921082871,-0.152363444611869,0.0473519004526168,-5.11511557910868
"Clothes_No+Fur_Brown",2,6261,-0.0488499119227233,0.0562344661652795,-0.159069465606671,0.0613696417612246,-4.76759485413617
"Clothes_No+Fur_Brown",2,6262,-0.0515571205822283,0.0547129601642831,-0.158794522504223,0.0556802813397666,-5.02506018258272
"Clothes_No+Fur_Brown",2,6263,-0.0561122955443218,0.0463253265078347,-0.146909935499678,0.0346853444110343,-5.45670379800083
"Clothes_No+Fur_Brown",2,6264,-0.055044008240873,0.0476347848923156,-0.148408186629812,0.0383201701480655,-5.35565042763626
"Clothes_No+Fur_Brown",2,6265,-0.053445199109446,0.0531198526931568,-0.157560110388033,0.0506697121691414,-5.20421114830965
"Clothes_No+Fur_Brown",2,6266,-0.051338830337495,0.053227014233181,-0.15566377823453,0.0529861175595397,-5.00432581675389
"Clothes_No+Fur_Brown",2,6267,-0.0546178798506856,0.0424610547169846,-0.137841547095975,0.0286057873946043,-5.31531118907568
"Clothes_No+Fur_Brown",2,6268,-0.0478270441571637,0.0591216902033197,-0.16370555695567,0.068051468641343,-4.67013486083033
"Clothes_No+Fur_Brown",2,6269,-0.0581084030133687,0.0453161408001345,-0.146928038981632,0.0307112329548949,-5.64523415167533
"Clothes_No+Fur_Brown",2,6270,-0.0547947138548564,0.044549786063776,-0.142112294539857,0.0325228668301445,-5.33205318141138
"Clothes_No+Fur_Brown",2,6271,-0.0556032109362929,0.0453656368704708,-0.144519859202416,0.0333134373298298,-5.40856100777508
"Clothes_No+Fur_Brown",2,6272,-0.0560547092431926,0.0465644087807857,-0.147320950453533,0.0352115319671473,-5.45125924251159
"Clothes_No+Fur_Brown",2,6273,-0.049668287034693,0.0573448153795421,-0.162064125178595,0.0627275511092096,-4.84549880268632
"Clothes_No+Fur_Brown",2,6274,-0.0553108101014723,0.0533700286036037,-0.159916066164536,0.049294445961591,-5.38089834795155
"Clothes_No+Fur_Brown",2,6275,-0.0499775939380362,0.0520373405174858,-0.151970781352308,0.0520155934762359,-4.87492619550834
"Clothes_No+Fur_Brown",2,6276,-0.057980945859378,0.0441188543771358,-0.144453900438564,0.0284920087198082,-5.63320719531031
"Clothes_No+Fur_Brown",2,6277,-0.0538503992905624,0.0445494299995102,-0.141167282089602,0.0334664835084776,-5.24261463804547
"Clothes_No+Fur_Brown",2,6278,-0.0571076914837526,0.0421679140000944,-0.139756802923938,0.0255414199564325,-5.55076498931033
"Clothes_No+Fur_Brown",2,6282,-0.0573408601456194,0.0478129477042675,-0.151054237645984,0.0363725173547449,-5.57278502376137
"Clothes_No+Fur_Brown",2,6283,-0.054948131873645,0.0438695842833223,-0.140932517068957,0.0310362533216666,-5.34657583620812
"Clothes_No+Fur_Brown",2,6284,-0.0527464249809796,0.0452067740668126,-0.141351702151932,0.035858852189973,-5.13794715448657
"Clothes_No+Fur_Brown",2,6285,-0.0558887611980517,0.0462673311034952,-0.146572730160902,0.0347952077647988,-5.43556776186309
"Clothes_No+Fur_Brown",2,6286,-0.0542455398839012,0.0404667636049614,-0.133560396549625,0.0250693167818231,-5.28004973097114
"Clothes_No+Fur_Brown",2,6287,-0.0560716150588421,0.0464341300291989,-0.147082509916072,0.0349392797983878,-5.45285765258148
"Clothes_No+Fur_Brown",2,6288,-0.054079051898836,0.0460175785732388,-0.144273505902384,0.0361154021047121,-5.26427868449693
"Clothes_No+Fur_Brown",2,6290,-0.0578440937884594,0.0446439311996114,-0.145346198939698,0.0296580113627789,-5.62029202057499
"Clothes_No+Fur_Brown",2,6291,-0.054558437755169,0.0456461925805856,-0.144024975213117,0.0349080997027788,-5.30968276547843
"Clothes_No+Fur_Brown",2,6292,-0.0563735215395593,0.0474393620044147,-0.149354671068212,0.0366076279890935,-5.48139773915413
"Clothes_No+Fur_Brown",2,6293,-0.0587455994054863,0.0471893058774402,-0.151236638925269,0.0337454401142965,-5.70533751719555
"Clothes_No+Fur_Brown",2,6294,-0.0540361098900246,0.0471515612301939,-0.146453169901205,0.0383809501211554,-5.26021045496909
"Clothes_No+Fur_Brown",2,6295,-0.0459929457964488,0.0569501877834378,-0.157615313851987,0.0656294222590892,-4.49513007251218
"Clothes_No+Fur_Brown",2,6296,-0.0593015589836594,0.049151038588581,-0.155637594617278,0.0370344766499592,-5.75774696785549
"Clothes_No+Fur_Brown",2,6298,-0.0568008965795468,0.04333768388952,-0.141742757003006,0.0281409638439125,-5.5217839999203
"Clothes_No+Fur_Brown",2,6299,-0.0570154808227898,0.042355085574225,-0.140031448548271,0.0260004869026911,-5.54205536136847
"Clothes_No+Fur_Brown",2,6300,-0.0492318400269474,0.0574359125096174,-0.161806228545798,0.0633425484919028,-4.8039598412469
"Clothes_No+Fur_Brown",2,6301,-0.0526773871339564,0.0576700711613073,-0.165710726610119,0.0603559523422058,-5.13139785652179
"Clothes_No+Fur_Brown",2,6302,-0.0551958421527977,0.0564203548666092,-0.165779737691352,0.0553880533857563,-5.37001955858512
"Clothes_No+Fur_Brown",2,6303,-0.0474113458590085,0.0551569479306917,-0.155518963803164,0.0606962720851472,-4.6304981602449
"Clothes_No+Fur_Brown",2,6304,-0.0563235679151278,0.0471005846386364,-0.148640713806855,0.0359935779765995,-5.47667607446385
"Clothes_No+Fur_Brown",2,6305,-0.0527663836228843,0.0547430733761901,-0.160062807440217,0.0545300401944484,-5.13984045333574
"Clothes_No+Fur_Brown",2,6306,-0.0453012029061716,0.0552758285681311,-0.153641826899709,0.0630394210873654,-4.42904240255037
"Clothes_No+Fur_Brown",2,6307,-0.0485966890993993,0.0524623449588373,-0.15142288521872,0.0542295070199218,-4.74347678213893
"Clothes_No+Fur_Brown",2,6308,-0.0488863631244255,0.0595913451148153,-0.165685399549463,0.0679126733006125,-4.77106612647832
"Clothes_No+Fur_Brown",2,6309,-0.0543241875374292,0.055914859986482,-0.163917313110934,0.0552689380360755,-5.28749893986684
"Clothes_No+Fur_Brown",2,6310,-0.0536467054177629,0.0546284969248346,-0.160718559390439,0.053425148554913,-5.22331117331274
"Clothes_No+Fur_Brown",2,6311,-0.0481043983318174,0.0534500349902787,-0.152866466912764,0.0566576702491289,-4.69657133059376
"Clothes_No+Fur_Brown",2,6312,-0.0546113348105613,0.0536891516434451,-0.159842072031714,0.0506194024105911,-5.31469147196022
"Clothes_No+Fur_Brown",2,6313,-0.055754081879836,0.0459342710938989,-0.145785253223878,0.0342770894642058,-5.42283103093394
"Clothes_No+Fur_Brown",2,6314,-0.0514049216871238,0.0581619966589169,-0.165402435138601,0.0625925917643534,-5.01060400160042
"Clothes_No+Fur_Brown",2,6315,-0.0507229933333846,0.0583700089131162,-0.165128210803092,0.063682224136323,-4.94580594786056
"Clothes_No+Fur_Brown",2,6316,-0.0592516115714014,0.0498451967890093,-0.15694819727786,0.0384449741350568,-5.75303969363407
"Clothes_No+Fur_Brown",2,6317,-0.0539206802455995,0.0478056296580385,-0.147619714375355,0.039778353884156,-5.24927404356811
"Clothes_No+Fur_Brown",2,6318,-0.0553952695109632,0.0470241670545794,-0.147562636937939,0.0367720979160124,-5.38888948393558
"Clothes_No+Fur_Brown",2,6319,-0.0585666535901165,0.0476796887553336,-0.15201884355057,0.0348855363703373,-5.68846237210928
"Clothes_No+Fur_Brown",2,6320,-0.0549969106473836,0.0429140873319529,-0.139108521818011,0.0291147005232441,-5.35119280156313
"Clothes_No+Fur_Brown",2,6321,-0.0584543672588092,0.0420986591777915,-0.140967739247281,0.0240590047296622,-5.67787188097653
"Clothes_No+Fur_Brown",2,6322,-0.0553592581247471,0.0454466621515938,-0.144434715941871,0.0337161996923767,-5.38548234534693
"Clothes_No+Fur_Brown",2,6323,-0.057701553314833,0.0450756723342099,-0.146049871089884,0.0306467644602184,-5.60683813345995
"Clothes_No+Fur_Brown",2,6324,-0.0567698216494805,0.0439922610595865,-0.14299465332627,0.0294550100273092,-5.51884805034832
"Clothes_No+Fur_Brown",2,6325,-0.0565198811103695,0.0447828684935986,-0.144294303357823,0.0312545411370837,-5.49523042891664
"Clothes_No+Fur_Brown",2,6326,-0.0557020153465903,0.0452260630244104,-0.144345098874435,0.0329410681812541,-5.41790659742355
"Clothes_No+Fur_Brown",2,6327,-0.0577893325363456,0.047410477669697,-0.150713868768952,0.0351352036962606,-5.61512352807664
"Clothes_No+Fur_Brown",2,6328,-0.059725786762044,0.0482609064254004,-0.154317163355829,0.0348655898317409,-5.79771867033653
"Clothes_No+Fur_Brown",2,6330,-0.0565193474476339,0.043610991490267,-0.141996890768557,0.0289581958732894,-5.49517999522933
"Clothes_No+Fur_Brown",2,6331,-0.0584613255262173,0.045646106487863,-0.147927694242429,0.0310050431899941,-5.67852819728306
"Clothes_No+Fur_Brown",2,6332,-0.054930640033346,0.0474908791950713,-0.148012763255686,0.0381514831889938,-5.34492015914851
"Clothes_No+Fur_Brown",2,6333,-0.0538113956606672,0.0463205727665384,-0.144599718283082,0.036976926961748,-5.23891868397964
"Clothes_No+Fur_Brown",2,6335,-0.0599071412276422,0.0467812839202021,-0.151598457711238,0.0317841752559539,-5.81480112568861
"Clothes_No+Fur_Brown",2,6338,-0.0618827460250292,0.0463215059096153,-0.152672897607875,0.0289074055578167,-6.00069017431879
"Clothes_No+Fur_Brown",2,6339,-0.0554908419745976,0.0474134911962824,-0.148421284719311,0.0374396007701159,-5.39793126877508
"Clothes_No+Fur_Brown",2,6340,-0.0542323280342377,0.0437116532738768,-0.139907168451036,0.0314425123825608,-5.27879829696118
"Clothes_No+Fur_Brown",2,6341,-0.0583066910789284,0.0456315645720211,-0.14774455764009,0.0311311754822329,-5.66394172086658
"Clothes_No+Fur_Brown",2,6342,-0.0530732360348197,0.0430119173890363,-0.137376594117331,0.0312301220476916,-5.16894405660543
"Clothes_No+Fur_Brown",2,6344,-0.0512289044557102,0.0459157785893033,-0.141223830490745,0.0387660215793243,-4.99388275953293
"Clothes_No+Fur_Brown",2,6346,-0.0562600839696281,0.0446697023406435,-0.143812700557289,0.0312925326180332,-5.47067517044079
"Clothes_No+Fur_Brown",2,6347,-0.0607714959633609,0.0484051843479211,-0.155645657285286,0.0341026653585645,-5.89617537519497
"Clothes_No+Fur_Brown",2,6350,-0.0543130955543979,0.0425425013378548,-0.137696398176593,0.0290702070677975,-5.28644838458587
"Clothes_No+Fur_Brown",2,6351,-0.0607928520364018,0.0471251757769034,-0.153158196559132,0.0315724924863288,-5.89818504188772
"Clothes_No+Fur_Brown",2,6352,-0.0554987761151596,0.0464417015092928,-0.146524511073373,0.0355269588430544,-5.39868185190822
"Clothes_No+Fur_Brown",2,6353,-0.0554190718569864,0.0436387563825916,-0.140951034366866,0.0301128906528932,-5.39114142352489
"Clothes_No+Fur_Brown",2,6354,-0.055461524239032,0.0457311930235895,-0.145094662565267,0.0341716140872034,-5.39515770968302
"Clothes_No+Fur_Brown",2,6355,-0.0545043611761038,0.0476517491746238,-0.147901789558366,0.0388930672061589,-5.30456209859895
"Clothes_No+Fur_Brown",2,6356,-0.0524623959589085,0.0440546554451596,-0.138809520631421,0.0338847287136042,-5.11099975164412
"Clothes_No+Fur_Brown",2,6357,-0.0557447861960901,0.0419492751686057,-0.137965365526557,0.026475793134377,-5.42195186739541
"Clothes_No+Fur_Brown",2,6358,-0.0499111802184392,0.0415006701493839,-0.131252493711232,0.0314301332743533,-4.86860837573742
"Clothes_No+Fur_Brown",2,6359,-0.0564047279676849,0.0475239004643185,-0.149551572877749,0.0367421169423793,-5.48434728109954
"Clothes_No+Fur_Brown",2,6362,-0.0566258660164709,0.0460726944188094,-0.146928347077337,0.0336766150443956,-5.50524597728791
"Clothes_No+Fur_Brown",2,6363,-0.0563271427652589,0.0460506079571935,-0.146586334361358,0.0339320488308404,-5.47701398057678
"Clothes_No+Fur_Brown",2,6364,-0.056945906880105,0.0483542491262293,-0.151720235167514,0.0378284214073045,-5.53548332112332
"Clothes_No+Fur_Brown",2,6365,-0.0534886388703231,0.0442199380431812,-0.140159717434958,0.0331824396943122,-5.20832896527037
"Clothes_No+Fur_Brown",2,6366,-0.0593421002179529,0.0476315547465969,-0.152699947521283,0.034015747085377,-5.76156758766916
"Clothes_No+Fur_Brown",2,6367,-0.0565416422552951,0.0477396489958997,-0.150111354287259,0.0370280697766683,-5.49728693852736
"Clothes_No+Fur_Brown",2,6368,-0.059727714891527,0.0420195918716592,-0.142086114959979,0.022630685176925,-5.79790030435742
"Clothes_No+Fur_Brown",2,6369,-0.0556058558945665,0.0497700273260798,-0.153155109453683,0.0419433976645498,-5.40881119785338
"Clothes_No+Fur_Brown",2,6370,-0.0556193998331586,0.0476285363647513,-0.148971331108071,0.0377325314417539,-5.41009232643008
"Clothes_No+Fur_Brown",2,6372,-0.0556785047072603,0.0478664820111992,-0.149496809449211,0.0381398000346901,-5.41568288579815
"Clothes_No+Fur_Brown",2,6373,-0.053645226804124,0.0447864479904945,-0.141426664865493,0.0341362112572452,-5.22317103510439
"Clothes_No+Fur_Brown",2,6374,-0.0585807215078084,0.0394225197076354,-0.135848860134774,0.018687417119157,-5.68978912972565
"Clothes_No+Fur_Brown",2,6376,-0.0599726371879429,0.0474108962174895,-0.152897993774222,0.0329527193983365,-5.8209696737253
"Clothes_No+Fur_Brown",2,6377,-0.0550476239640613,0.0451881021738181,-0.143616304224745,0.0335210562966222,-5.35599263478699
"Clothes_No+Fur_Brown",2,6378,-0.054096543251481,0.0494384152576341,-0.150995837156444,0.0428027506534819,-5.26593572591454
"Clothes_No+Fur_Brown",2,6379,-0.0557155869889781,0.0472098170002905,-0.148246828309547,0.0368156543315912,-5.41919022306102
"Clothes_No+Fur_Brown",2,6380,-0.056234787314258,0.0471845724639097,-0.148716549343521,0.0362469747150051,-5.46828386444231
"Clothes_No+Fur_Brown",2,6381,-0.0581036585418241,0.0429985492775494,-0.142380815125821,0.0261734980421726,-5.6447864871117
"Clothes_No+Fur_Brown",2,6382,-0.0551277463987083,0.0487588929388611,-0.150695176558876,0.0404396837614595,-5.36357543930139
"Clothes_No+Fur_Brown",2,6385,-0.0460168137845647,0.0540739405643346,-0.15200173729066,0.059968109721531,-4.49740955440919
"Clothes_No+Fur_Brown",2,6386,-0.0574843783414061,0.0511480449855678,-0.157734546513119,0.0427657898303068,-5.58633607485347
"Clothes_No+Fur_Brown",2,6387,-0.0569039459231678,0.0441209005757964,-0.143380911051729,0.0295730192053932,-5.53151941644283
"Clothes_No+Fur_Brown",2,6388,-0.055531498974121,0.0480945854239046,-0.149796886404974,0.038733888456732,-5.40177742685124
"Clothes_No+Fur_Brown",2,6390,-0.0486883910837662,0.0606137403778881,-0.167491322224427,0.0701145400568944,-4.752211593836
"Clothes_No+Fur_Brown",2,6391,-0.0450424977943742,0.0547658415553207,-0.152383547242803,0.0622985516540544,-4.40431450880219
"Clothes_No+Fur_Brown",2,6392,-0.0532877560391927,0.0548754851052135,-0.160843706845411,0.0542681947670259,-5.18928503328989
"Clothes_No+Fur_Brown",2,6393,-0.0482173706961956,0.0569865228933402,-0.159910955567142,0.0634762141747512,-4.70733737611964
"Clothes_No+Fur_Brown",2,6394,-0.0563971492132277,0.0430027537705246,-0.140682546603456,0.0278882481770005,-5.48363096746084
"Clothes_No+Fur_Brown",2,6395,-0.0575340592910629,0.0417876609665983,-0.139437874785596,0.0243697562034697,-5.59102651882402
"Clothes_No+Fur_Brown",2,6396,-0.0608093177715223,0.0456341411416976,-0.15025223440925,0.028633598866205,-5.89973448469078
"Clothes_No+Fur_Brown",2,6397,-0.0555595133527148,0.0433083838666362,-0.140443945731322,0.0293249190258923,-5.40442750015245
"Clothes_No+Fur_Brown",2,6398,-0.0493753687030837,0.0498601947016804,-0.147101350318377,0.0483506129122099,-4.81762222236911
"Clothes_No+Fur_Brown",2,6400,-0.0493736089430543,0.0610589980771603,-0.169049245174289,0.0703020272881799,-4.81745472407782
"Clothes_No+Fur_Brown",2,6401,-0.0550298908574888,0.0421370482843285,-0.137618505494773,0.0275587237797951,-5.35431428763682
"Clothes_No+Fur_Brown",2,6402,-0.0520043262242509,0.0499963877033463,-0.14999724612281,0.0459885936743079,-5.06752401577923
"Clothes_No+Fur_Brown",2,6403,-0.0585264280766157,0.0488807442914045,-0.154332686887768,0.0372798307345371,-5.68466856577576
"Clothes_No+Fur_Brown",2,6405,-0.0565503513474746,0.0473216791764037,-0.149300842533226,0.0362001398382766,-5.4981099677827
"Clothes_No+Fur_Brown",2,6406,-0.0533601660259676,0.046320068263944,-0.144147499823298,0.0374271677713626,-5.19615002735669
"Clothes_No+Fur_Brown",2,6407,-0.054334332227494,0.0448027971333543,-0.142147814608868,0.0334791501538804,-5.28845976396172
"Clothes_No+Fur_Brown",2,6408,-0.0580354137185879,0.0435741968396285,-0.14344083952426,0.0273700120870838,-5.6383470125162
"Clothes_No+Fur_Brown",2,6409,-0.0602788657703498,0.0467095189191873,-0.151829522851957,0.0312717913112572,-5.84980556926152
"Clothes_No+Fur_Brown",2,6410,-0.0521207480834136,0.0543174682156259,-0.15858298578604,0.0543414896192132,-5.07857558779347
"Clothes_No+Fur_Brown",2,6412,-0.0567388790611534,0.0464309858384909,-0.147743611304595,0.0342658531822887,-5.51592451372822
"Clothes_No+Fur_Brown",2,6413,-0.0505325328163783,0.0524442923383681,-0.15332334579958,0.0522582801668231,-4.92770015275296
"Clothes_No+Fur_Brown",2,6414,-0.0515509663895787,0.0557595141828044,-0.160839614187875,0.0577376814087179,-5.02447568670765
"Clothes_No+Fur_Brown",2,6415,-0.055802661812619,0.0509698685609378,-0.155703604192057,0.044098280566819,-5.42742547184554
"Clothes_No+Fur_Brown",2,6416,-0.0473591131993254,0.0586148779966281,-0.162244274072716,0.0675260476740656,-4.62551662741294
"Clothes_No+Fur_Brown",2,6417,-0.0567110780054791,0.0449344832420942,-0.144782665159984,0.0313605091490256,-5.51329772017165
"Clothes_No+Fur_Brown",2,6418,-0.0571625105199788,0.0461832102668199,-0.147681602642946,0.0333565816029882,-5.55594246343255
"Clothes_No+Fur_Brown",2,6419,-0.0503820699454961,0.0563277362412213,-0.16078443297829,0.0600202930872977,-4.9133942253481
"Clothes_No+Fur_Brown",2,6420,-0.0607968812115631,0.0486674009664552,-0.156184987105815,0.0345912246826891,-5.89856419381934
"Clothes_No+Fur_Brown",2,6421,-0.0554203282315205,0.0443990575212238,-0.142442480973119,0.0316018245100781,-5.39126028761084
"Clothes_No+Fur_Brown",2,6422,-0.0564315135670986,0.0426139734940163,-0.13995490161537,0.0270918744811733,-5.4868789056059
"Clothes_No+Fur_Brown",2,6423,-0.0526016751942082,0.0491120510623015,-0.148861295276319,0.0436579448879027,-5.1242148987179
"Clothes_No+Fur_Brown",2,6424,-0.0489645177429873,0.0573100545882909,-0.161292224736038,0.0633631892500628,-4.77850841665279
"Clothes_No+Fur_Brown",2,6425,-0.0527299618060162,0.0613529418591559,-0.172981727849962,0.0675218042379294,-5.13638541105759
"Clothes_No+Fur_Brown",2,6426,-0.0582829493968556,0.0453538290138472,-0.147176454263996,0.0306105554702848,-5.66170199757562
"Clothes_No+Fur_Brown",2,6427,-0.056223083716197,0.0453668216600826,-0.145142054169959,0.0326958867375649,-5.46717749675842
"Clothes_No+Fur_Brown",2,6428,-0.0580032369998648,0.043594309565365,-0.14344808374798,0.0274416097482506,-5.63531071530099
"Clothes_No+Fur_Brown",2,6429,-0.0568689833735329,0.0463499727243966,-0.14771492991335,0.0339769631662844,-5.52821649976264
"Clothes_No+Fur_Brown",2,6430,-0.0530661575303623,0.0458613456466859,-0.142954394997867,0.0368220799371421,-5.16827279217746
"Clothes_No+Fur_Brown",2,6431,-0.0473364645796818,0.0560682948119127,-0.157230322411031,0.0625573932516671,-4.6233565025535
"Clothes_No+Fur_Brown",2,6433,-0.0556302243047946,0.0456615184951624,-0.145126800555313,0.0338663519457238,-5.41111620666126
"Clothes_No+Fur_Brown",2,6434,-0.0564573218677095,0.0507187045273803,-0.155865982741375,0.0429513390059559,-5.48931809717095
"Clothes_No+Fur_Brown",2,6435,-0.0582383700583856,0.0519184889939909,-0.159998608486608,0.0435218683698366,-5.65749636491683
"Clothes_No+Fur_Brown",2,6436,-0.0541406021499682,0.0485707049099242,-0.14933918377342,0.0410579794734831,-5.27010951248879
"Clothes_No+Fur_Brown",2,6437,-0.0484438232911798,0.0546545166545989,-0.155566675934194,0.058679029351834,-4.72891420369725
"Clothes_No+Fur_Brown",2,6438,-0.0553862551343953,0.0452979327684024,-0.144170203360464,0.0333976930916734,-5.38803661991387
"Clothes_No+Fur_Brown",2,6439,-0.0530516324087269,0.0444006942122595,-0.140076993064755,0.0339737282473016,-5.16689533980107
"Clothes_No+Fur_Brown",2,6440,-0.0540153796808054,0.0457035273533762,-0.143594293293423,0.035563533931812,-5.25824645895349
"Clothes_No+Fur_Brown",2,6441,-0.0548089753468843,0.0432649699213431,-0.139608316392717,0.0299903656989482,-5.33340327795302
"Clothes_No+Fur_Brown",2,6442,-0.052418915633075,0.0567499891227864,-0.163648894313736,0.0588110630475864,-5.10687385729833
"Clothes_No+Fur_Brown",2,6444,-0.0505967547313889,0.0591792409972927,-0.166588067086083,0.0653945576233048,-4.93380568185713
"Clothes_No+Fur_Brown",2,6445,-0.0578902407415423,0.0504649154973677,-0.156801475116383,0.0410209936332983,-5.6246472560399
"Clothes_No+Fur_Brown",2,6446,-0.0487046510345349,0.0584290428088786,-0.163225574939937,0.0658162728708671,-4.75376030559529
"Clothes_No+Fur_Brown",2,6447,-0.0444940417002331,0.0553109200086381,-0.152903444917164,0.0639153615166976,-4.3518700921056
"Clothes_No+Fur_Brown",2,6448,-0.052398627158962,0.0524090702630574,-0.155120404874554,0.0503231505566304,-5.1049486010349
"Clothes_No+Fur_Brown",2,6449,-0.0497648705735722,0.0582877260829957,-0.164008813696244,0.0644790725490994,-4.85468871734786
"Clothes_No+Fur_Brown",2,6450,-0.0468558378620681,0.0594296903240948,-0.163338030897294,0.0696263551731577,-4.57750492158753
"Clothes_No+Fur_Brown",2,6451,-0.046554292079918,0.0561762815371874,-0.156659803892805,0.0635512197329693,-4.5487263318613
"Clothes_No+Fur_Brown",2,6453,-0.0511505086125874,0.0593963167085114,-0.16756728936127,0.0652662721360949,-4.98643438291297
"Clothes_No+Fur_Brown",2,6454,-0.0564475051357981,0.049183685985399,-0.15284752966718,0.0399525193955839,-5.48839030659002
"Clothes_No+Fur_Brown",2,6455,-0.0473940024753317,0.0564035590323056,-0.157944978178651,0.0631569732279873,-4.62884411604012
"Clothes_No+Fur_Brown",2,6456,-0.0430245064658269,0.0562029256130275,-0.153182240667361,0.0671332277357069,-4.21120846680727
"Clothes_No+Fur_Brown",2,6458,-0.0567038207664578,0.0484737353451519,-0.151712342042956,0.0383047005100399,-5.51261200510067
"Clothes_No+Fur_Brown",2,6459,-0.0492416392993047,0.0577317789682738,-0.162395926077121,0.063912647478512,-4.80489268860113
"Clothes_No+Fur_Brown",2,6460,-0.0475959266468263,0.0587009247895331,-0.162649739234311,0.0674578859406585,-4.64809991350557
"Clothes_No+Fur_Brown",2,6462,-0.0489867255590333,0.0561172628198064,-0.158976560685854,0.0610031095677873,-4.78062305454067
"Clothes_No+Fur_Brown",2,6463,-0.0604539557974304,0.0469545911098376,-0.152484954372712,0.0315770427778512,-5.86628888627972
"Clothes_No+Fur_Brown",2,6464,-0.0493869559324037,0.0566953509760332,-0.160509843845429,0.0617359319806213,-4.81872511601789
"Clothes_No+Fur_Brown",2,6465,-0.0521468463753329,0.0563564458011451,-0.162605480145577,0.0583117873949115,-5.08105284251098
"Clothes_No+Fur_Brown",2,6466,-0.0502209301890996,0.0492460768780959,-0.146743240870168,0.0463013804919684,-4.89807075828028
"Clothes_No+Fur_Brown",2,6468,-0.0532919633899134,0.0477103765802593,-0.146804301487222,0.0402203747073948,-5.18968393438067
"Clothes_No+Fur_Brown",2,6469,-0.0567832377563825,0.0459413967960748,-0.146828375476689,0.033261899963924,-5.52011561108023
"Clothes_No+Fur_Brown",2,6470,-0.0559191139556674,0.0484040309300191,-0.150791014578505,0.03895278666717,-5.43843800959369
"Clothes_No+Fur_Brown",2,6471,-0.059239415327871,0.0451352880553046,-0.147704579916268,0.0292257492605259,-5.7518902277446
"Clothes_No+Fur_Brown",2,6472,-0.0548047764897347,0.047110672204479,-0.147141694010513,0.0375321410310441,-5.33300578560203
"Clothes_No+Fur_Brown",2,6473,-0.0554829879972249,0.0459992555573904,-0.14564152888971,0.0346755528952602,-5.39718826335008
"Clothes_No+Fur_Brown",2,6474,-0.0571021596806309,0.04529858065208,-0.145887377758708,0.031683058397446,-5.55024251329215
"Clothes_No+Fur_Brown",2,6475,-0.0554743658197785,0.0443107647084482,-0.142323464648337,0.0313747330087801,-5.39637257760386
"Clothes_No+Fur_Brown",2,6476,-0.0510216922735029,0.0447124019242095,-0.138658000044954,0.0366146154979477,-4.97419429488208
"Clothes_No+Fur_Brown",2,6477,-0.05822440966971,0.0437062722516051,-0.143888703282856,0.0274398839434359,-5.65617929770409
"Clothes_No+Fur_Brown",2,6478,-0.0509140278985215,0.0579733168791928,-0.164541728981739,0.0627136731846963,-4.96396285013256
"Clothes_No+Fur_Brown",2,6481,-0.0465276781988915,0.055529892891107,-0.155366268265461,0.0623109118676782,-4.54618596921575
"Clothes_No+Fur_Brown",2,6483,-0.0498744686239591,0.0595162467400813,-0.166526312234518,0.0667773749866003,-4.86511588655875
"Clothes_No+Fur_Brown",2,6484,-0.0538429271475254,0.0549377544566088,-0.161520925882479,0.0538350715874278,-5.24190659466294
"Clothes_No+Fur_Brown",2,6485,-0.0558059859355943,0.0425037152424494,-0.139113267810795,0.0275012959396066,-5.42773984219086
"Clothes_No+Fur_Brown",2,6486,-0.0515832774345237,0.0601065846699004,-0.169392183387529,0.0662256285184812,-5.02754439556555
"Clothes_No+Fur_Brown",2,6487,-0.0621939805037844,0.0473921148321894,-0.155082525574876,0.0306945645673068,-6.02994144827711
"Clothes_No+Fur_Brown",2,6488,-0.056948118137115,0.0465436224126568,-0.148173618065922,0.0342773817916923,-5.53569220621708
"Clothes_No+Fur_Brown",2,6489,-0.0589939029421021,0.0454847828444399,-0.148144077317204,0.0301562714330002,-5.72874830876258
"Clothes_No+Fur_Brown",2,6490,-0.0562700367791778,0.0476468076804785,-0.149657779832916,0.03711770627456,-5.47161599812573
"Clothes_No+Fur_Brown",2,6491,-0.0587545103277797,0.0423361770116265,-0.141733417270568,0.0242243966150082,-5.70617776586192
"Clothes_No+Fur_Brown",2,6492,-0.0573403427628197,0.0482567899628117,-0.151923651089931,0.0372429655642912,-5.57273616873187
"Clothes_No+Fur_Brown",2,6494,-0.0567995971771744,0.0418971999985169,-0.138918109174268,0.0253189148199187,-5.52166123462253
"Clothes_No+Fur_Brown",2,6495,-0.0611018297617037,0.0492887157457665,-0.157707712623406,0.0355040530999988,-5.92725591526281
"Clothes_No+Fur_Brown",2,6496,-0.0571528563475367,0.0464076178475525,-0.14811178732874,0.0338060746336662,-5.55503067981372
"Clothes_No+Fur_Brown",2,6500,-0.0580559428814331,0.0445241077019989,-0.145323193977351,0.0292113082144846,-5.64028415837267
"Clothes_No+Fur_Brown",2,6501,-0.0583193341198423,0.0471363773499339,-0.150706633725713,0.0340679654860282,-5.66513440797145
"Clothes_No+Fur_Brown",2,6502,-0.0583009449383205,0.0441197468410054,-0.144775648746691,0.0281737588700502,-5.66339965105391
"Clothes_No+Fur_Brown",2,6503,-0.0580117077806622,0.0514012390731474,-0.158758136364031,0.0427347208027067,-5.63611005451342
"Clothes_No+Fur_Brown",2,6504,-0.0548110280906362,0.0460464856596889,-0.145062139983626,0.0354400838023541,-5.33359760401849
"Clothes_No+Fur_Brown",2,6505,-0.0546723336580804,0.0445935264888414,-0.14207564557621,0.0327309782600487,-5.32046699050565
"Clothes_No+Fur_Brown",2,6506,-0.0514258283006632,0.0563904953354826,-0.161951199158209,0.0590995425568827,-5.01258988743375
"Clothes_No+Fur_Brown",2,6507,-0.056228846680395,0.0469199874929008,-0.148192022166481,0.0357343288056906,-5.46772228446024
"Clothes_No+Fur_Brown",2,6508,-0.0539938695738439,0.0494284845934147,-0.150873699376937,0.0428859602292489,-5.25620853178316
"Clothes_No+Fur_Brown",2,6509,-0.0557924984680054,0.0463306710503838,-0.146600613726758,0.0350156167907469,-5.42646429329523
"Clothes_No+Fur_Brown",2,6510,-0.0527895109252519,0.0502912119751949,-0.151360286396634,0.0457812645461301,-5.14203428755939
"Clothes_No+Fur_Brown",2,6511,-0.0615358103232572,0.049070372484146,-0.157713740392183,0.034642119745669,-5.96807280005968
"Clothes_No+Fur_Brown",2,6512,-0.0552085458821417,0.0408783057171337,-0.135330025087724,0.0249129333234404,-5.37122170460859
"Clothes_No+Fur_Brown",2,6513,-0.0582814210547394,0.0503066964839952,-0.15688254616337,0.0403197040538911,-5.66155781627143
"Clothes_No+Fur_Brown",2,6514,-0.0588417457540975,0.0465837784656887,-0.150145951546847,0.0324624600386524,-5.71440316886517
"Clothes_No+Fur_Brown",2,6515,-0.0539393755570109,0.0459819905705369,-0.144064077075263,0.0361853259612414,-5.25104542133803
"Clothes_No+Fur_Brown",2,6516,-0.0532582278304332,0.0602297166125235,-0.171308472390979,0.0647920167301129,-5.18648540137186
"Clothes_No+Fur_Brown",2,6517,-0.0504877655346836,0.0544697163079552,-0.157248409498276,0.0562728784289086,-4.92344392905525
"Clothes_No+Fur_Brown",2,6518,-0.056729408655771,0.0440366851570415,-0.143041311563572,0.0295824942520303,-5.5150297069941
"Clothes_No+Fur_Brown",2,6519,-0.0556805064823049,0.0447559239279208,-0.14340211738103,0.03204110441642,-5.41587222213424
"Clothes_No+Fur_Brown",2,6520,-0.0497185714111556,0.0543769698495578,-0.156297432316289,0.0568602894939777,-4.8502834671487
"Clothes_No+Fur_Brown",2,6521,-0.0550246786188308,0.0455524934673673,-0.144307565814871,0.0342582085772092,-5.35382097044929
"Clothes_No+Fur_Brown",2,6522,-0.0569150560129259,0.0470153534655206,-0.149065148805346,0.0352350367794945,-5.53256896391113
"Clothes_No+Fur_Brown",2,6523,-0.0556757739348918,0.0438933536819413,-0.141706747151497,0.0303551992817131,-5.41542459720581
"Clothes_No+Fur_Brown",2,6524,-0.0578911811023477,0.0419036192533477,-0.140022274838909,0.0242399126342138,-5.62473600288089
"Clothes_No+Fur_Brown",2,6525,-0.0538601634725209,0.0465785540655887,-0.145154129441075,0.0374338024960329,-5.24353986188103
"Clothes_No+Fur_Brown",2,6526,-0.053271354279614,0.0429483700909777,-0.13745015965793,0.0309074510987022,-5.18772995798458
"Clothes_No+Fur_Brown",2,6527,-0.0548925789552928,0.0484761571905857,-0.149905847048841,0.0401206891382553,-5.34131741620486
"Clothes_No+Fur_Brown",2,6528,-0.0516203353782189,0.0569085501392571,-0.163161093651163,0.059920422894725,-5.03106381426633
"Clothes_No+Fur_Brown",2,6529,-0.0540274595450025,0.0551029913996564,-0.162029322688329,0.0539744035983241,-5.25939091955757
"Clothes_No+Fur_Brown",2,6530,-0.0543650036504416,0.0426258043115028,-0.137911580100987,0.0291815728001039,-5.29136465712149
"Clothes_No+Fur_Brown",2,6531,-0.0546718602342402,0.0577934388843586,-0.167947000447583,0.0586032799791027,-5.32042216694693
"Clothes_No+Fur_Brown",2,6532,-0.0593296649299116,0.0442727559603225,-0.146104266612144,0.0274449367523204,-5.76039569833119
"Clothes_No+Fur_Brown",2,6533,-0.0561740519221842,0.0468307813071671,-0.147962383284232,0.0356142794398633,-5.46254226924215
"Clothes_No+Fur_Brown",2,6534,-0.0570445340667156,0.0428698840994653,-0.141069506901668,0.0269804387682365,-5.54479963120962
"Clothes_No+Fur_Brown",2,6535,-0.0424124906406485,0.059609804465931,-0.159247707393873,0.0744227261125762,-4.15256626736763
"Clothes_No+Fur_Brown",2,6536,-0.0515825510288273,0.0565808721300591,-0.162481060403743,0.0593159583460885,-5.02747540700774
"Clothes_No+Fur_Brown",2,6537,-0.0540924889297468,0.0412274014072909,-0.134898195688037,0.0267132178285435,-5.26555164276018
"Clothes_No+Fur_Brown",2,6538,-0.0477877120697874,0.0529050047832038,-0.151481521444867,0.0559060973052921,-4.66638526450586
"Clothes_No+Fur_Brown",2,6539,-0.0590482073463978,0.0493763979996363,-0.155825947425685,0.0377295327328894,-5.73386751392893
"Clothes_No+Fur_Brown",2,6540,-0.0522150037272652,0.0509467401181487,-0.152070614358837,0.0476406069043063,-5.08752204613303
"Clothes_No+Fur_Brown",2,6541,-0.0611365039094589,0.0443022743954729,-0.147968961724586,0.0256959539056679,-5.93051775093993
"Clothes_No+Fur_Brown",2,6542,-0.0515448813745722,0.0508617430613714,-0.15123389777486,0.0481441350257157,-5.02389775745861
"Clothes_No+Fur_Brown",2,6543,-0.0568253373429816,0.0563443950225856,-0.167260351587249,0.0536096769012862,-5.5240930914292
"Clothes_No+Fur_Brown",2,6544,-0.0592034941496729,0.0492252790388847,-0.155685041065887,0.0372780527665412,-5.74850466379227
"Clothes_No+Fur_Brown",2,6545,-0.0546797618401217,0.0461419119319182,-0.145117909226681,0.0357583855464379,-5.32117028470032
"Clothes_No+Fur_Brown",2,6546,-0.0565210292198751,0.0470668478670934,-0.148772051039378,0.035729992599628,-5.49533893067862
"Clothes_No+Fur_Brown",2,6547,-0.055240484701424,0.0473072217041786,-0.147962639241614,0.0374816698387661,-5.37424398779313
"Clothes_No+Fur_Brown",2,6548,-0.0533335878272955,0.0475757054091525,-0.146581970429234,0.0399147947746434,-5.19363027831219
"Clothes_No+Fur_Brown",2,6549,-0.0583767264286697,0.0503889638233477,-0.157139095522431,0.0403856426650918,-5.67054834834994
"Clothes_No+Fur_Brown",2,6550,-0.0543741640010126,0.0457535038688308,-0.144051031583921,0.0353027035818958,-5.29223221744974
"Clothes_No+Fur_Brown",2,6551,-0.0542223718018865,0.0433430868282788,-0.139174821985313,0.03073007838154,-5.27785522597374
"Clothes_No+Fur_Brown",2,6552,-0.0529661293807996,0.0417885277582282,-0.134871643786927,0.0289393850253276,-5.1587864755436
"Clothes_No+Fur_Brown",2,6553,-0.0567262345640083,0.0453956996553437,-0.145701805888482,0.0322493367604653,-5.51472980255223
"Clothes_No+Fur_Brown",2,6554,-0.0573614998828793,0.0455099991315967,-0.146561098180809,0.0318380984150503,-5.57473395655587
"Clothes_No+Fur_Brown",2,6556,-0.0489773931407339,0.0573776326296341,-0.161437553094817,0.0634827668133489,-4.77973442333827
"Clothes_No+Fur_Brown",2,6557,-0.0529304099730125,0.0471478173327598,-0.145340131945222,0.0394793119991967,-5.15539874305915
"Clothes_No+Fur_Brown",2,6559,-0.0507055581522581,0.0524392926361921,-0.153486571719195,0.0520754554146784,-4.94414864632279
"Clothes_No+Fur_Brown",2,6560,-0.0495777667302721,0.0582171210726961,-0.163683324032756,0.0645277905722122,-4.83688499841471
"Clothes_No+Fur_Brown",2,6562,-0.0521123285184665,0.0556284370887626,-0.161144065212441,0.0569194081755082,-5.0777763873313
"Clothes_No+Fur_Brown",2,6563,-0.0523262313641645,0.0572769175474191,-0.164588989757106,0.0599365270287769,-5.09807834968087
"Clothes_No+Fur_Brown",2,6564,-0.0488138359171963,0.0583614818597501,-0.163202340362306,0.065574668527914,-4.76415918738958
"Clothes_No+Fur_Brown",2,6565,-0.0493152133758563,0.0533175803510789,-0.153817670863971,0.0551872441122584,-4.81189632306767
"Clothes_No+Fur_Brown",2,6566,-0.0494841729493056,0.0522361839955148,-0.151867093580515,0.0528987476819034,-4.82797790585543
"Clothes_No+Fur_Brown",2,6567,-0.0450734552884525,0.0598289853186209,-0.16233826651295,0.0721913559360446,-4.40727386586232
"Clothes_No+Fur_Brown",2,6568,-0.0456376581578367,0.0605312297767818,-0.164278868520329,0.0730035522046556,-4.46119234432902
"Clothes_No+Fur_Brown",2,6569,-0.0530734700352189,0.054616354145145,-0.160121524159703,0.0539745840892653,-5.16896624710779
"Clothes_No+Fur_Brown",2,6570,-0.0614618193063232,0.05028473400036,-0.160019897947029,0.0370962593343824,-5.96111502473863
"Clothes_No+Fur_Brown",2,6571,-0.0520481175592219,0.0596418638534936,-0.168946170712069,0.0648499355936256,-5.07168114461091
"Clothes_No+Fur_Brown",2,6572,-0.0460649161952376,0.061231586398858,-0.166078825536999,0.0739489931465241,-4.50200334874795
"Clothes_No+Fur_Brown",2,6573,-0.0516462018482065,0.0403620229297763,-0.130755766790568,0.0274633630941551,-5.03352029363356
"Clothes_No+Fur_Brown",2,6574,-0.0499073475053222,0.0595481777974029,-0.166621775988232,0.0668070809775875,-4.86824376370617
"Clothes_No+Fur_Brown",2,6575,-0.0481902210615355,0.0540473786181988,-0.154123083153205,0.0577426410301341,-4.70475018002304
"Clothes_No+Fur_Brown",2,6576,-0.0516812932987385,0.0530475004274565,-0.155654394136553,0.0522918075390763,-5.03685274668774
"Clothes_No+Fur_Brown",2,6577,-0.0519798148110923,0.0547374151868413,-0.159265148577301,0.0553055189551166,-5.06519705811982
"Clothes_No+Fur_Brown",2,6578,-0.0533845259261622,0.0552534661329062,-0.161681319546658,0.054912267694334,-5.19845941155178
"Clothes_No+Fur_Brown",2,6581,-0.0567795459743244,0.0564574767839422,-0.167436200470851,0.0538771085222023,-5.51976681129435
"Clothes_No+Fur_Brown",2,6582,-0.0489412036813697,0.0543471054732896,-0.155461530409017,0.0575791230462779,-4.7762883910519
"Clothes_No+Fur_Brown",2,6583,-0.0525086741694584,0.0549603978653129,-0.160231053985472,0.055213705646555,-5.11539094316745
"Clothes_No+Fur_Brown",2,6584,-0.0504222567489166,0.0587425688460468,-0.165557691687168,0.0647131781893351,-4.91721537530188
"Clothes_No+Fur_Brown",2,6585,-0.0593441428258909,0.0448085228999959,-0.147168847709883,0.028480562058101,-5.76176007964269
"Clothes_No+Fur_Brown",2,6587,-0.0498563521963715,0.054927251998646,-0.157513766113718,0.0578010617209746,-4.86339236670769
"Clothes_No+Fur_Brown",2,6588,-0.050261853383962,0.0540589933062173,-0.156217480264148,0.0556937734962238,-4.90196255342955
"Clothes_No+Fur_Brown",2,6589,-0.0479450842139738,0.0550668881618824,-0.155876185011263,0.0599860165833157,-4.68138693941599
"Clothes_No+Fur_Brown",2,6590,-0.0515209216934748,0.0580850003490825,-0.165367522377677,0.062325678990727,-5.0216221330755
"Clothes_No+Fur_Brown",2,6591,-0.0526634896714199,0.0470371622357784,-0.144856327653546,0.0395293483107058,-5.13007941451613
"Clothes_No+Fur_Brown",2,6592,-0.0542063569156943,0.0544060921821164,-0.160842297592642,0.0524295837612538,-5.27633824945822
"Clothes_No+Fur_Brown",2,6593,-0.0482323884133742,0.0549320468827443,-0.155899200303553,0.0594344234768046,-4.7087684436304
"Clothes_No+Fur_Brown",2,6594,-0.0497488654256529,0.0553266177275302,-0.158189036171612,0.0586913053203062,-4.85316589038045
"Clothes_No+Fur_Brown",2,6595,-0.0498481334766366,0.0583060256892895,-0.164127943827644,0.0644316768743708,-4.86261046237989
"Clothes_No+Fur_Brown",2,6596,-0.0581678933594924,0.0456179943615235,-0.147579162308078,0.0312433755890937,-5.65084718239184
"Clothes_No+Fur_Brown",2,6597,-0.0438866856544642,0.0611198854693358,-0.163681661174362,0.0759082898654339,-4.29375997716105
"Clothes_No+Fur_Brown",2,6598,-0.0517930672256108,0.0546342443986884,-0.15887618624704,0.0552900517958184,-5.04746655737969
"Clothes_No+Fur_Brown",2,6599,-0.0545687913235944,0.0531845361217102,-0.158810482122146,0.0496728994749575,-5.31066314308193
"Clothes_No+Fur_Brown",2,6600,-0.0547274535906048,0.0477401235610685,-0.148298095770299,0.0388431885890896,-5.3256855761512
"Clothes_No+Fur_Brown",2,6601,-0.0499662046557899,0.0560377752522911,-0.15980024415028,0.0598678348387007,-4.87384278302445
"Clothes_No+Fur_Brown",2,6602,-0.0534678464958676,0.0418297283968552,-0.135454114153704,0.0285184211619687,-5.20635800086052
"Clothes_No+Fur_Brown",2,6603,-0.0526128618259567,0.056763180853695,-0.163868696299199,0.0586429726472856,-5.1252762332513
"Clothes_No+Fur_Brown",2,6604,-0.0513449846099931,0.0571761536488338,-0.163410245761707,0.0607202765417211,-5.00491044421997
"Clothes_No+Fur_Brown",2,6606,-0.0515291707881518,0.0545831979710364,-0.158512238811383,0.0554538972350796,-5.02240561547527
"Clothes_No+Fur_Brown",2,6607,-0.0557016547071916,0.0536375766661173,-0.160831304972782,0.0494279955583984,-5.41787248738811
"Clothes_No+Fur_Brown",2,6608,-0.0489937124103721,0.0558246885870762,-0.158410102041041,0.0604226772202972,-4.78128833584784
"Clothes_No+Fur_Brown",2,6609,-0.049060464450269,0.060530751477244,-0.167700737345667,0.0695798084451293,-4.78764416695309
"Clothes_No+Fur_Brown",2,6610,-0.0480920154982028,0.0526032665204296,-0.151194417878245,0.0550103868818391,-4.69539119678696
"Clothes_No+Fur_Brown",2,6611,-0.0542774848633671,0.0423472850532903,-0.137278163567816,0.0287231938410819,-5.28307550950802
"Clothes_No+Fur_Brown",2,6612,-0.0558001018528452,0.0407291239277883,-0.13562918475131,0.0240289810456198,-5.42718336954916
"Clothes_No+Fur_Brown",2,6613,-0.0552973220390157,0.0390988348201752,-0.131931038286559,0.0213363942085278,-5.37962211099191
"Clothes_No+Fur_Brown",2,6614,-0.0503334351475293,0.0582020075147552,-0.16440936987645,0.0637424995813909,-4.90876959502884
"Clothes_No+Fur_Brown",2,6615,-0.0591126531846997,0.0449244913021839,-0.14716465613698,0.0289393497675808,-5.73994237810851
"Clothes_No+Fur_Brown",2,6617,-0.0594425121679959,0.0478118133376908,-0.15315366630987,0.034268641973878,-5.77102977737027
"Clothes_No+Fur_Brown",2,6618,-0.0543608967580687,0.0503156005386056,-0.152979473813736,0.0442576802975982,-5.29097569815065
"Clothes_No+Fur_Brown",2,6619,-0.0562163098757768,0.0448945968870569,-0.144209719774408,0.0317771000228546,-5.46653714433549
"Clothes_No+Fur_Brown",2,6622,-0.055494505058341,0.0428491016618055,-0.13947874431548,0.0284897341987977,-5.39827780344044
"Clothes_No+Fur_Brown",2,6623,-0.0559493200495786,0.0461749921696906,-0.146452304702172,0.034553664603015,-5.44129430187663
"Clothes_No+Fur_Brown",2,6624,-0.0535849986697105,0.041764297640434,-0.135443022044961,0.0282730247055402,-5.21746263160868
"Clothes_No+Fur_Brown",2,6626,-0.05568318582899,0.0437662625003801,-0.141465060329735,0.030098688671755,-5.41612564546397
"Clothes_No+Fur_Brown",2,6627,-0.056860226877555,0.0499545086707014,-0.15477106387213,0.0410506101170197,-5.52738925434851
"Clothes_No+Fur_Brown",2,6628,-0.0572109413035435,0.0451166384626431,-0.145639552690324,0.0312176700832371,-5.56051635238267
"Clothes_No+Fur_Brown",2,6629,-0.0570671552963007,0.0458581054998623,-0.146949042076031,0.0328147314834294,-5.54693629981553
"Clothes_No+Fur_Brown",2,6630,-0.0565871426668736,0.0451324493666506,-0.145046743425509,0.0318724580917615,-5.50158675304453
"Clothes_No+Fur_Brown",2,6631,-0.0565417757257632,0.048526253666886,-0.15165323291286,0.0385696814613334,-5.49729955184786
"Clothes_No+Fur_Brown",2,6632,-0.0541312039944665,0.0482667878048012,-0.148734108091877,0.0404717001029438,-5.26921922206378
"Clothes_No+Fur_Brown",2,6633,-0.0574103604425932,0.0466302974512098,-0.148805743446965,0.0339850225617781,-5.57934751519443
"Clothes_No+Fur_Brown",2,6634,-0.0564984323603827,0.0433814609377086,-0.141526095798292,0.0285292310775262,-5.49320339800299
"Clothes_No+Fur_Brown",2,6635,-0.0556569676263405,0.0440731307263056,-0.142040303849899,0.0307263685972184,-5.41364579377028
"Clothes_No+Fur_Brown",2,6636,-0.049107659024479,0.049569811651631,-0.146264489861676,0.0480491718127178,-4.79213756751325
"Clothes_No+Fur_Brown",2,6638,-0.0537646007345037,0.0404081052453852,-0.132964487015459,0.0254352855464512,-5.23448424242241
"Clothes_No+Fur_Brown",2,6639,-0.0537648303106493,0.0489476442851951,-0.149702213109632,0.042172552488333,-5.23450599832176
"Clothes_No+Fur_Brown",2,6642,-0.0582996078272955,0.043770548791076,-0.144089883457804,0.0274906678032135,-5.6632735124612
"Clothes_No+Fur_Brown",2,6644,-0.0571258040621847,0.0466306582489593,-0.148521894230145,0.0342702861057755,-5.55247569299464
"Clothes_No+Fur_Brown",2,6645,-0.057289709391752,0.0446001743977534,-0.144706051211349,0.0301266324278446,-5.56795487699797
"Clothes_No+Fur_Brown",2,6646,-0.0538722507830819,0.0499783928176265,-0.15182990070563,0.0440853991394659,-5.2446852057203
"Clothes_No+Fur_Brown",2,6647,-0.0575112380004208,0.0516008962104244,-0.158648994572853,0.0436265185720109,-5.58887195961617
"Clothes_No+Fur_Brown",2,6648,-0.0547799982311626,0.0448481262334873,-0.142682325648798,0.0331223291864725,-5.33066007327994
"Clothes_No+Fur_Brown",2,6650,-0.0556976160600354,0.0468966194121189,-0.147614990107788,0.0362197579877176,-5.41749050277645
"Clothes_No+Fur_Brown",2,6651,-0.0574213162033019,0.046141218662124,-0.147858104781065,0.0330154723744611,-5.58038195960244
"Clothes_No+Fur_Brown",2,6652,-0.0556095533592358,0.0439510157500894,-0.141753544229411,0.0305344375109394,-5.40916094478542
"Clothes_No+Fur_Brown",2,6653,-0.0561708004450308,0.0474409875952333,-0.149155136131688,0.0368135352416266,-5.46223488235847
"Clothes_No+Fur_Brown",2,6655,-0.0560051193482871,0.047364403285937,-0.148839349788724,0.0368291110921494,-5.44657046413692
"Clothes_No+Fur_Brown",2,6656,-0.0523906491574782,0.0545152907064183,-0.159240618942058,0.0544593206271015,-5.10419152515407
"Clothes_No+Fur_Brown",2,6657,-0.0553345296012236,0.0419836869965974,-0.137622556114555,0.0269534969121073,-5.38314263909282
"Clothes_No+Fur_Brown",2,6658,-0.0501380315630097,0.056968699087048,-0.161796681773624,0.0615206186476043,-4.89018661221973
"Clothes_No+Fur_Brown",2,6659,-0.05567649383133,0.0424428710688507,-0.138864521126277,0.0275115334636174,-5.41549268828024
"Clothes_No+Fur_Brown",2,6660,-0.0554519750588456,0.0460636340467891,-0.145736697790552,0.034832747672861,-5.39425430668411
"Clothes_No+Fur_Brown",2,6661,-0.0571692729030266,0.0480580766575851,-0.151363103151893,0.0370245573458402,-5.55658112816675
"Clothes_No+Fur_Brown",2,6662,-0.055568710916855,0.0468331960544791,-0.147361775183634,0.036224353349924,-5.40529754499675
"Clothes_No+Fur_Brown",2,6663,-0.0499226959385865,0.0576490243692205,-0.162914783702259,0.0630693918250857,-4.86970387591283
"Clothes_No+Fur_Brown",2,6664,-0.0560072879671822,0.0476699129681718,-0.149440317384799,0.0374257414504345,-5.44677551426848
"Clothes_No+Fur_Brown",2,6665,-0.0584958731504703,0.0464647295702258,-0.149566743108113,0.0325749968071722,-5.6817867237624
"Clothes_No+Fur_Brown",2,6666,-0.0556910929935892,0.046285814602335,-0.146411289614166,0.0350291036269874,-5.41687353277008
"Clothes_No+Fur_Brown",2,6667,-0.0547850089823167,0.0425406116208653,-0.138164607759213,0.0285945897945792,-5.33113443659578
"Clothes_No+Fur_Brown",2,6668,-0.0574694079419351,0.0403279553658463,-0.136512200458994,0.0215733845751236,-5.58492265400927
"Clothes_No+Fur_Brown",2,6669,-0.0503797267859573,0.0521826862589807,-0.15265779185356,0.051898338281645,-4.91317142199973
"Clothes_No+Fur_Brown",2,6671,-0.0553943960045337,0.0445540230326514,-0.14272028114853,0.031931489139463,-5.38880684048614
"Clothes_No+Fur_Brown",2,6673,-0.0563658197641448,0.0453936679496587,-0.145337408945476,0.0326057694171862,-5.48066977530372
"Clothes_No+Fur_Brown",2,6674,-0.0530381741958303,0.048506986184432,-0.148111867117317,0.0420355187256565,-5.16561904710061
"Clothes_No+Fur_Brown",2,6675,-0.0531822348300662,0.04672286024452,-0.144759040909325,0.038394571249193,-5.17927996414425
"Clothes_No+Fur_Brown",2,6677,-0.0527061003121215,0.0453498023886905,-0.141591712993955,0.0361795123697118,-5.13412179649074
"Clothes_No+Fur_Brown",2,6678,-0.055773535596993,0.0483885696784133,-0.150615132166683,0.039068060972697,-5.42467089053246
"Clothes_No+Fur_Brown",2,6680,-0.0596671552026868,0.0444537231445983,-0.1467964525661,0.0274621421607259,-5.79219528176631
"Clothes_No+Fur_Brown",2,6681,-0.0598316118543785,0.0489808928151578,-0.155834161772088,0.0361709380633308,-5.80768710799164
"Clothes_No+Fur_Brown",2,6682,-0.0548261275991743,0.0445360084393086,-0.142116704140219,0.0324644489418705,-5.33502700937806
"Clothes_No+Fur_Brown",2,6683,-0.0586277058392507,0.0432646215859331,-0.14342636414768,0.0261709524691781,-5.69422012783701
"Clothes_No+Fur_Brown",2,6684,-0.0553204003108535,0.0452907083065672,-0.144090188591725,0.0334493879700182,-5.38180576059671
"Clothes_No+Fur_Brown",2,6685,-0.0586249143485117,0.0429370046314728,-0.142781443426198,0.0255316147291749,-5.69395687375843
"Clothes_No+Fur_Brown",2,6686,-0.0551537752414949,0.0437886389868551,-0.140979507655731,0.0306719571727412,-5.36603868386033
"Clothes_No+Fur_Brown",2,6687,-0.0475204396125916,0.0593526416990576,-0.163851617342744,0.0688107381175612,-4.64090180968105
"Clothes_No+Fur_Brown",2,6688,-0.0547970829621023,0.0492747508195336,-0.151375594568388,0.0417814286441837,-5.33227745966447
"Clothes_No+Fur_Brown",2,6690,-0.0528550477709728,0.0543032695503184,-0.159289456089597,0.0535793605476512,-5.14825077571696
"Clothes_No+Fur_Brown",2,6691,-0.0528629113398676,0.0559781649032501,-0.162580114550238,0.0568542918705027,-5.14899664604916
"Clothes_No+Fur_Brown",2,6693,-0.0504794929467201,0.0547764486310101,-0.1578413322635,0.0568823463700597,-4.92265739662857
"Clothes_No+Fur_Brown",2,6694,-0.0545503333005651,0.0555614337004732,-0.163450743353493,0.0543500767523623,-5.30891534899124
"Clothes_No+Fur_Brown",2,6695,-0.058110684479317,0.046967795870396,-0.150167564385293,0.0339461954266591,-5.64544941861511
"Clothes_No+Fur_Brown",2,6696,-0.0530756722816497,0.0507780386867947,-0.152600628107767,0.0464492835444679,-5.16917508818343
"Clothes_No+Fur_Brown",2,6698,-0.0550223044308328,0.0456093488338777,-0.144416628145233,0.0343720192835675,-5.35359626236024
"Clothes_No+Fur_Brown",2,6699,-0.0490757140744624,0.0578147855493971,-0.162392693751281,0.0642412656023559,-4.78909610852729
"Clothes_No+Fur_Brown",2,6700,-0.0580960293964246,0.0441492666975438,-0.144628592123611,0.0284365333307613,-5.64406663472269
"Clothes_No+Fur_Brown",2,6701,-0.0557641860661392,0.0505194022942501,-0.154782214562869,0.043253842430591,-5.42378665144133
"Clothes_No+Fur_Brown",2,6702,-0.0541805734028415,0.0467935145676662,-0.145895861955467,0.0375347151497842,-5.2738959092221
"Clothes_No+Fur_Brown",2,6703,-0.0502210383081974,0.0518037893789456,-0.151756465490931,0.051314388874536,-4.89808104061452
"Clothes_No+Fur_Brown",2,6704,-0.054541861430818,0.0389872504256876,-0.130956872265166,0.0218731494035298,-5.30811313505773
"Clothes_No+Fur_Brown",2,6707,-0.0604850249334038,0.0451654355745638,-0.149009278659549,0.0280392287927412,-5.86921349391724
"Clothes_No+Fur_Brown",2,6708,-0.0561295104457752,0.0425088210642183,-0.139446799731643,0.0271877788400926,-5.45833133751902
"Clothes_No+Fur_Brown",2,6709,-0.0550502049339279,0.0425264342007843,-0.138402015967465,0.0283016060996094,-5.35623690780281
"Clothes_No+Fur_Brown",2,6710,-0.0574268263001342,0.0464797408099156,-0.148527118287569,0.0336734656873004,-5.58090221940738
"Clothes_No+Fur_Brown",2,6711,-0.0537013427242928,0.0471853682197096,-0.146184664434924,0.0387819789863379,-5.22848937484928
"Clothes_No+Fur_Brown",2,6712,-0.0606538180422623,0.0455366118357634,-0.149905577240358,0.028597941155834,-5.88510078114087
"Clothes_No+Fur_Brown",2,6713,-0.0576157977950364,0.047425630506574,-0.150570033587921,0.0353384379978487,-5.59874305170482
"Clothes_No+Fur_Brown",2,6714,-0.0540773654869269,0.0502700227614391,-0.152606610099348,0.0444518791254938,-5.26411892091356
"Clothes_No+Fur_Brown",2,6715,-0.0582123021091722,0.0448521935146653,-0.146122601397916,0.0296979971795718,-5.65503701726847
"Clothes_No+Fur_Brown",2,6716,-0.0501841906014507,0.0538464971739212,-0.155723325062336,0.0553549438594348,-4.89457668843039
"Clothes_No+Fur_Brown",2,6717,-0.0577050078319866,0.0469485590461706,-0.149724183562481,0.0343141678985078,-5.60716421569356
"Clothes_No+Fur_Brown",2,6718,-0.054992634905327,0.0493091270055723,-0.151638523836249,0.0416532540255947,-5.3507881068124
"Clothes_No+Fur_Brown",2,6720,-0.0527192826265972,0.0454972615157678,-0.141893915197502,0.0364553499443077,-5.13537234008768
"Clothes_No+Fur_Brown",2,6721,-0.0576123510687883,0.0435615592454522,-0.142993007189875,0.027768305052298,-5.59841767585391
"Clothes_No+Fur_Brown",2,6722,-0.0498903745842396,0.0590059487433856,-0.165542034121275,0.0657612849527962,-4.86662908621227
"Clothes_No+Fur_Brown",2,6723,-0.0591150314681126,0.0432117948441273,-0.143810149362602,0.0255800864263769,-5.74016655497347
"Clothes_No+Fur_Brown",2,6724,-0.0503694503521853,0.0549896347764178,-0.158149134513964,0.0574102338095936,-4.91219426348242
"Clothes_No+Fur_Brown",2,6725,-0.0481630849245491,0.0585979450413261,-0.163015057205548,0.0666888873564501,-4.70216419998318
"Clothes_No+Fur_Brown",2,6726,-0.059141899727147,0.044044451737732,-0.145469025133102,0.0271852256788076,-5.74269911857208
"Clothes_No+Fur_Brown",2,6727,-0.0584755660136704,0.0490538823284819,-0.154621175377495,0.0376700433501541,-5.67987137145508
"Clothes_No+Fur_Brown",2,6728,-0.0562557738660962,0.0464451071415777,-0.147288183863588,0.034776636131396,-5.47026773838594
"Clothes_No+Fur_Brown",2,6729,-0.0557346167448072,0.0461427275551171,-0.146174362752837,0.0347051292632222,-5.42099005565195
"Clothes_No+Fur_Brown",2,6730,-0.0533093136384671,0.0489723868315355,-0.149295191828277,0.0426765645513425,-5.19132890265952
"Clothes_No+Fur_Brown",2,6731,-0.0515944452552041,0.0544382056382416,-0.158293328306158,0.0551044377957496,-5.02860502499685
"Clothes_No+Fur_Brown",2,6732,-0.0504400957713198,0.0590490904353797,-0.166176313024664,0.0652961214820245,-4.91891154409791
"Clothes_No+Fur_Brown",2,6733,-0.0522594162284483,0.0605492737283474,-0.170935992736009,0.0664171602791126,-5.09173725306782
"Clothes_No+Fur_Brown",2,6734,-0.0469124588720802,0.0571933741437937,-0.159011472193916,0.0651865544497555,-4.58290768668029
"Clothes_No+Fur_Brown",2,6735,-0.0548972821655328,0.0572519914257362,-0.167111185359976,0.0573166210289102,-5.34176261484316
"Clothes_No+Fur_Brown",2,6736,-0.0517537804815968,0.0564245276809945,-0.162345854736346,0.0588382937731525,-5.04373610822673
"Clothes_No+Fur_Brown",2,6737,-0.0528967155543736,0.0597080729672622,-0.169924538570208,0.0641311074614604,-5.15220295551896
"Clothes_No+Fur_Brown",2,6738,-0.0524763213925969,0.0578931477594794,-0.165946891001177,0.0609942482159827,-5.11232111292454
"Clothes_No+Fur_Brown",2,6739,-0.0490632849518089,0.0570594806884067,-0.160899867101086,0.0627732971974682,-4.78791271317061
"Clothes_No+Fur_Brown",2,6740,-0.05403014777941,0.0533315776134702,-0.158560039901812,0.0504997443429917,-5.25964560418036
"Clothes_No+Fur_Brown",2,6741,-0.0517954770116722,0.0577365423131644,-0.164959099945474,0.06136814592213,-5.04769537239558
"Clothes_No+Fur_Brown",2,6742,-0.0537315096529729,0.0631744024233174,-0.177553338402675,0.0700903190967292,-5.23134829712854
"Clothes_No+Fur_Brown",2,6743,-0.0515987968250682,0.0600638662414206,-0.169323974658253,0.0661263810081162,-5.02901829875798
"Clothes_No+Fur_Brown",2,6744,-0.0550467132896202,0.0491276483932492,-0.151336904140389,0.0412434775611482,-5.35590644486923
"Clothes_No+Fur_Brown",2,6745,-0.0508373598703249,0.056884955176483,-0.162331872016232,0.0606571522755818,-4.95667634523925
"Clothes_No+Fur_Brown",2,6746,-0.0489596677701226,0.0577995352513349,-0.162246756862739,0.0643274213224938,-4.77804659388257
"Clothes_No+Fur_Brown",2,6747,-0.0494521652288151,0.0528483781255,-0.153034986354795,0.054130655897165,-4.82493161762161
"Clothes_No+Fur_Brown",2,6749,-0.0509704859686656,0.0582830613248047,-0.165205286165283,0.0632643142279516,-4.9693282499227
"Clothes_No+Fur_Brown",2,6750,-0.0580235224938185,0.0469463857332875,-0.150038438531062,0.033991393543425,-5.63722493021945
"Clothes_No+Fur_Brown",2,6751,-0.051713735418229,0.0470363853776002,-0.143905050758325,0.0404775799218674,-5.03993350248473
"Clothes_No+Fur_Brown",2,6752,-0.0537620835838095,0.0455978140698406,-0.143133799160697,0.035609631993078,-5.23424570303841
"Clothes_No+Fur_Brown",2,6753,-0.0516204616099318,0.0549099775326436,-0.159244017573913,0.0560030943540498,-5.03107580235705
"Clothes_No+Fur_Brown",2,6754,-0.0550491896746121,0.0436431591725567,-0.140589781652823,0.0304914023035991,-5.35614081979188
"Clothes_No+Fur_Brown",2,6755,-0.0571954618271704,0.0458534664307256,-0.147068256031393,0.0326773323770518,-5.55905446731229
"Clothes_No+Fur_Brown",2,6756,-0.0582174243124668,0.0480564615548804,-0.152408088960032,0.0359732403350988,-5.65552027011103
"Clothes_No+Fur_Brown",2,6757,-0.0514859207876742,0.0507679692878546,-0.150991140591869,0.0480192990165209,-5.01829774564074
"Clothes_No+Fur_Brown",2,6758,-0.0545683515410134,0.0455927451134068,-0.143930131963291,0.0347934288812639,-5.31062150035181
"Clothes_No+Fur_Brown",2,6759,-0.0507615435964872,0.0585503929616374,-0.165520313801297,0.0639972266083221,-4.94947024142008
"Clothes_No+Fur_Brown",2,6760,-0.0508440253251642,0.0518195372416635,-0.152410318318825,0.0507222676684963,-4.95730985010955
"Clothes_No+Fur_Brown",2,6761,-0.0567476946522954,0.0500283522022653,-0.154803264968735,0.0413078756641446,-5.51675744303575
"Clothes_No+Fur_Brown",2,6763,-0.0584281536636217,0.0454467884474192,-0.147503859020563,0.0306475516933199,-5.67539932648566
"Clothes_No+Fur_Brown",2,6764,-0.0597002477094629,0.0450276969195562,-0.147954533671793,0.0285540382528672,-5.79531280259873
"Clothes_No+Fur_Brown",2,6765,-0.0519598972053062,0.0562434390054369,-0.162197037655962,0.0582772432453501,-5.06330616530848
"Clothes_No+Fur_Brown",2,6766,-0.0584228743106943,0.0468409237604474,-0.150231084881171,0.0333853362597826,-5.67490135231448
"Clothes_No+Fur_Brown",2,6767,-0.0617860300158374,0.046666116284066,-0.153251617932607,0.0296795579009319,-5.99159849655736
"Clothes_No+Fur_Brown",2,6768,-0.0559104643158713,0.0461630591969384,-0.146390060341871,0.0345691317101279,-5.43762008260654
"Clothes_No+Fur_Brown",2,6770,-0.0563286833681135,0.0456536471158426,-0.145809831715165,0.0331524649789381,-5.4771596028467
"Clothes_No+Fur_Brown",2,6771,-0.0595366935429803,0.04327670964758,-0.144359044452237,0.0252856573662765,-5.77990397345065
"Clothes_No+Fur_Brown",2,6773,-0.0589043360302338,0.0462309278824631,-0.149516954679862,0.031708282619394,-5.72030434572643
"Clothes_No+Fur_Brown",2,6774,-0.0601310155480705,0.0442699085363416,-0.1469000362793,0.026638005183159,-5.83588441298963
"Clothes_No+Fur_Brown",2,6775,-0.0525966831702563,0.0474737279253789,-0.145645189903999,0.0404518235634863,-5.12374127534406
"Clothes_No+Fur_Brown",2,6776,-0.0569389139190331,0.0455670424058186,-0.146250317034438,0.0323724891963715,-5.53482273212578
"Clothes_No+Fur_Brown",2,6777,-0.0519547740307711,0.0545242238425879,-0.158822252762243,0.0549127047007011,-5.06281978681028
"Clothes_No+Fur_Brown",2,6778,-0.0538881035450618,0.0463479608539951,-0.144730106818892,0.0369538997287686,-5.24618732726565
"Clothes_No+Fur_Brown",2,6779,-0.0577130209926859,0.0453627199253102,-0.146623952046294,0.0311979100609221,-5.60792059762506
"Clothes_No+Fur_Brown",2,6780,-0.0579912841477062,0.0445956425234426,-0.145398743493654,0.0294161751982414,-5.63418278137997
"Clothes_No+Fur_Brown",2,6781,-0.0616845226327254,0.042063572418965,-0.144129124573897,0.020760079308446,-5.98205546539433
"Clothes_No+Fur_Brown",2,6782,-0.0514811973198986,0.0449538231639208,-0.139590690721183,0.0366282960813862,-5.01784910157128
"Clothes_No+Fur_Brown",2,6783,-0.0576714055512295,0.0386679819125797,-0.133460650099886,0.0181178389974268,-5.60399234783339
"Clothes_No+Fur_Brown",2,6784,-0.0483487705998864,0.0557776613037887,-0.157672986755312,0.0609754455555395,-4.71985800018844
"Clothes_No+Fur_Brown",2,6785,-0.0505852453536273,0.0565504395004164,-0.161424106774443,0.0602536160671888,-4.93271152281782
"Clothes_No+Fur_Brown",2,6787,-0.051192114922068,0.0571432573755332,-0.163192899378113,0.0608086695339772,-4.99038746449176
"Clothes_No+Fur_Brown",2,6788,-0.046233289005727,0.0531674971133215,-0.150441583347837,0.0579750053363831,-4.51808126126059
"Clothes_No+Fur_Brown",2,6789,-0.0522474859447907,0.0567401174184704,-0.163458116084993,0.0589631441954113,-5.09060496381755
"Clothes_No+Fur_Brown",2,6790,-0.0503935120254645,0.0581868568363469,-0.164439751424704,0.0636527273737754,-4.9144822076709
"Clothes_No+Fur_Brown",2,6791,-0.0581419172528695,0.0419520687303755,-0.140367971964405,0.0240841374586664,-5.64839632690677
"Clothes_No+Fur_Brown",2,6792,-0.047800542121502,0.054705219665798,-0.155022772666466,0.059421688423462,-4.66760839186665
"Clothes_No+Fur_Brown",2,6793,-0.0483530775460219,0.0518300966877812,-0.149940067054073,0.0532339119620292,-4.7202683657441
"Clothes_No+Fur_Brown",2,6794,-0.0526697346839823,0.0529257062144573,-0.156404118864319,0.051064649496354,-5.13067187651202
"Clothes_No+Fur_Brown",2,6795,-0.0490073248570268,0.058539654810223,-0.163745048285064,0.0657303985710102,-4.78258448665899
"Clothes_No+Fur_Brown",2,6796,-0.0500935256007806,0.0546756818497352,-0.157257862026262,0.0570708108247003,-4.88595356426024
"Clothes_No+Fur_Brown",2,6797,-0.0507434795965945,0.0536486752382182,-0.155894883063502,0.0544079238703132,-4.94775323315274
"Clothes_No+Fur_Brown",2,6798,-0.0521033877479615,0.0479185208878034,-0.146023688688056,0.0418169131921331,-5.07692770572024
"Clothes_No+Fur_Brown",2,6799,-0.0475340641481834,0.0574075799709504,-0.160052920891246,0.0649847925948794,-4.64220102425773
"Clothes_No+Fur_Brown",2,6801,-0.051212758294553,0.0495796517564842,-0.148388875737262,0.0459633591481561,-4.992348763069
"Clothes_No+Fur_Brown",2,6802,-0.0592187283460208,0.0455494384943043,-0.148495627794857,0.0300581711028156,-5.74994049864139
"Clothes_No+Fur_Brown",2,6803,-0.0507717568032545,0.0604687725850575,-0.169290551069967,0.0677470374634581,-4.95044100717652
"Clothes_No+Fur_Brown",2,6805,-0.0529141531257184,0.0442922825276371,-0.139727026879887,0.0338987206284504,-5.15385685632677
"Clothes_No+Fur_Brown",2,6806,-0.0581464226343351,0.0442581676698406,-0.144892431267223,0.0285995859985525,-5.64882141591562
"Clothes_No+Fur_Brown",2,6807,-0.0555939920607245,0.0488894280614541,-0.151417271061175,0.0402292869397255,-5.40768897704961
"Clothes_No+Fur_Brown",2,6808,-0.0532985409194005,0.0433305948385874,-0.138226506803032,0.0316294249642309,-5.19030754997936
"Clothes_No+Fur_Brown",2,6809,-0.0570073680580304,0.0464325464240354,-0.14801515904914,0.0340004229330789,-5.54128904317548
"Clothes_No+Fur_Brown",2,6810,-0.0547880665855565,0.0463948672448974,-0.145722006385555,0.0361458732144425,-5.3314238959833
"Clothes_No+Fur_Brown",2,6811,-0.0497955930224956,0.0559660827275201,-0.159489115168435,0.0598979291234438,-4.85761176941215
"Clothes_No+Fur_Brown",2,6812,-0.0544601635860135,0.0521601403428107,-0.156694038657922,0.0477737114858956,-5.3003766959595
"Clothes_No+Fur_Brown",2,6813,-0.0513227547655748,0.0563105307569844,-0.161691395049264,0.0590458855181146,-5.00279869468679
"Clothes_No+Fur_Brown",2,6814,-0.0462264449978469,0.0542386587030206,-0.152534216055767,0.0600813260600735,-4.51742778002011
"Clothes_No+Fur_Brown",2,6815,-0.0522167674819285,0.0466176149092749,-0.143587292704107,0.0391537577402503,-5.08768944831101
"Clothes_No+Fur_Brown",2,6818,-0.0571115214553566,0.046893021057897,-0.149021842728835,0.0347987998181215,-5.55112672650572
"Clothes_No+Fur_Brown",2,6819,-0.06202301502196,0.0430168801058356,-0.146336100029398,0.0222900699854778,-6.01387443852684
"Clothes_No+Fur_Brown",2,6820,-0.0572572096956865,0.0474679158335364,-0.150294324729418,0.0357799053380449,-5.5648858143611
"Clothes_No+Fur_Brown",2,6821,-0.054812333290249,0.0447580650825408,-0.142538140852029,0.032913474271531,-5.33372116248961
"Clothes_No+Fur_Brown",2,6822,-0.0578701904768636,0.0441500024541616,-0.14440419528702,0.0286638143332931,-5.62275498626804
"Clothes_No+Fur_Brown",2,6823,-0.0507415749125882,0.0612273300745193,-0.170747141858646,0.0692639920334696,-4.94757218848615
"Clothes_No+Fur_Brown",2,6824,-0.047587913112846,0.0560994832895905,-0.157542900360443,0.0623670741347513,-4.64733580475254
"Clothes_No+Fur_Brown",2,6825,-0.0471175820418175,0.0557570545056234,-0.156401408872839,0.0621662447892043,-4.60247793587834
"Clothes_No+Fur_Brown",2,6827,-0.0479375026537322,0.0555012995518803,-0.156720049775417,0.0608450444679531,-4.68066427286946
"Clothes_No+Fur_Brown",2,6828,-0.0548915443066416,0.0499032399754896,-0.152701894658601,0.0429188060453181,-5.34121947767594
"Clothes_No+Fur_Brown",2,6829,-0.0498314946445929,0.0545292663540591,-0.156708856698549,0.0570458674093629,-4.8610274741648
"Clothes_No+Fur_Brown",2,6830,-0.0540520881796084,0.04584076472638,-0.143899987043313,0.0357958106840964,-5.2617242226678
"Clothes_No+Fur_Brown",2,6831,-0.0508586880036084,0.0574047803742315,-0.163372057537102,0.0616546815298853,-4.95870342029693
"Clothes_No+Fur_Brown",2,6832,-0.0506263357491412,0.0617756621577347,-0.171706633578301,0.0704539620800187,-4.93661779504611
"Clothes_No+Fur_Brown",2,6833,-0.0488370711605312,0.0582981267698043,-0.163101399629348,0.0654272573082853,-4.76637198961748
"Clothes_No+Fur_Brown",2,6834,-0.0494328378606428,0.0521404264738533,-0.151628073749395,0.0527623980281096,-4.82309211625785
"Clothes_No+Fur_Brown",2,6835,-0.0505065561098629,0.0594460518666509,-0.167020817768499,0.0660077055487728,-4.92523045544492
"Clothes_No+Fur_Brown",2,6836,-0.0522963126729191,0.0553959568385939,-0.160872388076563,0.0562797627307249,-5.09523896591331
"Clothes_No+Fur_Brown",2,6837,-0.0495738497808053,0.0609501390464496,-0.169036122311847,0.0698884227502359,-4.83651224857212
"Clothes_No+Fur_Brown",2,6838,-0.0438063505932293,0.0574684330503948,-0.156444479372003,0.0688317781855445,-4.28607110166924
"Clothes_No+Fur_Brown",2,6841,-0.0491509041684264,0.0590773316453395,-0.164942474193292,0.066640665856439,-4.79625475620422
"Clothes_No+Fur_Brown",2,6842,-0.0527855244293744,0.0566033302817049,-0.163728051781516,0.0581570029227672,-5.14165613591638
"Clothes_No+Fur_Brown",2,6843,-0.0495455005480474,0.0600277463630835,-0.167199883419691,0.0681088823235963,-4.833814398467
"Clothes_No+Fur_Brown",2,6844,-0.0477477899717254,0.0587958458730449,-0.162987647882893,0.0674920679394426,-4.66257927061866
"Clothes_No+Fur_Brown",2,6845,-0.0517332168576805,0.0546013649337062,-0.158751892127745,0.0552854584123836,-5.04178344325069
"Clothes_No+Fur_Brown",2,6846,-0.0547592491279563,0.0501957978198863,-0.153143012854933,0.0436245145990208,-5.3286957489964
"Clothes_No+Fur_Brown",2,6847,-0.0505179239690679,0.0589071639754582,-0.165975965360966,0.0649401174228301,-4.9263112458959
"Clothes_No+Fur_Brown",2,6848,-0.0544977878300025,0.0517744594934353,-0.155975728437136,0.0469801527771306,-5.30393963066558
"Clothes_No+Fur_Brown",2,6849,-0.0565142714085086,0.0462664649119687,-0.147196542635967,0.0341679998189501,-5.49470028384793
"Clothes_No+Fur_Brown",2,6851,-0.053020675925221,0.0529961573175828,-0.156893144267683,0.0508517924172413,-5.16395959492091
"Clothes_No+Fur_Brown",2,6854,-0.052609471401764,0.0453033512637641,-0.141404039878742,0.0361850970752137,-5.12495456714727
"Clothes_No+Fur_Brown",2,6855,-0.0509136407825483,0.0508823818485158,-0.150643109205639,0.0488158276405426,-4.96392606015744
"Clothes_No+Fur_Brown",2,6856,-0.0486045415860436,0.0563867680603064,-0.159122606984244,0.0619135238121569,-4.74422477977846
"Clothes_No+Fur_Brown",2,6857,-0.050112112512641,0.0558557729073421,-0.159589427411032,0.0593652023857495,-4.88772142422844
"Clothes_No+Fur_Brown",2,6858,-0.057271911785089,0.0447164768973144,-0.144916206503825,0.0303723829336471,-5.5662741976465
"Clothes_No+Fur_Brown",2,6859,-0.0460525200896733,0.0577158231788959,-0.159175533520309,0.0670704933409627,-4.50081953816297
"Clothes_No+Fur_Brown",2,6860,-0.0449957297880006,0.0574580953201438,-0.157613596615483,0.0676221370394814,-4.39984358462656
"Clothes_No+Fur_Brown",2,6861,-0.0449555632356145,0.0594272741177557,-0.161433020506416,0.0715218940351867,-4.3960035788164
"Clothes_No+Fur_Brown",2,6862,-0.0506680053925922,0.052795542082805,-0.15414726787489,0.0528112570897057,-4.94057896975689
"Clothes_No+Fur_Brown",2,6863,-0.0490261033985993,0.0555112042559734,-0.157828063740307,0.0597758569431086,-4.7843725140663
"Clothes_No+Fur_Brown",2,6864,-0.0516215901507474,0.0574301860149384,-0.164184754740027,0.0609415744385319,-5.03118297860374
"Clothes_No+Fur_Brown",2,6865,-0.0577369520657094,0.0481773206863341,-0.152164500610924,0.0366905964795054,-5.61017947434129
"Clothes_No+Fur_Brown",2,6866,-0.0466168293105385,0.0536860758764066,-0.151841538028295,0.0586078794072185,-4.55469540352914
"Clothes_No+Fur_Brown",2,6867,-0.0579728538307969,0.0477923358302944,-0.151645832058174,0.0357001243965802,-5.63244357343621
"Clothes_No+Fur_Brown",2,6868,-0.0574402973620206,0.045306819700333,-0.146241663974673,0.031361069250632,-5.58217413634978
"Clothes_No+Fur_Brown",2,6869,-0.0607682760370199,0.045055372389649,-0.149076805920732,0.0275402538466921,-5.89587236732344
"Clothes_No+Fur_Brown",2,6870,-0.0571422681012855,0.0484717325324712,-0.152146863864929,0.0378623276623581,-5.55403066792718
"Clothes_No+Fur_Brown",2,6871,-0.05427104974127,0.0493375448169498,-0.150972637582492,0.0424305380999515,-5.2824659925731
"Clothes_No+Fur_Brown",2,6873,-0.0574332625258851,0.0421046066124754,-0.139958291486337,0.0250917664345667,-5.58150992008023
"Clothes_No+Fur_Brown",2,6874,-0.0552822363012759,0.0453457571675815,-0.144159920349736,0.0335954477471839,-5.37819468201936
"Clothes_No+Fur_Brown",2,6876,-0.0531133082580158,0.0465923589532712,-0.144434331806427,0.0382077152903957,-5.17274407170708
"Clothes_No+Fur_Brown",2,6877,-0.0561343152426974,0.0478940338741722,-0.150006621636075,0.0377379911506801,-5.45878558994632
"Clothes_No+Fur_Brown",2,6878,-0.0548271112448185,0.0499127557540954,-0.152656112522845,0.0430018900332084,-5.33512012612061
"Clothes_No+Fur_Brown",2,6879,-0.0562912274494873,0.0437437021886015,-0.142028883739146,0.0294464288401716,-5.47361909672244
"Clothes_No+Fur_Brown",2,6880,-0.0589477671919549,0.0457927099941662,-0.148701478780521,0.0308059443966108,-5.72439893351842
"Clothes_No+Fur_Brown",2,6881,-0.0594499939320522,0.044204115821578,-0.146090060942345,0.0271900730782407,-5.77173477365544
"Clothes_No+Fur_Brown",2,6882,-0.056579628543255,0.0416935022657206,-0.138298892984067,0.0251396358975573,-5.50087667761784
"Clothes_No+Fur_Brown",2,6884,-0.0538579988808325,0.060541192097616,-0.17251873539216,0.0648027376304948,-5.243334752613
"Clothes_No+Fur_Brown",2,6885,-0.0490748139893194,0.0582377269571314,-0.163220758825297,0.0650711308466582,-4.78901041056867
"Clothes_No+Fur_Brown",2,6886,-0.0568259786635135,0.0481167978856935,-0.151134902519473,0.0374829451924457,-5.52415368074865
"Clothes_No+Fur_Brown",2,6887,-0.0566004022858214,0.0437183813161038,-0.142288429665385,0.029087625093742,-5.50283975768816
"Clothes_No+Fur_Brown",2,6889,-0.0550258656859188,0.0472388159504185,-0.147613944948739,0.0375622135769014,-5.35393332174674
"Clothes_No+Fur_Brown",2,6890,-0.0536865677650809,0.0465461373970813,-0.14491699706336,0.0375438615331985,-5.22708911930101
"Clothes_No+Fur_Brown",2,6891,-0.0520671495775599,0.0469755006260565,-0.144139130804631,0.0400048316495108,-5.0734878049239
"Clothes_No+Fur_Brown",2,6893,-0.0494012063659639,0.0581300214283832,-0.163336048365595,0.0645336356336673,-4.82008148078739
"Clothes_No+Fur_Brown",2,6895,-0.057084287249407,0.0443464196432887,-0.144003269750253,0.0298346952514389,-5.5485544514125
"Clothes_No+Fur_Brown",2,6896,-0.0551806456344971,0.0438306536542163,-0.141088726796761,0.0307274355277668,-5.36858150142885
"Clothes_No+Fur_Brown",2,6897,-0.0570872088860043,0.0461660748575585,-0.147572715606819,0.0333982978348103,-5.54883040380937
"Clothes_No+Fur_Brown",2,6898,-0.054738518473417,0.048393260500866,-0.149589309055114,0.0401122721082803,-5.32673313055009
"Clothes_No+Fur_Brown",2,6899,-0.055400072099003,0.046834318599368,-0.147195336553764,0.0363951923557582,-5.38934386103228
"Clothes_No+Fur_Brown",2,6900,-0.0584398210379897,0.0420166433257921,-0.140792441956542,0.0239127998805628,-5.67649984049376
"Clothes_No+Fur_Brown",2,6901,-0.0589957792864847,0.0448398608306117,-0.146881906514484,0.0288903479415142,-5.72892519393018
"Clothes_No+Fur_Brown",2,6902,-0.0565527627690645,0.0475372131211267,-0.149725700486473,0.0366201749483438,-5.49833785140584
"Clothes_No+Fur_Brown",2,6904,-0.0600091058916799,0.0462039959841391,-0.150568938020593,0.0305507262372328,-5.82440419825379
"Clothes_No+Fur_Brown",2,6905,-0.053335234698309,0.0500078509853889,-0.151350622629671,0.0446801532330533,-5.19378641204581
"Clothes_No+Fur_Brown",2,6906,-0.0572452164689857,0.0453233551377513,-0.146078992538978,0.0315885596010069,-5.56375322583647
"Clothes_No+Fur_Brown",2,6907,-0.0576948184692359,0.0503089168727562,-0.156300295539838,0.0409106586013663,-5.60620240794859
"Clothes_No+Fur_Brown",2,6908,-0.0482039864961517,0.0558807743959275,-0.15773030431217,0.0613223313198662,-4.70606195152511
"Clothes_No+Fur_Brown",2,6909,-0.0580895646692997,0.0496559234106136,-0.155415174554102,0.039236045215503,-5.64345664738916
"Clothes_No+Fur_Brown",2,6910,-0.053634511178211,0.0404030337635246,-0.132824457354719,0.0255554349982973,-5.2221554366186
"Clothes_No+Fur_Brown",2,6912,-0.0546932683775472,0.0424031797861207,-0.137803500758344,0.0284169640032493,-5.32244905922135
"Clothes_No+Fur_Brown",2,6913,-0.0489341248300895,0.0531969991114243,-0.153200243088481,0.0553319934283021,-4.77561431417323
"Clothes_No+Fur_Brown",2,6914,-0.0548636927024801,0.048571644511755,-0.15006411594552,0.0403367305405597,-5.33858304207611
"Clothes_No+Fur_Brown",2,6915,-0.0555233931419366,0.045433125857072,-0.144572319821798,0.0335255335379245,-5.40101062642635
"Clothes_No+Fur_Brown",2,6917,-0.0488755904518132,0.0593555881905048,-0.165212543305203,0.0674613624015762,-4.77004025082478
"Clothes_No+Fur_Brown",2,6918,-0.0476967447305982,0.0527804212671163,-0.151146370414146,0.0557528809529498,-4.65771262478059
"Clothes_No+Fur_Brown",2,6919,-0.0469410909902045,0.0533283243869599,-0.151464606788646,0.057582424808237,-4.58563964102748
"Clothes_No+Fur_Brown",2,6920,-0.058413227499215,0.0427366476417036,-0.142177056876954,0.025350601878524,-5.67399141148106
"Clothes_No+Fur_Brown",2,6921,-0.0510693467628825,0.0543856484313654,-0.157665217688359,0.0555265241625937,-4.97872259323311
"Clothes_No+Fur_Brown",2,6922,-0.049429402682911,0.054150246488491,-0.155563885800353,0.0567050804345313,-4.82276516610175
"Clothes_No+Fur_Brown",2,6923,-0.0428853034691229,0.0534261798163632,-0.147600615909195,0.061830008970949,-4.1978734518597
"Clothes_No+Fur_Brown",2,6924,-0.0488322628765273,0.0545745335237431,-0.155798348583064,0.0581338228300091,-4.76591407818639
"Clothes_No+Fur_Brown",2,6925,-0.0575172471184288,0.0450629245431744,-0.145840579223051,0.030806084986193,-5.58943928552127
"Clothes_No+Fur_Brown",2,6927,-0.0541227728840084,0.0438391929239093,-0.140047591014871,0.0318020452468539,-5.26842053302035
"Clothes_No+Fur_Brown",2,6928,-0.0541572423030798,0.045166611312722,-0.142683800476015,0.0343693158698553,-5.2716858192557
"Clothes_No+Fur_Brown",2,6929,-0.0583477238534884,0.0458241755553071,-0.14816310794189,0.0314676602349134,-5.66781251166365
"Clothes_No+Fur_Brown",2,6930,-0.0544994204523665,0.0596807596554442,-0.171473709377037,0.0624748684723041,-5.30409423344531
"Clothes_No+Fur_Brown",2,6931,-0.0545970349585733,0.0425334795131682,-0.137962654804383,0.0287685848872364,-5.31333747638189
"Clothes_No+Fur_Brown",2,6932,-0.0555418180595588,0.0460443274007532,-0.145788699765035,0.0347050636459174,-5.40275358895568
"Clothes_No+Fur_Brown",2,6933,-0.0553439648777848,0.046783954774717,-0.14704051623623,0.0363525864806604,-5.38403537109777
"Clothes_No+Fur_Brown",2,6934,-0.0566138242764101,0.0474176924061765,-0.149552501392516,0.0363248528396959,-5.5041080891718
"Clothes_No+Fur_Brown",2,6936,-0.0531797066535965,0.0520392813394277,-0.155176698078875,0.0488172847716819,-5.17904024032797
"Clothes_No+Fur_Brown",2,6937,-0.0520995706863124,0.0578385909499599,-0.165463208948234,0.061264067575609,-5.07656537780985
"Clothes_No+Fur_Brown",2,6938,-0.0493893201550405,0.0582790497605273,-0.163616257685674,0.064837617375593,-4.81895014547656
"Clothes_No+Fur_Brown",2,6939,-0.0536333407325609,0.0497200465458377,-0.151084631962403,0.043817950497281,-5.22204450423779
"Clothes_No+Fur_Brown",2,6940,-0.0580111239193315,0.0422745924967621,-0.140869325212985,0.0248470773743221,-5.63605495907098
"Clothes_No+Fur_Brown",2,6941,-0.0548116398762627,0.0474868424527429,-0.147885851083639,0.0382625713311135,-5.33365551954508
"Clothes_No+Fur_Brown",2,6942,-0.0575949516114255,0.0483735296627754,-0.152407069750465,0.0372171665276142,-5.59677512525758
"Clothes_No+Fur_Brown",2,6943,-0.0627770454490774,0.0489242531251341,-0.15866858157434,0.0331144906761855,-6.08471612517696
"Clothes_No+Fur_Brown",2,6944,-0.0611386558557255,0.0485689948443862,-0.156333885750722,0.0340565740392714,-5.93072018319325
"Clothes_No+Fur_Brown",2,6945,-0.0567241462547079,0.0473778707666184,-0.14958477295728,0.0361364804478643,-5.5145324878777
"Clothes_No+Fur_Brown",2,6946,-0.0485305559179957,0.0576447967798398,-0.161514357606482,0.0644532457704904,-4.73717695689765
"Clothes_No+Fur_Brown",2,6947,-0.0580761921318221,0.0454002237966487,-0.147060630773253,0.0309082465096093,-5.64219485254024
"Clothes_No+Fur_Brown",2,6948,-0.0571786356557872,0.0456117557590252,-0.146577676943477,0.0322204056319022,-5.55746537440802
"Clothes_No+Fur_Brown",2,6950,-0.0585240512555382,0.0454795988559804,-0.14766406501326,0.0306159625021834,-5.68444439484167
"Clothes_No+Fur_Brown",2,6951,-0.0511228026445198,0.0445869511292512,-0.138513226857852,0.0362676215688126,-4.98380190363048
"Clothes_No+Fur_Brown",2,6952,-0.0572787255485357,0.0464884796881502,-0.14839614573731,0.0338386946402388,-5.56691764452335
"Clothes_No+Fur_Brown",2,6953,-0.0555943527046383,0.0482492675630591,-0.150162917128234,0.0389742117189575,-5.40772309118471
"Clothes_No+Fur_Brown",2,6954,-0.0538077867673399,0.0425704409766982,-0.137245851081668,0.0296302775469886,-5.23857670072849
"Clothes_No+Fur_Brown",2,6955,-0.0585892960028503,0.048240466014862,-0.15314060939198,0.0359620173862791,-5.69059778869423
"Clothes_No+Fur_Brown",2,6956,-0.0541734798741394,0.0543999909620551,-0.160797462159768,0.0524505024114886,-5.27322396450067
"Clothes_No+Fur_Brown",2,6957,-0.0480092177520986,0.0510193490933208,-0.148007141975007,0.0519887064708101,-4.68749986329691
"Clothes_No+Fur_Brown",2,6958,-0.052397612028848,0.0575836262097404,-0.165261519399939,0.0604662953422432,-5.10485227016166
"Clothes_No+Fur_Brown",2,6959,-0.0540524186270718,0.0463308469779335,-0.144860878703821,0.0367560414496778,-5.26175552868555
"Clothes_No+Fur_Brown",2,6960,-0.0475682497536739,0.0561509183486526,-0.157624049717033,0.0624875502096853,-4.64546083263437
"Clothes_No+Fur_Brown",2,6961,-0.0510106489722211,0.0517646210306321,-0.15246930619226,0.0504480082478177,-4.97314489048569
"Clothes_No+Fur_Brown",2,6962,-0.0601481042677221,0.0513192863157377,-0.160733905446568,0.0404376969111239,-5.83749354341311
"Clothes_No+Fur_Brown",2,6963,-0.0511971619911174,0.0479932361623831,-0.145263904869388,0.0428695808871534,-4.99086698335649
"Clothes_No+Fur_Brown",2,6964,-0.0494553731186049,0.0562276441881418,-0.159661555727363,0.060750809490153,-4.82523692826202
"Clothes_No+Fur_Brown",2,6965,-0.0480233031734667,0.0564118484380848,-0.158590526112113,0.0625439197651795,-4.68884237056806
"Clothes_No+Fur_Brown",2,6966,-0.0580963411716039,0.044966833514405,-0.146231334859838,0.0300386525166299,-5.64409605255614
"Clothes_No+Fur_Brown",2,6967,-0.0534292068701287,0.0585651034426151,-0.168216809617654,0.0613583958773969,-5.20269513924589
"Clothes_No+Fur_Brown",2,6968,-0.0497077516734993,0.0554698919569565,-0.158428739909134,0.0590132365621356,-4.84925396660828
"Clothes_No+Fur_Brown",2,6969,-0.0478612838055589,0.0588838793439421,-0.163273687319686,0.0675511197085677,-4.67339886601474
"Clothes_No+Fur_Brown",2,6970,-0.050135556604195,0.0508906199790402,-0.149881171763114,0.0496100585547238,-4.88995121905742
"Clothes_No+Fur_Brown",2,6971,-0.0507114009273403,0.0560094143764018,-0.160489853105088,0.0590670512504071,-4.94470403466
"Clothes_No+Fur_Brown",2,6972,-0.0574796896864028,0.0461700074443129,-0.147972904277256,0.0330135249044504,-5.58589340071794
"Clothes_No+Fur_Brown",2,6973,-0.048525082542168,0.0542973858604159,-0.154947958828583,0.057897793744247,-4.73665554623779
"Clothes_No+Fur_Brown",2,6974,-0.0465825886868334,0.0549544306029957,-0.154293272668705,0.0611280952950382,-4.5514272408184
"Clothes_No+Fur_Brown",2,6975,-0.0502868175309311,0.0621148588146455,-0.172031940807636,0.071458305745774,-4.90433656518012
"Clothes_No+Fur_Brown",2,6976,-0.0504640659576297,0.054185858801877,-0.156668349209308,0.0557402172940492,-4.9211906281876
"Clothes_No+Fur_Brown",2,6977,-0.0466467980154074,0.0560631911153172,-0.156530652601429,0.0632370565706144,-4.55755573283333
"Clothes_No+Fur_Brown",2,6978,-0.0475924594485165,0.0581601934843153,-0.161586438677775,0.0664015197807415,-4.64776930898562
"Clothes_No+Fur_Brown",2,6980,-0.0490955907818054,0.0577087407149649,-0.162204722583137,0.0640135410195258,-4.7909885689918
"Clothes_No+Fur_Brown",2,6981,-0.0556317631205423,0.046252276759111,-0.1462862255684,0.0350226993273152,-5.41126176141321
"Clothes_No+Fur_Brown",2,6982,-0.0585811636127192,0.0433233012683557,-0.143494834098696,0.0263325068732581,-5.6898308247238
"Clothes_No+Fur_Brown",2,6983,-0.0521083928671498,0.055772001388093,-0.161421515587812,0.0572047298535125,-5.07740280582182
"Clothes_No+Fur_Brown",2,6984,-0.0536303808295765,0.0447103563289272,-0.141262679234274,0.0340019175751207,-5.22176397026929
"Clothes_No+Fur_Brown",2,6985,-0.0582877788012701,0.0487703766882076,-0.153877717110157,0.0373021595076168,-5.66215759426832
"Clothes_No+Fur_Brown",2,6986,-0.0495667699880251,0.0536634506672601,-0.154747133295855,0.0556135933198047,-4.83583850841364
"Clothes_No+Fur_Brown",2,6987,-0.0476660962903204,0.0545979156003042,-0.154678010866917,0.0593458182862757,-4.65479048760078
"Clothes_No+Fur_Brown",2,6988,-0.0574035890955578,0.044355581540273,-0.144340528914493,0.0295333507233772,-5.57870815802449
"Clothes_No+Fur_Brown",2,6989,-0.057133056472843,0.0441313185449033,-0.143630440820853,0.0293643278751676,-5.55316066274273
"Clothes_No+Fur_Brown",2,6990,-0.0558082698132693,0.0443380450711797,-0.142710838152782,0.031094298526243,-5.42795583341786
"Clothes_No+Fur_Brown",2,6991,-0.056292944920662,0.0482180967392704,-0.150800414529632,0.038214524688308,-5.47378144291747
"Clothes_No+Fur_Brown",2,6995,-0.0579574270933226,0.0523441879126285,-0.160552035402074,0.0446371812154294,-5.63098777868807
"Clothes_No+Fur_Brown",2,6997,-0.0532101142173417,0.045369950729665,-0.142135217647485,0.0357149892128017,-5.18192347087002
"Clothes_No+Fur_Brown",2,6998,-0.0507893827684907,0.0441504212538956,-0.137324208426126,0.0357454428891448,-4.95211633263438
"Clothes_No+Fur_Brown",2,6999,-0.0481333986444705,0.0561146218616663,-0.158118057493336,0.0618512602043954,-4.69933511974652
"Clothes_No+Fur_Brown",2,7000,-0.0481678706176811,0.0578603750366018,-0.161574205689421,0.0652384644540584,-4.70262026509016
"Clothes_No+Fur_Brown",2,7001,-0.048133674786249,0.0597858548618554,-0.165313950315485,0.0690466007429875,-4.69936143623797
"Clothes_No+Fur_Brown",2,7002,-0.0497554918383608,0.0542946542767297,-0.156173014220751,0.0566620305440295,-4.85379637048219
"Clothes_No+Fur_Brown",2,7003,-0.0464451799910186,0.0534292442213823,-0.151166498664928,0.0582761386828906,-4.53831087578751
"Clothes_No+Fur_Brown",2,7004,-0.0495301820151618,0.0578935289322769,-0.163001498722425,0.063941134692101,-4.83235658095749
"Clothes_No+Fur_Brown",2,7005,-0.0622978399785541,0.0427179290671716,-0.14602498095021,0.0214293009931022,-6.03970062240224
"Clothes_No+Fur_Brown",2,7007,-0.0548210225364439,0.0453176321775607,-0.143643581604463,0.0340015365315752,-5.334543737519
"Clothes_No+Fur_Brown",2,7008,-0.0573910920957659,0.0445032078846207,-0.144617379549623,0.0298351953580907,-5.57752816778685
"Clothes_No+Fur_Brown",2,7009,-0.0587179667397989,0.0456425852715958,-0.148177433872127,0.0307415003925287,-5.70273186831072
"Clothes_No+Fur_Brown",2,7011,-0.0559275759933373,0.0443427015329,-0.142839270997821,0.0309841190111467,-5.4392381897078
"Clothes_No+Fur_Brown",2,7012,-0.0627824858780045,0.0488176841976643,-0.158465146905427,0.0329001751494175,-6.08522706321419
"Clothes_No+Fur_Brown",2,7013,-0.0552804897955395,0.047018536326648,-0.14743682099577,0.0368758414046906,-5.37802942434927
"Clothes_No+Fur_Brown",2,7014,-0.0551520727434546,0.0378161020609148,-0.129271632782848,0.0189674872959384,-5.3658775695895
"Clothes_No+Fur_Brown",2,7015,-0.0555129731215228,0.0436297999278993,-0.141027380980205,0.0300014347371598,-5.4000248978903
"Clothes_No+Fur_Brown",2,7016,-0.054484703199463,0.0470743066210277,-0.146750344176677,0.0377809377777512,-5.30270055959572
"Clothes_No+Fur_Brown",2,7018,-0.0580038077239034,0.048667991030896,-0.15339307014446,0.0373854546966528,-5.63536457148219
"Clothes_No+Fur_Brown",2,7020,-0.0551868226160525,0.0449518693532308,-0.143292486548385,0.0329188413162799,-5.36916603615014
"Clothes_No+Fur_Brown",2,7024,-0.0539503396329599,0.0513566192820428,-0.154609313425764,0.0467086341598439,-5.25208425037721
"Clothes_No+Fur_Brown",2,7025,-0.0579143997372308,0.0458572577447019,-0.147794624916847,0.031965825442385,-5.62692724223874
"Clothes_No+Fur_Brown",2,7026,-0.0547810425369646,0.041451453982398,-0.136025892342465,0.0264638072685355,-5.33075893696927
"Clothes_No+Fur_Brown",2,7027,-0.0499731650511352,0.0555960013633002,-0.158941327723203,0.0589949976209332,-4.87450489638207
"Clothes_No+Fur_Brown",2,7029,-0.0518270638037132,0.0553133995094583,-0.160241326842252,0.056587199234825,-5.050694563728
"Clothes_No+Fur_Brown",2,7030,-0.0515721631689077,0.0524896116633526,-0.154451802029079,0.0513074756912635,-5.02648884060192
"Clothes_No+Fur_Brown",2,7031,-0.0551684173004968,0.0445303119724228,-0.142447828766446,0.032110994165452,-5.36742430976127
"Clothes_No+Fur_Brown",2,7033,-0.0534610837770715,0.0598970360531046,-0.170859274441157,0.0639371068870135,-5.20571693594836
"Clothes_No+Fur_Brown",2,7034,-0.0593216393155532,0.0421046324640461,-0.141846718945084,0.0232034403139771,-5.75963936457475
"Clothes_No+Fur_Brown",2,7036,-0.0567995164831335,0.0419533319504657,-0.139028047106046,0.0254290141397792,-5.52165361078328
"Clothes_No+Fur_Brown",2,7037,-0.0599978226365079,0.0402127044491106,-0.138814723356765,0.0188190780837488,-5.82334158498053
"Clothes_No+Fur_Brown",2,7038,-0.0584890435864746,0.0444562177364562,-0.145623230349929,0.0286451431769795,-5.68114256928922
"Clothes_No+Fur_Brown",2,7039,-0.0477040327911739,0.0599863477598969,-0.165277274400572,0.0698692088182241,-4.65840748261431
"Clothes_No+Fur_Brown",2,7040,-0.0546646648901849,0.0429476066974807,-0.138841974017247,0.0295126442368773,-5.31974091235847
"Clothes_No+Fur_Brown",2,7041,-0.0560626603474852,0.0482932495372292,-0.150717429440454,0.0385921087454839,-5.45201100642141
"Clothes_No+Fur_Brown",2,7043,-0.0482014418901305,0.0531843075660271,-0.152442684719544,0.0560398009392826,-4.70581946568804
"Clothes_No+Fur_Brown",2,7044,-0.052304968093372,0.0422083976268026,-0.135033427441905,0.030423491255161,-5.09606040296809
"Clothes_No+Fur_Brown",2,7045,-0.0571451379110219,0.0477938874799028,-0.150821157371631,0.0365308815495876,-5.55430170950062
"Clothes_No+Fur_Brown",2,7047,-0.0566255198818998,0.0455925361288554,-0.145986890694456,0.0327358509306569,-5.5052132693811
"Clothes_No+Fur_Brown",2,7049,-0.0589017612416279,0.0478969145086935,-0.152779713678667,0.0349761911954114,-5.72006159512778
"Clothes_No+Fur_Brown",2,7050,-0.056424826166075,0.0421665640573317,-0.139071291718445,0.0262216393862952,-5.48624685634976
"Clothes_No+Fur_Brown",2,7052,-0.0476992395928941,0.0584326568243601,-0.16222724696864,0.0668287677828517,-4.65795049036184
"Clothes_No+Fur_Brown",2,7053,-0.0557764699445761,0.0433766286552146,-0.140794662108797,0.0292417222196446,-5.42494840701369
"Clothes_No+Fur_Brown",2,7054,-0.0559944959050725,0.0441543077911593,-0.142536939175745,0.0305479473655998,-5.44556597581195
"Clothes_No+Fur_Brown",2,7055,-0.0484433236225625,0.0553003598567997,-0.15683202894189,0.0599453816967648,-4.72886659971365
"Clothes_No+Fur_Brown",2,7056,-0.0493624601700458,0.0583762832658741,-0.163779975371159,0.0650550550310675,-4.81639354957077
"Clothes_No+Fur_Brown",2,7057,-0.0485972287145574,0.0534690524229978,-0.153396571463633,0.0562021140345183,-4.74352818398891
"Clothes_No+Fur_Brown",2,7058,-0.0503813576148472,0.0556127799734291,-0.159382406362768,0.0586196911330737,-4.91332649222038
"Clothes_No+Fur_Brown",2,7060,-0.0469007351743566,0.0608625569475439,-0.166191346791543,0.0723898764428295,-4.58178903897503
"Clothes_No+Fur_Brown",2,7061,-0.0476786168429865,0.0582275539413344,-0.161804622568002,0.0664473888820289,-4.6559842548446
"Clothes_No+Fur_Brown",2,7062,-0.0507168354812635,0.0534998475660276,-0.155576536710678,0.0541428657481507,-4.9452206163879
"Clothes_No+Fur_Brown",2,7063,-0.0571303457712149,0.0458581021037911,-0.147012225894645,0.0327515343522156,-5.55290464519458
"Clothes_No+Fur_Brown",2,7065,-0.0499109890292602,0.0597239269175389,-0.166969885787636,0.067147907729116,-4.86859018764302
"Clothes_No+Fur_Brown",2,7066,-0.048952744319162,0.0597272047051346,-0.166018065541226,0.0681125769029018,-4.77738732707559
"Clothes_No+Fur_Brown",2,7067,-0.0505833321508544,0.053896403862703,-0.156220283721752,0.0550536194200436,-4.9325296396439
"Clothes_No+Fur_Brown",2,7068,-0.0527119095700947,0.0563174088838586,-0.163094030982458,0.0576702118422682,-5.13467289524934
"Clothes_No+Fur_Brown",2,7069,-0.0476985892394536,0.058148117902588,-0.161668900328526,0.0662717218496188,-4.65788848431176
"Clothes_No+Fur_Brown",2,7070,-0.0458558570869446,0.0584237277567529,-0.16036636349018,0.068654649316291,-4.48203653567492
"Clothes_No+Fur_Brown",2,7071,-0.0587466858171332,0.0453054225724165,-0.147545314059069,0.0300519424248031,-5.70543995995947
"Clothes_No+Fur_Brown",2,7072,-0.0543464675318532,0.0427230336525642,-0.138083613490879,0.0293906784271726,-5.28960911035496
"Clothes_No+Fur_Brown",2,7073,-0.0565036246572281,0.0468369374503116,-0.148304022059839,0.0352967727453827,-5.49369410407091
"Clothes_No+Fur_Brown",2,7074,-0.0504885461009709,0.0538327978016242,-0.156000829792154,0.0550237375902124,-4.92351814258067
"Clothes_No+Fur_Brown",2,7075,-0.0559303314236578,0.0455881277349324,-0.145283061784125,0.0334223989368097,-5.43949874493905
"Clothes_No+Fur_Brown",2,7076,-0.0566625623095498,0.0441510467593344,-0.143198613957845,0.0298734893387457,-5.50871352085257
"Clothes_No+Fur_Brown",2,7077,-0.0530127185924255,0.0555710000655978,-0.161931878720997,0.0559064415361463,-5.16320494998391
"Clothes_No+Fur_Brown",2,7078,-0.0563756298599869,0.0445178789812275,-0.143630672663193,0.0308794129432191,-5.481597014444
"Clothes_No+Fur_Brown",2,7080,-0.0526452794453242,0.0546190883239071,-0.159698692560182,0.0544081336695336,-5.12835179608249
"Clothes_No+Fur_Brown",2,7081,-0.0501313680125801,0.0589806470928546,-0.165733436314575,0.0654707002894149,-4.88955284107029
"Clothes_No+Fur_Brown",2,7082,-0.0496165120849925,0.0539785440395575,-0.155414458402525,0.0561814342325402,-4.84057205563312
"Clothes_No+Fur_Brown",2,7083,-0.0509416884139206,0.0596943560745175,-0.167942626319975,0.0660592494921336,-4.96659155954572
"Clothes_No+Fur_Brown",2,7084,-0.0581419036787615,0.0460753155295011,-0.148449522116584,0.0321657147590607,-5.6483950461679
"Clothes_No+Fur_Brown",2,7085,-0.0572462121886332,0.0466938186685679,-0.148766096779026,0.0342736724017599,-5.563847257816
"Clothes_No+Fur_Brown",2,7086,-0.0516231812998926,0.0592227516725402,-0.167699774578071,0.0644534119782862,-5.03133408803556
"Clothes_No+Fur_Brown",2,7087,-0.0509675769530575,0.0602290333762613,-0.16901648237053,0.0670813284644147,-4.96905180381324
"Clothes_No+Fur_Brown",2,7088,-0.0483209586225936,0.058664810633804,-0.163303987464849,0.0666620702196623,-4.71720803419245
"Clothes_No+Fur_Brown",2,7089,-0.058046836389489,0.0465821673500245,-0.149347884395537,0.0332542116165591,-5.63942486846795
"Clothes_No+Fur_Brown",2,7090,-0.0491837887681081,0.0554286194472186,-0.157823882884656,0.0594563053484402,-4.79938544177881
"Clothes_No+Fur_Brown",2,7091,-0.0581142193206418,0.0503399387779302,-0.156780499325385,0.0405520606841014,-5.64578294639021
"Clothes_No+Fur_Brown",2,7092,-0.0567335271935112,0.0409870817453393,-0.137068207414376,0.0236011530273538,-5.51541884610879
"Clothes_No+Fur_Brown",2,7093,-0.0531234725122761,0.0484695896416396,-0.14812386820989,0.0418769231853375,-5.17370791514876
"Clothes_No+Fur_Brown",2,7094,-0.0582994320720311,0.0434556129405014,-0.143472433435414,0.0268735692913517,-5.66325693228342
"Clothes_No+Fur_Brown",2,7095,-0.0555588617191067,0.0456721400028216,-0.145076256124637,0.0339585326864237,-5.40436585847814
"Clothes_No+Fur_Brown",2,7097,-0.0489815266298959,0.0581883230335789,-0.163030639775711,0.0650675865159188,-4.78012801446058
"Clothes_No+Fur_Brown",2,7098,-0.0507961090457965,0.054896949511899,-0.158394130089119,0.0568019119975255,-4.95275564890715
"Clothes_No+Fur_Brown",2,7099,-0.0577938721599313,0.0496541789078799,-0.155116062819376,0.0395283184995132,-5.61555199891545
"Clothes_No+Fur_Brown",2,7100,-0.059730423207884,0.046077842739941,-0.150042994978168,0.0305821485624003,-5.7981554330994
"Clothes_No+Fur_Brown",2,7101,-0.0532168381195644,0.0473675484659607,-0.146057233112847,0.0396235568737186,-5.18256101620215
"Clothes_No+Fur_Brown",2,7102,-0.0475251996199902,0.0535650169233414,-0.152512632789739,0.057462233549759,-4.64135571861365
"Clothes_No+Fur_Brown",2,7103,-0.0563234576548141,0.0466374117639773,-0.14773278471221,0.0350858694025815,-5.47666565229192
"Clothes_No+Fur_Brown",2,7104,-0.057344415178738,0.039853776666947,-0.135457817445954,0.0207689870884782,-5.57312071504121
"Clothes_No+Fur_Brown",2,7105,-0.0487618339155538,0.059198003026248,-0.164789919847,0.0672662520158923,-4.75920660426823
"Clothes_No+Fur_Brown",2,7106,-0.0611343228595655,0.0456610462908391,-0.15062997358961,0.0283613278704791,-5.93031258048196
"Clothes_No+Fur_Brown",2,7107,-0.05529864434288,0.0462697452506795,-0.145987345034212,0.0353900563484517,-5.37974722780052
"Clothes_No+Fur_Brown",2,7108,-0.0596780371963375,0.0448786176989858,-0.14764012788635,0.0282840534936747,-5.79322044492118
"Clothes_No+Fur_Brown",2,7109,-0.0465145619855628,0.0566838661313286,-0.157614939602967,0.0645858156318413,-4.54493396841715
"Clothes_No+Fur_Brown",2,7110,-0.0475610744985955,0.0529164010365964,-0.151277220530324,0.0561550715331334,-4.64477663703833
"Clothes_No+Fur_Brown",2,7111,-0.0447177698312405,0.0540762564331612,-0.150707232440237,0.0612716927777554,-4.37326687582379
"Clothes_No+Fur_Brown",2,7112,-0.0526722806465617,0.0488604268869336,-0.148438717344952,0.0430941560518282,-5.13091340996389
"Clothes_No+Fur_Brown",2,7113,-0.046540805309193,0.0532599620236894,-0.150930330875624,0.0578487202572382,-4.54743899373692
"Clothes_No+Fur_Brown",2,7114,-0.052288438475194,0.0568575352976741,-0.163729207658635,0.0591523307082474,-5.09449166411767
"Clothes_No+Fur_Brown",2,7115,-0.0566506816662828,0.0470109761402924,-0.148792194901256,0.0354908315686904,-5.50759089691734
"Clothes_No+Fur_Brown",2,7116,-0.0576128322057273,0.0434563216003098,-0.142787222542335,0.0275615581308799,-5.59846309593134
"Clothes_No+Fur_Brown",2,7117,-0.0585375054895669,0.0471977566622669,-0.15104510854761,0.0339700975684762,-5.68571332986303
"Clothes_No+Fur_Brown",2,7119,-0.0552341066552197,0.0478291039670798,-0.148979150430696,0.0385109371202567,-5.3736404584245
"Clothes_No+Fur_Brown",2,7120,-0.0592081789472159,0.0425700098671938,-0.142645398286916,0.024229040392484,-5.74894621193177
"Clothes_No+Fur_Brown",2,7121,-0.0496264775306652,0.0588365013503854,-0.164946020177421,0.0656930651160902,-4.8415203570174
"Clothes_No+Fur_Brown",2,7123,-0.0557031731390055,0.0447712915255706,-0.143454904529124,0.0320485582511129,-5.4180161037905
"Clothes_No+Fur_Brown",2,7124,-0.0562959525583326,0.04688855998786,-0.148197530134538,0.035605625017873,-5.47406574310573
"Clothes_No+Fur_Brown",2,7125,-0.0563780728497212,0.0465243420140948,-0.147565783197347,0.0348096374979045,-5.48182792165014
"Clothes_No+Fur_Brown",2,7126,-0.0580924361035287,0.0462524150525679,-0.148747169606562,0.0325622973995044,-5.64372758560848
"Clothes_No+Fur_Brown",2,7127,-0.0541055495851443,0.0576349887030824,-0.167070127443186,0.0588590282728972,-5.26678892866456
"Clothes_No+Fur_Brown",2,7128,-0.0560347827512113,0.0576285740920159,-0.168986787971562,0.05691722246914,-5.44937519901592
"Clothes_No+Fur_Brown",2,7129,-0.047124660116092,0.0573620890864595,-0.159554354725553,0.0653050344933687,-4.60315316423544
"Clothes_No+Fur_Brown",2,7130,-0.0496016532017293,0.0548839141779955,-0.157174124990601,0.0579708185871419,-4.83915808229689
"Clothes_No+Fur_Brown",2,7131,-0.0455903633657178,0.0547900233190334,-0.152978809071023,0.0617980823395877,-4.45667374942951
"Clothes_No+Fur_Brown",2,7132,-0.0565960281123906,0.0495958287367521,-0.153803852436425,0.0406117962116435,-5.50242640981651
"Clothes_No+Fur_Brown",2,7133,-0.0490942788516683,0.0568477896141908,-0.160515946495482,0.0623273887921457,-4.79086366133845
"Clothes_No+Fur_Brown",2,7134,-0.056756488008003,0.0456909726905176,-0.146310794481418,0.0327978184654115,-5.51758826414311
"Clothes_No+Fur_Brown",2,7135,-0.0503058123098922,0.0472317686758022,-0.142880078914465,0.0422684542946802,-4.906142869132
"Clothes_No+Fur_Brown",2,7136,-0.048352820563855,0.056083769437112,-0.158277008660594,0.0615713675328846,-4.72024388054905
"Clothes_No+Fur_Brown",2,7137,-0.0562008032375206,0.0507271009326308,-0.155625921065477,0.0432243145904358,-5.46507123675826
"Clothes_No+Fur_Brown",2,7138,-0.0554197734272462,0.0607838734731404,-0.174556165434601,0.0637166185801089,-5.3912077982631
"Clothes_No+Fur_Brown",2,7139,-0.0504201732884067,0.0568616125929917,-0.16186893397067,0.061028587393857,-4.91701727386856
"Clothes_No+Fur_Brown",2,7140,-0.0578142080828055,0.0459555535862327,-0.147887093111821,0.0322586769462106,-5.61747137425432
"Clothes_No+Fur_Brown",2,7141,-0.0587583447045468,0.0449861487967425,-0.146931196346162,0.0294145069370686,-5.70653932321
"Clothes_No+Fur_Brown",2,7142,-0.0446189324251174,0.0537270681320573,-0.14992398596395,0.0606861211137148,-4.36381491046959
"Clothes_No+Fur_Brown",2,7143,-0.0526867733612907,0.0537085782743025,-0.157955586778924,0.0525820400563423,-5.13228831060939
"Clothes_No+Fur_Brown",2,7144,-0.0395155761621226,0.057013546139446,-0.151262126595437,0.0722309742711916,-3.87450187894391
"Clothes_No+Fur_Brown",2,7146,-0.0547801858803782,0.0443575973613848,-0.141721076708692,0.032160704947936,-5.33067783790565
"Clothes_No+Fur_Brown",2,7147,-0.0565588003560796,0.0473803523253011,-0.14942429091367,0.0363066902015106,-5.49890841169174
"Clothes_No+Fur_Brown",2,7148,-0.0577889164100788,0.0436520554445629,-0.143346945081422,0.0277691122612644,-5.61508425204218
"Clothes_No+Fur_Brown",2,7149,-0.0550262924176913,0.0471145808469921,-0.147370870877796,0.0373182860424133,-5.35397371022191
"Clothes_No+Fur_Brown",2,7151,-0.0524473981221389,0.0454871366902264,-0.141602186034983,0.0367073897907049,-5.10957661123517
"Clothes_No+Fur_Brown",2,7152,-0.0540863571146395,0.044923041760464,-0.142135518965149,0.0339628047358699,-5.26497074685759
"Clothes_No+Fur_Brown",2,7153,-0.056590863455089,0.0437652899042188,-0.142370831667358,0.0291891047571797,-5.50193836097279
"Clothes_No+Fur_Brown",2,7154,-0.0559422847807919,0.0512433166782419,-0.156379185470146,0.0444946159085623,-5.44062905362582
"Clothes_No+Fur_Brown",2,7155,-0.0563100072423663,0.0446143929399653,-0.143754217404698,0.0311342029199657,-5.47539426590868
"Clothes_No+Fur_Brown",2,7156,-0.0515729168909129,0.0428944855096675,-0.135646108489861,0.0325002747080354,-5.02656042420021
"Clothes_No+Fur_Brown",2,7157,-0.0553014189036293,0.0454326934092014,-0.144349497985664,0.0337466601784054,-5.38000975707574
"Clothes_No+Fur_Brown",2,7158,-0.052654343058293,0.0488150320809616,-0.148331805936978,0.0430231198203917,-5.12921167208672
"Clothes_No+Fur_Brown",2,7159,-0.0564995581327386,0.0459535999774667,-0.146568614088573,0.0335694978230961,-5.49330979108216
"Clothes_No+Fur_Brown",2,7160,-0.0525360000839262,0.0533169241917803,-0.157037171499816,0.0519651713319631,-5.11798371645374
"Clothes_No+Fur_Brown",2,7161,-0.0566293261202002,0.0426141769237898,-0.140153112890828,0.0268944606504279,-5.50557293837305
"Clothes_No+Fur_Brown",2,7162,-0.0510553061078601,0.056620865701814,-0.162032202883416,0.0599215906676955,-4.97738842289096
"Clothes_No+Fur_Brown",2,7163,-0.044730416065183,0.0592017210908216,-0.160765789403193,0.0713049572728272,-4.3744761862154
"Clothes_No+Fur_Brown",2,7165,-0.0491984101378203,0.0631401253503734,-0.172953055824552,0.0745562355489115,-4.80077739498495
"Clothes_No+Fur_Brown",2,7166,-0.0520197890825686,0.0520413917422886,-0.154020916897454,0.0499813387323171,-5.068991931856
"Clothes_No+Fur_Brown",2,7167,-0.0501652826601927,0.0526917698707874,-0.153441151606936,0.0531105862865505,-4.89277842367241
"Clothes_No+Fur_Brown",2,7168,-0.049853845229021,0.0530592877756843,-0.153850049269362,0.0541423588113202,-4.86315386203955
"Clothes_No+Fur_Brown",2,7169,-0.0492331413104954,0.054446428372957,-0.155948140921491,0.0574818583005002,-4.8040837182072
"Clothes_No+Fur_Brown",2,7170,-0.0495350347956137,0.0557257975637166,-0.158757598020498,0.0596875284292708,-4.83281840751654
"Clothes_No+Fur_Brown",2,7171,-0.0471326390789558,0.0575705231527355,-0.159970864458317,0.0657055863004057,-4.603914329097
"Clothes_No+Fur_Brown",2,7172,-0.0508663215141585,0.0576845438881749,-0.163928027534981,0.0621953845066644,-4.95942891626802
"Clothes_No+Fur_Brown",2,7173,-0.0555883742166632,0.0483093785036325,-0.150274756083783,0.0390980076504566,-5.4071575707042
"Clothes_No+Fur_Brown",2,7174,-0.0527631172142846,0.054325505761129,-0.159241108506097,0.0537148740775283,-5.13953060078879
"Clothes_No+Fur_Brown",2,7175,-0.0489045587003796,0.0594398821864094,-0.165406727785742,0.0675976103849827,-4.77279885601359
"Clothes_No+Fur_Brown",2,7176,-0.0478557804447549,0.0566911724267293,-0.158970478401144,0.0632589175116345,-4.6728742478909
"Clothes_No+Fur_Brown",2,7177,-0.0568445556303726,0.0518307074275735,-0.158432742188417,0.0447436309276715,-5.52590873911283
"Clothes_No+Fur_Brown",2,7178,-0.0582657457817873,0.042564326680326,-0.141691826075226,0.0251603345116518,-5.66007902385012
"Clothes_No+Fur_Brown",2,7181,-0.0566018965553694,0.0461086794318707,-0.146974908241836,0.0337711151310972,-5.50298096181158
"Clothes_No+Fur_Brown",2,7182,-0.0513251867777882,0.0454085741079327,-0.140325992029336,0.03767561847376,-5.00302972875967
"Clothes_No+Fur_Brown",2,7183,-0.0547013262326622,0.044979112039962,-0.142860385830988,0.0334577333656632,-5.32321195413582
"Clothes_No+Fur_Brown",2,7184,-0.0604266153168786,0.0453024450931571,-0.149219407699467,0.0283661770657092,-5.86371519019886
"Clothes_No+Fur_Brown",2,7185,-0.0530568246437859,0.0426168352902702,-0.136585821812715,0.0304721725251437,-5.16738773429352
"Clothes_No+Fur_Brown",2,7186,-0.0551469934706161,0.0430477776906235,-0.139520637744238,0.0292266508030059,-5.36539689584111
"Clothes_No+Fur_Brown",2,7188,-0.058364793950227,0.0488021940903227,-0.154017094367259,0.0372875064668054,-5.66942275748606
"Clothes_No+Fur_Brown",2,7189,-0.0521527760616565,0.042745402020793,-0.135933764022411,0.0316282118990977,-5.08161568042506
"Clothes_No+Fur_Brown",2,7190,-0.0565054613757503,0.0448077971474177,-0.144328743784689,0.0313178210331883,-5.493867685394
"Clothes_No+Fur_Brown",2,7191,-0.0555146340763737,0.0471598132541547,-0.147947868054517,0.0369185999017694,-5.40018202404735
"Clothes_No+Fur_Brown",2,7192,-0.0536035917285744,0.0505385231460679,-0.152659097094867,0.0454519136377188,-5.21922491252209
"Clothes_No+Fur_Brown",2,7193,-0.0488584103724159,0.0583756024350839,-0.16327459114518,0.0655577704003486,-4.76840417850141
"Clothes_No+Fur_Brown",2,7194,-0.042716710350109,0.0551531737275771,-0.15081693085616,0.065383510155942,-4.1817205109377
"Clothes_No+Fur_Brown",2,7195,-0.0525902722432494,0.0531244686709331,-0.156714230838278,0.0515336863517795,-5.12313302862498
"Clothes_No+Fur_Brown",2,7196,-0.0473984370174841,0.0571515166027791,-0.159415409558931,0.0646185355239629,-4.62926704251326
"Clothes_No+Fur_Brown",2,7197,-0.0481428869102401,0.0563074722450693,-0.158505532510576,0.0622197586900957,-4.70023935349311
"Clothes_No+Fur_Brown",2,7198,-0.0516330381274099,0.055378799202389,-0.160175484564092,0.0569094083092725,-5.03227017318157
"Clothes_No+Fur_Brown",2,7199,-0.0520109141263428,0.0546476321456419,-0.159120273131801,0.0550984448791154,-5.06814941957631
"Clothes_No+Fur_Brown",2,7200,-0.0587155272747143,0.0497945920515183,-0.15631292769569,0.0388818731462616,-5.70250183313695
"Clothes_No+Fur_Brown",2,7201,-0.0552640137980696,0.0485737319512398,-0.1504685284225,0.0399405008263604,-5.37647042015843
"Clothes_No+Fur_Brown",2,7202,-0.0487780411190194,0.0573356991482624,-0.161156011449614,0.063599929211575,-4.76075017867647
"Clothes_No+Fur_Brown",2,7203,-0.053976775368493,0.0494586685819371,-0.15091576578909,0.0429622150521037,-5.25458894811337
"Clothes_No+Fur_Brown",2,7204,-0.0490788643073889,0.0537421656002028,-0.154413508883786,0.0562557802690086,-4.78939604457925
"Clothes_No+Fur_Brown",2,7205,-0.0516690039439143,0.056917871756861,-0.163228032587362,0.0598900246995332,-5.03568570370483
"Clothes_No+Fur_Brown",2,7206,-0.0573287130705683,0.0486330800930033,-0.152649550052855,0.0379921239117183,-5.57163800232773
"Clothes_No+Fur_Brown",2,7207,-0.0505637565719371,0.0542454454036251,-0.156884829563042,0.0557573164191682,-4.93066862066019
"Clothes_No+Fur_Brown",2,7208,-0.050310787548699,0.0580960317526499,-0.164179009783893,0.0635574346864947,-4.90661598260336
"Clothes_No+Fur_Brown",2,7209,-0.0527145388080182,0.0422030546354819,-0.135432525893563,0.0300034482775263,-5.1349223184371
"Clothes_No+Fur_Brown",2,7210,-0.056447274935413,0.0454053708819483,-0.145441801864032,0.0325472519932058,-5.48836854997856
"Clothes_No+Fur_Brown",2,7211,-0.0509918882067776,0.05505238736424,-0.158894567440688,0.0569107910271328,-4.97136209722292
"Clothes_No+Fur_Brown",2,7212,-0.050754239503708,0.0537993995419441,-0.156201062605918,0.0546925835985024,-4.94877598099654
"Clothes_No+Fur_Brown",2,7213,-0.0523034601861288,0.0570989167071845,-0.16421733693221,0.0596104165599529,-5.09591729652227
"Clothes_No+Fur_Brown",2,7214,-0.0527318722355987,0.0565088533899106,-0.163489224879823,0.058025480408626,-5.13656664114009
"Clothes_No+Fur_Brown",2,7215,-0.0508429709235097,0.0533078197995267,-0.155326297730582,0.0536403558835625,-4.95720963688697
"Clothes_No+Fur_Brown",2,7216,-0.0473270165045394,0.0577146318749421,-0.160447694979426,0.0657936619703472,-4.62245537260194
"Clothes_No+Fur_Brown",2,7217,-0.0514863741879248,0.0547216047861064,-0.158740719568693,0.0557679711928438,-5.01834081035858
"Clothes_No+Fur_Brown",2,7218,-0.057535004784758,0.0466648069843068,-0.148998026473999,0.0339280169044834,-5.591115781871
"Clothes_No+Fur_Brown",2,7219,-0.0484827765104264,0.057316754117856,-0.160823614581424,0.0638580615605714,-4.73262524691114
"Clothes_No+Fur_Brown",2,7220,-0.0515650990967671,0.0534077228898677,-0.156244235960908,0.0531140377673735,-5.02581793849799
"Clothes_No+Fur_Brown",2,7221,-0.0497630948961239,0.0566611649178757,-0.16081897813516,0.0612927883429124,-4.85451976981431
"Clothes_No+Fur_Brown",2,7224,-0.0562246229769475,0.0444960596114937,-0.143436899815475,0.0309876538615802,-5.46732300730974
"Clothes_No+Fur_Brown",2,7225,-0.0503232282552135,0.0433040379970735,-0.135199142729478,0.0345526862190505,-4.90779900412657
"Clothes_No+Fur_Brown",2,7227,-0.0539146138522549,0.0485913100841933,-0.149153581617274,0.041324353912764,-5.24869924665129
"Clothes_No+Fur_Brown",2,7228,-0.056282468450618,0.0449934259443348,-0.144469583301514,0.0319046464002782,-5.47279113663293
"Clothes_No+Fur_Brown",2,7229,-0.0520564588543361,0.0463395041914746,-0.142881887069626,0.0387689693609541,-5.07247296643076
"Clothes_No+Fur_Brown",2,7232,-0.054864281979126,0.0487739583793071,-0.150461240402568,0.0407326764443159,-5.33863882382195
"Clothes_No+Fur_Brown",2,7235,-0.0576928798034266,0.0474036065647284,-0.150603948670294,0.0352181890634412,-5.60601940974321
"Clothes_No+Fur_Brown",2,7236,-0.0447352408307252,0.0581108400808966,-0.158632487389282,0.0691620057278321,-4.37493755583465
"Clothes_No+Fur_Brown",2,7237,-0.059035281274243,0.045872346085153,-0.148945079601143,0.0308745170526568,-5.73264901522348
"Clothes_No+Fur_Brown",2,7238,-0.057961711809931,0.0424636971735232,-0.141190558270036,0.0252671346501745,-5.6313921222958
"Clothes_No+Fur_Brown",2,7240,-0.0525715121438114,0.0467550281332813,-0.144211367285043,0.0390683429974199,-5.12135311247057
"Clothes_No+Fur_Brown",2,7241,-0.0555373207306412,0.0409960941413433,-0.135889665247674,0.0248150237863917,-5.4023281530672
"Clothes_No+Fur_Brown",2,7242,-0.0552742509688297,0.0439322336835921,-0.14138142898867,0.0308329270510109,-5.37743909243041
"Clothes_No+Fur_Brown",2,7243,-0.0554599440426957,0.0452011367650134,-0.144054172102122,0.0331342840167307,-5.39500821533971
"Clothes_No+Fur_Brown",2,7244,-0.05751497585355,0.041426157268387,-0.138710244099588,0.0236802923924884,-5.58922485388701
"Clothes_No+Fur_Brown",2,7245,-0.0534508207293721,0.046302704810477,-0.144204122157907,0.0373024806991628,-5.20474405270727
"Clothes_No+Fur_Brown",2,7246,-0.0543346007038254,0.0416867305289413,-0.13604059254055,0.0273713911328995,-5.28848519176517
"Clothes_No+Fur_Brown",2,7247,-0.0533796245506578,0.0488531704025008,-0.149131838539559,0.0423725894382437,-5.19799475246424
"Clothes_No+Fur_Brown",2,7248,-0.0571441611418594,0.043477764160374,-0.142360578896192,0.0280722566124736,-5.55420945780994
"Clothes_No+Fur_Brown",2,7249,-0.055737188964917,0.0443747494157428,-0.142711697819773,0.0312373198899389,-5.42123333337041
"Clothes_No+Fur_Brown",2,7250,-0.0502811338581579,0.0559625597731494,-0.159967751013531,0.059405483297215,-4.90379607101101
"Clothes_No+Fur_Brown",2,7251,-0.0518681600559622,0.0434425335497192,-0.137015525813412,0.0332792057014873,-5.05459654415614
"Clothes_No+Fur_Brown",2,7252,-0.053796517830537,0.0465397519513042,-0.145014431655093,0.0374213959940192,-5.23750883422114
"Clothes_No+Fur_Brown",2,7253,-0.0559063460958444,0.042094216709408,-0.138411010846284,0.0265983186545953,-5.4372306531179
"Clothes_No+Fur_Brown",2,7254,-0.0577724262329255,0.0398486608516259,-0.135875801502112,0.0203309490362613,-5.61352781522797
"Clothes_No+Fur_Brown",2,7257,-0.0528252499787913,0.0422467631768225,-0.135628905805363,0.0299784058477809,-5.14542436089526
"Clothes_No+Fur_Brown",2,7258,-0.0570978158759236,0.0451026421500119,-0.145498994489947,0.0313033627380997,-5.54983224109991
"Clothes_No+Fur_Brown",2,7259,-0.0647915191665163,0.046768029314803,-0.15645685662353,0.0268738182904976,-6.27371556509149
"Clothes_No+Fur_Brown",2,7260,-0.0559727408507258,0.0483539436551871,-0.150746470414893,0.0388009887134409,-5.4435089165854
"Clothes_No+Fur_Brown",2,7261,-0.048576814028477,0.0595190668668491,-0.165234185087501,0.0680805570305472,-4.74158353317
"Clothes_No+Fur_Brown",2,7263,-0.0554844422155125,0.045162558251459,-0.144003056388372,0.0330341719573471,-5.39732583638893
"Clothes_No+Fur_Brown",2,7265,-0.0493023770668349,0.0542154926317911,-0.155564742625145,0.0569599884914757,-4.81067445131157
"Clothes_No+Fur_Brown",2,7266,-0.0572099625122958,0.0441124128151476,-0.143670291629985,0.0292503666053935,-5.56042391579741
"Clothes_No+Fur_Brown",2,7267,-0.0561486447752138,0.0478914955032258,-0.150015975961536,0.0377186864111088,-5.46014031164607
"Clothes_No+Fur_Brown",2,7269,-0.0529840659234676,0.0439670362665343,-0.139159457005875,0.0331913251589396,-5.16048758376061
"Clothes_No+Fur_Brown",2,7270,-0.0560551835674908,0.0478593174042838,-0.149859445679887,0.0377490785449053,-5.45130408926606
"Clothes_No+Fur_Brown",2,7271,-0.0540919176603704,0.0468345495012778,-0.145887634682875,0.037703799362134,-5.26549752385549
"Clothes_No+Fur_Brown",2,7272,-0.0576961142667251,0.0459699931217174,-0.147797300785291,0.0324050722518409,-5.60632472311526
"Clothes_No+Fur_Brown",2,7273,-0.0556224540509157,0.0462872079081091,-0.14634538155081,0.0351004734489781,-5.41038122416457
"Clothes_No+Fur_Brown",2,7275,-0.0570316582950703,0.0430455357548118,-0.141400908374501,0.0273375917843608,-5.54358343978927
"Clothes_No+Fur_Brown",2,7277,-0.0577609611026387,0.0440118900964288,-0.144024265691639,0.0285023434863617,-5.61244565582353
"Clothes_No+Fur_Brown",2,7278,-0.056669759906798,0.0476876332857071,-0.150137521146784,0.0367980013331879,-5.50939362862853
"Clothes_No+Fur_Brown",2,7279,-0.0623641494527605,0.0442073096979116,-0.149010476460667,0.0242821775551463,-6.04593087388561
"Clothes_No+Fur_Brown",2,7280,-0.0560831146542797,0.0482144230015127,-0.150583383737245,0.0384171544286852,-5.45394490021679
"Clothes_No+Fur_Brown",2,7281,-0.0522847434748271,0.0420479869087907,-0.134698797816057,0.0301293108664028,-5.09414098758167
"Clothes_No+Fur_Brown",2,7282,-0.0566567113465715,0.0421004941030588,-0.139173679788567,0.0258602570954238,-5.5081606542162
"Clothes_No+Fur_Brown",2,7283,-0.059562126954281,0.0446040324463158,-0.14698603054906,0.027861776640498,-5.78230028143242
"Clothes_No+Fur_Brown",2,7284,-0.0545413427657682,0.0438661835214988,-0.140519062467906,0.0314363769363694,-5.30806402167278
"Clothes_No+Fur_Brown",2,7288,-0.0547825980797452,0.0478528967135662,-0.148574275638335,0.0390090794788446,-5.33090619890921
"Clothes_No+Fur_Brown",2,7289,-0.054778374688218,0.0451163099771551,-0.143206342243442,0.0336495928670059,-5.33050637341625
"Clothes_No+Fur_Brown",2,7290,-0.0557480009560227,0.0444307650390141,-0.14283230043249,0.0313362985204448,-5.42225591262634
"Clothes_No+Fur_Brown",2,7292,-0.0550414954075629,0.041566954208891,-0.136512725656989,0.0264297348418635,-5.35541260186323
"Clothes_No+Fur_Brown",2,7293,-0.0573935891344181,0.0458450971846843,-0.147249979616399,0.0324628013475631,-5.57776394405428
"Clothes_No+Fur_Brown",2,7294,-0.0555535956895872,0.0492942431956157,-0.152170312352994,0.0410631209738196,-5.40386771376472
"Clothes_No+Fur_Brown",2,7295,-0.0541614437900414,0.050084277248203,-0.152326627196519,0.0440037396164365,-5.27208381819653
"Clothes_No+Fur_Brown",2,7296,-0.0485350480107718,0.0508926075330621,-0.148284558775574,0.0512144627540299,-4.73760488537572
"Clothes_No+Fur_Brown",2,7297,-0.05039319762,0.0551168441515638,-0.158422212157065,0.0576358169170651,-4.91445231225981
"Clothes_No+Fur_Brown",2,7298,-0.0531280306959607,0.0544115615200394,-0.159774691275238,0.0535186298833166,-5.1741401498211
"Clothes_No+Fur_Brown",2,7299,-0.0576692217869075,0.0481180337878553,-0.151980568011104,0.0366421244372888,-5.60378620897465
"Clothes_No+Fur_Brown",2,7300,-0.0605062359115508,0.0436560670863354,-0.146072127400768,0.0250596555776667,-5.87121007879795
"Clothes_No+Fur_Brown",2,7301,-0.0568973169530645,0.046343394457024,-0.147730370088832,0.0339357361827025,-5.53089318563371
"Clothes_No+Fur_Brown",2,7303,-0.05335355497834,0.045111951315959,-0.14177297955762,0.0350658696009397,-5.19552327251749
"Clothes_No+Fur_Brown",2,7306,-0.0550878368213694,0.0468017735754578,-0.146819313029267,0.0366436393865278,-5.35979846422808
"Clothes_No+Fur_Brown",2,7307,-0.0564285795780644,0.0465624432140609,-0.147690968277624,0.034833809121495,-5.48660160473822
"Clothes_No+Fur_Brown",2,7308,-0.0558437640777918,0.0510579143622711,-0.155917276227843,0.0442297480722596,-5.43131253899769
"Clothes_No+Fur_Brown",2,7309,-0.0585079839867782,0.0473023783839553,-0.151220645619331,0.0342046776457742,-5.68292898928733
"Clothes_No+Fur_Brown",2,7310,-0.0539770490112394,0.0504614017433657,-0.152881396428236,0.0449272984057574,-5.25461487450432
"Clothes_No+Fur_Brown",2,7311,-0.0552418467605557,0.0419844224081361,-0.137531314680503,0.0270476211593911,-5.37437287358042
"Clothes_No+Fur_Brown",2,7312,-0.0586516789630027,0.0474224031305169,-0.151599589098816,0.0342962311728104,-5.69648090486937
"Clothes_No+Fur_Brown",2,7313,-0.0571821169207847,0.0417871605555297,-0.139084951609623,0.0247207177680536,-5.5577941533258
"Clothes_No+Fur_Brown",2,7315,-0.0512079495044721,0.0470137558590896,-0.143354910988288,0.0409390119793435,-4.99189189011963
"Clothes_No+Fur_Brown",2,7316,-0.0513695577294139,0.0591064663579737,-0.167218231791042,0.0644791163322144,-5.00724474121943
"Clothes_No+Fur_Brown",2,7317,-0.0527546355657148,0.0521915206627005,-0.155050016064608,0.0495407449331783,-5.13872602421212
"Clothes_No+Fur_Brown",2,7318,-0.0578395075136061,0.043702547348047,-0.143496500315778,0.027817485288566,-5.61985916830104
"Clothes_No+Fur_Brown",2,7319,-0.0609375232810442,0.037932670022773,-0.135285556525679,0.0134105099635909,-5.91179788386368
"Clothes_No+Fur_Brown",2,7320,-0.0559725137122113,0.0501043321809227,-0.15417700478682,0.0422319773623972,-5.44348743916204
"Clothes_No+Fur_Brown",2,7321,-0.050592762043361,0.0554857707255604,-0.159344872665459,0.0581593485787375,-4.93342611144345
"Clothes_No+Fur_Brown",2,7322,-0.0470424126354147,0.0581957357922003,-0.161106054788127,0.0670212295172977,-4.59530669124675
"Clothes_No+Fur_Brown",2,7323,-0.0488806685834654,0.0524799725326565,-0.151741414747472,0.0539800775805413,-4.77052383986976
"Clothes_No+Fur_Brown",2,7324,-0.0560762370322626,0.044525728157018,-0.143346664220018,0.0311941901554926,-5.4532946459505
"Clothes_No+Fur_Brown",2,7325,-0.0546495858770853,0.0483594315660229,-0.14943407174649,0.0401348999923196,-5.31831321672733
"Clothes_No+Fur_Brown",2,7326,-0.0561458226134448,0.0453685360436367,-0.145068153258973,0.0327765080320832,-5.45987350449192
"Clothes_No+Fur_Brown",2,7328,-0.0554210115120088,0.0432098030748816,-0.140112225538777,0.0292702025147592,-5.39132493189463
"Clothes_No+Fur_Brown",2,7329,-0.0561311865995283,0.0422316969984596,-0.138905312716509,0.0266429395174526,-5.45848980375896
"Clothes_No+Fur_Brown",2,7330,-0.0459707844562141,0.0583228351482438,-0.160283541346772,0.0683419724343436,-4.49301353314306
"Clothes_No+Fur_Brown",2,7331,-0.0562969102730274,0.0472935775015034,-0.148992322175974,0.0363985016299193,-5.47415627193866
"Clothes_No+Fur_Brown",2,7332,-0.049104656911367,0.058204621581548,-0.163185715211201,0.0649764013884671,-4.79185174231205
"Clothes_No+Fur_Brown",2,7333,-0.0595293923739092,0.0509772221928598,-0.159444747871914,0.0403859631240959,-5.77921605408835
"Clothes_No+Fur_Brown",2,7335,-0.0550694142476479,0.0544303811266383,-0.161752961255859,0.0516141327605632,-5.35805493207815
"Clothes_No+Fur_Brown",2,7336,-0.0543403727802572,0.046294492264991,-0.14507757761964,0.0363968320591251,-5.28903187228987
"Clothes_No+Fur_Brown",2,7337,-0.0562483375354194,0.0504780470385342,-0.155185309730947,0.0426886346601077,-5.46956478142434
"Clothes_No+Fur_Brown",2,7338,-0.0565601142730388,0.0452772370796722,-0.145303498949196,0.0321832704031188,-5.49903257819706
"Clothes_No+Fur_Brown",2,7339,-0.0579286190772844,0.0418048292229342,-0.139866084354235,0.0240088461996666,-5.62826915551161
"Clothes_No+Fur_Brown",2,7340,-0.0601420706438527,0.0460281765767967,-0.150357296734374,0.0300731554466689,-5.83692540055257
"Clothes_No+Fur_Brown",2,7341,-0.0541826486165202,0.04223738738439,-0.136967927889925,0.0286026306568841,-5.27409248592506
"Clothes_No+Fur_Brown",2,7343,-0.0488266237436985,0.0636286264963891,-0.173538731676621,0.0758854841892241,-4.76537703901184
"Clothes_No+Fur_Brown",2,7345,-0.0463757728609575,0.0538166366946737,-0.151856380782518,0.059104835060603,-4.53168492397311
"Clothes_No+Fur_Brown",2,7346,-0.0556740891617033,0.0499934390767464,-0.153661229752126,0.0423130514287196,-5.41526524351489
"Clothes_No+Fur_Brown",2,7347,-0.0566663230933522,0.0487175413056855,-0.152152704052496,0.0388200578657912,-5.50906888148401
"Clothes_No+Fur_Brown",2,7348,-0.0581817131750601,0.0462228427276236,-0.148778484921202,0.0324150585710821,-5.65215106127305
"Clothes_No+Fur_Brown",2,7349,-0.0537043602012419,0.0574737404005846,-0.166352891386388,0.0589441709839039,-5.22877534526656
"Clothes_No+Fur_Brown",2,7351,-0.0595285908709455,0.0465659579944985,-0.150797868540163,0.0317406867982716,-5.77914053582052
"Clothes_No+Fur_Brown",2,7352,-0.0584986141391916,0.0511615870253787,-0.158775324708934,0.0417780964305506,-5.68204524856689
"Clothes_No+Fur_Brown",2,7353,-0.0536485281353463,0.0473882775754435,-0.146529552183216,0.0392324959125229,-5.22348392429253
"Clothes_No+Fur_Brown",2,7354,-0.0485493930990254,0.0577923166885353,-0.161822333808554,0.0647235476105037,-4.73897142303932
"Clothes_No+Fur_Brown",2,7356,-0.0568899962976505,0.0445845816230201,-0.14427577627877,0.0304957836834688,-5.53020160732406
"Clothes_No+Fur_Brown",2,7357,-0.0528904057613029,0.0464209050928035,-0.143875379743198,0.0380945682205919,-5.15160448365828
"Clothes_No+Fur_Brown",2,7358,-0.0545022878649697,0.044238206238264,-0.141209172091967,0.0322045963620278,-5.30436576528968
"Clothes_No+Fur_Brown",2,7359,-0.0575351284426565,0.0445787608794953,-0.144909499766467,0.0298392428811543,-5.59112745627451
"Clothes_No+Fur_Brown",2,7360,-0.0559318809450702,0.0457730393825436,-0.145647038134856,0.0337832762447153,-5.43964526834699
"Clothes_No+Fur_Brown",2,7361,-0.0490301457617388,0.0578011971992797,-0.162320492272327,0.0642602007488495,-4.78475740943122
"Clothes_No+Fur_Brown",2,7362,-0.0531612039751596,0.0554073270041722,-0.161759564903337,0.0554371569530179,-5.17728578236943
"Clothes_No+Fur_Brown",2,7363,-0.0525807496584164,0.0543417291310913,-0.159090538755355,0.0539290394385225,-5.12222955130884
"Clothes_No+Fur_Brown",2,7364,-0.0587982566880489,0.0461179230469691,-0.149189385860108,0.0315928724840106,-5.71030268715473
"Clothes_No+Fur_Brown",2,7366,-0.0577441952414966,0.0486039569916236,-0.153007950945079,0.0375195604620857,-5.61086315392787
"Clothes_No+Fur_Brown",2,7367,-0.0570098081990025,0.0463608645443902,-0.147877102706007,0.0338574863080023,-5.54151953546503
"Clothes_No+Fur_Brown",2,7368,-0.0579221609872055,0.0448035849313365,-0.145737187452625,0.0298928654782141,-5.62765969240493
"Clothes_No+Fur_Brown",2,7369,-0.0555198479607078,0.045941631985772,-0.145565446652821,0.0345257507314053,-5.40067525527048
"Clothes_No+Fur_Brown",2,7373,-0.0574804717431603,0.0402110835814959,-0.136294195562892,0.0213332520765716,-5.58596723787914
"Clothes_No+Fur_Brown",2,7374,-0.0541168815612877,0.0473576145494817,-0.146937806078272,0.0387040429556964,-5.2678624370699
"Clothes_No+Fur_Brown",2,7375,-0.0560729447221688,0.0447162725211569,-0.143716838863636,0.0315709494192986,-5.45298336836572
"Clothes_No+Fur_Brown",2,7377,-0.0522089027901842,0.0472627612816246,-0.144843914902168,0.0404261093217999,-5.08694298931045
"Clothes_No+Fur_Brown",2,7378,-0.0573237940415184,0.0476750732173409,-0.150766937547507,0.0361193494644697,-5.57117350532948
"Clothes_No+Fur_Brown",2,7379,-0.0588549408330885,0.0455807831614967,-0.148193275829622,0.030483394163445,-5.71564726655507
"Clothes_No+Fur_Brown",2,7380,-0.0539498033563856,0.04540295904947,-0.142939603093347,0.0350399963805756,-5.25203343927591
"Clothes_No+Fur_Brown",2,7381,-0.0582255620397877,0.0431886957731544,-0.14287540575517,0.026424281675595,-5.65628801663743
"Clothes_No+Fur_Brown",2,7382,-0.0540002257372861,0.0476970559299649,-0.147486455360017,0.0394860038854451,-5.256810736893
"Clothes_No+Fur_Brown",2,7383,-0.0509754201625689,0.0522688880139082,-0.153422440669829,0.0514716003446912,-4.96979714852707
"Clothes_No+Fur_Brown",2,7384,-0.0463443315578535,0.051730146409313,-0.147735418520107,0.0550467554043999,-4.52868322855363
"Clothes_No+Fur_Brown",2,7385,-0.0539118508283123,0.0448871708594002,-0.141890705712737,0.0340670040561121,-5.24843744617703
"Clothes_No+Fur_Brown",2,7386,-0.0551180807773434,0.0453313221733256,-0.143967472237062,0.0337313106823747,-5.36266071503358
"Clothes_No+Fur_Brown",2,7387,-0.0552848690153195,0.0459476035858682,-0.145342172043621,0.0347724340129823,-5.37844379384713
"Clothes_No+Fur_Brown",2,7388,-0.0547196124747053,0.0458068883844327,-0.144501113708193,0.0350618887587828,-5.32494322096865
"Clothes_No+Fur_Brown",2,7390,-0.0543699275488803,0.0487355777420723,-0.149891659923342,0.0411518048255815,-5.29183099167508
"Clothes_No+Fur_Brown",2,7391,-0.0468605135332043,0.0546030498443446,-0.15388249122812,0.060161464161711,-4.57795108475046
"Clothes_No+Fur_Brown",2,7394,-0.0560539197321352,0.0501393193040361,-0.154326985568046,0.0422191461037755,-5.45118459520583
"Clothes_No+Fur_Brown",2,7396,-0.054031350024095,0.0447817707490877,-0.141803620692307,0.033740920644117,-5.25975950519942
"Clothes_No+Fur_Brown",2,7397,-0.0507966852239289,0.0510705316008278,-0.150894927161551,0.0493015567136935,-4.95281041303511
"Clothes_No+Fur_Brown",2,7398,-0.0564756819438085,0.0485993458862895,-0.151730399880936,0.038779035993319,-5.49105330455353
"Clothes_No+Fur_Brown",2,7399,-0.0510062218921198,0.0458798901918641,-0.140930806668173,0.0389183628839338,-4.97272419805513
"Clothes_No+Fur_Brown",2,7400,-0.0515024802190438,0.0583991631042768,-0.165964839903426,0.0629598794653386,-5.01987057559796
"Clothes_No+Fur_Brown",2,7401,-0.0496681438081086,0.0593257828007018,-0.165946678097484,0.066610390481267,-4.84548517403115
"Clothes_No+Fur_Brown",2,7402,-0.0537034212941504,0.0450072571509443,-0.141917645310001,0.0345108027217004,-5.22868636384989
"Clothes_No+Fur_Brown",2,7403,-0.0564743237505146,0.0549255384971731,-0.164128379204974,0.0511797317039447,-5.49092494304875
"Clothes_No+Fur_Brown",2,7404,-0.0516785666505857,0.0618457801765503,-0.172896295796624,0.0695391624954528,-5.03659381524468
"Clothes_No+Fur_Brown",2,7405,-0.0542381568481338,0.0608924870290862,-0.173587431425143,0.0651111177288752,-5.27935040760885
"Clothes_No+Fur_Brown",2,7406,-0.0520154597925851,0.0563229677982377,-0.162408476677131,0.0583775570919608,-5.06858094710402
"Clothes_No+Fur_Brown",2,7407,-0.0562327793558273,0.0452292724716937,-0.144882153400347,0.0324165946886923,-5.46809404849536
"Clothes_No+Fur_Brown",2,7408,-0.052232622668814,0.0642649719439455,-0.178191967678947,0.0737267223413192,-5.08919428880275
"Clothes_No+Fur_Brown",2,7412,-0.0559545927338799,0.0427267649789243,-0.139699052092571,0.0277898666248117,-5.4417928787653
"Clothes_No+Fur_Brown",2,7414,-0.0590099106621155,0.043646053985757,-0.144556176474199,0.0265363551499683,-5.73025736448666
"Clothes_No+Fur_Brown",2,7416,-0.0585084432072143,0.0471730709353019,-0.150967662240406,0.0339507758259775,-5.68297230160386
"Clothes_No+Fur_Brown",2,7417,-0.0561911294405085,0.0500246286039435,-0.154239401504238,0.0418571426232208,-5.46415672062344
"Clothes_No+Fur_Brown",2,7419,-0.0505950910255566,0.0576349354074159,-0.163559564424092,0.0623693823729786,-4.93364751954362
"Clothes_No+Fur_Brown",2,7421,-0.0565322292403068,0.0441232712381368,-0.143013840867055,0.0299493823864413,-5.49639737888616
"Clothes_No+Fur_Brown",2,7423,-0.058485165097913,0.0473525117840529,-0.151296088194657,0.0343257579988306,-5.68077675397013
"Clothes_No+Fur_Brown",2,7424,-0.0551325202995775,0.0478592251227031,-0.148936601540076,0.0386715609409206,-5.36402722313247
"Clothes_No+Fur_Brown",2,7425,-0.0585080710014704,0.041736151173115,-0.140310927300776,0.0232947852978349,-5.68293719625788
"Clothes_No+Fur_Brown",2,7427,-0.0609733143161848,0.0495782464115692,-0.15814667728286,0.0362000486504908,-5.91516533774924
"Clothes_No+Fur_Brown",2,7428,-0.0584850142379382,0.0447551873149566,-0.146205181375253,0.0292351528993767,-5.68076252497342
"Clothes_No+Fur_Brown",2,7429,-0.0552787274067267,0.0521345185781309,-0.157462383819863,0.0469049290064097,-5.37786266349993
"Clothes_No+Fur_Brown",2,7430,-0.0476203656256743,0.0564861022691986,-0.158333126073303,0.063092394821955,-4.65043018810001
"Clothes_No+Fur_Brown",2,7432,-0.046695628527575,0.0523405620949496,-0.149283130233676,0.0558918731785262,-4.56221612248389
"Clothes_No+Fur_Brown",2,7433,-0.051686263542229,0.0546254379374076,-0.158752121899548,0.0553795948150898,-5.03732473547925
"Clothes_No+Fur_Brown",2,7434,-0.047729230019175,0.0581438393495304,-0.161691155144255,0.0662326951059045,-4.66080979619302
"Clothes_No+Fur_Brown",2,7435,-0.057836485723111,0.0406362891221064,-0.137483612402439,0.0218106409562174,-5.61957397085764
"Clothes_No+Fur_Brown",2,7436,-0.0553110306420847,0.0493316768991529,-0.152001117364424,0.0413790560802549,-5.38091921530387
"Clothes_No+Fur_Brown",2,7437,-0.0526501286933257,0.0467580147540632,-0.14429583761129,0.0389955802246382,-5.12881185111748
"Clothes_No+Fur_Brown",2,7438,-0.0584952636862451,0.0486695641043838,-0.153887609330837,0.0368970819583472,-5.6817292401681
"Clothes_No+Fur_Brown",2,7439,-0.0523464118820514,0.0562145933433411,-0.162527014835,0.0578341910708972,-5.09999350028381
"Clothes_No+Fur_Brown",2,7440,-0.049034419288188,0.0619286958314473,-0.170414663117825,0.0723458245414486,-4.78516431341934
"Clothes_No+Fur_Brown",2,7441,-0.0592209044006035,0.0480766552475773,-0.153451148685855,0.0350093398846479,-5.75014559169215
"Clothes_No+Fur_Brown",2,7442,-0.0573059146286157,0.0442562674255072,-0.14404819878261,0.0294363695253784,-5.56948515825738
"Clothes_No+Fur_Brown",2,7443,-0.0510636830558186,0.054613219391734,-0.158105593063617,0.0559782269519799,-4.97818441902902
"Clothes_No+Fur_Brown",2,7445,-0.0556922953132234,0.048714194168453,-0.151172115883391,0.0397875252569445,-5.41698725185173
"Clothes_No+Fur_Brown",2,7446,-0.0480703623842828,0.0573336709376116,-0.160444357422001,0.0643036326534359,-4.69332753289314
"Clothes_No+Fur_Brown",2,7447,-0.0588805749978041,0.0470631943121156,-0.151124435849551,0.0333632858539425,-5.71806413620579
"Clothes_No+Fur_Brown",2,7448,-0.0517863153169988,0.0474117824442215,-0.144713408907673,0.0411407782736753,-5.04682544438705
"Clothes_No+Fur_Brown",2,7449,-0.0580583517573217,0.0427384394617368,-0.141825693102326,0.0257089895876825,-5.64051145894323
"Clothes_No+Fur_Brown",2,7451,-0.0575632429834076,0.0414084464144956,-0.138723797955819,0.0235973119890037,-5.59378168105757
"Clothes_No+Fur_Brown",2,7453,-0.0598124744741136,0.0455392676592945,-0.149069439086331,0.0294444901381036,-5.80588449663323
"Clothes_No+Fur_Brown",2,7455,-0.0623318264386593,0.0467198131387617,-0.153902660190632,0.0292390073133136,-6.04289394610332
"Clothes_No+Fur_Brown",2,7456,-0.0547110560484916,0.0453764772562334,-0.143648951470709,0.0342268393737258,-5.32413313736534
"Clothes_No+Fur_Brown",2,7457,-0.0590440922356962,0.0490174451915925,-0.155118284811218,0.0370301003398251,-5.73347959756018
"Clothes_No+Fur_Brown",2,7458,-0.0549146136572461,0.0487330475465364,-0.150431386848457,0.0406021595339652,-5.34340316908334
"Clothes_No+Fur_Brown",2,7462,-0.0563233803548796,0.0495576221055259,-0.15345631968171,0.0408095589719512,-5.47665834564409
"Clothes_No+Fur_Brown",2,7463,-0.0541081044378316,0.0469717478467051,-0.146172730217374,0.0379565213417103,-5.26703095775426
"Clothes_No+Fur_Brown",2,7464,-0.0494004860483812,0.0598231885396715,-0.166653935586137,0.067852963489375,-4.82001292099385
"Clothes_No+Fur_Brown",2,7465,-0.058484082597446,0.0501092145366024,-0.156698143089187,0.0397299778942948,-5.68067465331166
"Clothes_No+Fur_Brown",2,7466,-0.0577867517250966,0.0469785417635556,-0.149864693581666,0.0342911901314723,-5.61487993821137
"Clothes_No+Fur_Brown",2,7467,-0.0560391107285794,0.0463755627321435,-0.146935213683581,0.0348569922264219,-5.44978441109466
"Clothes_No+Fur_Brown",2,7468,-0.0555322925349155,0.0456039650136324,-0.144916063961635,0.0338514788918039,-5.40185249626212
"Clothes_No+Fur_Brown",2,7469,-0.0461967688140053,0.054412755550631,-0.152845769693242,0.0604522320652314,-4.51459417960823
"Clothes_No+Fur_Brown",2,7470,-0.0540630526000902,0.0424126867546452,-0.137191918639195,0.0290658134390143,-5.26276296726452
"Clothes_No+Fur_Brown",2,7471,-0.0562797496066232,0.0475131254671867,-0.149405475522309,0.0368459763090626,-5.47253413154939
"Clothes_No+Fur_Brown",2,7472,-0.0581189055034741,0.0470734789141125,-0.150382924175135,0.0341451131681864,-5.6462251064663
"Clothes_No+Fur_Brown",2,7473,-0.0559114723225186,0.0464394043082434,-0.146932704766676,0.0351097601216384,-5.43771540206603
"Clothes_No+Fur_Brown",2,7474,-0.0522515744499285,0.0573603568721583,-0.164677873919359,0.0601747250195017,-5.09099300057353
"Clothes_No+Fur_Brown",2,7476,-0.0567054455663375,0.0460771169069865,-0.147016594704031,0.0336057035713561,-5.51276552807259
"Clothes_No+Fur_Brown",2,7477,-0.0558703613306901,0.043111970775414,-0.140369824050502,0.0286291013891215,-5.43382777284505
"Clothes_No+Fur_Brown",2,7478,-0.0572055893573856,0.0442614418626494,-0.143958015408178,0.0295468366934073,-5.56001091599848
"Clothes_No+Fur_Brown",2,7479,-0.0548293002414564,0.0505208660694696,-0.153850197737617,0.044191597254704,-5.33532734699758
"Clothes_No+Fur_Brown",2,7480,-0.0505099652023157,0.0522453995686442,-0.152910948356858,0.0518910179522269,-4.92555457357174
"Clothes_No+Fur_Brown",2,7481,-0.0499820415932687,0.0538321782588301,-0.155493110980576,0.0555290277940383,-4.87534927809973
"Clothes_No+Fur_Brown",2,7483,-0.0545774712669125,0.0466504244754007,-0.146012303238698,0.0368573607048729,-5.31148503759167
"Clothes_No+Fur_Brown",2,7484,-0.0507055036539774,0.058927674998231,-0.16620374665051,0.0647927393425554,-4.94414346594217
"Clothes_No+Fur_Brown",2,7485,-0.0595377340056468,0.0499457625972982,-0.157431428696351,0.0383559606850578,-5.780002005892
"Clothes_No+Fur_Brown",2,7486,-0.0577602288307767,0.047394859159476,-0.15065415278335,0.0351336951217963,-5.61237653844805
"Clothes_No+Fur_Brown",2,7487,-0.0547161483964513,0.0430886419139362,-0.139169886547766,0.0297375897548637,-5.32461525859522
"Clothes_No+Fur_Brown",2,7488,-0.0528965847308546,0.0459440196986194,-0.142946863340149,0.0371536938784395,-5.15219054719557
"Clothes_No+Fur_Brown",2,7489,-0.0573475116109743,0.0445816288546146,-0.144727504166019,0.0300324809440703,-5.57341310102152
"Clothes_No+Fur_Brown",2,7491,-0.0570131576173838,0.0456531298967165,-0.146493292214948,0.0324669769801806,-5.54183591590593
"Clothes_No+Fur_Brown",2,7492,-0.050974007625249,0.052778626924582,-0.15442011639743,0.0524721011469317,-4.96966291472422
"Clothes_No+Fur_Brown",2,7494,-0.0478373289526496,0.057363311860816,-0.160269420199849,0.0645947622945497,-4.67111530395514
"Clothes_No+Fur_Brown",2,7495,-0.0549508392424129,0.0430762817853369,-0.139380351541673,0.0294786730568474,-5.34683209758558
"Clothes_No+Fur_Brown",2,7496,-0.05605895097039,0.0423929825874763,-0.139149196841844,0.0270312949010636,-5.45166029162617
"Clothes_No+Fur_Brown",2,7498,-0.0568904625931011,0.0486058067401526,-0.1521578438038,0.0383769186175981,-5.53024565815099
"Clothes_No+Fur_Brown",2,7499,-0.0542397989636854,0.0475840488567479,-0.147504534722911,0.0390249367955404,-5.2795059497329
"Clothes_No+Fur_Brown",2,7500,-0.0579306334315203,0.0502915396780527,-0.156502051200504,0.040640784337463,-5.62845925341592
"Clothes_No+Fur_Brown",2,7501,-0.0554363207144848,0.0455284226659232,-0.144672029139694,0.0337993877107246,-5.39277330417048
"Clothes_No+Fur_Brown",2,7502,-0.0547882383448332,0.0442405200469275,-0.141499657636811,0.0319231809471447,-5.33144015618806
"Clothes_No+Fur_Brown",2,7503,-0.0531388259188282,0.0433831680813716,-0.138169835358317,0.0318921835206602,-5.17516381058646
"Clothes_No+Fur_Brown",2,7504,-0.057978863464819,0.0430142745449003,-0.142286841572824,0.0263291146431856,-5.63301068620983
"Clothes_No+Fur_Brown",2,7505,-0.0572393130251804,0.0471947190362932,-0.149740962336315,0.0352623362859543,-5.56319572511487
"Clothes_No+Fur_Brown",2,7506,-0.0544613428210444,0.0444746105688259,-0.141631579535943,0.0327088938938544,-5.30048836900687
"Clothes_No+Fur_Brown",2,7507,-0.0572996724377087,0.0446606199942155,-0.144834487626371,0.0302351427509537,-5.56889570311656
"Clothes_No+Fur_Brown",2,7508,-0.0555055506456856,0.0474227689216822,-0.148454177732183,0.0374430764408114,-5.399322729255
"Clothes_No+Fur_Brown",2,7509,-0.0544208227366816,0.0457425889907832,-0.144076297158617,0.0352346516852536,-5.29665105906293
"Clothes_No+Fur_Brown",2,7510,-0.0574526173309928,0.0471644612145289,-0.149894961311469,0.0349897266494838,-5.58333735386942
"Clothes_No+Fur_Brown",2,7511,-0.05620410512048,0.0433659109982638,-0.141201290677077,0.028793080436117,-5.46538337951328
"Clothes_No+Fur_Brown",2,7512,-0.0566952898887447,0.0454420627198094,-0.145761732819571,0.0323711530420817,-5.51180594131004
"Clothes_No+Fur_Brown",2,7514,-0.0530862019981083,0.0577899927914917,-0.166354587869432,0.0601821838732154,-5.17017362462413
"Clothes_No+Fur_Brown",2,7515,-0.0551119680766183,0.0445002431673671,-0.142332444684658,0.0321085085314212,-5.36208222353304
"Clothes_No+Fur_Brown",2,7516,-0.0575608721815375,0.0479587353681108,-0.151559993503035,0.0364382491399598,-5.59355786235332
"Clothes_No+Fur_Brown",2,7517,-0.0565107300978659,0.0409356837591852,-0.136744670265869,0.0237232100701372,-5.49436561063167
"Clothes_No+Fur_Brown",2,7518,-0.0546046969494772,0.0411541834937315,-0.135266896597191,0.0260575026982366,-5.31406296194952
"Clothes_No+Fur_Brown",2,7519,-0.0539739893151961,0.0467395877073687,-0.145583581221639,0.0376356025912466,-5.25432498198083
"Clothes_No+Fur_Brown",2,7520,-0.0539391408914248,0.0560679034696815,-0.163832231692,0.055953949909151,-5.25102318701646
"Clothes_No+Fur_Brown",2,7521,-0.0586970709109168,0.0422785741632183,-0.141563076270825,0.0241689344489911,-5.70076142814487
"Clothes_No+Fur_Brown",2,7522,-0.0526041022223436,0.0463693596012716,-0.143488047040836,0.0382798425961488,-5.12444516463828
"Clothes_No+Fur_Brown",2,7523,-0.0542594638788232,0.0430978389945943,-0.138731228308228,0.0302123005505818,-5.28136860189569
"Clothes_No+Fur_Brown",2,7524,-0.0562824760213284,0.0426103198408434,-0.139798702909382,0.0272337508667247,-5.47279185227105
"Clothes_No+Fur_Brown",2,7525,-0.0575309363843703,0.0441509993720678,-0.144066895153623,0.0290050223848827,-5.59073168794852
"Clothes_No+Fur_Brown",2,7526,-0.0550923534310565,0.042402139799939,-0.138200547438937,0.0280158405768239,-5.3602259161138
"Clothes_No+Fur_Brown",2,7527,-0.056799899424748,0.0474106849804664,-0.149724841986462,0.0361250431369662,-5.52168979046687
"Clothes_No+Fur_Brown",2,7529,-0.0563075418189161,0.0425582704773298,-0.139721751954483,0.0271066683166504,-5.47516122244182
"Clothes_No+Fur_Brown",2,7531,-0.0574241821537804,0.0448808221308388,-0.145390593530224,0.0305422292226636,-5.58065256116418
"Clothes_No+Fur_Brown",2,7532,-0.0576433173452591,0.0473332050353812,-0.150416399214606,0.035129764524088,-5.60134089609058
"Clothes_No+Fur_Brown",2,7533,-0.0571356564601693,0.0462777969775813,-0.147840138536229,0.0335688256158901,-5.55340622300879
"Clothes_No+Fur_Brown",2,7534,-0.0525556720432289,0.0522573524659497,-0.15498008287649,0.0498687387900326,-5.11985021325774
"Clothes_No+Fur_Brown",2,7535,-0.054088716326173,0.0495598813429553,-0.151226083758365,0.0430486511060194,-5.2651942465676
"Clothes_No+Fur_Brown",2,7536,-0.057842802413604,0.0442397745851257,-0.14455276060045,0.0288671557732424,-5.62017014091456
"Clothes_No+Fur_Brown",2,7537,-0.0586948697016591,0.0486668082529052,-0.154081813877353,0.0366920744740351,-5.70055385555948
"Clothes_No+Fur_Brown",2,7538,-0.0553566915717238,0.041298881018465,-0.136302498367915,0.0255891152244677,-5.38523951185896
"Clothes_No+Fur_Brown",2,7539,-0.0561779756832351,0.0438061916263444,-0.14203811127087,0.0296821599043999,-5.46291321090892
"Clothes_No+Fur_Brown",2,7540,-0.0556148458757018,0.0474258482074198,-0.148569508362245,0.0373398166108411,-5.40966156703386
"Clothes_No+Fur_Brown",2,7541,-0.0556384730392744,0.045772465790344,-0.145352505988349,0.0340755599097999,-5.41189644203043
"Clothes_No+Fur_Brown",2,7542,-0.0483864000890865,0.0553676744241846,-0.156907041960488,0.0601342417823153,-4.72344327580633
"Clothes_No+Fur_Brown",2,7543,-0.0519915944309325,0.0473643949016833,-0.144825808438232,0.0408426195763667,-5.06631534742156
"Clothes_No+Fur_Brown",2,7544,-0.0580909360938855,0.0485067321664873,-0.153164131140201,0.0369822589524297,-5.64358605018381
"Clothes_No+Fur_Brown",2,7545,-0.0503674400648208,0.0592592737315148,-0.16651561657859,0.0657807364489481,-4.91200310947589
"Clothes_No+Fur_Brown",2,7546,-0.0565512618083175,0.037271718515073,-0.129603830097861,0.0165013064812256,-5.49819600801398
"Clothes_No+Fur_Brown",2,7547,-0.0528546796225481,0.0492196486619074,-0.149325190999887,0.0436158317547904,-5.14821585618846
"Clothes_No+Fur_Brown",2,7548,-0.0546952692328465,0.046352424744781,-0.145546021732617,0.0361554832669242,-5.32263849511135
"Clothes_No+Fur_Brown",2,7549,-0.0590307448024263,0.0420716136585209,-0.141491107573127,0.0234296179682747,-5.73222137307251
"Clothes_No+Fur_Brown",2,7550,-0.0552030949177842,0.0475076500372501,-0.148318088990794,0.0379118991552259,-5.37070588510504
"Clothes_No+Fur_Brown",2,7551,-0.053432717931895,0.0490025851591171,-0.149477784843765,0.0426123489799745,-5.20302797785424
"Clothes_No+Fur_Brown",2,7552,-0.0548669741497363,0.0397175446816389,-0.132713361725748,0.0229794134262759,-5.3388936680134
"Clothes_No+Fur_Brown",2,7553,-0.0528700685830113,0.0584110238181665,-0.167355675266618,0.0616155381005951,-5.14967551531317
"Clothes_No+Fur_Brown",2,7554,-0.050493428238345,0.0586263122960782,-0.165401000338658,0.0644141438619683,-4.92398231789307
"Clothes_No+Fur_Brown",2,7555,-0.048345369065934,0.0601730303369566,-0.166284508526369,0.0695937703945008,-4.71953390099922
"Clothes_No+Fur_Brown",2,7556,-0.0515896824794078,0.0586839475231592,-0.1666102196248,0.0634308546659842,-5.02815269645835
"Clothes_No+Fur_Brown",2,7557,-0.051862536048106,0.0566829168123121,-0.162961053000238,0.0592359809040257,-5.05406256895965
"Clothes_No+Fur_Brown",2,7559,-0.0544033597646679,0.0474468381666926,-0.147399162571385,0.0385924430420496,-5.29499724269054
"Clothes_No+Fur_Brown",2,7560,-0.0543423427128076,0.0444244335366034,-0.14141423244455,0.0327295470189351,-5.28921844632511
"Clothes_No+Fur_Brown",2,7561,-0.0569993796710304,0.046329195470831,-0.147804602793859,0.0338058434517985,-5.54053446742291
"Clothes_No+Fur_Brown",2,7562,-0.0551294883437406,0.0453473038537808,-0.144010203897151,0.0337512272096698,-5.36374029060745
"Clothes_No+Fur_Brown",2,7563,-0.0562044955268925,0.0492131573489559,-0.152662283930846,0.040253292877061,-5.46542028642661
"Clothes_No+Fur_Brown",2,7564,-0.0558120318639318,0.0448452719970988,-0.143708764978245,0.0320847012503818,-5.42831161757004
"Clothes_No+Fur_Brown",2,7565,-0.0566986893496661,0.043608431845783,-0.142171215767401,0.0287738370680686,-5.51212714968732
"Clothes_No+Fur_Brown",2,7566,-0.0588384057029072,0.0462878663272105,-0.14956262370424,0.0318858122984254,-5.71408824961932
"Clothes_No+Fur_Brown",2,7567,-0.0529492797122392,0.0550990724932556,-0.16094346179902,0.0550449023745418,-5.15718841906652
"Clothes_No+Fur_Brown",2,7568,-0.0566149626136633,0.0451174587300458,-0.145045181724553,0.0318152564972264,-5.50421565730461
"Clothes_No+Fur_Brown",2,7570,-0.0563565858697778,0.0451931329779784,-0.144935126506615,0.03222195476706,-5.47979698976317
"Clothes_No+Fur_Brown",2,7571,-0.0555465989066109,0.0455151477922249,-0.144756288579372,0.0336630907661498,-5.40320584284123
"Clothes_No+Fur_Brown",2,7572,-0.0511469443177173,0.0520838988623418,-0.153231386087907,0.0509374974524725,-4.98609572594493
"Clothes_No+Fur_Brown",2,7573,-0.0481906404308945,0.0565504343849243,-0.159029491825346,0.0626482109635572,-4.7047901439225
"Clothes_No+Fur_Brown",2,7574,-0.0584000544295636,0.0477666439099919,-0.152022676493148,0.0352225676340206,-5.67274884021576
"Clothes_No+Fur_Brown",2,7575,-0.0530152101248589,0.0503191581573038,-0.151640760113174,0.0456103398634565,-5.1634412386403
"Clothes_No+Fur_Brown",2,7577,-0.0548528397440766,0.0458875683897898,-0.144792473788065,0.0350867942999114,-5.3375556800805
"Clothes_No+Fur_Brown",2,7578,-0.0583833996225591,0.0465701018696168,-0.149660799287008,0.0328940000418898,-5.67117782496999
"Clothes_No+Fur_Brown",2,7579,-0.0589741055762528,0.0502723467751892,-0.157507905255624,0.039559694103118,-5.72688196782952
"Clothes_No+Fur_Brown",2,7580,-0.0533821258263353,0.0467717748176442,-0.145054804468918,0.0382905528162473,-5.19823187811758
"Clothes_No+Fur_Brown",2,7581,-0.0537298599706414,0.0561541642709602,-0.163792021941723,0.0563323020004405,-5.23119195882928
"Clothes_No+Fur_Brown",2,7583,-0.0577083661122813,0.0472759534565106,-0.150369234887042,0.0349525026624796,-5.60748121276166
"Clothes_No+Fur_Brown",2,7584,-0.0553032518703358,0.0438676667035401,-0.141283878609274,0.0306773748686029,-5.38018319220868
"Clothes_No+Fur_Brown",2,7585,-0.050880518726374,0.0537588956151706,-0.156247954132108,0.0544869166793603,-4.9607782178466
"Clothes_No+Fur_Brown",2,7586,-0.054435698326005,0.0542999195052426,-0.16086354055628,0.0519921439042705,-5.29805981671125
"Clothes_No+Fur_Brown",2,7587,-0.0505704930388432,0.0543214883583858,-0.157040610221279,0.0558996241435929,-4.93130904990771
"Clothes_No+Fur_Brown",2,7588,-0.0466801770595266,0.052979039187432,-0.150519093866893,0.0571587397478401,-4.56074145722285
"Clothes_No+Fur_Brown",2,7589,-0.048441506405621,0.0605724619323149,-0.167163531792958,0.0702805189817162,-4.7286934712387
"Clothes_No+Fur_Brown",2,7590,-0.0478449160197859,0.0557470941059059,-0.157109220467361,0.0614193884277897,-4.67183856785963
"Clothes_No+Fur_Brown",2,7592,-0.0567758848476906,0.047221342086523,-0.149329715337276,0.0357779456418946,-5.51942090656304
"Clothes_No+Fur_Brown",2,7595,-0.0572782419782948,0.0435935991471307,-0.142721696306671,0.0281652123500813,-5.56687197948393
"Clothes_No+Fur_Brown",2,7596,-0.0472623165254855,0.0575696315207538,-0.160098794306163,0.065574161255192,-4.61628424782866
"Clothes_No+Fur_Brown",2,7597,-0.0467624051360578,0.0522698141013209,-0.149211240774647,0.0556864305025311,-4.56858892123303
"Clothes_No+Fur_Brown",2,7598,-0.0569675749469996,0.0465039180376554,-0.148115254300804,0.0341801044068049,-5.53753016241427
"Clothes_No+Fur_Brown",2,7600,-0.0574640827253055,0.0544647564152307,-0.164215005299158,0.0492868398485468,-5.58441987193059
"Clothes_No+Fur_Brown",2,7601,-0.0548353830630449,0.0449694930389322,-0.142975589419352,0.0333048232932622,-5.33590317356073
"Clothes_No+Fur_Brown",2,7602,-0.0525293843921994,0.053459017307899,-0.157309058315681,0.0522502895312827,-5.11735600420721
"Clothes_No+Fur_Brown",2,7603,-0.0440281913212587,0.0534258023055682,-0.148742763840172,0.060686381197655,-4.3073019943132
"Clothes_No+Fur_Brown",2,7604,-0.0529908760830084,0.055515602636189,-0.161801457249939,0.055819705083922,-5.16113345377169
"Clothes_No+Fur_Brown",2,7605,-0.0472257295330515,0.0523295596336545,-0.149791666415014,0.0553402073489114,-4.61279438070064
"Clothes_No+Fur_Brown",2,7606,-0.0568833006335993,0.0487770821117079,-0.152486381572547,0.0387197803053482,-5.5295690671734
"Clothes_No+Fur_Brown",2,7607,-0.0475759334709956,0.0552557986768482,-0.155877298877618,0.060725431935627,-4.64619350714385
"Clothes_No+Fur_Brown",2,7608,-0.0453558084138409,0.054382918504785,-0.15194632868322,0.0612347118555378,-4.43426096072611
"Clothes_No+Fur_Brown",2,7609,-0.0485060788112409,0.0507657769169994,-0.14800700156856,0.050994843946078,-4.73484517007067
"Clothes_No+Fur_Brown",2,7610,-0.0536339658022453,0.0442162305844824,-0.140297777747831,0.0330298461433401,-5.222103747046
"Clothes_No+Fur_Brown",2,7611,-0.0487210458460122,0.0562814119293114,-0.159032613227462,0.061590521535438,-4.75532183693846
"Clothes_No+Fur_Brown",2,7613,-0.0527370346469409,0.0521853406799269,-0.155020302379598,0.0495462330857157,-5.13705636394035
"Clothes_No+Fur_Brown",2,7615,-0.0487683459687816,0.0562195817696158,-0.158958726237228,0.0614220342996653,-4.75982681536484
"Clothes_No+Fur_Brown",2,7616,-0.056049056381964,0.0477454376683874,-0.149630114212003,0.0375320014480754,-5.4507247700901
"Clothes_No+Fur_Brown",2,7618,-0.0528262628740285,0.0588538530469501,-0.168179814846051,0.0625272890979937,-5.1455204385945
"Clothes_No+Fur_Brown",2,7619,-0.0540948374264691,0.0582075278371718,-0.168181591987326,0.0599919171343877,-5.26577412604039
"Clothes_No+Fur_Brown",2,7620,-0.0506849653028803,0.0586437393968764,-0.165626694520758,0.0642567639149975,-4.94219115533829
"Clothes_No+Fur_Brown",2,7621,-0.0579593667723863,0.0481437525555771,-0.152321121781317,0.0364023882365448,-5.63117082410781
"Clothes_No+Fur_Brown",2,7622,-0.0592059934833957,0.0469317189274401,-0.151192162581178,0.032780175614387,-5.74874022943862
"Clothes_No+Fur_Brown",2,7623,-0.0570877498094364,0.0511801164378188,-0.157400778027561,0.0432252784086884,-5.54888149464638
"Clothes_No+Fur_Brown",2,7624,-0.0501796522829112,0.0512633701020246,-0.150655857682879,0.050296553117057,-4.89414506874514
"Clothes_No+Fur_Brown",2,7625,-0.0579611187620728,0.0424561449416417,-0.141175162847691,0.025252925323545,-5.63133615717842
"Clothes_No+Fur_Brown",2,7626,-0.0492295784531686,0.0545418492170957,-0.156131602918676,0.057672446012339,-4.80374454813518
"Clothes_No+Fur_Brown",2,7627,-0.048316456662093,0.061083346636785,-0.168039816070192,0.0714069027460057,-4.71677907386105
"Clothes_No+Fur_Brown",2,7628,-0.0498518927469301,0.0597001686847082,-0.166864223368958,0.0671604378750981,-4.86296810886994
"Clothes_No+Fur_Brown",2,7629,-0.0479540372422456,0.0593371823731316,-0.164254914693584,0.0683468402090924,-4.68224032583335
"Clothes_No+Fur_Brown",2,7630,-0.0480074340292229,0.060661474850351,-0.166903924735911,0.0708890566774651,-4.68732985205844
"Clothes_No+Fur_Brown",2,7634,-0.0518090537739694,0.0568892046882282,-0.163311894962897,0.0596937874149579,-5.04898450851391
"Clothes_No+Fur_Brown",2,7635,-0.0595390199558412,0.040635280634055,-0.139184169998589,0.0201061300869066,-5.78012316803883
"Clothes_No+Fur_Brown",2,7636,-0.056173852797685,0.0434134895296727,-0.141264292275844,0.0289165866804736,-5.46252344451635
"Clothes_No+Fur_Brown",2,7637,-0.0500888371320696,0.0593881186076501,-0.166489549603064,0.0663118753389246,-4.88550762398415
"Clothes_No+Fur_Brown",2,7639,-0.0576975006940055,0.0459183970396122,-0.147697558891645,0.0323025575036343,-5.60645559299104
"Clothes_No+Fur_Brown",2,7640,-0.0571859307728542,0.0493020966828115,-0.153818040271165,0.0394461787254563,-5.55815434124116
"Clothes_No+Fur_Brown",2,7641,-0.0562730786976021,0.0450493797681913,-0.144569863043257,0.0320237056480529,-5.4719035453213
"Clothes_No+Fur_Brown",2,7642,-0.0566304604129295,0.0444786583266489,-0.143808630733161,0.0305477099073023,-5.50568012265383
"Clothes_No+Fur_Brown",2,7643,-0.0469784040154997,0.06503801723333,-0.174452917792826,0.0804961097618271,-4.58919977304901
"Clothes_No+Fur_Brown",2,7644,-0.0502573238031748,0.0533020983721603,-0.154729436612609,0.0542147890062593,-4.90153179821066
"Clothes_No+Fur_Brown",2,7645,-0.0596040802900322,0.0479094090979795,-0.153506522122072,0.0342983615420076,-5.78625294530811
"Clothes_No+Fur_Brown",2,7647,-0.0579693081765376,0.0448339699046053,-0.145843889189564,0.0299052728364888,-5.63210897811465
"Clothes_No+Fur_Brown",2,7649,-0.0568111596301293,0.0454166494520096,-0.145827792556068,0.0322054732958096,-5.52275362965436
"Clothes_No+Fur_Brown",2,7650,-0.0526037074025222,0.0565006352479486,-0.163344952488501,0.0581375376834571,-5.12440770588127
"Clothes_No+Fur_Brown",2,7651,-0.0548478040023835,0.0561754509600415,-0.164951687884065,0.0552560798792979,-5.3370789832626
"Clothes_No+Fur_Brown",2,7652,-0.0481099044870002,0.0527500679334491,-0.15150003763656,0.05528022866256,-4.69709608461677
"Clothes_No+Fur_Brown",2,7653,-0.0518155510105534,0.0478909674719437,-0.145681847255563,0.0420507452344563,-5.04960142572132
"Clothes_No+Fur_Brown",2,7654,-0.0524585778421532,0.0556731420983384,-0.161577936354897,0.0566607806705902,-5.11063745367073
"Clothes_No+Fur_Brown",2,7655,-0.0499844864641075,0.0556790070262676,-0.159115340235592,0.059146367307377,-4.87558184530003
"Clothes_No+Fur_Brown",2,7657,-0.0488673740196866,0.0565216372189689,-0.159649782968866,0.0619150349294925,-4.76925779710959
"Clothes_No+Fur_Brown",2,7658,-0.0482365865222463,0.0540877233457831,-0.154248524279981,0.0577753512354885,-4.70916848575532
"Clothes_No+Fur_Brown",2,7659,-0.0555955349783335,0.0482333387064625,-0.150132878843,0.0389418088863331,-5.40783492507937
"Clothes_No+Fur_Brown",2,7660,-0.05028662419701,0.0539476073079897,-0.15602393452067,0.0554506861266499,-4.90431817996085
"Clothes_No+Fur_Brown",2,7661,-0.0585147418323936,0.0474537203756978,-0.151524033768761,0.0344945501039741,-5.68356636733846
"Clothes_No+Fur_Brown",2,7662,-0.0596421332187824,0.0444547175432616,-0.146773379603575,0.0274891131660103,-5.78983798610099
"Clothes_No+Fur_Brown",2,7664,-0.0516836318383039,0.0546285093317391,-0.158755510128513,0.0553882464519048,-5.03707482150517
"Clothes_No+Fur_Brown",2,7665,-0.0499731999567621,0.0576404187213599,-0.162948420650628,0.0630020207371033,-4.87450821679706
"Clothes_No+Fur_Brown",2,7666,-0.0447924917421341,0.0567909792069814,-0.156102810987818,0.0665178275035495,-4.38041202110255
"Clothes_No+Fur_Brown",2,7667,-0.0563428366492733,0.045783826639516,-0.146079136862725,0.033393463564178,-5.47849740171573
"Clothes_No+Fur_Brown",2,7668,-0.0464077277490215,0.0534831695695451,-0.15123474010533,0.0584192846072869,-4.53473555455349
"Clothes_No+Fur_Brown",2,7669,-0.0447010573705591,0.0515691727889724,-0.145776636036945,0.0563745212958267,-4.3716687044517
"Clothes_No+Fur_Brown",2,7670,-0.046933825403051,0.0631425847651093,-0.170693291542665,0.0768256407365632,-4.5849463971582
"Clothes_No+Fur_Brown",2,7671,-0.0560001087586377,0.043140326504739,-0.140555148707926,0.0285549311906506,-5.44609669451465
"Clothes_No+Fur_Brown",2,7672,-0.0510737335778389,0.0510807600662987,-0.151192023307784,0.0490445561521065,-4.97913943307972
"Clothes_No+Fur_Brown",2,7673,-0.0524753336103632,0.0558188177784755,-0.161880216456175,0.0569295492354488,-5.11222738451486
"Clothes_No+Fur_Brown",2,7674,-0.0502654729872297,0.051958417088374,-0.152103970480443,0.0515730245059833,-4.90230676997367
"Clothes_No+Fur_Brown",2,7675,-0.0448866731902575,0.0523251815803614,-0.147444029087766,0.0576706827072509,-4.38941718830087
"Clothes_No+Fur_Brown",2,7676,-0.0572092299420256,0.0439801515204752,-0.143410326922157,0.0289918670381057,-5.56035473214629
"Clothes_No+Fur_Brown",2,7677,-0.0549110546740749,0.047246984117543,-0.147515143544459,0.0376930341963093,-5.34306628724869
"Clothes_No+Fur_Brown",2,7678,-0.0591480913156118,0.04661736936673,-0.150518135274403,0.0322219526431789,-5.74328271918223
"Clothes_No+Fur_Brown",2,7679,-0.054739567747877,0.0424787486487746,-0.137997915099475,0.0285187796037211,-5.32683246873894
"Clothes_No+Fur_Brown",2,7680,-0.0580952920476555,0.0462366455719931,-0.148719117368762,0.032528533273451,-5.6439970614657
"Clothes_No+Fur_Brown",2,7681,-0.0557362461322898,0.0423679172081538,-0.138777363860271,0.0273048715956917,-5.42114416138133
"Clothes_No+Fur_Brown",2,7682,-0.0578529932394992,0.0451751344373989,-0.146396256736801,0.0306902702578026,-5.62113194442787
"Clothes_No+Fur_Brown",2,7683,-0.0573793036093343,0.0467817357265218,-0.149071505633317,0.0343128984146484,-5.57641506319792
"Clothes_No+Fur_Brown",2,7684,-0.0478921415101764,0.0595696500084631,-0.164648655526764,0.0688643725064113,-4.67634038073029
"Clothes_No+Fur_Brown",2,7686,-0.0532567589805077,0.0478086714342002,-0.14696175499154,0.0404482370305247,-5.18634613444573
"Clothes_No+Fur_Brown",2,7688,-0.0494026409982278,0.055385728636649,-0.15795866912606,0.0591533871296042,-4.82021802887141
"Clothes_No+Fur_Brown",2,7689,-0.0555497040374458,0.050208171245925,-0.153957719679459,0.0428583116045672,-5.40349957780761
"Clothes_No+Fur_Brown",2,7690,-0.0529064161673228,0.0585242027309237,-0.167613853519933,0.0618010211852876,-5.15312303282451
"Clothes_No+Fur_Brown",2,7691,-0.0598125461714963,0.0433240798127733,-0.144727742604532,0.0251026502615393,-5.80589125010453
"Clothes_No+Fur_Brown",2,7692,-0.0496944580937982,0.0560146719590016,-0.159483215133441,0.0600942989458449,-4.84798906417475
"Clothes_No+Fur_Brown",2,7693,-0.0548034948291084,0.0473894995137279,-0.147686913876015,0.0380799242177984,-5.33288445456518
"Clothes_No+Fur_Brown",2,7694,-0.0574333175185288,0.0472677803603175,-0.150078167024751,0.0352115319876934,-5.58151511240247
"Clothes_No+Fur_Brown",2,7695,-0.0474808023847596,0.0599423018793702,-0.164967714068325,0.0700061092988061,-4.63712196446943
"Clothes_No+Fur_Brown",2,7697,-0.0500683225873291,0.0550845822916207,-0.158034103878906,0.0578974587042475,-4.8835563734604
"Clothes_No+Fur_Brown",2,7698,-0.0462249961502389,0.060044597672764,-0.163912407588856,0.0714624152883785,-4.51728944022354
"Clothes_No+Fur_Brown",2,7699,-0.0528096642800493,0.0557853109007569,-0.162148873645533,0.0565295450854344,-5.14394597453424
"Clothes_No+Fur_Brown",2,7700,-0.0519644605651349,0.0528610297889225,-0.155572078951423,0.0516431578211532,-5.06373939461491
"Clothes_No+Fur_Brown",2,7702,-0.0527617901931555,0.0487234948502423,-0.14825984009963,0.0427362597133195,-5.13940471885805
"Clothes_No+Fur_Brown",2,7703,-0.0503544114561851,0.0543695172904657,-0.156918665345498,0.0562098424331277,-4.91076423710808
"Clothes_No+Fur_Brown",2,7705,-0.0485246853467281,0.0564357609041567,-0.159138776718875,0.062089406025419,-4.73661770806426
"Clothes_No+Fur_Brown",2,7707,-0.0523647665933967,0.0541665593767213,-0.15853122297177,0.0538016897849772,-5.10173534652418
"Clothes_No+Fur_Brown",2,7708,-0.0442188700192144,0.054214139149348,-0.150478582751937,0.0620408427135078,-4.32554681386829
"Clothes_No+Fur_Brown",2,7709,-0.0547282526213347,0.0539092432417595,-0.160390369375183,0.0509338641325138,-5.32576122380753
"Clothes_No+Fur_Brown",2,7710,-0.0470017737571059,0.0613655293361847,-0.167278211256028,0.0732746637418162,-4.59142947274291
"Clothes_No+Fur_Brown",2,7711,-0.0542194510186961,0.0623911151555759,-0.176506036723625,0.0680671346862328,-5.27757856272149
"Clothes_No+Fur_Brown",2,7712,-0.0552925028672208,0.0446793770320044,-0.14286408184995,0.0322790761155079,-5.37916611803682
"Clothes_No+Fur_Brown",2,7713,-0.0527960499936821,0.0533660200716697,-0.157393449334155,0.0518013493467906,-5.14265456826031
"Clothes_No+Fur_Brown",2,7714,-0.0533167012993972,0.0596911339017755,-0.170311323746877,0.0636779211480828,-5.19202931438763
"Clothes_No+Fur_Brown",2,7715,-0.0569755063712325,0.0478885524387832,-0.150837069151248,0.0368860564087826,-5.53827938136544
"Clothes_No+Fur_Brown",2,7716,-0.0591202060170916,0.0459307302994933,-0.149144437404098,0.0309040253699153,-5.74065430583643
"Clothes_No+Fur_Brown",2,7717,-0.0577681284322774,0.0455931029381751,-0.147130610191101,0.0315943533265458,-5.61312216011492
"Clothes_No+Fur_Brown",2,7718,-0.0565825496735363,0.044643431533337,-0.144083675478877,0.0309185761318042,-5.50115272146534
"Clothes_No+Fur_Brown",2,7719,-0.0583316063512353,0.0420963638782547,-0.140840479552615,0.0241772668501439,-5.66629210016668
"Clothes_No+Fur_Brown",2,7720,-0.0536664934431585,0.0441208994459701,-0.14014345635726,0.0328104694709429,-5.22518659828262
"Clothes_No+Fur_Brown",2,7721,-0.0592055573164259,0.0419732205180798,-0.141473069531862,0.0230619548990105,-5.74869912014328
"Clothes_No+Fur_Brown",2,7723,-0.0546186411856077,0.0490979113532515,-0.150850547437981,0.0416132650667652,-5.31538327580842
"Clothes_No+Fur_Brown",2,7724,-0.0558974962660809,0.0480367760855842,-0.150049577393826,0.0382545848616642,-5.43639378500415
"Clothes_No+Fur_Brown",2,7725,-0.0544828567401575,0.0437114952460533,-0.140157387422422,0.031191673942107,-5.30252570472454
"Clothes_No+Fur_Brown",2,7726,-0.0453012710756436,0.0558524704026642,-0.154772113064865,0.0641695709135782,-4.42904891757187
"Clothes_No+Fur_Brown",2,7727,-0.0562298889164428,0.0472557068664912,-0.148851074374766,0.0363912965418801,-5.46782080935642
"Clothes_No+Fur_Brown",2,7728,-0.0567562012556287,0.045082956848579,-0.145118796678844,0.0316063941675861,-5.51756117108333
"Clothes_No+Fur_Brown",2,7729,-0.0537818050092614,0.0459347312078696,-0.143813878176686,0.0362502681581631,-5.23611460036846
"Clothes_No+Fur_Brown",2,7730,-0.0563593335173907,0.045809629483183,-0.146146207304429,0.0334275402696481,-5.48005669761655
"Clothes_No+Fur_Brown",2,7731,-0.0480301485118256,0.0562049298628364,-0.158191811042985,0.0621315140193337,-4.68949480545834
"Clothes_No+Fur_Brown",2,7735,-0.053749840618636,0.0451262371114925,-0.142197265357161,0.0346975841198892,-5.23308548210666
"Clothes_No+Fur_Brown",2,7736,-0.0524986431654183,0.0619106887347908,-0.173843593085608,0.0688463067547717,-5.11443915049695
"Clothes_No+Fur_Brown",2,7737,-0.0577826693730869,0.0430064417387073,-0.142075295180953,0.0265099564347794,-5.61449462414031
"Clothes_No+Fur_Brown",2,7739,-0.0496961296386725,0.0571361638555987,-0.161683010795646,0.062290751518301,-4.84814811489798
"Clothes_No+Fur_Brown",2,7740,-0.0473046892426271,0.0533774089066553,-0.151924410699672,0.0573150322144174,-4.62032582940914
"Clothes_No+Fur_Brown",2,7743,-0.0578686012764658,0.0493477394028756,-0.154590170506102,0.0388529679531703,-5.62260500179355
"Clothes_No+Fur_Brown",2,7744,-0.059061155129841,0.0451859223084075,-0.14762556285432,0.0295032525946377,-5.7350880434968
"Clothes_No+Fur_Brown",2,7745,-0.0474626038353642,0.0573612552940183,-0.15989066421164,0.0649654565409117,-4.63538648263144
"Clothes_No+Fur_Brown",2,7747,-0.0577989289977305,0.04514310928037,-0.146279423187256,0.0306815651917947,-5.61602928455298
"Clothes_No+Fur_Brown",2,7748,-0.048903152622685,0.0570389718409783,-0.160699537431003,0.0628932321856325,-4.77266495907601
"Clothes_No+Fur_Brown",2,7749,-0.0537763525729854,0.0448109670554649,-0.141605848001697,0.0340531428557259,-5.23559790491341
"Clothes_No+Fur_Brown",2,7750,-0.0507396704605813,0.0530076255425904,-0.154634616524059,0.053155275602896,-4.94739116552687
"Clothes_No+Fur_Brown",2,7752,-0.0562412284598973,0.0504343460282447,-0.155092546675257,0.0426100897554623,-5.46889275503251
"Clothes_No+Fur_Brown",2,7754,-0.0514571256397147,0.0462890675430588,-0.14218369802411,0.0392694467446806,-5.01556269409296
"Clothes_No+Fur_Brown",2,7755,-0.051259034130896,0.0566920801532357,-0.162375511231238,0.059857442969446,-4.99674521986333
"Clothes_No+Fur_Brown",2,7756,-0.0573186148219109,0.0456439934851995,-0.146780842052902,0.0321436124090802,-5.57068443643329
"Clothes_No+Fur_Brown",2,7757,-0.0536068068555566,0.0386053501213809,-0.129273293093463,0.02205967938235,-5.21952964425959
"Clothes_No+Fur_Brown",2,7758,-0.0555537639438525,0.046371554430059,-0.146442010626768,0.0353344827390631,-5.40388362996612
"Clothes_No+Fur_Brown",2,7759,-0.0532500699795401,0.0475791667536307,-0.146505236816656,0.0400050968575762,-5.18571192370216
"Clothes_No+Fur_Brown",2,7760,-0.0577044312928705,0.047420922617091,-0.150649439622369,0.0352405770366279,-5.60710979451576
"Clothes_No+Fur_Brown",2,7761,-0.0473155348327479,0.0573269103048551,-0.159676279030264,0.0650452093647682,-4.62136027265148
"Clothes_No+Fur_Brown",2,7762,-0.0485219497844951,0.0590016880009507,-0.164165258266358,0.0671213586973683,-4.73635710879704
"Clothes_No+Fur_Brown",2,7764,-0.0511139131335378,0.0544925038762192,-0.157919220730928,0.0556913944638519,-4.98295725233977
"Clothes_No+Fur_Brown",2,7765,-0.0507199169078342,0.0605213609357262,-0.169341784341858,0.0679019505261892,-4.94551352025948
"Clothes_No+Fur_Brown",2,7766,-0.0538121639801252,0.0435308230030759,-0.139132577066154,0.0315082491059036,-5.2389914907343
"Clothes_No+Fur_Brown",2,7767,-0.0498079068453893,0.0567364458254923,-0.161011340663354,0.0613955269725757,-4.85878332871731
"Clothes_No+Fur_Brown",2,7768,-0.046904962961432,0.0500578086300975,-0.145018267876423,0.0512083419535591,-4.58219244600132
"Clothes_No+Fur_Brown",2,7769,-0.0506412942227956,0.0608436438233308,-0.169894836116524,0.0686122476709328,-4.93803978750887
"Clothes_No+Fur_Brown",2,7770,-0.0482649420324183,0.0572177612245192,-0.160411754032476,0.0638818699676394,-4.7118704675894
"Clothes_No+Fur_Brown",2,7771,-0.0483913675486365,0.0517909502954183,-0.149901630127656,0.0531188950303833,-4.72391655707242
"Clothes_No+Fur_Brown",2,7772,-0.0453198134756183,0.0571281334314786,-0.157290955001316,0.0666513280500796,-4.43082101594326
"Clothes_No+Fur_Brown",2,7773,-0.048720184696921,0.0580666376726131,-0.162530794535243,0.0650904251414006,-4.75523981703511
"Clothes_No+Fur_Brown",2,7774,-0.0506006830647792,0.0604834119272593,-0.169148170442207,0.067946804312649,-4.93417913282903
"Clothes_No+Fur_Brown",2,7775,-0.0499698297866024,0.0555265785507957,-0.158801923746162,0.0588622641729571,-4.874187627163
"Clothes_No+Fur_Brown",2,7776,-0.0493033128576702,0.0564393188795965,-0.159924377861679,0.0613177521463389,-4.81076352856835
"Clothes_No+Fur_Brown",2,7777,-0.053289560827336,0.0565524506014725,-0.164132364006222,0.0575532423515501,-5.18945614638971
"Clothes_No+Fur_Brown",2,7778,-0.0483933900756921,0.05638854691359,-0.158914942026329,0.0621281618749443,-4.72410925533406
"Clothes_No+Fur_Brown",2,7779,-0.0463539242303858,0.0515765209464352,-0.147443905285399,0.0547360568246272,-4.52959904923905
"Clothes_No+Fur_Brown",2,7780,-0.0578389925722129,0.0442371437553469,-0.144543794332693,0.0288658091882671,-5.61981056804731
"Clothes_No+Fur_Brown",2,7782,-0.0547566215092249,0.0484928535731973,-0.149802614512692,0.0402893714942419,-5.32844698857721
"Clothes_No+Fur_Brown",2,7783,-0.0558398255639868,0.0433194514529393,-0.140745950411748,0.0290662992837741,-5.43094007818313
"Clothes_No+Fur_Brown",2,7784,-0.0490461730476701,0.0539543738186956,-0.154796745732314,0.0567043996369733,-4.78628343912014
"Clothes_No+Fur_Brown",2,7785,-0.057251155163589,0.0452863766872755,-0.146012453470649,0.0315101431434711,-5.56431405220025
"Clothes_No+Fur_Brown",2,7786,-0.0568068784826846,0.0399818615458132,-0.135171327112479,0.0215575701471093,-5.52234915776668
"Clothes_No+Fur_Brown",2,7787,-0.0530261266601554,0.0592960980482328,-0.169246478834692,0.063194225514381,-5.16447651963057
"Clothes_No+Fur_Brown",2,7788,-0.0552058269064137,0.0487810516804901,-0.150816688200174,0.040405034387347,-5.37096441090744
"Clothes_No+Fur_Brown",2,7789,-0.0541245388470843,0.0474454251556572,-0.147117572152172,0.0388684944580038,-5.26858782534408
"Clothes_No+Fur_Brown",2,7790,-0.0526130945099666,0.041218061757228,-0.133400495554134,0.0281743065342004,-5.12529830907988
"Clothes_No+Fur_Brown",2,7791,-0.0534700523296907,0.045296543714084,-0.142251278009295,0.0353111733499139,-5.20656709965164
"Clothes_No+Fur_Brown",2,7792,-0.0618139655479019,0.0449904223864105,-0.149995193425266,0.0263672623294626,-5.99422463459043
"Clothes_No+Fur_Brown",2,7793,-0.0493951176611012,0.054976519294704,-0.157149095478721,0.0583588601565188,-4.81950195659039
"Clothes_No+Fur_Brown",2,7794,-0.0560047985357926,0.0481194976142556,-0.150319013859734,0.0383094167881483,-5.44654013021046
"Clothes_No+Fur_Brown",2,7795,-0.0538203867401013,0.0442232108687804,-0.140497880042911,0.0328571065627083,-5.23977068455881
"Clothes_No+Fur_Brown",2,7796,-0.0536587771279754,0.0576380528278599,-0.166629360670581,0.0593118064146299,-5.22445528312947
"Clothes_No+Fur_Brown",2,7797,-0.0540083296745884,0.0483750142266474,-0.148823357558817,0.0408066982096405,-5.25757852664755
"Clothes_No+Fur_Brown",2,7798,-0.0603108189545549,0.0467859124614085,-0.152011207378916,0.0313895694698058,-5.85281391970367
"Clothes_No+Fur_Brown",2,7799,-0.059068567337784,0.0473744212260047,-0.151922432940753,0.0337852982651851,-5.73578675203645
"Clothes_No+Fur_Brown",2,7800,-0.0487291400274901,0.0557300902465414,-0.157960116910711,0.060501836855731,-4.75609276152831
"Clothes_No+Fur_Brown",2,7801,-0.0564133194108183,0.0458044150275343,-0.146189972864786,0.033363334043149,-5.48515930346686
"Clothes_No+Fur_Brown",2,7802,-0.058453567081204,0.0472316107618254,-0.151027524174382,0.0341203900119737,-5.67779640649174
"Clothes_No+Fur_Brown",2,7804,-0.0571451608386075,0.0483890207318537,-0.151987641473041,0.0376973197958257,-5.55430387491243
"Clothes_No+Fur_Brown",2,7805,-0.0532495995462215,0.0432907127236024,-0.138099396484482,0.0316001973920392,-5.18566731989148
"Clothes_No+Fur_Brown",2,7806,-0.0486118315545275,0.0536728909091473,-0.153810697736456,0.0565870346274012,-4.74491918884661
"Clothes_No+Fur_Brown",2,7807,-0.0538980960105295,0.0438964883490371,-0.139935213174642,0.0321390211535833,-5.24713414673617
"Clothes_No+Fur_Brown",2,7808,-0.0560827061059676,0.0541312202476046,-0.162179897791273,0.0500144855793375,-5.45390627357767
"Clothes_No+Fur_Brown",2,7809,-0.0503622596775434,0.0548521719268718,-0.157872516654212,0.0571479972991253,-4.91151051555065
"Clothes_No+Fur_Brown",2,7810,-0.0605961937170888,0.0459278704704354,-0.150614819839142,0.0294224324049645,-5.87967731732439
"Clothes_No+Fur_Brown",2,7811,-0.0576939343462248,0.039942325347073,-0.135980892026488,0.0205930233340383,-5.60611895218315
"Clothes_No+Fur_Brown",2,7812,-0.0557686864456809,0.0477813431393512,-0.149420118998809,0.0378827461074475,-5.42421227933928
"Clothes_No+Fur_Brown",2,7813,-0.0597579616674466,0.0474710977396772,-0.152801313237214,0.0332853899023207,-5.80074957106729
"Clothes_No+Fur_Brown",2,7814,-0.0592622396988091,0.0499808827693968,-0.157224769926827,0.0387002905292086,-5.75404135701307
"Clothes_No+Fur_Brown",2,7815,-0.058670853712312,0.0479111766189703,-0.152576759885494,0.0352350524608697,-5.69828913387077
"Clothes_No+Fur_Brown",2,7817,-0.055931804837265,0.0489149918255954,-0.151805188815432,0.0399415791409019,-5.43963807156567
"Clothes_No+Fur_Brown",2,7819,-0.0527494459977984,0.055940228007352,-0.162392292892208,0.0568934008966115,-5.13823373391079
"Clothes_No+Fur_Brown",2,7820,-0.0542400087139021,0.0557420142491727,-0.163494356642281,0.0550143392144764,-5.27952581737496
"Clothes_No+Fur_Brown",2,7821,-0.054184959065415,0.0510211957646347,-0.154186502764099,0.045816584633269,-5.27431134504056
"Clothes_No+Fur_Brown",2,7822,-0.052650395078519,0.04854534317253,-0.147799267696678,0.0424984775396398,-5.1288371233939
"Clothes_No+Fur_Brown",2,7823,-0.0541104413473963,0.060283950738887,-0.172266984795615,0.0640461021008223,-5.26725233987703
"Clothes_No+Fur_Brown",2,7824,-0.0498209517981218,0.0460329656552182,-0.140045564482349,0.0404036608861058,-4.86002443329661
"Clothes_No+Fur_Brown",2,7825,-0.0584852228237999,0.0425403481994956,-0.141864305294811,0.0248938596472114,-5.68078219863079
"Clothes_No+Fur_Brown",2,7827,-0.0548041275149321,0.0593453632351929,-0.17112103945591,0.0615127844260459,-5.33294434908822
"Clothes_No+Fur_Brown",2,7828,-0.0566619873661406,0.0472039007921203,-0.149181632918696,0.0358576581864151,-5.50865919369457
"Clothes_No+Fur_Brown",2,7829,-0.045011676527706,0.0568578741983988,-0.156453109956568,0.0664297569011557,-4.40136808328129
"Clothes_No+Fur_Brown",2,7830,-0.0500221994114218,0.0571874107698173,-0.162109524520264,0.0620651256974201,-4.87916919982492
"Clothes_No+Fur_Brown",2,7831,-0.0502656897428137,0.0525525791384408,-0.153268744854158,0.0527373653685303,-4.90232738292747
"Clothes_No+Fur_Brown",2,7832,-0.0552890153403371,0.0460314108594292,-0.145510580624818,0.0349325499441441,-5.37883612475946
"Clothes_No+Fur_Brown",2,7833,-0.05679516334946,0.0448044187725409,-0.14461182414364,0.0310214974447201,-5.52124233301703
"Clothes_No+Fur_Brown",2,7834,-0.0558272596573197,0.051178076451114,-0.156136289501503,0.0444817701868637,-5.42975172473621
"Clothes_No+Fur_Brown",2,7838,-0.0579878302928669,0.0471771518939803,-0.150455048005068,0.0344793874193345,-5.63385685498267
"Clothes_No+Fur_Brown",2,7839,-0.056655956214414,0.0582011209816328,-0.170730153338414,0.0574182409095862,-5.50808930036275
"Clothes_No+Fur_Brown",2,7840,-0.057153371538316,0.0480364477651079,-0.151304809157927,0.0369980660812954,-5.55507933697853
"Clothes_No+Fur_Brown",2,7841,-0.0558614802720547,0.0479956451831384,-0.149932944831006,0.0382099842868965,-5.43298792139519
"Clothes_No+Fur_Brown",2,7842,-0.0552003922915271,0.049010898582173,-0.151261753512586,0.040860968929532,-5.37045013714449
"Clothes_No+Fur_Brown",2,7843,-0.0445657457766612,0.0533380991689427,-0.149108420147789,0.0599769285944666,-4.35872820704238
"Clothes_No+Fur_Brown",2,7844,-0.0583992265128624,0.0459086128249306,-0.148380107649726,0.0315816546240016,-5.67267074507681
"Clothes_No+Fur_Brown",2,7845,-0.0527323527462949,0.0531550442443028,-0.156916239465128,0.0514515339725385,-5.13661222402354
"Clothes_No+Fur_Brown",2,7846,-0.0579758714248955,0.0431135092869812,-0.142478349627379,0.0265266067775877,-5.63272833598792
"Clothes_No+Fur_Brown",2,7847,-0.050683310685391,0.0586047121346747,-0.165548546469353,0.0641819250985715,-4.94203387089517
"Clothes_No+Fur_Brown",2,7848,-0.0599246188476156,0.0473660718063174,-0.152762119587998,0.0329128818927665,-5.81644724441649
"Clothes_No+Fur_Brown",2,7849,-0.0492569682652064,0.0596898092039744,-0.166248994304996,0.0677350577745833,-4.80635191997084
"Clothes_No+Fur_Brown",2,7850,-0.0532005151400313,0.046502110564563,-0.144344651846575,0.0379436215665122,-5.1810133004546
"Clothes_No+Fur_Brown",2,7851,-0.058589189607619,0.049309559397949,-0.155235926027599,0.0380575468123611,-5.69058775462303
"Clothes_No+Fur_Brown",2,7853,-0.0590703637125929,0.0448426035666731,-0.146961866703272,0.0288211392780863,-5.73595608574242
"Clothes_No+Fur_Brown",2,7854,-0.0590564309550586,0.0455576184690319,-0.148349363154361,0.0302365012442439,-5.73464271852497
"Clothes_No+Fur_Brown",2,7855,-0.0504143161353477,0.0586718005793212,-0.165411045270817,0.0645824130001219,-4.91646035665446
"Clothes_No+Fur_Brown",2,7857,-0.060306788364772,0.0442991769944087,-0.147133175273813,0.026519598544269,-5.85243445025262
"Clothes_No+Fur_Brown",2,7858,-0.0560590194933858,0.0470296794617136,-0.148237191238344,0.0361191522515729,-5.45166677036143
"Clothes_No+Fur_Brown",2,7859,-0.0592649285346317,0.0452607101176269,-0.14797592036518,0.0294460632959171,-5.75429476858212
"Clothes_No+Fur_Brown",2,7860,-0.0530217097688823,0.0425159050001427,-0.136352883569162,0.0303094640313973,-5.16405764050947
"Clothes_No+Fur_Brown",2,7861,-0.054845820724903,0.0442007419022572,-0.141479274853327,0.0317876334035212,-5.33689124023694
"Clothes_No+Fur_Brown",2,7862,-0.0573921934467481,0.0463796414912622,-0.148296290769622,0.0335119038761258,-5.57763216001168
"Clothes_No+Fur_Brown",2,7864,-0.0577240476040895,0.0476891781674744,-0.151194836812339,0.0357467416041602,-5.60896141666585
"Clothes_No+Fur_Brown",2,7866,-0.0539844823155045,0.0549447888628708,-0.161676268486731,0.0537073038557222,-5.25531914316214
"Clothes_No+Fur_Brown",2,7867,-0.0558250006784958,0.0470962782276291,-0.148133706004649,0.0364837046476573,-5.42953809230668
"Clothes_No+Fur_Brown",2,7868,-0.0602293230952938,0.0467314406741512,-0.15182294681663,0.0313643006260426,-5.84514100122574
"Clothes_No+Fur_Brown",2,7869,-0.0560452217830398,0.0489334566829281,-0.151954796881579,0.0398643533154994,-5.45036221084588
"Clothes_No+Fur_Brown",2,7873,-0.056122105922899,0.0433947057163962,-0.141175729127036,0.0289315172812376,-5.45763129897893
"Clothes_No+Fur_Brown",2,7876,-0.0467822974278055,0.0552693524804417,-0.155110228289471,0.0615456334338602,-4.57048725182296
"Clothes_No+Fur_Brown",2,7877,-0.0545538982474965,0.0487739598589462,-0.150150859571031,0.041043063076038,-5.30925291708119
"Clothes_No+Fur_Brown",2,7878,-0.0560261331410985,0.0394621853119641,-0.133372016352548,0.0213197500703512,-5.44855736943851
"Clothes_No+Fur_Brown",2,7879,-0.0557235095527617,0.0450505748798367,-0.144022636317242,0.0325756172117183,-5.41993954259091
"Clothes_No+Fur_Brown",2,7880,-0.0539776943501184,0.0451198885653823,-0.142412675938268,0.0344572872380308,-5.25467601736521
"Clothes_No+Fur_Brown",2,7881,-0.0564878571023811,0.0442015883796791,-0.143122970326552,0.03014725612179,-5.49220395896136
"Clothes_No+Fur_Brown",2,7882,-0.0555177473497519,0.0485283144696018,-0.150633243710171,0.0395977490106676,-5.40047653868378
"Clothes_No+Fur_Brown",2,7883,-0.0559521297117228,0.046112470505468,-0.14633257190244,0.0344283124789946,-5.44155997951921
"Clothes_No+Fur_Brown",2,7884,-0.0587869148250579,0.0454588010944549,-0.14788616497019,0.0303123353200737,-5.70923326026171
"Clothes_No+Fur_Brown",2,7885,-0.0563995101286677,0.0468038791674237,-0.148135113296818,0.0353360930394827,-5.48385411235242
"Clothes_No+Fur_Brown",2,7888,-0.0552667152390728,0.042719952625346,-0.138997822384751,0.0284643919066054,-5.37672603969583
"Clothes_No+Fur_Brown",2,7889,-0.0532582765947468,0.0562211271178246,-0.163451685745683,0.0569351325561895,-5.18649002488771
"Clothes_No+Fur_Brown",2,7890,-0.0543447533954646,0.0455932229578491,-0.143707470392849,0.0350179636019196,-5.28944676368842
"Clothes_No+Fur_Brown",2,7891,-0.0504909359239331,0.0558074854686457,-0.159873607442479,0.0588917355946125,-4.92374535826867
"Clothes_No+Fur_Brown",2,7892,-0.0580442757751727,0.0454361165487228,-0.147099064210669,0.0310105126603241,-5.63918324711902
"Clothes_No+Fur_Brown",2,7894,-0.0551846909497343,0.0446267809325973,-0.142653181577625,0.0322837996781564,-5.36896431457372
"Clothes_No+Fur_Brown",2,7896,-0.053097992297264,0.0481229202414366,-0.14741891597048,0.0412229313759516,-5.1712916900548
"Clothes_No+Fur_Brown",2,7898,-0.0550167781039232,0.0447286222700349,-0.142684877753192,0.0326513215453452,-5.3530732139471
"Clothes_No+Fur_Brown",2,7899,-0.0568905748527163,0.0447351420801755,-0.14457145332986,0.0307903036244275,-5.53025626328868
"Clothes_No+Fur_Brown",2,7900,-0.0603699875893298,0.045593843748161,-0.149733921335725,0.0289939461570658,-5.85838431537395
"Clothes_No+Fur_Brown",2,7901,-0.0561817949344277,0.0433776741468522,-0.141202036262258,0.0288384463934026,-5.46327427110088
"Clothes_No+Fur_Brown",2,7902,-0.0556443722171875,0.0450296783505172,-0.143902541784201,0.0326137973498263,-5.41245443243594
"Clothes_No+Fur_Brown",2,7904,-0.0569039819624062,0.0471475163700562,-0.149313114047716,0.035505150122904,-5.53152282101487
"Clothes_No+Fur_Brown",2,7905,-0.0575002322772166,0.0478859043356348,-0.151356604775061,0.0363561402206275,-5.58783289115572
"Clothes_No+Fur_Brown",2,7906,-0.0532627048345355,0.0472070680346209,-0.145788558182392,0.0392631485133215,-5.18690988091548
"Clothes_No+Fur_Brown",2,7907,-0.0561870432187205,0.0474115650783165,-0.149113710772221,0.0367396243347797,-5.46377042541164
"Clothes_No+Fur_Brown",2,7908,-0.0551223254929345,0.0457583989001371,-0.144808787337203,0.0345641363513342,-5.36306242277058
"Clothes_No+Fur_Brown",2,7909,-0.0536640906344769,0.0442558740907109,-0.14040560385227,0.0330774225833165,-5.22495887226458
"Clothes_No+Fur_Brown",2,7910,-0.0520291062685957,0.0456287981479478,-0.141461550638573,0.037403338101382,-5.06987641759745
"Clothes_No+Fur_Brown",2,7911,-0.0586832248730282,0.0456374160105351,-0.148132560253677,0.0307661105076206,-5.69945574827552
"Clothes_No+Fur_Brown",2,7912,-0.0591288850563092,0.0468983781264588,-0.151049706184168,0.03279193607155,-5.74147238284428
"Clothes_No+Fur_Brown",2,7913,-0.0546202386915858,0.045694119909851,-0.144180713714894,0.0349402363317222,-5.31553453492885
"Clothes_No+Fur_Brown",2,7914,-0.050449313028131,0.0486501011176514,-0.145803511218728,0.0449048851624659,-4.91978792686917
"Clothes_No+Fur_Brown",2,7915,-0.0592533531806394,0.0489837441659133,-0.155261491745829,0.0367547853845506,-5.75320383486785
"Clothes_No+Fur_Brown",2,7916,-0.0538642981721782,0.0480738484888853,-0.148089041210393,0.040360444866037,-5.24393165057432
"Clothes_No+Fur_Brown",2,7918,-0.0570804841118442,0.0421144605987792,-0.139624826885451,0.025463858661763,-5.54819523888902
"Clothes_No+Fur_Brown",2,7919,-0.0589250729523151,0.0457995000690783,-0.148692093087709,0.0308419471830783,-5.72225939615814
"Clothes_No+Fur_Brown",2,7920,-0.0578263730315369,0.0467371668051805,-0.149431219969691,0.0337784739066169,-5.61861952589258
"Clothes_No+Fur_Brown",2,7921,-0.0530897787172199,0.0433666743086143,-0.138088460362104,0.031908902927664,-5.1705128036699
"Clothes_No+Fur_Brown",2,7922,-0.0579996175724363,0.0432496293541618,-0.142768891106594,0.0267696559617208,-5.63496916853822
"Clothes_No+Fur_Brown",2,7923,-0.0529901867720495,0.058308960072556,-0.167275748514259,0.0612953749701601,-5.16106808027913
"Clothes_No+Fur_Brown",2,7926,-0.0572145712939911,0.0475855075621045,-0.150482166115716,0.0360530235277337,-5.56085916618398
"Clothes_No+Fur_Brown",2,7928,-0.0538371449578505,0.0530386052535417,-0.157792811254792,0.0501185213390913,-5.24135868380958
"Clothes_No+Fur_Brown",2,7929,-0.054754977258537,0.0448752424998154,-0.142710452558175,0.0332004980411012,-5.32829132468307
"Clothes_No+Fur_Brown",2,7930,-0.0553048913472397,0.0482164140439575,-0.149809062873396,0.0391992801789171,-5.38033831908582
"Clothes_No+Fur_Brown",2,7932,-0.0546524277367958,0.0468751948307106,-0.146527809604989,0.0372229541313971,-5.31858228841599
"Clothes_No+Fur_Brown",2,7933,-0.0564399253934693,0.0481074292525932,-0.150730486728552,0.0378506359416134,-5.48767393022649
"Clothes_No+Fur_Brown",2,7934,-0.0552069398439736,0.0461815634500754,-0.145722804206121,0.0353089245181742,-5.3710697270568
"Clothes_No+Fur_Brown",2,7935,-0.0582846950608142,0.0445943784677312,-0.145689676857567,0.029120286735939,-5.66186668039862
"Clothes_No+Fur_Brown",2,7936,-0.0563694222463754,0.0453486418492208,-0.145252760270848,0.0325139157780975,-5.48101027889797
"Clothes_No+Fur_Brown",2,7938,-0.0558636356614536,0.0443132336927202,-0.142717573699185,0.030990302376278,-5.43319174991085
"Clothes_No+Fur_Brown",2,7939,-0.0533133284445246,0.0579840006119362,-0.16696196964392,0.0603353127548703,-5.19170954032246
"Clothes_No+Fur_Brown",2,7940,-0.0547427195770606,0.0461188742170322,-0.145135713042444,0.0356502738883226,-5.32713086192101
"Clothes_No+Fur_Brown",2,7941,-0.0593461159778963,0.0467835477106861,-0.151041869490841,0.0323496375350485,-5.76194602583131
"Clothes_No+Fur_Brown",2,7942,-0.0528117368020445,0.0517360680279271,-0.154214430136782,0.0485909565326926,-5.14414256558886
"Clothes_No+Fur_Brown",2,7943,-0.0522488975690945,0.0532748674891094,-0.156667637847749,0.0521698427095598,-5.09073894013168
"Clothes_No+Fur_Brown",2,7944,-0.0531501991525402,0.0552296082466928,-0.161400231316058,0.0550998330109776,-5.17624226947735
"Clothes_No+Fur_Brown",2,7945,-0.0478296384705794,0.0556196488611275,-0.156844150238389,0.0611848732972305,-4.67038217605756
"Clothes_No+Fur_Brown",2,7946,-0.057948235473712,0.0476759661611878,-0.15139312914964,0.0354966582022161,-5.63012037063826
"Clothes_No+Fur_Brown",2,7950,-0.0617597468891906,0.0464089497007683,-0.152721288302696,0.0292017945243152,-5.98912762936387
"Clothes_No+Fur_Brown",2,7952,-0.0588986977794143,0.0423158825001721,-0.141837827479752,0.0240404319209229,-5.71977277165657
"Clothes_No+Fur_Brown",2,7953,-0.0590182587378003,0.0489370250008855,-0.154934827739536,0.0368983102639352,-5.73104433214813
"Clothes_No+Fur_Brown",2,7954,-0.0557011933360807,0.0461399002715048,-0.14613539786823,0.0347330111960687,-5.4178288499168
"Clothes_No+Fur_Brown",2,7955,-0.0564622412149072,0.0446900625587206,-0.14405476383,0.0311302814001852,-5.48978302688554
"Clothes_No+Fur_Brown",2,7956,-0.0574440947037577,0.0417764115661312,-0.139325861373375,0.0244376719658595,-5.58253267241992
"Clothes_No+Fur_Brown",2,7957,-0.0565247367146356,0.0460888091183614,-0.146858802586624,0.0338093291573527,-5.49568930556488
"Clothes_No+Fur_Brown",2,7958,-0.0587849089645406,0.0479227433693799,-0.152713485968525,0.035143668039444,-5.70904412594587
"Clothes_No+Fur_Brown",2,7959,-0.0574151055330186,0.0498802889101575,-0.155180471796927,0.0403502607308902,-5.57979554866552
"Clothes_No+Fur_Brown",2,7960,-0.0529210327861776,0.0473093875116817,-0.145647432309074,0.0398053667367184,-5.15450936334295
"Clothes_No+Fur_Brown",2,7962,-0.0574198639026335,0.0455050568166948,-0.146609775263355,0.0317700474580883,-5.58024483382848
"Clothes_No+Fur_Brown",2,7965,-0.0582865025810922,0.0472999761504178,-0.150994455835911,0.0344214506737267,-5.66203719833348
"Clothes_No+Fur_Brown",2,7967,-0.0552172509717156,0.0443143808520127,-0.14207343744166,0.0316389354982293,-5.37204545301451
"Clothes_No+Fur_Brown",2,7969,-0.0562546079104055,0.0485053000880267,-0.151324996082938,0.0388157802621268,-5.47015752084241
"Clothes_No+Fur_Brown",2,7970,-0.0592482882418368,0.0503205837804101,-0.157876632451441,0.0393800559677671,-5.75272647940405
"Clothes_No+Fur_Brown",2,7971,-0.0559764819193555,0.045803055794805,-0.145750471277173,0.0337975074384623,-5.44386265824625
"Clothes_No+Fur_Brown",2,7972,-0.055015614389281,0.0449635237634218,-0.143144120965588,0.0331128921870257,-5.35296307186848
"Clothes_No+Fur_Brown",2,7973,-0.0541337541072151,0.0473082779144773,-0.146857978819591,0.0385904706051605,-5.26946079592751
"Clothes_No+Fur_Brown",2,7974,-0.0559150607685278,0.0444806913972592,-0.143097215907156,0.0312670943701003,-5.43805473310999
"Clothes_No+Fur_Brown",2,7975,-0.0564596079090646,0.0455638752953419,-0.145764803487935,0.0328455876698055,-5.48953415225132
"Clothes_No+Fur_Brown",2,7976,-0.0554522859076284,0.0436550236683393,-0.141016132297574,0.0301115604823167,-5.39428371476044
"Clothes_No+Fur_Brown",2,7978,-0.0541966960763107,0.04532155166739,-0.143026937344395,0.0346335451917737,-5.27542313495585
"Clothes_No+Fur_Brown",2,7979,-0.058351073923588,0.046384314113005,-0.149264329585078,0.0325621817379019,-5.66812853057503
"Clothes_No+Fur_Brown",2,7980,-0.0568013339804845,0.0437297609844884,-0.142511665510082,0.0289089975491127,-5.52182532477153
"Clothes_No+Fur_Brown",2,7981,-0.0577812983434,0.0479072693328587,-0.151679546235803,0.0361169495490031,-5.61436521872172
"Clothes_No+Fur_Brown",2,7982,-0.0582458177049653,0.0490527027948834,-0.154389115182937,0.0378974797730062,-5.65819899192488
"Clothes_No+Fur_Brown",2,7983,-0.0558841030117928,0.0446536710313727,-0.143405298233283,0.0316370922096976,-5.43512726209829
"Clothes_No+Fur_Brown",2,7984,-0.0590034462155988,0.0459078950948113,-0.148982920601429,0.0309760281702314,-5.72964796080752
"Clothes_No+Fur_Brown",2,7985,-0.056700533016528,0.0439969578379716,-0.142934570378952,0.0295335043458964,-5.51230135368674
"Clothes_No+Fur_Brown",2,7987,-0.0549072272936858,0.0435520237356962,-0.14026919381565,0.0304547392282787,-5.34270399846359
"Clothes_No+Fur_Brown",2,7988,-0.0523667283402542,0.0470981941873437,-0.144679188947448,0.0399457322669395,-5.10192151271405
"Clothes_No+Fur_Brown",2,7989,-0.0575240116527336,0.045292872189406,-0.146298041143969,0.0312500178385022,-5.5900779268379
"Clothes_No+Fur_Brown",2,7990,-0.0575653917800934,0.0472305638518589,-0.150137296929737,0.0350065133695501,-5.59398454060867
"Clothes_No+Fur_Brown",2,7991,-0.0564670738177485,0.050828282957376,-0.156090508414205,0.0431563607787083,-5.49023975612503
"Clothes_No+Fur_Brown",2,7992,-0.0580043963281608,0.0491367822326664,-0.154312489504187,0.0383036968478654,-5.63542011489201
"Clothes_No+Fur_Brown",2,7993,-0.0547396266517661,0.0459310128807409,-0.144764411898018,0.0352851585944859,-5.32683804535654
"Clothes_No+Fur_Brown",2,7994,-0.0582890979837334,0.0469627199251578,-0.150336029037043,0.0337578330695759,-5.66228204301356
"Clothes_No+Fur_Brown",2,7996,-0.0573199722501253,0.0403819859870797,-0.136468664784802,0.0218287202845509,-5.57081261736352
"Clothes_No+Fur_Brown",2,7997,-0.0483867100743485,0.0551924453288287,-0.156563902918853,0.0597904827701557,-4.72347281013016
"Clothes_No+Fur_Brown",2,7998,-0.051629635628452,0.0580622058586315,-0.16543155911137,0.0621722878544657,-5.03194704503008
"Clothes_No+Fur_Brown",2,8000,-0.0511514172784244,0.0517060380450139,-0.152495251846652,0.0501924172898029,-4.98652071845488
"Clothes_No+Fur_Brown",2,8001,-0.0534432956941913,0.0545392274858093,-0.160340181566378,0.053453590177995,-5.20403071238734
"Clothes_No+Fur_Brown",2,8002,-0.0567500054655929,0.0475787054271564,-0.150004268102819,0.0365042571716336,-5.51697577591678
"Clothes_No+Fur_Brown",2,8003,-0.0537300621335359,0.0534174695501403,-0.158428302451811,0.0509681781847392,-5.23121111756389
"Clothes_No+Fur_Brown",2,8004,-0.0498292709234455,0.0578868750072954,-0.163287545937744,0.0636290040908534,-4.86081591138443
"Clothes_No+Fur_Brown",2,8005,-0.0585500494982267,0.0471595909572973,-0.150982847774529,0.0338827487780761,-5.68689640167151
"Clothes_No+Fur_Brown",2,8006,-0.0562331080933546,0.0441276012636208,-0.142723206570051,0.0302569903833421,-5.46812512467527
"Clothes_No+Fur_Brown",2,8007,-0.0595568939307894,0.0484470135350647,-0.154513040459516,0.0353992525979374,-5.7818072367064
"Clothes_No+Fur_Brown",2,8008,-0.0525887856318213,0.0593389449411388,-0.168893117716453,0.0637155464528107,-5.12299198348543
"Clothes_No+Fur_Brown",2,8009,-0.0485391451074933,0.056657324672998,-0.159587501466569,0.0625092112515827,-4.73799518382289
"Clothes_No+Fur_Brown",2,8010,-0.0518727249232408,0.054361451727979,-0.15842117031008,0.0546757204635981,-5.05502995633239
"Clothes_No+Fur_Brown",2,8011,-0.0565353618949985,0.0463563724532233,-0.147393851903316,0.0343231281133192,-5.49669342557658
"Clothes_No+Fur_Brown",2,8012,-0.0512019801717292,0.0588338705087986,-0.166516366368975,0.0641124060255161,-4.99132475341634
"Clothes_No+Fur_Brown",2,8013,-0.0587977570975758,0.0478971012007705,-0.152676075451086,0.0350805612559344,-5.71025558090847
"Clothes_No+Fur_Brown",2,8014,-0.0583351372951308,0.0452113817310795,-0.146949445488047,0.0302791708977849,-5.66662518660868
"Clothes_No+Fur_Brown",2,8015,-0.0552299474662479,0.047931652146568,-0.149175985673521,0.0387160907410254,-5.37324688869499
"Clothes_No+Fur_Brown",2,8016,-0.0506650220218092,0.0593481396602408,-0.166987375755881,0.0656573317122627,-4.94029537183449
"Clothes_No+Fur_Brown",2,8017,-0.0564725683992503,0.0453396202101903,-0.145338224011223,0.0323930872127227,-5.49075904627875
"Clothes_No+Fur_Brown",2,8018,-0.0550223518387367,0.0466194129225104,-0.146396401166857,0.0363516974893837,-5.35360074934774
"Clothes_No+Fur_Brown",2,8019,-0.0575289234765879,0.0458839318234949,-0.147461429850638,0.0324035828974621,-5.59054165060635
"Clothes_No+Fur_Brown",2,8020,-0.0481735387190737,0.0541146108701045,-0.154238176024479,0.0578910985863312,-4.70316041877014
"Clothes_No+Fur_Brown",2,8021,-0.061002672275094,0.0449298566641006,-0.149065191336731,0.0270598467865431,-5.91792743591426
"Clothes_No+Fur_Brown",2,8022,-0.0593918491023756,0.0464970413363526,-0.150526050121627,0.0317423519168754,-5.76625572793559
"Clothes_No+Fur_Brown",2,8025,-0.0521618956370887,0.0566884106749442,-0.163271180559979,0.058947389285802,-5.08248129184375
"Clothes_No+Fur_Brown",2,8026,-0.0532856024239516,0.0461390708304247,-0.143718181251584,0.0371469764036808,-5.18908084726926
"Clothes_No+Fur_Brown",2,8027,-0.049772784268748,0.0576497792894955,-0.162766351676159,0.0632207831386633,-4.85544166535945
"Clothes_No+Fur_Brown",2,8028,-0.0521983631170787,0.0466166983721867,-0.143567091926565,0.0391703656924072,-5.0859426314444
"Clothes_No+Fur_Brown",2,8029,-0.0546221272716412,0.0438102892123661,-0.140490294127879,0.0312460395845964,-5.31571335395302
"Clothes_No+Fur_Brown",2,8030,-0.0495770969921346,0.0572450572065264,-0.161777409116926,0.0626232151326572,-4.83682126402597
"Clothes_No+Fur_Brown",2,8031,-0.0466744859747653,0.0536632123595216,-0.151854382199428,0.0585054102498971,-4.56019830276736
"Clothes_No+Fur_Brown",2,8033,-0.0560608445780298,0.0539552594936353,-0.161813153185555,0.0496914640294954,-5.45183932891505
"Clothes_No+Fur_Brown",2,8035,-0.0500635513361347,0.0559869099853477,-0.159797894907416,0.0596707922351468,-4.88310254793248
"Clothes_No+Fur_Brown",2,8036,-0.0546964062454799,0.0473451811769621,-0.147492961352326,0.0381001488613658,-5.32274614440628
"Clothes_No+Fur_Brown",2,8037,-0.0581577916551791,0.0440227686669042,-0.144442418242311,0.0281268349319532,-5.64989409033395
"Clothes_No+Fur_Brown",2,8038,-0.0509945410876845,0.0584728523785487,-0.16560133174964,0.0636122495742709,-4.97161419654764
"Clothes_No+Fur_Brown",2,8039,-0.057681323004484,0.0473830103015799,-0.150552023195581,0.0351893771866125,-5.6049285111845
"Clothes_No+Fur_Brown",2,8040,-0.059916239010711,0.0506498356675673,-0.159189916919143,0.0393574388977208,-5.81565799829843
"Clothes_No+Fur_Brown",2,8041,-0.0557661608037392,0.0486495753650744,-0.151119328519285,0.0395870069118066,-5.4239734144615
"Clothes_No+Fur_Brown",2,8043,-0.0495460617405763,0.0542831475474906,-0.155941030933658,0.0568489074525052,-4.83386780500438
"Clothes_No+Fur_Brown",2,8044,-0.0492956634675511,0.0528213284397715,-0.152825467209503,0.054234140274401,-4.81003538617852
"Clothes_No+Fur_Brown",2,8046,-0.0582596373000281,0.0417238673425575,-0.140038417291441,0.0235191426913846,-5.6595027484036
"Clothes_No+Fur_Brown",2,8047,-0.0560824828415972,0.0426577204196681,-0.139691614864147,0.0275266491809524,-5.45388516480122
"Clothes_No+Fur_Brown",2,8048,-0.0567598527267225,0.0392410967292791,-0.13367240231611,0.0201526968626645,-5.51790617034771
"Clothes_No+Fur_Brown",2,8049,-0.0577004629670335,0.0479861264473571,-0.151753270803853,0.0363523448697865,-5.6067352120275
"Clothes_No+Fur_Brown",2,8051,-0.0501265263224728,0.0577320426239197,-0.163281329865355,0.0630282772204097,-4.88909234464439
"Clothes_No+Fur_Brown",2,8052,-0.0492936311509285,0.0588878636050614,-0.164713843816849,0.0661265815149918,-4.80984192983456
"Clothes_No+Fur_Brown",2,8053,-0.0464742630207081,0.0588618257311099,-0.161843441453683,0.0688949154122673,-4.54108715055508
"Clothes_No+Fur_Brown",2,8054,-0.0508132340343044,0.0551954412051568,-0.158996298796412,0.0573698307278029,-4.95438331793743
"Clothes_No+Fur_Brown",2,8055,-0.0533102629943545,0.043330684284143,-0.138238404191275,0.0316178782025659,-5.19141890978688
"Clothes_No+Fur_Brown",2,8057,-0.0592180032574353,0.0488961161413712,-0.155054390894523,0.0366183843796522,-5.74987215897428
"Clothes_No+Fur_Brown",2,8059,-0.0530983858810418,0.0443913205201814,-0.140105374100597,0.0339086023385137,-5.17132901308872
"Clothes_No+Fur_Brown",2,8060,-0.0541508109678922,0.0468167240258035,-0.145911590058467,0.0376099681226827,-5.27107658775636
"Clothes_No+Fur_Brown",2,8062,-0.0564748458208255,0.0446111188125324,-0.143912638693389,0.030962947051738,-5.49097428341806
"Clothes_No+Fur_Brown",2,8063,-0.0585275450476663,0.0443433256826379,-0.145440463385637,0.028385373290304,-5.68477391321176
"Clothes_No+Fur_Brown",2,8065,-0.0566296099862888,0.0423676963483303,-0.139670294829016,0.0264110748564386,-5.50559976213264
"Clothes_No+Fur_Brown",2,8066,-0.0492524877653716,0.0548243371911695,-0.156708188660064,0.0582032131293206,-4.80592540389083
"Clothes_No+Fur_Brown",2,8067,-0.0521614932747773,0.0466091750284008,-0.143515476330443,0.0391924897808883,-5.08244310060385
"Clothes_No+Fur_Brown",2,8068,-0.0547376217074787,0.0546631618740614,-0.161877418980639,0.0524021755656816,-5.32664823075102
"Clothes_No+Fur_Brown",2,8069,-0.0554129347323419,0.0505857534570783,-0.154561011508215,0.0437351420435316,-5.39056079538564
"Clothes_No+Fur_Brown",2,8070,-0.0547789120727453,0.0402347714334432,-0.133639064082294,0.0240812399368034,-5.33055724732366
"Clothes_No+Fur_Brown",2,8071,-0.0562314591934931,0.0437848090005164,-0.142049684834505,0.029586766447519,-5.46796925095137
"Clothes_No+Fur_Brown",2,8073,-0.0528864578783942,0.0452443743927645,-0.141565431688213,0.0357925159314243,-5.15123003255956
"Clothes_No+Fur_Brown",2,8074,-0.0556539223079351,0.0442013200466897,-0.142288509599447,0.0309806649835768,-5.41335774776632
"Clothes_No+Fur_Brown",2,8075,-0.0571873555325516,0.0440137463320375,-0.143454298343345,0.0290795872782418,-5.55828889808075
"Clothes_No+Fur_Brown",2,8076,-0.0546939104129861,0.0475104321896801,-0.147814357504759,0.0384265366787868,-5.3225098455448
"Clothes_No+Fur_Brown",2,8077,-0.059989878776074,0.0450083762150532,-0.148206296157578,0.0282265386054302,-5.82259345577843
"Clothes_No+Fur_Brown",2,8078,-0.0550760244171427,0.0452193233920326,-0.143705898265527,0.0335538494312413,-5.3586805293087
"Clothes_No+Fur_Brown",2,8079,-0.0526830486987043,0.0492481194354609,-0.149209362792208,0.0438432653947991,-5.13193495973494
"Clothes_No+Fur_Brown",2,8080,-0.0560963272565598,0.0462064316379976,-0.146660933267035,0.0344682787539155,-5.45519409138742
"Clothes_No+Fur_Brown",2,8081,-0.0561107207396462,0.0462808293523619,-0.146821146270275,0.0345997047909831,-5.45655491065868
"Clothes_No+Fur_Brown",2,8082,-0.0581393689388411,0.0467823185204533,-0.14983271323893,0.0335539753612474,-5.64815588908517
"Clothes_No+Fur_Brown",2,8083,-0.0575415313561779,0.0489575053958674,-0.153498241932078,0.0384151792197222,-5.59173194618581
"Clothes_No+Fur_Brown",2,8084,-0.0523351284394552,0.0570088522808902,-0.16407247891,0.0594022220310894,-5.09892269546691
"Clothes_No+Fur_Brown",2,8085,-0.0556897506562743,0.0478002401232561,-0.149378221297856,0.0379987199853077,-5.41674657022485
"Clothes_No+Fur_Brown",2,8086,-0.055609819682579,0.0442988325592557,-0.14243553149872,0.031215892133562,-5.40918613653055
"Clothes_No+Fur_Brown",2,8087,-0.0553920893144079,0.0425163882101832,-0.138724210206367,0.0279400315775512,-5.38858860152939
"Clothes_No+Fur_Brown",2,8088,-0.057775694795816,0.0463081314211064,-0.148539632381184,0.0329882427895526,-5.61383632284412
"Clothes_No+Fur_Brown",2,8089,-0.0589708014079008,0.0454655769816313,-0.148083332291898,0.0301417294760965,-5.72657047306185
"Clothes_No+Fur_Brown",2,8090,-0.0513236437678365,0.0549138435289215,-0.158954777084523,0.0563074895488497,-5.00288314737608
"Clothes_No+Fur_Brown",2,8091,-0.0608781435045978,0.0438699376622338,-0.146863221322576,0.0251069343133804,-5.90621078157698
"Clothes_No+Fur_Brown",2,8092,-0.0586228445783289,0.0463859182372664,-0.149539244323371,0.0322935551667133,-5.69376168172031
"Clothes_No+Fur_Brown",2,8093,-0.057151905182003,0.0475518356449878,-0.150353503046179,0.0360496926821731,-5.55494084697135
"Clothes_No+Fur_Brown",2,8095,-0.0583159475192279,0.0459151493404119,-0.148309640226435,0.0316777451879794,-5.66481493291671
"Clothes_No+Fur_Brown",2,8096,-0.0577607143304632,0.0451037482180974,-0.146164060837934,0.0306426321770078,-5.61242236359851
"Clothes_No+Fur_Brown",2,8097,-0.051347208017674,0.0545195896574372,-0.158205603746251,0.0555111877109028,-5.00512165679694
"Clothes_No+Fur_Brown",2,8099,-0.0542041793509387,0.0430840560994161,-0.138648929305794,0.0302405706039168,-5.27613198232629
"Clothes_No+Fur_Brown",2,8100,-0.0565347770713159,0.0433265849307034,-0.141454883535495,0.0283853293928629,-5.49663815778866
"Clothes_No+Fur_Brown",2,8102,-0.0576408663117276,0.0429670093353341,-0.141856204608982,0.0265744719855272,-5.60110952152824
"Clothes_No+Fur_Brown",2,8103,-0.0578919876981846,0.0448472782840952,-0.145792653135011,0.0300086777386421,-5.62481212554523
"Clothes_No+Fur_Brown",2,8104,-0.0562105059197536,0.0451863735709651,-0.144775798118845,0.032354786279338,-5.46598847468213
"Clothes_No+Fur_Brown",2,8105,-0.0542739476492667,0.0493151546793888,-0.150931650820869,0.0423837555223353,-5.28274047487461
"Clothes_No+Fur_Brown",2,8106,-0.0507994101561938,0.0584349055155591,-0.16533182496669,0.0637330046543021,-4.95306940983583
"Clothes_No+Fur_Brown",2,8107,-0.0536801726230604,0.0468083194718394,-0.145424478787866,0.0380641335417448,-5.22648303113822
"Clothes_No+Fur_Brown",2,8108,-0.0552060780666203,0.0473518897496311,-0.148015781975897,0.0376036258426567,-5.37098817795258
"Clothes_No+Fur_Brown",2,8109,-0.0586606096540079,0.0445976826405276,-0.146072067629442,0.0287508483214262,-5.69732309669843
"Clothes_No+Fur_Brown",2,8110,-0.0560816777395781,0.0475192981857444,-0.149219502183637,0.0370561467044809,-5.45380904550263
"Clothes_No+Fur_Brown",2,8111,-0.0581093623312585,0.0485454496849047,-0.153258443713672,0.0370397190511547,-5.64532466784678
"Clothes_No+Fur_Brown",2,8112,-0.055440508354302,0.0433689714201452,-0.140443692337787,0.0295626756291826,-5.39316948433045
"Clothes_No+Fur_Brown",2,8113,-0.0597092908884604,0.0450179865149706,-0.147944544457803,0.028525962680882,-5.79616470859549
"Clothes_No+Fur_Brown",2,8114,-0.0566674541325415,0.0466363272439597,-0.148074655530703,0.0347397472656196,-5.50917575436969
"Clothes_No+Fur_Brown",2,8115,-0.0564817732293263,0.0505887073104309,-0.155635639557771,0.0426720930991183,-5.49162898377852
"Clothes_No+Fur_Brown",2,8116,-0.0570145119653439,0.0496472204540578,-0.154323064055297,0.0402940401246093,-5.54196384504114
"Clothes_No+Fur_Brown",2,8117,-0.057183203934663,0.0472866319781115,-0.149865002611761,0.0354985947424355,-5.55789681325846
"Clothes_No+Fur_Brown",2,8118,-0.0535208120448941,0.049060211704281,-0.149678826985285,0.0426372028954966,-5.21137866519092
"Clothes_No+Fur_Brown",2,8119,-0.0574838099537112,0.0458130810169644,-0.147277448746961,0.0323098288395389,-5.5862824112734
"Clothes_No+Fur_Brown",2,8120,-0.0575329112062541,0.048153116459774,-0.151913019467411,0.0368471970549029,-5.59091812925353
"Clothes_No+Fur_Brown",2,8121,-0.0477754197766838,0.0572672822404948,-0.160019292968054,0.0644684534146861,-4.6652133885684
"Clothes_No+Fur_Brown",2,8123,-0.0522007242873502,0.0548669132118021,-0.159739874182482,0.0553384256077819,-5.08616673943042
"Clothes_No+Fur_Brown",2,8124,-0.0558146821457443,0.0457426517947104,-0.145470279663377,0.0338409153718881,-5.4285622588636
"Clothes_No+Fur_Brown",2,8126,-0.0510014878774599,0.0552922036110489,-0.159374206955116,0.0573712312001959,-4.97227433647357
"Clothes_No+Fur_Brown",2,8127,-0.0458484595686251,0.0567278213168282,-0.157034989349608,0.0653380702123581,-4.48132993717683
"Clothes_No+Fur_Brown",2,8128,-0.0544595848906455,0.0491567535081836,-0.150806821766685,0.0418876519853944,-5.30032189371028
"Clothes_No+Fur_Brown",2,8129,-0.0511709970254353,0.0557923230206144,-0.160523950145839,0.0581819560949688,-4.98838104012946
"Clothes_No+Fur_Brown",2,8130,-0.0592076723699289,0.047996382092508,-0.153280581271245,0.0348652365313869,-5.74889846647655
"Clothes_No+Fur_Brown",2,8131,-0.0552225414172584,0.0445755510795151,-0.142590621533108,0.0321455386985913,-5.3725460757306
"Clothes_No+Fur_Brown",2,8133,-0.0557568892421217,0.0445098108025775,-0.142996118415174,0.0314823399309302,-5.4230965429385
"Clothes_No+Fur_Brown",2,8134,-0.0569304349254432,0.0451180923699913,-0.145361895970626,0.0315010261197398,-5.53402175909754
"Clothes_No+Fur_Brown",2,8135,-0.056064407630085,0.0473729246396122,-0.148915339923725,0.036786524663555,-5.45217620833309
"Clothes_No+Fur_Brown",2,8136,-0.0548726120211899,0.0448606574007976,-0.142799500526753,0.0330542764843734,-5.33942735365813
"Clothes_No+Fur_Brown",2,8137,-0.0578542883003288,0.0469986725111092,-0.149971686422103,0.0342631098214453,-5.62125417072389
"Clothes_No+Fur_Brown",2,8138,-0.0560304368593237,0.046290597160537,-0.146760007293976,0.0346991335753288,-5.44896429132975
"Clothes_No+Fur_Brown",2,8139,-0.0562748232381175,0.047770084921177,-0.149904189683624,0.0373545432073894,-5.47206845327156
"Clothes_No+Fur_Brown",2,8140,-0.0574561582911502,0.038314474207177,-0.132552527737217,0.0176402111549167,-5.58367167891813
"Clothes_No+Fur_Brown",2,8141,-0.0583523598908145,0.0440673489368,-0.144724363806943,0.0280196440253136,-5.66824983819216
"Clothes_No+Fur_Brown",2,8142,-0.0557763528882351,0.0461536684716514,-0.146237543092672,0.0346848373162017,-5.42493733640355
"Clothes_No+Fur_Brown",2,8143,-0.0593118304698764,0.0441803344053806,-0.145905285904422,0.0272816249646695,-5.75871497088715
"Clothes_No+Fur_Brown",2,8144,-0.0553617449040622,0.0461615404082074,-0.145838364104149,0.0351148742960243,-5.38571763047979
"Clothes_No+Fur_Brown",2,8145,-0.0573776420910264,0.0481487404138926,-0.151749173302256,0.0369938891202031,-5.57625817655252
"Clothes_No+Fur_Brown",2,8147,-0.0564939928290516,0.0487486412941752,-0.152041329765635,0.0390533441075319,-5.49278383118713
"Clothes_No+Fur_Brown",2,8148,-0.0596662337941384,0.0395822204264071,-0.137247385829896,0.0179149182416196,-5.79210847784972
"Clothes_No+Fur_Brown",2,8149,-0.0528212191907105,0.0472079235365792,-0.145348749322406,0.0397063109409848,-5.14504202143181
"Clothes_No+Fur_Brown",2,8150,-0.0551327401095747,0.0469368623087076,-0.147128990234642,0.0368635100154922,-5.36404802506311
"Clothes_No+Fur_Brown",2,8154,-0.0595356586692747,0.046713733714891,-0.151094576750461,0.0320232594119116,-5.77980646750029
"Clothes_No+Fur_Brown",2,8155,-0.057782420722954,0.0465598128412774,-0.149039653891858,0.0334748124459496,-5.61447115516894
"Clothes_No+Fur_Brown",2,8156,-0.0549883069001635,0.0453619503105328,-0.143897729508808,0.0339211157084808,-5.35037846364813
"Clothes_No+Fur_Brown",2,8157,-0.0520074459694629,0.0540232529488639,-0.157893021749236,0.0538781298103104,-5.06782018045467
"Clothes_No+Fur_Brown",2,8158,-0.0592475835114572,0.0434749509846541,-0.144458487441379,0.0259633204184648,-5.7526600604638
"Clothes_No+Fur_Brown",2,8160,-0.0578742241346681,0.0438182789570737,-0.143758050890533,0.0280096026211965,-5.62313567101119
"Clothes_No+Fur_Brown",2,8161,-0.0591801102070283,0.0437027740039698,-0.144837547254809,0.0264773268407526,-5.74630066646219
"Clothes_No+Fur_Brown",2,8162,-0.0485387031436363,0.0533009422477739,-0.153008549949273,0.0559311436620005,-4.73795308145051
"Clothes_No+Fur_Brown",2,8163,-0.0528063511196505,0.0424685272429177,-0.136044664515769,0.0304319622764682,-5.14363170069184
"Clothes_No+Fur_Brown",2,8164,-0.0552095660701997,0.050309320345645,-0.153815833947664,0.0433967018072646,-5.3713182437089
"Clothes_No+Fur_Brown",2,8165,-0.0509721024975778,0.0562800213824388,-0.161280944407158,0.0593367394120022,-4.96948186962697
"Clothes_No+Fur_Brown",2,8167,-0.0563449294076106,0.0469663154591784,-0.1483989077076,0.0357090488923791,-5.47869521217136
"Clothes_No+Fur_Brown",2,8168,-0.0577921224311565,0.0409595531499761,-0.13807284660511,0.0224886017427967,-5.61538685158641
"Clothes_No+Fur_Brown",2,8169,-0.0569972204830814,0.0470646881040397,-0.149244009166999,0.0352495682008364,-5.54033051146308
"Clothes_No+Fur_Brown",2,8170,-0.0532861381603695,0.0418771552742873,-0.135365362497973,0.0287930861772337,-5.18913164091785
"Clothes_No+Fur_Brown",2,8171,-0.0576579063962164,0.0499700260441402,-0.155599157442731,0.0402833446502984,-5.60271807289267
"Clothes_No+Fur_Brown",2,8172,-0.0583687483870856,0.0416058287839613,-0.13991617280365,0.0231786760294786,-5.66979578106006
"Clothes_No+Fur_Brown",2,8175,-0.0578856050348387,0.0448239355234325,-0.145740518660766,0.0299693085910891,-5.62420975857048
"Clothes_No+Fur_Brown",2,8176,-0.0588678374224144,0.0484045627746489,-0.153740780460726,0.0360051056158976,-5.71686320529138
"Clothes_No+Fur_Brown",2,8177,-0.0556579508716269,0.0478572723370042,-0.149458204652155,0.0381423029089012,-5.4137387953115
"Clothes_No+Fur_Brown",2,8178,-0.0547849910591106,0.0407453742150128,-0.134645924520536,0.0250759424023145,-5.33113273982616
"Clothes_No+Fur_Brown",2,8179,-0.0575277362214852,0.0472749690033568,-0.150186675468064,0.0351312030250941,-5.59042956242864
"Clothes_No+Fur_Brown",2,8180,-0.0532905423778558,0.0497247959969083,-0.150751142531796,0.0441700577760846,-5.18954920768264
"Clothes_No+Fur_Brown",2,8181,-0.0569398207857795,0.049530530039168,-0.154019659662549,0.0401400180909898,-5.5349083994149
"Clothes_No+Fur_Brown",2,8182,-0.0512207748384434,0.055313791380787,-0.159635805944786,0.0571942562678992,-4.99311039302225
"Clothes_No+Fur_Brown",2,8183,-0.0564592418154178,0.0413295361119553,-0.13746513259485,0.0245466489640147,-5.48949955256388
"Clothes_No+Fur_Brown",2,8184,-0.0554993960318402,0.0459775227431576,-0.145615340608429,0.0346165485447488,-5.39874049682517
"Clothes_No+Fur_Brown",2,8185,-0.057694149315998,0.0476558119729413,-0.151099540782963,0.0357112421509669,-5.60613924401216
"Clothes_No+Fur_Brown",2,8186,-0.0434831897687161,0.0622586539287807,-0.165510151469126,0.078543771931694,-4.25513511110819
"Clothes_No+Fur_Brown",2,8187,-0.0577742420860335,0.0465525192229522,-0.14901717976302,0.033468695590953,-5.61369920704122
"Clothes_No+Fur_Brown",2,8188,-0.0552670365013084,0.0567198676601405,-0.166437977115184,0.055903904112567,-5.37675643857548
"Clothes_No+Fur_Brown",2,8189,-0.0554912448494046,0.0427309208951692,-0.139243849803936,0.0282613601051269,-5.39796938155758
"Clothes_No+Fur_Brown",2,8190,-0.0571827036011145,0.0480971379873128,-0.151453094056248,0.0370876868540187,-5.55784956069402
"Clothes_No+Fur_Brown",2,8191,-0.0549178990482188,0.0458476439562485,-0.144779281202466,0.0349434831060283,-5.34371415250121
"Clothes_No+Fur_Brown",2,8192,-0.052852777072096,0.0488487193237628,-0.148596266946671,0.0428907128024791,-5.14803539571199
"Clothes_No+Fur_Brown",2,8193,-0.0539262720066825,0.0488897414642138,-0.149750165276541,0.0418976212631765,-5.24980386550876
"Clothes_No+Fur_Brown",2,8194,-0.0582032528518342,0.0434594720231971,-0.143383818017301,0.0269773123136322,-5.65418326155697
"Clothes_No+Fur_Brown",2,8198,-0.0573960880698847,0.0469066605358083,-0.149333142720069,0.0345409665802996,-5.57799989883397
"Clothes_No+Fur_Brown",2,8199,-0.051122563536197,0.0493109695279287,-0.147772063810937,0.0455269367385432,-4.98377918446399
"Clothes_No+Fur_Brown",2,8200,-0.0598115658427703,0.0439703110051489,-0.145993375412862,0.0263702437273214,-5.80579890886864
"Clothes_No+Fur_Brown",2,8201,-0.0591484336620705,0.046184534936889,-0.149670122138373,0.031373254814232,-5.74331498763007
"Clothes_No+Fur_Brown",2,8202,-0.0533227285824551,0.0454124599774573,-0.142331150138271,0.0356856929733611,-5.192600747141
"Clothes_No+Fur_Brown",2,8203,-0.0581033904619821,0.0440831221968555,-0.144506309967819,0.0282995290438547,-5.64476119237758
"Clothes_No+Fur_Brown",2,8204,-0.0593368215780708,0.0460961687557302,-0.149685312339302,0.0310116691831603,-5.76107013560848
"Clothes_No+Fur_Brown",2,8205,-0.0574348828650967,0.0451727481831842,-0.145973469304138,0.0311037035739444,-5.58166290993807
"Clothes_No+Fur_Brown",2,8206,-0.059479209822369,0.0490286226929537,-0.155575310300558,0.0366168906558202,-5.77448769610229
"Clothes_No+Fur_Brown",2,8208,-0.0546742670561324,0.0546400221798624,-0.161768710528663,0.0524201764163978,-5.32065004355338
"Clothes_No+Fur_Brown",2,8209,-0.0583281523269184,0.048151010249908,-0.152704132416738,0.0360478277629013,-5.66596626868298
"Clothes_No+Fur_Brown",2,8210,-0.0555956124263521,0.0464814032898671,-0.146699162874492,0.0355079380217874,-5.40784225105485
"Clothes_No+Fur_Brown",2,8211,-0.0605709912428743,0.0469171980564313,-0.15252869943348,0.031386716947731,-5.87730522242772
"Clothes_No+Fur_Brown",2,8212,-0.0563651365641357,0.0458602832910219,-0.146251291814539,0.0335210186862672,-5.48060519967438
"Clothes_No+Fur_Brown",2,8213,-0.05965658409735,0.0491815925960901,-0.156052505585687,0.0367393373909866,-5.79119939587528
"Clothes_No+Fur_Brown",2,8214,-0.0464159150789814,0.058243287644781,-0.160572758862752,0.0677409287047893,-4.53551715697359
"Clothes_No+Fur_Brown",2,8215,-0.0583767617705596,0.0434506413114639,-0.143540018741029,0.0267864951999096,-5.67055168213098
"Clothes_No+Fur_Brown",2,8216,-0.0572800757337575,0.0479223407766918,-0.151207863656073,0.0366477121885583,-5.56704514658952
"Clothes_No+Fur_Brown",2,8218,-0.0492370235473869,0.0619038092785672,-0.170568489733379,0.0720944426386048,-4.80445329058792
"Clothes_No+Fur_Brown",2,8219,-0.0541898324644221,0.04546692460901,-0.143305004698082,0.0349253397692375,-5.27477297999274
"Clothes_No+Fur_Brown",2,8221,-0.0553426461117274,0.04572516920357,-0.144963977750725,0.0342786855272699,-5.38391059469285
"Clothes_No+Fur_Brown",2,8222,-0.0520077870624992,0.0481102316057785,-0.146303841009825,0.0422882668848268,-5.0678525611546
"Clothes_No+Fur_Brown",2,8224,-0.0591326096001055,0.0453532932104343,-0.148025064292557,0.0297598450923458,-5.74182345220478
"Clothes_No+Fur_Brown",2,8226,-0.0521279112894596,0.0570354101757233,-0.163917315233877,0.0596614926549581,-5.07925552707944
"Clothes_No+Fur_Brown",2,8227,-0.0553505435662862,0.0448293515857484,-0.143216072674353,0.0325149855417806,-5.38465781800889
"Clothes_No+Fur_Brown",2,8228,-0.0594172009599529,0.0501269015726111,-0.157665928042271,0.0388315261223649,-5.7686446981168
"Clothes_No+Fur_Brown",2,8229,-0.0524310330437167,0.0569501436452919,-0.164053314588489,0.0591912485010555,-5.10802370930825
"Clothes_No+Fur_Brown",2,8230,-0.0468853681483083,0.0582039234436078,-0.16096505809778,0.067194321801163,-4.58032273357535
"Clothes_No+Fur_Brown",2,8231,-0.059165029609134,0.0440402436834147,-0.145483907228627,0.0271538480103588,-5.74487925360464
"Clothes_No+Fur_Brown",2,8232,-0.052775605605912,0.0473018388737478,-0.145487209798458,0.0399359985866337,-5.14071524808342
"Clothes_No+Fur_Brown",2,8234,-0.060518635797976,0.0486895322465504,-0.155950119001215,0.0349128474052628,-5.87237725786585
"Clothes_No+Fur_Brown",2,8235,-0.0563655650538137,0.0484278799950852,-0.151284209844181,0.0385530797365532,-5.48064570025075
"Clothes_No+Fur_Brown",2,8236,-0.0570457229921981,0.0460739895519701,-0.147350742514059,0.0332592965296633,-5.54491193133753
"Clothes_No+Fur_Brown",2,8237,-0.0583527901383234,0.0481973174630193,-0.152819532365841,0.0361139520891943,-5.66829042418395
"Clothes_No+Fur_Brown",2,8238,-0.0579550425109301,0.0447797658699168,-0.145723383615967,0.0298132985941068,-5.63076274773483
"Clothes_No+Fur_Brown",2,8239,-0.0551762145290556,0.0460734209994665,-0.14548011968801,0.0351276906298987,-5.36816217870637
"Clothes_No+Fur_Brown",2,8240,-0.0542558411685149,0.0457713062420143,-0.143967601402863,0.0354559190658332,-5.28102546311179
"Clothes_No+Fur_Brown",2,8241,-0.0544510880415421,0.0460707188742392,-0.144749697035051,0.0358475209519667,-5.29951724141677
"Clothes_No+Fur_Brown",2,8242,-0.0572339067254907,0.0448123802280044,-0.145066171972379,0.0305983585213979,-5.56268517006911
"Clothes_No+Fur_Brown",2,8243,-0.057582796000399,0.0473544099166332,-0.150397439437,0.0352318474362021,-5.59562758940186
"Clothes_No+Fur_Brown",2,8244,-0.056195424312858,0.0485294454300848,-0.151313137355824,0.0389222887301082,-5.46456273913087
"Clothes_No+Fur_Brown",2,8245,-0.0593057972089209,0.04800765782032,-0.153400806536748,0.0347892121189062,-5.75814638690657
"Clothes_No+Fur_Brown",2,8246,-0.0539690069106695,0.0437558694970525,-0.139730511124892,0.0317924973035533,-5.25385291952475
"Clothes_No+Fur_Brown",2,8247,-0.0552780230083296,0.045657379957024,-0.144766487724097,0.0342104417074374,-5.37779601179459
"Clothes_No+Fur_Brown",2,8248,-0.053085451991102,0.0422086358044576,-0.135814378167839,0.029643474185635,-5.17010250156327
"Clothes_No+Fur_Brown",2,8249,-0.0512145809229814,0.0469126722928712,-0.143163418617009,0.040734256771046,-4.99252192655726
"Clothes_No+Fur_Brown",2,8250,-0.05957471217095,0.0419113803552576,-0.141721017667255,0.0225715933253549,-5.783486024136
"Clothes_No+Fur_Brown",2,8251,-0.0579389852549993,0.0407656006384993,-0.137839562506458,0.0219615919964592,-5.62924742457435
"Clothes_No+Fur_Brown",2,8252,-0.0569035200446643,0.0452805813944005,-0.145653459577689,0.0318464194883607,-5.53147918433913
"Clothes_No+Fur_Brown",2,8253,-0.0565562550362681,0.0465786520822124,-0.147850413117404,0.0347379030448681,-5.49866787588499
"Clothes_No+Fur_Brown",2,8254,-0.0570588109268055,0.0430761410151177,-0.141488047316436,0.0273704254628252,-5.54614814526374
"Clothes_No+Fur_Brown",2,8255,-0.0582332801199039,0.0484733399064576,-0.153241026336561,0.036774466096753,-5.65701616615502
"Clothes_No+Fur_Brown",2,8256,-0.0571157389940145,0.0410530867925256,-0.137579789107365,0.0233483111193357,-5.55152506743993
"Clothes_No+Fur_Brown",2,8258,-0.0573830892392708,0.0436947532487033,-0.143024805606729,0.0282586271281877,-5.57677251527117
"Clothes_No+Fur_Brown",2,8259,-0.0598193239405713,0.0432518850195601,-0.144593018578909,0.0249543706977665,-5.80652967385832
"Clothes_No+Fur_Brown",2,8260,-0.056935602244098,0.0437355793235724,-0.1426573377183,0.0287861332301039,-5.53450989364798
"Clothes_No+Fur_Brown",2,8261,-0.0562709782640148,0.0513617218760447,-0.156939953141063,0.0443979966130328,-5.47170499512405
"Clothes_No+Fur_Brown",2,8262,-0.0547013603481406,0.0480373616784991,-0.148854589237999,0.0394518685417176,-5.32321518407968
"Clothes_No+Fur_Brown",2,8263,-0.0540792508918578,0.0438735996708618,-0.140071506246747,0.0319130044630313,-5.2642975362425
"Clothes_No+Fur_Brown",2,8264,-0.057227199203447,0.0465859068161593,-0.148535576563119,0.0340811781562252,-5.56205172757374
"Clothes_No+Fur_Brown",2,8265,-0.0557330721247969,0.0440632586796541,-0.142097059136919,0.0306309148873252,-5.42084396690781
"Clothes_No+Fur_Brown",2,8266,-0.0569881049885752,0.0450390272936286,-0.145264598484087,0.0312883885069368,-5.53946946094035
"Clothes_No+Fur_Brown",2,8267,-0.0549004141736807,0.0485076691560903,-0.149975445719618,0.0401746173722563,-5.34205908474964
"Clothes_No+Fur_Brown",2,8268,-0.0515259670821566,0.0539982785220807,-0.157362592985435,0.0543106588211216,-5.02210133469933
"Clothes_No+Fur_Brown",2,8270,-0.0552981027204905,0.0503010565863092,-0.153888173629656,0.0432919681886755,-5.37969597933924
"Clothes_No+Fur_Brown",2,8271,-0.054442176405304,0.0474745571567719,-0.147492308432577,0.0386079556219688,-5.29867330140242
"Clothes_No+Fur_Brown",2,8273,-0.0573542185140839,0.0463655441350186,-0.14823068501872,0.0335222479905525,-5.57404640886706
"Clothes_No+Fur_Brown",2,8274,-0.0548021443510273,0.0430132924120114,-0.13910819747857,0.029503908776515,-5.33275660861431
"Clothes_No+Fur_Brown",2,8276,-0.0563669084241079,0.0434377569500085,-0.141504912046125,0.0287710951979088,-5.48077267465826
"Clothes_No+Fur_Brown",2,8279,-0.0536931087439539,0.0444389338889344,-0.140793419166265,0.0334072016783575,-5.22770902488141
"Clothes_No+Fur_Brown",2,8280,-0.0584647655784632,0.0477956852560771,-0.152144308680374,0.0352147775234479,-5.67885266751588
"Clothes_No+Fur_Brown",2,8281,-0.0552777494189106,0.0490097936764104,-0.151336945024675,0.0407814461868538,-5.37777012415723
"Clothes_No+Fur_Brown",2,8282,-0.0573499161860925,0.0425113749871919,-0.140672211160988,0.0259723787888036,-5.57364015656989
"Clothes_No+Fur_Brown",2,8283,-0.0521845129621475,0.0516840392467652,-0.153485229885807,0.0491162039615123,-5.08462804794112
"Clothes_No+Fur_Brown",2,8284,-0.0549353711308039,0.0514793820894667,-0.155834960026159,0.0459642177645507,-5.3453679804968
"Clothes_No+Fur_Brown",2,8286,-0.0508455428736068,0.0575522431584077,-0.163647939464086,0.0619568537168722,-4.95745408188653
"Clothes_No+Fur_Brown",2,8287,-0.0493292388820404,0.0541853564920526,-0.155532537606464,0.0568740598423827,-4.81323137504204
"Clothes_No+Fur_Brown",2,8288,-0.0554067262192037,0.046043503613266,-0.145651993301205,0.0348385408627977,-5.38997340961594
"Clothes_No+Fur_Brown",2,8290,-0.0567407800632431,0.0458330596516907,-0.146573576980557,0.0330920168540706,-5.51610412798244
"Clothes_No+Fur_Brown",2,8291,-0.0572245362927086,0.0493999602422557,-0.15404845836753,0.0395993857821126,-5.56180024741233
"Clothes_No+Fur_Brown",2,8292,-0.0573813821003343,0.0451185410507871,-0.145813722559877,0.0310509583592084,-5.57661132156544
"Clothes_No+Fur_Brown",2,8293,-0.0579800884805122,0.0475591125688784,-0.151195949115514,0.0352357721544894,-5.63312628718184
"Clothes_No+Fur_Brown",2,8295,-0.0564326938360693,0.048560869745411,-0.151611998537075,0.0387466108649363,-5.48699045644422
"Clothes_No+Fur_Brown",2,8297,-0.0544165871663875,0.0451196198944262,-0.142851042159463,0.0340178678266878,-5.29624993552191
"Clothes_No+Fur_Brown",2,8298,-0.0546399898088942,0.0458786623045173,-0.144562167925748,0.0352821883079598,-5.31740464044513
"Clothes_No+Fur_Brown",2,8299,-0.0492877310579104,0.0527300066085747,-0.152638544010717,0.054063081894896,-4.80928029739069
"Clothes_No+Fur_Brown",2,8300,-0.0587917042443869,0.0510297760071085,-0.15881006521832,0.0412266567295456,-5.70968485720104
"Clothes_No+Fur_Brown",2,8301,-0.0591449096725381,0.0435879103114949,-0.144577213883068,0.0262873945379919,-5.74298282747348
"Clothes_No+Fur_Brown",2,8302,-0.0562759768626035,0.0484792991814193,-0.151295403258185,0.0387434495329784,-5.47217750294511
"Clothes_No+Fur_Brown",2,8303,-0.0500710655455132,0.0565068621517488,-0.160824515362941,0.0606823842719145,-4.88381727353007
"Clothes_No+Fur_Brown",2,8304,-0.0561546692918204,0.0420299566204548,-0.138533384267912,0.0262240456842709,-5.46070986688511
"Clothes_No+Fur_Brown",2,8306,-0.0474185998961682,0.0573565660214554,-0.159837469298221,0.0650002695058843,-4.63118997164593
"Clothes_No+Fur_Brown",2,8308,-0.055675587081652,0.0533032366861138,-0.160149930986435,0.0487987568231309,-5.41540692376982
"Clothes_No+Fur_Brown",2,8309,-0.0483629495108979,0.0538109780450913,-0.153832466479277,0.0571065674574811,-4.72120895926542
"Clothes_No+Fur_Brown",2,8310,-0.0530126963285917,0.0442721939488686,-0.139786196468374,0.0337608038111906,-5.16320283855326
"Clothes_No+Fur_Brown",2,8311,-0.0509467067356728,0.0539796794709834,-0.1567468784988,0.0548534650274546,-4.96706846656985
"Clothes_No+Fur_Brown",2,8312,-0.0530459780319307,0.0433301921955781,-0.137973154735264,0.0318811986714024,-5.16635911617857
"Clothes_No+Fur_Brown",2,8314,-0.0536422226720959,0.054742119387659,-0.160936776671908,0.0536523313277157,-5.22288631256931
"Clothes_No+Fur_Brown",2,8315,-0.0615461521917329,0.0389222912149927,-0.137833842973118,0.0147415385896527,-5.96904526085476
"Clothes_No+Fur_Brown",2,8316,-0.0543121832423895,0.0440352356121056,-0.140621245042116,0.0319968785573374,-5.28636197623596
"Clothes_No+Fur_Brown",2,8317,-0.0533837102649339,0.04285918286151,-0.137387708673494,0.0306202881436258,-5.19838208557921
"Clothes_No+Fur_Brown",2,8318,-0.0553915133264442,0.0462315385592796,-0.146005328902632,0.0352223022497439,-5.3885341064795
"Clothes_No+Fur_Brown",2,8319,-0.0594341005405019,0.0483376269346762,-0.154175849332467,0.0353076482514635,-5.77023715504
"Clothes_No+Fur_Brown",2,8320,-0.0558036211850752,0.0486947880314884,-0.151245405726793,0.0396381633566422,-5.42751620212513
"Clothes_No+Fur_Brown",2,8321,-0.0582724672019487,0.0458984071941523,-0.148233345302487,0.0316884108985898,-5.66071311996599
"Clothes_No+Fur_Brown",2,8322,-0.059712032045754,0.0469157224568981,-0.151666848061274,0.0322427839697663,-5.79642293577176
"Clothes_No+Fur_Brown",2,8323,-0.0532565938620247,0.0469138984644307,-0.145207834852309,0.0386946471282595,-5.18633047895775
"Clothes_No+Fur_Brown",2,8324,-0.0508256969485832,0.0498498391666099,-0.148531381715139,0.0468799878179721,-4.9555678559293
"Clothes_No+Fur_Brown",2,8327,-0.0477913028531765,0.0538981848104375,-0.153431745081634,0.057849139375281,-4.66672758625147
"Clothes_No+Fur_Brown",2,8328,-0.0579878017334685,0.0480537871114412,-0.152173224471893,0.0361976210049562,-5.63385415994234
"Clothes_No+Fur_Brown",2,8329,-0.0577765693122074,0.0452871198400057,-0.146539324198619,0.0309861855742036,-5.6139188650553
"Clothes_No+Fur_Brown",2,8330,-0.0575916087345025,0.0456279391473378,-0.147022369463285,0.0318391519942796,-5.59645954636822
"Clothes_No+Fur_Brown",2,8331,-0.0589028055022488,0.0507312544311025,-0.15833606418721,0.0405304531827121,-5.72016004790339
"Clothes_No+Fur_Brown",2,8332,-0.0608989034887749,0.0428416600583038,-0.14486855720305,0.0230707502255006,-5.90816414687633
"Clothes_No+Fur_Brown",2,8333,-0.0569720702861005,0.0436901018584082,-0.142604669928581,0.0286605293563795,-5.53795480229404
"Clothes_No+Fur_Brown",2,8334,-0.0548230954658298,0.0434070076364022,-0.139900830433178,0.0302546395015184,-5.33473997212173
"Clothes_No+Fur_Brown",2,8335,-0.0555841683989765,0.046245916942713,-0.146226165606694,0.035057828808741,-5.40675972961786
"Clothes_No+Fur_Brown",2,8336,-0.0533598840578783,0.04886018393215,-0.149125844564892,0.0424060764491356,-5.19612329569248
"Clothes_No+Fur_Brown",2,8337,-0.0508335139931419,0.0529501300087113,-0.154615768810216,0.0529487408239323,-4.95631081958653
"Clothes_No+Fur_Brown",2,8338,-0.0493705054437286,0.060865842122097,-0.168667556003039,0.0699265451155816,-4.81715932465435
"Clothes_No+Fur_Brown",2,8339,-0.0525648146453283,0.0452064990235186,-0.141169552731425,0.0360399234407682,-5.12071766074901
"Clothes_No+Fur_Brown",2,8340,-0.0498151963989331,0.0507424075143494,-0.149270315127058,0.0496399223291916,-4.85947686318268
"Clothes_No+Fur_Brown",2,8341,-0.0549948537158633,0.0459013526374383,-0.144961504885242,0.0349717974535159,-5.35099811524801
"Clothes_No+Fur_Brown",2,8342,-0.0498452206480183,0.0457031223185239,-0.139423340392325,0.0397328990962885,-4.86233334306538
"Clothes_No+Fur_Brown",2,8343,-0.0558579006212746,0.0494723898788416,-0.152823784783804,0.0411079835412549,-5.43264940391075
"Clothes_No+Fur_Brown",2,8344,-0.0488260415605244,0.0538511429197276,-0.15437428168319,0.0567221985621417,-4.76532159500062
"Clothes_No+Fur_Brown",2,8345,-0.0520766851401449,0.0606796984782845,-0.171008894157583,0.0668555238772927,-5.07439297830625
"Clothes_No+Fur_Brown",2,8346,-0.0458202894878659,0.0584496550949296,-0.160381613473928,0.0687410344981961,-4.47863913062719
"Clothes_No+Fur_Brown",2,8347,-0.0552926995385155,0.0421553795069372,-0.137917243372112,0.0273318442950815,-5.3791847272369
"Clothes_No+Fur_Brown",2,8348,-0.0545273669741664,0.044697475475819,-0.142134418906772,0.0330796849584389,-5.30674061766139
"Clothes_No+Fur_Brown",2,8349,-0.0552020965305283,0.0458725500715099,-0.145112294670688,0.034708101609631,-5.3706114083766
"Clothes_No+Fur_Brown",2,8350,-0.0567686430833999,0.0481735005483746,-0.151188704158214,0.0376514179914143,-5.51873669800177
"Clothes_No+Fur_Brown",2,8351,-0.0507389893318881,0.056035473696539,-0.160568517777104,0.0590905391133283,-4.94732642244557
"Clothes_No+Fur_Brown",2,8352,-0.0478414502368663,0.0585483357876876,-0.162596188380734,0.0669132879070015,-4.67150818057346
"Clothes_No+Fur_Brown",2,8355,-0.0563024195358733,0.0467660101404701,-0.147963799411195,0.0353589603394481,-5.47467703822295
"Clothes_No+Fur_Brown",2,8357,-0.0549480845396334,0.0471044750203606,-0.14727285557954,0.0373766865002735,-5.34657135588174
"Clothes_No+Fur_Brown",2,8359,-0.058656498557611,0.0471020611769557,-0.150976538464444,0.033663541349222,-5.69693540850629
"Clothes_No+Fur_Brown",2,8360,-0.0544705783291078,0.046141584944294,-0.144908084819924,0.0359669281617086,-5.30136296307147
"Clothes_No+Fur_Brown",2,8361,-0.0514277353023973,0.0551999244024422,-0.159619587131184,0.0567641165263894,-5.01277102841684
"Clothes_No+Fur_Brown",2,8362,-0.0547730687052257,0.0442290741102674,-0.14146205396135,0.0319159165508984,-5.33000405736054
"Clothes_No+Fur_Brown",2,8363,-0.0605369810768323,0.0435752070472156,-0.145944386889375,0.0248704247357104,-5.87410403951394
"Clothes_No+Fur_Brown",2,8365,-0.0588156692737896,0.0490512285795072,-0.154956077289624,0.0373247387420444,-5.7119445002995
"Clothes_No+Fur_Brown",2,8366,-0.0559791963117185,0.0460757705783743,-0.146287706645332,0.0343293140218951,-5.44411932035497
"Clothes_No+Fur_Brown",2,8368,-0.0569328960924385,0.0471902803881471,-0.149425845653207,0.0355600534683298,-5.53425425535926
"Clothes_No+Fur_Brown",2,8369,-0.0502294776362012,0.0566186057478958,-0.161201944902077,0.0607429896296745,-4.89888363351573
"Clothes_No+Fur_Brown",2,8370,-0.0482528264180817,0.0562054761403478,-0.158415559653163,0.0619099068169999,-4.71071598636752
"Clothes_No+Fur_Brown",2,8371,-0.0518380581792485,0.0539463284151407,-0.157572861872924,0.0538967455144273,-5.05173846631024
"Clothes_No+Fur_Brown",2,8372,-0.0523905447672688,0.053106139857968,-0.156478578888886,0.0516974893543485,-5.10418161896022
"Clothes_No+Fur_Brown",2,8373,-0.0506151594077383,0.0536178449324786,-0.155706135475396,0.0544758166599198,-4.93555532829443
"Clothes_No+Fur_Brown",2,8374,-0.0508050587555935,0.0535442727425128,-0.155751833330919,0.0541417158197315,-4.9536062903546
"Clothes_No+Fur_Brown",2,8375,-0.0462570034602078,0.05733565761204,-0.158634892379806,0.0661208854593907,-4.52034553602813
"Clothes_No+Fur_Brown",2,8376,-0.0472660210305938,0.0505309504386258,-0.1463066838903,0.0517746418291128,-4.61663759663643
"Clothes_No+Fur_Brown",2,8377,-0.0504040518261297,0.0547246012801619,-0.157664270335247,0.0568561666829877,-4.91548438479319
"Clothes_No+Fur_Brown",2,8378,-0.0524652554478204,0.0549433094445766,-0.16015414195919,0.0552236310635496,-5.11127108530025
"Clothes_No+Fur_Brown",2,8379,-0.0456900089231405,0.0602796708660734,-0.163838163820644,0.0724581459743634,-4.46619374311135
"Clothes_No+Fur_Brown",2,8380,-0.0497535452140593,0.0564748175328452,-0.160444187578436,0.0609370971503173,-4.85361115638974
"Clothes_No+Fur_Brown",2,8381,-0.049216361122896,0.0591271950127748,-0.165105663347935,0.0666729411021426,-4.80248629947083
"Clothes_No+Fur_Brown",2,8382,-0.0506326538340452,0.0589963885065131,-0.166265575306811,0.0650002676387206,-4.93721841166875
"Clothes_No+Fur_Brown",2,8383,-0.0537607031083308,0.058761899942275,-0.16893402699519,0.0614126207785283,-5.23411488114808
"Clothes_No+Fur_Brown",2,8384,-0.0528944488907432,0.0528021007896515,-0.15638656643846,0.0505976686569737,-5.15198796722331
"Clothes_No+Fur_Brown",2,8385,-0.047141703953003,0.0569827563622905,-0.158827906423092,0.0645444985170864,-4.60477907867878
"Clothes_No+Fur_Brown",2,8386,-0.0488061725079846,0.0515115312763414,-0.149768773809614,0.0521564287936444,-4.76342935337332
"Clothes_No+Fur_Brown",2,8388,-0.051764684158557,0.0561848614263651,-0.161887012554233,0.0583576442371187,-5.04477147500889
"Clothes_No+Fur_Brown",2,8389,-0.0565038986346206,0.0464145528950936,-0.147476422309004,0.0344686250397628,-5.49371999665863
"Clothes_No+Fur_Brown",2,8390,-0.0605090092980082,0.0375803634338801,-0.134166521628413,0.0131485030323968,-5.87147113394717
"Clothes_No+Fur_Brown",2,8392,-0.0550157466500077,0.0439501002033735,-0.14115794304862,0.0311264497486044,-5.35297558995352
"Clothes_No+Fur_Brown",2,8393,-0.0509798475291608,0.0591783664934432,-0.16696944585631,0.0650097507979879,-4.97021788114101
"Clothes_No+Fur_Brown",2,8394,-0.053649300100904,0.0567473633351397,-0.164874132237778,0.0575755320359699,-5.22355708847036
"Clothes_No+Fur_Brown",2,8396,-0.0586881517160306,0.0483507557761955,-0.153455633037374,0.0360793296053126,-5.69992035110757
"Clothes_No+Fur_Brown",2,8397,-0.0492096457328431,0.0569514481517892,-0.16083448411035,0.0624151926446638,-4.80184700888773
"Clothes_No+Fur_Brown",2,8398,-0.0486885228359937,0.0528082019981489,-0.152192598752366,0.0548155530803782,-4.75222414294346
"Clothes_No+Fur_Brown",2,8399,-0.0485500531199222,0.0551420554070502,-0.15662848171774,0.0595283754778961,-4.73903429728807
"Clothes_No+Fur_Brown",2,8400,-0.0467921360034656,0.0613060735035156,-0.166952040070356,0.0733677680634249,-4.5714261376857
"Clothes_No+Fur_Brown",2,8401,-0.0481538085237295,0.0533837688862605,-0.1527859955408,0.056478378493341,-4.70128017496079
"Clothes_No+Fur_Brown",2,8402,-0.0498401646007222,0.0532170523425751,-0.154145587192169,0.054465257990725,-4.86185232130709
"Clothes_No+Fur_Brown",2,8403,-0.048796117669146,0.0520517205847278,-0.150817490015212,0.0532252546769205,-4.76247176018971
"Clothes_No+Fur_Brown",2,8404,-0.0589315990748922,0.0427531267117598,-0.142727727429941,0.0248645292801571,-5.72287466224195
"Clothes_No+Fur_Brown",2,8405,-0.055706281621612,0.0594569028199726,-0.172241811148758,0.0608292479055343,-5.41831010978538
"Clothes_No+Fur_Brown",2,8406,-0.053916694160499,0.047177697538326,-0.146384981335618,0.0385515930146199,-5.24889635835837
"Clothes_No+Fur_Brown",2,8407,-0.0454317992115483,0.0564878246371942,-0.156147935500449,0.0652843370773524,-4.44152280154917
"Clothes_No+Fur_Brown",2,8408,-0.0514173104922169,0.058272588724344,-0.165631584391931,0.0627969634074974,-5.01178079942378
"Clothes_No+Fur_Brown",2,8409,-0.0501016923572172,0.0529017968930669,-0.153789214267628,0.0535858295531939,-4.88673033433933
"Clothes_No+Fur_Brown",2,8410,-0.0492890652743825,0.0602630188806102,-0.167404582280379,0.0688264517316136,-4.80940730233218
"Clothes_No+Fur_Brown",2,8411,-0.0550666802034588,0.0376693656595512,-0.128898636896179,0.0187652764892616,-5.35779617646446
"Clothes_No+Fur_Brown",2,8412,-0.0569899624738959,0.0463591358341553,-0.14785386870884,0.0338739437610485,-5.53964491982626
"Clothes_No+Fur_Brown",2,8413,-0.0443139190655167,0.0550190663228385,-0.15215128905828,0.0635234509272468,-4.33464014723595
"Clothes_No+Fur_Brown",2,8414,-0.0598916003292061,0.0432217551040239,-0.144606240333093,0.0248230396746808,-5.81333739170488
"Clothes_No+Fur_Brown",2,8415,-0.0554664292213422,0.0458556452239861,-0.145343493860355,0.0344106354176705,-5.39562174362287
"Clothes_No+Fur_Brown",2,8416,-0.0561469683078171,0.0502370308971366,-0.154611548866205,0.0423176122505706,-5.45998181852076
"Clothes_No+Fur_Brown",2,8417,-0.0579077256437791,0.0452542425337592,-0.146606041009947,0.0307905897223889,-5.62629738542998
"Clothes_No+Fur_Brown",2,8418,-0.0594320968225751,0.0420867183107647,-0.141922064711674,0.0230578710665237,-5.77004834498579
"Clothes_No+Fur_Brown",2,8419,-0.0552253958605886,0.0463633676503648,-0.146097596455304,0.0356468047341263,-5.37281618404981
"Clothes_No+Fur_Brown",2,8420,-0.0603353270411545,0.043204971229039,-0.145017070650071,0.0243464165677619,-5.85512125881887
"Clothes_No+Fur_Brown",2,8421,-0.0521391451601792,0.0570705087422668,-0.163997342295022,0.0597190519746637,-5.08032184846199
"Clothes_No+Fur_Brown",2,8423,-0.0562205024138667,0.0430831992824928,-0.140663573007553,0.0282225681798192,-5.46693347864846
"Clothes_No+Fur_Brown",2,8425,-0.0569932352420975,0.0460600363858817,-0.147270906558426,0.0332844360742307,-5.5399540661668
"Clothes_No+Fur_Brown",2,8427,-0.0552528959545961,0.0486018851371085,-0.150512590823329,0.0400067989141365,-5.37541840471959
"Clothes_No+Fur_Brown",2,8428,-0.0570433995913889,0.0460166975733929,-0.147236126835239,0.0331493276524612,-5.54469247405454
"Clothes_No+Fur_Brown",2,8429,-0.0588876340204641,0.0470675684785905,-0.151140068238501,0.0333648001975732,-5.71872967217847
"Clothes_No+Fur_Brown",2,8430,-0.0532582706148585,0.0576991707012918,-0.16634864518939,0.0598321039596734,-5.18648945791351
"Clothes_No+Fur_Brown",2,8432,-0.0503368408573152,0.0589328896844227,-0.165845304638784,0.0651716229241532,-4.9090934476113
"Clothes_No+Fur_Brown",2,8433,-0.0572646326169711,0.0456860751313867,-0.146809339874489,0.0322800746405469,-5.56558679617852
"Clothes_No+Fur_Brown",2,8434,-0.055378662856758,0.0436822786078881,-0.140995928928219,0.0302386032147026,-5.38731829689322
"Clothes_No+Fur_Brown",2,8436,-0.0534278369365487,0.0554190956634522,-0.162049264436915,0.0551935905638176,-5.20256527314572
"Clothes_No+Fur_Brown",2,8438,-0.0496036558084526,0.0454997095890295,-0.13878308660295,0.0395757749860453,-4.83934865184789
"Clothes_No+Fur_Brown",2,8439,-0.0514519232471045,0.0571758922326836,-0.163516672023164,0.0606128255289554,-5.01506854647286
"Clothes_No+Fur_Brown",2,8440,-0.0570201511625891,0.0465681766141799,-0.148293777326382,0.0342534750012036,-5.54249651103651
"Clothes_No+Fur_Brown",2,8441,-0.0580303940233284,0.0479077200192608,-0.15192952526108,0.0358687372144227,-5.63787334458519
"Clothes_No+Fur_Brown",2,8442,-0.049959735294369,0.0584703902253181,-0.164561700135992,0.0646422295472544,-4.87322737554219
"Clothes_No+Fur_Brown",2,8443,-0.0575666913293931,0.0565656595299212,-0.168435384008039,0.0533020013492525,-5.59410722580023
"Clothes_No+Fur_Brown",2,8444,-0.0604678526654382,0.0449828787974863,-0.148634295108511,0.027698589777635,-5.8675970409485
"Clothes_No+Fur_Brown",2,8445,-0.0579689161228681,0.0438604835417637,-0.143935463864725,0.0279976316189887,-5.63207198082943
"Clothes_No+Fur_Brown",2,8447,-0.0589234521457725,0.0480383006787012,-0.153078521476027,0.0352316171844819,-5.72210659005551
"Clothes_No+Fur_Brown",2,8448,-0.0553295770389362,0.0455755965462367,-0.14465774626956,0.0339985921916878,-5.38267404205292
"Clothes_No+Fur_Brown",2,8449,-0.0474675697470944,0.0585603050977678,-0.162245767738719,0.0673106282445304,-4.6358600537085
"Clothes_No+Fur_Brown",2,8450,-0.050096556829295,0.0545020030727639,-0.156920482851912,0.0567273691933222,-4.88624187623293
"Clothes_No+Fur_Brown",2,8451,-0.0531101023677066,0.0478203021458167,-0.146837894573507,0.0406176898380941,-5.17244006543894
"Clothes_No+Fur_Brown",2,8452,-0.0497228711250713,0.055267997527192,-0.158048146278368,0.058602404028225,-4.85069258282941
"Clothes_No+Fur_Brown",2,8454,-0.0580966242692823,0.0461704220000827,-0.148590651389444,0.0323974028508797,-5.64412276448971
"Clothes_No+Fur_Brown",2,8455,-0.0491680330132984,0.0563705314009246,-0.159654274559111,0.0613182085325137,-4.79788547242155
"Clothes_No+Fur_Brown",2,8457,-0.0484297490918439,0.0573267065697954,-0.160790093968643,0.0639305957849552,-4.72757333000897
"Clothes_No+Fur_Brown",2,8458,-0.049252922493448,0.0609733311403449,-0.168760651528524,0.070254806541628,-4.80596678741877
"Clothes_No+Fur_Brown",2,8459,-0.0590020951913023,0.0489551993190403,-0.154954285856621,0.0369500954740166,-5.72952059918545
"Clothes_No+Fur_Brown",2,8461,-0.056377953914963,0.0459012546812498,-0.146344413090213,0.0335885052602867,-5.48181668015353
"Clothes_No+Fur_Brown",2,8463,-0.0543268051631491,0.0421765094358589,-0.136992763657433,0.0283391533311343,-5.28774686142113
"Clothes_No+Fur_Brown",2,8465,-0.0573340287087514,0.045733543087853,-0.146971773160943,0.0323037157434406,-5.57213994800024
"Clothes_No+Fur_Brown",2,8466,-0.0569702307309505,0.0482028959178108,-0.15144790672986,0.0375074452679586,-5.53778103399248
"Clothes_No+Fur_Brown",2,8467,-0.0531408083931175,0.0564263133033418,-0.163736382467667,0.0574547656814324,-5.17535179819984
"Clothes_No+Fur_Brown",2,8469,-0.0553495669340771,0.0459963685427525,-0.145502449277872,0.0348033154097178,-5.38456541357311
"Clothes_No+Fur_Brown",2,8470,-0.0462267402759516,0.0514663225394574,-0.147100732453288,0.0546472519013849,-4.51745597392891
"Clothes_No+Fur_Brown",2,8471,-0.0555243807502867,0.0478618936923215,-0.149333692387237,0.0382849308866634,-5.40110405313203
"Clothes_No+Fur_Brown",2,8472,-0.0544920734894369,0.0476270511142489,-0.147841093673365,0.038856946694491,-5.30339850358031
"Clothes_No+Fur_Brown",2,8474,-0.0547228170994975,0.0495726848272193,-0.151885279360847,0.0424396451618523,-5.32524661851668
"Clothes_No+Fur_Brown",2,8475,-0.0555930239049087,0.0431320876802935,-0.140131915758284,0.0289458679484665,-5.40759739690922
"Clothes_No+Fur_Brown",2,8476,-0.0578984405082645,0.0517841615214964,-0.159395397090398,0.0435985160738685,-5.62542110874402
"Clothes_No+Fur_Brown",2,8477,-0.0543421861387473,0.0481193010295877,-0.148656016156739,0.0399716438792446,-5.28920361707231
"Clothes_No+Fur_Brown",2,8478,-0.0540388339458311,0.0453067817955762,-0.14284012626516,0.0347624583734983,-5.26046853109139
"Clothes_No+Fur_Brown",2,8479,-0.0555582036165957,0.043499763318583,-0.140817739721018,0.029701332487827,-5.4043036048333
"Clothes_No+Fur_Brown",2,8481,-0.0568151031630728,0.043317486628306,-0.141717376954553,0.0280871706284069,-5.52312620305322
"Clothes_No+Fur_Brown",2,8482,-0.0542858769646677,0.0442033931607825,-0.140924527559802,0.0323527736304661,-5.2838703801979
"Clothes_No+Fur_Brown",2,8486,-0.0562914657889253,0.0485954036534553,-0.151538456949698,0.038955525371847,-5.47364162608425
"Clothes_No+Fur_Brown",2,8487,-0.0577748690921125,0.0479469431713885,-0.151750877708034,0.0362011395238089,-5.61375838780704
"Clothes_No+Fur_Brown",2,8488,-0.0586873290440302,0.0480356537673594,-0.152837210428055,0.0354625523399942,-5.6998427730405
"Clothes_No+Fur_Brown",2,8489,-0.0578104508363539,0.0463575621984314,-0.148671272745279,0.0330503710725716,-5.61711675516736
"Clothes_No+Fur_Brown",2,8490,-0.0543509750096147,0.0459148570907465,-0.144344094907478,0.0356421448882485,-5.29003601437354
"Clothes_No+Fur_Brown",2,8494,-0.0592778549541935,0.0474035029512112,-0.152188720738568,0.0336330108301804,-5.75551302023601
"Clothes_No+Fur_Brown",2,8495,-0.0573360236724887,0.0440800870058612,-0.143732994203977,0.0290609468589992,-5.57232832796893
"Clothes_No+Fur_Brown",2,8496,-0.0531795728854224,0.0466589918355786,-0.144631196883156,0.0382720511123117,-5.17902755630048
"Clothes_No+Fur_Brown",2,8499,-0.05256155666887,0.0437493313012064,-0.138310246019234,0.0331871326814945,-5.12040854577721
"Clothes_No+Fur_Brown",2,8500,-0.0561751181405135,0.0478356876590766,-0.149933065952304,0.0375828296712766,-5.46264306675867
"Clothes_No+Fur_Brown",2,8501,-0.0537901704279789,0.0450506319072495,-0.142089408966188,0.03450906811023,-5.23690733663333
"Clothes_No+Fur_Brown",2,8502,-0.0489742450499644,0.0534936755101547,-0.153821849049868,0.0558733589499388,-4.77943466082731
"Clothes_No+Fur_Brown",2,8503,-0.057732270112111,0.0440583030734292,-0.144086544136032,0.0286220039118102,-5.60973754454689
"Clothes_No+Fur_Brown",2,8504,-0.0558855829871783,0.0479958100603557,-0.149957370705476,0.0381862047311189,-5.43526721567872
"Clothes_No+Fur_Brown",2,8505,-0.0529869576258085,0.0474788726457522,-0.146045548011483,0.0400716327598657,-5.16076183100416
"Clothes_No+Fur_Brown",2,8506,-0.0546880526526669,0.0493022403692392,-0.151320443776376,0.0419443384710419,-5.3219552458755
"Clothes_No+Fur_Brown",2,8507,-0.055220571243296,0.0462721043352435,-0.145913895740373,0.0354727532537813,-5.3723596430011
"Clothes_No+Fur_Brown",2,8508,-0.0556391749206173,0.0436091465435577,-0.14111310214599,0.0298347523047557,-5.41196283163228
"Clothes_No+Fur_Brown",2,8510,-0.0544660855889283,0.0474390023514329,-0.147446530197737,0.0385143590198802,-5.30093750574417
"Clothes_No+Fur_Brown",2,8511,-0.0581271229614689,0.0460768341789565,-0.148437717952224,0.0321834720292859,-5.64700045146244
"Clothes_No+Fur_Brown",2,8512,-0.0569541166063474,0.046543133010956,-0.148178657307821,0.0342704240951264,-5.53625884576145
"Clothes_No+Fur_Brown",2,8513,-0.0568998054147424,0.046863697288125,-0.148752652099467,0.0349530412699827,-5.53112826809327
"Clothes_No+Fur_Brown",2,8514,-0.0565520296312903,0.0413989540799298,-0.137693979627953,0.024589920365372,-5.4982685686422
"Clothes_No+Fur_Brown",2,8515,-0.0550329225524665,0.0463711147010106,-0.145920307366447,0.0358544622615144,-5.3546012240519
"Clothes_No+Fur_Brown",2,8516,-0.0560679363370179,0.0449845555597626,-0.144237665234153,0.0321017925601169,-5.45250983930575
"Clothes_No+Fur_Brown",2,8517,-0.0563969104167223,0.0425522755907495,-0.139799370574591,0.0270055497411467,-5.48360839727952
"Clothes_No+Fur_Brown",2,8518,-0.05450384043429,0.0452438400487859,-0.14318176692991,0.0341740860613304,-5.30451278671202
"Clothes_No+Fur_Brown",2,8520,-0.0566301564887206,0.0455104572637355,-0.145830652725642,0.032570339748201,-5.50565140353806
"Clothes_No+Fur_Brown",2,8521,-0.0580770327329404,0.0448282685181641,-0.145940439028542,0.0297863735626612,-5.64227416978343
"Clothes_No+Fur_Brown",2,8523,-0.0596413906259724,0.0471987479791021,-0.152150936665013,0.0328681554130678,-5.78976802628608
"Clothes_No+Fur_Brown",2,8524,-0.0579027662661572,0.0438551781981579,-0.143858915534547,0.0280533830022323,-5.62582934944055
"Clothes_No+Fur_Brown",2,8525,-0.0533485622692899,0.0583334763967953,-0.167682176007009,0.0609850514684288,-5.19504994016694
"Clothes_No+Fur_Brown",2,8526,-0.0578206674777122,0.0436789937926122,-0.143431495311232,0.0277901603558077,-5.61808102631002
"Clothes_No+Fur_Brown",2,8529,-0.0548091886018629,0.0572150336440965,-0.166950654544292,0.0573322773405662,-5.33342346607392
"Clothes_No+Fur_Brown",2,8530,-0.058670794987281,0.0460975946725193,-0.149022080545419,0.0316804905708569,-5.69828359599972
"Clothes_No+Fur_Brown",2,8531,-0.0508466723160818,0.0611719622920173,-0.170743718408436,0.069050373776272,-4.9575614269142
"Clothes_No+Fur_Brown",2,8534,-0.0585239684270579,0.0420427461834207,-0.140927750946562,0.0238798140924468,-5.6844365828272
"Clothes_No+Fur_Brown",2,8535,-0.057846824993582,0.0436315155599379,-0.14336459549106,0.0276709455038963,-5.62054979056489
"Clothes_No+Fur_Brown",2,8536,-0.0546485942398408,0.0478441406432301,-0.148423109900572,0.0391259214208902,-5.31821932679379
"Clothes_No+Fur_Brown",2,8537,-0.0571138322977022,0.0465051724361286,-0.148263970272514,0.0340363056771099,-5.55134498270939
"Clothes_No+Fur_Brown",2,8538,-0.0556059715710589,0.0444770242323289,-0.142780939066424,0.0315689959243058,-5.40882213982968
"Clothes_No+Fur_Brown",2,8541,-0.0566215335468222,0.0454484710220438,-0.145700536750028,0.0324574696563837,-5.5048365807473
"Clothes_No+Fur_Brown",2,8542,-0.0536106919755929,0.0421141189535678,-0.136154365124586,0.0289329811734,-5.21989787704872
"Clothes_No+Fur_Brown",2,8543,-0.0546203242067535,0.0453207457302742,-0.143448985838091,0.034208337424584,-5.31554263188644
"Clothes_No+Fur_Brown",2,8544,-0.0572381001199475,0.0451694041425721,-0.145770132239389,0.0312939319994939,-5.56308118215132
"Clothes_No+Fur_Brown",2,8545,-0.0566617847649796,0.0459858493318648,-0.146794049455435,0.0334704799254753,-5.50864004963727
"Clothes_No+Fur_Brown",2,8546,-0.0484279817163996,0.0604683488137289,-0.166945945391308,0.0700899819585091,-4.72740494771275
"Clothes_No+Fur_Brown",2,8547,-0.0535685944320494,0.0444753504460045,-0.140740281306218,0.0336030924421194,-5.21590778358656
"Clothes_No+Fur_Brown",2,8549,-0.0522506989619174,0.0573476417764699,-0.164652076843798,0.0601506789199637,-5.09090990883938
"Clothes_No+Fur_Brown",2,8550,-0.0549954205749738,0.0499783121436308,-0.15295291237649,0.0429620712265426,-5.35105176788182
"Clothes_No+Fur_Brown",2,8551,-0.051559612769279,0.0559601895254526,-0.161241584239166,0.0581223587006082,-5.02529687760294
"Clothes_No+Fur_Brown",2,8552,-0.0534893105629474,0.0574182192019624,-0.166029020198794,0.0590503990728989,-5.20839263611528
"Clothes_No+Fur_Brown",2,8553,-0.0566998066684773,0.0485930147274226,-0.151942115534226,0.038542502197271,-5.5122327227061
"Clothes_No+Fur_Brown",2,8554,-0.0614637049243092,0.0484475881287818,-0.156420977656722,0.0334935678081031,-5.96129234598435
"Clothes_No+Fur_Brown",2,8556,-0.0629748229207121,0.0446145346050037,-0.150419310746519,0.0244696649050952,-6.1032886158989
"Clothes_No+Fur_Brown",2,8557,-0.0565204351013834,0.0486104967117526,-0.151797008656418,0.0387561384536517,-5.49528278369525
"Clothes_No+Fur_Brown",2,8558,-0.0516690291260103,0.0477225707013695,-0.145205267700695,0.041867209448674,-5.03568809510527
"Clothes_No+Fur_Brown",2,8560,-0.0581326397430226,0.0466897501705902,-0.149644550077379,0.0333792705913341,-5.64752097491408
"Clothes_No+Fur_Brown",2,8561,-0.0599335868690624,0.0460244444008746,-0.150141497894777,0.0302743241566517,-5.81729188075018
"Clothes_No+Fur_Brown",2,8562,-0.0596347651013382,0.0439886427575362,-0.145852504906109,0.0265829747034327,-5.78914383200554
"Clothes_No+Fur_Brown",2,8563,-0.0553552907550655,0.0429458532256915,-0.139529163077421,0.0288185815672898,-5.38510697383352
"Clothes_No+Fur_Brown",2,8564,-0.0439089943605647,0.0556659842598023,-0.153014323509777,0.0651963347886477,-4.29589503572642
"Clothes_No+Fur_Brown",2,8565,-0.0551800978518932,0.055495018739883,-0.163950334582064,0.0535901388782774,-5.36852966396981
"Clothes_No+Fur_Brown",2,8568,-0.0548406111242686,0.045687132796519,-0.144387391405446,0.0347061691569085,-5.33639808196091
"Clothes_No+Fur_Brown",2,8569,-0.0538898997397083,0.0450891798933291,-0.142264692330633,0.0344848928512168,-5.24635752340384
"Clothes_No+Fur_Brown",2,8570,-0.0539086256076769,0.0467298946439821,-0.145499219109882,0.037681967894528,-5.24813185098945
"Clothes_No+Fur_Brown",2,8572,-0.0472542053219868,0.0554187189955507,-0.155874894553266,0.0613664839092925,-4.61551056796201
"Clothes_No+Fur_Brown",2,8573,-0.0466944043787093,0.0578193179457592,-0.160020267552397,0.0666314587949787,-4.5620992923575
"Clothes_No+Fur_Brown",2,8574,-0.0486619986357753,0.0569998387522776,-0.160381682590239,0.0630576853186889,-4.74969773836098
"Clothes_No+Fur_Brown",2,8575,-0.0490754713947191,0.0587616276055211,-0.16424826150154,0.0660973187121021,-4.78907300276678
"Clothes_No+Fur_Brown",2,8576,-0.0490648561291503,0.0593249637717266,-0.165341785121734,0.0672120728634339,-4.78806230812725
"Clothes_No+Fur_Brown",2,8577,-0.0526720902954922,0.0573945133167956,-0.165165336396412,0.0598211558054271,-5.13089535153007
"Clothes_No+Fur_Brown",2,8578,-0.0488696715367935,0.0626065982940827,-0.171578604193196,0.0738392611196086,-4.76947659111757
"Clothes_No+Fur_Brown",2,8579,-0.051913577962841,0.0496357525999212,-0.149199653058687,0.0453724971330045,-5.05890866772432
"Clothes_No+Fur_Brown",2,8580,-0.0496461401603503,0.0549329880040886,-0.157314796648364,0.0580225163276634,-4.84339140456911
"Clothes_No+Fur_Brown",2,8581,-0.052449677143764,0.0590537458423536,-0.168195018994777,0.063295664707249,-5.10979286831567
"Clothes_No+Fur_Brown",2,8582,-0.0469143129449067,0.0581500247814918,-0.160888361516631,0.0670597356268172,-4.58308459675434
"Clothes_No+Fur_Brown",2,8583,-0.050686226637469,0.0530317519153859,-0.154628460391625,0.0532560071166874,-4.9423110549649
"Clothes_No+Fur_Brown",2,8584,-0.046927315373529,0.0563615940007634,-0.157396039615025,0.0635414088679673,-4.58432524032052
"Clothes_No+Fur_Brown",2,8585,-0.0500881450419926,0.0575010755901648,-0.162790253198716,0.0626139631147304,-4.88544179616502
"Clothes_No+Fur_Brown",2,8586,-0.0582846899732731,0.0465070680978812,-0.14943854344512,0.032869163498574,-5.66186620044948
"Clothes_No+Fur_Brown",2,8587,-0.0507907040263814,0.058625533749579,-0.165696750175556,0.0641153421227933,-4.95224191531771
"Clothes_No+Fur_Brown",2,8588,-0.0455405360647376,0.054768528627708,-0.152886852175045,0.0618057800455702,-4.45191296474822
"Clothes_No+Fur_Brown",2,8589,-0.0498777139513932,0.0592691109613259,-0.166045171435592,0.0662897435328055,-4.86542462990711
"Clothes_No+Fur_Brown",2,8590,-0.0497973272958137,0.0542802448909816,-0.156186607282138,0.0565919526905103,-4.8577767721744
"Clothes_No+Fur_Brown",2,8591,-0.0582641885995774,0.0474768434174987,-0.151318801697875,0.0347904244987202,-5.65993211928911
"Clothes_No+Fur_Brown",2,8592,-0.055105556763683,0.0459141282694374,-0.14509724817178,0.0348861346444143,-5.36147546828158
"Clothes_No+Fur_Brown",2,8593,-0.0564268207239104,0.046975159329517,-0.148498133009764,0.0356444915619428,-5.48643536930865
"Clothes_No+Fur_Brown",2,8594,-0.0524642287245352,0.0450842664114667,-0.14082939089101,0.0359009334419396,-5.11117366078275
"Clothes_No+Fur_Brown",2,8595,-0.049408909335974,0.061056179050785,-0.169079020275513,0.0702612016035646,-4.82081464602152
"Clothes_No+Fur_Brown",2,8596,-0.0561885121825076,0.0433263867437504,-0.141108230200258,0.0287312058352431,-5.46390929560746
"Clothes_No+Fur_Brown",2,8597,-0.0600545039364096,0.0481065713266044,-0.154343383736554,0.034234375863735,-5.82867948911879
"Clothes_No+Fur_Brown",2,8598,-0.0568418158902294,0.0466952476352152,-0.148364501255251,0.0346808694747924,-5.52564990429794
"Clothes_No+Fur_Brown",2,8599,-0.0583028974963767,0.0457749984386168,-0.148021894436066,0.0314160994433123,-5.66358384856308
"Clothes_No+Fur_Brown",2,8600,-0.0574457798179806,0.0448838900840322,-0.145418204382684,0.0305266447467225,-5.58269177650295
"Clothes_No+Fur_Brown",2,8601,-0.0560849947150061,0.0481624483575448,-0.150483393495794,0.0383134040657818,-5.45412265237472
"Clothes_No+Fur_Brown",2,8602,-0.0584718052897736,0.04342141152948,-0.143577771887554,0.0266341613080072,-5.67951665882641
"Clothes_No+Fur_Brown",2,8603,-0.0586525099919603,0.0435759014021495,-0.144061276740173,0.0267562567562527,-5.69655927379198
"Clothes_No+Fur_Brown",2,8605,-0.0522863187705129,0.0492512246384449,-0.148818719061865,0.0442460815208391,-5.09429049225418
"Clothes_No+Fur_Brown",2,8606,-0.0456747366780777,0.0572137626903707,-0.157813711551204,0.0664642381950488,-4.46473471626914
"Clothes_No+Fur_Brown",2,8608,-0.0548315551693944,0.0462194385141668,-0.145421654657161,0.0357585443183726,-5.33554080877201
"Clothes_No+Fur_Brown",2,8609,-0.0595943559415518,0.0440495625473454,-0.145931498534349,0.0267427866512453,-5.78533677354554
"Clothes_No+Fur_Brown",2,8610,-0.0605494445018729,0.0501420632405305,-0.158827888453313,0.0377289994495668,-5.87527716325205
"Clothes_No+Fur_Brown",2,8612,-0.0539209158912631,0.0431462538663332,-0.138487573469276,0.03064574168675,-5.24929637116316
"Clothes_No+Fur_Brown",2,8613,-0.0567153562129256,0.0455557541946525,-0.146004634434444,0.0325739220085932,-5.51370195302025
"Clothes_No+Fur_Brown",2,8614,-0.0543842768471293,0.0453098853366952,-0.143191652107052,0.0344230984127932,-5.29318997768854
"Clothes_No+Fur_Brown",2,8615,-0.0596649349667255,0.0425999385348507,-0.143160814495033,0.0238309445615819,-5.79198611797824
"Clothes_No+Fur_Brown",2,8616,-0.0626741944471969,0.0450226528722344,-0.150918594076776,0.0255702051823826,-6.07505634738814
"Clothes_No+Fur_Brown",2,8617,-0.0535279033057913,0.0459683940446685,-0.143625955633342,0.0365701490217591,-5.21205083365163
"Clothes_No+Fur_Brown",2,8618,-0.0569228291241923,0.0469670365600712,-0.148978220781932,0.0351325625335472,-5.53330326690972
"Clothes_No+Fur_Brown",2,8619,-0.0567342776570223,0.0461101258196681,-0.147110124263572,0.0336415689495272,-5.51548975331271
"Clothes_No+Fur_Brown",2,8620,-0.0535914114869395,0.0489724293906753,-0.149577373092663,0.0423945501187841,-5.2180704527484
"Clothes_No+Fur_Brown",2,8622,-0.0547374614840303,0.0447657734141567,-0.142478377375777,0.0330034544077168,-5.32663306185891
"Clothes_No+Fur_Brown",2,8623,-0.0559480141997487,0.0450221342271401,-0.144191397284943,0.032295368885446,-5.44117082232626
"Clothes_No+Fur_Brown",2,8625,-0.0547851974544827,0.0491696934135637,-0.151157796545068,0.0415874016361022,-5.33115227904023
"Clothes_No+Fur_Brown",2,8627,-0.0608375119997307,0.0496548088922729,-0.158160937428586,0.0364859134291242,-5.90238753165071
"Clothes_No+Fur_Brown",2,8628,-0.0581557468101046,0.0434736328242664,-0.143364067145667,0.0270525735254575,-5.64970115878735
"Clothes_No+Fur_Brown",2,8630,-0.0546985576171747,0.0456463754900052,-0.144165453577585,0.0347683383432355,-5.32294983015126
"Clothes_No+Fur_Brown",2,8631,-0.0575929545304873,0.0486252749189924,-0.152898493371712,0.0377125843107378,-5.59658659418841
"Clothes_No+Fur_Brown",2,8632,-0.0518239312989163,0.0514836551345208,-0.152731895362577,0.0490840327647444,-5.05039713410741
"Clothes_No+Fur_Brown",2,8634,-0.0556777311352283,0.0436667139051431,-0.141264490389309,0.0299090281188523,-5.41560971798746
"Clothes_No+Fur_Brown",2,8635,-0.0558430681506423,0.0454792924115679,-0.144982481277315,0.0332963449760308,-5.4312467260577
"Clothes_No+Fur_Brown",2,8636,-0.0552904028341043,0.0430871692031031,-0.139741254472186,0.0291604488039777,-5.37896741094351
"Clothes_No+Fur_Brown",2,8637,-0.0537638648547594,0.0467119902915217,-0.145319365826142,0.0377916361166232,-5.23441450637324
"Clothes_No+Fur_Brown",2,8638,-0.0539593442824933,0.0466835770059065,-0.14545915521407,0.0375404666490834,-5.25293741831131
"Clothes_No+Fur_Brown",2,8639,-0.0566575143058066,0.0434730729494879,-0.141864737286803,0.0285497086751897,-5.50823652728079
"Clothes_No+Fur_Brown",2,8640,-0.0581514001075555,0.0423067588260966,-0.141072647406705,0.0247698471915938,-5.64929104521154
"Clothes_No+Fur_Brown",2,8642,-0.0554033137414142,0.0477199278531394,-0.148934372333567,0.0381277448507391,-5.38965055445068
"Clothes_No+Fur_Brown",2,8643,-0.0562727360883779,0.0469641070971285,-0.14832238599875,0.035776913821994,-5.47187115911796
"Clothes_No+Fur_Brown",2,8644,-0.0587394772517815,0.0453801155573854,-0.147684503744257,0.0302055492406938,-5.70476022901117
"Clothes_No+Fur_Brown",2,8645,-0.0467245052124845,0.0531988124059604,-0.150994177528167,0.057545167103198,-4.56497200950674
"Clothes_No+Fur_Brown",2,8647,-0.0560805592868044,0.045669343263074,-0.145592472082429,0.0334313535088206,-5.45370329999397
"Clothes_No+Fur_Brown",2,8648,-0.0560393745287156,0.0443821026498142,-0.143028295722351,0.0309495466649202,-5.44980935345112
"Clothes_No+Fur_Brown",2,8649,-0.0568808476266543,0.044155345948313,-0.143425325685348,0.0296636304320392,-5.52933733026599
"Clothes_No+Fur_Brown",2,8650,-0.0518058405836792,0.0537820175344803,-0.15721859495126,0.0536069137839021,-5.04867941234273
"Clothes_No+Fur_Brown",2,8651,-0.0581079427541431,0.0489208841716951,-0.153992875730665,0.0377769902223792,-5.64519072401387
"Clothes_No+Fur_Brown",2,8652,-0.0493245767429357,0.0573847371252504,-0.161798661508427,0.063149508022555,-4.8127876000513
"Clothes_No+Fur_Brown",2,8653,-0.0484192230611929,0.0538170096044536,-0.153900561885922,0.0570621157635362,-4.72657048424766
"Clothes_No+Fur_Brown",2,8654,-0.048802089203826,0.0559301539553586,-0.158425190956329,0.0608210125486768,-4.76304047269438
"Clothes_No+Fur_Brown",2,8655,-0.0561358750907891,0.0447239932375694,-0.143794901836425,0.0315231516548468,-5.4589330597642
"Clothes_No+Fur_Brown",2,8656,-0.0562039708879367,0.0564691733644713,-0.166883550682301,0.0544756089064271,-5.46537068989041
"Clothes_No+Fur_Brown",2,8657,-0.0583882387653766,0.0466916424609489,-0.149903857988836,0.0331273804580833,-5.67163429450783
"Clothes_No+Fur_Brown",2,8658,-0.048484309033939,0.054063851540349,-0.154449458053023,0.057480839985145,-4.73277124629105
"Clothes_No+Fur_Brown",2,8659,-0.0563742835519882,0.0436689834230697,-0.141965491061205,0.0292169239572285,-5.48146976347637
"Clothes_No+Fur_Brown",2,8660,-0.0510828092225056,0.0584191598753976,-0.165584362578285,0.0634187441332737,-4.98000180473285
"Clothes_No+Fur_Brown",2,8661,-0.0487576624092309,0.0552378937124421,-0.157023934085617,0.0595086092671556,-4.75880930586771
"Clothes_No+Fur_Brown",2,8662,-0.0595782630150085,0.041061570824135,-0.140058941830313,0.0209024158002961,-5.7838205716909
"Clothes_No+Fur_Brown",2,8663,-0.0550372399798617,0.0409221938165872,-0.135244739860373,0.0251702599006492,-5.35500984780731
"Clothes_No+Fur_Brown",2,8664,-0.0555910813470217,0.050907616561307,-0.155370009807183,0.04418784711314,-5.40741364551303
"Clothes_No+Fur_Brown",2,8665,-0.056123958917522,0.049236436958441,-0.152627375356066,0.0403794575210225,-5.45780648531746
"Clothes_No+Fur_Brown",2,8667,-0.0558174863014161,0.0473169473345934,-0.148558703077219,0.0369237304743869,-5.42882745152531
"Clothes_No+Fur_Brown",2,8668,-0.0567168858689269,0.0456845973634565,-0.146258696701302,0.0328249249634478,-5.51384648444254
"Clothes_No+Fur_Brown",2,8669,-0.0481427238155731,0.0549777641370742,-0.155899141524239,0.0596136938930924,-4.70022381060911
"Clothes_No+Fur_Brown",2,8670,-0.0510530215187965,0.0555158546542133,-0.159864096641055,0.0577580536034615,-4.97717133502379
"Clothes_No+Fur_Brown",2,8671,-0.0531746237764759,0.047229135108589,-0.14574372858931,0.0393944810363585,-5.17855827581618
"Clothes_No+Fur_Brown",2,8672,-0.0569974999065875,0.0411403193985515,-0.137632525927748,0.0236375261145735,-5.54035690571143
"Clothes_No+Fur_Brown",2,8673,-0.0580329468202087,0.0455172290624951,-0.147246715782699,0.0311808221422817,-5.63811423162026
"Clothes_No+Fur_Brown",2,8675,-0.0537195888507437,0.045535292313171,-0.142968761784559,0.0355295840830714,-5.23021857204046
"Clothes_No+Fur_Brown",2,8676,-0.0564550695594584,0.0450656097462467,-0.144783664662102,0.031873525543185,-5.48910522974256
"Clothes_No+Fur_Brown",2,8677,-0.0593541678909795,0.0476555562688266,-0.15275905817788,0.0340507223959206,-5.76270481939618
"Clothes_No+Fur_Brown",2,8678,-0.0554605491384169,0.0461472198431698,-0.14590910003103,0.0349880017541958,-5.39506546039813
"Clothes_No+Fur_Brown",2,8679,-0.0538744185998477,0.0441042734744601,-0.140318794609789,0.032569957410094,-5.24489061765772
"Clothes_No+Fur_Brown",2,8680,-0.0597879205636896,0.0486625511833627,-0.15516652088308,0.0355906797557013,-5.80357163436389
"Clothes_No+Fur_Brown",2,8681,-0.0556045549414384,0.0451910739695681,-0.144179059921792,0.032969950038915,-5.40868813907037
"Clothes_No+Fur_Brown",2,8682,-0.0563842098836351,0.0473816547003649,-0.14925225309635,0.0364838333290801,-5.48240798109774
"Clothes_No+Fur_Brown",2,8684,-0.05382537271851,0.0548651773199677,-0.161361120265647,0.0537103748286268,-5.24024315583831
"Clothes_No+Fur_Brown",2,8685,-0.0564589316564541,0.0474303408250942,-0.149422399673639,0.0365045363607306,-5.48947023928046
"Clothes_No+Fur_Brown",2,8686,-0.0577854866964346,0.0475007291709349,-0.150886915871467,0.0353159424785977,-5.6147605382537
"Clothes_No+Fur_Brown",2,8687,-0.0533846200711773,0.0434181327707502,-0.138484160301848,0.0317149201594932,-5.19846833664384
"Clothes_No+Fur_Brown",2,8688,-0.0522776406900838,0.0552053700436443,-0.160480165975627,0.055924884595459,-5.09346688930025
"Clothes_No+Fur_Brown",2,8689,-0.0597145000637058,0.0481075227451539,-0.154005244644207,0.0345762445167958,-5.79665543160418
"Clothes_No+Fur_Brown",2,8690,-0.0572063302628139,0.0462070161711662,-0.1477720819583,0.0333594214326718,-5.56008088707312
"Clothes_No+Fur_Brown",2,8691,-0.0576090921653386,0.0480726955786207,-0.151831575499435,0.036613391168758,-5.59811002971032
"Clothes_No+Fur_Brown",2,8692,-0.0585282021287597,0.0475066190381442,-0.151641175443522,0.0345847711860029,-5.68483588594328
"Clothes_No+Fur_Brown",2,8693,-0.04905905588381,0.0530975403117914,-0.153130234894921,0.0550121231273011,-4.78751005392771
"Clothes_No+Fur_Brown",2,8694,-0.0503150659703618,0.0555015392620925,-0.159098082924063,0.0584679509833395,-4.90702283132719
"Clothes_No+Fur_Brown",2,8695,-0.052896273641082,0.0520022037889258,-0.154820593067376,0.0490280457852126,-5.1521610410075
"Clothes_No+Fur_Brown",2,8696,-0.0546549430725044,0.0409111532133711,-0.134840803370712,0.025530917225703,-5.31882044366737
"Clothes_No+Fur_Brown",2,8697,-0.0556145095158812,0.0483960951618096,-0.150470856033028,0.0392418370012657,-5.40962975063924
"Clothes_No+Fur_Brown",2,8698,-0.0530463109834685,0.0465559251273632,-0.1442959242331,0.0382033022661633,-5.16639069117988
"Clothes_No+Fur_Brown",2,8699,-0.0574037877725373,0.0469526685311829,-0.149431018093656,0.0346234425485813,-5.5787269173597
"Clothes_No+Fur_Brown",2,8700,-0.0581603907157643,0.0447649714705709,-0.145899734798083,0.0295789533665547,-5.65013931165675
"Clothes_No+Fur_Brown",2,8701,-0.0586616707369287,0.0416525228316874,-0.140300615487036,0.0229772740131786,-5.69742315960519
"Clothes_No+Fur_Brown",2,8702,-0.0581487805641724,0.0474193154005019,-0.151090638749156,0.0347930776208113,-5.64904388911248
"Clothes_No+Fur_Brown",2,8703,-0.0522872574466813,0.0517368289528537,-0.153691442194274,0.0491169273009119,-5.09437957794013
"Clothes_No+Fur_Brown",2,8704,-0.0574979847155968,0.0457851754797078,-0.147236928655824,0.0322409592246304,-5.58762069375403
"Clothes_No+Fur_Brown",2,8705,-0.0591919509192295,0.0449660943015499,-0.147325495750267,0.0289415939118084,-5.74741669078263
"Clothes_No+Fur_Brown",2,8706,-0.0484520883155087,0.0550877510268766,-0.156424080328187,0.0595199036971695,-4.7297016182852
"Clothes_No+Fur_Brown",2,8708,-0.0604625242772398,0.0457679487487756,-0.15016770382484,0.0292426552703604,-5.86709546562719
"Clothes_No+Fur_Brown",2,8710,-0.0486853434427038,0.055656661103048,-0.157772399204678,0.0604017123192702,-4.75192131232262
"Clothes_No+Fur_Brown",2,8711,-0.052100959010309,0.0563608571773612,-0.162568239077937,0.058366321057319,-5.07669716220049
"Clothes_No+Fur_Brown",2,8712,-0.0560208000029907,0.046808210785017,-0.147764893141624,0.0357232931356425,-5.44805311219204
"Clothes_No+Fur_Brown",2,8713,-0.0562429132725052,0.0499848499535835,-0.154213219181529,0.0417273926365185,-5.46905202209965
"Clothes_No+Fur_Brown",2,8714,-0.0562931581722513,0.0478444756655232,-0.150068330476677,0.0374820141321742,-5.47380160078166
"Clothes_No+Fur_Brown",2,8717,-0.0454388456127736,0.0640851649816441,-0.171045768976796,0.0801680777512488,-4.44219614254766
"Clothes_No+Fur_Brown",2,8718,-0.0565618417734021,0.0473610717970733,-0.149389542495666,0.0362658589488615,-5.4991958285116
"Clothes_No+Fur_Brown",2,8719,-0.0495881436959116,0.0593705365951709,-0.165954395422447,0.0667781080306233,-4.8378724976656
"Clothes_No+Fur_Brown",2,8721,-0.053476085169123,0.049236761132861,-0.149980136989531,0.0430279666512847,-5.20713897148655
"Clothes_No+Fur_Brown",2,8722,-0.0592812829166578,0.0460817651429301,-0.149601542596801,0.0310389767634851,-5.75583608624611
"Clothes_No+Fur_Brown",2,8723,-0.0543468037909254,0.0554959143636284,-0.163118795943637,0.0544251883617862,-5.28964095757778
"Clothes_No+Fur_Brown",2,8724,-0.0559881966713559,0.0449648314811514,-0.144119266374413,0.0321428730317008,-5.44497035345711
"Clothes_No+Fur_Brown",2,8726,-0.0485834643233407,0.0582669225672748,-0.162786632555199,0.0656197039085179,-4.74221702762129
"Clothes_No+Fur_Brown",2,8729,-0.0461608126750629,0.0526542812197398,-0.149363203865753,0.0570415785156272,-4.51116083136498
"Clothes_No+Fur_Brown",2,8730,-0.0566803646625563,0.0454761752149642,-0.145813668083886,0.0324529387587736,-5.51039567311732
"Clothes_No+Fur_Brown",2,8731,-0.0552777058703471,0.0456181172398494,-0.144689215660452,0.0341338039197577,-5.37776600349497
"Clothes_No+Fur_Brown",2,8732,-0.0597058822058943,0.0448840285006415,-0.147678578067152,0.028266813655363,-5.79584359707719
"Clothes_No+Fur_Brown",2,8733,-0.0559393396821712,0.048402478168578,-0.150808196892584,0.0389295175282418,-5.44035056654278
"Clothes_No+Fur_Brown",2,8734,-0.0565943661119636,0.0500751077063264,-0.154741577216363,0.0415528449924361,-5.50226935467833
"Clothes_No+Fur_Brown",2,8735,-0.0556187628361888,0.046144731652859,-0.146062436875792,0.0348249112034148,-5.41003207292634
"Clothes_No+Fur_Brown",2,8737,-0.0592729547575187,0.0494329317665017,-0.156161501019862,0.0376155915048246,-5.7550512025828
"Clothes_No+Fur_Brown",2,8738,-0.0599281825647962,0.0446243779620576,-0.147391963370429,0.0275355982408367,-5.8167828873635
"Clothes_No+Fur_Brown",2,8739,-0.0557891236884685,0.0475778504836114,-0.149041710636347,0.0374634632594098,-5.42614512792364
"Clothes_No+Fur_Brown",2,8740,-0.0567875896962661,0.047808749830402,-0.150492739363854,0.0369175599713219,-5.52052678096261
"Clothes_No+Fur_Brown",2,8741,-0.0501493564545439,0.0555554218198081,-0.159037983221368,0.0587392703122799,-4.89126371444114
"Clothes_No+Fur_Brown",2,8742,-0.0579228384226109,0.0488697536324681,-0.153707555542248,0.0378618786970266,-5.62772362354789
"Clothes_No+Fur_Brown",2,8743,-0.0468011514026744,0.0567805423019375,-0.158091014314472,0.0644887115091231,-4.5722864604969
"Clothes_No+Fur_Brown",2,8745,-0.0503168029949784,0.0526929891529742,-0.153595061734808,0.0529614557448511,-4.90718801002594
"Clothes_No+Fur_Brown",2,8746,-0.0556714194103509,0.0455367519168573,-0.144923453167391,0.0335806143466893,-5.41501272545427
"Clothes_No+Fur_Brown",2,8748,-0.0493223974047808,0.057065531506199,-0.161170839156931,0.0625260443473693,-4.81258015470142
"Clothes_No+Fur_Brown",2,8750,-0.0508144941172222,0.0545721919608082,-0.157775990360406,0.0561470021259619,-4.95450308321996
"Clothes_No+Fur_Brown",2,8751,-0.0597558010554891,0.0473291649696595,-0.152520964396022,0.0330093622850435,-5.80054604282055
"Clothes_No+Fur_Brown",2,8752,-0.0569401320645212,0.047233979773882,-0.14951873242133,0.0356384682922875,-5.53493780438516
"Clothes_No+Fur_Brown",2,8753,-0.0568321060465166,0.0488319140851195,-0.152542657653351,0.0388784455603175,-5.52473256867005
"Clothes_No+Fur_Brown",2,8755,-0.053883680659602,0.0450497899293595,-0.142181268921147,0.0344139076019427,-5.24576824107853
"Clothes_No+Fur_Brown",2,8756,-0.0590558897293401,0.0481653043588605,-0.153459886272707,0.0353481068140265,-5.73459169967544
"Clothes_No+Fur_Brown",2,8757,-0.0545007575129445,0.0446245644774205,-0.141964903888689,0.0329633888627997,-5.30422084752317
"Clothes_No+Fur_Brown",2,8758,-0.0576868978356859,0.0479715879807446,-0.151711210277945,0.0363374146065735,-5.6054547463075
"Clothes_No+Fur_Brown",2,8759,-0.055313686289608,0.0446461058948416,-0.142820053843498,0.0321926812642816,-5.38117048989776
"Clothes_No+Fur_Brown",2,8760,-0.0547645473117685,0.0437079381245888,-0.140432106035963,0.0309030114124256,-5.32919733363932
"Clothes_No+Fur_Brown",2,8761,-0.0537510695170963,0.0508359510827938,-0.153389533639372,0.0458873946051795,-5.23320194095044
"Clothes_No+Fur_Brown",2,8762,-0.053527367476817,0.0449415865773181,-0.14161287716836,0.0345581422147264,-5.21200004350846
"Clothes_No+Fur_Brown",2,8763,-0.0546069472937942,0.0468964374495846,-0.14652396469498,0.0373100701073917,-5.31427603767009
"Clothes_No+Fur_Brown",2,8764,-0.0500489303212127,0.0616560200019495,-0.170894729525034,0.0707968688826084,-4.8817118321887
"Clothes_No+Fur_Brown",2,8765,-0.0483544188049233,0.0500217074503583,-0.146396965407626,0.049688127797779,-4.72039616044657
"Clothes_No+Fur_Brown",2,8766,-0.0519835511042579,0.0567065658533515,-0.163128420176827,0.059161317968311,-5.06555176171259
"Clothes_No+Fur_Brown",2,8767,-0.0496275793927874,0.0566685652294527,-0.160697967242515,0.0614428084569398,-4.84162520848397
"Clothes_No+Fur_Brown",2,8769,-0.0487937609834085,0.0564769015350547,-0.159488487992116,0.0619009660252987,-4.76224731500076
"Clothes_No+Fur_Brown",2,8770,-0.0507963746989453,0.0482038370494346,-0.145275895315837,0.0436831459179466,-4.95278089850355
"Clothes_No+Fur_Brown",2,8772,-0.0516368470454924,0.0520511061907262,-0.153657015179316,0.0503833210883311,-5.03263189679608
"Clothes_No+Fur_Brown",2,8774,-0.0484005751447747,0.0563565430040703,-0.158859399432753,0.0620582491432031,-4.72479381673165
"Clothes_No+Fur_Brown",2,8775,-0.0526991838304247,0.0564439405734691,-0.163329307354424,0.0579309396935746,-5.1334656561114
"Clothes_No+Fur_Brown",2,8776,-0.0530795228100265,0.0551196624702819,-0.161114061251779,0.054955015631726,-5.16954023626275
"Clothes_No+Fur_Brown",2,8777,-0.0513907738314342,0.0534314974682721,-0.156116508869248,0.0533349612063792,-5.00926009582712
"Clothes_No+Fur_Brown",2,8778,-0.0539895890316567,0.0539447319311594,-0.159721263616729,0.0517420855534157,-5.25580297611881
"Clothes_No+Fur_Brown",2,8779,-0.0489746330000354,0.0588828160390771,-0.164384952436627,0.0664356864365557,-4.77947160164522
"Clothes_No+Fur_Brown",2,8780,-0.0473170023473608,0.0547578420394822,-0.154642372744746,0.0600083680500244,-4.62150024209633
"Clothes_No+Fur_Brown",2,8781,-0.0482511878112549,0.0588502075177419,-0.163597594546029,0.0670952189235192,-4.71055984456829
"Clothes_No+Fur_Brown",2,8782,-0.0474499101827912,0.0574594339995534,-0.160070400821916,0.0651705804563334,-4.63417594967667
"Clothes_No+Fur_Brown",2,8783,-0.0500050799340328,0.0535709582620219,-0.155004158127596,0.0549939982595302,-4.8775407669739
"Clothes_No+Fur_Brown",2,8784,-0.0514003805932075,0.0545393212384834,-0.158297450220635,0.0554966890342199,-5.01017264485273
"Clothes_No+Fur_Brown",2,8785,-0.0479286112367352,0.0622264273652764,-0.169892408872677,0.0740351863992064,-4.67981674513978
"Clothes_No+Fur_Brown",2,8786,-0.0580912445913811,0.049320589010843,-0.154759599052633,0.0385771098698712,-5.64361515889672
"Clothes_No+Fur_Brown",2,8787,-0.0502886459530394,0.0620782091785852,-0.171961935943066,0.0713846440369877,-4.90451044003458
"Clothes_No+Fur_Brown",2,8788,-0.0576491214629813,0.0449760452869037,-0.145802170225313,0.03050392729935,-5.6018887954308
"Clothes_No+Fur_Brown",2,8789,-0.0499618814050312,0.045217945912907,-0.138589055394329,0.0386652925842665,-4.87343152790412
"Clothes_No+Fur_Brown",2,8790,-0.0490092859361191,0.0532583472436334,-0.153395646533641,0.0553770746614023,-4.78277121535868
"Clothes_No+Fur_Brown",2,8791,-0.0518667253259737,0.0485210326838576,-0.146967949386335,0.0432344987343871,-5.05446032304081
"Clothes_No+Fur_Brown",2,8792,-0.0440614771893202,0.0520047144840767,-0.145990717578111,0.0578677631994701,-4.31048715582273
"Clothes_No+Fur_Brown",2,8793,-0.0495923467605795,0.055973737377059,-0.159300872019615,0.0601161784984561,-4.83827246940087
"Clothes_No+Fur_Brown",2,8794,-0.058291489210032,0.046893021771311,-0.150201811881802,0.0336188334617376,-5.66250762557599
"Clothes_No+Fur_Brown",2,8795,-0.0518910947477121,0.0593817195511948,-0.168279265068054,0.0644970755726298,-5.05677406274702
"Clothes_No+Fur_Brown",2,8796,-0.0502066841912306,0.0566758004424399,-0.161291253058413,0.0608778846759517,-4.89671592674853
"Clothes_No+Fur_Brown",2,8797,-0.0587035694910052,0.0470033725186211,-0.150830179627503,0.0334230406454921,-5.70137423730781
"Clothes_No+Fur_Brown",2,8798,-0.0574631988535511,0.0444240531594782,-0.144534343046128,0.0296079453390262,-5.58433642062925
"Clothes_No+Fur_Brown",2,8799,-0.0493440248024258,0.0549803605351976,-0.157105531451413,0.0584174818465615,-4.81463878861969
"Clothes_No+Fur_Brown",2,8800,-0.0500352693938114,0.0545498664470514,-0.156953007630032,0.0568824688424094,-4.88041241928392
"Clothes_No+Fur_Brown",2,8801,-0.0551270112986774,0.0459188183605624,-0.14512789528538,0.0348738726880249,-5.36350587203721
"Clothes_No+Fur_Brown",2,8802,-0.0490567236730402,0.062399175280474,-0.171359107222769,0.073245659876689,-4.7872879980743
"Clothes_No+Fur_Brown",2,8803,-0.0504084584651409,0.0591920136099968,-0.166424805140734,0.0656078882104528,-4.91590338700586
"Clothes_No+Fur_Brown",2,8804,-0.0558418729214112,0.0488736775590482,-0.151634280937146,0.0399505350943233,-5.43113369465188
"Clothes_No+Fur_Brown",2,8805,-0.0456300987829845,0.0577211841875378,-0.158763619790559,0.0675034222245895,-4.46047012793928
"Clothes_No+Fur_Brown",2,8806,-0.0557287504487547,0.0441223189080702,-0.142208495508572,0.0307509946110629,-5.42043522555187
"Clothes_No+Fur_Brown",2,8807,-0.0550983436467647,0.0447697195365975,-0.142846993938496,0.0326503066449665,-5.36079282707718
"Clothes_No+Fur_Brown",2,8808,-0.0561864461323635,0.0560970316076976,-0.166136628083451,0.0537637358187237,-5.46371397910187
"Clothes_No+Fur_Brown",2,8809,-0.0520785329185359,0.0564748991934629,-0.162769335337723,0.0586122695006513,-5.07456837962961
"Clothes_No+Fur_Brown",2,8810,-0.0528029710937011,0.0559148567494725,-0.162396090322667,0.0567901481352651,-5.14331108316367
"Clothes_No+Fur_Brown",2,8811,-0.050486530215926,0.0571089807751134,-0.162420132535148,0.0614470721032964,-4.92332647912959
"Clothes_No+Fur_Brown",2,8812,-0.0545528168302925,0.0429651780533787,-0.138764565814915,0.0296589321543297,-5.30915051682286
"Clothes_No+Fur_Brown",2,8813,-0.0504156315938171,0.0538161187257028,-0.155895224296195,0.0550639611085604,-4.91658543501973
"Clothes_No+Fur_Brown",2,8814,-0.0510326116083828,0.0581104888122738,-0.16492916968044,0.0628639464636739,-4.97523190781177
"Clothes_No+Fur_Brown",2,8815,-0.052826536819465,0.0466279310794727,-0.144217281735231,0.0385642080963016,-5.14554642354273
"Clothes_No+Fur_Brown",2,8817,-0.0557482726835424,0.0445443950006092,-0.143055286884736,0.0315587415176516,-5.42228161199866
"Clothes_No+Fur_Brown",2,8819,-0.0544048789968298,0.0469885063667169,-0.146502351475595,0.0376925934819353,-5.29514112146733
"Clothes_No+Fur_Brown",2,8820,-0.057139747079728,0.0467119234284886,-0.148695116999566,0.0344156228401097,-5.55379256730235
"Clothes_No+Fur_Brown",2,8821,-0.0539724182999685,0.0472289159098271,-0.14654109348323,0.0385962568832926,-5.2541761349657
"Clothes_No+Fur_Brown",2,8822,-0.0571069801971084,0.0488034216391696,-0.152761686609881,0.0385477262156641,-5.55069780880701
"Clothes_No+Fur_Brown",2,8823,-0.05325712003914,0.046288016696014,-0.143981632763327,0.0374673926850474,-5.18638036772774
"Clothes_No+Fur_Brown",2,8824,-0.058029482426807,0.0423386752396395,-0.1410132858965,0.0249543210428865,-5.63778732435956
"Clothes_No+Fur_Brown",2,8825,-0.0489982005481652,0.0563223259039873,-0.15938995931998,0.0613935582236499,-4.78171568958726
"Clothes_No+Fur_Brown",2,8826,-0.0512083217666226,0.0498048929807738,-0.148825912008939,0.0464092684756939,-4.99192725803569
"Clothes_No+Fur_Brown",2,8827,-0.0550037696799767,0.0522938413671659,-0.157499698759622,0.0474921593996685,-5.35184199859017
"Clothes_No+Fur_Brown",2,8828,-0.047657571944043,0.0548361132699142,-0.155136353953075,0.0598212100649888,-4.65397772855488
"Clothes_No+Fur_Brown",2,8829,-0.0500665814239853,0.0581898353257222,-0.164118658662401,0.0639854958144302,-4.88339076005119
"Clothes_No+Fur_Brown",2,8830,-0.0516829478900574,0.0562067074710636,-0.161848094533342,0.0584821987532273,-5.03700987175681
"Clothes_No+Fur_Brown",2,8831,-0.0493470607099247,0.0568535271366268,-0.160779973897713,0.0620858524778639,-4.81492776213291
"Clothes_No+Fur_Brown",2,8832,-0.0495552743687654,0.0544573609249783,-0.156291701781723,0.0571811530441921,-4.834744531158
"Clothes_No+Fur_Brown",2,8833,-0.0516347417826533,0.0516719632820829,-0.152911789815536,0.0496423062502291,-5.03243196531463
"Clothes_No+Fur_Brown",2,8834,-0.0518743975674708,0.0569741420962719,-0.163543716076164,0.0597949209412221,-5.05518876535588
"Clothes_No+Fur_Brown",2,8835,-0.0481800581247892,0.0529225934229516,-0.151908341233774,0.055548224984196,-4.70378169550558
"Clothes_No+Fur_Brown",2,8836,-0.0515694687259396,0.0533456242413481,-0.156126892238982,0.0529879547871026,-5.02623293954787
"Clothes_No+Fur_Brown",2,8837,-0.0526959790553416,0.0606464778932256,-0.171563075726064,0.0661711176153806,-5.13316162971875
"Clothes_No+Fur_Brown",2,8838,-0.050772034825134,0.0591803389711807,-0.166765499208648,0.0652214295583801,-4.95046743302988
"Clothes_No+Fur_Brown",2,8839,-0.0520994072491675,0.0549116627251779,-0.159726266190516,0.0555274516921811,-5.07654986379344
"Clothes_No+Fur_Brown",2,8840,-0.0508295223477808,0.0588635465075166,-0.166202073502513,0.0645430288069518,-4.95593143812834
"Clothes_No+Fur_Brown",2,8841,-0.048572509769101,0.053108951523292,-0.152666054754753,0.0555210352165513,-4.74117351535537
"Clothes_No+Fur_Brown",2,8842,-0.0494690997185997,0.0612456408950928,-0.169510555872981,0.0705723564357822,-4.82654334519795
"Clothes_No+Fur_Brown",2,8843,-0.050399444009889,0.0551261052308269,-0.15844661026231,0.0576477222425318,-4.91504625180849
"Clothes_No+Fur_Brown",2,8845,-0.0576578664179582,0.0447380560945257,-0.145344456363229,0.0300287235273122,-5.60271429905369
"Clothes_No+Fur_Brown",2,8849,-0.0576347863924617,0.0506004812856617,-0.156811729712359,0.0415421569274351,-5.60053558215059
"Clothes_No+Fur_Brown",2,8850,-0.0583876188460919,0.046959745032847,-0.150428719110472,0.0336534814182883,-5.67157581851672
"Clothes_No+Fur_Brown",2,8851,-0.060436591542952,0.0492328518499691,-0.156932981168891,0.0360597980829874,-5.8646543103734
"Clothes_No+Fur_Brown",2,8852,-0.059870618251253,0.0480058121666648,-0.153962010097916,0.0342207735954099,-5.81136113907501
"Clothes_No+Fur_Brown",2,8854,-0.0634394443090723,0.0482018887493767,-0.157915146257851,0.0310362576397061,-6.14690490299008
"Clothes_No+Fur_Brown",2,8855,-0.057130271148758,0.0484197008694688,-0.152032884852917,0.037772342555401,-5.55289759732001
"Clothes_No+Fur_Brown",2,8856,-0.0576076453605269,0.0460201116580656,-0.147807064210335,0.0325917734892816,-5.59797344850287
"Clothes_No+Fur_Brown",2,8857,-0.0588664675624626,0.0477318068115991,-0.152420808913197,0.0346878737882717,-5.71673405050969
"Clothes_No+Fur_Brown",2,8858,-0.0583725174893812,0.0441949936617009,-0.144994705066315,0.0282496700875525,-5.67015132057929
"Clothes_No+Fur_Brown",2,8860,-0.0586085161838726,0.0471963739417592,-0.151113409109721,0.0338963767419753,-5.69241041505728
"Clothes_No+Fur_Brown",2,8861,-0.0580070665642549,0.0448393292297557,-0.145892151854576,0.0298780187260662,-5.6356720902628
"Clothes_No+Fur_Brown",2,8862,-0.0541876728804147,0.0439143961386684,-0.140259889312205,0.0318845435513754,-5.27456841268648
"Clothes_No+Fur_Brown",2,8863,-0.0614343842774631,0.0435259317266909,-0.146745210461777,0.023876441906851,-5.95853502982441
"Clothes_No+Fur_Brown",2,8864,-0.0546367068608392,0.04592922510521,-0.144657988067051,0.0353845743453724,-5.31709380189263
"Clothes_No+Fur_Brown",2,8865,-0.0557415071952881,0.048285879331671,-0.150381830685363,0.038898816294787,-5.42164174539128
"Clothes_No+Fur_Brown",2,8866,-0.0565171087265032,0.0436183971104084,-0.142009167062904,0.0289749496098972,-5.49496842505501
"Clothes_No+Fur_Brown",2,8867,-0.0472273396532799,0.0590839225318858,-0.163031827815776,0.0685771485092163,-4.61294796544628
"Clothes_No+Fur_Brown",2,8868,-0.0560587523574361,0.0463593825817639,-0.146923142217693,0.0348056375028212,-5.45164151309927
"Clothes_No+Fur_Brown",2,8869,-0.0519422218829346,0.0572548643535286,-0.164161756015851,0.0602773122499815,-5.06162811381005
"Clothes_No+Fur_Brown",2,8870,-0.0512046816157419,0.0583855441726419,-0.16564034819412,0.0632309849626362,-4.99158141368656
"Clothes_No+Fur_Brown",2,8871,-0.0499320203810439,0.0573340695305645,-0.16230679666095,0.0624427558988625,-4.87059090874945
"Clothes_No+Fur_Brown",2,8872,-0.0545428445061672,0.0555229459977232,-0.163367818661705,0.0542821296493702,-5.30820622427172
"Clothes_No+Fur_Brown",2,8873,-0.0459419566675306,0.0569185654947047,-0.157502345037152,0.0656184317020906,-4.49026023823388
"Clothes_No+Fur_Brown",2,8874,-0.055385826228649,0.0440092204491446,-0.141643898308973,0.0308722458516744,-5.3879960402904
"Clothes_No+Fur_Brown",2,8875,-0.0536247307502088,0.0475104259566105,-0.146745165625165,0.0394957041247479,-5.22122846420056
"Clothes_No+Fur_Brown",2,8876,-0.0551441763083834,0.0449337400865349,-0.143214306877992,0.032925954261225,-5.3651302944358
"Clothes_No+Fur_Brown",2,8877,-0.0570068051960622,0.0478167335441682,-0.150727602942632,0.0367139925505074,-5.54123587594455
"Clothes_No+Fur_Brown",2,8878,-0.0570306902793356,0.0445268957900196,-0.144303406027774,0.0302420254691027,-5.54349200444755
"Clothes_No+Fur_Brown",2,8879,-0.0558612719669712,0.0399583152557145,-0.134179569868172,0.0224570259342293,-5.4329682226038
"Clothes_No+Fur_Brown",2,8881,-0.0563081822503964,0.0468466157051832,-0.148127549032555,0.0355111845317627,-5.47522175910485
"Clothes_No+Fur_Brown",2,8882,-0.0560697251724884,0.0426698163268189,-0.139702565173054,0.0275631148280767,-5.45267896905852
"Clothes_No+Fur_Brown",2,8883,-0.053091249779349,0.0447294901831067,-0.140761050538238,0.0345785509795402,-5.17065230363463
"Clothes_No+Fur_Brown",2,8885,-0.050833313926253,0.0516539058137631,-0.152074969321229,0.0504083414687227,-4.95629180448942
"Clothes_No+Fur_Brown",2,8886,-0.0564830807211366,0.046629632198898,-0.147877159830977,0.0349109983887036,-5.49175255261884
"Clothes_No+Fur_Brown",2,8888,-0.0536584747705925,0.0457735872965235,-0.143374705871779,0.0360577563305935,-5.22442662703947
"Clothes_No+Fur_Brown",2,8890,-0.0437328228553482,0.056703750535948,-0.154872173905806,0.0674065281951097,-4.27903321425684
"Clothes_No+Fur_Brown",2,8891,-0.0575150790067305,0.048315965328063,-0.152214371049734,0.0371842130362729,-5.58923459265824
"Clothes_No+Fur_Brown",2,8892,-0.0481976660394461,0.0553130706286413,-0.156611284471583,0.0602159523926909,-4.70545964841195
"Clothes_No+Fur_Brown",2,8893,-0.0569817813942289,0.045189582538636,-0.145553363169955,0.0315898003814976,-5.53887212897485
"Clothes_No+Fur_Brown",2,8894,-0.0549434771752671,0.0462546223015202,-0.145602536886247,0.0357155825357124,-5.34613525204282
"Clothes_No+Fur_Brown",2,8895,-0.0585354111955314,0.0479389642159405,-0.152495781058775,0.035424958667712,-5.68551580780816
"Clothes_No+Fur_Brown",2,8896,-0.0587843431318257,0.0428047916737053,-0.142681734812288,0.0251130485486367,-5.70899077302324
"Clothes_No+Fur_Brown",2,8897,-0.0503783231211732,0.0538820844516441,-0.155987208646396,0.0552305624040492,-4.91303795187336
"Clothes_No+Fur_Brown",2,8898,-0.0572349801091777,0.0462295982584575,-0.147844992695754,0.0333750324773991,-5.5627865374879
"Clothes_No+Fur_Brown",2,8899,-0.0495158332063797,0.0555107526326218,-0.158316908366319,0.059285241953559,-4.83099102884282
"Clothes_No+Fur_Brown",2,8901,-0.0584885507161957,0.0466584666620692,-0.149939145373851,0.03296204394146,-5.6810960823162
"Clothes_No+Fur_Brown",2,8902,-0.0578813507397081,0.0448657775927779,-0.145818274821553,0.0300555733421366,-5.62380825525155
"Clothes_No+Fur_Brown",2,8903,-0.0582929717262384,0.0476230567379702,-0.15163416293266,0.0350482194801831,-5.66264748233363
"Clothes_No+Fur_Brown",2,8905,-0.0551629930432714,0.044944270990765,-0.143253764185171,0.032927778098628,-5.36691099693666
"Clothes_No+Fur_Brown",2,8906,-0.057008172052728,0.0418507156383714,-0.139035574703936,0.02501923059848,-5.5413649874477
"Clothes_No+Fur_Brown",2,8907,-0.0461772696856525,0.0638297080074004,-0.171283497380157,0.0789289580088522,-4.51273227927167
"Clothes_No+Fur_Brown",2,8908,-0.0576912916126442,0.0444855028117146,-0.144882877123605,0.0295002938983164,-5.60586949397427
"Clothes_No+Fur_Brown",2,8909,-0.056888794283812,0.0451841556548255,-0.14544973936727,0.0316721507996459,-5.53008805325083
"Clothes_No+Fur_Brown",2,8910,-0.0564242530156531,0.0476734717125829,-0.149864257572316,0.0370157515410093,-5.48619268573676
"Clothes_No+Fur_Brown",2,8911,-0.0569084887889022,0.057179756504707,-0.168980811538128,0.0551638339603236,-5.53194857309146
"Clothes_No+Fur_Brown",2,8913,-0.0573988614578704,0.0433464540871701,-0.142357911468724,0.027560188552983,-5.57826176731151
"Clothes_No+Fur_Brown",2,8914,-0.0589824002126071,0.0468154315527028,-0.150740646055905,0.0327758456306904,-5.72766392581855
"Clothes_No+Fur_Brown",2,8915,-0.0589354814565705,0.0470331515487983,-0.151120458492215,0.0332494955790742,-5.72324068131553
"Clothes_No+Fur_Brown",2,8916,-0.0553127987719102,0.0444255387504806,-0.142386854722852,0.0317612571790318,-5.38108651397476
"Clothes_No+Fur_Brown",2,8917,-0.0546477157818905,0.0467466284190518,-0.146271107483232,0.036975675919451,-5.31813615279427
"Clothes_No+Fur_Brown",2,8918,-0.0540838060049767,0.0547856345350483,-0.161463649693671,0.0532960376837179,-5.26472906710078
"Clothes_No+Fur_Brown",2,8919,-0.0581258897265065,0.0458130871522854,-0.147919540544986,0.0316677610919728,-5.64688409197285
"Clothes_No+Fur_Brown",2,8921,-0.0475595372690443,0.05161651053744,-0.148727897922427,0.0536088233843381,-4.64463005405846
"Clothes_No+Fur_Brown",2,8922,-0.0554776288286138,0.0482693439473819,-0.150085542965482,0.0391302853082547,-5.39668126957237
"Clothes_No+Fur_Brown",2,8923,-0.0508856709827651,0.0577674965111337,-0.164109964144587,0.0623386221790569,-4.96126788302299
"Clothes_No+Fur_Brown",2,8924,-0.0493373029273256,0.0572788484807173,-0.161603845949532,0.0629292400948803,-4.81399896235984
"Clothes_No+Fur_Brown",2,8925,-0.0568596321105898,0.0441752305059755,-0.143443083902302,0.0297238196811222,-5.52733306514381
"Clothes_No+Fur_Brown",2,8926,-0.0500508504730004,0.0570489320598642,-0.161866757310334,0.0617650563643335,-4.88189447356441
"Clothes_No+Fur_Brown",2,8927,-0.0521988932478335,0.0614107738919872,-0.172564010076128,0.0681662235804615,-5.08599294829193
"Clothes_No+Fur_Brown",2,8928,-0.0526464736390118,0.0576987111658134,-0.165735947524006,0.0604430002459825,-5.12846509113825
"Clothes_No+Fur_Brown",2,8930,-0.059878050600389,0.0461320335554274,-0.150296836369027,0.0305407351682488,-5.81206117932219
"Clothes_No+Fur_Brown",2,8931,-0.0550322946531925,0.045602721452491,-0.144413628700075,0.0343490393936898,-5.35454179625606
"Clothes_No+Fur_Brown",2,8933,-0.052884230074552,0.0458077799588647,-0.142667478793927,0.0368990186448227,-5.15101872787003
"Clothes_No+Fur_Brown",2,8934,-0.0555146178943338,0.0432913646152263,-0.140365692540177,0.0293364567515097,-5.40018049322931
"Clothes_No+Fur_Brown",2,8935,-0.0496906780609495,0.0593591755447432,-0.166034662128646,0.0666533060067472,-4.84762938576799
"Clothes_No+Fur_Brown",2,8936,-0.0600710372244101,0.0485506561872543,-0.155230323351429,0.0350882489026084,-5.83023643781141
"Clothes_No+Fur_Brown",2,8937,-0.0558185524831963,0.0482336227009141,-0.150356452976988,0.0387193480105953,-5.42892828153265
"Clothes_No+Fur_Brown",2,8938,-0.0504278203363244,0.0589973972670062,-0.166062718979657,0.0652070783070078,-4.91774437521354
"Clothes_No+Fur_Brown",2,8939,-0.0544936388998098,0.0445131956191926,-0.141739502313427,0.0327522245138077,-5.30354674250655
"Clothes_No+Fur_Brown",2,8940,-0.05745364551812,0.0479594831729503,-0.151454232537103,0.0365469415008625,-5.58343443181665
"Clothes_No+Fur_Brown",2,8941,-0.055490842969318,0.0434350253466058,-0.140623492648665,0.0296418067100293,-5.39793136287768
"Clothes_No+Fur_Brown",2,8942,-0.0544759672988972,0.0408430811532035,-0.134528406359176,0.0255764717613818,-5.30187328979049
"Clothes_No+Fur_Brown",2,8943,-0.0554335865635158,0.0477369489259912,-0.148998006458459,0.0381308333314269,-5.39251463337631
"Clothes_No+Fur_Brown",2,8944,-0.0578921605740388,0.0446289656007519,-0.145364933151513,0.029580612003435,-5.62482844073504
"Clothes_No+Fur_Brown",2,8945,-0.0592670596886414,0.0452099592903456,-0.147878579897719,0.0293444605204359,-5.7544956204807
"Clothes_No+Fur_Brown",2,8946,-0.0560184441951292,0.0483905898245021,-0.150864000251153,0.0388271118608948,-5.44783036570987
"Clothes_No+Fur_Brown",2,8947,-0.0537092637773361,0.0435679631072027,-0.139102471467453,0.0316839439127812,-5.22924006203881
"Clothes_No+Fur_Brown",2,8948,-0.0567144007752535,0.0495797924008876,-0.153890793880993,0.0404619923304861,-5.51361167720846
"Clothes_No+Fur_Brown",2,8950,-0.0602410054527198,0.0441388038287578,-0.146753060957085,0.0262710500516455,-5.84624094551697
"Clothes_No+Fur_Brown",2,8951,-0.0537347586716367,0.0455751232395617,-0.143062000221178,0.0355924828779041,-5.23165620174647
"Clothes_No+Fur_Brown",2,8952,-0.0565896254609597,0.0481093869996953,-0.150884023980363,0.0377047730584431,-5.50182137285483
"Clothes_No+Fur_Brown",2,8953,-0.0551076260748271,0.0447942507267405,-0.142904357499238,0.0326891053495843,-5.36167130463243
"Clothes_No+Fur_Brown",2,8954,-0.0563662809483199,0.0454744968974927,-0.145496294867406,0.0327637329707659,-5.480713366113
"Clothes_No+Fur_Brown",2,8955,-0.0548411532252793,0.0455188078641558,-0.144058016639025,0.0343757101884662,-5.33644939918128
"Clothes_No+Fur_Brown",2,8956,-0.054422610963405,0.0463778839218621,-0.145323263450255,0.0364780415234448,-5.29682040997088
"Clothes_No+Fur_Brown",2,8957,-0.052925035126843,0.0462533102778852,-0.143581523271498,0.0377314530178119,-5.1548889665474
"Clothes_No+Fur_Brown",2,8958,-0.057591570708022,0.0494733041812173,-0.154559246903208,0.0393761054871639,-5.59645595653375
"Clothes_No+Fur_Brown",2,8959,-0.0476348818221322,0.0580009693067556,-0.161316781663373,0.0660470180191088,-4.6518142911416
"Clothes_No+Fur_Brown",2,8960,-0.0485151099363217,0.058453465295508,-0.163083901915517,0.066053682042874,-4.73570551771483
"Clothes_No+Fur_Brown",2,8961,-0.0506246991010971,0.0515445062260689,-0.151651931304192,0.050402533101998,-4.93646220962023
"Clothes_No+Fur_Brown",2,8962,-0.0570853391012114,0.0458721392556146,-0.146994732042216,0.0328240538397932,-5.54865380028369
"Clothes_No+Fur_Brown",2,8963,-0.0577241601321669,0.0469368146223342,-0.149720316791942,0.0342719965276082,-5.60897203830734
"Clothes_No+Fur_Brown",2,8964,-0.05278881738604,0.0461710502411796,-0.143284075858752,0.0377064410866719,-5.14196849981781
"Clothes_No+Fur_Brown",2,8965,-0.0588399157311663,0.0466222343098382,-0.150219494978449,0.0325396635161165,-5.714230623903
"Clothes_No+Fur_Brown",2,8966,-0.0538006839862821,0.0458523585655151,-0.143671306774692,0.0360699388021276,-5.23790362869574
"Clothes_No+Fur_Brown",2,8967,-0.0519748431686249,0.0468953623054912,-0.143889753287388,0.0399400669501378,-5.06472507504862
"Clothes_No+Fur_Brown",2,8968,-0.0573831915494641,0.0470594174816494,-0.149619649813497,0.0348532667145687,-5.57678217572933
"Clothes_No+Fur_Brown",2,8969,-0.0551244908224334,0.046446271858323,-0.146159183664747,0.0359102020198798,-5.36326734270134
"Clothes_No+Fur_Brown",2,8970,-0.0549807467709978,0.046661559925769,-0.146437404225505,0.0364759106835094,-5.34966289757896
"Clothes_No+Fur_Brown",2,8971,-0.0488537088809807,0.0586757366373589,-0.163858152690204,0.0661507349282428,-4.76795644691679
"Clothes_No+Fur_Brown",2,8972,-0.0515180779579262,0.0438502212924988,-0.137464511691224,0.0344283557753715,-5.02135203930197
"Clothes_No+Fur_Brown",2,8974,-0.0555388290549843,0.0488806760153584,-0.151344954045087,0.0402672959351182,-5.40247083693085
"Clothes_No+Fur_Brown",2,8975,-0.054513499442062,0.0428742948882827,-0.138547117423096,0.0295201185389722,-5.30542744674164
"Clothes_No+Fur_Brown",2,8977,-0.0579939999997278,0.0486178392309799,-0.153284964892448,0.0372969648929928,-5.63443906462743
"Clothes_No+Fur_Brown",2,8978,-0.054426216884685,0.0556680065078272,-0.163535509640026,0.0546830758706563,-5.29716190156575
"Clothes_No+Fur_Brown",2,8980,-0.0589265146750459,0.0477688585953131,-0.15255347752186,0.0347004481717678,-5.72239531842179
"Clothes_No+Fur_Brown",2,8981,-0.0528543455303149,0.055485033982458,-0.161605012135933,0.0558963210753029,-5.14818416693879
"Clothes_No+Fur_Brown",2,8982,-0.0498402846359365,0.0605686682489855,-0.168554874403948,0.0688743051320751,-4.86186374123435
"Clothes_No+Fur_Brown",2,8983,-0.0496279335466006,0.0583961705381089,-0.164084427801294,0.0648285607080929,-4.84165890917929
"Clothes_No+Fur_Brown",2,8984,-0.054674578524142,0.0546557921144339,-0.161799931068432,0.0524507740201484,-5.32067953313746
"Clothes_No+Fur_Brown",2,8985,-0.0534816187056013,0.0539540507080732,-0.159231558093425,0.0522683206822222,-5.20766350978965
"Clothes_No+Fur_Brown",2,8986,-0.0520325144351483,0.0514380122443375,-0.15285101843405,0.0487859895637532,-5.07019995471815
"Clothes_No+Fur_Brown",2,8987,-0.0493221228380338,0.0559424323844576,-0.158969290311571,0.0603250446355031,-4.81255401939761
"Clothes_No+Fur_Brown",2,8988,-0.0489128992740689,0.060791940979827,-0.16806510359453,0.0702393050463921,-4.77359310218972
"Clothes_No+Fur_Brown",2,8989,-0.0499889878687828,0.0537511030592056,-0.155341149864826,0.0553631741272601,-4.87601003783692
"Clothes_No+Fur_Brown",2,8990,-0.0453084649474422,0.0540925983174132,-0.151329957649572,0.0607130277546876,-4.42973644026864
"Clothes_No+Fur_Brown",2,8991,-0.0468783272210051,0.0509337986789434,-0.146708572631734,0.052951918189724,-4.57965088819922
"Clothes_No+Fur_Brown",2,8992,-0.0517152116583398,0.0543741563579696,-0.15828855811996,0.0548581348032806,-5.04007368624034
"Clothes_No+Fur_Brown",2,8993,-0.0497417254297729,0.0547151682523864,-0.15698345520445,0.0575000043449044,-4.85248653995164
"Clothes_No+Fur_Brown",2,8994,-0.0469293711905864,0.0565430269035688,-0.157753703921581,0.0638949615404084,-4.58452139729061
"Clothes_No+Fur_Brown",2,8995,-0.0478976606835248,0.0561210451997818,-0.157894909275097,0.0620995879080476,-4.6768664870801
"Clothes_No+Fur_Brown",2,8996,-0.0542331293976089,0.0594371278898398,-0.170729900061695,0.0622636412664771,-5.27887420303229
"Clothes_No+Fur_Brown",2,8997,-0.0518625592670326,0.055729980998922,-0.16109332202492,0.0573682034908545,-5.05406477350239
"Clothes_No+Fur_Brown",2,8998,-0.046996574810134,0.0618408724594109,-0.168204684830579,0.0742115352103114,-4.59093344735467
"Clothes_No+Fur_Brown",2,8999,-0.0503238450574945,0.0536846700915011,-0.155545798436837,0.0548981083218476,-4.90785765719496
"Clothes_No+Fur_Brown",2,9000,-0.0532569614180242,0.0557183241753973,-0.162464876801803,0.0559509539657545,-5.18636532828442
"Clothes_No+Fur_Brown",2,9002,-0.0525773453241397,0.0506463226355226,-0.151844137689764,0.0466894470414846,-5.12190655511301
"Clothes_No+Fur_Brown",2,9003,-0.0447300301577657,0.0596047930908317,-0.161555424615796,0.0720953643002645,-4.37443928360936
"Clothes_No+Fur_Brown",2,9004,-0.0483969884357436,0.0565761916239808,-0.159286324018746,0.0624923471472588,-4.72445209167637
"Clothes_No+Fur_Brown",2,9005,-0.0581875302299641,0.0468340082981915,-0.149982186494419,0.0336071260344912,-5.65269988629412
"Clothes_No+Fur_Brown",2,9006,-0.0523830695407322,0.0490101870843528,-0.148443036226064,0.0436768971445993,-5.10347224856911
"Clothes_No+Fur_Brown",2,9008,-0.0486986936535132,0.0567201576387069,-0.159870202625379,0.0624728153183523,-4.75319288576438
"Clothes_No+Fur_Brown",2,9010,-0.0557805246607469,0.0433583018268998,-0.14076279624147,0.0292017469199767,-5.42533188122729
"Clothes_No+Fur_Brown",2,9011,-0.0579263719226536,0.0434837278030837,-0.143154478416698,0.0273017345713904,-5.62805708740135
"Clothes_No+Fur_Brown",2,9012,-0.054718194135096,0.0488231829392646,-0.150411632696055,0.0409752444258627,-5.32480893949039
"Clothes_No+Fur_Brown",2,9013,-0.0535749483514212,0.0559817657130591,-0.163299209149017,0.0561493124461748,-5.2165100321529
"Clothes_No+Fur_Brown",2,9014,-0.0496120833816191,0.0573240820823293,-0.161967284262984,0.0627431174997462,-4.84015062182036
"Clothes_No+Fur_Brown",2,9015,-0.0503840791582296,0.0553490851923228,-0.158868286135182,0.058100127818723,-4.91358527437528
"Clothes_No+Fur_Brown",2,9016,-0.0461119126667479,0.0612049306663817,-0.166073576772856,0.0738497514393603,-4.50649131216682
"Clothes_No+Fur_Brown",2,9017,-0.0618150459965262,0.0442296261356113,-0.148505113222324,0.0248750212292718,-5.99432620294623
"Clothes_No+Fur_Brown",2,9019,-0.0564542418301862,0.0459502916921199,-0.146516813546741,0.0336083298863688,-5.48902700027604
"Clothes_No+Fur_Brown",2,9020,-0.0504929606746243,0.0560309643511136,-0.160313650802807,0.0593277294535583,-4.9239378637861
"Clothes_No+Fur_Brown",2,9021,-0.0538412597410544,0.0443618816931559,-0.14079054785964,0.0331080283775311,-5.24174859427309
"Clothes_No+Fur_Brown",2,9022,-0.0555732292768383,0.0427946901970126,-0.139450822062983,0.0283043635093063,-5.40572495694934
"Clothes_No+Fur_Brown",2,9023,-0.0476538683081903,0.0623693197467786,-0.169897735011876,0.0745899983954958,-4.65362460095445
"Clothes_No+Fur_Brown",2,9026,-0.0469953355225514,0.0518784353525436,-0.148677068813537,0.054686397768434,-4.59081520800996
"Clothes_No+Fur_Brown",2,9027,-0.0528991316885021,0.0550203031859504,-0.160738925932965,0.0549406625559607,-5.15243212024157
"Clothes_No+Fur_Brown",2,9028,-0.0568359060517777,0.0475094897736692,-0.149954506008169,0.0362826939046138,-5.52509157450123
"Clothes_No+Fur_Brown",2,9030,-0.0591015327715278,0.0492273500754075,-0.155587138919327,0.037384073376271,-5.73889416149386
"Clothes_No+Fur_Brown",2,9031,-0.056570413611528,0.0606982761356206,-0.175539034837344,0.0623982076142884,-5.50000587063595
"Clothes_No+Fur_Brown",2,9032,-0.0557435419546478,0.0465765486435672,-0.14703357729604,0.035546493386744,-5.42183418939518
"Clothes_No+Fur_Brown",2,9033,-0.055026428278268,0.047770972850533,-0.148657535065313,0.0386046785087767,-5.35398656888476
"Clothes_No+Fur_Brown",2,9034,-0.0602041940911697,0.0455905284574743,-0.149561629867819,0.0291532416854799,-5.84277495365757
"Clothes_No+Fur_Brown",2,9035,-0.0498481452695754,0.0607162499033414,-0.168851995080125,0.0691557045409739,-4.8626115843293
"Clothes_No+Fur_Brown",2,9036,-0.0577011057397851,0.0551808459199234,-0.165855563742835,0.0504533522632647,-5.60679588542655
"Clothes_No+Fur_Brown",2,9037,-0.0562388476058214,0.0436998549974903,-0.141890563400902,0.0294128681892597,-5.46866768999259
"Clothes_No+Fur_Brown",2,9039,-0.0545202262805038,0.0454579516984393,-0.143617811609445,0.0345773590484372,-5.30606443969004
"Clothes_No+Fur_Brown",2,9040,-0.0554997151094273,0.044589001410165,-0.142894157873351,0.0318947276544961,-5.39877068196197
"Clothes_No+Fur_Brown",2,9041,-0.0585993228288504,0.0452517082108925,-0.1472926709222,0.0300940252644988,-5.6915434079196
"Clothes_No+Fur_Brown",2,9042,-0.0503070944903242,0.0559253435748579,-0.159920767897046,0.0593065789163974,-4.90626479653665
"Clothes_No+Fur_Brown",2,9043,-0.0552317427230413,0.0466140342672197,-0.146595249886792,0.0361317644407094,-5.37341676786386
"Clothes_No+Fur_Brown",2,9044,-0.058284271959166,0.0484969472030804,-0.153338288477204,0.0367697445588715,-5.66182676577048
"Clothes_No+Fur_Brown",2,9045,-0.0498437461687324,0.0578231571346068,-0.163177134152562,0.063489641815097,-4.86219306444317
"Clothes_No+Fur_Brown",2,9046,-0.0475632982303389,0.0517469529849135,-0.148987326080769,0.0538607296200916,-4.64498868123966
"Clothes_No+Fur_Brown",2,9047,-0.0489119925465973,0.060466477151387,-0.167426287763316,0.0696023026701211,-4.77350675775142
"Clothes_No+Fur_Brown",2,9049,-0.0609494380216185,0.04525307673759,-0.149645468427295,0.0277465923840579,-5.91291891370459
"Clothes_No+Fur_Brown",2,9050,-0.0543529913761473,0.0470351929758743,-0.146541969608861,0.0378359868565664,-5.2902269841827
"Clothes_No+Fur_Brown",2,9051,-0.0503964453325545,0.056758566313114,-0.161643235306258,0.060850344641149,-4.91476112228532
"Clothes_No+Fur_Brown",2,9052,-0.0550644421699297,0.0448744443643944,-0.143018353124143,0.0328894687842833,-5.35758436380202
"Clothes_No+Fur_Brown",2,9053,-0.0503701460849991,0.0521309661342895,-0.152546839708207,0.0518065475382083,-4.91226041916605
"Clothes_No+Fur_Brown",2,9054,-0.0544111269579516,0.0448620047571526,-0.142340656281971,0.0335184023660675,-5.29573283189515
"Clothes_No+Fur_Brown",2,9055,-0.0547559225129112,0.041758804146926,-0.136603178640886,0.0270913336150637,-5.32838081348751
"Clothes_No+Fur_Brown",2,9056,-0.0573475113727526,0.045339933147271,-0.146213780341404,0.0315187575958986,-5.57341307852707
"Clothes_No+Fur_Brown",2,9057,-0.0581076141970252,0.0487548194486826,-0.153667060316443,0.0374518319223928,-5.64515972306459
"Clothes_No+Fur_Brown",2,9058,-0.057445935509056,0.0475721964388701,-0.150687440529241,0.0357955695111295,-5.58270647643405
"Clothes_No+Fur_Brown",2,9059,-0.0555414799493221,0.0503412658212278,-0.154210360958929,0.0431274010602843,-5.40272160465289
"Clothes_No+Fur_Brown",2,9060,-0.0578901272399778,0.0444151680592797,-0.144943856636166,0.0291636021562104,-5.62463654428911
"Clothes_No+Fur_Brown",2,9062,-0.0562787039610851,0.0464505364706041,-0.147321755443469,0.0347643475212989,-5.4724352892748
"Clothes_No+Fur_Brown",2,9063,-0.0577036738819167,0.0449308955313993,-0.145768229123459,0.0303608813596258,-5.6070383002797
"Clothes_No+Fur_Brown",2,9064,-0.0493807800802507,0.0610835553177232,-0.169104548502988,0.0703429883424868,-4.8181372887213
"Clothes_No+Fur_Brown",2,9066,-0.0552459064484093,0.0508860328590213,-0.154982530852091,0.0444907179552724,-5.37475702330974
"Clothes_No+Fur_Brown",2,9067,-0.0509048737947888,0.0460684715167615,-0.141199077967641,0.0393893303780638,-4.96309287640824
"Clothes_No+Fur_Brown",2,9068,-0.0528896979453384,0.0478599591483703,-0.146695217876144,0.0409158219854674,-5.15153734842596
"Clothes_No+Fur_Brown",2,9069,-0.0553976434392707,0.0445703943964478,-0.142755616456308,0.0319603295777669,-5.38911408366244
"Clothes_No+Fur_Brown",2,9071,-0.0561320872913169,0.0465200722773636,-0.14731142895495,0.0350472543723157,-5.45857495648253
"Clothes_No+Fur_Brown",2,9072,-0.0564636870243924,0.0481611243562251,-0.150859490762594,0.0379321167138089,-5.48991967055491
"Clothes_No+Fur_Brown",2,9074,-0.0545231951221536,0.0472667921650746,-0.1471661077657,0.0381197175213926,-5.3063455705726
"Clothes_No+Fur_Brown",2,9075,-0.0530889304298252,0.055727690957051,-0.162315204705645,0.0561373438459948,-5.17043236097714
"Clothes_No+Fur_Brown",2,9076,-0.0498511101135285,0.055264903505486,-0.158170320984281,0.0584681007572241,-4.86289365142192
"Clothes_No+Fur_Brown",2,9078,-0.0583116375577523,0.0453419351147201,-0.147181830382604,0.0305585552670992,-5.6644083510271
"Clothes_No+Fur_Brown",2,9079,-0.0588216438649496,0.0448211901200715,-0.14667117650029,0.0290278887703906,-5.71250783119955
"Clothes_No+Fur_Brown",2,9080,-0.0502788490100582,0.0610526936523332,-0.169942128568631,0.0693844305485149,-4.90357879038196
"Clothes_No+Fur_Brown",2,9081,-0.0568105279817918,0.048448134700619,-0.151768871995005,0.0381478160314214,-5.52269395323992
"Clothes_No+Fur_Brown",2,9082,-0.0535684164670598,0.044868002475467,-0.141509701318975,0.0343728683848556,-5.21589091533508
"Clothes_No+Fur_Brown",2,9083,-0.0539156764925002,0.041246783318182,-0.134759371796137,0.0269280188111365,-5.24879993314327
"Clothes_No+Fur_Brown",2,9084,-0.0584667989418554,0.0427783228820915,-0.142312311790755,0.0253787139070439,-5.67904445648898
"Clothes_No+Fur_Brown",2,9085,-0.0505651087967717,0.0536193503329498,-0.155659035449353,0.0545288178558099,-4.93079717568419
"Clothes_No+Fur_Brown",2,9086,-0.0553773185004003,0.0428571273548828,-0.139377288115971,0.0286226511151699,-5.38719110364756
"Clothes_No+Fur_Brown",2,9087,-0.0551229615352117,0.0475190638810696,-0.148260326742108,0.0380144036716847,-5.36312261584472
"Clothes_No+Fur_Brown",2,9088,-0.0520310884042078,0.049187040323076,-0.148437687437437,0.0443755106290211,-5.07006458178958
"Clothes_No+Fur_Brown",2,9089,-0.0563584329264934,0.0427071669648419,-0.140064480177583,0.0273476143245967,-5.47997157377768
"Clothes_No+Fur_Brown",2,9090,-0.0486739496300524,0.0558404431011514,-0.158121218108309,0.0607733188482043,-4.75083606737612
"Clothes_No+Fur_Brown",2,9091,-0.0579763364363296,0.043762291252986,-0.143750427292182,0.027797754419523,-5.63277221783806
"Clothes_No+Fur_Brown",2,9092,-0.0521698672774262,0.0538764278195672,-0.157767665803778,0.0534279312489255,-5.08323793714877
"Clothes_No+Fur_Brown",2,9093,-0.0535796853902726,0.0492821360103052,-0.150172671970471,0.0430133011899256,-5.21695902416391
"Clothes_No+Fur_Brown",2,9094,-0.0574823326971474,0.0462922099076749,-0.14821506411619,0.0332503987218955,-5.58614293788636
"Clothes_No+Fur_Brown",2,9096,-0.0593633112487081,0.0480028413869754,-0.15344888036718,0.0347222578697637,-5.76356646075823
"Clothes_No+Fur_Brown",2,9097,-0.0520292323478295,0.0509789223878334,-0.151947920227983,0.047889455532324,-5.06988838631394
"Clothes_No+Fur_Brown",2,9100,-0.0566273082381892,0.043851197810238,-0.142575655946256,0.0293210394698774,-5.50538225957616
"Clothes_No+Fur_Brown",2,9103,-0.0582076928910081,0.0444487473915843,-0.145327237778513,0.028911851996497,-5.65460215974922
"Clothes_No+Fur_Brown",2,9104,-0.054250386337393,0.0458322688304849,-0.144081633245143,0.0355808605703574,-5.28050878569246
"Clothes_No+Fur_Brown",2,9105,-0.0573754593149007,0.0374243130152904,-0.13072711282487,0.0159761941950686,-5.57605207043822
"Clothes_No+Fur_Brown",2,9106,-0.0550451998052238,0.046913119029116,-0.146994913102291,0.0369045134918434,-5.35576320240203
"Clothes_No+Fur_Brown",2,9108,-0.0552701573078743,0.0472255294325284,-0.14783219499563,0.0372918803798814,-5.37705173895449
"Clothes_No+Fur_Brown",2,9109,-0.0516711630844335,0.0453169628193113,-0.140492410210284,0.0371500840414166,-5.03589074478235
"Clothes_No+Fur_Brown",2,9110,-0.0540626603234969,0.0486463493907111,-0.149409505129291,0.0412841844822969,-5.26272580405663
"Clothes_No+Fur_Brown",2,9111,-0.0564294291717082,0.0485523583782744,-0.151592051593126,0.0387331932497096,-5.48668190268664
"Clothes_No+Fur_Brown",2,9112,-0.0563340907208415,0.046884807649227,-0.148228313713326,0.0355601322716433,-5.47767071980368
"Clothes_No+Fur_Brown",2,9113,-0.0568324853211111,0.0442841974385439,-0.143629512300657,0.0299645416584349,-5.52476840073201
"Clothes_No+Fur_Brown",2,9114,-0.0560323821644951,0.0483761328981911,-0.15084960264495,0.0387848383159594,-5.44914822176957
"Clothes_No+Fur_Brown",2,9115,-0.0585862672937779,0.047111845635385,-0.150925484739133,0.0337529501515768,-5.69031215251958
"Clothes_No+Fur_Brown",2,9116,-0.054840380511726,0.0449327488786289,-0.142908568313839,0.0332278072903866,-5.33637625134447
"Clothes_No+Fur_Brown",2,9117,-0.0578008204654212,0.048846369277785,-0.15353970424988,0.0379380633190375,-5.61620780861528
"Clothes_No+Fur_Brown",2,9119,-0.0573686554033051,0.0444182085211209,-0.144428344104702,0.0296910332980919,-5.57540961605839
"Clothes_No+Fur_Brown",2,9120,-0.0571133809387357,0.0425126018704737,-0.140438080604864,0.0262113187273928,-5.55130235245246
"Clothes_No+Fur_Brown",2,9121,-0.0551924386505149,0.0473097855173353,-0.147919618264492,0.0375347409634622,-5.36969748468258
"Clothes_No+Fur_Brown",2,9122,-0.0498895381567811,0.0514585000352534,-0.150748198225878,0.0509691219123156,-4.86654951401534
"Clothes_No+Fur_Brown",2,9123,-0.0540622721853445,0.0472971018495809,-0.146764591810523,0.0386400474398341,-5.26268903289893
"Clothes_No+Fur_Brown",2,9124,-0.0563599736408905,0.0617930512300847,-0.177474354051857,0.0647544067700755,-5.48011720203411
"Clothes_No+Fur_Brown",2,9125,-0.0503539440511467,0.0545230872816243,-0.15721919512313,0.0565113070208369,-4.9107197919098
"Clothes_No+Fur_Brown",2,9126,-0.047420897875125,0.0521509585905403,-0.149636776712584,0.0547949809623339,-4.63140912691271
"Clothes_No+Fur_Brown",2,9127,-0.0563544758146908,0.0463729290166676,-0.147245416687359,0.0345364650579777,-5.47959754671759
"Clothes_No+Fur_Brown",2,9129,-0.0485189380421698,0.0568824641939092,-0.160008567862232,0.0629706917778923,-4.73607019881963
"Clothes_No+Fur_Brown",2,9130,-0.0559146324197878,0.0467623700585419,-0.14756887773453,0.0357396128949544,-5.43801422761121
"Clothes_No+Fur_Brown",2,9132,-0.0489393830287726,0.0547610702131411,-0.156271080646529,0.0583923145889841,-4.77611502159622
"Clothes_No+Fur_Brown",2,9133,-0.0485913405861342,0.0583283754929276,-0.162914956552272,0.065732275380004,-4.74296729999844
"Clothes_No+Fur_Brown",2,9134,-0.0500255429332899,0.0581672477151213,-0.164033348454928,0.0639822625883478,-4.87948723787113
"Clothes_No+Fur_Brown",2,9135,-0.0516793647179826,0.0574831680923118,-0.164346374178914,0.0609876447429485,-5.03666960241281
"Clothes_No+Fur_Brown",2,9136,-0.0545635647056391,0.0616155168227882,-0.175329977678304,0.0662028482670259,-5.31016823680039
"Clothes_No+Fur_Brown",2,9137,-0.0499234652373113,0.0578829085141938,-0.163373965925131,0.0635270354505086,-4.86977705950018
"Clothes_No+Fur_Brown",2,9138,-0.052640427295755,0.056312741255518,-0.16301340015657,0.0577325455650601,-5.12789146353873
"Clothes_No+Fur_Brown",2,9139,-0.0481717188014434,0.0553927734242524,-0.156741554712978,0.0603981171100912,-4.70298698621385
"Clothes_No+Fur_Brown",2,9140,-0.0482883516425713,0.0513505636999344,-0.148935456494443,0.0523587532093001,-4.71410109944476
"Clothes_No+Fur_Brown",2,9141,-0.0509558074487118,0.0514700695027843,-0.151837143674169,0.0499255287767455,-4.96793333007354
"Clothes_No+Fur_Brown",2,9142,-0.049856328095497,0.0557728523677991,-0.159171118736383,0.0594584625453893,-4.86339007383222
"Clothes_No+Fur_Brown",2,9143,-0.0550287186707017,0.0492110512315766,-0.151482379084592,0.0414249417431884,-5.35420334514956
"Clothes_No+Fur_Brown",2,9144,-0.0547760620633948,0.0575689649382155,-0.167611233342297,0.0580591092155076,-5.33028743814213
"Clothes_No+Fur_Brown",2,9145,-0.048064783912582,0.0578225998808079,-0.161397079678965,0.0652675118538015,-4.69279586583494
"Clothes_No+Fur_Brown",2,9146,-0.0498888751726143,0.0566994139978042,-0.161019726608311,0.0612419762630819,-4.86648644202302
"Clothes_No+Fur_Brown",2,9147,-0.0493129718891069,0.0587157529868065,-0.164395847743248,0.0657699039650339,-4.81168295995545
"Clothes_No+Fur_Brown",2,9148,-0.0506207940729586,0.0525030320724359,-0.153526736934933,0.0522851487890158,-4.93609098310539
"Clothes_No+Fur_Brown",2,9149,-0.0494387858717147,0.0511879636207935,-0.14976719456847,0.0508896228250405,-4.82365822787613
"Clothes_No+Fur_Brown",2,9150,-0.0490658551529188,0.0575954595443832,-0.16195295585991,0.0638212455540724,-4.78815742706854
"Clothes_No+Fur_Brown",2,9151,-0.0495266520581902,0.05703872263619,-0.161322548425123,0.0622692443087423,-4.83202064267819
"Clothes_No+Fur_Brown",2,9152,-0.0542019531208177,0.0553657849142083,-0.162718891552666,0.0543149853110305,-5.27592110496341
"Clothes_No+Fur_Brown",2,9153,-0.0549580605854979,0.0451931309518337,-0.143536597251092,0.0336204760800962,-5.34751561811713
"Clothes_No+Fur_Brown",2,9154,-0.056932178834617,0.0460442916826586,-0.147178990532628,0.0333146328633939,-5.53418649903996
"Clothes_No+Fur_Brown",2,9155,-0.0539174278016591,0.0470414834018981,-0.146118735269379,0.0382838796660612,-5.24896587164245
"Clothes_No+Fur_Brown",2,9156,-0.0535605453658196,0.0480989415879319,-0.147834470878166,0.0407133801465269,-5.21514485708036
"Clothes_No+Fur_Brown",2,9157,-0.058710806645566,0.0452685866309379,-0.147437236442204,0.0300156231510723,-5.70205668856781
"Clothes_No+Fur_Brown",2,9159,-0.0603028802087363,0.0439613274276152,-0.146467081966862,0.0258613215493895,-5.85206650615707
"Clothes_No+Fur_Brown",2,9160,-0.0550529633804763,0.0484322778491073,-0.149980227964727,0.0398743012037741,-5.35649797720437
"Clothes_No+Fur_Brown",2,9162,-0.0537815745733459,0.0447276614587592,-0.141447791032514,0.033884641885822,-5.23609276336325
"Clothes_No+Fur_Brown",2,9163,-0.0477741750694682,0.0603143119818088,-0.165990226553814,0.0704418764148771,-4.66509472459776
"Clothes_No+Fur_Brown",2,9166,-0.0714552367135628,0.0473767453062672,-0.164313657513847,0.0214031840867209,-6.89620470193356
"Clothes_No+Fur_Brown",2,9167,-0.0573010423403494,0.0503424980078548,-0.155972338435745,0.0413702537550461,-5.56902506444709
"Clothes_No+Fur_Brown",2,9169,-0.0475265144079679,0.0535119946176992,-0.152410023858658,0.0573569950427226,-4.64148109493031
"Clothes_No+Fur_Brown",2,9170,-0.0497950943427904,0.0555084584709287,-0.158591672945811,0.0590014842602297,-4.85756432382222
"Clothes_No+Fur_Brown",2,9172,-0.0514753852710461,0.0518082706585819,-0.153019595761867,0.0500688252197744,-5.01729705906589
"Clothes_No+Fur_Brown",2,9173,-0.0514437951697329,0.05682314154846,-0.162817152604715,0.0599295622652487,-5.01429649846324
"Clothes_No+Fur_Brown",2,9175,-0.0496548081270048,0.0532528638001439,-0.154030421175287,0.0547208049212773,-4.84421621530464
"Clothes_No+Fur_Brown",2,9176,-0.0504957439663636,0.0589895082419463,-0.166115180120578,0.0651236921878511,-4.92420248783618
"Clothes_No+Fur_Brown",2,9177,-0.0528698410893108,0.0554737641035513,-0.161598418732271,0.0558587365536497,-5.14965393745941
"Clothes_No+Fur_Brown",2,9178,-0.049717194151732,0.056210714560977,-0.159890194691247,0.060455806387783,-4.8501524212147
"Clothes_No+Fur_Brown",2,9179,-0.0503592382078586,0.0574194563031282,-0.16290137256199,0.0621828961462727,-4.91122320812826
"Clothes_No+Fur_Brown",2,9180,-0.051730208758637,0.055017751352421,-0.159565001409382,0.0561045838921082,-5.04149779910067
"Clothes_No+Fur_Brown",2,9181,-0.0507922789575071,0.0571729685520182,-0.162851297319463,0.0612667394044485,-4.95239160887247
"Clothes_No+Fur_Brown",2,9182,-0.0481128235399173,0.0565220680099186,-0.158896076839358,0.0626704297595232,-4.69737427843042
"Clothes_No+Fur_Brown",2,9183,-0.0479307444433432,0.0574512515831428,-0.160535197546303,0.0646737086596167,-4.68002008256769
"Clothes_No+Fur_Brown",2,9184,-0.0479008751640206,0.0501399478511886,-0.14617517295235,0.050373422624309,-4.6771729009411
"Clothes_No+Fur_Brown",2,9185,-0.0489332212398824,0.0474904125598429,-0.142014429857174,0.0441479873774098,-4.77552827031196
"Clothes_No+Fur_Brown",2,9186,-0.0528434659152672,0.0555353866539546,-0.161692823757018,0.0560058919264839,-5.14715221008231
"Clothes_No+Fur_Brown",2,9187,-0.0492958828551967,0.0539665376043086,-0.155070296559642,0.0564785308492481,-4.81005626967845
"Clothes_No+Fur_Brown",2,9188,-0.0490486146099739,0.056151762357977,-0.159106068831609,0.061008839611661,-4.78651590905751
"Clothes_No+Fur_Brown",2,9189,-0.0491823405781413,0.0539155819081115,-0.15485688111804,0.0564921999617572,-4.79924757310415
"Clothes_No+Fur_Brown",2,9190,-0.0509542735426765,0.0547402932548201,-0.158245248322124,0.056336701236771,-4.96778755970113
"Clothes_No+Fur_Brown",2,9191,-0.0558228438344358,0.0465477772203485,-0.147056487186319,0.0354107995174473,-5.42933411834771
"Clothes_No+Fur_Brown",2,9192,-0.05822635175178,0.048046089765446,-0.152396687692054,0.0359439841884942,-5.65636252096877
"Clothes_No+Fur_Brown",2,9194,-0.0621558738279391,0.0451831128899452,-0.150714775092232,0.0264030274363535,-6.02636049348799
"Clothes_No+Fur_Brown",2,9195,-0.0544483825449755,0.0467120448386481,-0.146003990428726,0.0371072253387748,-5.29926102923923
"Clothes_No+Fur_Brown",2,9196,-0.0583656228956416,0.0444953665099413,-0.145576541255127,0.0288452954638434,-5.66950095235312
"Clothes_No+Fur_Brown",2,9197,-0.0556194322877017,0.0463135964402314,-0.146394081310555,0.0351552167351518,-5.41009539630227
"Clothes_No+Fur_Brown",2,9198,-0.0585832761507058,0.0462717514966549,-0.149275909084149,0.0321093567827377,-5.69003005832825
"Clothes_No+Fur_Brown",2,9200,-0.0584769466795568,0.0489047039518729,-0.154330166425228,0.037376273066114,-5.68000159594918
"Clothes_No+Fur_Brown",2,9201,-0.0577977780786712,0.047740599694348,-0.151369353479593,0.035773797322251,-5.61592065617968
"Clothes_No+Fur_Brown",2,9202,-0.0559523187011848,0.0477471958576285,-0.149536822582137,0.0376321851797671,-5.44157785006622
"Clothes_No+Fur_Brown",2,9203,-0.0548366565152733,0.0462292608053931,-0.145446007693844,0.0357726946632971,-5.33602372368902
"Clothes_No+Fur_Brown",2,9204,-0.0546877597259095,0.0473096982552459,-0.147414768306191,0.0380392488543724,-5.32192751213879
"Clothes_No+Fur_Brown",2,9205,-0.0538144425157352,0.0480666933624014,-0.148025161506042,0.0403962764745716,-5.23920740682065
"Clothes_No+Fur_Brown",2,9206,-0.0578430522477554,0.0404226562909593,-0.137071458578036,0.021385354082525,-5.6201937202163
"Clothes_No+Fur_Brown",2,9207,-0.0574433449027718,0.0418969262806443,-0.139561320412835,0.024674630607291,-5.58246187808329
"Clothes_No+Fur_Brown",2,9208,-0.055765124404106,0.0497465090133208,-0.153268282070215,0.0417380332620029,-5.42387539585144
"Clothes_No+Fur_Brown",2,9209,-0.0567354685603668,0.0460950301630695,-0.147081727679983,0.0336107905592494,-5.51560227516496
"Clothes_No+Fur_Brown",2,9210,-0.0556653621702828,0.0431969399861883,-0.140331364543212,0.0290006402026462,-5.41443979974435
"Clothes_No+Fur_Brown",2,9212,-0.055794316275096,0.0445168996992481,-0.143047439685622,0.0314588071354303,-5.42663620958277
"Clothes_No+Fur_Brown",2,9213,-0.0574955339343875,0.0493052714168677,-0.154133865911448,0.0391427980426732,-5.58738930938536
"Clothes_No+Fur_Brown",2,9215,-0.0533161094211097,0.0459773010371349,-0.143431619453894,0.0367994006116747,-5.19197319959169
"Clothes_No+Fur_Brown",2,9217,-0.0548851746751601,0.045090590737807,-0.143262732521262,0.0334923831709417,-5.34061653420725
"Clothes_No+Fur_Brown",2,9218,-0.0535313211032458,0.047977065403166,-0.147566369293451,0.0405037270869596,-5.21237479910939
"Clothes_No+Fur_Brown",2,9219,-0.0559943524597302,0.0482860412977923,-0.150634993403403,0.0386462884839427,-5.44555241241782
"Clothes_No+Fur_Brown",2,9220,-0.0537855778524793,0.0477260902152382,-0.147328714674346,0.0397575589693875,-5.23647212897633
"Clothes_No+Fur_Brown",2,9221,-0.0570082317403492,0.0459814458850827,-0.147131865675111,0.033115402194413,-5.54137062545875
"Clothes_No+Fur_Brown",2,9222,-0.0503615819451338,0.0473026399673135,-0.143074756281068,0.0423515923908006,-4.91144607097772
"Clothes_No+Fur_Brown",2,9224,-0.0572394405245015,0.0436977408523779,-0.142887012595162,0.0284081315461592,-5.56320776574254
"Clothes_No+Fur_Brown",2,9225,-0.0499025138599761,0.0577331883601139,-0.163059563045799,0.0632545353258473,-4.86778392942403
"Clothes_No+Fur_Brown",2,9226,-0.0456540652289132,0.0594396733824115,-0.16215582505844,0.0708476946006134,-4.46275984347773
"Clothes_No+Fur_Brown",2,9227,-0.0581325540768572,0.0441763685837223,-0.144718236500953,0.0284531283472385,-5.64751289209866
"Clothes_No+Fur_Brown",2,9228,-0.0489369304519395,0.0543814500212484,-0.155524572493586,0.0576507115897073,-4.77588147741558
"Clothes_No+Fur_Brown",2,9229,-0.0573578567916034,0.0484675948994135,-0.152354342794454,0.0376386292112471,-5.5743899560663
"Clothes_No+Fur_Brown",2,9230,-0.0584436096916047,0.0491152573923952,-0.154709514180699,0.0378222947974899,-5.67685719888666
"Clothes_No+Fur_Brown",2,9233,-0.0559343781338831,0.0443353278983097,-0.14283162081457,0.0309628645468039,-5.43988140311213
"Clothes_No+Fur_Brown",2,9234,-0.0508890251627089,0.046887820627152,-0.142789153591927,0.0410111032665091,-4.96158665949752
"Clothes_No+Fur_Brown",2,9236,-0.0562541963268294,0.042409649155801,-0.139377108672199,0.0268687160185405,-5.47011861390378
"Clothes_No+Fur_Brown",2,9238,-0.0514545525354436,0.0450976137518572,-0.139845875489084,0.0369367704181965,-5.01531828891719
"Clothes_No+Fur_Brown",2,9239,-0.056868232832214,0.043839682276788,-0.142794010094719,0.0290575444302905,-5.52814559475905
"Clothes_No+Fur_Brown",2,9240,-0.0543980574640374,0.0429392233931918,-0.138558935314693,0.0297628203866185,-5.29449508696341
"Clothes_No+Fur_Brown",2,9241,-0.0552896061124647,0.0486215082435475,-0.150587762269818,0.0400085500448885,-5.37889202428925
"Clothes_No+Fur_Brown",2,9242,-0.0598100153838102,0.0433789987413947,-0.144832852916944,0.0252128221493235,-5.80565286451234
"Clothes_No+Fur_Brown",2,9243,-0.0504035512067013,0.0547705604588593,-0.157753849706066,0.0569467472926629,-4.91543678362541
"Clothes_No+Fur_Brown",2,9244,-0.055478411718324,0.0484843246340495,-0.150507688001061,0.039550864564413,-5.39675533350816
"Clothes_No+Fur_Brown",2,9246,-0.0570970947776186,0.0463126006370593,-0.147869792026255,0.0336756024710176,-5.54976413321947
"Clothes_No+Fur_Brown",2,9247,-0.0523244646477763,0.0488693855325927,-0.148108460291658,0.0434595309961053,-5.09791068475252
"Clothes_No+Fur_Brown",2,9248,-0.0528418171452932,0.0467611366850475,-0.144493645047986,0.0388100107574,-5.14699581942599
"Clothes_No+Fur_Brown",2,9249,-0.0576601561259831,0.0413168804799884,-0.13864124186676,0.0233209296147942,-5.60293044102883
"Clothes_No+Fur_Brown",2,9250,-0.050795836252239,0.0539536506834913,-0.156544991591882,0.0549533190874039,-4.9527297206277
"Clothes_No+Fur_Brown",2,9251,-0.0596922513736834,0.0496048608321205,-0.15691777860464,0.0375332758572728,-5.79455950727611
"Clothes_No+Fur_Brown",2,9252,-0.05364919303193,0.045462261364097,-0.14275522530556,0.0354568392417,-5.22354694085333
"Clothes_No+Fur_Brown",2,9254,-0.0595076821147627,0.0444092007996502,-0.146549715682077,0.0275343514525517,-5.77717047424696
