"treatment","k","row_id","cate_log","cate_se_log","cate_lo_log","cate_hi_log","cate_pct"
"Background_Yellow+Clothes_No+Earring_No",3,3,0.0849270745065602,0.082218405487691,-0.076221000249314,0.246075149262434,8.86376743639912
"Background_Yellow+Clothes_No+Earring_No",3,13,0.0815328308343379,0.0854247470171408,-0.0858996733192581,0.248965334987934,8.49488367748179
"Background_Yellow+Clothes_No+Earring_No",3,17,0.0834493770666764,0.0955375160641302,-0.103804154419019,0.270702908552372,8.70301852434094
"Background_Yellow+Clothes_No+Earring_No",3,21,0.0851644483255299,0.0851357426059559,-0.0817016071821437,0.252030503833203,8.8896119119025
"Background_Yellow+Clothes_No+Earring_No",3,25,0.0798178258535133,0.0939914464256575,-0.104405409140775,0.264041060847802,8.30897387526646
"Background_Yellow+Clothes_No+Earring_No",3,26,0.0806434336842505,0.0895430070283487,-0.094860860091313,0.256147727459814,8.39843153562803
"Background_Yellow+Clothes_No+Earring_No",3,29,0.0812504739713586,0.0895255994606069,-0.0942197009714308,0.256720648914148,8.46425372696917
"Background_Yellow+Clothes_No+Earring_No",3,30,0.0827977890780547,0.0868935264386119,-0.0875135227416246,0.253109100897734,8.63221201398459
"Background_Yellow+Clothes_No+Earring_No",3,44,0.0834092157798244,0.0997672908839727,-0.112134674352762,0.278953105912411,8.69865295889627
"Background_Yellow+Clothes_No+Earring_No",3,49,0.0780243104935313,0.0896976061421801,-0.0977829975451417,0.253831618532204,8.11489416149578
"Background_Yellow+Clothes_No+Earring_No",3,58,0.0910229137329871,0.0903780320369628,-0.08611802905946,0.268163856525434,9.52941022475327
"Background_Yellow+Clothes_No+Earring_No",3,81,0.0874789027082246,0.0872534889629134,-0.0835379356590856,0.258495741075535,9.14192382099392
"Background_Yellow+Clothes_No+Earring_No",3,83,0.0890866971192081,0.0882507046538885,-0.0838846840024133,0.26205807824083,9.31754273784251
"Background_Yellow+Clothes_No+Earring_No",3,86,0.0878400042599869,0.0971384081948441,-0.102551275801908,0.278231284321881,9.18134225564864
"Background_Yellow+Clothes_No+Earring_No",3,104,0.0815906733639303,0.093674466571839,-0.102011281116874,0.265192627844735,8.50115947750385
"Background_Yellow+Clothes_No+Earring_No",3,114,0.0853607690357305,0.0965997035875833,-0.103974649995933,0.274696188067394,8.91099129638582
"Background_Yellow+Clothes_No+Earring_No",3,120,0.081362615458496,0.090416083452069,-0.0958529081075593,0.258578139024551,8.47641775171653
"Background_Yellow+Clothes_No+Earring_No",3,125,0.0790167303673283,0.084576719784853,-0.0867536404109835,0.24478710114564,8.22224278976054
"Background_Yellow+Clothes_No+Earring_No",3,127,0.087470689972335,0.0910715679485552,-0.0910295832068332,0.265970963151503,9.14102747087984
"Background_Yellow+Clothes_No+Earring_No",3,130,0.0791234735221278,0.0852667145686976,-0.0879992870325195,0.246246234076775,8.23379538994491
"Background_Yellow+Clothes_No+Earring_No",3,131,0.0908910994753508,0.0943691408264403,-0.0940724165444722,0.275854615495174,9.51497363835001
"Background_Yellow+Clothes_No+Earring_No",3,132,0.0861245331441339,0.0889406759244787,-0.0881991916678444,0.260448257956112,8.99420537646733
"Background_Yellow+Clothes_No+Earring_No",3,139,0.0841051196185675,0.0913230567150091,-0.0948880715428504,0.263098310779985,8.77432309527195
"Background_Yellow+Clothes_No+Earring_No",3,140,0.0772981383012295,0.0837347363572001,-0.0868219449588828,0.241418221561342,8.03641263078341
"Background_Yellow+Clothes_No+Earring_No",3,143,0.0938305112725434,0.0860187981718282,-0.0747663331442399,0.262427355689327,9.8373568201761
"Background_Yellow+Clothes_No+Earring_No",3,144,0.0812493663322263,0.0940492259793445,-0.103087116587289,0.265585849251742,8.46413358778382
"Background_Yellow+Clothes_No+Earring_No",3,150,0.0826111417323876,0.0915050721852506,-0.0967387997507035,0.261961083215479,8.61193799206328
"Background_Yellow+Clothes_No+Earring_No",3,155,0.0803693718830844,0.0900898900781761,-0.0962068126701407,0.25694555643631,8.36872773676203
"Background_Yellow+Clothes_No+Earring_No",3,160,0.104855421576309,0.0964271993196143,-0.0841418890901347,0.293852732242753,11.0550037174472
"Background_Yellow+Clothes_No+Earring_No",3,162,0.0600930989253373,0.0887473047063206,-0.113851618299051,0.234037816149726,6.1935406988556
"Background_Yellow+Clothes_No+Earring_No",3,172,0.0854034202179889,0.0979396387067059,-0.106558271647155,0.277365112083132,8.9156365779882
"Background_Yellow+Clothes_No+Earring_No",3,185,0.0872666124236004,0.0886363678381771,-0.0864606685392268,0.260993893386428,9.11875651010605
"Background_Yellow+Clothes_No+Earring_No",3,190,0.0822580748171752,0.0935616673148416,-0.101122793119914,0.265638942754265,8.5735974789428
"Background_Yellow+Clothes_No+Earring_No",3,197,0.0934469811678109,0.0901370932444363,-0.0832217215912842,0.270115683926906,9.7952389644604
"Background_Yellow+Clothes_No+Earring_No",3,198,0.0788503197887357,0.0962838673797111,-0.109866060275498,0.267566699852969,8.20423496210938
"Background_Yellow+Clothes_No+Earring_No",3,202,0.0811125303696446,0.0952257445451654,-0.10552992893888,0.267754989678169,8.44929280905802
"Background_Yellow+Clothes_No+Earring_No",3,206,0.087236843682824,0.101054471943771,-0.110829921326967,0.285303608692615,9.11550823047849
"Background_Yellow+Clothes_No+Earring_No",3,223,0.0838107430162511,0.0797253896955365,-0.0724510207870003,0.240072506819503,8.74230719221749
"Background_Yellow+Clothes_No+Earring_No",3,232,0.0893250631308339,0.0921158005132349,-0.0912219058751064,0.269872032136774,9.34360343037392
"Background_Yellow+Clothes_No+Earring_No",3,235,0.0876832393580529,0.092563558416363,-0.0937413351380185,0.269107813854124,9.16422779474535
"Background_Yellow+Clothes_No+Earring_No",3,243,0.0809271928547429,0.0985835255141871,-0.112296517153064,0.27415090286255,8.42919494913719
"Background_Yellow+Clothes_No+Earring_No",3,244,0.0817780369438458,0.0911933897314725,-0.0969610069298403,0.260517080817532,8.5214905477601
"Background_Yellow+Clothes_No+Earring_No",3,270,0.0814838096373326,0.0864652263385738,-0.087988033986272,0.250955653260937,8.48956525877364
"Background_Yellow+Clothes_No+Earring_No",3,271,0.0852484056190448,0.0878839953899738,-0.0870042253453039,0.257501036583394,8.89875437279326
"Background_Yellow+Clothes_No+Earring_No",3,273,0.088201496793167,0.0959078616328003,-0.0997779120071215,0.276180905593455,9.22081763023332
"Background_Yellow+Clothes_No+Earring_No",3,276,0.0858068709789948,0.089899773358478,-0.0903966848036222,0.262010426761612,8.95958753987938
"Background_Yellow+Clothes_No+Earring_No",3,286,0.0802175799762865,0.0854008448510142,-0.0871680759317013,0.247603235884274,8.3522794893286
"Background_Yellow+Clothes_No+Earring_No",3,296,0.0778035132490547,0.0883304867584541,-0.0953242407975153,0.250931267295625,8.09102532596155
"Background_Yellow+Clothes_No+Earring_No",3,300,0.0823836511484297,0.0947676788694133,-0.10336099943562,0.26812830173248,8.5872326090922
"Background_Yellow+Clothes_No+Earring_No",3,302,0.0747936649461378,0.0904889437579433,-0.102564664819431,0.252151994711707,7.76617685437266
"Background_Yellow+Clothes_No+Earring_No",3,310,0.079291121901,0.0897681796900006,-0.0966545102914012,0.255236754093401,8.25194213137461
"Background_Yellow+Clothes_No+Earring_No",3,324,0.0753684143515283,0.0899617005318503,-0.100956518690898,0.251693347393955,7.82813320342277
"Background_Yellow+Clothes_No+Earring_No",3,334,0.0875956922984348,0.085390375927159,-0.0797694445187968,0.254960829115666,9.15467120591817
"Background_Yellow+Clothes_No+Earring_No",3,335,0.0858068456567953,0.102437756141638,-0.114971156380816,0.286584847694407,8.959584780783
"Background_Yellow+Clothes_No+Earring_No",3,351,0.0818533670601436,0.094449121438118,-0.103266910958568,0.266973645078855,8.52966579218108
"Background_Yellow+Clothes_No+Earring_No",3,361,0.0833514999361963,0.0952803798290922,-0.103398044528824,0.270101044401217,8.69237950548007
"Background_Yellow+Clothes_No+Earring_No",3,363,0.0900903564449862,0.0923395059191666,-0.0908950751565805,0.271075788046553,9.42731538703923
"Background_Yellow+Clothes_No+Earring_No",3,366,0.0843484220841852,0.094510365717271,-0.100891894721666,0.269588738890036,8.80079137604535
"Background_Yellow+Clothes_No+Earring_No",3,371,0.0793425771335395,0.0943493397298116,-0.105582128736891,0.26426728300397,8.25751240353845
"Background_Yellow+Clothes_No+Earring_No",3,377,0.0818216689130495,0.0903634654273852,-0.0952907233246255,0.258934061150724,8.52622565739396
"Background_Yellow+Clothes_No+Earring_No",3,379,0.0923354934547123,0.0921277928893832,-0.0882349806084787,0.272905967517903,9.67327070106443
"Background_Yellow+Clothes_No+Earring_No",3,382,0.0870233838467767,0.0908999901376718,-0.09114059682306,0.265187364516613,9.09221893773413
"Background_Yellow+Clothes_No+Earring_No",3,385,0.0887072194651681,0.0937843999039581,-0.0951102043465898,0.272524643276926,9.2760670432263
"Background_Yellow+Clothes_No+Earring_No",3,390,0.085079999410441,0.0963881982469148,-0.103840869153512,0.274000867974394,8.88041669058077
"Background_Yellow+Clothes_No+Earring_No",3,392,0.0797163892445378,0.0950797651745741,-0.106639950497627,0.266072728986703,8.29798793743248
"Background_Yellow+Clothes_No+Earring_No",3,404,0.0841851179625777,0.0945252919138126,-0.101084454188495,0.26945469011365,8.78302520906311
"Background_Yellow+Clothes_No+Earring_No",3,405,0.0859638519276283,0.0954393614273932,-0.101097296470062,0.273025000325319,8.97669346191092
"Background_Yellow+Clothes_No+Earring_No",3,410,0.0850331382308767,0.0933897378752348,-0.0980107480045834,0.268077024466337,8.8753145453704
"Background_Yellow+Clothes_No+Earring_No",3,416,0.0831577091667602,0.0967874498796544,-0.106545692597362,0.272861110930883,8.6713179664557
"Background_Yellow+Clothes_No+Earring_No",3,423,0.0875904446217789,0.0956296172784368,-0.0998436052439573,0.275024494487515,9.15409839900114
"Background_Yellow+Clothes_No+Earring_No",3,425,0.0825201170324302,0.0856383369065919,-0.0853310233044898,0.25037125736935,8.60205207293399
"Background_Yellow+Clothes_No+Earring_No",3,436,0.0814319594389305,0.0867421264462233,-0.0885826083956671,0.251446527273528,8.48394019912191
"Background_Yellow+Clothes_No+Earring_No",3,441,0.0815871545626368,0.0895173470538264,-0.0938668456628629,0.257041154788137,8.50077768415527
"Background_Yellow+Clothes_No+Earring_No",3,442,0.0914834553285901,0.0902697905180316,-0.0854453340867519,0.268412244743932,9.57986469140215
"Background_Yellow+Clothes_No+Earring_No",3,447,0.0849980163078126,0.0890047293547771,-0.0894512532275505,0.259447285843176,8.87149070210014
"Background_Yellow+Clothes_No+Earring_No",3,449,0.0882603055643407,0.0896179238847783,-0.0873908252498248,0.263911436378506,9.227240961177
"Background_Yellow+Clothes_No+Earring_No",3,450,0.0866623447010412,0.0923373172391087,-0.0943187970876118,0.267643486489694,9.05283948539213
"Background_Yellow+Clothes_No+Earring_No",3,453,0.0870389068888127,0.0875671915974996,-0.0845927886422866,0.258670602419912,9.09391239397828
"Background_Yellow+Clothes_No+Earring_No",3,462,0.0814421737772322,0.0921954291186377,-0.0992608672952976,0.262145214849762,8.48504829644665
"Background_Yellow+Clothes_No+Earring_No",3,463,0.0895022846607017,0.0864767574088534,-0.079992159860651,0.258996729182054,9.36298318825957
"Background_Yellow+Clothes_No+Earring_No",3,474,0.0831776449399552,0.0934236435042375,-0.0999326963283504,0.266287986208261,8.67348443479854
"Background_Yellow+Clothes_No+Earring_No",3,490,0.087141307046748,0.0933592685308685,-0.0958428592737542,0.27012547336725,9.10508419982476
"Background_Yellow+Clothes_No+Earring_No",3,496,0.0809373550157385,0.0827304238031559,-0.0812142756384471,0.243088985669924,8.43029682967162
"Background_Yellow+Clothes_No+Earring_No",3,500,0.0893393197497982,0.0937519150610095,-0.0944144337697805,0.273093073269377,9.34516231157638
"Background_Yellow+Clothes_No+Earring_No",3,505,0.0778990356913816,0.0896329108569033,-0.0977814695881488,0.253579540970912,8.10135093785029
"Background_Yellow+Clothes_No+Earring_No",3,511,0.081543150575444,0.0946192450492113,-0.10391056972101,0.266996870871898,8.49600332236988
"Background_Yellow+Clothes_No+Earring_No",3,521,0.0842498114118662,0.0920826982333053,-0.0962322771254122,0.264731899949145,8.79006298583449
"Background_Yellow+Clothes_No+Earring_No",3,527,0.0809291282253501,0.0912424333551703,-0.0979060411507836,0.259764297601484,8.42940480001713
"Background_Yellow+Clothes_No+Earring_No",3,528,0.0823015496070719,0.0918914988840702,-0.0978057882057057,0.26240888741985,8.57831779588818
"Background_Yellow+Clothes_No+Earring_No",3,556,0.0827682439560839,0.0905813570441351,-0.0947712158504209,0.260307703762589,8.6290025094435
"Background_Yellow+Clothes_No+Earring_No",3,560,0.0862823056220647,0.0823838361188912,-0.0751900131709621,0.247754624415092,9.01140301895134
"Background_Yellow+Clothes_No+Earring_No",3,562,0.0811477343881966,0.086461661747131,-0.08831712263618,0.250612591412573,8.45311072717667
"Background_Yellow+Clothes_No+Earring_No",3,588,0.0809514668942713,0.0947762080833182,-0.104809900949032,0.266712834737575,8.43182699564649
"Background_Yellow+Clothes_No+Earring_No",3,589,0.0851876299675796,0.0901032028640101,-0.0914146476458802,0.261789907581039,8.892136181167
"Background_Yellow+Clothes_No+Earring_No",3,593,0.0848453087819643,0.0871295703879387,-0.0859286491783957,0.255619266742324,8.85486647547415
"Background_Yellow+Clothes_No+Earring_No",3,601,0.0931242169866192,0.0879317857336278,-0.0792220830512913,0.26547051702453,9.75980671249577
"Background_Yellow+Clothes_No+Earring_No",3,602,0.089559496597233,0.0960389124120136,-0.0986767717303138,0.27779576492478,9.36924023529979
"Background_Yellow+Clothes_No+Earring_No",3,603,0.0847087973468559,0.0844314880122661,-0.0807769191571857,0.250194513850898,8.84000755566237
"Background_Yellow+Clothes_No+Earring_No",3,611,0.0799435108460352,0.0925444286892628,-0.10144356938492,0.26133059107699,8.32258754333699
"Background_Yellow+Clothes_No+Earring_No",3,614,0.0923488643780838,0.0979480468485976,-0.0996293074451675,0.284327036201335,9.6747371437667
"Background_Yellow+Clothes_No+Earring_No",3,620,0.0905464415605888,0.0944008619519799,-0.0944792478652918,0.275572130986469,9.47723493974477
"Background_Yellow+Clothes_No+Earring_No",3,625,0.0905269757286288,0.0849969146407912,-0.0760669769673219,0.25712092842458,9.47510389502733
"Background_Yellow+Clothes_No+Earring_No",3,626,0.0890991051383682,0.0942923938630406,-0.0957139868331914,0.273912197109928,9.31889916042257
"Background_Yellow+Clothes_No+Earring_No",3,678,0.0844577648689491,0.097021846359983,-0.105705053996618,0.274620583734516,8.8126886079853
"Background_Yellow+Clothes_No+Earring_No",3,697,0.0812165096681878,0.0982918814536598,-0.111435577980985,0.273868597317361,8.46056987673245
"Background_Yellow+Clothes_No+Earring_No",3,711,0.0853634340571643,0.092449033107422,-0.0958366708333827,0.266563538947711,8.91128154689875
"Background_Yellow+Clothes_No+Earring_No",3,712,0.0866763681523302,0.0939078552837282,-0.0973830282037771,0.270735764508438,9.05436879329764
"Background_Yellow+Clothes_No+Earring_No",3,716,0.0849235195581805,0.0920757538423226,-0.0955449579727718,0.265391997089133,8.86338043201336
"Background_Yellow+Clothes_No+Earring_No",3,718,0.0839022831975638,0.0852308423647445,-0.0831501678373354,0.250954734232463,8.7522619383569
"Background_Yellow+Clothes_No+Earring_No",3,724,0.0912524146315716,0.0930659015202058,-0.0911567523480318,0.273661581611175,9.55455020753526
"Background_Yellow+Clothes_No+Earring_No",3,730,0.0847167729092504,0.0865415602135809,-0.0849046851093682,0.254338230927869,8.84087561939528
"Background_Yellow+Clothes_No+Earring_No",3,731,0.0799697994815912,0.0857980321749457,-0.0881943435813024,0.248133942544485,8.32543523379419
"Background_Yellow+Clothes_No+Earring_No",3,732,0.0914990840657492,0.0859019741618036,-0.0768687852913858,0.259866953422884,9.58157729968825
"Background_Yellow+Clothes_No+Earring_No",3,750,0.0869799399593157,0.0885178562072035,-0.0865150582068032,0.260474938125435,9.087479650599
"Background_Yellow+Clothes_No+Earring_No",3,751,0.0861678713077312,0.0958973420496209,-0.101790919109526,0.274126661724988,8.99892908752884
"Background_Yellow+Clothes_No+Earring_No",3,754,0.0886748507550982,0.0969540848287073,-0.101355155509168,0.278704857019364,9.27252997514005
"Background_Yellow+Clothes_No+Earring_No",3,761,0.088412169334334,0.0939380006999328,-0.0957063120375343,0.272530650706202,9.24382988137142
"Background_Yellow+Clothes_No+Earring_No",3,762,0.0833094151459062,0.0912939694130927,-0.0956267649037555,0.262245595195568,8.68780530573525
"Background_Yellow+Clothes_No+Earring_No",3,814,0.0893165956570715,0.0948362246006975,-0.0965624045602956,0.275195595874439,9.34267757020066
"Background_Yellow+Clothes_No+Earring_No",3,816,0.0804343512729375,0.0894220994067986,-0.0948329635643878,0.255701666110263,8.37576969935827
"Background_Yellow+Clothes_No+Earring_No",3,822,0.0767576965658841,0.0889583287814858,-0.0976006278458281,0.251116020977596,7.97804101910906
"Background_Yellow+Clothes_No+Earring_No",3,832,0.0885847364975187,0.0907152353466915,-0.0892171247819966,0.266386597777034,9.26268340589234
"Background_Yellow+Clothes_No+Earring_No",3,833,0.0833029353294562,0.0932851753254322,-0.099536008308391,0.266141878967303,8.68710103098831
"Background_Yellow+Clothes_No+Earring_No",3,837,0.0835769997432512,0.0915359322707194,-0.0958334275073589,0.262987426993861,8.71689237980724
"Background_Yellow+Clothes_No+Earring_No",3,838,0.078829633771847,0.0971905803571495,-0.111663903728166,0.26932317127186,8.20199667062827
"Background_Yellow+Clothes_No+Earring_No",3,839,0.0741556540236315,0.0951423394313808,-0.112323331261875,0.260634639309138,7.69744278533779
"Background_Yellow+Clothes_No+Earring_No",3,844,0.0902420837531446,0.089194742059411,-0.0845796106833008,0.26506377818959,9.44391975867835
"Background_Yellow+Clothes_No+Earring_No",3,850,0.0877612226743529,0.0933888701839291,-0.0952809628861481,0.270803408234854,9.17274111519428
"Background_Yellow+Clothes_No+Earring_No",3,852,0.0822959696077389,0.0866189036170293,-0.0874770814816385,0.252069020697116,8.57771193063765
"Background_Yellow+Clothes_No+Earring_No",3,859,0.0857111824953809,0.0887025813795718,-0.0881458770085798,0.259568241999342,8.94916186098915
"Background_Yellow+Clothes_No+Earring_No",3,862,0.082859379400009,0.0905606974110605,-0.0946395875256696,0.260358346325688,8.63890291294231
"Background_Yellow+Clothes_No+Earring_No",3,888,0.0849993628281954,0.0902631055371647,-0.0919163240246475,0.261915049681038,8.87163729988016
"Background_Yellow+Clothes_No+Earring_No",3,900,0.0800071189798185,0.0890258410563498,-0.0944835294906271,0.254497767450264,8.32947796011814
"Background_Yellow+Clothes_No+Earring_No",3,906,0.0904333056269289,0.0888201799758953,-0.0836542471258259,0.264520858379684,9.46484983116898
"Background_Yellow+Clothes_No+Earring_No",3,909,0.0867051619242153,0.0869904413019913,-0.0837961030276876,0.257206426876118,9.05750892512365
"Background_Yellow+Clothes_No+Earring_No",3,920,0.0865042882664783,0.0913501843829584,-0.0925420731241201,0.265550649657077,9.03560434450246
"Background_Yellow+Clothes_No+Earring_No",3,924,0.0806619819939918,0.086740562211205,-0.0893495199399699,0.250673483927954,8.40044216195843
"Background_Yellow+Clothes_No+Earring_No",3,932,0.0870069701527302,0.0901359331797489,-0.0896594588795775,0.263673399185038,9.09042834612479
"Background_Yellow+Clothes_No+Earring_No",3,934,0.0793164427315273,0.0854730061441142,-0.0882106493109365,0.246843534773991,8.25468319515843
"Background_Yellow+Clothes_No+Earring_No",3,936,0.0786492063447419,0.093346405267322,-0.104309747979209,0.261608160668693,8.18247582386238
"Background_Yellow+Clothes_No+Earring_No",3,944,0.0870270033526833,0.0871793536191494,-0.0838445297408495,0.257898536446216,9.09261379837953
"Background_Yellow+Clothes_No+Earring_No",3,945,0.0877861386728031,0.0939689947954413,-0.0963930911262619,0.271965368471868,9.17546129693059
"Background_Yellow+Clothes_No+Earring_No",3,949,0.0848810485075534,0.0845125159748066,-0.0807634828030674,0.250525579818174,8.85875698805354
"Background_Yellow+Clothes_No+Earring_No",3,952,0.0838000648711825,0.0925092053515411,-0.0975179776178381,0.265118107360203,8.74114603228571
"Background_Yellow+Clothes_No+Earring_No",3,962,0.0744619957160748,0.0943207591578978,-0.110406692233405,0.259330683665554,7.7304400561943
"Background_Yellow+Clothes_No+Earring_No",3,963,0.0816376198087894,0.0962873087547259,-0.107085505350473,0.270360744968052,8.50625334077286
"Background_Yellow+Clothes_No+Earring_No",3,972,0.0827218839576197,0.0935993173228352,-0.100732777995137,0.266176545910377,8.62396658578759
"Background_Yellow+Clothes_No+Earring_No",3,973,0.0871221078488465,0.090758762041952,-0.0907650657533795,0.265009281451073,9.10298948982959
"Background_Yellow+Clothes_No+Earring_No",3,974,0.0845683058368993,0.089299221331761,-0.0904581679733523,0.259594779647151,8.82471753274154
"Background_Yellow+Clothes_No+Earring_No",3,995,0.086119946170904,0.0978607394713352,-0.105687103192913,0.277926995534721,8.99370542411169
"Background_Yellow+Clothes_No+Earring_No",3,1000,0.0875692467546405,0.0860460207936924,-0.0810809540009967,0.256219447510278,9.15178458944967
"Background_Yellow+Clothes_No+Earring_No",3,1001,0.0847037160182561,0.0933894394891362,-0.0983395853804509,0.267747017416963,8.83945450522427
"Background_Yellow+Clothes_No+Earring_No",3,1010,0.0866414553663861,0.0929679289722736,-0.0955756854192702,0.268858596152042,9.05056146792624
"Background_Yellow+Clothes_No+Earring_No",3,1013,0.0858171181630921,0.0960352481372381,-0.102411968185895,0.274046204512079,8.96070407455274
"Background_Yellow+Clothes_No+Earring_No",3,1018,0.0815347178318562,0.0893626224119953,-0.0936160220956546,0.256685457759367,8.4950884072512
"Background_Yellow+Clothes_No+Earring_No",3,1020,0.075495818877468,0.0888999180312115,-0.0987480204637065,0.249739658218642,7.84187187078214
"Background_Yellow+Clothes_No+Earring_No",3,1022,0.0869777603372213,0.091501785373019,-0.0923657389938959,0.266321259668339,9.08724188137726
"Background_Yellow+Clothes_No+Earring_No",3,1027,0.0874755747232566,0.0941596748744214,-0.0970773880306094,0.272028537477123,9.14156059891646
"Background_Yellow+Clothes_No+Earring_No",3,1029,0.0777508327744301,0.087815065815689,-0.0943666962243203,0.249868361773181,8.08533118943096
"Background_Yellow+Clothes_No+Earring_No",3,1033,0.0818859625236054,0.0922095968021741,-0.0988448472086559,0.262616772255867,8.53320342459198
"Background_Yellow+Clothes_No+Earring_No",3,1049,0.0801287178101465,0.0958993487103716,-0.107834005662182,0.268091441282475,8.34265149885536
"Background_Yellow+Clothes_No+Earring_No",3,1057,0.0810899043713355,0.0975295350172959,-0.110067984262565,0.272247793005235,8.44683906330164
"Background_Yellow+Clothes_No+Earring_No",3,1068,0.0831916249394392,0.0977725458115067,-0.108442564851114,0.274825814729992,8.67500370067449
"Background_Yellow+Clothes_No+Earring_No",3,1070,0.084324240452094,0.0912074026063566,-0.094442268656365,0.263090749560553,8.79816042714749
"Background_Yellow+Clothes_No+Earring_No",3,1074,0.081809537264386,0.0849125817422779,-0.0846191229504786,0.248238197479251,8.52490906333976
"Background_Yellow+Clothes_No+Earring_No",3,1080,0.0882220077412787,0.0988216770357277,-0.105468479248748,0.281912494731305,9.22305787573117
"Background_Yellow+Clothes_No+Earring_No",3,1082,0.0893825242899246,0.0940858126522182,-0.095025668508423,0.273790717088272,9.34988662108418
"Background_Yellow+Clothes_No+Earring_No",3,1094,0.085133680252668,0.0904905893383876,-0.0922278748505718,0.262495235355908,8.88626163993025
"Background_Yellow+Clothes_No+Earring_No",3,1099,0.0868944609315421,0.0970276884628336,-0.103279808455612,0.277068730318696,9.07815535741763
"Background_Yellow+Clothes_No+Earring_No",3,1111,0.0857886404610019,0.0957664151499404,-0.101913533232881,0.273490814154885,8.95760116826458
"Background_Yellow+Clothes_No+Earring_No",3,1115,0.0882343814167542,0.0891652614658298,-0.0865295310562722,0.262998293889781,9.22440937476525
"Background_Yellow+Clothes_No+Earring_No",3,1119,0.0853994283785308,0.0881325119236049,-0.0873402949917347,0.258139151748796,8.91520180512029
"Background_Yellow+Clothes_No+Earring_No",3,1122,0.0858403014825132,0.0886391568688997,-0.0878924459805302,0.259573048945557,8.96323017464122
"Background_Yellow+Clothes_No+Earring_No",3,1133,0.0863102809684056,0.0918698601054353,-0.0937546448382476,0.266375206775059,9.01445269336354
"Background_Yellow+Clothes_No+Earring_No",3,1134,0.0874056353007962,0.0981831326644402,-0.105033304721506,0.279844575323099,9.13392756812974
"Background_Yellow+Clothes_No+Earring_No",3,1138,0.0790734156534385,0.0979204028203115,-0.112850573874372,0.270997405181249,8.22837757243087
"Background_Yellow+Clothes_No+Earring_No",3,1139,0.0901709090440393,0.0905370880641467,-0.0872817835616883,0.267623601649767,9.43613039673226
"Background_Yellow+Clothes_No+Earring_No",3,1140,0.0837701826417356,0.0938861599370249,-0.100246690834833,0.267787056118304,8.73789665295925
"Background_Yellow+Clothes_No+Earring_No",3,1144,0.0793973422036797,0.0906176946872289,-0.0982133393832889,0.257008023790648,8.26344129614505
"Background_Yellow+Clothes_No+Earring_No",3,1145,0.0845680079221847,0.0880024029694378,-0.0879167018979134,0.257052717742283,8.82468511226171
"Background_Yellow+Clothes_No+Earring_No",3,1147,0.0886809793391465,0.0930708977066945,-0.0937379801659747,0.271099938844268,9.27319966307632
"Background_Yellow+Clothes_No+Earring_No",3,1150,0.0786904278323585,0.0840963200621242,-0.086138359489405,0.243519215154122,8.18693535836357
"Background_Yellow+Clothes_No+Earring_No",3,1155,0.0827454088165486,0.0897228901627107,-0.0931114559023644,0.258602273535462,8.62652197933535
"Background_Yellow+Clothes_No+Earring_No",3,1156,0.0879303529550284,0.0987161929410601,-0.105553385209449,0.281414091119506,9.19120709307519
"Background_Yellow+Clothes_No+Earring_No",3,1172,0.0829367554484209,0.0901297777799574,-0.0937176090002956,0.259591119897138,8.64730928717534
"Background_Yellow+Clothes_No+Earring_No",3,1175,0.0825674090255643,0.0883560300090285,-0.0906104097921315,0.25574522784326,8.60718820188289
"Background_Yellow+Clothes_No+Earring_No",3,1177,0.0935142739658076,0.0872886787362605,-0.0775715363572629,0.264600084288878,9.80262764189663
"Background_Yellow+Clothes_No+Earring_No",3,1179,0.0879484927862811,0.094868506980476,-0.0979937808954517,0.273890766468014,9.19318782111114
"Background_Yellow+Clothes_No+Earring_No",3,1182,0.0845851362555144,0.0974920214806146,-0.10649922584649,0.275669498357519,8.82654911370637
"Background_Yellow+Clothes_No+Earring_No",3,1187,0.0835157382700226,0.0924818499691394,-0.0977486876694907,0.264780164209536,8.71023242681657
"Background_Yellow+Clothes_No+Earring_No",3,1189,0.0864514386837792,0.0866868424123395,-0.0834547724444061,0.256357649811965,9.02984201058332
"Background_Yellow+Clothes_No+Earring_No",3,1206,0.0855378655612053,0.0903542705341258,-0.0915565046856813,0.262632235808092,8.93028076252873
"Background_Yellow+Clothes_No+Earring_No",3,1207,0.0862410078993365,0.0860534715014241,-0.0824237962434547,0.254905812042128,9.00690118921355
"Background_Yellow+Clothes_No+Earring_No",3,1211,0.084470201175464,0.0894027639700049,-0.0907592162057456,0.259699618556674,8.81404184434815
"Background_Yellow+Clothes_No+Earring_No",3,1218,0.0845261775548637,0.0947100759765404,-0.101105571359155,0.270157926468883,8.82013303091815
"Background_Yellow+Clothes_No+Earring_No",3,1220,0.0860090705459707,0.0860629487020352,-0.0826743089100183,0.25469245000196,8.98162134883607
"Background_Yellow+Clothes_No+Earring_No",3,1225,0.0863829315982688,0.0970297685640257,-0.103795414787222,0.276561277983759,9.02237294971824
"Background_Yellow+Clothes_No+Earring_No",3,1232,0.0852316328725356,0.0923112523877558,-0.0956984218074657,0.266161687552537,8.8969278569089
"Background_Yellow+Clothes_No+Earring_No",3,1234,0.0861287664532481,0.0917198114661794,-0.0936420640204635,0.26589959692696,8.99466678360696
"Background_Yellow+Clothes_No+Earring_No",3,1237,0.0859639859259446,0.0921174483963413,-0.0945862129308843,0.266514184782774,8.97670806460533
"Background_Yellow+Clothes_No+Earring_No",3,1245,0.0886436175705929,0.0896188911118822,-0.0870094090086962,0.264296644149882,9.26911709934777
"Background_Yellow+Clothes_No+Earring_No",3,1253,0.085867619034599,0.0836824200084217,-0.0781499241819077,0.249885162251106,8.96620682401414
"Background_Yellow+Clothes_No+Earring_No",3,1255,0.0824449855399081,0.0946947236028276,-0.103156672721634,0.26804664380145,8.59389294517834
"Background_Yellow+Clothes_No+Earring_No",3,1273,0.0819211596514512,0.0926828462862892,-0.0997372190696756,0.263579538372578,8.53702354885675
"Background_Yellow+Clothes_No+Earring_No",3,1278,0.0807728354501263,0.0922518395802955,-0.100040770127253,0.261586441027506,8.412459391682
"Background_Yellow+Clothes_No+Earring_No",3,1279,0.0811109560844548,0.0872272915093062,-0.0898545352737855,0.252076447442695,8.44912207907691
"Background_Yellow+Clothes_No+Earring_No",3,1289,0.086919002337735,0.0974210743693558,-0.104026303426202,0.277864308101672,9.08083232158314
"Background_Yellow+Clothes_No+Earring_No",3,1304,0.0873978216608739,0.0979970178867915,-0.104676333397237,0.279471976718985,9.13307483824788
"Background_Yellow+Clothes_No+Earring_No",3,1305,0.0893616675568425,0.0889613437022752,-0.0850025660996169,0.263725901213302,9.34760596346997
"Background_Yellow+Clothes_No+Earring_No",3,1310,0.0895811770036474,0.0855179700164622,-0.0780340442286185,0.257196398235913,9.37161143058147
"Background_Yellow+Clothes_No+Earring_No",3,1355,0.0793177062916466,0.0812350127790516,-0.0799029187552946,0.238538331338588,8.25481998154527
"Background_Yellow+Clothes_No+Earring_No",3,1361,0.0915394444784155,0.0964709016090484,-0.0975435226753193,0.28062241163215,9.58600014662205
"Background_Yellow+Clothes_No+Earring_No",3,1369,0.0873811228626495,0.0899756140970975,-0.0889710807676615,0.263733326492961,9.13125246226734
"Background_Yellow+Clothes_No+Earring_No",3,1372,0.0922243535335905,0.099730637397201,-0.103247695764923,0.287696402832104,9.66108229973106
"Background_Yellow+Clothes_No+Earring_No",3,1378,0.09125798716822,0.0931761385498374,-0.0913672443894614,0.273883218725901,9.5551607059823
"Background_Yellow+Clothes_No+Earring_No",3,1384,0.0848282346463723,0.0820102825412152,-0.0759119191344094,0.245568388427154,8.85300788859102
"Background_Yellow+Clothes_No+Earring_No",3,1385,0.0853346393324472,0.0967697753065192,-0.10433412026833,0.275003398933225,8.90814552167873
"Background_Yellow+Clothes_No+Earring_No",3,1401,0.0801565067211078,0.094032589676063,-0.104147369043976,0.264460382486191,8.34566226498394
"Background_Yellow+Clothes_No+Earring_No",3,1404,0.0885983177883367,0.0833251723832502,-0.0747190200828338,0.251915655659507,9.26416734424809
"Background_Yellow+Clothes_No+Earring_No",3,1419,0.0860625794822316,0.0957824218176563,-0.101670967280375,0.273796126244838,8.98745299548764
"Background_Yellow+Clothes_No+Earring_No",3,1423,0.0841432288329034,0.0945854224603801,-0.101244199189442,0.269530656855248,8.77846847825317
"Background_Yellow+Clothes_No+Earring_No",3,1435,0.0827825427470518,0.0914394517715267,-0.0964387827251405,0.262003868219244,8.63055578394838
"Background_Yellow+Clothes_No+Earring_No",3,1443,0.0907493250064815,0.0846311634618032,-0.0751277553786527,0.256626405391616,9.49944831170269
"Background_Yellow+Clothes_No+Earring_No",3,1447,0.0883955238891574,0.0960432046848102,-0.0998491572930707,0.276640205071385,9.24201148432431
"Background_Yellow+Clothes_No+Earring_No",3,1458,0.0850122446571811,0.0926250002134051,-0.0965327557610928,0.266557245075455,8.87303977472646
"Background_Yellow+Clothes_No+Earring_No",3,1461,0.086059638749721,0.0975756473897002,-0.105188630134091,0.277307907633533,8.98713249301262
"Background_Yellow+Clothes_No+Earring_No",3,1468,0.0789057295038289,0.0912885151370742,-0.100019760164836,0.257831219172494,8.21023069404987
"Background_Yellow+Clothes_No+Earring_No",3,1471,0.0793677477802176,0.0996319144322625,-0.115910804507017,0.274646300067452,8.26023734942758
"Background_Yellow+Clothes_No+Earring_No",3,1476,0.0873236534681815,0.0938449462149814,-0.0966124411131819,0.271259748049545,9.12498093548295
"Background_Yellow+Clothes_No+Earring_No",3,1480,0.0840141255382072,0.0929475558102244,-0.0981630838498327,0.266191334926247,8.76442572608291
"Background_Yellow+Clothes_No+Earring_No",3,1485,0.0756006807172269,0.0881278567218672,-0.0971299184576327,0.248331279892087,7.85318096080518
"Background_Yellow+Clothes_No+Earring_No",3,1486,0.0888466370102237,0.0898985880396305,-0.087354595547452,0.265047869567899,9.29130310628936
"Background_Yellow+Clothes_No+Earring_No",3,1489,0.0837046545304951,0.0885660392767056,-0.0898847824518478,0.257294091512838,8.73077149742287
"Background_Yellow+Clothes_No+Earring_No",3,1491,0.0812271425326336,0.089280980214501,-0.0937635786877884,0.256217863753056,8.46172312940086
"Background_Yellow+Clothes_No+Earring_No",3,1508,0.0888157573851005,0.0929585520338238,-0.0933830046011941,0.271014519371395,9.2879282839271
"Background_Yellow+Clothes_No+Earring_No",3,1509,0.0837185874494164,0.0888875567201856,-0.0905010237221472,0.25793819862098,8.73228644500019
"Background_Yellow+Clothes_No+Earring_No",3,1512,0.0854224971995763,0.0949089562009927,-0.100599056954369,0.271444051353522,8.91771437940081
"Background_Yellow+Clothes_No+Earring_No",3,1514,0.0866298216699509,0.0936239531719031,-0.0968731265469792,0.270132769886881,9.04929281417763
"Background_Yellow+Clothes_No+Earring_No",3,1522,0.0890626079452016,0.0907103418998386,-0.088729662178482,0.266854878068885,9.31490940025112
"Background_Yellow+Clothes_No+Earring_No",3,1524,0.0825741502483077,0.0892705560986704,-0.0923961397050864,0.257544440201702,8.60792034959788
"Background_Yellow+Clothes_No+Earring_No",3,1531,0.0850603409039913,0.090811802102932,-0.0929307912177555,0.263051473025738,8.87827628524567
"Background_Yellow+Clothes_No+Earring_No",3,1546,0.0831063848239649,0.085447645592955,-0.0843710005382268,0.250583770186157,8.66574062560828
"Background_Yellow+Clothes_No+Earring_No",3,1552,0.0789892692820298,0.084697171561237,-0.0870171869779947,0.244995725542054,8.21927093032553
"Background_Yellow+Clothes_No+Earring_No",3,1554,0.0835951067868928,0.0898275475454513,-0.0924668864021918,0.259657099975977,8.71886093914449
"Background_Yellow+Clothes_No+Earring_No",3,1560,0.0916296111580227,0.0902879928928237,-0.0853348549119118,0.268594077227957,9.59588159786884
"Background_Yellow+Clothes_No+Earring_No",3,1562,0.0872668034205688,0.0902606632368663,-0.0896440965236892,0.264177703364827,9.11877735145972
"Background_Yellow+Clothes_No+Earring_No",3,1575,0.079893795680462,0.0834081473839036,-0.083586173191989,0.243373764552913,8.31720240182465
"Background_Yellow+Clothes_No+Earring_No",3,1576,0.0869842856806495,0.0874162397337782,-0.0843515441975557,0.258320115558855,9.08795371541664
"Background_Yellow+Clothes_No+Earring_No",3,1581,0.0851698162549167,0.0924229570081965,-0.0959791794811484,0.266318811990982,8.890196425219
"Background_Yellow+Clothes_No+Earring_No",3,1582,0.0851644421337728,0.0924456139319977,-0.0960289611729427,0.266357845440488,8.88961123768448
"Background_Yellow+Clothes_No+Earring_No",3,1585,0.0849411975601742,0.100586321528769,-0.112207992636212,0.282090387756561,8.86530493608031
"Background_Yellow+Clothes_No+Earring_No",3,1591,0.0802978977425813,0.0900159961803622,-0.0961334547709286,0.256729250256091,8.36098245188672
"Background_Yellow+Clothes_No+Earring_No",3,1596,0.0776434256368687,0.0912166175382376,-0.101141144738077,0.256427996011814,8.07372267682522
"Background_Yellow+Clothes_No+Earring_No",3,1599,0.0769520336985723,0.0830656013223651,-0.0858565448932632,0.239760612290408,7.99902720112518
"Background_Yellow+Clothes_No+Earring_No",3,1601,0.0934767952748807,0.092129890496465,-0.0870977900981907,0.274051380647952,9.79851246026857
"Background_Yellow+Clothes_No+Earring_No",3,1602,0.0827543226959855,0.0948361756485541,-0.103124581575181,0.268633226967152,8.62749026737153
"Background_Yellow+Clothes_No+Earring_No",3,1603,0.0834824531064068,0.0922160137138401,-0.0972609337727197,0.264225839985533,8.70661404916302
"Background_Yellow+Clothes_No+Earring_No",3,1608,0.085545131597652,0.0864414800401721,-0.0838801692810853,0.254970432476389,8.93107225679439
"Background_Yellow+Clothes_No+Earring_No",3,1610,0.0873447746570985,0.0893601915490838,-0.0878012007791057,0.262490750093303,9.1272858091616
"Background_Yellow+Clothes_No+Earring_No",3,1628,0.0807905137588709,0.0834687144239707,-0.0828081665121116,0.244389194029853,8.41437595755168
"Background_Yellow+Clothes_No+Earring_No",3,1629,0.0793308843559979,0.0888406962735171,-0.0947968803400957,0.253458649052091,8.2562465799292
"Background_Yellow+Clothes_No+Earring_No",3,1637,0.0869489988303391,0.0910406262567628,-0.091490628632916,0.265388626293594,9.08410441303851
"Background_Yellow+Clothes_No+Earring_No",3,1643,0.0815169824816707,0.0853699739527692,-0.085808166465757,0.248842131429098,8.49316422592794
"Background_Yellow+Clothes_No+Earring_No",3,1647,0.0827505828873474,0.0951821400822476,-0.103806411673858,0.269307577448553,8.62708402210473
"Background_Yellow+Clothes_No+Earring_No",3,1649,0.0844967893134965,0.0972516108454819,-0.106116367943648,0.275109946570641,8.81693504557484
"Background_Yellow+Clothes_No+Earring_No",3,1650,0.0843507142706368,0.0915779062022547,-0.0951419818857824,0.263843410427056,8.8010407680311
"Background_Yellow+Clothes_No+Earring_No",3,1660,0.0899550616095026,0.0921443089960324,-0.090647784022721,0.270557907241726,9.41251143787805
"Background_Yellow+Clothes_No+Earring_No",3,1664,0.0829678021536154,0.0923483267878721,-0.098034918350614,0.263970522657845,8.65068248051997
"Background_Yellow+Clothes_No+Earring_No",3,1670,0.0827296964627987,0.0822403959836159,-0.0784614796650884,0.243920872590686,8.62481521440408
"Background_Yellow+Clothes_No+Earring_No",3,1684,0.0815149869937357,0.0969120169091464,-0.108432566148191,0.271462540135663,8.4929477293437
"Background_Yellow+Clothes_No+Earring_No",3,1685,0.0859630054423531,0.0931536410009873,-0.096618130919582,0.268544141804288,8.97660121478361
"Background_Yellow+Clothes_No+Earring_No",3,1688,0.0791605237417819,0.0929088659917981,-0.102940853602142,0.261261901085706,8.23780555012632
"Background_Yellow+Clothes_No+Earring_No",3,1698,0.0855585502633908,0.0943803788734324,-0.0994269923285368,0.270544092855318,8.93253397624871
"Background_Yellow+Clothes_No+Earring_No",3,1718,0.084848760001226,0.0905817814638109,-0.0926915316678434,0.262389051670295,8.85524215813433
"Background_Yellow+Clothes_No+Earring_No",3,1721,0.0829025209498909,0.0966190787542287,-0.106470873408397,0.272275915308179,8.64358986469191
"Background_Yellow+Clothes_No+Earring_No",3,1729,0.0854249649375459,0.0911537849998763,-0.0932364536622117,0.264086383537304,8.91798316011179
"Background_Yellow+Clothes_No+Earring_No",3,1734,0.079473922489211,0.0793785348040284,-0.0761080057266847,0.235055850705107,8.27173245885786
"Background_Yellow+Clothes_No+Earring_No",3,1747,0.0843737040074476,0.0926993846034957,-0.097317089815404,0.266064497830299,8.8035421040755
"Background_Yellow+Clothes_No+Earring_No",3,1749,0.0880794598972765,0.0906436737750235,-0.0895821407017696,0.265741060496323,9.20748947396308
"Background_Yellow+Clothes_No+Earring_No",3,1752,0.085401367130978,0.0920149112882519,-0.0949478589939959,0.265750593255952,8.91541296493901
"Background_Yellow+Clothes_No+Earring_No",3,1753,0.0804578462466512,0.0911561777969664,-0.0982082622354029,0.259123954728705,8.37831601513124
"Background_Yellow+Clothes_No+Earring_No",3,1755,0.0852776818480664,0.0872029543348738,-0.0856401086482861,0.256195472344419,8.90194256433534
"Background_Yellow+Clothes_No+Earring_No",3,1756,0.0850116751287248,0.0950724025160897,-0.101330233802811,0.271353584060261,8.87297776844984
"Background_Yellow+Clothes_No+Earring_No",3,1758,0.0806818899090115,0.0892010639437487,-0.094152195420736,0.255515975238759,8.40260021023014
"Background_Yellow+Clothes_No+Earring_No",3,1760,0.0839443153847528,0.0927859615989857,-0.0979161693492592,0.265804800118765,8.75683312985585
"Background_Yellow+Clothes_No+Earring_No",3,1763,0.0808129587660082,0.0865973770031192,-0.0889179001601054,0.250543817692122,8.41680934630242
"Background_Yellow+Clothes_No+Earring_No",3,1766,0.0827175509345497,0.0875886303292413,-0.0889561645107632,0.254391266379863,8.62349591665414
"Background_Yellow+Clothes_No+Earring_No",3,1769,0.0877056503074846,0.0899304770918099,-0.0885580847924629,0.263969385407432,9.1666742961483
"Background_Yellow+Clothes_No+Earring_No",3,1772,0.0873186539161395,0.0855106987616942,-0.0802823156567812,0.25491962348906,9.1244353608255
"Background_Yellow+Clothes_No+Earring_No",3,1774,0.0837999920184292,0.089387587239621,-0.0913996789712281,0.258999663008086,8.74113811019413
"Background_Yellow+Clothes_No+Earring_No",3,1793,0.0885357001520309,0.0899259486602968,-0.0877191592221509,0.264790559526213,9.25732569456228
"Background_Yellow+Clothes_No+Earring_No",3,1794,0.0795359779917618,0.0909740937809001,-0.0987732458188023,0.257845201802326,8.27845152410296
"Background_Yellow+Clothes_No+Earring_No",3,1803,0.078888807860667,0.095663841387813,-0.108612321259446,0.26638993698078,8.20839961463207
"Background_Yellow+Clothes_No+Earring_No",3,1804,0.0807403268145986,0.0940027439314342,-0.103505051291012,0.26498570492021,8.40893510783813
"Background_Yellow+Clothes_No+Earring_No",3,1809,0.0857572697154833,0.0913803858607217,-0.0933482865715312,0.264862826002498,8.95418314069934
"Background_Yellow+Clothes_No+Earring_No",3,1814,0.0852085552648976,0.0909615659137151,-0.0930761139259841,0.263493224455779,8.89441480533255
"Background_Yellow+Clothes_No+Earring_No",3,1822,0.079567242461087,0.0919676904128912,-0.10068943074818,0.259823915670354,8.28183684534909
"Background_Yellow+Clothes_No+Earring_No",3,1825,0.0839155013475515,0.0803923141607097,-0.0736534344074394,0.241484437102542,8.75369945156732
"Background_Yellow+Clothes_No+Earring_No",3,1840,0.0843952797374438,0.0918158702964147,-0.0955638260435289,0.264354385518417,8.80588964524744
"Background_Yellow+Clothes_No+Earring_No",3,1844,0.0850587564660787,0.0809593380231025,-0.0736215460592022,0.24373905899136,8.87810377451355
"Background_Yellow+Clothes_No+Earring_No",3,1852,0.0771724677852581,0.0886303935682786,-0.096543103608568,0.250888039179084,8.02283649214246
"Background_Yellow+Clothes_No+Earring_No",3,1853,0.0822275805520797,0.0859207008706612,-0.0861769931544163,0.250632154258576,8.57028665735971
"Background_Yellow+Clothes_No+Earring_No",3,1854,0.0802825730022439,0.0847107152796784,-0.0857504289459258,0.246315574950414,8.35932186069204
"Background_Yellow+Clothes_No+Earring_No",3,1857,0.0815435701390027,0.0916417459344214,-0.0980742518924633,0.261161392170469,8.49604884334869
"Background_Yellow+Clothes_No+Earring_No",3,1858,0.0838346076937424,0.0949334014040497,-0.102234859058195,0.26990407444568,8.74490232327414
"Background_Yellow+Clothes_No+Earring_No",3,1859,0.0859376538506582,0.0923791388463416,-0.0951254582881714,0.267000765989488,8.97383851950482
"Background_Yellow+Clothes_No+Earring_No",3,1862,0.076816777224123,0.0809019487178038,-0.0817510422627725,0.235384596711018,7.98442062130149
"Background_Yellow+Clothes_No+Earring_No",3,1877,0.077723523145801,0.0916042230622123,-0.101820754056135,0.257267800347737,8.08237945948143
"Background_Yellow+Clothes_No+Earring_No",3,1883,0.0812796605406366,0.0886530591885709,-0.0924803354689624,0.255039656550236,8.46741947262317
"Background_Yellow+Clothes_No+Earring_No",3,1887,0.0852864943914503,0.0933877222616024,-0.0977534412412905,0.268326430024191,8.90290227165751
"Background_Yellow+Clothes_No+Earring_No",3,1893,0.0867200516872429,0.0932944530201355,-0.0961370762322228,0.269577179606709,9.05913277767729
"Background_Yellow+Clothes_No+Earring_No",3,1905,0.083245047270176,0.0897756659910264,-0.0927152580722358,0.259205352612588,8.68080952774404
"Background_Yellow+Clothes_No+Earring_No",3,1910,0.0795943435955024,0.0834326640491593,-0.0839336779408499,0.243122365131855,8.2847714457295
"Background_Yellow+Clothes_No+Earring_No",3,1916,0.0827560329462178,0.0884299760762528,-0.0905667201632376,0.256078786055673,8.62767604772086
"Background_Yellow+Clothes_No+Earring_No",3,1917,0.0761625048152089,0.0823815703139047,-0.0853053730000442,0.237630382630462,7.91379250183084
"Background_Yellow+Clothes_No+Earring_No",3,1919,0.0829543372578755,0.0860058875946274,-0.0856172024275943,0.251525876943345,8.64921952025761
"Background_Yellow+Clothes_No+Earring_No",3,1921,0.0851429738712361,0.0889678454484922,-0.0892340032078087,0.259519950950281,8.88727359201558
"Background_Yellow+Clothes_No+Earring_No",3,1931,0.0926574510706237,0.0902418011231657,-0.0842164791307811,0.269531381272028,9.70858653062363
"Background_Yellow+Clothes_No+Earring_No",3,1955,0.0836395068190172,0.0883531895251995,-0.0895327446503739,0.256811758288408,8.72368816722646
"Background_Yellow+Clothes_No+Earring_No",3,1957,0.0863723846797375,0.0852769808749827,-0.0807704978352285,0.253515267194704,9.02122310569631
"Background_Yellow+Clothes_No+Earring_No",3,1980,0.0861643055587744,0.0889535696265024,-0.0881846909091703,0.260513302026719,8.99854042540407
"Background_Yellow+Clothes_No+Earring_No",3,1982,0.082475556860922,0.0853402468782763,-0.0847913270204994,0.249742440742343,8.59721285468646
"Background_Yellow+Clothes_No+Earring_No",3,1986,0.0815843092542317,0.0879593003725521,-0.0908159194759703,0.253984537984434,8.50046896641976
"Background_Yellow+Clothes_No+Earring_No",3,1989,0.0882091466499077,0.0868602471672695,-0.0820369377979406,0.258455231097756,9.22165315703714
"Background_Yellow+Clothes_No+Earring_No",3,1991,0.0856903906629384,0.0953653966923989,-0.101225786854163,0.27260656818004,8.9468966318202
"Background_Yellow+Clothes_No+Earring_No",3,1998,0.0892923487439694,0.087499341786326,-0.0822063611572297,0.260791058645168,9.34002637994098
"Background_Yellow+Clothes_No+Earring_No",3,2011,0.0895077693891449,0.0965424847181137,-0.0997155006583578,0.278731039436648,9.36358301616904
"Background_Yellow+Clothes_No+Earring_No",3,2020,0.0870228144000342,0.0941445359847015,-0.0975004761299807,0.271546104930049,9.09215681554312
"Background_Yellow+Clothes_No+Earring_No",3,2022,0.0775000634612004,0.0947317502724442,-0.10817416707279,0.263174293995191,8.05823010336077
"Background_Yellow+Clothes_No+Earring_No",3,2030,0.0846591046426792,0.0794819561936805,-0.0711255294969346,0.240443738782293,8.83459913574494
"Background_Yellow+Clothes_No+Earring_No",3,2043,0.085103066512173,0.0896264681131341,-0.0905648109895698,0.260770944013916,8.88292827519659
"Background_Yellow+Clothes_No+Earring_No",3,2047,0.0820140466496739,0.0886982063821082,-0.0918344378592581,0.255862531158606,8.54710569541315
"Background_Yellow+Clothes_No+Earring_No",3,2049,0.0793791241126548,0.0951300770429628,-0.107075826891552,0.265834075116862,8.261468960883
"Background_Yellow+Clothes_No+Earring_No",3,2056,0.0916984138844762,0.0894439591143653,-0.0836117459796798,0.267008573748632,9.60342235274012
"Background_Yellow+Clothes_No+Earring_No",3,2059,0.0848232678871006,0.093904646458579,-0.0992298391717143,0.268876374945915,8.85246724324749
"Background_Yellow+Clothes_No+Earring_No",3,2064,0.0901410735932895,0.0895315561474658,-0.0853407764557435,0.265622923642322,9.43286536916059
"Background_Yellow+Clothes_No+Earring_No",3,2075,0.087780677408767,0.0970167073640001,-0.102372069024673,0.277933423842207,9.17486506253828
"Background_Yellow+Clothes_No+Earring_No",3,2080,0.084589874639241,0.0881920928578818,-0.0882666273622073,0.257446376640689,8.82706477687742
"Background_Yellow+Clothes_No+Earring_No",3,2086,0.084601631323809,0.0889427448193171,-0.0897261485220525,0.25892941116967,8.82834422987151
"Background_Yellow+Clothes_No+Earring_No",3,2088,0.0886761734488336,0.0844813473529112,-0.0769072673628723,0.25425961426054,9.2726745093265
"Background_Yellow+Clothes_No+Earring_No",3,2094,0.0888947849038617,0.090604216930028,-0.0886894802789931,0.266479050086717,9.29656537900956
"Background_Yellow+Clothes_No+Earring_No",3,2095,0.0916470915816665,0.0955432630076848,-0.0956177039133958,0.278911887076729,9.59779739705322
"Background_Yellow+Clothes_No+Earring_No",3,2098,0.0805772713076929,0.0821509752505287,-0.0804386401833433,0.241593182798729,8.3912598750322
"Background_Yellow+Clothes_No+Earring_No",3,2100,0.0838622593814029,0.0844904531749511,-0.0817390288415012,0.249463547604307,8.74790934492227
"Background_Yellow+Clothes_No+Earring_No",3,2102,0.0762575238660212,0.0925271319265511,-0.105095654710019,0.257610702442061,7.92404685513566
"Background_Yellow+Clothes_No+Earring_No",3,2103,0.0841234711518296,0.0934851716364014,-0.0991074652555171,0.267354407559176,8.77631928919684
"Background_Yellow+Clothes_No+Earring_No",3,2109,0.0792219080805468,0.0811748427075188,-0.0798807836261901,0.238324599787284,8.24444986017556
"Background_Yellow+Clothes_No+Earring_No",3,2116,0.0825605760960572,0.0864262844859473,-0.0868349414963995,0.251956093688514,8.60644609915733
"Background_Yellow+Clothes_No+Earring_No",3,2119,0.0922220785925911,0.0862962733850113,-0.0769186172420311,0.261362774427213,9.66083282752268
"Background_Yellow+Clothes_No+Earring_No",3,2122,0.083839864409282,0.0911841284722747,-0.0948810273963763,0.26256075621494,8.74547396579453
"Background_Yellow+Clothes_No+Earring_No",3,2125,0.0824121790542474,0.0844082396815605,-0.0830279707216112,0.247852328830106,8.59033041962389
"Background_Yellow+Clothes_No+Earring_No",3,2129,0.0911263910887825,0.087848219691036,-0.0810561195056481,0.263308901683213,9.54074462492194
"Background_Yellow+Clothes_No+Earring_No",3,2130,0.0874603017741715,0.0888155382421675,-0.0866181531804769,0.26153875672882,9.13989369814765
"Background_Yellow+Clothes_No+Earring_No",3,2137,0.0885234151726581,0.0863583875726693,-0.0807390244697737,0.25778585481509,9.25598347881436
"Background_Yellow+Clothes_No+Earring_No",3,2138,0.0810682169662457,0.0836101114339466,-0.0828076014442896,0.244944035376781,8.44448715827562
"Background_Yellow+Clothes_No+Earring_No",3,2143,0.0780923759617123,0.0912366546465371,-0.1007314671455,0.256916219068925,8.12225330283307
"Background_Yellow+Clothes_No+Earring_No",3,2153,0.0867528626392869,0.0857177965849234,-0.0812540186671629,0.254759743945737,9.06271117035773
"Background_Yellow+Clothes_No+Earring_No",3,2158,0.085647383117364,0.0860219317108959,-0.0829556030359919,0.25425036927072,8.94221119395344
"Background_Yellow+Clothes_No+Earring_No",3,2160,0.0907194006016524,0.0887021840761732,-0.083136880187647,0.264575681390952,9.49617165490908
"Background_Yellow+Clothes_No+Earring_No",3,2173,0.0838740171253707,0.0987097368250754,-0.109597067051777,0.277345101302518,8.74918798251432
"Background_Yellow+Clothes_No+Earring_No",3,2182,0.0917434202902374,0.0974321903595971,-0.0992236728145729,0.282710513395048,9.60835531984607
"Background_Yellow+Clothes_No+Earring_No",3,2189,0.0890138996809813,0.102960399504107,-0.112788483347068,0.290816282709031,9.30958499043326
"Background_Yellow+Clothes_No+Earring_No",3,2192,0.0889647593505842,0.0946171865398358,-0.096484926267494,0.274414444968662,9.30421361328797
"Background_Yellow+Clothes_No+Earring_No",3,2198,0.084516861426685,0.085856104490453,-0.0837611033746028,0.252794826227973,8.81911925333265
"Background_Yellow+Clothes_No+Earring_No",3,2200,0.0862675225383654,0.0877669354804893,-0.0857556710033937,0.258290716080124,9.00979150616792
"Background_Yellow+Clothes_No+Earring_No",3,2203,0.0844462246247056,0.0971811619822461,-0.106028852860497,0.274921302109908,8.81143289022763
"Background_Yellow+Clothes_No+Earring_No",3,2205,0.0864704795201373,0.097147620205767,-0.103938856083166,0.27687981512344,9.03191804972789
"Background_Yellow+Clothes_No+Earring_No",3,2206,0.0896906307174337,0.0910072613048643,-0.0886836014401003,0.268064862874968,9.3835832148015
"Background_Yellow+Clothes_No+Earring_No",3,2211,0.0856766367207668,0.0892952219365754,-0.089341998274921,0.260695271716455,8.94539819280891
"Background_Yellow+Clothes_No+Earring_No",3,2214,0.0766948604580841,0.0871755581565247,-0.0941692335287042,0.247558954444872,7.97125631244806
"Background_Yellow+Clothes_No+Earring_No",3,2215,0.0808404032889622,0.0941593361502416,-0.103711895565511,0.265392702143436,8.41978483474539
"Background_Yellow+Clothes_No+Earring_No",3,2216,0.0841775667748755,0.0902863168955342,-0.0927836143403716,0.261138747890123,8.78220377112235
"Background_Yellow+Clothes_No+Earring_No",3,2243,0.0842090994148046,0.0978061844906866,-0.107491022186941,0.27590922101655,8.78563401526662
"Background_Yellow+Clothes_No+Earring_No",3,2247,0.0790419528549543,0.0908822774408048,-0.099087310929023,0.257171216638932,8.22497245836453
"Background_Yellow+Clothes_No+Earring_No",3,2248,0.082617202600727,0.091806078144673,-0.0973227105628322,0.262557115764286,8.6125962767144
"Background_Yellow+Clothes_No+Earring_No",3,2250,0.0824053665012034,0.0898469874707992,-0.093694728941563,0.25850546194397,8.58959064475773
"Background_Yellow+Clothes_No+Earring_No",3,2251,0.0846293404752813,0.0957865526927077,-0.103112302802426,0.272370983752988,8.83135981272569
"Background_Yellow+Clothes_No+Earring_No",3,2266,0.0877043379394194,0.091776934133978,-0.0921784529631774,0.267587128842016,9.1665310293852
"Background_Yellow+Clothes_No+Earring_No",3,2277,0.0764663542140099,0.0961855177239245,-0.112057260524882,0.264989968952902,7.94658702485058
"Background_Yellow+Clothes_No+Earring_No",3,2279,0.0897113277553914,0.0936355455976477,-0.0938143416159982,0.273236997126781,9.3858471544036
"Background_Yellow+Clothes_No+Earring_No",3,2281,0.0837302052897772,0.0916531811325529,-0.0959100297300265,0.263370440309581,8.73354968668423
"Background_Yellow+Clothes_No+Earring_No",3,2288,0.0851591731708973,0.0931535522617275,-0.0974217892620886,0.267740135603883,8.88903750387682
"Background_Yellow+Clothes_No+Earring_No",3,2291,0.0906305485916637,0.0908213761978439,-0.0873793487561104,0.268640445939438,9.48644313217728
"Background_Yellow+Clothes_No+Earring_No",3,2294,0.091118016716906,0.0859053701524735,-0.0772565087819421,0.259492542215754,9.53982729383185
"Background_Yellow+Clothes_No+Earring_No",3,2301,0.081775492250643,0.0859383703673166,-0.0866637136692974,0.250214698170584,8.52121439421212
"Background_Yellow+Clothes_No+Earring_No",3,2302,0.086101675798901,0.0928450531168691,-0.0958746283101624,0.268077979907965,8.9917140867589
"Background_Yellow+Clothes_No+Earring_No",3,2315,0.0822471361382638,0.0910582799912686,-0.0962270926446227,0.26072136492115,8.57240983371737
"Background_Yellow+Clothes_No+Earring_No",3,2324,0.0878717669930655,0.0967665115469791,-0.101790595639014,0.277534129625145,9.18481020855539
"Background_Yellow+Clothes_No+Earring_No",3,2338,0.0800510829602692,0.0935470152139776,-0.103301066859127,0.263403232779665,8.33424065986226
"Background_Yellow+Clothes_No+Earring_No",3,2343,0.0872440070131456,0.0953873760285973,-0.0997152500029051,0.274203264029196,9.11628986370669
"Background_Yellow+Clothes_No+Earring_No",3,2355,0.08187607589491,0.0919533467457686,-0.0983524837267965,0.262104635516616,8.53213040241292
"Background_Yellow+Clothes_No+Earring_No",3,2365,0.0846144483720774,0.0958318795339514,-0.103216035514467,0.272444932258622,8.82973909695151
"Background_Yellow+Clothes_No+Earring_No",3,2368,0.0809978852909704,0.0858732962610806,-0.0873137753807476,0.249309545962688,8.43686034402584
"Background_Yellow+Clothes_No+Earring_No",3,2373,0.0820138241022314,0.0864341829311043,-0.087397174442733,0.251424822647196,8.54708153853507
"Background_Yellow+Clothes_No+Earring_No",3,2375,0.0801032040490727,0.0914607966214357,-0.0991599573289414,0.259366365427087,8.33988730559354
"Background_Yellow+Clothes_No+Earring_No",3,2378,0.082357708390465,0.0917959087894036,-0.097562272836766,0.262277689617696,8.58441559333929
"Background_Yellow+Clothes_No+Earring_No",3,2381,0.0856063462950902,0.0864679544140296,-0.0838708443564078,0.255083536946588,8.93774064352377
"Background_Yellow+Clothes_No+Earring_No",3,2388,0.0876022560783398,0.0953448129871199,-0.0992735773764153,0.274478089533095,9.15538767550694
"Background_Yellow+Clothes_No+Earring_No",3,2397,0.0877964000919481,0.0915000839229024,-0.0915437643969405,0.267136564580837,9.17658159784724
"Background_Yellow+Clothes_No+Earring_No",3,2407,0.0858140059595991,0.102120917554085,-0.114342992446407,0.285971004365606,8.96036496719659
"Background_Yellow+Clothes_No+Earring_No",3,2409,0.084251001042407,0.091645142727859,-0.0953734787041966,0.263875480789011,8.79019240589294
"Background_Yellow+Clothes_No+Earring_No",3,2413,0.0839910956635652,0.0890610794535495,-0.0905686200653918,0.258550811392522,8.76192092383567
"Background_Yellow+Clothes_No+Earring_No",3,2416,0.0789807569916997,0.092958202555001,-0.103217320016102,0.261178833999502,8.21834974039277
"Background_Yellow+Clothes_No+Earring_No",3,2422,0.0828401271357156,0.0856395146782434,-0.0850133216336415,0.250693575905073,8.63681138820427
"Background_Yellow+Clothes_No+Earring_No",3,2425,0.0841304546999602,0.0941994497223393,-0.100500466755825,0.268761376155745,8.77707893651058
"Background_Yellow+Clothes_No+Earring_No",3,2427,0.0846115928761146,0.097432338069608,-0.106355789740317,0.275578975492546,8.82942833451457
"Background_Yellow+Clothes_No+Earring_No",3,2428,0.0881814554467119,0.0980412079072559,-0.10397931205151,0.280342222944934,9.21862871992152
"Background_Yellow+Clothes_No+Earring_No",3,2433,0.0849439298965169,0.0890429329011774,-0.0895802185897908,0.259468078382825,8.86560239311582
"Background_Yellow+Clothes_No+Earring_No",3,2434,0.0848151594251807,0.0956269364796849,-0.102613636075002,0.272243954925363,8.85158462074032
"Background_Yellow+Clothes_No+Earring_No",3,2439,0.0860126428468829,0.0921652189167562,-0.0946311862299592,0.266656471923725,8.98201066467681
"Background_Yellow+Clothes_No+Earring_No",3,2442,0.0846969014653878,0.0906106196402333,-0.0928999130294694,0.262293715960245,8.83871281553454
"Background_Yellow+Clothes_No+Earring_No",3,2445,0.0876690218869817,0.0895318150841709,-0.0878133356779933,0.263151379451957,9.16267576652765
"Background_Yellow+Clothes_No+Earring_No",3,2459,0.0846992820697227,0.0920212151603445,-0.0956622996445525,0.265060863783998,8.83897191775449
"Background_Yellow+Clothes_No+Earring_No",3,2467,0.0779667855302235,0.0896957170934718,-0.0978368199729812,0.253770391033428,8.10867503505532
"Background_Yellow+Clothes_No+Earring_No",3,2468,0.088194523141118,0.0922447198162985,-0.092605127698827,0.268994173981063,9.22005596491047
"Background_Yellow+Clothes_No+Earring_No",3,2469,0.0847459021474377,0.0906239421687137,-0.0928770245032412,0.262368828798117,8.8440461173626
"Background_Yellow+Clothes_No+Earring_No",3,2481,0.0822689014514628,0.0882523456415027,-0.0907056960058824,0.255243498908808,8.57477297193929
"Background_Yellow+Clothes_No+Earring_No",3,2486,0.091625282851169,0.0917801146715064,-0.0882637419049837,0.271514307607322,9.59540723428998
"Background_Yellow+Clothes_No+Earring_No",3,2491,0.0807620592732711,0.0938904587916742,-0.10326323995841,0.264787358504953,8.41129112614103
"Background_Yellow+Clothes_No+Earring_No",3,2493,0.0829975333904074,0.0895141875889869,-0.0924502742840068,0.258445341064822,8.65391284770958
"Background_Yellow+Clothes_No+Earring_No",3,2494,0.087722655495697,0.0912825183721482,-0.0911910805137135,0.266636391505107,9.16853071177555
"Background_Yellow+Clothes_No+Earring_No",3,2500,0.0780772018700458,0.0891842399451828,-0.0967239084225125,0.252878312162604,8.12061265829793
"Background_Yellow+Clothes_No+Earring_No",3,2506,0.0844055898087379,0.0811442253112089,-0.0746370918012314,0.243448271418707,8.80701144750982
"Background_Yellow+Clothes_No+Earring_No",3,2508,0.0864378380233171,0.0910322884727659,-0.091985447383304,0.264861123429938,9.02835914280591
"Background_Yellow+Clothes_No+Earring_No",3,2524,0.0843244927187072,0.0867402949645247,-0.0856864854117612,0.254335470849176,8.79818787329443
"Background_Yellow+Clothes_No+Earring_No",3,2527,0.0800166501821926,0.0897659672352114,-0.0959246455988217,0.255957945963207,8.3305104752162
"Background_Yellow+Clothes_No+Earring_No",3,2534,0.0792821490639118,0.0946126386930032,-0.106158622774374,0.264722920902198,8.25097080869117
"Background_Yellow+Clothes_No+Earring_No",3,2538,0.0857086280711264,0.0802981546290099,-0.071675755001733,0.243093011143986,8.94888355896304
"Background_Yellow+Clothes_No+Earring_No",3,2547,0.0814289116287379,0.0945755453937762,-0.103939157343063,0.266796980600539,8.48360956116709
"Background_Yellow+Clothes_No+Earring_No",3,2551,0.0797624877998591,0.0928692612887547,-0.1022612643261,0.261786239925818,8.30298043329314
"Background_Yellow+Clothes_No+Earring_No",3,2554,0.0773482750982728,0.0879659689716899,-0.0950650240862394,0.249761574282785,8.04182936626452
"Background_Yellow+Clothes_No+Earring_No",3,2559,0.081792819757741,0.0892057873072795,-0.0930505233645269,0.256636162880009,8.52309481261626
"Background_Yellow+Clothes_No+Earring_No",3,2562,0.086808321900485,0.097465508507317,-0.104224074773856,0.277840718574826,9.06875987547031
"Background_Yellow+Clothes_No+Earring_No",3,2563,0.0902370713584068,0.0959097943515877,-0.0977461255707052,0.278220268287519,9.44337118392571
"Background_Yellow+Clothes_No+Earring_No",3,2566,0.0789898760088061,0.0894442115981718,-0.0963207787236106,0.254300530741223,8.21933658987481
"Background_Yellow+Clothes_No+Earring_No",3,2573,0.0877020386992413,0.088708745512554,-0.0861671025053647,0.261571179903847,9.1662800295995
"Background_Yellow+Clothes_No+Earring_No",3,2574,0.0851708057258614,0.0899677868440115,-0.0911660564884012,0.261507667940124,8.89030416895784
"Background_Yellow+Clothes_No+Earring_No",3,2575,0.0863140498207067,0.0904280647236478,-0.090924957037643,0.263553056679056,9.01486355350867
"Background_Yellow+Clothes_No+Earring_No",3,2577,0.0834726921498005,0.0924748954199586,-0.0977781028733183,0.264723487172919,8.70555297379902
"Background_Yellow+Clothes_No+Earring_No",3,2580,0.0820579055452135,0.0940173724542202,-0.102216144465058,0.266331955555485,8.55186655598525
"Background_Yellow+Clothes_No+Earring_No",3,2585,0.085090126489366,0.0937792936674679,-0.0987172890988712,0.268897542077603,8.88151933673726
"Background_Yellow+Clothes_No+Earring_No",3,2597,0.0798968723346778,0.0907642114961739,-0.0980009821978231,0.257794726867179,8.31753565691473
"Background_Yellow+Clothes_No+Earring_No",3,2598,0.0807455496364707,0.0963397374905061,-0.108080335844921,0.269571435117863,8.40950130987412
"Background_Yellow+Clothes_No+Earring_No",3,2602,0.08743010700778,0.0987274540985661,-0.106075703025409,0.28093591704097,9.13659829430566
"Background_Yellow+Clothes_No+Earring_No",3,2610,0.0844577499299155,0.095220395846931,-0.102174225930069,0.2710897257899,8.8126869824289
"Background_Yellow+Clothes_No+Earring_No",3,2611,0.0854462074129717,0.0968796644493026,-0.104437934907661,0.275330349733605,8.9202968722669
"Background_Yellow+Clothes_No+Earring_No",3,2614,0.0883118184968148,0.0990547055392552,-0.105835404360126,0.282459041353755,9.23286772158918
"Background_Yellow+Clothes_No+Earring_No",3,2623,0.0838700895239757,0.0878889463960221,-0.0883922454122276,0.256132424460179,8.74876085989067
"Background_Yellow+Clothes_No+Earring_No",3,2626,0.0840035250460161,0.0881351760520111,-0.0887414200159256,0.256748470107958,8.76327277574827
"Background_Yellow+Clothes_No+Earring_No",3,2630,0.0824739109155564,0.0914689971714534,-0.0968053235404923,0.261753145371605,8.59703410975436
"Background_Yellow+Clothes_No+Earring_No",3,2635,0.0868668364859085,0.0801572063770263,-0.0702412880130631,0.24397496098488,9.07514217546408
"Background_Yellow+Clothes_No+Earring_No",3,2642,0.0824035902217212,0.0928603245202244,-0.0996026458379186,0.264409826281361,8.58939775946719
"Background_Yellow+Clothes_No+Earring_No",3,2645,0.0834906582556349,0.0956568086354247,-0.103996686669798,0.270978003181067,8.70750600681269
"Background_Yellow+Clothes_No+Earring_No",3,2650,0.0811562039926953,0.0913059219930494,-0.0978034031136815,0.260115811099072,8.45402928602108
"Background_Yellow+Clothes_No+Earring_No",3,2653,0.0852647109901564,0.0919158266896949,-0.0948903093216456,0.265419731301958,8.90053002187319
"Background_Yellow+Clothes_No+Earring_No",3,2686,0.0870465084768652,0.0910709397888362,-0.0914525335092538,0.265545550462984,9.09474168411128
"Background_Yellow+Clothes_No+Earring_No",3,2693,0.109381322377385,0.093208886772721,-0.0733080956971485,0.292070740451918,11.5587667786426
"Background_Yellow+Clothes_No+Earring_No",3,2695,0.085261412224853,0.094397894150294,-0.0997584603097233,0.270281284759429,8.90017078517573
"Background_Yellow+Clothes_No+Earring_No",3,2696,0.07972720510967,0.08436578985592,-0.0856297430079332,0.245084153227273,8.29915928019864
"Background_Yellow+Clothes_No+Earring_No",3,2697,0.0862489919066858,0.0958458238682098,-0.101608822875005,0.274106806688377,9.00777150458805
"Background_Yellow+Clothes_No+Earring_No",3,2709,0.0869930621739872,0.0835094261981184,-0.0766854131743248,0.250671537522299,9.08891112931702
"Background_Yellow+Clothes_No+Earring_No",3,2719,0.083202654130578,0.0996735310859867,-0.112157466797956,0.278562775059112,8.67620230467212
"Background_Yellow+Clothes_No+Earring_No",3,2721,0.0787125882415406,0.0856189302331063,-0.0891005150153478,0.246525691498429,8.18933285168388
"Background_Yellow+Clothes_No+Earring_No",3,2724,0.0820911951555884,0.0886125130118362,-0.0915893303476106,0.255771720658787,8.55548026547752
"Background_Yellow+Clothes_No+Earring_No",3,2727,0.0777242581534938,0.0929130297204758,-0.104385280098639,0.259833796405626,8.08245890089097
"Background_Yellow+Clothes_No+Earring_No",3,2735,0.112565740460176,0.0917753927014643,-0.067314029234694,0.292445510155046,11.9145827656181
"Background_Yellow+Clothes_No+Earring_No",3,2761,0.088994750079977,0.0932259251402163,-0.0937280631948468,0.271717563354801,9.30749177553693
"Background_Yellow+Clothes_No+Earring_No",3,2764,0.0895226509823737,0.0859430053337448,-0.078925639471766,0.257970941436514,9.36521053263553
"Background_Yellow+Clothes_No+Earring_No",3,2768,0.0854315193215222,0.092454780720594,-0.095779850890842,0.266642889533886,8.91869705273491
"Background_Yellow+Clothes_No+Earring_No",3,2773,0.0764253021900252,0.0856434654334983,-0.0914358900596315,0.244286494439682,7.94215568992924
"Background_Yellow+Clothes_No+Earring_No",3,2775,0.0894820450983542,0.0914291317940468,-0.0897190532179774,0.268683143414686,9.36076975174238
"Background_Yellow+Clothes_No+Earring_No",3,2784,0.0823808534518803,0.0838916825891476,-0.0820468444228491,0.24680855132661,8.58692881539118
"Background_Yellow+Clothes_No+Earring_No",3,2786,0.0878196454571301,0.0894571424857853,-0.087516353815009,0.263155644729269,9.17911947685264
"Background_Yellow+Clothes_No+Earring_No",3,2787,0.0830977389664922,0.094802994316975,-0.102716129894779,0.268911607827763,8.66480112116408
"Background_Yellow+Clothes_No+Earring_No",3,2804,0.0890529083683646,0.0945359032055523,-0.0962374619145179,0.274343278651247,9.31384909703021
"Background_Yellow+Clothes_No+Earring_No",3,2812,0.0845312222726138,0.0897585409125527,-0.0913955179159895,0.260457962461217,8.82068199915951
"Background_Yellow+Clothes_No+Earring_No",3,2827,0.0871326335089681,0.0904506235464363,-0.090150588642047,0.264415855659983,9.10413787685897
"Background_Yellow+Clothes_No+Earring_No",3,2828,0.0899634885034485,0.0911551436275019,-0.0887005930064551,0.268627570013352,9.41343344939314
"Background_Yellow+Clothes_No+Earring_No",3,2830,0.083921828161903,0.0929568994112752,-0.0982736946841963,0.266117351008002,8.75438751821043
"Background_Yellow+Clothes_No+Earring_No",3,2831,0.0800701259986112,0.0909957760015237,-0.0982815949643752,0.258421846961598,8.33630369260405
"Background_Yellow+Clothes_No+Earring_No",3,2836,0.0857560211887214,0.093523710439027,-0.0975504512717715,0.269062493649214,8.95404710857079
"Background_Yellow+Clothes_No+Earring_No",3,2837,0.0784478966735862,0.0923224616079732,-0.102504128078041,0.259399921425214,8.16069983716137
"Background_Yellow+Clothes_No+Earring_No",3,2840,0.0870969713242166,0.0999669304377802,-0.108838212333833,0.283032154982266,9.10024705431487
"Background_Yellow+Clothes_No+Earring_No",3,2844,0.0806837291354611,0.0927518461521925,-0.101109889322836,0.262477347593758,8.402799587343
"Background_Yellow+Clothes_No+Earring_No",3,2845,0.0864818639918072,0.0777167654557214,-0.0658429963014067,0.238806724285021,9.03315932757567
"Background_Yellow+Clothes_No+Earring_No",3,2848,0.0818166571977465,0.0825761512620091,-0.0800325992757914,0.243665913671284,8.525681756211
"Background_Yellow+Clothes_No+Earring_No",3,2849,0.085658456216594,0.0921180821192548,-0.0948929847371455,0.266209897170333,8.94341752854724
"Background_Yellow+Clothes_No+Earring_No",3,2850,0.0789778684313395,0.0796646084647778,-0.077164764159625,0.235120501022304,8.21803714560894
"Background_Yellow+Clothes_No+Earring_No",3,2853,0.0814453064081003,0.0941094407277995,-0.103009197418387,0.265899810234587,8.48538814058997
"Background_Yellow+Clothes_No+Earring_No",3,2856,0.0861297452869226,0.0964426008182041,-0.102897752316757,0.275157242890603,8.99477347130939
"Background_Yellow+Clothes_No+Earring_No",3,2875,0.0883187055151255,0.0917755752928602,-0.0915614220588805,0.268198833089132,9.23362001293984
"Background_Yellow+Clothes_No+Earring_No",3,2898,0.0759168267343101,0.0916932330710569,-0.103801910084962,0.255635563553582,7.887283704835
"Background_Yellow+Clothes_No+Earring_No",3,2901,0.0745239465559676,0.0952096125459734,-0.11208689403414,0.261134787146075,7.73711425417176
"Background_Yellow+Clothes_No+Earring_No",3,2908,0.0832669319216127,0.0887200817240637,-0.0906244282575522,0.257158292100778,8.68318799540429
"Background_Yellow+Clothes_No+Earring_No",3,2911,0.0881403246534527,0.0947852608919819,-0.0976387866948318,0.273919436001737,9.21413656346721
"Background_Yellow+Clothes_No+Earring_No",3,2912,0.0897814094507349,0.090549154273679,-0.0876949329256759,0.267257751827146,9.39351336864627
"Background_Yellow+Clothes_No+Earring_No",3,2917,0.0808731844929861,0.0802062490666292,-0.0763310636776072,0.238077432663579,8.42333902408725
"Background_Yellow+Clothes_No+Earring_No",3,2925,0.0901034479524313,0.0956237084543464,-0.0973190206180876,0.27752591652295,9.42874796493061
"Background_Yellow+Clothes_No+Earring_No",3,2930,0.0793700651145769,0.0857086729067223,-0.0886189337825987,0.247359064011753,8.26048822488601
"Background_Yellow+Clothes_No+Earring_No",3,2936,0.0874069585751778,0.0873460727943211,-0.0837913441016915,0.258605261252047,9.13407198235581
"Background_Yellow+Clothes_No+Earring_No",3,2946,0.0877592184322013,0.0882646135282733,-0.0852394240832143,0.260757860947617,9.17252230680401
"Background_Yellow+Clothes_No+Earring_No",3,2947,0.0887305314427444,0.0915083013293592,-0.0906257391627997,0.268086802048288,9.278614514144
"Background_Yellow+Clothes_No+Earring_No",3,2954,0.0824478136008438,0.0868552253681988,-0.0877884281208259,0.252684055322514,8.5942000557591
"Background_Yellow+Clothes_No+Earring_No",3,2969,0.0843372823794141,0.0871308653737549,-0.0864392137531454,0.255113778511974,8.79957937410125
"Background_Yellow+Clothes_No+Earring_No",3,2970,0.0805937161812954,0.0964830536813589,-0.108513069034168,0.269700501396759,8.39304237025686
"Background_Yellow+Clothes_No+Earring_No",3,2974,0.0870293951260011,0.0983601879892937,-0.105756573333015,0.279815363585017,9.09287472349443
"Background_Yellow+Clothes_No+Earring_No",3,2976,0.0862394847345844,0.0953363965700458,-0.100619852542705,0.273098822011874,9.00673515387036
"Background_Yellow+Clothes_No+Earring_No",3,2985,0.0843148177545614,0.088424485651645,-0.0889971741226628,0.257626809631786,8.79713525981962
"Background_Yellow+Clothes_No+Earring_No",3,2993,0.0802481264450522,0.0989855371409535,-0.113763526351217,0.274259779241321,8.35558931940128
"Background_Yellow+Clothes_No+Earring_No",3,2995,0.0823527938266218,0.0823429625491791,-0.0790394127697692,0.243745000423013,8.58388194960782
"Background_Yellow+Clothes_No+Earring_No",3,3011,0.0826046128707581,0.0876152123284722,-0.0891212032930473,0.254330429034564,8.61122888206365
"Background_Yellow+Clothes_No+Earring_No",3,3014,0.0842227501471079,0.0901023386734004,-0.092377833652757,0.260823333946973,8.78711902897074
"Background_Yellow+Clothes_No+Earring_No",3,3017,0.0829296991073454,0.0949637132553615,-0.103199178873163,0.269058577087854,8.64654263740896
"Background_Yellow+Clothes_No+Earring_No",3,3030,0.0885562335325432,0.0952990675526649,-0.0982299388706799,0.275342405935766,9.25956913983721
"Background_Yellow+Clothes_No+Earring_No",3,3040,0.0893078607144317,0.094772663507143,-0.0964465597595685,0.275062281188432,9.34172247235536
"Background_Yellow+Clothes_No+Earring_No",3,3043,0.0872469981979057,0.0899634421215941,-0.0890813483604189,0.26357534475623,9.11661625117814
"Background_Yellow+Clothes_No+Earring_No",3,3049,0.0832691557960476,0.0943278241183193,-0.101613379475858,0.268151691067953,8.68342969343632
"Background_Yellow+Clothes_No+Earring_No",3,3050,0.0859170541518839,0.0815582472678509,-0.0739371104931038,0.245771218796872,8.97159371437828
"Background_Yellow+Clothes_No+Earring_No",3,3053,0.092568287302447,0.0940789556220599,-0.0918264657167905,0.276963040321684,9.69880493573563
"Background_Yellow+Clothes_No+Earring_No",3,3061,0.082320980259935,0.0929187587181949,-0.0997997868277269,0.264441747347597,8.58042756398674
"Background_Yellow+Clothes_No+Earring_No",3,3066,0.0868215254764449,0.0968282272110866,-0.102961799857285,0.276604850810175,9.07019998263345
"Background_Yellow+Clothes_No+Earring_No",3,3068,0.0841207727804065,0.0943119709103871,-0.100730690203952,0.268972235764765,8.7760257706814
"Background_Yellow+Clothes_No+Earring_No",3,3083,0.0846911891271355,0.0938704100878966,-0.0992948146451418,0.268677192899413,8.83809109376774
"Background_Yellow+Clothes_No+Earring_No",3,3088,0.0811589776962213,0.0984504475170377,-0.111803899437173,0.274121854829615,8.45433010576173
"Background_Yellow+Clothes_No+Earring_No",3,3093,0.0816811049524721,0.095806144790615,-0.106098938837133,0.269461148742077,8.5109718533817
"Background_Yellow+Clothes_No+Earring_No",3,3094,0.0903515268983631,0.08993088573072,-0.0859130091338481,0.266616062930574,9.4558983009545
"Background_Yellow+Clothes_No+Earring_No",3,3097,0.0951671719459562,0.0903177725027,-0.0818556621593358,0.272190006051248,9.98427026034445
"Background_Yellow+Clothes_No+Earring_No",3,3116,0.0866019110111425,0.097558292386287,-0.10461234206598,0.277816164088265,9.04624921904715
"Background_Yellow+Clothes_No+Earring_No",3,3120,0.0782847646273735,0.0907915611151412,-0.0996666951583032,0.25623622441305,8.14305679998866
"Background_Yellow+Clothes_No+Earring_No",3,3126,0.0778775211211016,0.098533305651047,-0.11524775795495,0.271002800197154,8.0990252087568
"Background_Yellow+Clothes_No+Earring_No",3,3132,0.0830413809281035,0.0930410970515545,-0.0993191692929433,0.26540193114915,8.65867715869988
"Background_Yellow+Clothes_No+Earring_No",3,3138,0.0814378254674916,0.0897506160977751,-0.0944733820841476,0.257349033019131,8.48457657088004
"Background_Yellow+Clothes_No+Earring_No",3,3141,0.0815773582256875,0.0792890915920206,-0.0738292612946729,0.236983977746048,8.4997147791841
"Background_Yellow+Clothes_No+Earring_No",3,3144,0.0877764567128257,0.0895250793022533,-0.0876926987195908,0.263245612145242,9.17440426960086
"Background_Yellow+Clothes_No+Earring_No",3,3155,0.0875442485190807,0.0857458558076469,-0.0805176288639071,0.255606125902069,9.14905602153158
"Background_Yellow+Clothes_No+Earring_No",3,3162,0.0869227081606327,0.0911081429737508,-0.0916492520679188,0.265494668389184,9.08123655657826
"Background_Yellow+Clothes_No+Earring_No",3,3167,0.0780434947554389,0.0931489885412636,-0.104528522785438,0.260615512296316,8.11696828583668
"Background_Yellow+Clothes_No+Earring_No",3,3173,0.0776452532295168,0.090784808232552,-0.100292970906285,0.255583477365319,8.07392019174673
"Background_Yellow+Clothes_No+Earring_No",3,3175,0.0863823308955143,0.0947718175682173,-0.0993704315381917,0.27213509332922,9.02230745969817
"Background_Yellow+Clothes_No+Earring_No",3,3176,0.0844458773037426,0.0899948609619478,-0.091944050181675,0.26083580478916,8.81139509774254
"Background_Yellow+Clothes_No+Earring_No",3,3187,0.0921922991529218,0.091896855199344,-0.0879255370377923,0.272310135343636,9.65756723799136
"Background_Yellow+Clothes_No+Earring_No",3,3190,0.079526386678858,0.0829839642780477,-0.0831221833061156,0.242174956663831,8.2774129965741
"Background_Yellow+Clothes_No+Earring_No",3,3198,0.0843004776529864,0.0901475450179134,-0.0923887105821239,0.260989665888097,8.79557510903533
"Background_Yellow+Clothes_No+Earring_No",3,3202,0.0829146436961358,0.093468985183077,-0.100284567262695,0.266113854654967,8.64490693134618
"Background_Yellow+Clothes_No+Earring_No",3,3207,0.0861165065252279,0.0861017234804324,-0.0826428714964197,0.254875884546875,8.99333052502886
"Background_Yellow+Clothes_No+Earring_No",3,3218,0.0776194053886623,0.0871307184575923,-0.0931568027882186,0.248395613565543,8.07112675035946
"Background_Yellow+Clothes_No+Earring_No",3,3222,0.0862194555427004,0.0813082671008534,-0.0731447479749722,0.245583659060373,9.00455185892022
"Background_Yellow+Clothes_No+Earring_No",3,3250,0.0734339285114291,0.0915106965200148,-0.1059270366678,0.252794893690658,7.61974283567137
"Background_Yellow+Clothes_No+Earring_No",3,3253,0.0835255478661153,0.0940876235322281,-0.100886194257052,0.267937289989282,8.71129883551833
"Background_Yellow+Clothes_No+Earring_No",3,3271,0.0923106876872638,0.0895967891550668,-0.0832990190566672,0.267920394431195,9.67055020515824
"Background_Yellow+Clothes_No+Earring_No",3,3275,0.0864500766106456,0.085199548867042,-0.0805410391687567,0.253441192390048,9.02969350406588
"Background_Yellow+Clothes_No+Earring_No",3,3284,0.0832605330578411,0.0930592553881399,-0.0991356075029132,0.265656673618595,8.68249254871507
"Background_Yellow+Clothes_No+Earring_No",3,3285,0.0769036060250575,0.0935650623253535,-0.106483916132635,0.26029112818275,7.99379718613571
"Background_Yellow+Clothes_No+Earring_No",3,3296,0.085525621253985,0.0915938122334333,-0.0939982507235443,0.265049493231514,8.92894699487101
"Background_Yellow+Clothes_No+Earring_No",3,3303,0.0880026269393347,0.0883152540841983,-0.085095271065694,0.261100524944363,9.19909906185159
"Background_Yellow+Clothes_No+Earring_No",3,3304,0.0904192033171781,0.0948426522088558,-0.0954723950121792,0.276310801646535,9.4633061348347
"Background_Yellow+Clothes_No+Earring_No",3,3307,0.0914829982215184,0.0886584566205625,-0.0822875767547841,0.265253573197821,9.57981460168251
"Background_Yellow+Clothes_No+Earring_No",3,3312,0.0881492606435465,0.088353115737078,-0.0850228462011265,0.261321367488219,9.21511250427012
"Background_Yellow+Clothes_No+Earring_No",3,3316,0.0815292151115516,0.0916740779510523,-0.098151977672511,0.261210407895614,8.49449139076788
"Background_Yellow+Clothes_No+Earring_No",3,3319,0.0831806220195383,0.0843248820512944,-0.0820961468009987,0.248457390840075,8.67380796489186
"Background_Yellow+Clothes_No+Earring_No",3,3324,0.0849145139693226,0.0933810330828424,-0.0981123108730484,0.267941338811694,8.86240005758192
"Background_Yellow+Clothes_No+Earring_No",3,3348,0.0823248086867949,0.0936148854552594,-0.101160366805513,0.265809984179103,8.58084325700783
"Background_Yellow+Clothes_No+Earring_No",3,3352,0.0833689650205607,0.0862194608889826,-0.0856211783218453,0.252359108362967,8.69427784363517
"Background_Yellow+Clothes_No+Earring_No",3,3355,0.0832742673033267,0.0936412509362358,-0.100262584531695,0.266811119138349,8.68398523099814
"Background_Yellow+Clothes_No+Earring_No",3,3357,0.0799273811481641,0.0856138786276554,-0.0878758209620404,0.247730583258369,8.32084034681822
"Background_Yellow+Clothes_No+Earring_No",3,3370,0.0861829654206945,0.0903726593909255,-0.0909474469855195,0.263313377826908,9.00057434209416
"Background_Yellow+Clothes_No+Earring_No",3,3371,0.0838843431308374,0.0935490564325961,-0.099471807477051,0.267240493738726,8.75031093302172
"Background_Yellow+Clothes_No+Earring_No",3,3374,0.0881909078726752,0.0877284376259018,-0.0837568298740924,0.260138645619443,9.21966110580259
"Background_Yellow+Clothes_No+Earring_No",3,3381,0.0883113704630203,0.0929634239129463,-0.0938969404063545,0.270519681332395,9.23281878158393
"Background_Yellow+Clothes_No+Earring_No",3,3386,0.083794200981706,0.0929667153085323,-0.0984205610230173,0.266008962986429,8.74050838809337
"Background_Yellow+Clothes_No+Earring_No",3,3397,0.0891620370974014,0.095054706980906,-0.0971451885851745,0.275469262779977,9.32577902938563
"Background_Yellow+Clothes_No+Earring_No",3,3400,0.0907459607266227,0.0930268404520194,-0.0915866465593354,0.273078568012581,9.49907992553385
"Background_Yellow+Clothes_No+Earring_No",3,3405,0.084985326400666,0.0896889049377966,-0.0908049272774154,0.260775580078747,8.87010914175816
"Background_Yellow+Clothes_No+Earring_No",3,3417,0.0898543759879626,0.0924526312735172,-0.0913527813081312,0.271061533284056,9.40149572573088
"Background_Yellow+Clothes_No+Earring_No",3,3418,0.0921603538116967,0.0959050715542562,-0.0958135864346454,0.280134294058039,9.65406424554047
"Background_Yellow+Clothes_No+Earring_No",3,3422,0.0863517544715839,0.0954349833442335,-0.100700812883114,0.273404321826282,9.01897399837033
"Background_Yellow+Clothes_No+Earring_No",3,3442,0.0810259789511639,0.0923065935842318,-0.0998949444739303,0.261946902376258,8.43990677512532
"Background_Yellow+Clothes_No+Earring_No",3,3449,0.089370766800495,0.0983223315562406,-0.103341003049737,0.282082536650727,9.34860094850625
"Background_Yellow+Clothes_No+Earring_No",3,3452,0.0818705450282381,0.0903856962786913,-0.0952854196779969,0.259026509734473,8.53153012733006
"Background_Yellow+Clothes_No+Earring_No",3,3456,0.0869561039350247,0.0937345735908724,-0.0967636603030851,0.270675868173134,9.08487946977332
"Background_Yellow+Clothes_No+Earring_No",3,3457,0.0898403662615396,0.0895378356539897,-0.0856537916202803,0.265334524143359,9.39996305144171
"Background_Yellow+Clothes_No+Earring_No",3,3477,0.08163393879335,0.0935652553014208,-0.101753961597435,0.265021839184135,8.50585392831416
"Background_Yellow+Clothes_No+Earring_No",3,3478,0.0872837741304989,0.0994062711844566,-0.107552517391036,0.282120065652034,9.12062919029155
"Background_Yellow+Clothes_No+Earring_No",3,3497,0.0870384152584684,0.0891282011257307,-0.0876528589479638,0.2617296894649,9.09385876011373
"Background_Yellow+Clothes_No+Earring_No",3,3500,0.0819724594122321,0.100502595858003,-0.115012628469454,0.278957547293918,8.54259161501969
"Background_Yellow+Clothes_No+Earring_No",3,3506,0.076159363873817,0.0878989539730489,-0.0961225859133588,0.248441313660993,7.91345355146553
"Background_Yellow+Clothes_No+Earring_No",3,3507,0.0887374631632064,0.0988283561440103,-0.104966114879054,0.282441041205467,9.27937200557765
"Background_Yellow+Clothes_No+Earring_No",3,3516,0.0836760022236575,0.0907702743142259,-0.0942337354322252,0.26158573987954,8.72765615462632
"Background_Yellow+Clothes_No+Earring_No",3,3524,0.090507969224485,0.0910173881841877,-0.0878861116165229,0.268902050065493,9.47302317578518
"Background_Yellow+Clothes_No+Earring_No",3,3533,0.0866704538409887,0.0879412198691807,-0.0856943371026054,0.259035244784583,9.05372381371476
"Background_Yellow+Clothes_No+Earring_No",3,3534,0.0878490492518662,0.0852744125150327,-0.0792887992775979,0.25498689778133,9.18232980446889
"Background_Yellow+Clothes_No+Earring_No",3,3536,0.0860621019122907,0.0951428696395215,-0.100417922581171,0.272542126405753,8.98740094636858
"Background_Yellow+Clothes_No+Earring_No",3,3541,0.0810811183684064,0.0970755465349822,-0.109186952840159,0.271349189576971,8.44588625324167
"Background_Yellow+Clothes_No+Earring_No",3,3544,0.0826763095050642,0.0959041608817749,-0.105295845823214,0.270648464833343,8.619016220782
"Background_Yellow+Clothes_No+Earring_No",3,3559,0.0896878476041157,0.0922198415679526,-0.0910630418690714,0.270438737077303,9.38327878831793
"Background_Yellow+Clothes_No+Earring_No",3,3561,0.0721435935925229,0.0966035271358047,-0.117199319593654,0.2614865067787,7.48096687651456
"Background_Yellow+Clothes_No+Earring_No",3,3564,0.087088922675767,0.0855705005867494,-0.0806292584742617,0.254807103825796,9.09936894831438
"Background_Yellow+Clothes_No+Earring_No",3,3567,0.0855584652544461,0.0953093643498714,-0.101247888871302,0.272364819380194,8.93252471600936
"Background_Yellow+Clothes_No+Earring_No",3,3571,0.0808998011237778,0.0979848614677961,-0.111150527353103,0.272950129600658,8.4262249264776
"Background_Yellow+Clothes_No+Earring_No",3,3574,0.0912692048660254,0.0861102474302626,-0.0775068800972892,0.26004528982934,9.55638966956118
"Background_Yellow+Clothes_No+Earring_No",3,3579,0.0794103789535562,0.0869187389422752,-0.0909503493733031,0.249771107280416,8.2648527087501
"Background_Yellow+Clothes_No+Earring_No",3,3591,0.0825011828325635,0.0960247607036192,-0.10570734814653,0.270709713811657,8.59999579944111
"Background_Yellow+Clothes_No+Earring_No",3,3600,0.0954437042672697,0.103676034661425,-0.107761323669123,0.298648732203663,10.0146886715506
"Background_Yellow+Clothes_No+Earring_No",3,3603,0.0837016757468785,0.102358137356254,-0.11692027347138,0.284323624965137,8.73044761246451
"Background_Yellow+Clothes_No+Earring_No",3,3607,0.0848676045848512,0.0963955754006282,-0.10406772320038,0.273802932370082,8.85729350917661
"Background_Yellow+Clothes_No+Earring_No",3,3617,0.0830478950958204,0.093047297156075,-0.0993248073300867,0.265420597521727,8.65938498185221
"Background_Yellow+Clothes_No+Earring_No",3,3633,0.0876267361739855,0.0872084771816726,-0.0833018791020928,0.258555351450064,9.15805984254481
"Background_Yellow+Clothes_No+Earring_No",3,3647,0.0920148750895902,0.0962024088825488,-0.0965418463202054,0.280571596499386,9.6381130727065
"Background_Yellow+Clothes_No+Earring_No",3,3648,0.0815800794796498,0.0844145974503786,-0.0838725315230924,0.247032690482392,8.50001003486458
"Background_Yellow+Clothes_No+Earring_No",3,3649,0.0811110811299286,0.0941383348050113,-0.103400055087894,0.265622217347751,8.44913564014962
"Background_Yellow+Clothes_No+Earring_No",3,3655,0.0879758108182364,0.0899162952457786,-0.0882601278634896,0.264211749499962,9.19617080484976
"Background_Yellow+Clothes_No+Earring_No",3,3657,0.0824980008523872,0.0945125029998653,-0.102746505027349,0.267742506732123,8.59965023695712
"Background_Yellow+Clothes_No+Earring_No",3,3659,0.092668833711219,0.0976934188481612,-0.098810267231177,0.284147934653615,9.70983531114154
"Background_Yellow+Clothes_No+Earring_No",3,3661,0.0773378848741901,0.091684810565718,-0.102364343834617,0.257040113582997,8.04070679327902
"Background_Yellow+Clothes_No+Earring_No",3,3667,0.0852554433171261,0.086419871608587,-0.0841275050357043,0.254638391669957,8.89952077204481
"Background_Yellow+Clothes_No+Earring_No",3,3669,0.0864914673473363,0.089031878542359,-0.0880110145956874,0.26099394929036,9.03420641679693
"Background_Yellow+Clothes_No+Earring_No",3,3679,0.07716930301904,0.0955955887362248,-0.110198050903961,0.264536656942041,8.02249462565971
"Background_Yellow+Clothes_No+Earring_No",3,3695,0.077815709609922,0.0913974243371037,-0.101323242090801,0.256954661310645,8.09234365115232
"Background_Yellow+Clothes_No+Earring_No",3,3699,0.0916118804177085,0.0904130764755612,-0.0855977494743913,0.268821510309808,9.59393839897995
"Background_Yellow+Clothes_No+Earring_No",3,3700,0.08389971356741,0.0918482875682498,-0.0961229300663596,0.26392235720118,8.75198248562439
"Background_Yellow+Clothes_No+Earring_No",3,3704,0.0852677090088688,0.0855577986538906,-0.0824255763527568,0.252960994370494,8.90085650818939
"Background_Yellow+Clothes_No+Earring_No",3,3707,0.0809658421398473,0.0922155922811056,-0.0997767187311197,0.261708403010814,8.43338574099146
"Background_Yellow+Clothes_No+Earring_No",3,3710,0.0884526652820365,0.0900931118476469,-0.0881298339393514,0.265035164503424,9.24825390337001
"Background_Yellow+Clothes_No+Earring_No",3,3715,0.0765465017809192,0.0859156943424255,-0.0918482591302348,0.244941262692073,7.95523902787068
"Background_Yellow+Clothes_No+Earring_No",3,3723,0.0889459703711911,0.0949761653370049,-0.0972073136893384,0.275099254431721,9.3021599179643
"Background_Yellow+Clothes_No+Earring_No",3,3726,0.0750107191438314,0.0932466035145453,-0.107752623744677,0.25777406203234,7.78957049418032
"Background_Yellow+Clothes_No+Earring_No",3,3727,0.0800309619507287,0.0910029306361223,-0.098334782096071,0.258396705997528,8.33206088750207
"Background_Yellow+Clothes_No+Earring_No",3,3728,0.0839626020783952,0.0958440961220596,-0.103891826320842,0.271817030477632,8.75882195092923
"Background_Yellow+Clothes_No+Earring_No",3,3729,0.0814490279167594,0.0852466829963189,-0.0856344707560256,0.248532526589544,8.48579187065257
"Background_Yellow+Clothes_No+Earring_No",3,3734,0.0801650884353162,0.0889519549228901,-0.0941807432135484,0.254510920084181,8.34659206048283
"Background_Yellow+Clothes_No+Earring_No",3,3735,0.0856061323037406,0.0947723960372305,-0.100147763929231,0.271360028536712,8.93771733179212
"Background_Yellow+Clothes_No+Earring_No",3,3750,0.082862666126284,0.0900259064992616,-0.0935881106122687,0.259313442864837,8.63925997986581
"Background_Yellow+Clothes_No+Earring_No",3,3756,0.0836018670037421,0.0910458254552048,-0.0948479508884593,0.262051684895943,8.7195959047043
"Background_Yellow+Clothes_No+Earring_No",3,3758,0.0898136880962294,0.0898074513605737,-0.0862089165704951,0.265836292762954,9.39704450007346
"Background_Yellow+Clothes_No+Earring_No",3,3771,0.0800805442011999,0.087655532807842,-0.0917243001021704,0.25188538850457,8.33743236804301
"Background_Yellow+Clothes_No+Earring_No",3,3772,0.0865443369955921,0.0855716579889051,-0.081176112662662,0.254264786653846,9.03997116932691
"Background_Yellow+Clothes_No+Earring_No",3,3779,0.0819823101127017,0.0925643845460386,-0.099443883597534,0.263408503822937,8.54366084084419
"Background_Yellow+Clothes_No+Earring_No",3,3787,0.079184901289866,0.0848039658071966,-0.0870308716922392,0.245400674271971,8.24044415459686
"Background_Yellow+Clothes_No+Earring_No",3,3792,0.0873548240364993,0.0992666172407581,-0.107207745755386,0.281917393828385,9.12838247617007
"Background_Yellow+Clothes_No+Earring_No",3,3795,0.0803991856021051,0.0873748223918664,-0.090855466285953,0.251653837490163,8.37195865972409
"Background_Yellow+Clothes_No+Earring_No",3,3801,0.0898516143662061,0.0967277075670849,-0.0997346924652802,0.279437921197692,9.40119360059728
"Background_Yellow+Clothes_No+Earring_No",3,3809,0.0980789296694922,0.0908135411709997,-0.0799156110256672,0.276073470364652,10.3049845032359
"Background_Yellow+Clothes_No+Earring_No",3,3813,0.0910072024969314,0.0917750188846958,-0.0888718345170725,0.270886239510935,9.5276893958524
"Background_Yellow+Clothes_No+Earring_No",3,3818,0.0813446753618671,0.0894597660012854,-0.0939964660006524,0.256685816724387,8.47447169175641
"Background_Yellow+Clothes_No+Earring_No",3,3823,0.0848907707610014,0.0926622526755492,-0.096727244483075,0.266508786005078,8.85981534562381
"Background_Yellow+Clothes_No+Earring_No",3,3829,0.0809052228074836,0.0828684353608219,-0.0815169104997273,0.243327356114695,8.42681278076813
"Background_Yellow+Clothes_No+Earring_No",3,3830,0.0849523551221508,0.0922691733281589,-0.0958952246010406,0.265799934845342,8.86651961424365
"Background_Yellow+Clothes_No+Earring_No",3,3841,0.0882495133881351,0.097872301227768,-0.10358019701829,0.28007922379456,9.22606216790698
"Background_Yellow+Clothes_No+Earring_No",3,3844,0.0765428112332186,0.0920515289724183,-0.103878185552721,0.256963808019158,7.95484061464669
"Background_Yellow+Clothes_No+Earring_No",3,3849,0.0808804667309046,0.0969729633244579,-0.109186541385033,0.270947474846842,8.42412859151285
"Background_Yellow+Clothes_No+Earring_No",3,3858,0.0941359823349133,0.0927254615777065,-0.0876059223573914,0.275877887027218,9.87091407937672
"Background_Yellow+Clothes_No+Earring_No",3,3859,0.0742360299891242,0.0842573752299568,-0.0909084254615911,0.239380485439839,7.70609941917075
"Background_Yellow+Clothes_No+Earring_No",3,3864,0.0926961796151025,0.0887092273956276,-0.0811739060803276,0.266566265310533,9.71283546677382
"Background_Yellow+Clothes_No+Earring_No",3,3868,0.0912247386264113,0.0982788539636641,-0.10140181514237,0.283851292395193,9.55151821719527
"Background_Yellow+Clothes_No+Earring_No",3,3870,0.0815181477832915,0.0928335141187785,-0.100435539889514,0.263471835456097,8.49329065326174
"Background_Yellow+Clothes_No+Earring_No",3,3874,0.0762123763856368,0.0830251668931206,-0.0865169507248795,0.238941703496153,7.91917446633614
"Background_Yellow+Clothes_No+Earring_No",3,3887,0.0826612506444166,0.0883600343739078,-0.0905244167284427,0.255846918017276,8.61738055446872
"Background_Yellow+Clothes_No+Earring_No",3,3888,0.0854893486909942,0.0925114054286644,-0.0958330059491882,0.266811703331176,8.92499593443761
"Background_Yellow+Clothes_No+Earring_No",3,3890,0.0900106978221795,0.0932296447144839,-0.092719405818209,0.272740801462568,9.41859890497414
"Background_Yellow+Clothes_No+Earring_No",3,3892,0.089097738609131,0.0903561289101043,-0.0880002740546734,0.266195751272935,9.31874977305276
"Background_Yellow+Clothes_No+Earring_No",3,3899,0.0857676379285582,0.0893888821611527,-0.0894345711073011,0.260969846964417,8.95531280674184
"Background_Yellow+Clothes_No+Earring_No",3,3901,0.0860404700341855,0.0907159005475783,-0.0917626950390679,0.263843635107439,8.98504336969581
"Background_Yellow+Clothes_No+Earring_No",3,3905,0.0875915037774976,0.0963649967748012,-0.101283889901113,0.276466897456108,9.15421401024992
"Background_Yellow+Clothes_No+Earring_No",3,3907,0.0852836713771129,0.0904871357639506,-0.0920711147202304,0.262638457474456,8.90259483763696
"Background_Yellow+Clothes_No+Earring_No",3,3909,0.0846209916003716,0.0999457628016816,-0.111272703490924,0.280514686691668,8.83045119710932
"Background_Yellow+Clothes_No+Earring_No",3,3917,0.0874440647126506,0.0959263519594537,-0.100571585127879,0.27545971455318,9.13812160136616
"Background_Yellow+Clothes_No+Earring_No",3,3919,0.0874609765689679,0.0884527526259376,-0.0859064185778697,0.260828371715805,9.13996734520484
"Background_Yellow+Clothes_No+Earring_No",3,3930,0.0845609487643005,0.0977887322185,-0.10710496638396,0.27622686391256,8.82391690433924
"Background_Yellow+Clothes_No+Earring_No",3,3938,0.0875106462042146,0.0954669639753081,-0.0996046031873893,0.274625895595818,9.14538842220405
"Background_Yellow+Clothes_No+Earring_No",3,3940,0.078031008154432,0.0940095445318239,-0.106227699127943,0.262289715436807,8.11561828082013
"Background_Yellow+Clothes_No+Earring_No",3,3950,0.0844764868590889,0.092377189001318,-0.0965828035834944,0.265535777301672,8.81472581713876
"Background_Yellow+Clothes_No+Earring_No",3,3959,0.0793720697689515,0.0827004752017837,-0.0827208616265447,0.241465001164448,8.26070524996485
"Background_Yellow+Clothes_No+Earring_No",3,3960,0.0792299899167257,0.094987103443678,-0.106944732832883,0.265404712666335,8.24532467762169
"Background_Yellow+Clothes_No+Earring_No",3,3979,0.0914478317672343,0.0938475476777617,-0.0924933616811786,0.275389025215647,9.57596113589865
"Background_Yellow+Clothes_No+Earring_No",3,3981,0.0829621075274223,0.0863569737410673,-0.0862975610050696,0.252221776059914,8.65006375725932
"Background_Yellow+Clothes_No+Earring_No",3,3983,0.0848214807011182,0.0870521764750573,-0.085800785189994,0.25544374659223,8.85227270381772
"Background_Yellow+Clothes_No+Earring_No",3,3987,0.0895631202563155,0.101264678658021,-0.108915649913406,0.288041890426037,9.36963655285858
"Background_Yellow+Clothes_No+Earring_No",3,3992,0.0798682469300577,0.0913587449061298,-0.0991948930859567,0.258931386946072,8.31443506800711
"Background_Yellow+Clothes_No+Earring_No",3,3994,0.0838072231807962,0.0882971045481092,-0.0892551017334979,0.25686954809509,8.74192443786279
"Background_Yellow+Clothes_No+Earring_No",3,4002,0.091460590992478,0.0872341592777037,-0.0795183611918212,0.262439543176777,9.57735924918748
"Background_Yellow+Clothes_No+Earring_No",3,4003,0.0902612241278666,0.0950212837118479,-0.0959804919473553,0.276502940203089,9.44601457636132
"Background_Yellow+Clothes_No+Earring_No",3,4006,0.0850576557344388,0.084777762082881,-0.081106757948008,0.251222069416886,8.87798392900578
"Background_Yellow+Clothes_No+Earring_No",3,4011,0.0847932532317419,0.095908962588748,-0.103188313442204,0.272774819905688,8.84920012298922
"Background_Yellow+Clothes_No+Earring_No",3,4016,0.0798291020196245,0.0904090787694008,-0.0973726923684011,0.25703089640765,8.31019519213307
"Background_Yellow+Clothes_No+Earring_No",3,4018,0.0845159262214382,0.0902365210659958,-0.0923476550679135,0.26137950751079,8.81901748516896
"Background_Yellow+Clothes_No+Earring_No",3,4019,0.0824487186460546,0.0903511124149216,-0.0946394616871916,0.259536898979301,8.59429833846426
"Background_Yellow+Clothes_No+Earring_No",3,4025,0.0906393994310285,0.0927766415927236,-0.0912028180907097,0.272481616952767,9.48741218338651
"Background_Yellow+Clothes_No+Earring_No",3,4029,0.0831755976987662,0.0950725722371317,-0.103166643886012,0.269517839283544,8.67326195419278
"Background_Yellow+Clothes_No+Earring_No",3,4035,0.0808581440716573,0.0950133606161868,-0.105368042736069,0.267084330879383,8.42170830364985
"Background_Yellow+Clothes_No+Earring_No",3,4047,0.0795685598395151,0.0963916098643156,-0.109358995494544,0.268496115173574,8.28197949359906
"Background_Yellow+Clothes_No+Earring_No",3,4051,0.0813971441443754,0.0929387176398343,-0.1007627424297,0.263557030718451,8.48016336453556
"Background_Yellow+Clothes_No+Earring_No",3,4055,0.0884218444198952,0.0927686708537397,-0.0934047504534347,0.270248439293225,9.2448868298856
"Background_Yellow+Clothes_No+Earring_No",3,4056,0.0886272984314492,0.092214073675292,-0.0921122859721232,0.269366882835022,9.26733393597159
"Background_Yellow+Clothes_No+Earring_No",3,4069,0.0799451591107189,0.0792022830819329,-0.0752913157298697,0.235181633951307,8.32276608777962
"Background_Yellow+Clothes_No+Earring_No",3,4075,0.0835324166708261,0.0793192057565186,-0.0719332266119504,0.238998059953603,8.71204555476441
"Background_Yellow+Clothes_No+Earring_No",3,4080,0.0860744647942176,0.0964664695952301,-0.102999815612433,0.275148745200869,8.98874835306691
"Background_Yellow+Clothes_No+Earring_No",3,4090,0.0790618660857142,0.0864352097369943,-0.0903511449987947,0.248474877170223,8.22712758867281
"Background_Yellow+Clothes_No+Earring_No",3,4103,0.0896655095724627,0.0936413337125176,-0.0938715045040718,0.273202523648997,9.38083540846428
"Background_Yellow+Clothes_No+Earring_No",3,4106,0.0860437968055477,0.0921765035023269,-0.094622150059013,0.266709743670108,8.98540593862009
"Background_Yellow+Clothes_No+Earring_No",3,4110,0.0843596687196267,0.0854832610844376,-0.083187523005871,0.251906860445124,8.80201502576266
"Background_Yellow+Clothes_No+Earring_No",3,4122,0.0815265926277949,0.0940686675070485,-0.10284799568602,0.26590118094161,8.49420686609959
"Background_Yellow+Clothes_No+Earring_No",3,4130,0.0865533270105273,0.0892130719857563,-0.0883042940815551,0.26141094810261,9.0409514447026
"Background_Yellow+Clothes_No+Earring_No",3,4160,0.0878822373044182,0.090204413568747,-0.0889184132903258,0.264682887899162,9.18595341349813
"Background_Yellow+Clothes_No+Earring_No",3,4164,0.0804078755314259,0.0933768027972262,-0.102610657951137,0.263426409013989,8.37290040847705
"Background_Yellow+Clothes_No+Earring_No",3,4172,0.0860173876018153,0.0894500843221186,-0.0893047776695371,0.261339552873168,8.98252775883619
"Background_Yellow+Clothes_No+Earring_No",3,4179,0.0781341460962534,0.0902140964128906,-0.0986854828730122,0.254953775065519,8.12676967822457
"Background_Yellow+Clothes_No+Earring_No",3,4184,0.0807824900158964,0.0957509665455688,-0.106889404413418,0.268454384445211,8.41350607195412
"Background_Yellow+Clothes_No+Earring_No",3,4192,0.0792609249848942,0.0905094052456257,-0.098137509296532,0.256659359266321,8.24867330591426
"Background_Yellow+Clothes_No+Earring_No",3,4201,0.0845161909468779,0.0928124544250333,-0.0973962197261875,0.266428601619943,8.81904629233503
"Background_Yellow+Clothes_No+Earring_No",3,4217,0.0773746583275796,0.0902112207743626,-0.0994393343901711,0.25418865104533,8.04467989622635
"Background_Yellow+Clothes_No+Earring_No",3,4229,0.0830456698601096,0.0891897920652519,-0.0917663225877842,0.257857662308003,8.65914318937746
"Background_Yellow+Clothes_No+Earring_No",3,4233,0.0796039854527301,0.0873793393623031,-0.0916595196973839,0.250867490602844,8.28581551706911
"Background_Yellow+Clothes_No+Earring_No",3,4235,0.083863101227405,0.082989635059822,-0.0787965834898461,0.246522785944656,8.74800089395353
"Background_Yellow+Clothes_No+Earring_No",3,4242,0.0813419362099739,0.0804051118057135,-0.0762520829292245,0.238935955349172,8.47417456410886
"Background_Yellow+Clothes_No+Earring_No",3,4258,0.0814490453908728,0.0927079085395338,-0.100258455346613,0.263156546128359,8.48579376634559
"Background_Yellow+Clothes_No+Earring_No",3,4275,0.0836245225131679,0.0891162958805156,-0.0910434174126428,0.258292462438979,8.72205903043566
"Background_Yellow+Clothes_No+Earring_No",3,4282,0.0829552287139422,0.0937579320600104,-0.100810318123678,0.266720775551562,8.64931637630666
"Background_Yellow+Clothes_No+Earring_No",3,4286,0.0836542192654634,0.0870180525466234,-0.0869011637259184,0.254209602256845,8.72528777043307
"Background_Yellow+Clothes_No+Earring_No",3,4289,0.0758707959297549,0.0846235247406757,-0.0899913125619695,0.241732904421479,7.8823176806607
"Background_Yellow+Clothes_No+Earring_No",3,4300,0.0889866346398051,0.0994755745477091,-0.105985491473705,0.283958760753315,9.3066047007266
"Background_Yellow+Clothes_No+Earring_No",3,4302,0.086308019898326,0.091912115838091,-0.0938397271443324,0.266455766940984,9.01420620432498
"Background_Yellow+Clothes_No+Earring_No",3,4305,0.0796938303130587,0.0945519935700192,-0.105628077084179,0.265015737710296,8.29554487809978
"Background_Yellow+Clothes_No+Earring_No",3,4321,0.086900704785642,0.0908072851601368,-0.091081574128226,0.26488298369951,9.07883642763143
"Background_Yellow+Clothes_No+Earring_No",3,4324,0.0778451822001642,0.0927709916691542,-0.103985961471378,0.259676325871706,8.09552945945184
"Background_Yellow+Clothes_No+Earring_No",3,4334,0.0864696202609348,0.092518275581597,-0.0948661998789954,0.267805440400865,9.03182436308918
"Background_Yellow+Clothes_No+Earring_No",3,4336,0.0816757505575849,0.0911273209979607,-0.096933798598418,0.260285299713588,8.51039084434428
"Background_Yellow+Clothes_No+Earring_No",3,4339,0.0797664883025072,0.0949277809851261,-0.10629196242834,0.265824939033354,8.30341370051981
"Background_Yellow+Clothes_No+Earring_No",3,4346,0.0922651190279729,0.0953588418755782,-0.0946382110481604,0.279168449104106,9.66555277908556
"Background_Yellow+Clothes_No+Earring_No",3,4348,0.0827050799283522,0.0853846563931454,-0.0846488466022128,0.250059006458917,8.62214128081023
"Background_Yellow+Clothes_No+Earring_No",3,4352,0.078932099214495,0.0817609129405291,-0.081319290148942,0.239183488577932,8.21308420414733
"Background_Yellow+Clothes_No+Earring_No",3,4357,0.0837056966489598,0.0901037895237339,-0.0928977308175586,0.260309124115478,8.73088480782656
"Background_Yellow+Clothes_No+Earring_No",3,4362,0.0821550292386075,0.0957638191128791,-0.105542056222636,0.269852114699851,8.56241002619207
"Background_Yellow+Clothes_No+Earring_No",3,4370,0.0859992929870134,0.0941318028069363,-0.0984990405145818,0.270497626488609,8.9805557798174
"Background_Yellow+Clothes_No+Earring_No",3,4372,0.0791505113022383,0.0767324980642727,-0.0712451849037363,0.229546207508213,8.23672183106725
"Background_Yellow+Clothes_No+Earring_No",3,4381,0.0837074760132713,0.089120099668365,-0.0909679193367241,0.258382871363267,8.73107827985469
"Background_Yellow+Clothes_No+Earring_No",3,4392,0.0828174925025309,0.0900325697706689,-0.0936463442479801,0.259281329253042,8.63435246165669
"Background_Yellow+Clothes_No+Earring_No",3,4393,0.0858453912600966,0.0973943751930325,-0.105047584118247,0.27673836663844,8.96378477465898
"Background_Yellow+Clothes_No+Earring_No",3,4395,0.087751211737686,0.0859540661114581,-0.0807187578407719,0.256221181316144,9.17164819926779
"Background_Yellow+Clothes_No+Earring_No",3,4396,0.0898688557888839,0.0876612206804679,-0.0819471367448331,0.261684848322601,9.40307984907836
"Background_Yellow+Clothes_No+Earring_No",3,4404,0.0858467672634728,0.0929288659062684,-0.0962938099128132,0.267987344439759,8.96393470929786
"Background_Yellow+Clothes_No+Earring_No",3,4417,0.0864760414784536,0.0891794356023115,-0.088315652302077,0.261267735258984,9.03252448239771
"Background_Yellow+Clothes_No+Earring_No",3,4428,0.087687598916015,0.0922701585856598,-0.0931619119118783,0.268537109743908,9.16470370356117
"Background_Yellow+Clothes_No+Earring_No",3,4433,0.0901955136377775,0.0925517055655642,-0.0912058292707283,0.271596856546283,9.43882306138677
"Background_Yellow+Clothes_No+Earring_No",3,4435,0.0884582106187767,0.0891359751577123,-0.0862483006903393,0.263164721927893,9.24885972340592
"Background_Yellow+Clothes_No+Earring_No",3,4436,0.0889385836742284,0.0825014746550819,-0.0727643066497321,0.250641473998189,9.30135253901354
"Background_Yellow+Clothes_No+Earring_No",3,4438,0.0848316073111557,0.0990069218843979,-0.109221959582264,0.278885174204576,8.85337501391641
"Background_Yellow+Clothes_No+Earring_No",3,4440,0.0804580853662344,0.0894225875836857,-0.0948101862977897,0.255726357030258,8.3783419305121
"Background_Yellow+Clothes_No+Earring_No",3,4446,0.0843663872934884,0.0928868708440351,-0.0976918795608204,0.266424654147797,8.80274602259254
"Background_Yellow+Clothes_No+Earring_No",3,4447,0.0926223827796471,0.0913910309767118,-0.086504037934708,0.271748803494002,9.70473930544675
"Background_Yellow+Clothes_No+Earring_No",3,4452,0.0869443878868954,0.0936420764691696,-0.096594081992677,0.270482857766468,9.08360143356206
"Background_Yellow+Clothes_No+Earring_No",3,4457,0.0931900813723986,0.0943789671608306,-0.0917926942628294,0.278172857007627,9.76703621282886
"Background_Yellow+Clothes_No+Earring_No",3,4465,0.090293381646382,0.0906681825520775,-0.08741625615569,0.268003019448454,9.4495341451915
"Background_Yellow+Clothes_No+Earring_No",3,4466,0.0844899735683342,0.0935229937638252,-0.0988150942087632,0.267795041345432,8.81619337960373
"Background_Yellow+Clothes_No+Earring_No",3,4467,0.0841365897190449,0.0956286520584104,-0.10329556831544,0.271568747753529,8.77774628801296
"Background_Yellow+Clothes_No+Earring_No",3,4468,0.0894910770612083,0.0875072921009352,-0.0820232154566247,0.261005369579041,9.36175749861312
"Background_Yellow+Clothes_No+Earring_No",3,4476,0.0843813117751117,0.094683849360618,-0.1011990329717,0.269961656521923,8.80436985929354
"Background_Yellow+Clothes_No+Earring_No",3,4479,0.0931367349347051,0.0857330699736752,-0.0749000822136982,0.261173552083108,9.76118068865779
"Background_Yellow+Clothes_No+Earring_No",3,4481,0.0835270426091479,0.100219033380663,-0.112902262816951,0.279956348035247,8.71146133109628
"Background_Yellow+Clothes_No+Earring_No",3,4485,0.0903750754525142,0.0840992100504201,-0.0744593762463092,0.255209527151338,9.45847585945159
"Background_Yellow+Clothes_No+Earring_No",3,4487,0.0871752803052543,0.0895638218621315,-0.0883698105445234,0.262720371155032,9.10879091801893
"Background_Yellow+Clothes_No+Earring_No",3,4488,0.0836388282674612,0.0952380687156573,-0.103027786415227,0.270305442950149,8.7236143926237
"Background_Yellow+Clothes_No+Earring_No",3,4501,0.08048156978344,0.0910456733006947,-0.0979679498859217,0.258931089452802,8.38088716259657
"Background_Yellow+Clothes_No+Earring_No",3,4504,0.0830827961850589,0.0887357781228617,-0.0908393289357501,0.257004921305868,8.66317737892308
"Background_Yellow+Clothes_No+Earring_No",3,4507,0.0787187771152123,0.0904765114391202,-0.0986151853054632,0.256052739535888,8.19000242386949
"Background_Yellow+Clothes_No+Earring_No",3,4508,0.0863908145612201,0.0932378152589303,-0.0963553033462833,0.269136932468723,9.02323237243245
"Background_Yellow+Clothes_No+Earring_No",3,4515,0.0885843717509648,0.0836747560743346,-0.075418150154731,0.252586893656661,9.26264355271236
"Background_Yellow+Clothes_No+Earring_No",3,4516,0.0861625907858082,0.0864587748723025,-0.0832966079639048,0.255621789535521,8.99835351781386
"Background_Yellow+Clothes_No+Earring_No",3,4517,0.0887926283841718,0.090018895010263,-0.0876444058359436,0.265229662604287,9.28540059256395
"Background_Yellow+Clothes_No+Earring_No",3,4530,0.0850680100561024,0.091295557779332,-0.0938712831913884,0.264007303303593,8.87911129251
"Background_Yellow+Clothes_No+Earring_No",3,4536,0.0928967235359194,0.0908031395381148,-0.0850774299587857,0.270870877030625,9.73483991531772
"Background_Yellow+Clothes_No+Earring_No",3,4543,0.0820694691644354,0.0988821473554277,-0.111739539652203,0.275878477981074,8.55312181569359
"Background_Yellow+Clothes_No+Earring_No",3,4545,0.0884405898277865,0.0922352445084087,-0.0923404894086946,0.269221669064268,9.24693468904316
"Background_Yellow+Clothes_No+Earring_No",3,4555,0.0848400303450538,0.0786464161992038,-0.0693069454053856,0.238987006095493,8.85429189344551
"Background_Yellow+Clothes_No+Earring_No",3,4561,0.0821219882691567,0.0904190476668554,-0.0950993451578798,0.259343321696193,8.55882307817735
"Background_Yellow+Clothes_No+Earring_No",3,4563,0.0882117546615278,0.0854020558992606,-0.079176274901023,0.255599784224079,9.22193800874918
"Background_Yellow+Clothes_No+Earring_No",3,4564,0.0820524815511541,0.0885449545748473,-0.0914956294155467,0.255600592517855,8.5512777729027
"Background_Yellow+Clothes_No+Earring_No",3,4588,0.0823992111414232,0.0943922618026618,-0.102609621991794,0.26740804427464,8.58892223881607
"Background_Yellow+Clothes_No+Earring_No",3,4602,0.0885536003819147,0.082424174711947,-0.0729977820535014,0.250104982817331,9.25928144331283
"Background_Yellow+Clothes_No+Earring_No",3,4604,0.089596197444118,0.087930332955027,-0.0827472551477348,0.261939650035971,9.37325425269806
"Background_Yellow+Clothes_No+Earring_No",3,4615,0.0810540790545187,0.0922675227891414,-0.0997902656121984,0.261898423721236,8.44295399052681
"Background_Yellow+Clothes_No+Earring_No",3,4621,0.0818081187223735,0.0859109595929857,-0.0865773620798784,0.250193599524625,8.52475511630604
"Background_Yellow+Clothes_No+Earring_No",3,4625,0.0850893476173314,0.0910515416660361,-0.0933716740480993,0.263550369282762,8.88143453199981
"Background_Yellow+Clothes_No+Earring_No",3,4629,0.0799456216534915,0.0924850774357537,-0.101325130120586,0.261216373427569,8.32281619170376
"Background_Yellow+Clothes_No+Earring_No",3,4632,0.0832801502874292,0.0932505777835748,-0.0994909821683775,0.266051282743236,8.68462461903621
"Background_Yellow+Clothes_No+Earring_No",3,4637,0.0892232583923542,0.0933173215611613,-0.0936786918675219,0.27212520865223,9.3324723000328
"Background_Yellow+Clothes_No+Earring_No",3,4649,0.0880051158330425,0.0867868623829456,-0.0820971344375309,0.258107366103616,9.19937084714038
"Background_Yellow+Clothes_No+Earring_No",3,4652,0.0870492292225968,0.0998876713931588,-0.108730606707994,0.282829065153188,9.09503850356783
"Background_Yellow+Clothes_No+Earring_No",3,4653,0.0783750501113162,0.0759026712707633,-0.07039418557938,0.227144285802012,8.15282098898251
"Background_Yellow+Clothes_No+Earring_No",3,4658,0.0831463207793517,0.085470749769479,-0.0843763487688271,0.250668990327531,8.67008038243358
"Background_Yellow+Clothes_No+Earring_No",3,4665,0.0901444436400712,0.0935652369893318,-0.0932434208590192,0.273532308139162,9.43323416365778
"Background_Yellow+Clothes_No+Earring_No",3,4674,0.0838498125330974,0.091990604230175,-0.0964517717580456,0.26415139682424,8.74655578461492
"Background_Yellow+Clothes_No+Earring_No",3,4675,0.0855133441284144,0.0932190230504004,-0.0971959410503703,0.268222629307199,8.92760966871977
"Background_Yellow+Clothes_No+Earring_No",3,4684,0.08648898594238,0.0909796054072554,-0.0918310406558405,0.264809012540601,9.03393585911241
"Background_Yellow+Clothes_No+Earring_No",3,4686,0.0813611712469627,0.0917065952031557,-0.0983837553512226,0.261106097845148,8.47626108893604
"Background_Yellow+Clothes_No+Earring_No",3,4690,0.0932646666760243,0.0884931079739726,-0.0801818249529619,0.266711158305011,9.7752235258757
"Background_Yellow+Clothes_No+Earring_No",3,4694,0.085744392977382,0.0907657085698174,-0.0921563958194601,0.263645181774224,8.95278017525083
"Background_Yellow+Clothes_No+Earring_No",3,4699,0.0894005114747837,0.0930803422719168,-0.0930369593781732,0.271837982327741,9.35185353539871
"Background_Yellow+Clothes_No+Earring_No",3,4704,0.0845864146685388,0.0918895441371522,-0.0955170918402795,0.264689921177357,8.82668823907309
"Background_Yellow+Clothes_No+Earring_No",3,4711,0.0806848351914168,0.0962109148972328,-0.10788855800716,0.269258228389993,8.40291948697141
"Background_Yellow+Clothes_No+Earring_No",3,4714,0.0862112141777888,0.0916933006806575,-0.0935076551562998,0.265930083511877,9.0036535163331
"Background_Yellow+Clothes_No+Earring_No",3,4720,0.0853684499760722,0.0913201285307117,-0.0936190019441226,0.264355901896267,8.91182783842524
"Background_Yellow+Clothes_No+Earring_No",3,4723,0.0845305281289043,0.093207675323297,-0.0981565155047579,0.267217571762566,8.82060646199385
"Background_Yellow+Clothes_No+Earring_No",3,4727,0.0809089207781472,0.078079695853763,-0.0721272830952283,0.233945124651523,8.42721374068232
"Background_Yellow+Clothes_No+Earring_No",3,4737,0.0823762280611398,0.0935256039230606,-0.100933955628059,0.265686411750339,8.58642655957766
"Background_Yellow+Clothes_No+Earring_No",3,4741,0.0805917722317583,0.0834379311242875,-0.0829465727718452,0.244130117235362,8.39283165985714
"Background_Yellow+Clothes_No+Earring_No",3,4747,0.0897257783313468,0.0955677453264837,-0.0975870025085612,0.277038559171255,9.38742785431734
"Background_Yellow+Clothes_No+Earring_No",3,4749,0.0937588613772268,0.0947962269716376,-0.0920417434871829,0.279559466241636,9.82948726698776
"Background_Yellow+Clothes_No+Earring_No",3,4753,0.0927103656939136,0.0969683663839605,-0.0973476324186489,0.282768363806476,9.71439187274397
"Background_Yellow+Clothes_No+Earring_No",3,4762,0.084537665013703,0.100258206386087,-0.111968419503027,0.281043749530433,8.82138310489728
"Background_Yellow+Clothes_No+Earring_No",3,4774,0.0862672770071721,0.0960586706516581,-0.102007717470078,0.274542271484422,9.00976474086701
"Background_Yellow+Clothes_No+Earring_No",3,4779,0.0835526216425106,0.0902173142798482,-0.0932733143459918,0.260378557631013,8.71424210075711
"Background_Yellow+Clothes_No+Earring_No",3,4781,0.0796625817428581,0.0814917446509216,-0.0800612377729483,0.239386401258665,8.29216085003655
"Background_Yellow+Clothes_No+Earring_No",3,4801,0.0865284052046178,0.0900749883872179,-0.0900185720343292,0.263075382443565,9.0382339811367
"Background_Yellow+Clothes_No+Earring_No",3,4808,0.0899712086112201,0.0887647987416239,-0.0840077969223627,0.263950214144803,9.41427813615157
"Background_Yellow+Clothes_No+Earring_No",3,4815,0.0850885825439735,0.0994786189982831,-0.109889510692661,0.280066675780608,8.88135122974694
"Background_Yellow+Clothes_No+Earring_No",3,4817,0.085274197307934,0.0861607749563811,-0.0836009216065729,0.254149316222441,8.90156309180712
"Background_Yellow+Clothes_No+Earring_No",3,4820,0.0812228700527834,0.0962816876551145,-0.107489237751241,0.269934977856808,8.4612597298642
"Background_Yellow+Clothes_No+Earring_No",3,4832,0.0896257920494157,0.0905527436969045,-0.0878575855965171,0.267109169695348,9.37649115888504
"Background_Yellow+Clothes_No+Earring_No",3,4834,0.0920997404595226,0.0900692972274055,-0.0844360821061923,0.268635563025237,9.6474179465563
"Background_Yellow+Clothes_No+Earring_No",3,4837,0.0818851570078673,0.0919754935907032,-0.0983868104299109,0.262157124445646,8.53311599942375
"Background_Yellow+Clothes_No+Earring_No",3,4838,0.0851036139928635,0.0898135329073497,-0.0909309105055418,0.261138138491269,8.88298788651365
"Background_Yellow+Clothes_No+Earring_No",3,4840,0.0849794316397048,0.0833915194291283,-0.0784679464413866,0.248426809720796,8.86946738038046
"Background_Yellow+Clothes_No+Earring_No",3,4849,0.0865165389532407,0.0942946538950119,-0.0983009826809825,0.271334060587464,9.03694011371925
"Background_Yellow+Clothes_No+Earring_No",3,4850,0.0805108378130866,0.0840094238613716,-0.0841476329552017,0.245169308581375,8.38405930403612
"Background_Yellow+Clothes_No+Earring_No",3,4851,0.0892336457979738,0.0938679577647989,-0.0947475514210321,0.27321484301698,9.33360798666838
"Background_Yellow+Clothes_No+Earring_No",3,4854,0.0852559923279995,0.0911441140522394,-0.0933864712143898,0.263898455870389,8.89958055908224
"Background_Yellow+Clothes_No+Earring_No",3,4857,0.0811142672298183,0.0882453384283943,-0.0918465960898346,0.254075130549471,8.44948117047917
"Background_Yellow+Clothes_No+Earring_No",3,4862,0.0852909088879955,0.0915244690553206,-0.0940970504604328,0.264678868236424,8.90338302420448
"Background_Yellow+Clothes_No+Earring_No",3,4869,0.0801520483442643,0.0843327589832699,-0.0851401592629447,0.245444255951473,8.34517922026898
"Background_Yellow+Clothes_No+Earring_No",3,4872,0.0854194031801625,0.0956610498013216,-0.102076254430428,0.272915060790753,8.91737738639935
"Background_Yellow+Clothes_No+Earring_No",3,4876,0.0863044804173389,0.0943931094560743,-0.0987060141165668,0.271314974951245,9.01382035129765
"Background_Yellow+Clothes_No+Earring_No",3,4885,0.0852618802863943,0.0906465171473393,-0.0924052933223907,0.262929053895179,8.90022175716945
"Background_Yellow+Clothes_No+Earring_No",3,4899,0.0874951938805625,0.0895797871903197,-0.0880811890124642,0.263071576773589,9.1437018853675
"Background_Yellow+Clothes_No+Earring_No",3,4902,0.0864052759973916,0.0898912051087561,-0.0897814860157703,0.262592038010554,9.02480901634886
"Background_Yellow+Clothes_No+Earring_No",3,4922,0.0801664200910875,0.0919895814804534,-0.100133159610601,0.260465999792776,8.34673634094352
"Background_Yellow+Clothes_No+Earring_No",3,4923,0.0850578540188167,0.0921785649970263,-0.0956121333753548,0.265727841412988,8.87800551781124
"Background_Yellow+Clothes_No+Earring_No",3,4928,0.0880325687830709,0.0914954630765832,-0.0912985388470322,0.267363676413174,9.2023687331616
"Background_Yellow+Clothes_No+Earring_No",3,4929,0.0770362532197434,0.093884928099826,-0.106978205855916,0.261050712295402,8.00812321050839
"Background_Yellow+Clothes_No+Earring_No",3,4939,0.0885648889032261,0.0900842469571847,-0.0880002351328558,0.265130012939308,9.26051482600139
"Background_Yellow+Clothes_No+Earring_No",3,4940,0.0828115237970298,0.0916474131884873,-0.0968174060524054,0.262440453646465,8.63370405713462
"Background_Yellow+Clothes_No+Earring_No",3,4966,0.0792760280414924,0.087514134392364,-0.092251675367541,0.250803731450526,8.25030820409982
"Background_Yellow+Clothes_No+Earring_No",3,4972,0.0822536558688156,0.091943257277679,-0.0979551283954352,0.262462440133066,8.57311769888238
"Background_Yellow+Clothes_No+Earring_No",3,4973,0.0872536001726107,0.0850451861214705,-0.0794349646254714,0.253942164970693,9.11733663869654
"Background_Yellow+Clothes_No+Earring_No",3,4974,0.0821569225283953,0.0872463003354554,-0.0888458261290972,0.253159671185888,8.5626155664889
"Background_Yellow+Clothes_No+Earring_No",3,4983,0.0826467302117146,0.0916282038022148,-0.0969445492406264,0.262238009664056,8.61580339455466
"Background_Yellow+Clothes_No+Earring_No",3,5000,0.0862458537127568,0.0963182575630132,-0.102537931110749,0.275029638536263,9.00742941759807
"Background_Yellow+Clothes_No+Earring_No",3,5028,0.0838211124648741,0.0878335802637643,-0.088332704852104,0.255974929781852,8.74343479583137
"Background_Yellow+Clothes_No+Earring_No",3,5039,0.0792125684440644,0.0923277497734263,-0.101749821111851,0.26017495799998,8.24343890108363
"Background_Yellow+Clothes_No+Earring_No",3,5040,0.0826121940883407,0.0917519521402422,-0.0972216321065341,0.262446020283215,8.61205229054294
"Background_Yellow+Clothes_No+Earring_No",3,5045,0.0862867694633219,0.100380162513524,-0.110458349063185,0.283031887989829,9.0118896296357
"Background_Yellow+Clothes_No+Earring_No",3,5048,0.0872876544868788,0.0794641964819892,-0.0684621706178201,0.243037479591578,9.12105261804273
"Background_Yellow+Clothes_No+Earring_No",3,5067,0.0831398578459988,0.0856339519891141,-0.0847026880526648,0.250982403744662,8.66937805721615
"Background_Yellow+Clothes_No+Earring_No",3,5071,0.0809127432555408,0.0894426391238572,-0.0943948294272192,0.256220315938301,8.42762820204783
"Background_Yellow+Clothes_No+Earring_No",3,5075,0.0795916154704392,0.100877542138704,-0.11812836712142,0.277311598062298,8.2844760317335
"Background_Yellow+Clothes_No+Earring_No",3,5078,0.0860324322481324,0.0891736906519223,-0.0887480014296353,0.2608128659259,8.98416737475474
"Background_Yellow+Clothes_No+Earring_No",3,5080,0.0824242919006994,0.0905368132644939,-0.0950278620977086,0.259876445899107,8.59164576558871
"Background_Yellow+Clothes_No+Earring_No",3,5082,0.0851992482589556,0.091243107371094,-0.0936372421883887,0.2640357387063,8.89340132908314
"Background_Yellow+Clothes_No+Earring_No",3,5091,0.0801197976278249,0.0869339478280816,-0.0902707401152151,0.250510335370865,8.34168506696116
"Background_Yellow+Clothes_No+Earring_No",3,5093,0.0896112828819205,0.0856176795797918,-0.0781993690944714,0.257421934858312,9.37490420856748
"Background_Yellow+Clothes_No+Earring_No",3,5095,0.0847217802956683,0.0947349072535952,-0.100958637921378,0.270402198512715,8.84142062908211
"Background_Yellow+Clothes_No+Earring_No",3,5096,0.0837252577053122,0.0920258474327527,-0.0966454032628832,0.264095918673508,8.73301171959378
"Background_Yellow+Clothes_No+Earring_No",3,5098,0.0874305526244625,0.094553577602169,-0.0978944594757888,0.272755564724714,9.13664692740537
"Background_Yellow+Clothes_No+Earring_No",3,5106,0.0897901963655266,0.0918305213066205,-0.0901976253954496,0.269778018126503,9.39447460435014
"Background_Yellow+Clothes_No+Earring_No",3,5115,0.0902986602154037,0.0891124029140483,-0.084361649496131,0.264958969926938,9.45011188363669
"Background_Yellow+Clothes_No+Earring_No",3,5117,0.0834258319173072,0.0873745352119298,-0.0878282570980752,0.25467992093269,8.70045912566375
"Background_Yellow+Clothes_No+Earring_No",3,5139,0.080389612158603,0.0883383171778155,-0.0927534895099153,0.253532713827121,8.37092117186682
"Background_Yellow+Clothes_No+Earring_No",3,5140,0.0848057190463728,0.0927455182705766,-0.0969754967639574,0.266586934856703,8.8505570253981
"Background_Yellow+Clothes_No+Earring_No",3,5146,0.0905878841325664,0.0959842746759704,-0.0975412942323355,0.278717062497468,9.48177205194782
"Background_Yellow+Clothes_No+Earring_No",3,5148,0.0448590284752722,0.0789548618725145,-0.109892500794856,0.199610557745401,4.58804101597501
"Background_Yellow+Clothes_No+Earring_No",3,5151,0.0870616664114987,0.0880673346170681,-0.0855503094379548,0.259673642260952,9.0963953476076
"Background_Yellow+Clothes_No+Earring_No",3,5158,0.0814028557042946,0.0881204807352549,-0.0913132865368049,0.254118997945394,8.48078295725809
"Background_Yellow+Clothes_No+Earring_No",3,5164,0.088208888631701,0.0909068327649368,-0.089968503587575,0.266386280850977,9.22162497586569
"Background_Yellow+Clothes_No+Earring_No",3,5168,0.0864790193010301,0.0941817502632898,-0.0981172112150179,0.271075249817078,9.03284916239409
"Background_Yellow+Clothes_No+Earring_No",3,5180,0.0830567958921105,0.0913023249751254,-0.0958957610591354,0.262009352843356,8.6603521412072
"Background_Yellow+Clothes_No+Earring_No",3,5185,0.096782654077082,0.0926531688931094,-0.0848175569534125,0.278382865107576,10.1620914784823
"Background_Yellow+Clothes_No+Earring_No",3,5186,0.0910383176220597,0.0981105566868942,-0.101258373484253,0.283335008728372,9.53109741663318
"Background_Yellow+Clothes_No+Earring_No",3,5202,0.0849405127952201,0.0897435866880527,-0.0909569171133632,0.260837942703803,8.8652303889603
"Background_Yellow+Clothes_No+Earring_No",3,5212,0.0886003297753237,0.0883455357913441,-0.0845569203757107,0.261757579926358,9.26438718255209
"Background_Yellow+Clothes_No+Earring_No",3,5215,0.0857674053023402,0.0909385843009646,-0.0924722199275504,0.264007030532231,8.95528746088243
"Background_Yellow+Clothes_No+Earring_No",3,5217,0.0905897911596085,0.0980520471523108,-0.101592221258921,0.282771803578138,9.48198083684682
"Background_Yellow+Clothes_No+Earring_No",3,5220,0.0811807217955574,0.0866645607065546,-0.0886818171892896,0.251043260780404,8.45668837312807
"Background_Yellow+Clothes_No+Earring_No",3,5225,0.0830759180648044,0.0949583894988328,-0.103042525352908,0.269194361482517,8.66242998309217
"Background_Yellow+Clothes_No+Earring_No",3,5226,0.091187618351324,0.0983425242116121,-0.101563729103436,0.283938965806084,9.54745171017819
"Background_Yellow+Clothes_No+Earring_No",3,5228,0.0856085956071233,0.0838138371889481,-0.078666525283215,0.249883716497462,8.93798567877024
"Background_Yellow+Clothes_No+Earring_No",3,5230,0.0858720795297716,0.0888449732164866,-0.0882640679745421,0.260008227034085,8.96669286833767
"Background_Yellow+Clothes_No+Earring_No",3,5231,0.0765681310747879,0.0958314705048708,-0.111261551114759,0.264397813264335,7.9575740487126
"Background_Yellow+Clothes_No+Earring_No",3,5232,0.0838221220514044,0.0933137580175703,-0.0990728436630334,0.266717087765842,8.74354458179381
"Background_Yellow+Clothes_No+Earring_No",3,5242,0.0901242896693629,0.08082531934232,-0.0682933362415844,0.24854191558031,9.4310286716867
"Background_Yellow+Clothes_No+Earring_No",3,5246,0.0875783083787226,0.088534147874181,-0.085948621454672,0.261105238212117,9.15277368637093
"Background_Yellow+Clothes_No+Earring_No",3,5276,0.0856505784516082,0.0934608261416947,-0.0975326407861134,0.26883379768933,8.94255930128767
"Background_Yellow+Clothes_No+Earring_No",3,5293,0.0793595529145047,0.0892938243984058,-0.0956563429063708,0.25437544873538,8.25935017495558
"Background_Yellow+Clothes_No+Earring_No",3,5297,0.0768584617646322,0.0903236421071345,-0.100175876765351,0.253892800294616,7.98892199607548
"Background_Yellow+Clothes_No+Earring_No",3,5299,0.0827015857586607,0.0918185706693314,-0.0972628127532288,0.26266598427055,8.62176173727944
"Background_Yellow+Clothes_No+Earring_No",3,5301,0.0888448090314778,0.0934600738420506,-0.0943369356989413,0.272026553761897,9.29110332429277
"Background_Yellow+Clothes_No+Earring_No",3,5307,0.0820890683474836,0.0935137318775836,-0.10119784613258,0.265375982827547,8.55524938904779
"Background_Yellow+Clothes_No+Earring_No",3,5312,0.0829014402070656,0.0922050602612302,-0.0978204779049457,0.263623358319077,8.6434724489751
"Background_Yellow+Clothes_No+Earring_No",3,5342,0.0892420868299232,0.0933767054172688,-0.0937762557879237,0.27226042944777,9.33453087904161
"Background_Yellow+Clothes_No+Earring_No",3,5343,0.0880639635419447,0.0929873581603593,-0.0941912584523596,0.270319185536249,9.2057971690136
"Background_Yellow+Clothes_No+Earring_No",3,5351,0.0784865417198177,0.0942400024661221,-0.106223863113782,0.263196946553417,8.16487979317377
"Background_Yellow+Clothes_No+Earring_No",3,5364,0.0840354713713437,0.0930107880962014,-0.0982656732972111,0.266336616039898,8.76674741814478
"Background_Yellow+Clothes_No+Earring_No",3,5371,0.0870213558464821,0.0918030015994125,-0.0929125272883664,0.266955238981331,9.09199769890632
"Background_Yellow+Clothes_No+Earring_No",3,5373,0.081094373524135,0.0882072432819947,-0.0917918233085745,0.253980570356845,8.44732372987906
"Background_Yellow+Clothes_No+Earring_No",3,5387,0.0854273081919789,0.0969953509264547,-0.104683579623872,0.27553819600783,8.91823838295769
"Background_Yellow+Clothes_No+Earring_No",3,5388,0.084430216967893,0.087441731313669,-0.0869555764068982,0.255816010342684,8.80969108809375
"Background_Yellow+Clothes_No+Earring_No",3,5394,0.0905597883746282,0.0938416639599991,-0.0933698729869699,0.274489449736226,9.47869612179211
"Background_Yellow+Clothes_No+Earring_No",3,5399,0.0892149136397211,0.0920722211749337,-0.091246639863149,0.269676467142591,9.33155995140336
"Background_Yellow+Clothes_No+Earring_No",3,5405,0.076139134302244,0.0878404793789154,-0.0960282052804302,0.248306473884918,7.91127053061409
"Background_Yellow+Clothes_No+Earring_No",3,5428,0.0825381387627025,0.0851508656962639,-0.0843575580019748,0.24943383552738,8.60400928745961
"Background_Yellow+Clothes_No+Earring_No",3,5451,0.0816177932116206,0.0877861275391585,-0.09044301676513,0.253678603188371,8.50410205232401
"Background_Yellow+Clothes_No+Earring_No",3,5452,0.0870197406552428,0.0941153040785667,-0.0974462553387479,0.271485736649233,9.09182149460965
"Background_Yellow+Clothes_No+Earring_No",3,5453,0.0851146550393538,0.0903448887401253,-0.0919613268912918,0.262190636969999,8.8841900752816
"Background_Yellow+Clothes_No+Earring_No",3,5454,0.0909039578266222,0.0930979872100108,-0.0915680971049989,0.273376012758243,9.51638182940402
"Background_Yellow+Clothes_No+Earring_No",3,5455,0.0837569314678462,0.0920534718413431,-0.0966678733411863,0.264181736276879,8.73645575772914
"Background_Yellow+Clothes_No+Earring_No",3,5457,0.0853625118689843,0.0864359482690355,-0.0840519467383253,0.254776970476294,8.91118111024856
"Background_Yellow+Clothes_No+Earring_No",3,5462,0.0845593367225219,0.0917803986585577,-0.0953302446482513,0.264448918093295,8.82374147578009
"Background_Yellow+Clothes_No+Earring_No",3,5469,0.0833459005128155,0.0871568040414803,-0.0874814354084859,0.254173236434117,8.6917708925329
"Background_Yellow+Clothes_No+Earring_No",3,5470,0.0852272602148672,0.0895763102179835,-0.0903423078123804,0.260796828242115,8.89645168896329
"Background_Yellow+Clothes_No+Earring_No",3,5475,0.0848404840213092,0.0935713138544407,-0.0985592911333946,0.268240259176013,8.85434127806426
"Background_Yellow+Clothes_No+Earring_No",3,5478,0.0851309410707294,0.0912733510982264,-0.0937648270817943,0.264026709223253,8.88596338105749
"Background_Yellow+Clothes_No+Earring_No",3,5482,0.0816832656304483,0.0888978358671775,-0.0925564926692196,0.255923023930116,8.51120631090205
"Background_Yellow+Clothes_No+Earring_No",3,5486,0.082660930396079,0.0918078963007635,-0.0972825463534174,0.262604407145575,8.61734576993873
"Background_Yellow+Clothes_No+Earring_No",3,5492,0.0912575361312602,0.0888163262137638,-0.0828224632477168,0.265337535510237,9.55511129256683
"Background_Yellow+Clothes_No+Earring_No",3,5494,0.0907604474272719,0.0867683965218097,-0.0793056097554751,0.260826504610019,9.50066621741612
"Background_Yellow+Clothes_No+Earring_No",3,5500,0.0875406480919172,0.0920903995232375,-0.0929565349736284,0.268037831157463,9.14866303901285
"Background_Yellow+Clothes_No+Earring_No",3,5501,0.0787044987094913,0.097426436095858,-0.11225131603839,0.269660313457373,8.18845765414837
"Background_Yellow+Clothes_No+Earring_No",3,5503,0.087266830750226,0.0977824275791563,-0.10438672730492,0.278920388805372,9.11878033363855
"Background_Yellow+Clothes_No+Earring_No",3,5504,0.0898754230909737,0.0923245835552148,-0.0910807606772472,0.270831606859195,9.40379833451253
"Background_Yellow+Clothes_No+Earring_No",3,5505,0.0914423328613598,0.0878655592107438,-0.080774163191698,0.263658828914418,9.57535858965892
"Background_Yellow+Clothes_No+Earring_No",3,5521,0.0897018554180253,0.0924834396116385,-0.0915656862207862,0.270969397056837,9.3848110196636
"Background_Yellow+Clothes_No+Earring_No",3,5524,0.0732050881913383,0.0840925003580494,-0.0916162125104385,0.238026388893115,7.59511791696739
"Background_Yellow+Clothes_No+Earring_No",3,5538,0.08028756451645,0.0918862719093157,-0.0998095284258086,0.260384657458709,8.35986273913636
"Background_Yellow+Clothes_No+Earring_No",3,5546,0.078522551347071,0.0900158793634607,-0.0979085722053119,0.254953674899454,8.16877484030623
"Background_Yellow+Clothes_No+Earring_No",3,5567,0.0905542219269638,0.0971016611770894,-0.0997650339801314,0.280873477834059,9.47808671605588
"Background_Yellow+Clothes_No+Earring_No",3,5570,0.0777954444713578,0.0992381743576804,-0.116711377269696,0.272302266212411,8.09015316702581
"Background_Yellow+Clothes_No+Earring_No",3,5578,0.0818977178956675,0.0972778430889397,-0.108766854558654,0.272562290349989,8.53447928027842
"Background_Yellow+Clothes_No+Earring_No",3,5581,0.0795621915860949,0.0927373899541333,-0.102203092724006,0.261327475896196,8.28128992870847
"Background_Yellow+Clothes_No+Earring_No",3,5585,0.0830452515175862,0.0985337518856729,-0.110080902178333,0.276171405213505,8.65909773264681
"Background_Yellow+Clothes_No+Earring_No",3,5588,0.082688577031561,0.0905338114859137,-0.0947576934808299,0.260134847543952,8.62034871561472
"Background_Yellow+Clothes_No+Earring_No",3,5591,0.0840986794503904,0.0954346261860375,-0.102953187874243,0.271150546775024,8.77362257259362
"Background_Yellow+Clothes_No+Earring_No",3,5592,0.0858737448595299,0.100839416524489,-0.111771511528469,0.283519001247528,8.96687433396506
"Background_Yellow+Clothes_No+Earring_No",3,5593,0.102049915243629,0.0997685372812097,-0.0934964178275417,0.2975962483148,10.7438748423279
"Background_Yellow+Clothes_No+Earring_No",3,5594,0.0850697750285454,0.0923129772242362,-0.0958636603309576,0.266003210388048,8.87930346131063
"Background_Yellow+Clothes_No+Earring_No",3,5595,0.0774654698256079,0.0934528182427675,-0.105702053930216,0.260632993581432,8.05449204098276
"Background_Yellow+Clothes_No+Earring_No",3,5596,0.0789407072990617,0.0883453071442225,-0.0942160947036144,0.252097509301738,8.21401571553664
"Background_Yellow+Clothes_No+Earring_No",3,5621,0.0812235315721495,0.0880974906154804,-0.0914475500341922,0.253894613178491,8.4613314791117
"Background_Yellow+Clothes_No+Earring_No",3,5622,0.0895267574037903,0.095720743037345,-0.0980858989494058,0.277139413756986,9.36565963320037
"Background_Yellow+Clothes_No+Earring_No",3,5623,0.087795715168818,0.0870982997842881,-0.0829169524083866,0.258508382746023,9.17650682030684
"Background_Yellow+Clothes_No+Earring_No",3,5624,0.0822939637786438,0.0904017613236073,-0.0948934884156266,0.259481415972914,8.57749414252242
"Background_Yellow+Clothes_No+Earring_No",3,5634,0.0836629793421987,0.0982588354686503,-0.108924338176356,0.276250296860753,8.72624021646875
"Background_Yellow+Clothes_No+Earring_No",3,5646,0.0817924661383371,0.0882067398146824,-0.0910927438984403,0.254677676175115,8.52305643675095
"Background_Yellow+Clothes_No+Earring_No",3,5654,0.0899156303610475,0.0896923764722395,-0.085881427524542,0.265712688246637,9.4081972510129
"Background_Yellow+Clothes_No+Earring_No",3,5659,0.0908567379789994,0.0896899876361062,-0.0849356377877687,0.266649113745767,9.51121060463502
"Background_Yellow+Clothes_No+Earring_No",3,5680,0.0826492872597656,0.0849195595601059,-0.0837930494780419,0.249091623997573,8.61608113073813
"Background_Yellow+Clothes_No+Earring_No",3,5681,0.0835050747400725,0.0953520797500596,-0.103385001570044,0.270395151050189,8.70907319817795
"Background_Yellow+Clothes_No+Earring_No",3,5686,0.082032216811291,0.0946155878987045,-0.10341433547017,0.267478769092752,8.54907803178548
"Background_Yellow+Clothes_No+Earring_No",3,5695,0.0827198769897259,0.0939197549479278,-0.101362842708213,0.266802596687664,8.62374858119292
"Background_Yellow+Clothes_No+Earring_No",3,5730,0.0918011115713949,0.0927464209987337,-0.0899818735861231,0.273584096728913,9.61467894869741
"Background_Yellow+Clothes_No+Earring_No",3,5731,0.0528717881051066,0.0892774540485238,-0.12211202183,0.227855598040213,5.42944633626632
"Background_Yellow+Clothes_No+Earring_No",3,5735,0.0829231613503726,0.0901333863620169,-0.0937382759191805,0.259584598619926,8.64583233503915
"Background_Yellow+Clothes_No+Earring_No",3,5736,0.0830050213044882,0.0910922501055819,-0.0955357889024523,0.261545831511429,8.65472644191958
"Background_Yellow+Clothes_No+Earring_No",3,5752,0.0867487017063431,0.0912449669774259,-0.0920914335694117,0.265588836982098,9.06225736867401
"Background_Yellow+Clothes_No+Earring_No",3,5758,0.0802161853480744,0.087815374468657,-0.0919019486104934,0.252334319306642,8.35212837828816
"Background_Yellow+Clothes_No+Earring_No",3,5763,0.0810760257016688,0.0836592081078672,-0.0828960221897508,0.245048073593089,8.44533397589022
"Background_Yellow+Clothes_No+Earring_No",3,5765,0.0781972948249495,0.102759940015141,-0.123212187604727,0.279606777254626,8.13359796186419
"Background_Yellow+Clothes_No+Earring_No",3,5767,0.0907320259214963,0.0881106392177308,-0.081964826945256,0.263428878788249,9.49755408782471
"Background_Yellow+Clothes_No+Earring_No",3,5773,0.0895525975082784,0.0937266324365571,-0.0941516020673734,0.27325679708393,9.36848568978535
"Background_Yellow+Clothes_No+Earring_No",3,5774,0.0910380758643736,0.0878412719773136,-0.081130817211161,0.263206968939908,9.53107093665171
"Background_Yellow+Clothes_No+Earring_No",3,5775,0.0865219967263581,0.0888231888126851,-0.0875714533465047,0.260615446799221,9.03753521422377
"Background_Yellow+Clothes_No+Earring_No",3,5782,0.0845199832384017,0.0931696596685383,-0.0980925497119334,0.267132516188737,8.81945896666441
"Background_Yellow+Clothes_No+Earring_No",3,5784,0.0820413111665253,0.0928422276727806,-0.0999294550721246,0.264012077405175,8.55006522015038
"Background_Yellow+Clothes_No+Earring_No",3,5815,0.0827784110244402,0.0946762266115261,-0.102786993134151,0.268343815183031,8.63010695355195
"Background_Yellow+Clothes_No+Earring_No",3,5831,0.0787722654860133,0.0945273698808002,-0.106501379480355,0.264045910452382,8.19578948560495
"Background_Yellow+Clothes_No+Earring_No",3,5833,0.0826330082316522,0.0983045660327016,-0.110043941192443,0.275309957655747,8.61431298089175
"Background_Yellow+Clothes_No+Earring_No",3,5838,0.0809735474900685,0.0863354968683325,-0.0882440263718633,0.250191121352,8.43422126142324
"Background_Yellow+Clothes_No+Earring_No",3,5840,0.0810309127694258,0.0875799904913927,-0.0906258685937039,0.252687694132556,8.44044179923753
"Background_Yellow+Clothes_No+Earring_No",3,5842,0.0941463248214518,0.0953620964264099,-0.0927633841743117,0.281056033817215,9.87205042370285
"Background_Yellow+Clothes_No+Earring_No",3,5846,0.0842981385322405,0.0880728441940465,-0.0883246360880906,0.256920913152572,8.79532062334616
"Background_Yellow+Clothes_No+Earring_No",3,5847,0.0841312340728229,0.0901015579940662,-0.0924678195955469,0.260730287741193,8.77716371444703
"Background_Yellow+Clothes_No+Earring_No",3,5861,0.0870931526582074,0.0865181423578704,-0.0824824063632186,0.256668711679633,9.09983043770533
"Background_Yellow+Clothes_No+Earring_No",3,5869,0.0873397032207801,0.0937276008482744,-0.0963663944418377,0.271045800883398,9.12673237848436
"Background_Yellow+Clothes_No+Earring_No",3,5877,0.0812446182292334,0.0868744358607886,-0.0890292760579123,0.251518512516379,8.46361859012914
"Background_Yellow+Clothes_No+Earring_No",3,5881,0.089869778575288,0.0808187239447553,-0.0685349203564325,0.248274477507008,9.40318080479958
"Background_Yellow+Clothes_No+Earring_No",3,5883,0.0853465083954974,0.0848436204370147,-0.0809469876610514,0.251640004452046,8.90943816699585
"Background_Yellow+Clothes_No+Earring_No",3,5906,0.0904601958182302,0.0925655126525995,-0.0909682089808648,0.271888600617325,9.4677934014981
"Background_Yellow+Clothes_No+Earring_No",3,5908,0.0792380500296216,0.0919122838659327,-0.100910026347607,0.25938612640685,8.24619715067514
"Background_Yellow+Clothes_No+Earring_No",3,5918,0.08283112653895,0.0945763642330255,-0.10253854735778,0.26820080043568,8.63583359647142
"Background_Yellow+Clothes_No+Earring_No",3,5923,0.0838059360298886,0.0946940394988681,-0.101794381387893,0.26940625344767,8.74178447068614
"Background_Yellow+Clothes_No+Earring_No",3,5924,0.0830769698709669,0.0868452626372442,-0.0871397448980316,0.253293684639965,8.66254427496578
"Background_Yellow+Clothes_No+Earring_No",3,5925,0.084917303898314,0.0907128104236345,-0.0928798045320098,0.262714412328638,8.86270377637159
"Background_Yellow+Clothes_No+Earring_No",3,5939,0.083927882231295,0.089389588352039,-0.0912757109387013,0.259131475401291,8.75504592681215
"Background_Yellow+Clothes_No+Earring_No",3,5950,0.0785657060508544,0.0929752456217907,-0.103665775367855,0.260797187469564,8.1734429324674
"Background_Yellow+Clothes_No+Earring_No",3,5967,0.0889628925834784,0.0867292002059497,-0.0810263398201829,0.25895212498714,9.30400956796793
"Background_Yellow+Clothes_No+Earring_No",3,5969,0.0783881422533758,0.0828331249047237,-0.0839647825598826,0.240741067066634,8.154236950348
"Background_Yellow+Clothes_No+Earring_No",3,5972,0.0847342908522239,0.0971252191551052,-0.105631138691782,0.27509972039623,8.84278230434812
"Background_Yellow+Clothes_No+Earring_No",3,5975,0.082639788563185,0.0932355423108128,-0.100101874366008,0.265381451492378,8.61504942443963
"Background_Yellow+Clothes_No+Earring_No",3,5981,0.0802057670857684,0.0893446471467206,-0.0949097413218041,0.255321275493341,8.35099954327356
"Background_Yellow+Clothes_No+Earring_No",3,5984,0.0904820973410414,0.0895235338781736,-0.0849840290601787,0.265948223742262,9.47019093912715
"Background_Yellow+Clothes_No+Earring_No",3,5987,0.0803145323723722,0.0889925544012174,-0.094110874254014,0.254739938998758,8.362785011706
"Background_Yellow+Clothes_No+Earring_No",3,5988,0.0816254453951141,0.0950518190937652,-0.104676120028666,0.267927010818894,8.5049323487995
"Background_Yellow+Clothes_No+Earring_No",3,5991,0.0864440478070405,0.0952163125315286,-0.100179924754756,0.273068020368837,9.02903618743805
"Background_Yellow+Clothes_No+Earring_No",3,6005,0.0846205759022741,0.0829170048614099,-0.0778967536260893,0.247137905430638,8.83040595650721
"Background_Yellow+Clothes_No+Earring_No",3,6020,0.0788690396682462,0.094657049384594,-0.106658777125558,0.26439685646205,8.20626055130973
"Background_Yellow+Clothes_No+Earring_No",3,6024,0.080292163463492,0.0944228637652033,-0.104776649516306,0.26536097644329,8.36036108155252
"Background_Yellow+Clothes_No+Earring_No",3,6029,0.0882152268680475,0.0865643753241277,-0.0814509487672428,0.257881402503338,9.22231725053284
"Background_Yellow+Clothes_No+Earring_No",3,6045,0.0888872446324188,0.0946770228306546,-0.0966797201156643,0.274454209380502,9.29574125634587
"Background_Yellow+Clothes_No+Earring_No",3,6049,0.0841732870773827,0.0869582675187859,-0.0862649172594377,0.254611491414203,8.78173821719384
"Background_Yellow+Clothes_No+Earring_No",3,6074,0.0843193818515871,0.0863517808248358,-0.0849301085650911,0.253568872268265,8.79763182163424
"Background_Yellow+Clothes_No+Earring_No",3,6075,0.0795915603378664,0.0940130231209256,-0.104673964979148,0.263857085654881,8.28447006173192
"Background_Yellow+Clothes_No+Earring_No",3,6077,0.0840611360268435,0.094876682119363,-0.101897160927108,0.270019432980795,8.76953891506835
"Background_Yellow+Clothes_No+Earring_No",3,6083,0.090327271621225,0.0958184882366604,-0.0974769653226294,0.278131508565079,9.45324345000402
"Background_Yellow+Clothes_No+Earring_No",3,6090,0.0829825619863422,0.102387377280222,-0.117696697482892,0.283661821455576,8.652286158254
"Background_Yellow+Clothes_No+Earring_No",3,6091,0.0875171184209677,0.0804152135970833,-0.0700967002293155,0.245130937071251,9.14609483710156
"Background_Yellow+Clothes_No+Earring_No",3,6097,0.0836146791785485,0.0924247288590535,-0.0975377893851964,0.264767147742293,8.7209888480952
"Background_Yellow+Clothes_No+Earring_No",3,6102,0.0840012065843291,0.093974359482304,-0.100188538000987,0.268190951169645,8.76302061255969
"Background_Yellow+Clothes_No+Earring_No",3,6105,0.0787369417281078,0.0923343964421445,-0.102238475298495,0.259712358754711,8.1919676712316
"Background_Yellow+Clothes_No+Earring_No",3,6106,0.0776933875223829,0.087737725557028,-0.0942725545693921,0.249659329614158,8.07912237867323
"Background_Yellow+Clothes_No+Earring_No",3,6115,0.0815656398775417,0.096165289308715,-0.10691832716754,0.270049606922623,8.49844334920213
"Background_Yellow+Clothes_No+Earring_No",3,6138,0.0791059974615115,0.0888002314195059,-0.0949424561207201,0.253154451043743,8.23190390610384
"Background_Yellow+Clothes_No+Earring_No",3,6166,0.0833842721553757,0.094425495114786,-0.101689698269605,0.268458242580356,8.6959416543338
"Background_Yellow+Clothes_No+Earring_No",3,6170,0.0832298039271083,0.0922566215372693,-0.0975931742859396,0.264052782140156,8.67915288150598
"Background_Yellow+Clothes_No+Earring_No",3,6171,0.0833528879143576,0.0925954152132953,-0.0981341259037013,0.264839901732416,8.69253036823383
"Background_Yellow+Clothes_No+Earring_No",3,6174,0.0803699645679426,0.0889467832662747,-0.0939657306339559,0.254705659769841,8.36879196528508
"Background_Yellow+Clothes_No+Earring_No",3,6180,0.0829688896473911,0.0904728239772701,-0.0943578453480582,0.26029562464284,8.65080063752512
"Background_Yellow+Clothes_No+Earring_No",3,6185,0.0835517041561562,0.0951935808970031,-0.10302771440197,0.270131122714282,8.71414235696921
"Background_Yellow+Clothes_No+Earring_No",3,6201,0.0885518061968906,0.0871899114017149,-0.0823404201504707,0.259444032544252,9.25908541212217
"Background_Yellow+Clothes_No+Earring_No",3,6203,0.0865788897618063,0.0908891843326152,-0.0915639115301196,0.264721691053732,9.04373886705054
"Background_Yellow+Clothes_No+Earring_No",3,6204,0.0938447766443088,0.0960235339811231,-0.0943613499586924,0.28205090324731,9.8389237020809
"Background_Yellow+Clothes_No+Earring_No",3,6223,0.0830793458161748,0.0948022132182098,-0.102732992091517,0.268891683723866,8.66280245152382
"Background_Yellow+Clothes_No+Earring_No",3,6228,0.0874781375830068,0.0887944151816598,-0.0865589161730464,0.26151519133906,9.14184031378764
"Background_Yellow+Clothes_No+Earring_No",3,6237,0.0849611960800424,0.0891989906858504,-0.0898688256642244,0.259791217824309,8.867482102814
"Background_Yellow+Clothes_No+Earring_No",3,6267,0.0834427513761405,0.0941578380898852,-0.101106611280035,0.267992114032316,8.70229829416591
"Background_Yellow+Clothes_No+Earring_No",3,6274,0.0886858944788831,0.0970700173997317,-0.101571339624591,0.278943128582357,9.27373675744205
"Background_Yellow+Clothes_No+Earring_No",3,6280,0.0822296904754058,0.0893360984465911,-0.0928690624799128,0.257328443430724,8.5705157325817
"Background_Yellow+Clothes_No+Earring_No",3,6291,0.0958833333093408,0.0873764143414506,-0.0753744387999024,0.267141105418584,10.0630649567758
"Background_Yellow+Clothes_No+Earring_No",3,6296,0.0766247067759484,0.0934400713621395,-0.106517833093845,0.259767246645742,7.96368199693909
"Background_Yellow+Clothes_No+Earring_No",3,6306,0.0887393916055249,0.101210374778127,-0.109632942959605,0.287111726170655,9.27958274474636
"Background_Yellow+Clothes_No+Earring_No",3,6309,0.0892736633376523,0.0931296568347617,-0.0932604640584807,0.271807790733785,9.33798333620894
"Background_Yellow+Clothes_No+Earring_No",3,6319,0.0797315308613301,0.0896091692151063,-0.0959024408002783,0.255365502522938,8.29962775647994
"Background_Yellow+Clothes_No+Earring_No",3,6328,0.086556919566504,0.0935952696069652,-0.0968898088631479,0.270003647996156,9.04134318112808
"Background_Yellow+Clothes_No+Earring_No",3,6337,0.0841472674852649,0.0978514638189596,-0.107641601599896,0.275936136570426,8.7789077975589
"Background_Yellow+Clothes_No+Earring_No",3,6341,0.0860474885262671,0.0972855721518472,-0.104632232891353,0.276727209943888,8.98580828304398
"Background_Yellow+Clothes_No+Earring_No",3,6343,0.0920123847280009,0.0990416337312672,-0.102109217385283,0.286133986841285,9.63784003450097
"Background_Yellow+Clothes_No+Earring_No",3,6359,0.0853176298530843,0.0888555756011664,-0.0888392983252019,0.259474558031371,8.90629306657973
"Background_Yellow+Clothes_No+Earring_No",3,6373,0.0843385168244721,0.0910292064026203,-0.0940787277246636,0.262755761373608,8.7997136812872
"Background_Yellow+Clothes_No+Earring_No",3,6377,0.0791020704576457,0.0899192555967727,-0.0971396705120288,0.25534381142732,8.23147887983335
"Background_Yellow+Clothes_No+Earring_No",3,6380,0.0820939582153796,0.0862136306783776,-0.0868847579142404,0.251072674345,8.55578021117456
"Background_Yellow+Clothes_No+Earring_No",3,6382,0.0818551734282842,0.0942822959321771,-0.102938126598783,0.266648473455351,8.52986183688873
"Background_Yellow+Clothes_No+Earring_No",3,6385,0.0825070064087052,0.0828331523788452,-0.0798459722538314,0.244859985071242,8.60062824162717
"Background_Yellow+Clothes_No+Earring_No",3,6386,0.0837776347941785,0.0844359566976504,-0.0817168403332164,0.249272109921573,8.73870698736079
"Background_Yellow+Clothes_No+Earring_No",3,6387,0.0864253483346406,0.090278611651806,-0.090520730502899,0.26337142717218,9.02699742104707
"Background_Yellow+Clothes_No+Earring_No",3,6393,0.0861733553968572,0.0901215561111389,-0.090464894580975,0.262811605374689,8.99952684900967
"Background_Yellow+Clothes_No+Earring_No",3,6411,0.0785975611328164,0.0964699140944131,-0.110483470492233,0.267678592757866,8.17688886124301
"Background_Yellow+Clothes_No+Earring_No",3,6413,0.0951183913083674,0.0889831913709498,-0.0792886637786942,0.269525446395429,9.97890528837084
"Background_Yellow+Clothes_No+Earring_No",3,6414,0.078060993271239,0.0990088628806694,-0.115996377974873,0.272118364517351,8.11886018886718
"Background_Yellow+Clothes_No+Earring_No",3,6416,0.0818761215870404,0.0904308424452706,-0.0953683296056899,0.259120572779771,8.53213536147728
"Background_Yellow+Clothes_No+Earring_No",3,6421,0.0841478611815219,0.0948178340990725,-0.10169509365266,0.269990816015704,8.77897237920846
"Background_Yellow+Clothes_No+Earring_No",3,6424,0.0920104979559789,0.0933901458260943,-0.0910341878631659,0.275055183775124,9.63763317308699
"Background_Yellow+Clothes_No+Earring_No",3,6431,0.0887963034140835,0.0962614347638951,-0.099876108723151,0.277468715551318,9.28580222041802
"Background_Yellow+Clothes_No+Earring_No",3,6446,0.090664513966868,0.0881839187623287,-0.0821759668072963,0.263504994741032,9.49016194345309
"Background_Yellow+Clothes_No+Earring_No",3,6448,0.089294991821203,0.0840914011881321,-0.0755241545075359,0.254114138149942,9.34031537445734
"Background_Yellow+Clothes_No+Earring_No",3,6449,0.0866463621723437,0.0950556826532187,-0.099662775827965,0.272955500172652,9.05109655918372
"Background_Yellow+Clothes_No+Earring_No",3,6450,0.0856535988702372,0.095940789100065,-0.10239034776589,0.273697545506364,8.94288835392021
"Background_Yellow+Clothes_No+Earring_No",3,6451,0.0886571393971255,0.0975252716680095,-0.102492393072173,0.279806671866424,9.27059462738395
"Background_Yellow+Clothes_No+Earring_No",3,6453,0.0881901818014063,0.0900642630617653,-0.0883357737996536,0.264716137402466,9.21958180457345
"Background_Yellow+Clothes_No+Earring_No",3,6455,0.0829085035843132,0.0901424085851348,-0.0937706172425511,0.259587624411177,8.64423984151668
"Background_Yellow+Clothes_No+Earring_No",3,6465,0.0860339278006166,0.0891863934708149,-0.0887714034021807,0.260839259003414,8.98433036641888
"Background_Yellow+Clothes_No+Earring_No",3,6479,0.0860647344596263,0.0948859174792431,-0.0999116637996901,0.272041132718943,8.98768786123822
"Background_Yellow+Clothes_No+Earring_No",3,6484,0.0772459800118405,0.097171574141826,-0.113210305306139,0.26770226532982,8.03077778326216
"Background_Yellow+Clothes_No+Earring_No",3,6515,0.0868738543217923,0.0916129003590466,-0.0926874303819389,0.266435139025524,9.07590764959685
"Background_Yellow+Clothes_No+Earring_No",3,6523,0.088921418554101,0.0898991158199873,-0.0872808484530742,0.265123685561276,9.29947638426938
"Background_Yellow+Clothes_No+Earring_No",3,6531,0.0796039347497626,0.089638553092336,-0.096087629311216,0.255295498810741,8.28581002665705
"Background_Yellow+Clothes_No+Earring_No",3,6535,0.0840413295228965,0.0884879538485498,-0.0893950600202612,0.257477719066054,8.7673845921014
"Background_Yellow+Clothes_No+Earring_No",3,6539,0.075354825768355,0.0970680536822023,-0.114898559448762,0.265608210985471,7.82666798182148
"Background_Yellow+Clothes_No+Earring_No",3,6554,0.0803806069777621,0.0913698717322706,-0.0987043416174883,0.259465555573013,8.36994527651784
"Background_Yellow+Clothes_No+Earring_No",3,6556,0.0891637263893922,0.0931935929936894,-0.0934957158782391,0.271823168657023,9.32596371270453
"Background_Yellow+Clothes_No+Earring_No",3,6558,0.0824471335116344,0.0917556155051626,-0.0973938728784844,0.262288139901753,8.59412620204054
"Background_Yellow+Clothes_No+Earring_No",3,6559,0.083794305326466,0.0873371565330724,-0.0873865214783559,0.254975132131288,8.74051973459622
"Background_Yellow+Clothes_No+Earring_No",3,6560,0.082258651088947,0.0818700562360605,-0.0782066591337315,0.242723961311625,8.57366004686022
"Background_Yellow+Clothes_No+Earring_No",3,6575,0.0811331529008287,0.0903326901589676,-0.0959189198107477,0.258185225612405,8.45152933104218
"Background_Yellow+Clothes_No+Earring_No",3,6582,0.0757910641315015,0.089202538685465,-0.0990459116920098,0.250628039955013,7.87371637237573
"Background_Yellow+Clothes_No+Earring_No",3,6586,0.0887533378160487,0.0925471321211768,-0.0926390411414578,0.270145716773555,9.28110679144059
"Background_Yellow+Clothes_No+Earring_No",3,6588,0.086855230274566,0.101217262112772,-0.111530603466466,0.285241064015598,9.07387623365818
"Background_Yellow+Clothes_No+Earring_No",3,6589,0.0857425246496281,0.0907596180616332,-0.092146326751173,0.263631376050429,8.95257661593791
"Background_Yellow+Clothes_No+Earring_No",3,6590,0.0842764844554808,0.0924709679817355,-0.0969666127887207,0.265519581699682,8.79296478662912
"Background_Yellow+Clothes_No+Earring_No",3,6592,0.0865716405928142,0.0886124325530401,-0.0871087272111444,0.260252008396773,9.0429483934251
"Background_Yellow+Clothes_No+Earring_No",3,6596,0.0857620372908297,0.0938959202319191,-0.0982739663637318,0.269798040945391,8.95470258921502
"Background_Yellow+Clothes_No+Earring_No",3,6605,0.0907473621106465,0.0976781702608304,-0.100701851600581,0.282196575821874,9.4992333759026
"Background_Yellow+Clothes_No+Earring_No",3,6607,0.0893446823725498,0.088168758874844,-0.0834660850221444,0.262155449767244,9.34574869000384
"Background_Yellow+Clothes_No+Earring_No",3,6614,0.0528584825669876,0.0773424725433167,-0.0987327636179132,0.204449728751888,5.42804355008166
"Background_Yellow+Clothes_No+Earring_No",3,6621,0.0841676280325527,0.0962669227102638,-0.104515540479564,0.27285079654467,8.78112261820243
"Background_Yellow+Clothes_No+Earring_No",3,6622,0.0791158714560625,0.0919262110604644,-0.101059502222448,0.259291245134573,8.23297259260936
"Background_Yellow+Clothes_No+Earring_No",3,6630,0.0846944882397976,0.0893809792583977,-0.090492231106662,0.259881207586257,8.8384501634845
"Background_Yellow+Clothes_No+Earring_No",3,6643,0.084269774437977,0.0907647159443227,-0.0936290688128956,0.26216861768885,8.79223478638025
"Background_Yellow+Clothes_No+Earring_No",3,6654,0.0752061451610641,0.097452920953821,-0.115801579908425,0.266213870230553,7.81063743908874
"Background_Yellow+Clothes_No+Earring_No",3,6657,0.0761959602913414,0.0949381063223144,-0.109882728100395,0.262274648683078,7.9174028695332
"Background_Yellow+Clothes_No+Earring_No",3,6663,0.0857618152352629,0.101736100449941,-0.113640941646622,0.285164572117148,8.95467839521946
"Background_Yellow+Clothes_No+Earring_No",3,6669,0.0778007763709407,0.0894067066505945,-0.0974363686642245,0.253037921406106,8.09072949440486
"Background_Yellow+Clothes_No+Earring_No",3,6670,0.0885732856963616,0.091872573076622,-0.0914969575338174,0.268643528926541,9.26143226779404
"Background_Yellow+Clothes_No+Earring_No",3,6709,0.0979173611669732,0.0866111335365034,-0.0718404605645735,0.26767518289852,10.2871641317135
"Background_Yellow+Clothes_No+Earring_No",3,6715,0.0844138208519774,0.0912452678597516,-0.0944269041531357,0.263254545857091,8.80790704641166
"Background_Yellow+Clothes_No+Earring_No",3,6720,0.086101386596029,0.0943650589539426,-0.0988541289536985,0.271056902145756,8.9916825660467
"Background_Yellow+Clothes_No+Earring_No",3,6735,0.0868435320143382,0.0876204537355642,-0.0848925573073675,0.258579621336044,9.07260026653327
"Background_Yellow+Clothes_No+Earring_No",3,6745,0.0830922206603321,0.0939136497436194,-0.100978532837162,0.267162974157826,8.66420147717719
"Background_Yellow+Clothes_No+Earring_No",3,6747,0.0847473854627739,0.0955689758558581,-0.102567807214708,0.272062578140256,8.8442075675252
"Background_Yellow+Clothes_No+Earring_No",3,6753,0.0807388386014131,0.0902346087802719,-0.0961209946079198,0.257598671810746,8.40877377235152
"Background_Yellow+Clothes_No+Earring_No",3,6759,0.083899076563062,0.0905321296133632,-0.0935438974791299,0.261342050605254,8.75191321016075
"Background_Yellow+Clothes_No+Earring_No",3,6767,0.0859512009158497,0.0982646531040977,-0.106647519168182,0.278549920999881,8.97531480519904
"Background_Yellow+Clothes_No+Earring_No",3,6770,0.0822655370254967,0.0920530022178955,-0.0981583473215785,0.262689421372572,8.57440768076836
"Background_Yellow+Clothes_No+Earring_No",3,6771,0.0849318819080497,0.0890274889077865,-0.0895619963512118,0.259425760167311,8.86429078949482
"Background_Yellow+Clothes_No+Earring_No",3,6784,0.0849647690348905,0.0995304283827666,-0.110114870595332,0.280044408665113,8.86787108210689
"Background_Yellow+Clothes_No+Earring_No",3,6785,0.0847979976488323,0.089174426931827,-0.0899838791375485,0.259579874435213,8.84971655021964
"Background_Yellow+Clothes_No+Earring_No",3,6794,0.0883455732720294,0.0952175210893916,-0.0982807680631781,0.274971914607237,9.23655491471502
"Background_Yellow+Clothes_No+Earring_No",3,6799,0.0799728913747093,0.0925790232960134,-0.101481994285477,0.261427777034896,8.32577016497966
"Background_Yellow+Clothes_No+Earring_No",3,6801,0.0883243062304904,0.0934057593093565,-0.0947509820158483,0.271399594476829,9.23423180106704
"Background_Yellow+Clothes_No+Earring_No",3,6813,0.0833582003694328,0.0963435365609943,-0.105475131290116,0.272191532028982,8.6931077939522
"Background_Yellow+Clothes_No+Earring_No",3,6821,0.0833631183954488,0.0925642332718704,-0.0980627788174173,0.264789015608315,8.69364235079857
"Background_Yellow+Clothes_No+Earring_No",3,6829,0.0837764121569077,0.0902168733510959,-0.0930486596112402,0.260601483925056,8.73857403944614
"Background_Yellow+Clothes_No+Earring_No",3,6834,0.0847206073739975,0.0969486158531016,-0.105298679698082,0.274739894446077,8.84129296669605
"Background_Yellow+Clothes_No+Earring_No",3,6835,0.087258676115474,0.0856492981487158,-0.080613948256009,0.255131300486957,9.11789051346843
"Background_Yellow+Clothes_No+Earring_No",3,6838,0.090063258199523,0.0856665099792995,-0.077843101359904,0.25796961775895,9.42435013896319
"Background_Yellow+Clothes_No+Earring_No",3,6839,0.0851624627550124,0.0903039878892892,-0.0918333535079944,0.262158279018019,8.88939570411407
"Background_Yellow+Clothes_No+Earring_No",3,6840,0.0857334599976807,0.0891709364978578,-0.0890415755381205,0.260508495533482,8.95158900322832
"Background_Yellow+Clothes_No+Earring_No",3,6842,0.0866403062120761,0.0867494331861785,-0.0833885828328337,0.256669195256986,9.05043615207555
"Background_Yellow+Clothes_No+Earring_No",3,6844,0.0793185790971936,0.0881729188272614,-0.0935003418042388,0.252137499998626,8.25491446699387
"Background_Yellow+Clothes_No+Earring_No",3,6847,0.0741674281424183,0.0849194907006416,-0.0922747736308393,0.240609629915676,7.69871083528726
"Background_Yellow+Clothes_No+Earring_No",3,6852,0.0851809429103443,0.095761808683793,-0.10251220210989,0.272874087930579,8.89140801565453
"Background_Yellow+Clothes_No+Earring_No",3,6859,0.0910306274882001,0.0976147364399827,-0.100294255934166,0.282355510910566,9.530255111071
"Background_Yellow+Clothes_No+Earring_No",3,6860,0.0824791338283732,0.0883633222755152,-0.0907129778316366,0.255671245488383,8.59760130407687
"Background_Yellow+Clothes_No+Earring_No",3,6862,0.083996102956078,0.0891987224017262,-0.0908333929513053,0.258825598863461,8.7624655279515
"Background_Yellow+Clothes_No+Earring_No",3,6866,0.0767783543961792,0.0930525845946949,-0.105604711409423,0.259161420201781,7.98027163419579
"Background_Yellow+Clothes_No+Earring_No",3,6869,0.0843429770169799,0.0975419529078008,-0.10683925068231,0.27552520471627,8.80019895003721
"Background_Yellow+Clothes_No+Earring_No",3,6880,0.0888372135109212,0.098398645723739,-0.104024132107607,0.28169855912945,9.29027320462343
"Background_Yellow+Clothes_No+Earring_No",3,6882,0.078494912435284,0.0881825848712694,-0.0943429539124041,0.251332778782972,8.16578521439548
"Background_Yellow+Clothes_No+Earring_No",3,6884,0.0849419823350764,0.0902916892256639,-0.0920297285472249,0.261913693217378,8.86539037087286
"Background_Yellow+Clothes_No+Earring_No",3,6889,0.0828569283999531,0.0897173291260348,-0.092989036687075,0.258702893486981,8.63863663931152
"Background_Yellow+Clothes_No+Earring_No",3,6894,0.0784534072362493,0.0917130414792314,-0.101304154063044,0.258210968535543,8.16129586511773
"Background_Yellow+Clothes_No+Earring_No",3,6897,0.0843782623851621,0.0993240555045449,-0.110296886403746,0.27905341117407,8.80403807284749
"Background_Yellow+Clothes_No+Earring_No",3,6901,0.080980219725558,0.0926517746826298,-0.100617258652396,0.262577698103512,8.43494476249629
"Background_Yellow+Clothes_No+Earring_No",3,6904,0.0830290159279111,0.0842839565446594,-0.0821675388996212,0.248225570755443,8.65733360244245
"Background_Yellow+Clothes_No+Earring_No",3,6908,0.084873378961073,0.0947266312124691,-0.100790818215366,0.270537576137512,8.85792209395866
"Background_Yellow+Clothes_No+Earring_No",3,6909,0.083289712544388,0.0891085133635142,-0.0913629736480999,0.257942398736876,8.68566389431318
"Background_Yellow+Clothes_No+Earring_No",3,6911,0.0842133185630475,0.0975918018455671,-0.107066613054264,0.275493250180359,8.78609299895148
"Background_Yellow+Clothes_No+Earring_No",3,6923,0.110425978326247,0.0904292208790149,-0.0668152945966225,0.287667251249116,11.6753682015867
"Background_Yellow+Clothes_No+Earring_No",3,6932,0.080974044582072,0.0903927168855446,-0.0961956805135954,0.258143769677739,8.43427516322095
"Background_Yellow+Clothes_No+Earring_No",3,6940,0.0860493014864103,0.0949450263307865,-0.100042950121931,0.272141553094752,8.98600587014968
"Background_Yellow+Clothes_No+Earring_No",3,6950,0.0815755018906466,0.0931045482655381,-0.100909412709808,0.264060416491101,8.49951336754857
"Background_Yellow+Clothes_No+Earring_No",3,6969,0.0755066109210408,0.0867654359128307,-0.0945536434681075,0.245566865310189,7.84303571124243
"Background_Yellow+Clothes_No+Earring_No",3,6971,0.0833397650803389,0.0857373341474347,-0.0847054098486332,0.251384940009311,8.69110402355759
"Background_Yellow+Clothes_No+Earring_No",3,6976,0.092537925920613,0.0912504424023066,-0.0863129411879079,0.271388793029134,9.69547437899265
"Background_Yellow+Clothes_No+Earring_No",3,6977,0.0863112381010496,0.0812849706516405,-0.0730073043761658,0.245629780578265,9.01455703470482
"Background_Yellow+Clothes_No+Earring_No",3,6979,0.0865766496680682,0.0904121020092142,-0.0906310702699916,0.263784369606128,9.04349459912752
"Background_Yellow+Clothes_No+Earring_No",3,6980,0.0863760344736832,0.0855098126676154,-0.0812231983548431,0.253975267302209,9.02162101142248
"Background_Yellow+Clothes_No+Earring_No",3,6981,0.082147908867611,0.0880517013661119,-0.0904334258099684,0.25472924354519,8.56163702430843
"Background_Yellow+Clothes_No+Earring_No",3,6986,0.0882305301796201,0.0800591122600146,-0.0686853298500084,0.245146390209249,9.22398872647392
"Background_Yellow+Clothes_No+Earring_No",3,6990,0.0904682230798537,0.0917641842406598,-0.0893895780318394,0.270326024191547,9.468672131642
"Background_Yellow+Clothes_No+Earring_No",3,6995,0.0944130292136327,0.0955657743311071,-0.0928958884753373,0.281721946902603,9.9013576901434
"Background_Yellow+Clothes_No+Earring_No",3,6999,0.0836694386010291,0.0924854283854319,-0.0976020010344175,0.264940878236476,8.7269425096641
"Background_Yellow+Clothes_No+Earring_No",3,7003,0.0799330311348934,0.0865288283420013,-0.0896634724154291,0.249529534685216,8.3214523598576
"Background_Yellow+Clothes_No+Earring_No",3,7005,0.083639146748386,0.091482367388214,-0.0956662933325136,0.262944586829286,8.72364901902647
"Background_Yellow+Clothes_No+Earring_No",3,7011,0.0875034667722598,0.0955940025110938,-0.0998607781494839,0.274867711694004,9.1446048231276
"Background_Yellow+Clothes_No+Earring_No",3,7017,0.0822203757318668,0.0918812580022283,-0.0978668899525005,0.262307641416234,8.56950443078177
"Background_Yellow+Clothes_No+Earring_No",3,7028,0.0870083504813372,0.0872810352159589,-0.0840624785419422,0.258079179504617,9.09057892686771
"Background_Yellow+Clothes_No+Earring_No",3,7042,0.085324316685663,0.0988761637286772,-0.108472964222544,0.27912159759387,8.90702130716303
"Background_Yellow+Clothes_No+Earring_No",3,7048,0.0925707984561645,0.0888833643435353,-0.0816405956571648,0.266782192569494,9.69908040664333
"Background_Yellow+Clothes_No+Earring_No",3,7055,0.0827225195762464,0.0936360571929816,-0.100804152521998,0.26624919167449,8.624035629226
"Background_Yellow+Clothes_No+Earring_No",3,7061,0.0862338801933918,0.0958319677842126,-0.101596776663665,0.274064537050448,9.00612422284492
"Background_Yellow+Clothes_No+Earring_No",3,7062,0.0851340246485601,0.0955681783775818,-0.1021796049715,0.27244765426862,8.88629913991792
"Background_Yellow+Clothes_No+Earring_No",3,7070,0.0871515690411548,0.0935810155541621,-0.0962672214450029,0.270570359527313,9.10620384133345
"Background_Yellow+Clothes_No+Earring_No",3,7086,0.0756711219476844,0.0859798291398731,-0.0928493431664669,0.244191587061836,7.86077853916907
"Background_Yellow+Clothes_No+Earring_No",3,7090,0.085753597618517,0.0925796838940448,-0.0957025828138108,0.267209778050845,8.95378305110854
"Background_Yellow+Clothes_No+Earring_No",3,7098,0.0852653054800875,0.091359384666362,-0.093799088465982,0.264329699426157,8.90059476216101
"Background_Yellow+Clothes_No+Earring_No",3,7099,0.0886181105316461,0.0813878371755486,-0.0709020503324293,0.248138271395721,9.26633000326767
"Background_Yellow+Clothes_No+Earring_No",3,7102,0.0886177034326184,0.0880853861997466,-0.0840296535188848,0.261265060384122,9.26628552106001
"Background_Yellow+Clothes_No+Earring_No",3,7105,0.0872438389480423,0.0913946290496488,-0.0918896339892694,0.266377311885354,9.11627152506771
"Background_Yellow+Clothes_No+Earring_No",3,7115,0.0788204583526321,0.083475114811416,-0.0847907666777432,0.242431683383007,8.20100387650358
"Background_Yellow+Clothes_No+Earring_No",3,7128,0.0905466585255615,0.0941889859112133,-0.0940637538604165,0.275157070911539,9.47725869247262
"Background_Yellow+Clothes_No+Earring_No",3,7130,0.07925696192342,0.0940038846393024,-0.104990651969613,0.263504575816453,8.2482443106175
"Background_Yellow+Clothes_No+Earring_No",3,7142,0.0821579116175687,0.0901253412486713,-0.0944877572298271,0.258803580464964,8.56272294464968
"Background_Yellow+Clothes_No+Earring_No",3,7148,0.0755938577913188,0.0925397859446096,-0.105784122660116,0.256971838242754,7.85244508905294
"Background_Yellow+Clothes_No+Earring_No",3,7153,0.0901630491695938,0.0928577521690195,-0.0918381450816844,0.272164243420872,9.4352702458679
"Background_Yellow+Clothes_No+Earring_No",3,7162,0.0820791347845611,0.0918527313190312,-0.0979522186007401,0.262110488169862,8.55417105400329
"Background_Yellow+Clothes_No+Earring_No",3,7164,0.0808420982191064,0.0899556713482871,-0.0954710176235364,0.257155214061749,8.41996859886267
"Background_Yellow+Clothes_No+Earring_No",3,7166,0.08719249034613,0.0894041229907407,-0.0880395907157218,0.262424571407982,9.11066870092883
"Background_Yellow+Clothes_No+Earring_No",3,7169,0.0865267601277884,0.0964205242028793,-0.102457467309855,0.275510987565432,9.03805460501199
"Background_Yellow+Clothes_No+Earring_No",3,7171,0.0839097249272825,0.0902519643371088,-0.0929841251734509,0.260803575028016,8.75307124630787
"Background_Yellow+Clothes_No+Earring_No",3,7174,0.0813302077736032,0.0978116473194295,-0.110380620972479,0.273041036519685,8.47290233911524
"Background_Yellow+Clothes_No+Earring_No",3,7176,0.0779027541055862,0.0925894467190981,-0.103572561463846,0.259378069675019,8.1017529041965
"Background_Yellow+Clothes_No+Earring_No",3,7177,0.0901255527530358,0.093775103690006,-0.0936736504793759,0.273924755985447,9.43116689231962
"Background_Yellow+Clothes_No+Earring_No",3,7199,0.084749259968884,0.093350121005066,-0.0982169772010454,0.267715497138813,8.84441159684854
"Background_Yellow+Clothes_No+Earring_No",3,7203,0.0718692496468723,0.0937758175700456,-0.111931352790417,0.255669852084162,7.45148416836547
"Background_Yellow+Clothes_No+Earring_No",3,7208,0.0862337615770116,0.090995643299837,-0.0921176992906688,0.264585222444692,9.00611129293381
"Background_Yellow+Clothes_No+Earring_No",3,7212,0.0811205189165401,0.0944430458654981,-0.103987850979836,0.266228888812916,8.45015916477987
"Background_Yellow+Clothes_No+Earring_No",3,7215,0.0870476699696693,0.0889018128156819,-0.0871998831490673,0.261295223088406,9.09486839694229
"Background_Yellow+Clothes_No+Earring_No",3,7234,0.0929147345092273,0.0886356825634403,-0.0808112033151157,0.26664067233357,9.73681636438921
"Background_Yellow+Clothes_No+Earring_No",3,7246,0.0811825826735883,0.0882116378468846,-0.0917122275063054,0.254077392853482,8.45689019798457
"Background_Yellow+Clothes_No+Earring_No",3,7250,0.078925850430211,0.103241133810363,-0.1234267718381,0.281278472698522,8.21240800604015
"Background_Yellow+Clothes_No+Earring_No",3,7263,0.0832834940813452,0.0925355586787356,-0.0980862009289767,0.264653189091667,8.68498803863036
"Background_Yellow+Clothes_No+Earring_No",3,7266,0.0868016378074149,0.0904929391498075,-0.0905645229262079,0.264167798541038,9.0680308521647
"Background_Yellow+Clothes_No+Earring_No",3,7272,0.0842254102444282,0.0895181677656508,-0.0912301985762474,0.259681019065104,8.78740841367944
"Background_Yellow+Clothes_No+Earring_No",3,7282,0.0861362042034783,0.0919364116969945,-0.0940591627226309,0.266331571129587,8.99547746172973
"Background_Yellow+Clothes_No+Earring_No",3,7296,0.0864870106135016,0.09170194644305,-0.0932488044148764,0.26622282564188,9.03372048144289
"Background_Yellow+Clothes_No+Earring_No",3,7302,0.0883387188304234,0.094283865933164,-0.0964576583985781,0.273135096059425,9.23580616169426
"Background_Yellow+Clothes_No+Earring_No",3,7308,0.0884276657067113,0.0934836118714283,-0.0948002135612881,0.271655544974711,9.24552277755604
"Background_Yellow+Clothes_No+Earring_No",3,7312,0.0768560010884204,0.0945742688019088,-0.108509565763321,0.262221567940162,7.9886562706309
"Background_Yellow+Clothes_No+Earring_No",3,7316,0.0880277246508281,0.0974008616697954,-0.102877964221971,0.278933413523627,9.20183974372748
"Background_Yellow+Clothes_No+Earring_No",3,7321,0.0856144492680499,0.0905000555289292,-0.0917656595686514,0.262994558104751,8.93862336666682
"Background_Yellow+Clothes_No+Earring_No",3,7323,0.0867362426820598,0.084706121052379,-0.079287754580603,0.252760239944723,9.06089856782575
"Background_Yellow+Clothes_No+Earring_No",3,7332,0.0815052625393722,0.0957999072258005,-0.106262555623197,0.269273080701941,8.49189269975457
"Background_Yellow+Clothes_No+Earring_No",3,7346,0.0846768983131879,0.0855879112781039,-0.0830754077918957,0.252429204418272,8.83653571997132
"Background_Yellow+Clothes_No+Earring_No",3,7350,0.102815394377851,0.0979259154757786,-0.0891193999546748,0.294750188710377,10.8286794216896
"Background_Yellow+Clothes_No+Earring_No",3,7354,0.0864121617750196,0.090633947793808,-0.091230375900844,0.264054699450883,9.02555973952433
"Background_Yellow+Clothes_No+Earring_No",3,7358,0.0861258941415956,0.0891659325295291,-0.0886393336162814,0.260891121899473,8.99435371740513
"Background_Yellow+Clothes_No+Earring_No",3,7359,0.0839971955115779,0.0941377345094586,-0.100512764126961,0.268507155150117,8.76258435704631
"Background_Yellow+Clothes_No+Earring_No",3,7361,0.0881656406973667,0.090530672022093,-0.0892744764659357,0.265605757860669,9.21690146834255
"Background_Yellow+Clothes_No+Earring_No",3,7362,0.0771078708474856,0.0887046800444575,-0.0967533020396512,0.250969043734622,8.01585877306763
"Background_Yellow+Clothes_No+Earring_No",3,7363,0.0827337770061359,0.0919286899865399,-0.0974464553674823,0.262914009379754,8.6252584635744
"Background_Yellow+Clothes_No+Earring_No",3,7394,0.0885122624083228,0.0863986603315043,-0.0808291118414256,0.257853636658071,9.25476497937323
"Background_Yellow+Clothes_No+Earring_No",3,7397,0.0920429439588973,0.0946104417775353,-0.0933935219250719,0.277479409842867,9.64119053376362
"Background_Yellow+Clothes_No+Earring_No",3,7409,0.0839323139178937,0.0919557677631879,-0.0963009908979546,0.264165618733742,8.7555278961597
"Background_Yellow+Clothes_No+Earring_No",3,7417,0.0847401716999564,0.0820923412433013,-0.0761608171369141,0.245641160536827,8.84342239405978
"Background_Yellow+Clothes_No+Earring_No",3,7419,0.0830322589846519,0.0921689618909466,-0.0976189063216033,0.263683424290907,8.65768598491203
"Background_Yellow+Clothes_No+Earring_No",3,7421,0.0891575800286949,0.094566568159967,-0.0961928935648405,0.27450805362223,9.32529175796299
"Background_Yellow+Clothes_No+Earring_No",3,7426,0.082000246383317,0.0937010962688703,-0.101653902303669,0.265654395070303,8.54560772677848
"Background_Yellow+Clothes_No+Earring_No",3,7430,0.0870054920033806,0.0986290548879909,-0.106307455577082,0.280318439583843,9.09026709429826
"Background_Yellow+Clothes_No+Earring_No",3,7431,0.0844867530079527,0.0900722970523792,-0.0920549492147106,0.261028455230616,8.81584293104678
"Background_Yellow+Clothes_No+Earring_No",3,7439,0.0880542813796677,0.0942901987465964,-0.0967545081636614,0.272863070922997,9.2047398258825
"Background_Yellow+Clothes_No+Earring_No",3,7453,0.0885837402352428,0.0968628382295036,-0.101267422694584,0.27843490316507,9.26257455165691
"Background_Yellow+Clothes_No+Earring_No",3,7458,0.0789878200266632,0.0935976591270995,-0.104463591862452,0.262439231915778,8.21911409308
"Background_Yellow+Clothes_No+Earring_No",3,7463,0.0815933350314861,0.0954583896257809,-0.105505108635044,0.268691778698017,8.50144827190413
"Background_Yellow+Clothes_No+Earring_No",3,7464,0.0791458693941182,0.0900077004604024,-0.0972692235082704,0.255560962296507,8.2362194073154
"Background_Yellow+Clothes_No+Earring_No",3,7465,0.0900939969310099,0.0961711942929643,-0.0984015438832002,0.27858953774522,9.42771375637663
"Background_Yellow+Clothes_No+Earring_No",3,7482,0.0797170118500048,0.0810359202256417,-0.0791133917922529,0.238547415492262,8.29805536437282
"Background_Yellow+Clothes_No+Earring_No",3,7484,0.0779061656913133,0.0851608626466415,-0.0890091250961041,0.244821456478731,8.10212170322286
"Background_Yellow+Clothes_No+Earring_No",3,7492,0.0824376440157487,0.0802292234888865,-0.0748116340224688,0.239686922053966,8.59309570341622
"Background_Yellow+Clothes_No+Earring_No",3,7493,0.077544646066342,0.093104150120193,-0.104939488169236,0.26002878030192,8.06304772815609
"Background_Yellow+Clothes_No+Earring_No",3,7497,0.084119772317637,0.0926283756052254,-0.0974318438686047,0.265671388503879,8.77591694437183
"Background_Yellow+Clothes_No+Earring_No",3,7500,0.0805562053326835,0.0815570267734382,-0.0792955671432554,0.240407977808622,8.38897653151094
"Background_Yellow+Clothes_No+Earring_No",3,7503,0.0831829202684076,0.0878868548417756,-0.0890753152214726,0.255441155758288,8.67405772463514
"Background_Yellow+Clothes_No+Earring_No",3,7532,0.0737952700103467,0.0884008828726913,-0.0994704604201282,0.247061000440822,7.65863734153709
"Background_Yellow+Clothes_No+Earring_No",3,7535,0.0825853440854234,0.0917015286980126,-0.0971496521626812,0.262320340333528,8.60913609577216
"Background_Yellow+Clothes_No+Earring_No",3,7554,0.0779765023390784,0.0945668273399417,-0.107374479247207,0.263327483925364,8.10972551148983
"Background_Yellow+Clothes_No+Earring_No",3,7572,0.0777659028665652,0.0966627198771104,-0.111693028092571,0.267224833825702,8.08696005760399
"Background_Yellow+Clothes_No+Earring_No",3,7574,0.0917903189772822,0.094034403167057,-0.0925171112301495,0.276097749184714,9.61349592834266
"Background_Yellow+Clothes_No+Earring_No",3,7578,0.0815833154360053,0.083946867691417,-0.0829525452391719,0.246119176111183,8.50036113672972
"Background_Yellow+Clothes_No+Earring_No",3,7579,0.0812113586836691,0.0911228844637335,-0.0973894948652486,0.259812212232587,8.46001119945501
"Background_Yellow+Clothes_No+Earring_No",3,7580,0.0827286932030828,0.0889898158346393,-0.0916913458328102,0.257148732238976,8.62470623555749
"Background_Yellow+Clothes_No+Earring_No",3,7590,0.0827734156482347,0.0971793229564415,-0.107698057346391,0.27324488864286,8.62956430665585
"Background_Yellow+Clothes_No+Earring_No",3,7606,0.0897100765539405,0.0924652286883592,-0.0915217716752436,0.270941924783125,9.38571029075856
"Background_Yellow+Clothes_No+Earring_No",3,7609,0.0818479799341447,0.0967554053324071,-0.107792614517373,0.271488574385663,8.52908113077167
"Background_Yellow+Clothes_No+Earring_No",3,7615,0.0819923596308429,0.0892006152955334,-0.0928408463484027,0.256825565610088,8.54475165781399
"Background_Yellow+Clothes_No+Earring_No",3,7624,0.0841115209303259,0.0880355791691038,-0.0884382142411176,0.256661256101769,8.77501939585401
"Background_Yellow+Clothes_No+Earring_No",3,7625,0.0816482599625346,0.0929798849085886,-0.100592314458299,0.263888834383368,8.50740787013289
"Background_Yellow+Clothes_No+Earring_No",3,7628,0.0777957094561806,0.0955540766327272,-0.109490280743965,0.265081699656326,8.09018180927967
"Background_Yellow+Clothes_No+Earring_No",3,7629,0.0804840660356857,0.0891125451133412,-0.0941765223864631,0.255144654457835,8.38115770896721
"Background_Yellow+Clothes_No+Earring_No",3,7631,0.0794959884879387,0.0902777022851648,-0.0974483079909842,0.256440284966862,8.27412160912795
"Background_Yellow+Clothes_No+Earring_No",3,7632,0.0821214810775078,0.0977509394260959,-0.10947036019764,0.273713322352656,8.55876801806281
"Background_Yellow+Clothes_No+Earring_No",3,7633,0.0834906428668198,0.093087710557204,-0.0989612698253,0.26594255555894,8.70750433393299
"Background_Yellow+Clothes_No+Earring_No",3,7639,0.0847270919476317,0.0935977111012734,-0.0987244218108642,0.268178605706128,8.84199875836311
"Background_Yellow+Clothes_No+Earring_No",3,7640,0.0918709703826236,0.0954900724086658,-0.0952895715383613,0.279031512303609,9.62233676734192
"Background_Yellow+Clothes_No+Earring_No",3,7654,0.0807165773213697,0.0955905598103408,-0.106640919906898,0.268074074549638,8.40636048114098
"Background_Yellow+Clothes_No+Earring_No",3,7659,0.0788917679324016,0.0867948622902787,-0.0912261621565447,0.249009698021348,8.20871991973127
"Background_Yellow+Clothes_No+Earring_No",3,7660,0.081441494078669,0.0924584984966912,-0.0997771629748458,0.262660151132184,8.48497455934025
"Background_Yellow+Clothes_No+Earring_No",3,7663,0.0837880785333837,0.0893312162760244,-0.0913011053676241,0.258877262434392,8.73984263198826
"Background_Yellow+Clothes_No+Earring_No",3,7669,0.0789185258405115,0.0882746668408181,-0.094099821167492,0.251936872848515,8.21161539745388
"Background_Yellow+Clothes_No+Earring_No",3,7672,0.0853628910904047,0.0904240201550374,-0.0918681884134686,0.262593970594278,8.91122241170919
"Background_Yellow+Clothes_No+Earring_No",3,7674,0.0849575684487057,0.0917941643357503,-0.0949589936493649,0.264874130546776,8.86708717244074
"Background_Yellow+Clothes_No+Earring_No",3,7677,0.0855575871088259,0.0944378167169416,-0.0995405336563797,0.270655707874031,8.93242905743188
"Background_Yellow+Clothes_No+Earring_No",3,7683,0.0823583676300322,0.0962436191525764,-0.106279125909017,0.270995861169082,8.58448717650604
"Background_Yellow+Clothes_No+Earring_No",3,7684,0.0831705249335213,0.086136145472758,-0.0856563201930844,0.251997370060127,8.67271068164472
"Background_Yellow+Clothes_No+Earring_No",3,7692,0.0925753064551213,0.0899949126839207,-0.0838147224053633,0.268965335315606,9.69957493109801
"Background_Yellow+Clothes_No+Earring_No",3,7694,0.0828083439975689,0.0947580155788501,-0.102917366536977,0.268534054532115,8.6333586242902
"Background_Yellow+Clothes_No+Earring_No",3,7699,0.0845513892922178,0.0855729024032047,-0.0831714994180634,0.252274278002499,8.822876610116
"Background_Yellow+Clothes_No+Earring_No",3,7713,0.0833561396664416,0.0950855066763246,-0.103011453419155,0.269723732752038,8.69288380997062
"Background_Yellow+Clothes_No+Earring_No",3,7716,0.0826000628713644,0.0931716150145092,-0.100016302557074,0.265216428299802,8.61073470216234
"Background_Yellow+Clothes_No+Earring_No",3,7718,0.086692981954185,0.0894514376541661,-0.0886318358479805,0.262017799756351,9.05618061602278
"Background_Yellow+Clothes_No+Earring_No",3,7722,0.0791331182586467,0.0906996891518252,-0.0986382724789308,0.256904508996224,8.2348392814179
"Background_Yellow+Clothes_No+Earring_No",3,7737,0.0767256988945093,0.0927868348450212,-0.105136497401732,0.258587895190751,7.97458602851295
"Background_Yellow+Clothes_No+Earring_No",3,7739,0.0861558106026192,0.0865399709131113,-0.0834625323870789,0.255774153592317,8.99761449151508
"Background_Yellow+Clothes_No+Earring_No",3,7740,0.085516975697053,0.0907040169443276,-0.0922628975138291,0.263296848907935,8.92800524752921
"Background_Yellow+Clothes_No+Earring_No",3,7750,0.0912758942142717,0.0908799615867424,-0.0868488304957434,0.269400618924287,9.55712253285546
"Background_Yellow+Clothes_No+Earring_No",3,7755,0.0898981829451383,0.0936109775317164,-0.0935793330170258,0.273375698907303,9.4062883773441
"Background_Yellow+Clothes_No+Earring_No",3,7762,0.091617108671815,0.0976486451059866,-0.0997742357359187,0.283008453079549,9.5945113854363
"Background_Yellow+Clothes_No+Earring_No",3,7765,0.081524947827446,0.0969218657515262,-0.108441909045545,0.271491804700437,8.49402841493705
"Background_Yellow+Clothes_No+Earring_No",3,7768,0.0777436599329017,0.0893042655762818,-0.0972927005966105,0.252780020462414,8.08455591325925
"Background_Yellow+Clothes_No+Earring_No",3,7769,0.0869603738098045,0.0956815661949924,-0.100575495932381,0.27449624355199,9.08534524954343
"Background_Yellow+Clothes_No+Earring_No",3,7771,0.0743744472584778,0.0869565449054097,-0.0960603807561253,0.244809275273081,7.72100883518161
"Background_Yellow+Clothes_No+Earring_No",3,7776,0.0805902150943112,0.079580462644404,-0.0753874916887206,0.236567921877343,8.39266287745135
"Background_Yellow+Clothes_No+Earring_No",3,7787,0.0840713595637804,0.0939991846984121,-0.100167042445107,0.268309761572668,8.77065093015141
"Background_Yellow+Clothes_No+Earring_No",3,7794,0.0813138555074413,0.0924372627755359,-0.0998631795326091,0.262490890547492,8.4711285758474
"Background_Yellow+Clothes_No+Earring_No",3,7796,0.0833759433673493,0.0951730349502775,-0.103163205135195,0.269915091869893,8.69503635264648
"Background_Yellow+Clothes_No+Earring_No",3,7797,0.0808638900985412,0.086803193747096,-0.0892703696457671,0.250998149842849,8.42233129949044
"Background_Yellow+Clothes_No+Earring_No",3,7809,0.0795688408918773,0.0943541386968138,-0.105365270953878,0.264502952737632,8.28200992650947
"Background_Yellow+Clothes_No+Earring_No",3,7817,0.0789008265889742,0.0903838142608844,-0.0982514493623593,0.256053102540308,8.20970014980298
"Background_Yellow+Clothes_No+Earring_No",3,7822,0.0862139022705855,0.0919013087399977,-0.0939126628598099,0.266340467400981,9.00394652866274
"Background_Yellow+Clothes_No+Earring_No",3,7823,0.0927726680426372,0.0917076076304689,-0.0869742429130819,0.272519578998356,9.72122754998357
"Background_Yellow+Clothes_No+Earring_No",3,7830,0.086675243654237,0.0878168164108238,-0.0854457165109777,0.258796203819452,9.05424616193684
"Background_Yellow+Clothes_No+Earring_No",3,7831,0.0757904326776637,0.0879875961846047,-0.0966652558441616,0.248246121199489,7.87364825512504
"Background_Yellow+Clothes_No+Earring_No",3,7833,0.0892737994310858,0.0937507857756665,-0.0944777406892206,0.273025339551392,9.33799821639154
"Background_Yellow+Clothes_No+Earring_No",3,7873,0.08374736528812,0.0870462882517858,-0.08686335968538,0.25435809026162,8.73541557022588
"Background_Yellow+Clothes_No+Earring_No",3,7888,0.0822794131238473,0.0977786572982646,-0.109366755180751,0.273925581428446,8.57591428038051
"Background_Yellow+Clothes_No+Earring_No",3,7889,0.0820262763569186,0.0953730344167751,-0.104904871099961,0.268957423813798,8.54843320285557
"Background_Yellow+Clothes_No+Earring_No",3,7898,0.0840884892502557,0.0925301312060502,-0.0972705679136027,0.265447546414114,8.77251415325775
"Background_Yellow+Clothes_No+Earring_No",3,7915,0.087120880933217,0.0916855422223437,-0.0925827818225766,0.26682454368901,9.10285562974869
"Background_Yellow+Clothes_No+Earring_No",3,7923,0.0871809555598668,0.0815760327503336,-0.0727080686307871,0.247069979750521,9.10941013994497
"Background_Yellow+Clothes_No+Earring_No",3,7926,0.0848711021796704,0.0930215356422,-0.0974511076790415,0.267193312038382,8.85767424854826
"Background_Yellow+Clothes_No+Earring_No",3,7944,0.0821427094500866,0.0951171971826516,-0.104286997027911,0.268572415928084,8.56107256849785
"Background_Yellow+Clothes_No+Earring_No",3,7947,0.0849311994061598,0.0941244008232119,-0.0995526262073356,0.269415025019655,8.86421648943596
"Background_Yellow+Clothes_No+Earring_No",3,7961,0.0821877088776055,0.0959576996073319,-0.105889382352765,0.270264800107976,8.5659578645312
"Background_Yellow+Clothes_No+Earring_No",3,7968,0.0825414698229074,0.0928259901679596,-0.0993974709062933,0.264480410552108,8.60437105455558
"Background_Yellow+Clothes_No+Earring_No",3,7973,0.0787540758264181,0.093677957120292,-0.104854720129354,0.262362871782191,8.19382145892351
"Background_Yellow+Clothes_No+Earring_No",3,7977,0.0868932823577178,0.0905044702101888,-0.0904954792542522,0.264282043969688,9.07802680083467
"Background_Yellow+Clothes_No+Earring_No",3,7979,0.0822789757629455,0.0937174377688405,-0.101407202263982,0.265965153789873,8.57586679353113
"Background_Yellow+Clothes_No+Earring_No",3,7983,0.0781937476798496,0.096132668797361,-0.110226283162978,0.266613778522677,8.13321439698234
"Background_Yellow+Clothes_No+Earring_No",3,8001,0.0863395858906624,0.0918147676256335,-0.0936173586555791,0.266296530436904,9.01764740023467
"Background_Yellow+Clothes_No+Earring_No",3,8005,0.0799348873693016,0.0880142737011378,-0.0925730890849286,0.252442863823532,8.32165343005125
"Background_Yellow+Clothes_No+Earring_No",3,8009,0.0865669548965904,0.0894331866565588,-0.0887220909502648,0.261856000743446,9.04243745249065
"Background_Yellow+Clothes_No+Earring_No",3,8010,0.0853751143651915,0.0876809245583857,-0.0864794977692445,0.257229726499628,8.91255367164425
"Background_Yellow+Clothes_No+Earring_No",3,8020,0.0875459711386118,0.0951633982872742,-0.0989742895044456,0.274066231781669,9.14924404398922
"Background_Yellow+Clothes_No+Earring_No",3,8027,0.0804606631489382,0.0861438275997401,-0.0883812389465524,0.249302565244429,8.37862130668747
"Background_Yellow+Clothes_No+Earring_No",3,8028,0.0879310925005626,0.0920921897650946,-0.0925695994390228,0.268431784440148,9.19128784497463
"Background_Yellow+Clothes_No+Earring_No",3,8031,0.0816448332931856,0.0952969643632754,-0.105137216858834,0.268426883445205,8.50703605176126
"Background_Yellow+Clothes_No+Earring_No",3,8036,0.0851923658217067,0.0928541341070133,-0.0968017370280394,0.267186468671453,8.89265187966068
"Background_Yellow+Clothes_No+Earring_No",3,8037,0.0838120805577487,0.0896632155511403,-0.0919278219224862,0.259551983037984,8.74245263966318
"Background_Yellow+Clothes_No+Earring_No",3,8044,0.0831677230588485,0.0893118192649044,-0.091883442700364,0.258218888818061,8.67240619475562
"Background_Yellow+Clothes_No+Earring_No",3,8050,0.0865223511382896,0.0951873898140272,-0.100044932897204,0.273089635173783,9.03757385843409
"Background_Yellow+Clothes_No+Earring_No",3,8067,0.0860877036769827,0.0943060227748455,-0.0987521009617145,0.27092750831568,8.99019125188023
"Background_Yellow+Clothes_No+Earring_No",3,8073,0.0845923599532155,0.0933319745289734,-0.0983383101235724,0.267523030030003,8.82733524663841
"Background_Yellow+Clothes_No+Earring_No",3,8077,0.0832886511745715,0.0783095284686521,-0.0701980246239867,0.23677532697313,8.68554853869126
"Background_Yellow+Clothes_No+Earring_No",3,8080,0.084319730839508,0.0886805351128839,-0.0894941179817444,0.25813357966076,8.7976697907002
"Background_Yellow+Clothes_No+Earring_No",3,8081,0.0871251516556517,0.0887773832146234,-0.0868785194450102,0.261128822756314,9.10332157875688
"Background_Yellow+Clothes_No+Earring_No",3,8088,0.078324693197898,0.0885550824169842,-0.0952432683393909,0.251892654735187,8.1473748838657
"Background_Yellow+Clothes_No+Earring_No",3,8095,0.0825078437181272,0.0907371367162453,-0.0953369442457135,0.260352631681968,8.6007191739945
"Background_Yellow+Clothes_No+Earring_No",3,8097,0.0924076341056708,0.0842963385105474,-0.072813189375002,0.257628457586344,9.68118288759725
"Background_Yellow+Clothes_No+Earring_No",3,8105,0.0842310147768899,0.0926890559548449,-0.0974395348946061,0.265901564448386,8.78801811794987
"Background_Yellow+Clothes_No+Earring_No",3,8106,0.0871265265060808,0.0926676149873109,-0.0945019988690487,0.26875505188121,9.10347157960847
"Background_Yellow+Clothes_No+Earring_No",3,8123,0.0825044969223379,0.091776109445686,-0.0973766775912066,0.262385671435882,8.60035571017308
"Background_Yellow+Clothes_No+Earring_No",3,8127,0.086769184531147,0.0899411464599534,-0.0895154625303617,0.263053831592656,9.06449129466289
"Background_Yellow+Clothes_No+Earring_No",3,8134,0.0847795206830808,0.10167523177949,-0.11450393360472,0.284062974970882,8.84770535631532
"Background_Yellow+Clothes_No+Earring_No",3,8136,0.0788240022333005,0.0941054673505377,-0.105622713773753,0.263270718240354,8.20138732862898
"Background_Yellow+Clothes_No+Earring_No",3,8137,0.08464752173826,0.0881809714753179,-0.088187182353363,0.257482225829883,8.83333852228645
"Background_Yellow+Clothes_No+Earring_No",3,8159,0.0905898284050244,0.09382202240354,-0.093301335505914,0.274480992315963,9.48198491454881
"Background_Yellow+Clothes_No+Earring_No",3,8171,0.0862283008534205,0.0911219071720259,-0.0923706372037503,0.264827238910591,9.00551604231554
"Background_Yellow+Clothes_No+Earring_No",3,8175,0.0854492279459285,0.0938248582781816,-0.0984474942793075,0.269345950171164,8.92062587011013
"Background_Yellow+Clothes_No+Earring_No",3,8181,0.0864994466057145,0.0831727909899008,-0.076519223734491,0.24951811694592,9.03507643237302
"Background_Yellow+Clothes_No+Earring_No",3,8182,0.0921341354308971,0.0921928565439264,-0.0885638633951986,0.272832134256993,9.65118933121583
"Background_Yellow+Clothes_No+Earring_No",3,8219,0.0895674437183008,0.0895531120125278,-0.0859566558262538,0.265091543262855,9.37010940934675
"Background_Yellow+Clothes_No+Earring_No",3,8221,0.0753501246816572,0.0915649123261703,-0.104117103477637,0.254817352840951,7.82616108049847
"Background_Yellow+Clothes_No+Earring_No",3,8238,0.0888509192603371,0.097440609144621,-0.10213267466312,0.279834513183794,9.29177111998656
"Background_Yellow+Clothes_No+Earring_No",3,8241,0.0818727590813734,0.0883349519087978,-0.0912637466598704,0.255009264822617,8.53177042217064
"Background_Yellow+Clothes_No+Earring_No",3,8250,0.0847517385062302,0.0901159458435766,-0.0918755153471799,0.26137899235964,8.84468137212195
"Background_Yellow+Clothes_No+Earring_No",3,8253,0.0842312128622829,0.0875255977676808,-0.0873189587623716,0.255781384486937,8.78803966726933
"Background_Yellow+Clothes_No+Earring_No",3,8256,0.0785516051742161,0.0929591346182525,-0.103648298677559,0.260751509025991,8.17191760284734
"Background_Yellow+Clothes_No+Earring_No",3,8257,0.0799455159610714,0.0898564908764665,-0.0961732061568029,0.256064238078946,8.32280474280378
"Background_Yellow+Clothes_No+Earring_No",3,8258,0.086993704081648,0.0913468824146177,-0.0920461854510028,0.266033593614299,9.08898115434724
"Background_Yellow+Clothes_No+Earring_No",3,8282,0.0877807346992954,0.0954446986882286,-0.0992908747296326,0.274852344128223,9.17487131722416
"Background_Yellow+Clothes_No+Earring_No",3,8286,0.0835356714302079,0.0872924049095381,-0.0875574421924867,0.254628785052903,8.71239938689044
"Background_Yellow+Clothes_No+Earring_No",3,8294,0.0826140139802543,0.100088184427261,-0.113558827497176,0.278786855457685,8.61224995291847
"Background_Yellow+Clothes_No+Earring_No",3,8301,0.0858315847497974,0.094338114636663,-0.099071119938062,0.270734289437657,8.9622803754275
"Background_Yellow+Clothes_No+Earring_No",3,8317,0.0828916714158785,0.0935365520352286,-0.10043997057317,0.266223313404927,8.64241113876276
"Background_Yellow+Clothes_No+Earring_No",3,8321,0.0901897261111057,0.0951203969509906,-0.0962462519128358,0.276625704135047,9.43818968311223
"Background_Yellow+Clothes_No+Earring_No",3,8323,0.0886589946423961,0.0931411194915681,-0.0938975995610774,0.27121558884587,9.27079735132592
"Background_Yellow+Clothes_No+Earring_No",3,8325,0.0848333497417312,0.0851083946151978,-0.0819791037040565,0.251645803187519,8.85356468353051
"Background_Yellow+Clothes_No+Earring_No",3,8332,0.0829085066681906,0.0948784422515082,-0.103053240144765,0.268870253481147,8.6442401765622
"Background_Yellow+Clothes_No+Earring_No",3,8337,0.0912032530638665,0.088292044542722,-0.0818491542398687,0.264255660367602,9.54916446648466
"Background_Yellow+Clothes_No+Earring_No",3,8341,0.0864214756021617,0.0910244430388193,-0.0919864327539241,0.264829383958248,9.02657518947068
"Background_Yellow+Clothes_No+Earring_No",3,8344,0.0833150380368746,0.0930750568156566,-0.0991120733218124,0.265742149395562,8.68841644713227
"Background_Yellow+Clothes_No+Earring_No",3,8345,0.0847816110385027,0.0904012105092943,-0.092404761559714,0.261967983636719,8.84793288694416
"Background_Yellow+Clothes_No+Earring_No",3,8346,0.088453453048856,0.0885362339918613,-0.0850775655751921,0.261984471672904,9.24833996555341
"Background_Yellow+Clothes_No+Earring_No",3,8351,0.0865447140444094,0.0956802234550585,-0.100988523927505,0.274077952016324,9.04001228272684
"Background_Yellow+Clothes_No+Earring_No",3,8356,0.0900102945884528,0.0957596938141439,-0.0976787052872692,0.277699294464175,9.41855478371365
"Background_Yellow+Clothes_No+Earring_No",3,8367,0.0874944806067326,0.0867601405578467,-0.082555394886647,0.257544356100112,9.14362403604903
"Background_Yellow+Clothes_No+Earring_No",3,8369,0.0796159429264285,0.0859888461068672,-0.0889221954430312,0.248154081295888,8.2871103496015
"Background_Yellow+Clothes_No+Earring_No",3,8370,0.0860273626510888,0.100815780810465,-0.111571567737422,0.2836262930396,8.98361487034252
"Background_Yellow+Clothes_No+Earring_No",3,8378,0.0867919729736847,0.093577612218693,-0.0966201469749537,0.270204092922323,9.06697673287518
"Background_Yellow+Clothes_No+Earring_No",3,8381,0.0824321935868915,0.0918048839701251,-0.0975053789945537,0.262369766168337,8.5925038260867
"Background_Yellow+Clothes_No+Earring_No",3,8382,0.09271349384113,0.0947550818759884,-0.0930064666358072,0.278433454318067,9.7147350760503
"Background_Yellow+Clothes_No+Earring_No",3,8386,0.0822221614601315,0.0908906600778786,-0.0959235322925105,0.260367855212774,8.56969830658763
"Background_Yellow+Clothes_No+Earring_No",3,8399,0.0843977668992375,0.0900525599006635,-0.0921052505060629,0.260900784304538,8.80616026343564
"Background_Yellow+Clothes_No+Earring_No",3,8400,0.0771297713005586,0.0931321003617032,-0.10540914540838,0.259668688009497,8.01822439521782
"Background_Yellow+Clothes_No+Earring_No",3,8404,0.0840391609217603,0.0993598580189309,-0.110706160795344,0.278784482638865,8.76714871928335
"Background_Yellow+Clothes_No+Earring_No",3,8409,0.0905044019918,0.0956955289266194,-0.097058834704374,0.278067638687974,9.4726326607353
"Background_Yellow+Clothes_No+Earring_No",3,8415,0.083271976172003,0.0924355024706943,-0.0979016086705578,0.264445561014564,8.68373622200045
"Background_Yellow+Clothes_No+Earring_No",3,8416,0.0883152675861925,0.0916111853089574,-0.091242655619364,0.267873190791749,9.23324447616267
"Background_Yellow+Clothes_No+Earring_No",3,8425,0.0772268879349914,0.0918074990975915,-0.102715810296288,0.257169586166271,8.02871527103954
"Background_Yellow+Clothes_No+Earring_No",3,8432,0.0847481548468048,0.092340309820894,-0.0962388524021475,0.265735162095757,8.84429131055258
"Background_Yellow+Clothes_No+Earring_No",3,8439,0.0859674526654959,0.100820789451462,-0.11164129465937,0.283576199990362,8.9770858591242
"Background_Yellow+Clothes_No+Earring_No",3,8443,0.0842866200167438,0.0845736720506767,-0.0814777772025826,0.25005101723607,8.79406746997684
"Background_Yellow+Clothes_No+Earring_No",3,8450,0.0814054300086888,0.0910704946852218,-0.097092739574346,0.259903599591724,8.4810622201738
"Background_Yellow+Clothes_No+Earring_No",3,8458,0.0855093324481198,0.0944764763206088,-0.0996645611402736,0.270683226036513,8.92717268685104
"Background_Yellow+Clothes_No+Earring_No",3,8460,0.0897675410243699,0.0921718378246634,-0.0908892611119703,0.27042434316071,9.39199626328127
"Background_Yellow+Clothes_No+Earring_No",3,8493,0.0870015258332202,0.0861859954597847,-0.0819230252679577,0.255926076934398,9.08983442459414
"Background_Yellow+Clothes_No+Earring_No",3,8495,0.0878866446169748,0.0838835871129843,-0.0765251861244745,0.252298475358424,9.18643463118205
"Background_Yellow+Clothes_No+Earring_No",3,8497,0.0818240037763665,0.0882631225200033,-0.0911717163628399,0.254819723915573,8.526479051593
"Background_Yellow+Clothes_No+Earring_No",3,8517,0.0846208446922886,0.093617240584036,-0.098868946852422,0.268110636236999,8.83043520903755
"Background_Yellow+Clothes_No+Earring_No",3,8518,0.0828707085902671,0.0939254683774243,-0.101223209429485,0.266964626610019,8.64013371071481
"Background_Yellow+Clothes_No+Earring_No",3,8519,0.0859274694680899,0.0865725086711995,-0.0837546475274611,0.255609586463641,8.97272869389485
"Background_Yellow+Clothes_No+Earring_No",3,8522,0.0783454578395433,0.0921582013514746,-0.102284616809347,0.258975532488434,8.14962054866517
"Background_Yellow+Clothes_No+Earring_No",3,8539,0.086719706925135,0.0954390270916191,-0.100340786174438,0.273780200024709,9.05909517822727
"Background_Yellow+Clothes_No+Earring_No",3,8540,0.0803092687027332,0.0915129754013726,-0.0990561630839571,0.259674700489424,8.36221462730569
"Background_Yellow+Clothes_No+Earring_No",3,8541,0.0752572756992623,0.0793543031171912,-0.0802771584104325,0.230791709808957,7.8161499959333
"Background_Yellow+Clothes_No+Earring_No",3,8549,0.0809812993249691,0.0950672799425733,-0.105350569362475,0.267313168012413,8.435061828862
"Background_Yellow+Clothes_No+Earring_No",3,8552,0.0799259097994103,0.0900753137007401,-0.0966217050540404,0.256473524652861,8.320680969202
"Background_Yellow+Clothes_No+Earring_No",3,8563,0.0914586630785033,0.0876608018555888,-0.0803565085584507,0.263273834715457,9.57714799366891
"Background_Yellow+Clothes_No+Earring_No",3,8566,0.0857254062792707,0.0966436222916784,-0.103696093412419,0.27514690597096,8.95071154134357
"Background_Yellow+Clothes_No+Earring_No",3,8581,0.0846242504599875,0.0888583504402072,-0.0895381164028186,0.258786617322794,8.83080586084961
"Background_Yellow+Clothes_No+Earring_No",3,8583,0.0718885655962474,0.096559869199867,-0.117368778035492,0.261145909227987,7.45355971583948
"Background_Yellow+Clothes_No+Earring_No",3,8587,0.0915177706789424,0.0924058837602301,-0.0895977614911087,0.272633302848993,9.58362502736885
"Background_Yellow+Clothes_No+Earring_No",3,8590,0.0786853296055256,0.0925529836624336,-0.102718518372844,0.260089177583895,8.18638379823275
"Background_Yellow+Clothes_No+Earring_No",3,8598,0.0815172908728849,0.0888063393311913,-0.0925431342162501,0.25557771596202,8.49319768427175
"Background_Yellow+Clothes_No+Earring_No",3,8603,0.0787860789585884,0.0890831485850071,-0.0958168922680256,0.253389050185202,8.19728405549835
"Background_Yellow+Clothes_No+Earring_No",3,8611,0.0819489307851331,0.0879022621554633,-0.0903395030395749,0.254237364609841,8.54003778690138
"Background_Yellow+Clothes_No+Earring_No",3,8613,0.0818463142772307,0.0909433510772109,-0.0964026538341026,0.260095282388564,8.52890035870786
"Background_Yellow+Clothes_No+Earring_No",3,8616,0.0861733182630873,0.0941302766924616,-0.0983220240541374,0.270668660580312,8.9995228014464
"Background_Yellow+Clothes_No+Earring_No",3,8618,0.0821095222378279,0.0916931082682267,-0.0976089699678963,0.261828014443552,8.55746978892293
"Background_Yellow+Clothes_No+Earring_No",3,8627,0.0864814727724636,0.0945241557922853,-0.0987858725804157,0.271748818125343,9.03311667170299
"Background_Yellow+Clothes_No+Earring_No",3,8636,0.0874614047705952,0.0870406048079324,-0.0831381806529524,0.258060990194143,9.14001407912646
"Background_Yellow+Clothes_No+Earring_No",3,8641,0.0845558459055955,0.0899052872824,-0.0916585171679085,0.260770208979099,8.8233615926844
"Background_Yellow+Clothes_No+Earring_No",3,8645,0.0845560575689583,0.0897549786160111,-0.0913637005184235,0.26047581565634,8.8233846266055
"Background_Yellow+Clothes_No+Earring_No",3,8648,0.0895736842530684,0.0954648616522282,-0.0975374445852989,0.276684813091436,9.37079193944672
"Background_Yellow+Clothes_No+Earring_No",3,8656,0.0853227304671425,0.0919436778685753,-0.0948868781552651,0.26553233908955,8.90684855696584
"Background_Yellow+Clothes_No+Earring_No",3,8675,0.0813512585019399,0.0972632673853318,-0.10928474557331,0.27198726257719,8.4751857967484
"Background_Yellow+Clothes_No+Earring_No",3,8693,0.0811646556512665,0.0903833020255456,-0.0959866163188028,0.258315927621336,8.45494590632077
"Background_Yellow+Clothes_No+Earring_No",3,8703,0.08285866566984,0.0886982703968245,-0.0909899443079361,0.256707275647616,8.63882537410745
"Background_Yellow+Clothes_No+Earring_No",3,8706,0.0851504546459149,0.0855438312161821,-0.0825154545378021,0.252816363829632,8.88808815622151
"Background_Yellow+Clothes_No+Earring_No",3,8724,0.086519105209278,0.0943840716938465,-0.0984736753106612,0.271511885729217,9.03721993078415
"Background_Yellow+Clothes_No+Earring_No",3,8729,0.0824998767297516,0.094415321015348,-0.10255415246033,0.267553905919834,8.59985395677385
"Background_Yellow+Clothes_No+Earring_No",3,8767,0.081578196306736,0.0867693295406447,-0.0884896895929276,0.2516460822064,8.49980571077693
"Background_Yellow+Clothes_No+Earring_No",3,8775,0.0865504883729693,0.0927548417734702,-0.0952490015030324,0.268349978248971,9.04064191740177
"Background_Yellow+Clothes_No+Earring_No",3,8778,0.0836668949977095,0.0921527165130346,-0.0969524293678383,0.264286219363257,8.72666595180394
"Background_Yellow+Clothes_No+Earring_No",3,8783,0.0806737504928924,0.0930582201303515,-0.101720360962597,0.263067861948381,8.40171787994946
"Background_Yellow+Clothes_No+Earring_No",3,8790,0.0843156251828313,0.0975369456974166,-0.106856788384105,0.275488038749768,8.79722310573778
"Background_Yellow+Clothes_No+Earring_No",3,8792,0.0858073827205322,0.090637356253089,-0.0918418355355222,0.263456600976587,8.95964329904049
"Background_Yellow+Clothes_No+Earring_No",3,8803,0.0856385617885951,0.09211519851843,-0.0949072273075276,0.266184350884718,8.94125018313039
"Background_Yellow+Clothes_No+Earring_No",3,8809,0.0849472484354616,0.0952226402742309,-0.101689126502031,0.271583623372954,8.86596366845655
"Background_Yellow+Clothes_No+Earring_No",3,8811,0.0862390392521495,0.0890416293009893,-0.0882825541777894,0.260760632682088,9.00668659329538
"Background_Yellow+Clothes_No+Earring_No",3,8813,0.0853117471717522,0.0909432855849963,-0.0929370925748406,0.263560586918345,8.90565240744696
"Background_Yellow+Clothes_No+Earring_No",3,8826,0.0839068486002744,0.0871439025149667,-0.0868952003290603,0.254708897529609,8.7527584373617
"Background_Yellow+Clothes_No+Earring_No",3,8829,0.0866923342885744,0.0881591089953029,-0.0860995193422193,0.259484187919368,9.05610998410784
"Background_Yellow+Clothes_No+Earring_No",3,8837,0.0885338157311994,0.0965343749485475,-0.100673559167954,0.277741190630352,9.25711980797572
"Background_Yellow+Clothes_No+Earring_No",3,8838,0.085500066269092,0.0971781342112494,-0.104969076784957,0.275969209323141,8.92616335284428
"Background_Yellow+Clothes_No+Earring_No",3,8840,0.0851219529770639,0.0888261600881366,-0.0889773207956838,0.259221226749812,8.88498470821797
"Background_Yellow+Clothes_No+Earring_No",3,8867,0.0811976184169258,0.0942033621282131,-0.103440971354372,0.265836208188223,8.45852094020845
"Background_Yellow+Clothes_No+Earring_No",3,8869,0.082564457602482,0.1001980636795,-0.113823747209339,0.278952662414303,8.60686765659377
"Background_Yellow+Clothes_No+Earring_No",3,8871,0.0817151122571089,0.0920983056229257,-0.0987975667638254,0.262227791278043,8.51466208180496
"Background_Yellow+Clothes_No+Earring_No",3,8874,0.0857475117566092,0.0908944854472073,-0.0924056797199171,0.263900703233136,8.95311997544825
"Background_Yellow+Clothes_No+Earring_No",3,8876,0.0845327561993212,0.0889741926211704,-0.0898566613381728,0.258922173736815,8.82084892223796
"Background_Yellow+Clothes_No+Earring_No",3,8883,0.0752289584659579,0.0873188814492608,-0.0959160491745932,0.246373966106509,7.8130969840865
"Background_Yellow+Clothes_No+Earring_No",3,8885,0.0883321894430883,0.0925606205295244,-0.0930866267947795,0.269751005680956,9.23509292113349
"Background_Yellow+Clothes_No+Earring_No",3,8895,0.0821722992898841,0.0857818317479424,-0.0859600909360829,0.250304689515851,8.56428492076966
"Background_Yellow+Clothes_No+Earring_No",3,8898,0.0781696741642295,0.0889709186207019,-0.0962133263323463,0.252552674660805,8.13061128168968
"Background_Yellow+Clothes_No+Earring_No",3,8903,0.0763281155066057,0.0909548926572099,-0.101943474101526,0.254599705114737,7.93166565957046
"Background_Yellow+Clothes_No+Earring_No",3,8918,0.0802907445002966,0.0942919458959705,-0.104521469455806,0.265102958456399,8.36020732229739
"Background_Yellow+Clothes_No+Earring_No",3,8920,0.088348274762354,0.0958053633729878,-0.099430237448702,0.27612678697341,9.23685001660983
"Background_Yellow+Clothes_No+Earring_No",3,8921,0.081370113731462,0.090425662040895,-0.0958641838686922,0.258604411331616,8.47723114055672
"Background_Yellow+Clothes_No+Earring_No",3,8933,0.0771972873183501,0.0916711870325101,-0.10247823926537,0.25687281390207,8.02551760177927
"Background_Yellow+Clothes_No+Earring_No",3,8938,0.0881573694707437,0.0882621372624234,-0.0848364195636061,0.261151158505094,9.21599811433538
"Background_Yellow+Clothes_No+Earring_No",3,8956,0.0850569977196746,0.0905837635737629,-0.0924871788849007,0.26260117432425,8.87791228570844
"Background_Yellow+Clothes_No+Earring_No",3,8961,0.0841008423682368,0.0965858602072862,-0.105207443638044,0.273409128374518,8.77385784125753
"Background_Yellow+Clothes_No+Earring_No",3,8982,0.0846209508508886,0.0873655786575027,-0.0866155833178166,0.255857485019594,8.83044676232478
"Background_Yellow+Clothes_No+Earring_No",3,8984,0.0965300737398685,0.0978771537245205,-0.0953091475601917,0.288369295039929,10.1342702139686
"Background_Yellow+Clothes_No+Earring_No",3,8985,0.0770621763414751,0.0879235096211069,-0.0952679025158944,0.249392255198845,8.01092315452587
"Background_Yellow+Clothes_No+Earring_No",3,8988,0.080958452735135,0.089659771837053,-0.094774700065489,0.256691605535759,8.43258448578028
"Background_Yellow+Clothes_No+Earring_No",3,8990,0.0777669380847828,0.0920312259704799,-0.102614264817358,0.258148140986924,8.08707195125205
"Background_Yellow+Clothes_No+Earring_No",3,8991,0.0795551109029852,0.0940669437689762,-0.104816098884208,0.263926320690179,8.28052322592217
"Background_Yellow+Clothes_No+Earring_No",3,8995,0.085623614193612,0.0912161769177355,-0.0931600925651496,0.264407320952374,8.93962178561605
"Background_Yellow+Clothes_No+Earring_No",3,8999,0.0843489509297984,0.0905063900617776,-0.0930435735912856,0.261741475450882,8.8008489148818
"Background_Yellow+Clothes_No+Earring_No",3,9000,0.0849870578144575,0.0944455573185683,-0.100126234529936,0.270100350158851,8.87029764112979
"Background_Yellow+Clothes_No+Earring_No",3,9004,0.0804960935570714,0.0880904881713623,-0.0921612632587987,0.253153450372942,8.38246127349869
"Background_Yellow+Clothes_No+Earring_No",3,9005,0.0881649159350941,0.0946350901278696,-0.0973198607155302,0.273649692585718,9.21682231208152
"Background_Yellow+Clothes_No+Earring_No",3,9009,0.0843787826552591,0.0911743861775695,-0.0943230142527771,0.263080579563295,8.80409468034966
"Background_Yellow+Clothes_No+Earring_No",3,9012,0.0830277605752735,0.0876235292378382,-0.0887143567308894,0.254769877881436,8.65719719925775
"Background_Yellow+Clothes_No+Earring_No",3,9014,0.0888192200889769,0.0868534656875239,-0.08141357265857,0.259052012836524,9.28830671631522
"Background_Yellow+Clothes_No+Earring_No",3,9015,0.082058743445777,0.0990509937353169,-0.112081204275444,0.276198691166998,8.55195751169351
"Background_Yellow+Clothes_No+Earring_No",3,9020,0.0869284727359522,0.0904661652248037,-0.090385211104663,0.264242156576567,9.08186536539475
"Background_Yellow+Clothes_No+Earring_No",3,9021,0.0814237466759191,0.0891029688455583,-0.0932180722613751,0.256065565613213,8.4830492498891
"Background_Yellow+Clothes_No+Earring_No",3,9025,0.0801964776111611,0.0880987623386644,-0.092477096572621,0.252870051794943,8.34999302408965
"Background_Yellow+Clothes_No+Earring_No",3,9027,0.0840796942749637,0.095134607627652,-0.102384136675234,0.270543525225162,8.77155750589016
"Background_Yellow+Clothes_No+Earring_No",3,9032,0.0803303773285621,0.0918376100444862,-0.0996713383586309,0.260332093015755,8.36450202889012
"Background_Yellow+Clothes_No+Earring_No",3,9034,0.081828682928113,0.0913268671233814,-0.0971719766337147,0.260829342489941,8.52698686464506
"Background_Yellow+Clothes_No+Earring_No",3,9037,0.0835654561687941,0.0976235605070245,-0.107776722424974,0.274907634762562,8.71563740550878
"Background_Yellow+Clothes_No+Earring_No",3,9045,0.0911709291265794,0.0939303140878337,-0.0929324864855747,0.275274344738733,9.54562346339247
"Background_Yellow+Clothes_No+Earring_No",3,9046,0.0828964176985377,0.0885160148589111,-0.0905949714249281,0.256387806822003,8.64292678757852
"Background_Yellow+Clothes_No+Earring_No",3,9055,0.0816217115942493,0.086076613408153,-0.0870884506857305,0.250331873874229,8.50452721374562
"Background_Yellow+Clothes_No+Earring_No",3,9061,0.075099228479391,0.0885365317087908,-0.098432373669839,0.248630830628621,7.79911129966395
"Background_Yellow+Clothes_No+Earring_No",3,9065,0.0863548371315229,0.0821508117087656,-0.0746607538176577,0.247370428080703,9.01931006731205
"Background_Yellow+Clothes_No+Earring_No",3,9070,0.0891611249374807,0.0867143196342627,-0.0807989415456743,0.259121191420636,9.32567930683719
"Background_Yellow+Clothes_No+Earring_No",3,9076,0.0833802456517325,0.084604278068006,-0.0824441393615593,0.249204630665024,8.69550399060985
"Background_Yellow+Clothes_No+Earring_No",3,9084,0.0848317100263168,0.0950617447836886,-0.101489309749713,0.271152729802346,8.85338619480893
"Background_Yellow+Clothes_No+Earring_No",3,9089,0.0851667945616273,0.0934716408344614,-0.098037621473917,0.268371210597172,8.88986739294031
"Background_Yellow+Clothes_No+Earring_No",3,9095,0.0847427674736796,0.088941634474737,-0.0895828360968049,0.259068371044164,8.84370492732227
"Background_Yellow+Clothes_No+Earring_No",3,9105,0.0806623808607264,0.0914946824989143,-0.0986671968371455,0.259991958558598,8.40048539929745
"Background_Yellow+Clothes_No+Earring_No",3,9119,0.0815738864471753,0.0928668404987839,-0.100445120930441,0.263592893824792,8.49933809285963
"Background_Yellow+Clothes_No+Earring_No",3,9121,0.0822197729205227,0.0870316408953739,-0.08836224323441,0.252801789075456,8.56943898387261
"Background_Yellow+Clothes_No+Earring_No",3,9131,0.0867719084630261,0.0869641997562589,-0.0836779230592413,0.257221739985293,9.06478837931222
"Background_Yellow+Clothes_No+Earring_No",3,9132,0.0787484560022997,0.0899665644680415,-0.0975860103550616,0.255082922359661,8.19321343038473
"Background_Yellow+Clothes_No+Earring_No",3,9135,0.0841461536820289,0.091612434454365,-0.0954142178485265,0.263706525212584,8.77878663932685
"Background_Yellow+Clothes_No+Earring_No",3,9144,0.0838567672279567,0.0888179749577825,-0.090226463689297,0.25793999814521,8.74731208635733
"Background_Yellow+Clothes_No+Earring_No",3,9152,0.085833819108735,0.0867523376414814,-0.0842007626685685,0.255868400886039,8.96252383654452
"Background_Yellow+Clothes_No+Earring_No",3,9154,0.0854798784057209,0.0905536617202157,-0.0920052985659019,0.262965055377344,8.92396438853724
"Background_Yellow+Clothes_No+Earring_No",3,9155,0.080896692982032,0.0888616493848703,-0.0932721398123139,0.255065525776378,8.42588792292529
"Background_Yellow+Clothes_No+Earring_No",3,9163,0.0875199401072703,0.0894732809440938,-0.0878476905431535,0.262887570757694,9.14640281357686
"Background_Yellow+Clothes_No+Earring_No",3,9165,0.090642686386792,0.08807236292551,-0.0819791449472076,0.263264517720792,9.48777206425848
"Background_Yellow+Clothes_No+Earring_No",3,9168,0.0798083258606245,0.0890977012071358,-0.0948231685053618,0.254439820226611,8.30794494567226
"Background_Yellow+Clothes_No+Earring_No",3,9170,0.0857009517617777,0.0875705947306887,-0.0859374139103721,0.257339317433927,8.94804723683957
"Background_Yellow+Clothes_No+Earring_No",3,9172,0.0802257716442083,0.0971455962070887,-0.110179596921686,0.270631140210102,8.35316707885616
"Background_Yellow+Clothes_No+Earring_No",3,9175,0.087906883901955,0.0926306712028413,-0.093649231655614,0.269462999459524,9.18864450891162
"Background_Yellow+Clothes_No+Earring_No",3,9179,0.0822857244481337,0.0857373215342151,-0.0857594257589279,0.250330874655195,8.57659954034768
"Background_Yellow+Clothes_No+Earring_No",3,9181,0.0915871066723961,0.0922423718357183,-0.0892079421256117,0.272382155470404,9.59122338029301
"Background_Yellow+Clothes_No+Earring_No",3,9184,0.0878402649415856,0.0882549344952424,-0.0851394066690895,0.260819936552261,9.18137071721918
"Background_Yellow+Clothes_No+Earring_No",3,9185,0.0845167557203155,0.0868290583843314,-0.0856681987129741,0.254701710153605,8.81910775045922
"Background_Yellow+Clothes_No+Earring_No",3,9192,0.0829266620510484,0.0922050348405417,-0.0977952062364134,0.26364853033851,8.64621267224355
"Background_Yellow+Clothes_No+Earring_No",3,9205,0.0901474220991582,0.0969821462321323,-0.0999375845158211,0.280232428714137,9.4335601065539
"Background_Yellow+Clothes_No+Earring_No",3,9231,0.0824833233749121,0.0926374726047182,-0.0990861229303355,0.26405276968016,8.59805627973462
"Background_Yellow+Clothes_No+Earring_No",3,9234,0.0972247959260632,0.089136691224818,-0.0774831188745801,0.271932710726707,10.2108095186447
"Background_Yellow+Clothes_No+Earring_No",3,9237,0.0805799669131149,0.0914764521750424,-0.0987138793499681,0.259873813176198,8.3915520554938
"Background_Yellow+Clothes_No+Earring_No",3,9244,0.0759072257771732,0.0881646777180492,-0.0968955425502033,0.24870999410455,7.88624788862096
"Background_Yellow+Clothes_No+Earring_No",3,9248,0.0881432783752906,0.0965785480109976,-0.101150675726265,0.277437232476846,9.2144591521238
