"treatment","k","row_id","cate_log","cate_se_log","cate_lo_log","cate_hi_log","cate_pct"
"Mouth_Dumbfounded",1,2,-0.0667669580317139,0.0397412235877325,-0.14465975626367,0.0111258402002419,-6.45868335362475
"Mouth_Dumbfounded",1,5,-0.0615625509171598,0.0393723744439758,-0.138732404827352,0.0156073029930328,-5.97058723601991
"Mouth_Dumbfounded",1,7,-0.0625742817297407,0.0383940687009005,-0.137826656383506,0.0126780929240243,-6.06567158221001
"Mouth_Dumbfounded",1,10,-0.0623792637630341,0.0426917374213537,-0.146055069108887,0.0212965415828191,-6.04735091410635
"Mouth_Dumbfounded",1,12,-0.0635925143905293,0.0379195702822238,-0.137914872143688,0.0107298433626294,-6.16126990444756
"Mouth_Dumbfounded",1,13,-0.063148618531276,0.039935020161013,-0.141421258046861,0.0151240209843094,-6.11960603419494
"Mouth_Dumbfounded",1,15,-0.0611741660647029,0.0393716590214502,-0.138342617746745,0.0159942856173395,-5.9340605436691
"Mouth_Dumbfounded",1,16,-0.0606406006027854,0.0403978512463066,-0.139820389045546,0.0185391878399755,-5.88385681493557
"Mouth_Dumbfounded",1,21,-0.057614442595218,0.0426006677348806,-0.141111751355584,0.025882866165148,-5.59861511905186
"Mouth_Dumbfounded",1,22,-0.0639323543500366,0.0415312912419591,-0.145333685184277,0.0174689764842033,-6.19315463652355
"Mouth_Dumbfounded",1,23,-0.0619497045020071,0.0409056955564172,-0.142124867792585,0.0182254587885705,-6.00698401422637
"Mouth_Dumbfounded",1,24,-0.0613549428183906,0.0349425856474306,-0.129842410687355,0.00713252505057343,-5.95106394188072
"Mouth_Dumbfounded",1,26,-0.0673371731758935,0.0369935109225371,-0.139844454584066,0.00517010823227936,-6.51200682461284
"Mouth_Dumbfounded",1,27,-0.0612572246249962,0.0403277856769572,-0.140299684551832,0.0177852353018399,-5.94187320071446
"Mouth_Dumbfounded",1,31,-0.0632393896650011,0.0434507528767405,-0.148402865303413,0.0219240859734103,-6.12812727724248
"Mouth_Dumbfounded",1,34,-0.064392513492351,0.0401884350616243,-0.143161846213135,0.0143768192284326,-6.23631078391982
"Mouth_Dumbfounded",1,37,-0.0597583098433258,0.0428653562623953,-0.143774408117621,0.024257788430969,-5.80078236896842
"Mouth_Dumbfounded",1,38,-0.0607028497382643,0.0380642892288353,-0.135308856626781,0.0139031571502529,-5.88971528113933
"Mouth_Dumbfounded",1,39,-0.060640206628889,0.0395412116109353,-0.138140981386322,0.0168605681285442,-5.88381973562462
"Mouth_Dumbfounded",1,40,-0.0661186250121719,0.0381134763465769,-0.140821038651463,0.00858378862711882,-6.39801776572457
"Mouth_Dumbfounded",1,43,-0.0615247958336005,0.0397286503653932,-0.139392950549771,0.0163433588825703,-5.96703708066618
"Mouth_Dumbfounded",1,45,-0.065884446381831,0.0411394160676343,-0.146517701874394,0.0147488091107323,-6.37609561497833
"Mouth_Dumbfounded",1,47,-0.0592268028649339,0.0396989375584687,-0.137036720479532,0.0185831147496647,-5.75070151945695
"Mouth_Dumbfounded",1,51,-0.0655070978935846,0.0338602070654252,-0.131873103741818,0.000858907954648755,-6.34076010971446
"Mouth_Dumbfounded",1,54,-0.0615481191534583,0.0420869000791426,-0.144038443308578,0.0209422050016611,-5.96923021596183
"Mouth_Dumbfounded",1,58,-0.065834801926452,0.03816735064692,-0.140642809194415,0.00897320534151125,-6.37144759186135
"Mouth_Dumbfounded",1,59,-0.0599419652555401,0.0404398210522287,-0.139204014517908,0.0193200840068281,-5.81808097657263
"Mouth_Dumbfounded",1,60,-0.058160776195571,0.0381154396648182,-0.132867037938615,0.0165454855474727,-5.6501756816158
"Mouth_Dumbfounded",1,61,-0.0604985524379205,0.0427117675694432,-0.144213616874029,0.0232165119981881,-5.87048683994424
"Mouth_Dumbfounded",1,62,-0.0616717726688545,0.0433953778243349,-0.146726713204551,0.0233831678668418,-5.98085673235641
"Mouth_Dumbfounded",1,63,-0.0617410160379353,0.040840613301027,-0.141788618107948,0.0183065860320777,-5.98736670920539
"Mouth_Dumbfounded",1,65,-0.062171414409233,0.0398048459911217,-0.140188912551832,0.0158460837333655,-6.02782088712452
"Mouth_Dumbfounded",1,67,-0.0637959618406242,0.0399918872217824,-0.142180060795318,0.0145881371140693,-6.18035921290423
"Mouth_Dumbfounded",1,68,-0.062890407502174,0.0401830064319921,-0.141649100108879,0.0158682851045305,-6.09536195114642
"Mouth_Dumbfounded",1,71,-0.0623949635546265,0.0393994530367139,-0.139617891506586,0.0148279643973327,-6.04882593953774
"Mouth_Dumbfounded",1,72,-0.0629363389235509,0.0437789002948581,-0.148742983501473,0.022870305654371,-6.0996750255923
"Mouth_Dumbfounded",1,73,-0.0638091304190365,0.0421375421047247,-0.146398712944297,0.0187804521062239,-6.18159467606588
"Mouth_Dumbfounded",1,75,-0.0666165425414153,0.039404114834329,-0.1438486076167,0.0106155225338696,-6.44461223238744
"Mouth_Dumbfounded",1,76,-0.064509636780638,0.0384820676268581,-0.13993448932928,0.0109152157680038,-6.24729205242904
"Mouth_Dumbfounded",1,79,-0.0619696092551574,0.0416028034338406,-0.143511103985485,0.0195718854751701,-6.00885490338756
"Mouth_Dumbfounded",1,80,-0.0610654558140488,0.0379107619236862,-0.135370549184474,0.0132396375563762,-5.92383405596084
"Mouth_Dumbfounded",1,81,-0.0626992515063784,0.0349537705620678,-0.131208641808031,0.00581013879527452,-6.07740980077444
"Mouth_Dumbfounded",1,83,-0.0645195730393227,0.0351239174254102,-0.133362451193127,0.0043233051144814,-6.24822359895955
"Mouth_Dumbfounded",1,85,-0.0641333405406243,0.0328745077735464,-0.128567375776775,0.000300694695526627,-6.21200662246633
"Mouth_Dumbfounded",1,91,-0.0668531171471691,0.0401711470975909,-0.145588565458447,0.0118823311641091,-6.46674244353851
"Mouth_Dumbfounded",1,92,-0.0588057629108019,0.0436430744658267,-0.144346188863822,0.0267346630422186,-5.71101044396978
"Mouth_Dumbfounded",1,94,-0.061662064541297,0.042320017068808,-0.144609297996161,0.0212851689135666,-5.97994397809016
"Mouth_Dumbfounded",1,95,-0.0637710457048743,0.0390865103959478,-0.140380606080932,0.0128385146711834,-6.17802156087587
"Mouth_Dumbfounded",1,96,-0.0614444756435546,0.041399298103531,-0.142587099926475,0.0196981486393663,-5.95948403188682
"Mouth_Dumbfounded",1,97,-0.0655869516419684,0.0391052084312411,-0.142233160167201,0.0110592568832642,-6.34823885248368
"Mouth_Dumbfounded",1,102,-0.0612096976511828,0.044915190688569,-0.149243471400778,0.0268240760984124,-5.93740279635359
"Mouth_Dumbfounded",1,103,-0.0654640668865766,0.0403806229061668,-0.144610087782663,0.0136819540095103,-6.33672977159224
"Mouth_Dumbfounded",1,105,-0.0649125925397534,0.0350588452104009,-0.133627929152139,0.00380274407263234,-6.2850626355811
"Mouth_Dumbfounded",1,106,-0.0601020809555237,0.0416161156233917,-0.141669667577371,0.0214655056663242,-5.8331597732546
"Mouth_Dumbfounded",1,107,-0.0582285738300316,0.0403423959212912,-0.137299669835762,0.0208425221756991,-5.65657215968087
"Mouth_Dumbfounded",1,108,-0.0570857771169684,0.0430144840127578,-0.141394165781974,0.0272226115480369,-5.54869517145253
"Mouth_Dumbfounded",1,109,-0.066328032811816,0.0401052895048249,-0.144934400241273,0.0122783346176409,-6.41761669871025
"Mouth_Dumbfounded",1,110,-0.0571289082782289,0.0345270294490268,-0.124801885998321,0.0105440694418636,-5.55276887805988
"Mouth_Dumbfounded",1,111,-0.0624759576881385,0.0387594541472248,-0.138444487816699,0.0134925724404221,-6.05643512531934
"Mouth_Dumbfounded",1,116,-0.065645945863161,0.0316217736281822,-0.127624622174398,-0.00366726955192392,-6.35376360223013
"Mouth_Dumbfounded",1,117,-0.0589298926619926,0.0405196465141253,-0.138348399829678,0.020488614505693,-5.72271378640188
"Mouth_Dumbfounded",1,118,-0.0597550655169601,0.0388644297141541,-0.135929347756702,0.0164192167227818,-5.80047675546728
"Mouth_Dumbfounded",1,119,-0.0650319164757612,0.0396027653998248,-0.142653336659418,0.0125895037078954,-6.29624440363059
"Mouth_Dumbfounded",1,120,-0.0633952322796492,0.0384196613816611,-0.138697768587705,0.0119073040284066,-6.14275537545936
"Mouth_Dumbfounded",1,121,-0.0621484168948922,0.0438550710470943,-0.148104356147197,0.0238075223574126,-6.02565973573728
"Mouth_Dumbfounded",1,127,-0.0668577204436284,0.0435380809032328,-0.152192359013965,0.0184769181267079,-6.46717300386084
"Mouth_Dumbfounded",1,132,-0.0574976443573349,0.0386147094112632,-0.133182474803411,0.0181871860887409,-5.58758855971523
"Mouth_Dumbfounded",1,133,-0.066429621926235,0.0362099537930353,-0.137401131360584,0.0045418875081141,-6.42712316727
"Mouth_Dumbfounded",1,134,-0.062269601025244,0.0375957279223455,-0.135957227753041,0.0114180257025532,-6.03704724443098
"Mouth_Dumbfounded",1,135,-0.063502778394647,0.0412200658313972,-0.144294107424185,0.0172885506348914,-6.15284881471831
"Mouth_Dumbfounded",1,137,-0.0693877592507139,0.0397857959094056,-0.147367919233149,0.00859240073172103,-6.70351558187946
"Mouth_Dumbfounded",1,139,-0.0697532484025044,0.0379243997693268,-0.144085071950385,0.00457857514537617,-6.73760820421314
"Mouth_Dumbfounded",1,140,-0.0604929988002078,0.0387925388901272,-0.136526375024857,0.0155403774244414,-5.86996407727847
"Mouth_Dumbfounded",1,141,-0.0639632636044403,0.0327062400804267,-0.128067494162077,0.000140966953195917,-6.19605409136148
"Mouth_Dumbfounded",1,142,-0.0571514084503162,0.0389198165631357,-0.133434248914062,0.0191314320134298,-5.55489393310615
"Mouth_Dumbfounded",1,144,-0.0669978251199192,0.0391535706100778,-0.143738823515672,0.00974317327583323,-6.48027647235967
"Mouth_Dumbfounded",1,147,-0.0603611974157312,0.0411027828333349,-0.140922651769068,0.0202002569376051,-5.8575567905922
"Mouth_Dumbfounded",1,148,-0.0646843243072029,0.038929410490343,-0.140985968868275,0.0116173202538693,-6.26366805070621
"Mouth_Dumbfounded",1,150,-0.0608210005039574,0.0398724258859077,-0.138970955240337,0.0173289542324217,-5.9008338264932
"Mouth_Dumbfounded",1,154,-0.0629472080861822,0.030978878428112,-0.123665809805282,-0.00222860636708268,-6.10069563794897
"Mouth_Dumbfounded",1,157,-0.0641059394546849,0.0399260041011187,-0.142360907492877,0.0141490285835077,-6.20943669439045
"Mouth_Dumbfounded",1,159,-0.0687007449355151,0.0328769202304763,-0.133139508587249,-0.00426198128378144,-6.63939753904176
"Mouth_Dumbfounded",1,161,-0.0630094995649362,0.0421142663809749,-0.145553461671647,0.0195344625417746,-6.10654458230007
"Mouth_Dumbfounded",1,162,-0.0645429039774675,0.0370998065926094,-0.137258524898982,0.00817271694404689,-6.25041089033984
"Mouth_Dumbfounded",1,165,-0.0609799020377814,0.0376045430214779,-0.134684806359878,0.0127250022843154,-5.9157851404049
"Mouth_Dumbfounded",1,166,-0.0684692450304013,0.0429906858963451,-0.152730989387238,0.0157924993264351,-6.6177820665373
"Mouth_Dumbfounded",1,167,-0.0647152529886521,0.0383021911176405,-0.139787547579227,0.0103570416019232,-6.26656714702444
"Mouth_Dumbfounded",1,169,-0.0625983484622725,0.0409017449451512,-0.142765768554769,0.0175690716302237,-6.06793224736407
"Mouth_Dumbfounded",1,174,-0.0585343811083314,0.0388769078166862,-0.134733120429036,0.0176643582123735,-5.68541865561518
"Mouth_Dumbfounded",1,175,-0.0606049930268749,0.0410994648113185,-0.141159944057059,0.0199499580033094,-5.88050550755709
"Mouth_Dumbfounded",1,178,-0.0642860710143253,0.036962955908346,-0.136733464594683,0.00816132256603287,-6.22632981330064
"Mouth_Dumbfounded",1,184,-0.0635045330261663,0.04034783464212,-0.142586288924722,0.015577222872389,-6.15301348174332
"Mouth_Dumbfounded",1,185,-0.0627129189953121,0.0387220679327046,-0.138608172143413,0.013182334152789,-6.07869347796427
"Mouth_Dumbfounded",1,186,-0.0609485161278546,0.037047541319356,-0.133561697113792,0.011664664858083,-5.9128321753713
"Mouth_Dumbfounded",1,188,-0.0676657985402561,0.0391832699183124,-0.144465007580148,0.0091334104996362,-6.54272430288595
"Mouth_Dumbfounded",1,190,-0.0601999821705727,0.0418283851800298,-0.142183617123431,0.0217836527822856,-5.84237837006686
"Mouth_Dumbfounded",1,194,-0.0573271564709842,0.0398309591574765,-0.135395836419638,0.0207415234776697,-5.57149101506431
"Mouth_Dumbfounded",1,196,-0.0592569835932802,0.0363722152603923,-0.130546525503649,0.0120325583170886,-5.75354598900693
"Mouth_Dumbfounded",1,199,-0.0650038469165221,0.0359198560619836,-0.13540676479801,0.00539907096496579,-6.293614143597
"Mouth_Dumbfounded",1,200,-0.058169953708638,0.0400833033206825,-0.136733228217176,0.0203933207998996,-5.65104157438797
"Mouth_Dumbfounded",1,201,-0.0596375020689925,0.0412651727555875,-0.140517240669944,0.0212422365319591,-5.78940168371869
"Mouth_Dumbfounded",1,203,-0.0588885465098483,0.0409329164699321,-0.139117062790915,0.0213399697712187,-5.71881570279751
"Mouth_Dumbfounded",1,206,-0.0668778355354415,0.0392223389540478,-0.143753619885375,0.00999794881449212,-6.46905440634106
"Mouth_Dumbfounded",1,207,-0.0631977613243358,0.0427222858214161,-0.146933441534311,0.0205379188856398,-6.12421946560859
"Mouth_Dumbfounded",1,209,-0.0575920532303117,0.0430020547536353,-0.141876080547437,0.0266919740868135,-5.59650150833699
"Mouth_Dumbfounded",1,210,-0.0583315703507904,0.0389827224156268,-0.134737706285419,0.0180745655838382,-5.66628870411115
"Mouth_Dumbfounded",1,211,-0.0649598125749526,0.0407921091677916,-0.144912346543824,0.014992721393919,-6.2894877537442
"Mouth_Dumbfounded",1,213,-0.0642759536946491,0.0393992814015782,-0.141498545241742,0.0129466378524441,-6.22538107030278
"Mouth_Dumbfounded",1,214,-0.0616878185183892,0.0418305585057329,-0.143675713189626,0.0203000761528472,-5.98236533727922
"Mouth_Dumbfounded",1,215,-0.0639547148631419,0.0414759666301597,-0.145247609458255,0.0173381797319712,-6.19525218226747
"Mouth_Dumbfounded",1,216,-0.0590866965524748,0.0391516645759528,-0.135823959121342,0.0176505660163927,-5.73749567270535
"Mouth_Dumbfounded",1,217,-0.0625617887570461,0.0370834690494076,-0.135245388093885,0.0101218105797929,-6.0644980558796
"Mouth_Dumbfounded",1,218,-0.0659699145513441,0.0377217121898007,-0.139904470443353,0.00796464134066525,-6.3840971367662
"Mouth_Dumbfounded",1,219,-0.0653613883191791,0.036685094080377,-0.137264172716718,0.00654139607835974,-6.32711206742983
"Mouth_Dumbfounded",1,220,-0.0623229296290016,0.0340610915642362,-0.129082669094905,0.00443680983690133,-6.04205802389626
"Mouth_Dumbfounded",1,221,-0.0577510784923453,0.0392675560487853,-0.134715488347964,0.0192133313632738,-5.61151285579815
"Mouth_Dumbfounded",1,223,-0.0597437245187219,0.0424449120704018,-0.142935752176709,0.0234483031392656,-5.7994084327822
"Mouth_Dumbfounded",1,224,-0.0640960675706794,0.0412917184012947,-0.145027835637217,0.0168357004958582,-6.20851080025854
"Mouth_Dumbfounded",1,225,-0.061916619998696,0.0343517565605198,-0.129246062857315,0.00541282285992278,-6.00387425053556
"Mouth_Dumbfounded",1,226,-0.0602598634921476,0.0430504052464969,-0.144638657775282,0.0241189307909864,-5.84801648407586
"Mouth_Dumbfounded",1,231,-0.0707521482896308,0.0331921786700259,-0.135808818482882,-0.00569547809637991,-6.83072148368654
"Mouth_Dumbfounded",1,232,-0.0607266101537537,0.0411065079538238,-0.141295365743248,0.0198421454357408,-5.89195135404096
"Mouth_Dumbfounded",1,233,-0.0630034161060646,0.0419680392388865,-0.145260773014282,0.019253940802153,-6.10597338358829
"Mouth_Dumbfounded",1,236,-0.0603070859213884,0.032422739402997,-0.123855655151263,0.00324148330848577,-5.85246246447949
"Mouth_Dumbfounded",1,240,-0.0625563421330866,0.0372142723774933,-0.135496315992974,0.0103836317268002,-6.06398642313073
"Mouth_Dumbfounded",1,241,-0.0712573787594809,0.038775311218903,-0.147256988748531,0.00474223122956893,-6.87778155295544
"Mouth_Dumbfounded",1,242,-0.0657930607884557,0.0405947726039709,-0.145358815092239,0.0137726935153271,-6.36753934796818
"Mouth_Dumbfounded",1,244,-0.065217747074727,0.0322151791417844,-0.128359498192624,-0.00207599595682949,-6.31365581082218
"Mouth_Dumbfounded",1,246,-0.0668266236211253,0.0402383923751962,-0.14569387267651,0.0120406254342592,-6.46426438491736
"Mouth_Dumbfounded",1,247,-0.0617273324259568,0.0381913011658025,-0.13658228271093,0.0131276178590161,-5.9860802680088
"Mouth_Dumbfounded",1,249,-0.0624092614095937,0.0406124811287453,-0.142009724421934,0.0171912016027471,-6.05016923019535
"Mouth_Dumbfounded",1,250,-0.0642610461571803,0.0410729566909828,-0.144764041271507,0.016241948957146,-6.22398311123743
"Mouth_Dumbfounded",1,252,-0.064137167302158,0.039240922996811,-0.141049376375908,0.0127750417715916,-6.21236552606499
"Mouth_Dumbfounded",1,253,-0.0713064893000599,0.0424261640170318,-0.154461770773442,0.0118487921733224,-6.88235472314694
"Mouth_Dumbfounded",1,256,-0.0618024155180815,0.0401645262409046,-0.140524886950255,0.0169200559140915,-5.99313885881131
"Mouth_Dumbfounded",1,259,-0.0651963664254987,0.043853080875675,-0.151148404941822,0.0207556720908243,-6.31165271454592
"Mouth_Dumbfounded",1,262,-0.0666979273691896,0.0376171143380739,-0.140427471471814,0.00703161673343518,-6.45222591168508
"Mouth_Dumbfounded",1,263,-0.0624061760637932,0.037505603593649,-0.135917159107345,0.0111048069797588,-6.04987936203234
"Mouth_Dumbfounded",1,264,-0.0613045211796645,0.0414535091879074,-0.142553399187963,0.019944356828634,-5.94632172084996
"Mouth_Dumbfounded",1,266,-0.0610211511947951,0.0359177372761306,-0.131419916256011,0.00937761386642091,-5.91966595491545
"Mouth_Dumbfounded",1,268,-0.066777873824624,0.0391113648844394,-0.143436148998125,0.00988040134887719,-6.45970442569289
"Mouth_Dumbfounded",1,270,-0.0609782218702815,0.043473348334578,-0.146185984606054,0.0242295408654914,-5.91562706303206
"Mouth_Dumbfounded",1,273,-0.0671167741257823,0.0345921826544033,-0.134917452128413,0.000683903876848121,-6.49139988892907
"Mouth_Dumbfounded",1,276,-0.0683267004504384,0.0358478647498333,-0.138588515360112,0.00193511445923485,-6.60446998874624
"Mouth_Dumbfounded",1,279,-0.0604317179514309,0.0386183420366615,-0.136123668343287,0.0152602324404255,-5.86419553203286
"Mouth_Dumbfounded",1,280,-0.0645844453852888,0.0385917880421058,-0.140224349947816,0.0110554591772385,-6.25430529936395
"Mouth_Dumbfounded",1,281,-0.055936025052962,0.041086891163045,-0.13646633173253,0.0245942816266061,-5.44003713584732
"Mouth_Dumbfounded",1,286,-0.0631258506981767,0.0411854944208323,-0.143849419763008,0.0175977183666546,-6.11746855672106
"Mouth_Dumbfounded",1,289,-0.0622676952853419,0.0360547279022858,-0.132934961973822,0.00839957140313825,-6.03686817531196
"Mouth_Dumbfounded",1,290,-0.0698013247825934,0.0383742131114725,-0.14501478248108,0.00541213291589267,-6.74209181463039
"Mouth_Dumbfounded",1,291,-0.0673394166420248,0.0366017573271727,-0.139078861003283,0.00440002771923363,-6.51221656152395
"Mouth_Dumbfounded",1,296,-0.0669312018392111,0.0369016744448754,-0.139258483751167,0.00539608007274468,-6.47404567401152
"Mouth_Dumbfounded",1,297,-0.0652598871492301,0.0413348507574396,-0.146276194633812,0.0157564203353516,-6.31760367716396
"Mouth_Dumbfounded",1,298,-0.0599583223098767,0.0418080934105786,-0.141902185394611,0.0219855407748574,-5.81962150274035
"Mouth_Dumbfounded",1,299,-0.0614120903447959,0.0390909072062982,-0.13803026846914,0.0152060877795485,-5.95643845236604
"Mouth_Dumbfounded",1,300,-0.068113717850741,0.0409349642219053,-0.148346247725675,0.0121188120241933,-6.58457624752917
"Mouth_Dumbfounded",1,302,-0.0616745443329814,0.0409621861385071,-0.141960429164455,0.0186113404984924,-5.98111732148192
"Mouth_Dumbfounded",1,303,-0.0628168415899826,0.0395699105895118,-0.140373866345426,0.0147401831654605,-6.08845351667983
"Mouth_Dumbfounded",1,309,-0.0658378812156692,0.0409439018351891,-0.14608792881264,0.0144121663813015,-6.3717359008093
"Mouth_Dumbfounded",1,310,-0.0642017347390554,0.0391818932972488,-0.140998245601663,0.0125947761235524,-6.21842095774168
"Mouth_Dumbfounded",1,312,-0.0554479549540369,0.0390053132106648,-0.13189836884694,0.021002458938866,-5.39387398090644
"Mouth_Dumbfounded",1,314,-0.0632650606992112,0.0366319371398972,-0.13506365749341,0.00853353609498737,-6.1305370343679
"Mouth_Dumbfounded",1,317,-0.0598174283914802,0.041010734639923,-0.140198468285729,0.0205636115027688,-5.80635112534203
"Mouth_Dumbfounded",1,320,-0.0603312403691708,0.0405277789980162,-0.139765687205283,0.019103206466941,-5.85473651879437
"Mouth_Dumbfounded",1,321,-0.0651595456746412,0.0402642874284711,-0.144077549034445,0.0137584576851622,-6.30820297574168
"Mouth_Dumbfounded",1,326,-0.0597547253434785,0.0403542476133143,-0.138849050665574,0.0193395999786175,-5.80044471128204
"Mouth_Dumbfounded",1,327,-0.0683450997866493,0.0327788075890796,-0.132591562661245,-0.00409863691205331,-6.60618838869476
"Mouth_Dumbfounded",1,329,-0.0665634478073028,0.0343397621076664,-0.133869381538329,0.000742485923723252,-6.4396448020781
"Mouth_Dumbfounded",1,330,-0.0636626305481193,0.0428544739211237,-0.147657399433522,0.0203321383372832,-6.16784928497184
"Mouth_Dumbfounded",1,331,-0.0676818100127768,0.0410235895329921,-0.148088045497441,0.0127244254718877,-6.54422067950801
"Mouth_Dumbfounded",1,334,-0.0654826002899324,0.0385834176687711,-0.141106098920724,0.010140898340859,-6.33846565467304
"Mouth_Dumbfounded",1,335,-0.0618159785489862,0.0398980370940891,-0.140016131253401,0.0163841741554285,-5.9944138681277
"Mouth_Dumbfounded",1,339,-0.0628925099126764,0.0399468808044719,-0.141188396289441,0.0154033764640884,-6.09555937703614
"Mouth_Dumbfounded",1,340,-0.062024915595021,0.0417642609729309,-0.143882867101966,0.0198330359119236,-6.01405306585545
"Mouth_Dumbfounded",1,341,-0.0621052826375404,0.0414030357321888,-0.14325523267263,0.0190446673975495,-6.02160613493595
"Mouth_Dumbfounded",1,344,-0.0653935306233041,0.0397353748231137,-0.143274865276607,0.0124878040299988,-6.33012288149452
"Mouth_Dumbfounded",1,346,-0.0644309268898723,0.0381206985068007,-0.139147495963202,0.010285642183457,-6.23991249660929
"Mouth_Dumbfounded",1,347,-0.0576676375759353,0.0417671805870761,-0.139531311526604,0.0241960363747339,-5.60363666533857
"Mouth_Dumbfounded",1,348,-0.0645556746408214,0.0381731931882536,-0.139375133289799,0.0102637840081557,-6.25160812713716
"Mouth_Dumbfounded",1,349,-0.059404244794983,0.0384535210702309,-0.134773146092636,0.0159646565026696,-5.7674238132232
"Mouth_Dumbfounded",1,350,-0.0653414126784571,0.0353508699565376,-0.134629117793271,0.00394629243635652,-6.32524087278601
"Mouth_Dumbfounded",1,351,-0.0633024238126783,0.0381276206325379,-0.138032560252453,0.011427712627096,-6.13404422424361
"Mouth_Dumbfounded",1,352,-0.0580046842445637,0.0418669729424936,-0.140063951211851,0.0240545827227237,-5.6354472839985
"Mouth_Dumbfounded",1,353,-0.0646232877150243,0.0395110973592036,-0.142065038539063,0.0128184631090147,-6.2579465298314
"Mouth_Dumbfounded",1,354,-0.0637509808780058,0.0386817968742056,-0.139567302751449,0.0120653409954373,-6.17613902023566
"Mouth_Dumbfounded",1,358,-0.0613446007186174,0.0385465706224482,-0.136895879138616,0.0142066777013811,-5.95009127337074
"Mouth_Dumbfounded",1,359,-0.0649613612107755,0.0388835146904294,-0.141173050004017,0.0112503275824661,-6.28963287708807
"Mouth_Dumbfounded",1,360,-0.0584361050922558,0.034518550013203,-0.126092463118134,0.00922025293362204,-5.67614933883451
"Mouth_Dumbfounded",1,367,-0.0619762509409664,0.0385085392782093,-0.137452987926257,0.0135004860443238,-6.00947916096906
"Mouth_Dumbfounded",1,368,-0.0543065833553265,0.0436677867658991,-0.139895445416489,0.0312822787058358,-5.28583158907465
"Mouth_Dumbfounded",1,369,-0.0677507431566379,0.0382932094814307,-0.142805433740242,0.00730394742696623,-6.55066265815308
"Mouth_Dumbfounded",1,371,-0.0641215319737453,0.0376839469506603,-0.13798206799704,0.00973900404954899,-6.21089911413504
"Mouth_Dumbfounded",1,373,-0.0630801648268482,0.0418011248305481,-0.145010369494722,0.018850039841026,-6.1131793534923
"Mouth_Dumbfounded",1,375,-0.0678387679579569,0.0375883253407332,-0.141511885625794,0.0058343497098802,-6.55888815547679
"Mouth_Dumbfounded",1,376,-0.0657558127962505,0.0451479687093134,-0.154245831466505,0.0227342058740037,-6.36405166184941
"Mouth_Dumbfounded",1,378,-0.0648318620399737,0.0355503977402059,-0.134510641610777,0.00484691753082982,-6.27749667645312
"Mouth_Dumbfounded",1,384,-0.0611481260472579,0.0370558247799499,-0.13377754261596,0.0114812905214439,-5.93161103307216
"Mouth_Dumbfounded",1,385,-0.0643838296863458,0.0389114407146389,-0.140650253487038,0.0118825941143464,-6.23549655469704
"Mouth_Dumbfounded",1,387,-0.0673857196257787,0.0429651419805255,-0.151597397907609,0.0168259586560514,-6.5165452246259
"Mouth_Dumbfounded",1,390,-0.0619331832587304,0.038211441126677,-0.136827607867017,0.0129612413495567,-6.00543111991512
"Mouth_Dumbfounded",1,391,-0.0658405821702158,0.0362072587835631,-0.136806809386,0.00512564504556798,-6.37198878615339
"Mouth_Dumbfounded",1,392,-0.0671493751022466,0.0397436552453281,-0.14504693938309,0.0107481891785966,-6.49444831090947
"Mouth_Dumbfounded",1,393,-0.068926461942669,0.0376972307849598,-0.14281303428119,0.0049601103958522,-6.66046823671846
"Mouth_Dumbfounded",1,394,-0.0693983529871787,0.042886501582959,-0.153455896089778,0.014659190115421,-6.70450393501328
"Mouth_Dumbfounded",1,395,-0.0680413375512074,0.0387726844423562,-0.144035799058226,0.0079531239558107,-6.57781456647361
"Mouth_Dumbfounded",1,396,-0.0603206717622169,0.0411790234716325,-0.141031557766616,0.0203902142421827,-5.85374152925024
"Mouth_Dumbfounded",1,397,-0.0620395930692345,0.0385322805374124,-0.137562862922563,0.0134836767840937,-6.01543253204444
"Mouth_Dumbfounded",1,400,-0.0636999775116514,0.0382873316603432,-0.138743147565924,0.0113431925426212,-6.17135356544521
"Mouth_Dumbfounded",1,401,-0.0660062725808186,0.0380468945067425,-0.140578185814034,0.00856564065239676,-6.3875007646468
"Mouth_Dumbfounded",1,402,-0.0609263769923316,0.0408560451570833,-0.141004225500215,0.0191514715155517,-5.91074914375367
"Mouth_Dumbfounded",1,403,-0.0615374227207962,0.0376097092656352,-0.135252452881441,0.0121776074398488,-5.96822441678545
"Mouth_Dumbfounded",1,406,-0.0622330266019618,0.0408158409102333,-0.142232074786019,0.0177660215820954,-6.03361054077671
"Mouth_Dumbfounded",1,410,-0.062551587564616,0.0378513165650457,-0.136740168032106,0.0116369929028736,-6.06353979686056
"Mouth_Dumbfounded",1,411,-0.0610887335273445,0.0414674342409913,-0.142364904639687,0.0201874375849984,-5.92602390849216
"Mouth_Dumbfounded",1,412,-0.0640660892695818,0.0390401128270777,-0.140584710410654,0.0124525318714905,-6.20569904860936
"Mouth_Dumbfounded",1,413,-0.0613300357231727,0.0394722165501297,-0.138695580161427,0.0160355087150815,-5.94872142690268
"Mouth_Dumbfounded",1,416,-0.0622653593962949,0.0324134174560487,-0.12579565761015,0.00126493881756062,-6.03664868760516
"Mouth_Dumbfounded",1,419,-0.0663200201527305,0.0398930463282559,-0.144510390956112,0.0118703506506511,-6.41686685197231
"Mouth_Dumbfounded",1,422,-0.0617446429520909,0.0352352759324018,-0.130805783779598,0.00731649787541664,-5.98770768433753
"Mouth_Dumbfounded",1,425,-0.0682903179495983,0.0400747154928999,-0.146836760315682,0.0102561244164855,-6.60107196398321
"Mouth_Dumbfounded",1,426,-0.0626781510284428,0.0437837888296858,-0.148494377134627,0.0231380750777414,-6.07542796832354
"Mouth_Dumbfounded",1,427,-0.0670941160135133,0.0397641118727957,-0.145031775284193,0.0108435432571663,-6.48928113656627
"Mouth_Dumbfounded",1,432,-0.0620771824560002,0.0400989304786147,-0.140671086194085,0.0165167212820847,-6.01896528790352
"Mouth_Dumbfounded",1,434,-0.0633734662040704,0.0375302448760844,-0.136932746161196,0.0101858137530551,-6.14071244934609
"Mouth_Dumbfounded",1,435,-0.0650333155660602,0.0451508154406427,-0.15352891382972,0.0234622826975994,-6.29637550355432
"Mouth_Dumbfounded",1,436,-0.0633846357644639,0.0437347194036642,-0.149104685795646,0.022335414266718,-6.141760810472
"Mouth_Dumbfounded",1,440,-0.0632985144215655,0.0420506448960459,-0.145717778417815,0.0191207495746845,-6.133677264793
"Mouth_Dumbfounded",1,441,-0.0641670903467862,0.0365310812353223,-0.135768009568018,0.00743382887444541,-6.21517189564915
"Mouth_Dumbfounded",1,444,-0.0658594676129056,0.0417666739686548,-0.147722148591469,0.0160032133656578,-6.37375697589676
"Mouth_Dumbfounded",1,447,-0.0596170380035464,0.0409458449588837,-0.139870894122958,0.0206368181158657,-5.78747373214223
"Mouth_Dumbfounded",1,448,-0.0632803738864996,0.0444556472098456,-0.150413442417797,0.0238526946447979,-6.13197446402911
"Mouth_Dumbfounded",1,452,-0.0654952021871016,0.0378889003522251,-0.139757446877463,0.00876704250325962,-6.33964596026052
"Mouth_Dumbfounded",1,455,-0.0643074128856475,0.0439379609950923,-0.150425816436028,0.0218109906647334,-6.22833109754751
"Mouth_Dumbfounded",1,456,-0.0651455409123337,0.0386505036221231,-0.140900528011695,0.0106094461870276,-6.3068908352061
"Mouth_Dumbfounded",1,457,-0.0616887686338896,0.0446241283765066,-0.149152060251843,0.0257745229840634,-5.98245466484878
"Mouth_Dumbfounded",1,463,-0.0656824186883273,0.0419796662346541,-0.147962564508249,0.0165977271315947,-6.35717908275126
"Mouth_Dumbfounded",1,464,-0.0658840062774045,0.0416963367809238,-0.147608826368015,0.0158408138132061,-6.37605441067451
"Mouth_Dumbfounded",1,466,-0.0653104494133048,0.0372950429038269,-0.138408733504805,0.00778783467819583,-6.3223403514765
"Mouth_Dumbfounded",1,467,-0.0653693056022966,0.0330262277617788,-0.130100712015383,-0.000637899189210214,-6.32785369926817
"Mouth_Dumbfounded",1,470,-0.0607352990076027,0.0418432437520021,-0.142748056761527,0.0212774587463215,-5.89276904156927
"Mouth_Dumbfounded",1,472,-0.0588881253010601,0.0404022797275061,-0.138076593566972,0.0203003429648519,-5.71877599072577
"Mouth_Dumbfounded",1,475,-0.060592835184175,0.0419320078325816,-0.142779570536035,0.0215939001676849,-5.87936121059198
"Mouth_Dumbfounded",1,476,-0.0621375641413038,0.0385340032085459,-0.137664210430054,0.0133890821474461,-6.02463984984448
"Mouth_Dumbfounded",1,479,-0.059241784040591,0.0425301130263492,-0.142600805572235,0.0241172374910535,-5.75211347417665
"Mouth_Dumbfounded",1,481,-0.0619307597608096,0.0366998865359328,-0.133862537371238,0.0100010178496187,-6.00520332399684
"Mouth_Dumbfounded",1,488,-0.0642322879245832,0.0390492481028469,-0.140768814206163,0.0123042383569968,-6.22128623995327
"Mouth_Dumbfounded",1,490,-0.066760020232438,0.0390187599510084,-0.143236789736415,0.00971674927153852,-6.45803438049464
"Mouth_Dumbfounded",1,491,-0.0627463595562415,0.0390229824923009,-0.139231405241151,0.0137386861286682,-6.08183420662343
"Mouth_Dumbfounded",1,492,-0.0619007818144258,0.0434873162378726,-0.147135921640656,0.0233343580118045,-6.00238551078581
"Mouth_Dumbfounded",1,493,-0.0657556549311076,0.0396209634365259,-0.143412743266698,0.0119014334044832,-6.36403687999587
"Mouth_Dumbfounded",1,495,-0.0637424074730688,0.0380305228970049,-0.138282232351198,0.0107974174050608,-6.17533462683454
"Mouth_Dumbfounded",1,497,-0.0587711632722566,0.0391939445964237,-0.135591294681247,0.0180489681367339,-5.70774802257337
"Mouth_Dumbfounded",1,503,-0.0601050253225523,0.0391142865376003,-0.136769026936249,0.0165589762911443,-5.83343703458599
"Mouth_Dumbfounded",1,504,-0.0663848978779544,0.041200913591968,-0.147138688518212,0.0143688927623027,-6.42293811582326
"Mouth_Dumbfounded",1,505,-0.060842192786521,0.0385513341933713,-0.136402807805529,0.0147184222324867,-5.90282798148132
"Mouth_Dumbfounded",1,506,-0.0655333350057576,0.03935327305785,-0.142665750199144,0.0115990801876285,-6.34321742546091
"Mouth_Dumbfounded",1,507,-0.0601422270963212,0.0444823193646905,-0.147327573051115,0.0270431188584722,-5.83694013259688
"Mouth_Dumbfounded",1,508,-0.0583120270674535,0.0396601809467748,-0.136045981723132,0.019421927588225,-5.66444509564806
"Mouth_Dumbfounded",1,509,-0.059983827111285,0.0412901649090253,-0.140912550332975,0.0209448961104046,-5.82202352395882
"Mouth_Dumbfounded",1,510,-0.0691316969357325,0.0334786806969681,-0.13474991110179,-0.00351348276967506,-6.67962280921094
"Mouth_Dumbfounded",1,511,-0.0605077960647605,0.0399982543732977,-0.138904374636424,0.017888782506903,-5.8713569340171
"Mouth_Dumbfounded",1,512,-0.0642952603457624,0.0368384889247351,-0.136498698638243,0.0079081779467183,-6.22719152667677
"Mouth_Dumbfounded",1,514,-0.0583646572968963,0.0415855334945501,-0.139872302946214,0.0231429883524218,-5.66940986689762
"Mouth_Dumbfounded",1,515,-0.0607911443848842,0.0373345188635745,-0.13396680135749,0.0123845125877219,-5.89802434864339
"Mouth_Dumbfounded",1,516,-0.0630014786914566,0.039768515464499,-0.140947769001875,0.0149448116189614,-6.1057914717533
"Mouth_Dumbfounded",1,518,-0.0641881773306519,0.0343773828510585,-0.131567847718727,0.00319149305742278,-6.21714951395516
"Mouth_Dumbfounded",1,522,-0.0624117442370257,0.044667984356058,-0.149960993574899,0.025137505100848,-6.05040249112284
"Mouth_Dumbfounded",1,525,-0.0582607207289616,0.0431074265990105,-0.142751276863022,0.0262298354050989,-5.65960495957255
"Mouth_Dumbfounded",1,526,-0.0616515279322075,0.0407196468258214,-0.141462035710817,0.0181589798464024,-5.97895332029421
"Mouth_Dumbfounded",1,527,-0.0601825361971928,0.0421893545611534,-0.142873671137054,0.0225085987426679,-5.84073568437731
"Mouth_Dumbfounded",1,529,-0.0667471834468238,0.036295064001617,-0.137885508889993,0.00439114199634558,-6.45683359462895
"Mouth_Dumbfounded",1,531,-0.0593450543699675,0.0382518780191248,-0.134318735287452,0.0156286265475171,-5.76184598191293
"Mouth_Dumbfounded",1,532,-0.0630282091562068,0.0385729396413287,-0.138631170853211,0.0125747525407975,-6.10830127404037
"Mouth_Dumbfounded",1,536,-0.0618038104850587,0.0410090514785144,-0.142181551382947,0.0185739304128295,-5.99326999518677
"Mouth_Dumbfounded",1,539,-0.0607432884065012,0.0353208477158862,-0.129972149929638,0.00848557311663572,-5.89352089877319
"Mouth_Dumbfounded",1,540,-0.0630352333458502,0.0412871925966528,-0.14395813083529,0.0178876641435893,-6.1089607848219
"Mouth_Dumbfounded",1,541,-0.0610448631129521,0.0385087582315554,-0.136522029246801,0.0144323030208965,-5.92189675364815
"Mouth_Dumbfounded",1,542,-0.0661950300538418,0.0392802376494155,-0.143184295846696,0.0107942357390126,-6.40516915587296
"Mouth_Dumbfounded",1,545,-0.065697814272165,0.0390107116623072,-0.142158809130287,0.0107631805859572,-6.35862075755375
"Mouth_Dumbfounded",1,546,-0.0596583956725552,0.0399075067911544,-0.137877108983218,0.0185603176381075,-5.79137006204799
"Mouth_Dumbfounded",1,551,-0.0595128004099352,0.0419085246304478,-0.141653508685613,0.0226279078657424,-5.77765273326629
"Mouth_Dumbfounded",1,552,-0.0673264027541976,0.0403588060821767,-0.146429662675264,0.0117768571668687,-6.51099991408043
"Mouth_Dumbfounded",1,553,-0.0645511191751201,0.0442692475110469,-0.151318844296772,0.0222166059465319,-6.25118105858069
"Mouth_Dumbfounded",1,554,-0.066383400302314,0.0386842608430517,-0.142204551554695,0.00943775095006735,-6.42279797698995
"Mouth_Dumbfounded",1,556,-0.0615120810039364,0.0371971744853933,-0.134418542995307,0.0113943809874344,-5.96584145995881
"Mouth_Dumbfounded",1,557,-0.0715557913993247,0.034623974345649,-0.139418781116797,-0.00369280168185267,-6.90556625413115
"Mouth_Dumbfounded",1,560,-0.0624896709701506,0.0386362962945992,-0.138216811707565,0.0132374697672638,-6.05772339108449
"Mouth_Dumbfounded",1,563,-0.0677209922217249,0.0388453185832471,-0.143857816644889,0.0084158322014395,-6.5478824116429
"Mouth_Dumbfounded",1,564,-0.0641690258105044,0.0415673529989449,-0.145641037688436,0.0173029860674276,-6.21535341260561
"Mouth_Dumbfounded",1,565,-0.0678852259023427,0.0401859495807289,-0.146649687080571,0.010879235275886,-6.56322913661691
"Mouth_Dumbfounded",1,566,-0.0620413619985937,0.0413509527505135,-0.1430892293896,0.0190065053924128,-6.0155987839581
"Mouth_Dumbfounded",1,567,-0.0594474510896272,0.0424004196165094,-0.142552273537986,0.0236573713587312,-5.77149516572035
"Mouth_Dumbfounded",1,571,-0.0590003322642198,0.0384830338655592,-0.134427078640716,0.0164264141122763,-5.72935440705774
"Mouth_Dumbfounded",1,573,-0.0583416677730894,0.0406223970226013,-0.137961565937388,0.0212782303912092,-5.66724122662213
"Mouth_Dumbfounded",1,575,-0.0610660434554317,0.0425086347717342,-0.144382967608031,0.0222508806971674,-5.92388933899285
"Mouth_Dumbfounded",1,576,-0.0673177210225605,0.041456136748221,-0.148571749049074,0.0139363070039526,-6.51018826414741
"Mouth_Dumbfounded",1,577,-0.0621399241689932,0.0413925053620406,-0.143269234678593,0.0189893863406063,-6.02486163403485
"Mouth_Dumbfounded",1,578,-0.0640829807436127,0.0447869568347199,-0.151865416139664,0.0236994546524384,-6.20728335922741
"Mouth_Dumbfounded",1,579,-0.0655057458370183,0.0373304354922433,-0.138673399401815,0.0076619077277786,-6.34063347703856
"Mouth_Dumbfounded",1,583,-0.0610939551909031,0.0393417280767993,-0.13820374222143,0.0160158318396235,-5.92651512986243
"Mouth_Dumbfounded",1,585,-0.0690064865024882,0.0352956411507731,-0.138185943158004,0.000172970153027155,-6.66793739279959
"Mouth_Dumbfounded",1,586,-0.0655111918022615,0.0387635100735657,-0.14148767154645,0.0104652879419272,-6.34114354130444
"Mouth_Dumbfounded",1,587,-0.0630758677114305,0.0372665676545781,-0.136118340314404,0.00996660489154252,-6.11277591012096
"Mouth_Dumbfounded",1,589,-0.0610168302396466,0.0414935952101584,-0.142344276851557,0.0203106163722639,-5.91925943713342
"Mouth_Dumbfounded",1,594,-0.0614447204551013,0.0354791137172094,-0.130983783340832,0.00809434243062915,-5.95950705408818
"Mouth_Dumbfounded",1,597,-0.0589757840314788,0.0421071938099421,-0.141505883898965,0.0235543158360078,-5.72704020090437
"Mouth_Dumbfounded",1,598,-0.0635804410055315,0.0412917802619489,-0.144512330318951,0.0173514483078883,-6.1601369464921
"Mouth_Dumbfounded",1,600,-0.0594641573853099,0.0397546766220158,-0.137383323564461,0.018455008793841,-5.77306936183431
"Mouth_Dumbfounded",1,603,-0.0591120663864535,0.0416439769602842,-0.14073426122861,0.0225101284557035,-5.73988706645578
"Mouth_Dumbfounded",1,607,-0.05843861761906,0.0408387630793005,-0.138482593254489,0.0216053580163689,-5.67638632973986
"Mouth_Dumbfounded",1,609,-0.0631950027470487,0.0381221479451614,-0.137914412719565,0.0115244072254676,-6.12396050165542
"Mouth_Dumbfounded",1,610,-0.0610515776160042,0.0384161362632023,-0.136347204691881,0.0142440494598723,-5.9225284392388
"Mouth_Dumbfounded",1,611,-0.062515806017229,0.0396302966097622,-0.140191187372363,0.015159575337905,-6.06017854482339
"Mouth_Dumbfounded",1,612,-0.0641077361100108,0.0321512081737904,-0.12712410413064,-0.00109136808938153,-6.20960520355416
"Mouth_Dumbfounded",1,620,-0.0606342760626783,0.0419205609391712,-0.142798575503454,0.0215300233780973,-5.88326157173095
"Mouth_Dumbfounded",1,627,-0.0617130409862127,0.0383191956477742,-0.13681866445585,0.0133925824834247,-5.98473666413885
"Mouth_Dumbfounded",1,628,-0.0563257683548032,0.0389950677363358,-0.132756101118021,0.0201045644084149,-5.47688406710722
"Mouth_Dumbfounded",1,631,-0.0645529042703405,0.0408171241500912,-0.144554467604519,0.0154486590638382,-6.25134840899993
"Mouth_Dumbfounded",1,632,-0.0589132993517757,0.0426480053197559,-0.142503389778497,0.0246767910749459,-5.72114940116619
"Mouth_Dumbfounded",1,633,-0.063155515761096,0.0396953281632756,-0.140958358961116,0.0146473274389242,-6.1202535466147
"Mouth_Dumbfounded",1,635,-0.0662806202387523,0.0408637040827141,-0.146373480240872,0.0138122397633674,-6.41317961193848
"Mouth_Dumbfounded",1,636,-0.060212873042282,0.0433866096533894,-0.145250627962925,0.0248248818783611,-5.84359213606448
"Mouth_Dumbfounded",1,641,-0.0647711857377757,0.0291084358788378,-0.121823720060298,-0.00771865141525362,-6.2718097689902
"Mouth_Dumbfounded",1,642,-0.0615065654483278,0.0352705713603256,-0.130636885314566,0.00762375441791029,-5.96532280789796
"Mouth_Dumbfounded",1,644,-0.0633787428466301,0.0395322075230966,-0.140861869591899,0.0141043838986392,-6.14120770995075
"Mouth_Dumbfounded",1,646,-0.0600900944085273,0.0417188980509726,-0.141859134588434,0.0216789457713789,-5.83203103123389
"Mouth_Dumbfounded",1,650,-0.0564660255422702,0.0439364882207662,-0.142581542454972,0.0296494913704316,-5.49014068380896
"Mouth_Dumbfounded",1,651,-0.0597389245052707,0.0424691311283694,-0.142978421516875,0.0235005725063334,-5.79895626759037
"Mouth_Dumbfounded",1,657,-0.0596817830005441,0.0424578174824711,-0.142899105266187,0.0235355392650991,-5.79357332441142
"Mouth_Dumbfounded",1,658,-0.0599377798520633,0.0411886784951801,-0.140667589702616,0.0207920299984896,-5.81768678641638
"Mouth_Dumbfounded",1,659,-0.059754794023719,0.0400855006946666,-0.138322375385266,0.0188127873378276,-5.80045118092993
"Mouth_Dumbfounded",1,660,-0.0632578347883195,0.0401021379684905,-0.141858025206561,0.0153423556299218,-6.12985873954242
"Mouth_Dumbfounded",1,661,-0.0598170319758613,0.0412205061939987,-0.140609224116099,0.020975160164376,-5.80631378550102
"Mouth_Dumbfounded",1,662,-0.0607818974052927,0.042184902910478,-0.14346430710983,0.0219005122992441,-5.89715418557184
"Mouth_Dumbfounded",1,663,-0.0642017474025514,0.0417378974832653,-0.146008026469751,0.0176045316646485,-6.21842214534432
"Mouth_Dumbfounded",1,665,-0.0590294043238293,0.0418090023882934,-0.140975049004884,0.0229162403572258,-5.73209500904818
"Mouth_Dumbfounded",1,666,-0.0665636441045092,0.0398325190895019,-0.144635381519933,0.0115080933109146,-6.43966316771265
"Mouth_Dumbfounded",1,667,-0.0605759040096213,0.0406276114886996,-0.140206022527472,0.0190542145082298,-5.87776762413693
"Mouth_Dumbfounded",1,669,-0.0606678526350231,0.0403194477907842,-0.13969397030496,0.018358265034914,-5.88642163615529
"Mouth_Dumbfounded",1,670,-0.0661381823626881,0.0419921506391469,-0.148442797615416,0.0161664328900397,-6.39984835459935
"Mouth_Dumbfounded",1,671,-0.0602683555143926,0.0354549887368051,-0.129760133438531,0.00922342240974548,-5.84881602141943
"Mouth_Dumbfounded",1,672,-0.0645617270476702,0.0398858248455715,-0.14273794374499,0.01361448964965,-6.25217552882912
"Mouth_Dumbfounded",1,673,-0.0667001903819005,0.0406017895479249,-0.146279697895833,0.0128793171320324,-6.45243761124737
"Mouth_Dumbfounded",1,674,-0.0584226184281963,0.0423917211190601,-0.141510391821554,0.0246651549651614,-5.67487721616953
"Mouth_Dumbfounded",1,675,-0.0663099505869757,0.0355832144311207,-0.136053050871972,0.00343314969802093,-6.41592450571504
"Mouth_Dumbfounded",1,678,-0.0624226874296678,0.0375509710119674,-0.136022590613124,0.0111772157537883,-6.05143059404165
"Mouth_Dumbfounded",1,679,-0.0593228415980081,0.0435999656238267,-0.144778774220708,0.0261330910246922,-5.75975266803878
"Mouth_Dumbfounded",1,682,-0.0628347972023438,0.037245223321814,-0.135835434913099,0.0101658405084116,-6.09013974086609
"Mouth_Dumbfounded",1,684,-0.0627412651188661,0.0435491600802838,-0.148097618876222,0.0226150886384901,-6.08135574519064
"Mouth_Dumbfounded",1,685,-0.0606565982948776,0.0401634465103136,-0.139376953455092,0.0180637568653372,-5.88536244397182
"Mouth_Dumbfounded",1,686,-0.0611698298088119,0.0372934930623771,-0.134265076211071,0.0119254165934472,-5.93365264880062
"Mouth_Dumbfounded",1,687,-0.0611529924351918,0.0422939281259345,-0.144049091562023,0.0217431066916398,-5.93206880523134
"Mouth_Dumbfounded",1,688,-0.0653900255820604,0.0398913235489221,-0.143577019737948,0.012796968573827,-6.32979456413655
"Mouth_Dumbfounded",1,690,-0.0647862717807307,0.0384163626915636,-0.140082342656195,0.0105097990947339,-6.27322374582844
"Mouth_Dumbfounded",1,691,-0.058999075355028,0.0445457608973338,-0.146308766713802,0.0283106160037463,-5.7292359173423
"Mouth_Dumbfounded",1,692,-0.0601660543467736,0.0420315868705776,-0.142547964613106,0.0222158559195585,-5.83918375267795
"Mouth_Dumbfounded",1,694,-0.0583263086654642,0.0408677459607939,-0.13842709074862,0.0217744734176919,-5.66579234850083
"Mouth_Dumbfounded",1,696,-0.0611848636773866,0.0399371274994169,-0.139461633576244,0.0170919062214705,-5.93506681927375
"Mouth_Dumbfounded",1,697,-0.0684778354369737,0.0364351324697577,-0.139890695077699,0.00293502420375127,-6.61858425431042
"Mouth_Dumbfounded",1,698,-0.065934803584672,0.0402212004720689,-0.144768356509927,0.012898749340583,-6.38081013421621
"Mouth_Dumbfounded",1,699,-0.0615263291053688,0.0398293593647909,-0.139591873460359,0.0165392152496214,-5.96718125864298
"Mouth_Dumbfounded",1,700,-0.0587489163279305,0.0398782019583571,-0.13691019216631,0.0194123595104494,-5.7056502847592
"Mouth_Dumbfounded",1,701,-0.0672178529433762,0.0414840014404083,-0.148526495766577,0.0140907898798241,-6.50085114999397
"Mouth_Dumbfounded",1,703,-0.0614221815705188,0.0393506255193021,-0.138549407588351,0.0157050444473133,-5.95738746238507
"Mouth_Dumbfounded",1,704,-0.0615346170948729,0.036035596254772,-0.132164385754226,0.00909515156448026,-5.96796059842818
"Mouth_Dumbfounded",1,705,-0.061672386971344,0.0387016442247213,-0.137527609651798,0.0141828357091098,-5.98091448853244
"Mouth_Dumbfounded",1,706,-0.0613890311411748,0.0455046719760044,-0.150578188214143,0.0278001259317937,-5.95426985772812
"Mouth_Dumbfounded",1,712,-0.0639105437851592,0.0414990965766188,-0.145248773075332,0.0174276855050138,-6.19110863392465
"Mouth_Dumbfounded",1,713,-0.0581530606189782,0.0450073372955884,-0.146367441718332,0.0300613204803752,-5.64944771551142
"Mouth_Dumbfounded",1,714,-0.0597516948351243,0.0391484612081376,-0.136482678803074,0.0169792891328254,-5.80015923831021
"Mouth_Dumbfounded",1,715,-0.0627793429058535,0.0415247810451186,-0.144167913754286,0.0186092279425789,-6.08493189123442
"Mouth_Dumbfounded",1,716,-0.0654869114126124,0.0382197844039367,-0.140397688844328,0.00942386601910344,-6.33886944016763
"Mouth_Dumbfounded",1,718,-0.0708899268191852,0.0451915423153792,-0.159465349757328,0.017685496118958,-6.84355732560815
"Mouth_Dumbfounded",1,719,-0.0679610025644701,0.0371518470505764,-0.1407786227836,0.00485661765465964,-6.57030919497791
"Mouth_Dumbfounded",1,720,-0.06336675573486,0.0408885779713141,-0.143508368558636,0.0167748570889157,-6.14008260737361
"Mouth_Dumbfounded",1,723,-0.0610422104152088,0.043243424981524,-0.145799323378996,0.0237149025485783,-5.92164719254496
"Mouth_Dumbfounded",1,724,-0.0654994748430676,0.0319435539883197,-0.128108840660174,-0.00289010902596094,-6.34004613787607
"Mouth_Dumbfounded",1,726,-0.0558829838773534,0.0403824945688253,-0.135032673232251,0.0232667054775442,-5.43502143123323
"Mouth_Dumbfounded",1,730,-0.0585669394224012,0.0421572004600538,-0.141195052324107,0.0240611734793042,-5.6884893293877
"Mouth_Dumbfounded",1,731,-0.0632948739540383,0.0419795274493793,-0.145574747754822,0.0189849998467452,-6.13333554687119
"Mouth_Dumbfounded",1,737,-0.0607747453690775,0.0421430082210219,-0.14337504148228,0.0218255507441256,-5.89648115620386
"Mouth_Dumbfounded",1,738,-0.0583979898223667,0.0404835643100493,-0.137745775870063,0.0209497962253299,-5.67255409129311
"Mouth_Dumbfounded",1,740,-0.0543316817790025,0.0409836038680327,-0.134659545360347,0.0259961818023416,-5.28820873557011
"Mouth_Dumbfounded",1,741,-0.0598054041121054,0.0398775213075093,-0.137965345874824,0.0183545376506129,-5.80521850778318
"Mouth_Dumbfounded",1,742,-0.0582232558239271,0.0389897281540463,-0.134643123005858,0.0181966113580036,-5.65607043942162
"Mouth_Dumbfounded",1,745,-0.0694881979416999,0.0397044327452104,-0.147308886122312,0.00833249023891251,-6.71288568807953
"Mouth_Dumbfounded",1,747,-0.0654376516228153,0.0439184541783208,-0.151517821812324,0.0206425185666934,-6.3342555989266
"Mouth_Dumbfounded",1,748,-0.0578163617252519,0.0429119028470376,-0.141923691305446,0.0262909678549418,-5.61767464025529
"Mouth_Dumbfounded",1,751,-0.0654917042490356,0.0380628518946263,-0.140094893962503,0.0091114854644319,-6.33931834156986
"Mouth_Dumbfounded",1,752,-0.0643174393289879,0.0376553183440396,-0.138121863283306,0.00948698462532978,-6.22927128915931
"Mouth_Dumbfounded",1,753,-0.0626988039088517,0.0388593056011607,-0.138863042887127,0.0134654350694232,-6.07736776124596
"Mouth_Dumbfounded",1,754,-0.0684542676714266,0.0374355540250605,-0.141827953560545,0.0049194182176921,-6.61638343706359
"Mouth_Dumbfounded",1,757,-0.0616260707450564,0.0402147074287143,-0.140446897305336,0.0171947558152236,-5.97655977844646
"Mouth_Dumbfounded",1,758,-0.0614949409904999,0.038608095499331,-0.137166808169189,0.0141769261881889,-5.96422969940519
"Mouth_Dumbfounded",1,765,-0.0654122319854409,0.0367799806564909,-0.137500994072163,0.00667653010128115,-6.33187461940783
"Mouth_Dumbfounded",1,766,-0.0657751500876024,0.0384947666649898,-0.141224892750982,0.00967459257577764,-6.36586230995686
"Mouth_Dumbfounded",1,767,-0.063333602931807,0.0353080676919563,-0.132537415608041,0.0058702097444272,-6.13697083643604
"Mouth_Dumbfounded",1,768,-0.0601357088797511,0.0392829870376271,-0.1371303634735,0.016858945713998,-5.8363263553794
"Mouth_Dumbfounded",1,769,-0.0644113955818733,0.0358788206486639,-0.134733884053254,0.00591109288950796,-6.23808122157871
"Mouth_Dumbfounded",1,770,-0.0645529983753882,0.0401105717789656,-0.143169719062161,0.0140637223113844,-6.25135723122083
"Mouth_Dumbfounded",1,771,-0.0634821938739659,0.0435184810955419,-0.148778416821228,0.0218140290732962,-6.15091699621116
"Mouth_Dumbfounded",1,772,-0.0653631145330843,0.0387394074282259,-0.141292353092407,0.0105661240262383,-6.32727376673196
"Mouth_Dumbfounded",1,774,-0.0644465851890013,0.0400580572156076,-0.142960377331592,0.0140672069535895,-6.24138060861168
"Mouth_Dumbfounded",1,776,-0.0554078604849595,0.0437569276571425,-0.141171438692959,0.0303557177230399,-5.3900807224684
"Mouth_Dumbfounded",1,782,-0.0598883091237098,0.0397247405729437,-0.137748800646679,0.0179721823992599,-5.8130274035331
"Mouth_Dumbfounded",1,783,-0.0660764657156012,0.0383025529061428,-0.141149469411641,0.00899653798043869,-6.3940714888104
"Mouth_Dumbfounded",1,785,-0.0597222993366804,0.0402057512532071,-0.138525571792966,0.0190809731196054,-5.79739014633847
"Mouth_Dumbfounded",1,786,-0.0697862451073126,0.0428998913046062,-0.153870032064341,0.0142975418497155,-6.74068550505427
"Mouth_Dumbfounded",1,788,-0.0680185095702761,0.0376691798836829,-0.141850102142295,0.00581308300174237,-6.57568190226385
"Mouth_Dumbfounded",1,789,-0.069133681152299,0.038583223098753,-0.144756798425855,0.00648943612125677,-6.67980797686565
"Mouth_Dumbfounded",1,790,-0.058826930632852,0.0381740784082517,-0.133648124313025,0.0159942630473215,-5.71300630596908
"Mouth_Dumbfounded",1,791,-0.0595829145677354,0.0439741640043049,-0.145772276016173,0.0266064468807021,-5.78425882219796
"Mouth_Dumbfounded",1,792,-0.0666903911483883,0.0400477677543175,-0.145184015946851,0.011803233650074,-6.45152091234756
"Mouth_Dumbfounded",1,794,-0.0627036654367759,0.0395538833043129,-0.140229276713229,0.0148219458396773,-6.0778243676354
"Mouth_Dumbfounded",1,796,-0.063170086497599,0.0416331169131489,-0.144770995647371,0.0184308226521728,-6.12162143369764
"Mouth_Dumbfounded",1,798,-0.0641481469974009,0.0368854676890377,-0.136443663667915,0.00814736967311303,-6.21339528005586
"Mouth_Dumbfounded",1,800,-0.0643024441640036,0.0394107475716082,-0.141547509404356,0.0129426210763485,-6.22786517106914
"Mouth_Dumbfounded",1,803,-0.0592221231445361,0.0398495379079731,-0.137327217444163,0.0188829711550911,-5.75026045806035
"Mouth_Dumbfounded",1,804,-0.0596386023435381,0.0347390249628607,-0.127727091270745,0.00844988658366895,-5.78950534118491
"Mouth_Dumbfounded",1,805,-0.05782875769911,0.0383183622292192,-0.13293274766838,0.0172752322701596,-5.61884459384174
"Mouth_Dumbfounded",1,806,-0.0655520282013587,0.0344210698115319,-0.133017325031961,0.00191326862924383,-6.34496815365355
"Mouth_Dumbfounded",1,807,-0.0649112187202568,0.0438809656144101,-0.150917911324501,0.021095473883987,-6.28493388808459
"Mouth_Dumbfounded",1,809,-0.0651035627526935,0.0409760068589549,-0.145416536196245,0.0152094106908582,-6.30295768835984
"Mouth_Dumbfounded",1,813,-0.0690772648869349,0.0343877668868483,-0.136477287985158,-0.00167724178871229,-6.67454305163633
"Mouth_Dumbfounded",1,814,-0.063142985237345,0.042130567226219,-0.145718897000734,0.0194329265260443,-6.11907717685177
"Mouth_Dumbfounded",1,815,-0.0617944055769086,0.0391455339754631,-0.138519652168816,0.0149308410149991,-5.99238586636801
"Mouth_Dumbfounded",1,816,-0.0629989073616967,0.0377958177914159,-0.137078710232872,0.0110808955094786,-6.10555003847023
"Mouth_Dumbfounded",1,821,-0.0574512096202702,0.0397103915635436,-0.135283577084816,0.0203811578442754,-5.58320444242747
"Mouth_Dumbfounded",1,824,-0.0612986885007168,0.0399150143215656,-0.139532116570985,0.0169347395695517,-5.94577313434084
"Mouth_Dumbfounded",1,826,-0.0701995937008724,0.0383033239807006,-0.145274108703046,0.00487492130130075,-6.77922614562857
"Mouth_Dumbfounded",1,829,-0.0664014051525243,0.0384007205208684,-0.141666817373426,0.00886400706837777,-6.42448280532788
"Mouth_Dumbfounded",1,830,-0.0673817910949621,0.0408251709086545,-0.147399126075925,0.0126355438860007,-6.5161779712716
"Mouth_Dumbfounded",1,832,-0.0622684159095945,0.039488367524487,-0.139665616257589,0.0151287844383999,-6.03693588739921
"Mouth_Dumbfounded",1,833,-0.0564077202233017,0.0383489311766481,-0.131571625329532,0.0187561848829285,-5.48463009566914
"Mouth_Dumbfounded",1,837,-0.058347485587827,0.0406680421081146,-0.138056848119731,0.0213618769440776,-5.66779003553992
"Mouth_Dumbfounded",1,839,-0.0673121308786371,0.0386036869794927,-0.142975357358443,0.0083510956011687,-6.50966564118366
"Mouth_Dumbfounded",1,843,-0.0622543691093642,0.0395074281330023,-0.139688928250049,0.0151801900313202,-6.03561599773851
"Mouth_Dumbfounded",1,844,-0.0618990736549184,0.0389975841007778,-0.138334338492443,0.0145361911826061,-6.00222494772982
"Mouth_Dumbfounded",1,855,-0.0604146799438563,0.0411692378862982,-0.141106386201001,0.0202770263132882,-5.86259163181969
"Mouth_Dumbfounded",1,856,-0.0645556791345326,0.0426164494741955,-0.148083920103956,0.0189725618348906,-6.25160854841535
"Mouth_Dumbfounded",1,858,-0.0631901088944599,0.0371178345799922,-0.135941064671245,0.00956084688232481,-6.12350108503233
"Mouth_Dumbfounded",1,859,-0.0643157889399205,0.0358071972504156,-0.134497895550735,0.00586631767089413,-6.2291165308461
"Mouth_Dumbfounded",1,860,-0.068926714009924,0.0386909016705803,-0.144760881284261,0.00690745326441343,-6.66049176455504
"Mouth_Dumbfounded",1,861,-0.0641485023070012,0.0415446887300842,-0.145576092217966,0.0172790876039638,-6.21342860333097
"Mouth_Dumbfounded",1,863,-0.0709963968354478,0.033893744759141,-0.137428136563364,-0.00456465710753147,-6.853475165589
"Mouth_Dumbfounded",1,867,-0.059950381530238,0.0385143406818104,-0.135438489266586,0.0155377262061105,-5.81887363413909
"Mouth_Dumbfounded",1,875,-0.0607648424722695,0.0426512698296498,-0.144361331338383,0.022831646393844,-5.89554925415322
"Mouth_Dumbfounded",1,878,-0.0638327649302983,0.0404562010329474,-0.143126918954875,0.0154613890942786,-6.18381200202026
"Mouth_Dumbfounded",1,879,-0.059707532848796,0.0413675805537071,-0.140787990734062,0.0213729250364698,-5.79599909437093
"Mouth_Dumbfounded",1,882,-0.0632684697170021,0.0438520285248714,-0.14921844562575,0.0226815061917459,-6.13085703649173
"Mouth_Dumbfounded",1,883,-0.0597794663694605,0.0412985008789732,-0.140724528092248,0.021165595353327,-5.80277527609653
"Mouth_Dumbfounded",1,884,-0.0585314667804756,0.0403708123604314,-0.137658259006921,0.0205953254459699,-5.68514379160304
"Mouth_Dumbfounded",1,887,-0.0597404392421406,0.0385270917848511,-0.135253539140449,0.0157726606561677,-5.79909895727643
"Mouth_Dumbfounded",1,890,-0.0577360679210462,0.0403816287175333,-0.136884060207412,0.0214119243653191,-5.61009602004833
"Mouth_Dumbfounded",1,891,-0.0620715766293654,0.0422563468686006,-0.144894016491822,0.0207508632330917,-6.01843844503928
"Mouth_Dumbfounded",1,892,-0.0588791606156844,0.0376186127745746,-0.132611641653851,0.0148533204224818,-5.71793078542718
"Mouth_Dumbfounded",1,893,-0.064027174979882,0.0392531972392389,-0.14096344156879,0.0129090916090262,-6.20204903899163
"Mouth_Dumbfounded",1,895,-0.0592143026412279,0.0408389728070606,-0.139258689343067,0.020830084060611,-5.74952337477829
"Mouth_Dumbfounded",1,897,-0.065871309694292,0.0431438061134469,-0.150433169676648,0.0186905502880639,-6.37486569892174
"Mouth_Dumbfounded",1,899,-0.0584291839493133,0.0419584831472415,-0.140667810917907,0.02380944301928,-5.67549650772204
"Mouth_Dumbfounded",1,903,-0.0626031496792153,0.0413653281288048,-0.143679192811673,0.0184728934532421,-6.0683832345166
"Mouth_Dumbfounded",1,905,-0.0605511913726157,0.0431890152585362,-0.145201661279347,0.0240992785341152,-5.87544158683292
"Mouth_Dumbfounded",1,906,-0.0641365566675193,0.0390175386834792,-0.140610932487138,0.0123378191520998,-6.21230825606921
"Mouth_Dumbfounded",1,907,-0.0652546503434102,0.041175907485428,-0.145959429014849,0.0154501283280287,-6.3171130793611
"Mouth_Dumbfounded",1,911,-0.0643805116913986,0.0383802786544497,-0.13960585785412,0.0108448344713227,-6.23518544403225
"Mouth_Dumbfounded",1,912,-0.0600093440031447,0.0404438281196442,-0.139279247117647,0.0192605591113581,-5.82442662254018
"Mouth_Dumbfounded",1,913,-0.0651467293460166,0.0430035460356844,-0.149433679575958,0.0191402208839247,-6.30700218318673
"Mouth_Dumbfounded",1,915,-0.0657764201641594,0.0395808996565473,-0.143354983490992,0.0118021431626733,-6.36598123240455
"Mouth_Dumbfounded",1,916,-0.0664349683753749,0.0392705596404986,-0.143405265270752,0.0105353285200024,-6.4276234485595
"Mouth_Dumbfounded",1,919,-0.0665163633300919,0.0406362338586383,-0.146163381693023,0.0131306550328392,-6.43523945795509
"Mouth_Dumbfounded",1,920,-0.0701191122518795,0.0427550630683682,-0.153919035865881,0.0136808113621221,-6.77172330075667
"Mouth_Dumbfounded",1,921,-0.0630768132072158,0.0392201554223712,-0.139948317835063,0.0137946914206317,-6.11286468005367
"Mouth_Dumbfounded",1,923,-0.0661518185404671,0.0365681993197202,-0.137825489207119,0.00552185212618449,-6.40112469420512
"Mouth_Dumbfounded",1,924,-0.0612352087980728,0.0409576623758731,-0.141512227054784,0.0190418094586384,-5.93980241047911
"Mouth_Dumbfounded",1,925,-0.0625028724584929,0.0410105020748064,-0.142883456525113,0.0178777116081277,-6.05896356076793
"Mouth_Dumbfounded",1,926,-0.0583222064353249,0.0346671760792088,-0.126269871550574,0.00962545867992427,-5.66540536707729
"Mouth_Dumbfounded",1,927,-0.0616883759419461,0.0380050683021757,-0.136178309814211,0.0128015579303184,-5.98241774490893
"Mouth_Dumbfounded",1,928,-0.0644670064602535,0.03942890991734,-0.14174766989824,0.0128136569777328,-6.24329525926064
"Mouth_Dumbfounded",1,929,-0.0620662600593187,0.0391066382701516,-0.138715271068816,0.0145827509501784,-6.01793878415593
"Mouth_Dumbfounded",1,930,-0.0662674636774541,0.041820440832762,-0.148235527709668,0.0157006003547594,-6.41194832309959
"Mouth_Dumbfounded",1,932,-0.0615404689170418,0.0431401504478368,-0.146095163794802,0.0230142259607183,-5.96851085559091
"Mouth_Dumbfounded",1,936,-0.0612867751290571,0.0337866541496214,-0.127508617262315,0.00493506700420073,-5.94465262470552
"Mouth_Dumbfounded",1,937,-0.0598697094977183,0.0416189298200265,-0.14144281194497,0.0217033929495336,-5.81127554477763
"Mouth_Dumbfounded",1,938,-0.0608734937074068,0.0371739178409278,-0.133734372675625,0.0119873852608116,-5.905773263523
"Mouth_Dumbfounded",1,939,-0.0615635265852614,0.0444491964871045,-0.148683951699986,0.0255568985294633,-5.9706789774738
"Mouth_Dumbfounded",1,941,-0.0595982247951529,0.035099438876636,-0.12839312499336,0.00919667540305374,-5.78570127557952
"Mouth_Dumbfounded",1,943,-0.0585760618413836,0.0421358253231572,-0.141162279474772,0.0240101557920045,-5.68934967457869
"Mouth_Dumbfounded",1,944,-0.0640660154611117,0.0430076500340628,-0.148361009527875,0.0202289786056513,-6.20569212579525
"Mouth_Dumbfounded",1,947,-0.0634868009608344,0.0351263685387346,-0.132334483296754,0.0053608813750854,-6.15134936609311
"Mouth_Dumbfounded",1,952,-0.0613324186652613,0.0391568792685039,-0.138079902031529,0.0154150647010063,-5.94894554538585
"Mouth_Dumbfounded",1,953,-0.0609930300846904,0.0385034230443867,-0.136459739251688,0.0144736790823074,-5.91702027428352
"Mouth_Dumbfounded",1,955,-0.0617604785862548,0.0394843533944235,-0.139149811239325,0.0156288540668153,-5.98919641681801
"Mouth_Dumbfounded",1,957,-0.0608153862627018,0.0452828878804386,-0.149569846508361,0.0279390739829577,-5.90030552958937
"Mouth_Dumbfounded",1,960,-0.0603572788112061,0.0437664601153106,-0.146139540637215,0.0254249830148027,-5.85718788286543
"Mouth_Dumbfounded",1,961,-0.0645107320656759,0.0414816451161031,-0.145814756493238,0.0167932923618863,-6.24739473831109
"Mouth_Dumbfounded",1,962,-0.0593063898376614,0.0412785124862275,-0.140212274310667,0.0215994946353446,-5.75820223732103
"Mouth_Dumbfounded",1,964,-0.0654729006863373,0.0424863699337298,-0.148746185756448,0.0178003843837732,-6.33755717051183
"Mouth_Dumbfounded",1,966,-0.0659404154819131,0.040199477469655,-0.144731391322437,0.0128505603586108,-6.38133551401534
"Mouth_Dumbfounded",1,967,-0.0620505871110862,0.0380707313202299,-0.136669220498737,0.0125680462765643,-6.01646579663271
"Mouth_Dumbfounded",1,969,-0.0623099754218407,0.0340490639066379,-0.129046140678851,0.00442618983516965,-6.04084086536784
"Mouth_Dumbfounded",1,970,-0.0632153886037134,0.038241550114557,-0.138168826828245,0.0117380496208183,-6.12587422563436
"Mouth_Dumbfounded",1,971,-0.0639205685202492,0.0408688676796694,-0.144023549172401,0.0161824121319028,-6.19204903849602
"Mouth_Dumbfounded",1,972,-0.0606889718573084,0.0357605168378338,-0.130779584859463,0.00940164114484587,-5.88840922074862
"Mouth_Dumbfounded",1,973,-0.0581753790905619,0.0424674036388603,-0.141411490222728,0.0250607320416043,-5.651553452133
"Mouth_Dumbfounded",1,975,-0.0571568296684545,0.0424789754864757,-0.140415621621947,0.0261019622850379,-5.55540593924038
"Mouth_Dumbfounded",1,976,-0.0569163525814977,0.0415519991973865,-0.138358271008375,0.0245255658453798,-5.53269144733387
"Mouth_Dumbfounded",1,978,-0.05998573221555,0.03970718235101,-0.13781180962353,0.0178403451924297,-5.82220294265257
"Mouth_Dumbfounded",1,980,-0.054081489126376,0.0418229114151331,-0.136054395500037,0.027891417247285,-5.26450957672456
"Mouth_Dumbfounded",1,981,-0.0589827976332802,0.0420568788403898,-0.141414280160444,0.0234486848938839,-5.72770139158636
"Mouth_Dumbfounded",1,985,-0.0596934957869667,0.041099772573478,-0.140249050030984,0.0208620584570502,-5.79467673770467
"Mouth_Dumbfounded",1,986,-0.0614859907786656,0.0404804208659175,-0.140827615675864,0.0178556341185327,-5.96338805557455
"Mouth_Dumbfounded",1,987,-0.0616458060440667,0.0398201159787433,-0.139693233362404,0.0164016212742702,-5.97841534084309
"Mouth_Dumbfounded",1,988,-0.063897692573979,0.0421422001054142,-0.146496404780591,0.0187010196326329,-6.18990306830465
"Mouth_Dumbfounded",1,989,-0.0685015711516662,0.04005585298747,-0.147011043007107,0.010007900703775,-6.62080070264753
"Mouth_Dumbfounded",1,990,-0.0594631194753186,0.040041811180956,-0.137945069389992,0.0190188304393552,-5.7729715627108
"Mouth_Dumbfounded",1,991,-0.065014614888978,0.0390135546231562,-0.141481181950364,0.0114519521724082,-6.29462316594628
"Mouth_Dumbfounded",1,992,-0.0698606492880672,0.0366485831495479,-0.141691872261181,0.00197057368504662,-6.74762412981246
"Mouth_Dumbfounded",1,993,-0.0573077387741139,0.0400646178085707,-0.135834389678912,0.0212189121306846,-5.56965741309883
"Mouth_Dumbfounded",1,994,-0.0632292390369433,0.0391472109082475,-0.139957772417108,0.0134992943432218,-6.1271744139413
"Mouth_Dumbfounded",1,995,-0.0603469113552475,0.0399578659660517,-0.138664328648709,0.0179705059382138,-5.85621185634754
"Mouth_Dumbfounded",1,996,-0.059267646605029,0.0402888628227914,-0.1382338177377,0.0196985245276421,-5.75455093469545
"Mouth_Dumbfounded",1,997,-0.0682747261806078,0.0369762323520979,-0.14074814159072,0.00419868922950412,-6.59961569812045
"Mouth_Dumbfounded",1,998,-0.0613783976714455,0.0370794239052878,-0.13405406852581,0.0112972731829186,-5.95326981998656
"Mouth_Dumbfounded",1,1000,-0.0631916748386538,0.0430038997980467,-0.147479318442825,0.0210959687655177,-6.12364809027566
"Mouth_Dumbfounded",1,1002,-0.0588375400493392,0.0373718559970738,-0.132086377803604,0.0144112977049255,-5.71400663064807
"Mouth_Dumbfounded",1,1006,-0.0563297215241582,0.0385687791137353,-0.131924528587079,0.0192650855387631,-5.47725773225388
"Mouth_Dumbfounded",1,1007,-0.0646876573818121,0.0379511947483243,-0.139071999088528,0.00969668432490349,-6.26398048037351
"Mouth_Dumbfounded",1,1009,-0.0554788494614093,0.0416580185679737,-0.137128565854638,0.0261708669318191,-5.3967967454153
"Mouth_Dumbfounded",1,1011,-0.06025926624049,0.0363901423265158,-0.131583945200461,0.011065412719481,-5.84796025163085
"Mouth_Dumbfounded",1,1012,-0.0606313606034264,0.0440112346003052,-0.146893380420025,0.0256306592131718,-5.88298717781515
"Mouth_Dumbfounded",1,1013,-0.0610051308449736,0.0359075307849341,-0.131383891183444,0.0093736294934972,-5.91815874297973
"Mouth_Dumbfounded",1,1015,-0.0606882799747748,0.0460666559772798,-0.150978925690243,0.0296023657406936,-5.88834410656023
"Mouth_Dumbfounded",1,1018,-0.06512709022421,0.0396952190468881,-0.142929719556111,0.0126755391076907,-6.30516211692159
"Mouth_Dumbfounded",1,1020,-0.0612275106546147,0.0409461586842236,-0.141481981675693,0.0190269603664635,-5.9390783187973
"Mouth_Dumbfounded",1,1024,-0.0604969953736223,0.0366317048696771,-0.13229513691819,0.0113011461709449,-5.87034027412578
"Mouth_Dumbfounded",1,1026,-0.0619490088983038,0.0390582679228995,-0.138503214027187,0.0146051962305793,-6.00691863231362
"Mouth_Dumbfounded",1,1038,-0.0655053266108437,0.0397385935328781,-0.143392969935285,0.0123823167135973,-6.34059421257239
"Mouth_Dumbfounded",1,1040,-0.064190465164075,0.0361138627564851,-0.134973636166786,0.00659270583863575,-6.21736407324958
"Mouth_Dumbfounded",1,1041,-0.0619551989332906,0.0408739754733819,-0.142068190861119,0.018157792994538,-6.00750045097507
"Mouth_Dumbfounded",1,1042,-0.0678603108662843,0.0396565516333941,-0.145587152067737,0.00986653033516818,-6.56090112710056
"Mouth_Dumbfounded",1,1044,-0.0618144571173428,0.0370900669373951,-0.134510988314637,0.0108820740799516,-5.99427084494551
"Mouth_Dumbfounded",1,1045,-0.0611635032505147,0.0437110189831384,-0.146837100457466,0.0245100939564365,-5.93305753068777
"Mouth_Dumbfounded",1,1046,-0.0684064928809942,0.0354334284749398,-0.137856012691876,0.00104302692988778,-6.61192194777998
"Mouth_Dumbfounded",1,1047,-0.0640194893419951,0.0345376708476667,-0.131713324203422,0.00367434551943158,-6.20132813913573
"Mouth_Dumbfounded",1,1051,-0.0677867260787703,0.0415347894687715,-0.149194913437562,0.0136214612800218,-6.55402517788497
"Mouth_Dumbfounded",1,1052,-0.0664789271806737,0.0356727568881486,-0.136397530681445,0.00343967632009749,-6.43173668803446
"Mouth_Dumbfounded",1,1053,-0.0653054379893296,0.0395693202604173,-0.142861305699748,0.0122504297210884,-6.32187089183066
"Mouth_Dumbfounded",1,1054,-0.0597673835495756,0.042749129742287,-0.143555677844458,0.024020910745307,-5.80163710112036
"Mouth_Dumbfounded",1,1055,-0.0645296618177109,0.0369410727982124,-0.136934164502207,0.00787484086678533,-6.24916943508399
"Mouth_Dumbfounded",1,1056,-0.0643471659764227,0.0386484073053618,-0.140098044294932,0.0114037123420865,-6.23205873712045
"Mouth_Dumbfounded",1,1057,-0.0602230572849474,0.0399976634575834,-0.138618477661811,0.018172363091916,-5.84455104288778
"Mouth_Dumbfounded",1,1060,-0.0665999861008197,0.039511358844719,-0.144042249436469,0.0108422772348296,-6.4430632753449
"Mouth_Dumbfounded",1,1061,-0.06535580742072,0.0410027310053791,-0.145721160191263,0.015009545349823,-6.32658928709512
"Mouth_Dumbfounded",1,1062,-0.0582004632391149,0.0383006450012859,-0.133269727441635,0.0168688009634054,-5.65392007289949
"Mouth_Dumbfounded",1,1063,-0.0591792700386636,0.0368054122621941,-0.131317878072564,0.0129593379952369,-5.7462214774525
"Mouth_Dumbfounded",1,1064,-0.0657307510095487,0.0413123589833008,-0.146702974616818,0.0152414725977209,-6.36170494827824
"Mouth_Dumbfounded",1,1066,-0.0589780223639417,0.0416606251853647,-0.140632847727256,0.0226768029993731,-5.72725121489449
"Mouth_Dumbfounded",1,1067,-0.0668748345257968,0.0398068833674216,-0.144896325925943,0.0111466568743495,-6.46877371865008
"Mouth_Dumbfounded",1,1070,-0.0659640917727391,0.0405267903329979,-0.145396600825415,0.0134684172799368,-6.3835520305029
"Mouth_Dumbfounded",1,1071,-0.0556009234622208,0.0409052535939455,-0.135775220506354,0.0245733735819123,-5.40834463206346
"Mouth_Dumbfounded",1,1072,-0.0675827371799084,0.0377521760471206,-0.141577002232265,0.00641152787244795,-6.53496129203349
"Mouth_Dumbfounded",1,1074,-0.0631865598810822,0.0385168909224504,-0.138679666089085,0.0123065463269206,-6.12316791549062
"Mouth_Dumbfounded",1,1076,-0.0619059108066619,0.040357102210211,-0.141005831138676,0.0171940095253517,-6.00286762258436
"Mouth_Dumbfounded",1,1078,-0.0625308189935841,0.0450191887339529,-0.150768428912132,0.0257067909249636,-6.06158885055523
"Mouth_Dumbfounded",1,1080,-0.0579390589383392,0.0420838258084975,-0.140423357522994,0.0245452396463158,-5.62925437812632
"Mouth_Dumbfounded",1,1081,-0.0640512706638603,0.040432738882712,-0.143299438873976,0.0151968975462553,-6.20430913754638
"Mouth_Dumbfounded",1,1082,-0.0671668077278971,0.0350944814615611,-0.135951991392557,0.0016183759367627,-6.49607834398039
"Mouth_Dumbfounded",1,1083,-0.0581924827610084,0.0447740739455771,-0.14594966769434,0.0295647021723228,-5.65316714306983
"Mouth_Dumbfounded",1,1085,-0.0673882639328888,0.0367786376138839,-0.139474393656101,0.00469786579032373,-6.51678307494199
"Mouth_Dumbfounded",1,1086,-0.0599688343236085,0.0427495245002937,-0.143757902344184,0.0238202336969672,-5.82061152296882
"Mouth_Dumbfounded",1,1087,-0.0670441689762688,0.0392157949964041,-0.143907127169221,0.00981878921668325,-6.4846104365656
"Mouth_Dumbfounded",1,1091,-0.0654371847796213,0.0365699180628658,-0.137114224182838,0.00623985462359572,-6.3342118717011
"Mouth_Dumbfounded",1,1093,-0.0633422449542493,0.0404998292689256,-0.142721910321344,0.016037420412845,-6.13778199933552
"Mouth_Dumbfounded",1,1094,-0.0631379349581378,0.0401513314406626,-0.141834544581836,0.0155586746655608,-6.11860305078206
"Mouth_Dumbfounded",1,1096,-0.0570481105882684,0.0384919428806795,-0.1324923186344,0.0183960974578634,-5.5451374516654
"Mouth_Dumbfounded",1,1097,-0.0634768889221189,0.042981135475112,-0.147719914453338,0.0207661366091006,-6.15041913002436
"Mouth_Dumbfounded",1,1098,-0.0629476906562112,0.0424679081415689,-0.146184790613686,0.0202894093012639,-6.10074095092806
"Mouth_Dumbfounded",1,1099,-0.0665682860575783,0.0406601115527346,-0.146262104700938,0.0131255325857816,-6.44009746939735
"Mouth_Dumbfounded",1,1100,-0.0589266920376626,0.0391854353141986,-0.135730145253492,0.0178767611781667,-5.72241203974296
"Mouth_Dumbfounded",1,1101,-0.0607465704980738,0.0425598118777222,-0.144163801778409,0.0226706607822617,-5.8938297643483
"Mouth_Dumbfounded",1,1102,-0.0637752661230955,0.0400476126627154,-0.142268586942018,0.0147180546958267,-6.17841752802765
"Mouth_Dumbfounded",1,1104,-0.064720829270043,0.0408687564882635,-0.144823591987039,0.0153819334469534,-6.26708982956444
"Mouth_Dumbfounded",1,1105,-0.0655318199137159,0.0401214595214342,-0.144169880575727,0.0131062407482952,-6.3430755267075
"Mouth_Dumbfounded",1,1108,-0.0588862308658939,0.0409625193172953,-0.139172768727793,0.0214003069960049,-5.7185973808903
"Mouth_Dumbfounded",1,1109,-0.0606587119217822,0.0380337124056338,-0.135204788236824,0.0138873643932601,-5.88556136699165
"Mouth_Dumbfounded",1,1110,-0.0640979929635035,0.0429782012232175,-0.14833526736101,0.0201392814340027,-6.20869138554495
"Mouth_Dumbfounded",1,1112,-0.0627056267391155,0.0426964679622477,-0.146390703945121,0.02097945046689,-6.07800857723755
"Mouth_Dumbfounded",1,1114,-0.0681602414834219,0.0394244979753954,-0.145432257515197,0.00911177454835305,-6.5889221712957
"Mouth_Dumbfounded",1,1116,-0.0626769660496166,0.0414475146093128,-0.14391409468387,0.0185601625846365,-6.07531666962848
"Mouth_Dumbfounded",1,1121,-0.0590774100224814,0.0410807362129683,-0.139595652999899,0.0214408329549365,-5.73662029706706
"Mouth_Dumbfounded",1,1124,-0.0599392284922911,0.0392887926752844,-0.136945262135849,0.0170668051512663,-5.81782322260522
"Mouth_Dumbfounded",1,1125,-0.0675692231514723,0.0393031736661068,-0.144603443537042,0.00946499723409702,-6.53369819430787
"Mouth_Dumbfounded",1,1126,-0.0657014555275886,0.0395212227153464,-0.143163052049668,0.0117601409944903,-6.35896172911301
"Mouth_Dumbfounded",1,1127,-0.0623583686440873,0.0417160394033299,-0.144121805874614,0.0194050685864393,-6.04538774181805
"Mouth_Dumbfounded",1,1128,-0.0666746894600322,0.0454500223532488,-0.1557567332724,0.0224073543523354,-6.45005203175082
"Mouth_Dumbfounded",1,1129,-0.0654475960839855,0.0367759244822794,-0.137528408069253,0.00663321590128224,-6.33518704965337
"Mouth_Dumbfounded",1,1130,-0.0671039907124997,0.0401590034470475,-0.145815637468713,0.0116076560437135,-6.49020452220797
"Mouth_Dumbfounded",1,1131,-0.0636021712803397,0.0364434003190116,-0.135031235905602,0.00782689334492301,-6.16217609034856
"Mouth_Dumbfounded",1,1132,-0.0609594997512572,0.0401770210421571,-0.139706460993885,0.0177874614913707,-5.91386558771437
"Mouth_Dumbfounded",1,1133,-0.0676697515190899,0.0352324796517789,-0.136725411636576,0.00138590859839664,-6.54309373678846
"Mouth_Dumbfounded",1,1134,-0.0625979437503555,0.0399059019378116,-0.140813511548466,0.0156176240477552,-6.06789423192916
"Mouth_Dumbfounded",1,1137,-0.0629575190993692,0.0323113838315551,-0.126287831409217,0.000372793210478756,-6.10166382992298
"Mouth_Dumbfounded",1,1138,-0.0596262102282342,0.0394757272899483,-0.136998635716533,0.0177462152600644,-5.78833786663855
"Mouth_Dumbfounded",1,1140,-0.0644148017196536,0.0419559565611969,-0.1466484765796,0.0178188731402923,-6.23840058704871
"Mouth_Dumbfounded",1,1141,-0.0648750441260502,0.041037213831791,-0.145307983236361,0.0155578949842601,-6.28154372227838
"Mouth_Dumbfounded",1,1143,-0.0695082180017986,0.0406255121954548,-0.14913422190489,0.0101177859012928,-6.71475328301975
"Mouth_Dumbfounded",1,1145,-0.0691054758521602,0.0397661289475169,-0.147047088589293,0.00883613688497281,-6.67717581572035
"Mouth_Dumbfounded",1,1146,-0.065755989797646,0.0409006545652447,-0.145921272745526,0.0144092931502335,-6.36406823554147
"Mouth_Dumbfounded",1,1149,-0.0655952217362872,0.0436247235147205,-0.15109967982514,0.0199092363525651,-6.34901335817887
"Mouth_Dumbfounded",1,1150,-0.0606131255304615,0.0433429698842085,-0.14556534650351,0.0243390954425872,-5.8812709315712
"Mouth_Dumbfounded",1,1151,-0.0692825010218071,0.0383223703124053,-0.144394346834122,0.00582934479050735,-6.69369484231862
"Mouth_Dumbfounded",1,1154,-0.0619038027505359,0.0369410366363335,-0.13430823455775,0.0105006290566778,-6.00266947114477
"Mouth_Dumbfounded",1,1155,-0.0578813623006134,0.0406716085397795,-0.137597715038581,0.0218349904373544,-5.62380934632576
"Mouth_Dumbfounded",1,1158,-0.064390012656394,0.0414735154411552,-0.145678102921058,0.0168980776082703,-6.23607629602116
"Mouth_Dumbfounded",1,1159,-0.056254220321288,0.0402102172904301,-0.135066246210531,0.022557805567955,-5.47012088209708
"Mouth_Dumbfounded",1,1160,-0.0601539739497049,0.0361268287869956,-0.130962558372216,0.0106546104728065,-5.83804624575862
"Mouth_Dumbfounded",1,1161,-0.0632652518862222,0.0393366051336722,-0.14036499794822,0.0138344941757753,-6.13055498098823
"Mouth_Dumbfounded",1,1162,-0.0715064504861551,0.0399142540451633,-0.149738388414675,0.00672548744236494,-6.90097277643685
"Mouth_Dumbfounded",1,1165,-0.0594279420534617,0.0386124166135697,-0.135108278616058,0.0162523945091349,-5.76965684047979
"Mouth_Dumbfounded",1,1167,-0.066625803669474,0.0394279390662132,-0.143904564239252,0.0106529569003039,-6.4454786568021
"Mouth_Dumbfounded",1,1168,-0.0649270877463274,0.0402503634487036,-0.143817800105786,0.0139636246131316,-6.28642104311204
"Mouth_Dumbfounded",1,1170,-0.0577496545747321,0.0409806998805493,-0.138071826340609,0.0225725171911446,-5.61137845427313
"Mouth_Dumbfounded",1,1171,-0.0568535357018303,0.0379499817880828,-0.131235500006473,0.017528428602812,-5.52675711939398
"Mouth_Dumbfounded",1,1172,-0.0649931183735853,0.0424693421572676,-0.14823302900183,0.0182467922546593,-6.29260880521999
"Mouth_Dumbfounded",1,1175,-0.0622097132701301,0.0381197121032949,-0.136924348992588,0.0125049224523278,-6.03141984562212
"Mouth_Dumbfounded",1,1177,-0.060098417222258,0.0390074967285585,-0.136553110810233,0.0163562763657166,-5.83281477043754
"Mouth_Dumbfounded",1,1179,-0.0613191783851285,0.0406377404771663,-0.140969149720374,0.0183307929501174,-5.94770027483423
"Mouth_Dumbfounded",1,1181,-0.0650046882078002,0.0400336377231358,-0.143470618145146,0.013461241729546,-6.29369297792897
"Mouth_Dumbfounded",1,1182,-0.0658340947312505,0.0430471310184407,-0.150206471527394,0.0185382820648932,-6.37138137817495
"Mouth_Dumbfounded",1,1183,-0.0625016324655489,0.03836665488508,-0.137700276040306,0.012697011109208,-6.05884707447337
"Mouth_Dumbfounded",1,1184,-0.0606924622879466,0.0387501559830072,-0.136642768014641,0.0152578434387476,-5.8887377101552
"Mouth_Dumbfounded",1,1185,-0.065911136724326,0.0415487369950771,-0.147346661234677,0.0155243877860251,-6.37859443570474
"Mouth_Dumbfounded",1,1186,-0.0655984458020543,0.0373152400934347,-0.138736316385186,0.00753942478107776,-6.34931529463222
"Mouth_Dumbfounded",1,1187,-0.0618675822643809,0.0376761973622016,-0.135712929094296,0.0119777645655343,-5.99926478047634
"Mouth_Dumbfounded",1,1189,-0.0640783903955033,0.0419604218584481,-0.146320817238062,0.0181640364470549,-6.20685281701974
"Mouth_Dumbfounded",1,1192,-0.0681385183949704,0.0392655414116865,-0.145098979561876,0.00882194277193503,-6.58689297214952
"Mouth_Dumbfounded",1,1193,-0.0692672801349277,0.0380751758788583,-0.14389462485749,0.00536006458763463,-6.69227462679424
"Mouth_Dumbfounded",1,1194,-0.0604547326647053,0.035524847137656,-0.130083433054511,0.00917396772510052,-5.86636201565094
"Mouth_Dumbfounded",1,1195,-0.0618281524782831,0.0386866991821669,-0.13765408287533,0.0139977779187641,-5.99555827852079
"Mouth_Dumbfounded",1,1197,-0.067112344285745,0.0377455803866025,-0.141093681843486,0.00686899327199579,-6.490985659871
"Mouth_Dumbfounded",1,1198,-0.0647151758408157,0.0396146541052006,-0.142359897887009,0.0129295462053774,-6.26655991569262
"Mouth_Dumbfounded",1,1200,-0.0607358325157036,0.0420783806237208,-0.143209458538196,0.0217377935067892,-5.89281924852595
"Mouth_Dumbfounded",1,1201,-0.061815109040366,0.0403653041808847,-0.1409311052349,0.017300887154168,-5.99433212942468
"Mouth_Dumbfounded",1,1202,-0.0645603827691322,0.0399949459214023,-0.142950476775081,0.0138297112368163,-6.252049505556
"Mouth_Dumbfounded",1,1203,-0.0582594006127716,0.0354422291366925,-0.127726169720689,0.0112073684951458,-5.65948041920747
"Mouth_Dumbfounded",1,1208,-0.065876725661064,0.0353035927036692,-0.135071767360256,0.00331831603812756,-6.37537276816501
"Mouth_Dumbfounded",1,1209,-0.0674638759671092,0.0435310241269179,-0.152784683255868,0.0178569313216499,-6.52385126391571
"Mouth_Dumbfounded",1,1210,-0.0636662355223994,0.0392274989751262,-0.140552133513647,0.0132196624688479,-6.1681875468521
"Mouth_Dumbfounded",1,1212,-0.0650634827555901,0.0371493369131741,-0.137876183105411,0.00774921759423115,-6.29920223591663
"Mouth_Dumbfounded",1,1213,-0.0680742546722137,0.0371219096726918,-0.14083319763069,0.00468468828626213,-6.58088970524356
"Mouth_Dumbfounded",1,1215,-0.0663776891368955,0.0364159118029497,-0.137752876270677,0.00499749799688584,-6.42226354058367
"Mouth_Dumbfounded",1,1216,-0.0638858664402447,0.0400094469977039,-0.142304382555744,0.0145326496752549,-6.18879365099266
"Mouth_Dumbfounded",1,1217,-0.0655493767290836,0.0384155126955078,-0.140843781612279,0.00974502815411164,-6.34471982960397
"Mouth_Dumbfounded",1,1219,-0.0657854209621993,0.0381926627441155,-0.140643039940666,0.00907219801626707,-6.3668240095043
"Mouth_Dumbfounded",1,1220,-0.0627557855030648,0.0411298467174224,-0.143370285069213,0.0178587140630831,-6.0827194700877
"Mouth_Dumbfounded",1,1221,-0.0595759870193828,0.0389030648830384,-0.135825994190138,0.0166740201513725,-5.78360613583462
"Mouth_Dumbfounded",1,1222,-0.0616407417562129,0.0398317678104127,-0.139711006664622,0.016429523152196,-5.97793918726822
"Mouth_Dumbfounded",1,1223,-0.0601578305602048,0.0381999449015266,-0.135029722567197,0.0147140614467872,-5.8384093910379
"Mouth_Dumbfounded",1,1224,-0.0619417183457166,0.0429607518585513,-0.146144791988477,0.022261355297044,-6.00623336831311
"Mouth_Dumbfounded",1,1225,-0.0648091147705152,0.0416236727073241,-0.14639151327687,0.0167732837358401,-6.27536472116771
"Mouth_Dumbfounded",1,1230,-0.0685715222518163,0.0421427655642773,-0.1511713427578,0.0140282982541671,-6.62733245191534
"Mouth_Dumbfounded",1,1231,-0.0627362951200448,0.0406229157650329,-0.142357210019509,0.0168846197794197,-6.08088896847946
"Mouth_Dumbfounded",1,1234,-0.0643788302302931,0.034968182423789,-0.132916467780919,0.00415880732033319,-6.23502778201096
"Mouth_Dumbfounded",1,1235,-0.0638947971515062,0.0385148816411049,-0.139383965168072,0.0115943708650595,-6.18963144804859
"Mouth_Dumbfounded",1,1236,-0.0646884055304641,0.0440707558717726,-0.151067087039139,0.0216902759782102,-6.26405060882392
"Mouth_Dumbfounded",1,1237,-0.0621290315674062,0.0409869715335338,-0.142463495773132,0.0182054326383201,-6.02383799471851
"Mouth_Dumbfounded",1,1238,-0.066384419799704,0.0400397014142826,-0.144862234571698,0.0120933949722898,-6.42289337865455
"Mouth_Dumbfounded",1,1239,-0.0605708289222359,0.0415387662438705,-0.141986810760222,0.0208451529157502,-5.87728994437058
"Mouth_Dumbfounded",1,1240,-0.0669991700318126,0.0419022009514214,-0.149127483896599,0.0151291438329734,-6.48040224806352
"Mouth_Dumbfounded",1,1241,-0.0615797137166837,0.0388509746343759,-0.13772762400006,0.0145681965666931,-5.97220103013187
"Mouth_Dumbfounded",1,1243,-0.0656034764351478,0.0469103306511007,-0.157547724511305,0.0263407716410096,-6.34978641568091
"Mouth_Dumbfounded",1,1245,-0.0638610264170127,0.0380258090916366,-0.13839161223662,0.0106695594025951,-6.18646334950528
"Mouth_Dumbfounded",1,1247,-0.0651574615615473,0.0400608312814378,-0.143676690873165,0.0133617677500708,-6.30800771123724
"Mouth_Dumbfounded",1,1248,-0.0644028120738301,0.0296886517470457,-0.12259256949804,-0.00621305464962058,-6.2372764119407
"Mouth_Dumbfounded",1,1251,-0.0615548115650383,0.0395775192176396,-0.139126749231612,0.0160171261015354,-5.96985950646868
"Mouth_Dumbfounded",1,1255,-0.0669972592423278,0.0402147243160954,-0.145818118901875,0.0118236004172192,-6.4802235516288
"Mouth_Dumbfounded",1,1256,-0.061803487979487,0.0420252122146802,-0.14417290392026,0.0205659279612862,-5.99323967748767
"Mouth_Dumbfounded",1,1258,-0.0621044141719684,0.0388028101923514,-0.138157922148977,0.0139490938050403,-6.02152451790092
"Mouth_Dumbfounded",1,1259,-0.0583786388500188,0.0417508935433078,-0.140210390194902,0.0234531124948645,-5.67072874583463
"Mouth_Dumbfounded",1,1260,-0.0636901727365262,0.0428187832218133,-0.14761498785128,0.020234642378228,-6.17043359215655
"Mouth_Dumbfounded",1,1261,-0.059797704910362,0.034456094550889,-0.127331650230104,0.00773624040938037,-5.80449328036547
"Mouth_Dumbfounded",1,1262,-0.0642603874715267,0.0349398739400544,-0.132742540394033,0.00422176545097999,-6.22392134230011
"Mouth_Dumbfounded",1,1263,-0.0595873695839263,0.042158617730915,-0.14221826033652,0.0230435211686671,-5.78467855391539
"Mouth_Dumbfounded",1,1268,-0.060438259350201,0.0387253543370436,-0.136339953850806,0.0154634351504045,-5.86481130985439
"Mouth_Dumbfounded",1,1269,-0.0626804898617373,0.0439310130216055,-0.148785275384084,0.0234242956606094,-6.07564764198291
"Mouth_Dumbfounded",1,1270,-0.0654858912145221,0.0400084356291654,-0.143902425047686,0.012930642618642,-6.33877388721235
"Mouth_Dumbfounded",1,1272,-0.0566324115927548,0.0435928189497747,-0.142074336734313,0.0288095135488036,-5.5058644978845
"Mouth_Dumbfounded",1,1273,-0.060900873915328,0.0416770701640306,-0.142587931436828,0.0207861836061719,-5.90834954774547
"Mouth_Dumbfounded",1,1274,-0.059191286906251,0.041373474252407,-0.140283296440969,0.0219007226284667,-5.74735410582328
"Mouth_Dumbfounded",1,1279,-0.0639347639037494,0.0376919205227097,-0.13781092812826,0.00994140032076152,-6.19338066888376
"Mouth_Dumbfounded",1,1280,-0.0656319818753061,0.0408831044188701,-0.145762866536292,0.0144989027856793,-6.35245591819219
"Mouth_Dumbfounded",1,1285,-0.0641990902868375,0.0450041643691363,-0.152407252450345,0.0240090718766697,-6.21817295650907
"Mouth_Dumbfounded",1,1288,-0.0626774174896778,0.0368980784626713,-0.134997651276514,0.00964281629715792,-6.07535907098371
"Mouth_Dumbfounded",1,1290,-0.0614332753813175,0.0389674502063648,-0.137809477785793,0.0149429270231576,-5.95843074754856
"Mouth_Dumbfounded",1,1291,-0.0630112138469025,0.0372490303976177,-0.136019313426233,0.00999688573242814,-6.10670554201947
"Mouth_Dumbfounded",1,1292,-0.0588187735504574,0.0415501816935811,-0.140257129669876,0.0226195825689616,-5.71223719605595
"Mouth_Dumbfounded",1,1295,-0.0634505363992622,0.0369912404190577,-0.135953367620615,0.00905229482209076,-6.14794592421194
"Mouth_Dumbfounded",1,1296,-0.0684007142145625,0.0395812089175065,-0.145979883692875,0.00917845526375022,-6.61138228766894
"Mouth_Dumbfounded",1,1297,-0.0679049233748814,0.0413273800502364,-0.148906588273345,0.013096741523582,-6.56506958671892
"Mouth_Dumbfounded",1,1301,-0.0639876828704414,0.0405099007545929,-0.143387088349443,0.0154117226085606,-6.19834468690112
"Mouth_Dumbfounded",1,1302,-0.06518962635009,0.041680497654367,-0.146883401752649,0.0165041490524693,-6.31102124589223
"Mouth_Dumbfounded",1,1308,-0.0614328738050542,0.0399801491665861,-0.139793966171563,0.0169282185614546,-5.958392982679
"Mouth_Dumbfounded",1,1309,-0.0643992890779959,0.0390414894233505,-0.140920608347763,0.012122030191771,-6.23694608567422
"Mouth_Dumbfounded",1,1310,-0.0614883920780827,0.0384707093407151,-0.136890982385884,0.013914198229719,-5.96361386536488
"Mouth_Dumbfounded",1,1316,-0.0619719209565437,0.0424032205205138,-0.145082233176751,0.0211383912636635,-6.00907218259683
"Mouth_Dumbfounded",1,1317,-0.0674615839946927,0.0375799339701735,-0.141118254576233,0.0061950865868473,-6.52363701891568
"Mouth_Dumbfounded",1,1318,-0.0640372080160624,0.0396925260581171,-0.141834559089972,0.0137601430578472,-6.20299011250636
"Mouth_Dumbfounded",1,1322,-0.0704624984943182,0.0443918812536232,-0.15747058575142,0.0165455887627833,-6.80373111254583
"Mouth_Dumbfounded",1,1323,-0.0618435647687458,0.0373877219930652,-0.135123499875154,0.011436370337662,-5.9970070911166
"Mouth_Dumbfounded",1,1324,-0.0676936499449639,0.0351721524657426,-0.136631068777819,0.00124376888789161,-6.54532718304717
"Mouth_Dumbfounded",1,1326,-0.0600250873862225,0.0391156993585611,-0.136691858129002,0.0166416833565572,-5.82590925299761
"Mouth_Dumbfounded",1,1327,-0.0720640251058229,0.0402235232386542,-0.150902130653585,0.00677408044193933,-6.95286796206881
"Mouth_Dumbfounded",1,1329,-0.064555672088696,0.0361788187317362,-0.135466156802899,0.0063548126255069,-6.25160788787952
"Mouth_Dumbfounded",1,1330,-0.0649151850022188,0.0337866989621988,-0.131137114968129,0.00130674496369085,-6.28530558772374
"Mouth_Dumbfounded",1,1333,-0.0625210638774023,0.0413140952286731,-0.143496690525601,0.0184545627707969,-6.06067246597082
"Mouth_Dumbfounded",1,1335,-0.0682903257473747,0.0375550203842841,-0.141898165700572,0.00531751420582208,-6.60107269228716
"Mouth_Dumbfounded",1,1338,-0.0562994934049778,0.0379822066653525,-0.130744618469069,0.018145631659113,-5.47440044435036
"Mouth_Dumbfounded",1,1341,-0.0621666749985706,0.0407898517494276,-0.142114784427449,0.0177814344303074,-6.02737551332146
"Mouth_Dumbfounded",1,1342,-0.0578605590203487,0.0397985107867519,-0.135865640162383,0.020144522121685,-5.62184599155924
"Mouth_Dumbfounded",1,1343,-0.0667990591211423,0.0360845810191265,-0.13752483791863,0.00392671967634568,-6.46168608359996
"Mouth_Dumbfounded",1,1345,-0.0669541972356925,0.0396830302923671,-0.144732936608732,0.010824542137347,-6.47619631568502
"Mouth_Dumbfounded",1,1347,-0.0657512157066868,0.0400704891380589,-0.144289374417282,0.0127869430039086,-6.3636212080191
"Mouth_Dumbfounded",1,1349,-0.0665678551308675,0.0391194892982185,-0.143242054155376,0.0101063438936407,-6.4400571519276
"Mouth_Dumbfounded",1,1351,-0.0594461684948937,0.0397100408704924,-0.137277848601059,0.0183855116112714,-5.77137430865879
"Mouth_Dumbfounded",1,1352,-0.0609243571696828,0.0407300190967882,-0.140755194599388,0.018906480260022,-5.91055909996187
"Mouth_Dumbfounded",1,1355,-0.065650998640831,0.0379569076611323,-0.14004653765665,0.00874454037498827,-6.35423677464686
"Mouth_Dumbfounded",1,1357,-0.0603345610624688,0.035227207491578,-0.129379887745962,0.00871076562102411,-5.85504914582078
"Mouth_Dumbfounded",1,1359,-0.0576786345826479,0.0433490197451339,-0.14264271328311,0.0272854441178146,-5.60467473707196
"Mouth_Dumbfounded",1,1361,-0.0667737428227752,0.0362431851785903,-0.137810385772812,0.00426290012726181,-6.4593180097608
"Mouth_Dumbfounded",1,1364,-0.0658367849644999,0.0366082845307509,-0.137589022644772,0.0059154527157719,-6.37163326065905
"Mouth_Dumbfounded",1,1366,-0.0613967071054815,0.0380843824655339,-0.136042096737928,0.0132486825269649,-5.95499174662529
"Mouth_Dumbfounded",1,1369,-0.0648363612291579,0.0424234177756757,-0.147986260069482,0.0183135376111665,-6.2779183507778
"Mouth_Dumbfounded",1,1372,-0.0657869595570257,0.0419867227869902,-0.148080936219527,0.0165070171054751,-6.36696807291364
"Mouth_Dumbfounded",1,1374,-0.0572996195859575,0.0383198281254174,-0.132406482711776,0.0178072435398606,-5.56889071226719
"Mouth_Dumbfounded",1,1376,-0.0618912868314307,0.0370102920158088,-0.134431459182416,0.0106488855195545,-6.00149300079748
"Mouth_Dumbfounded",1,1377,-0.0592013539209522,0.0375997821152342,-0.132896926866811,0.0144942190249067,-5.74830294381913
"Mouth_Dumbfounded",1,1380,-0.065232279299975,0.0339716570634318,-0.131816727144301,0.00135216854435133,-6.31501727198605
"Mouth_Dumbfounded",1,1381,-0.0654582611662891,0.0331158457434587,-0.130365318823468,-0.000551203509110046,-6.33618598726555
"Mouth_Dumbfounded",1,1384,-0.0647089498956686,0.0380517193395153,-0.139290319801119,0.00987242000978147,-6.26597633461953
"Mouth_Dumbfounded",1,1385,-0.063118025064792,0.0439664760521543,-0.149292318127014,0.0230562679974305,-6.11673386357404
"Mouth_Dumbfounded",1,1386,-0.0580630837724588,0.0403498299598091,-0.137148750493685,0.021022582948767,-5.6409579684149
"Mouth_Dumbfounded",1,1389,-0.0557848537583631,0.0443014815492648,-0.142615757594922,0.031046050078196,-5.42574130331138
"Mouth_Dumbfounded",1,1391,-0.0631022681556652,0.040583749624932,-0.142646417420532,0.0164418811092015,-6.11525454182625
"Mouth_Dumbfounded",1,1392,-0.0685507639816,0.041546431688218,-0.149981770090507,0.0128802421273073,-6.62539417673401
"Mouth_Dumbfounded",1,1395,-0.0654406679100245,0.0420585946668985,-0.147875513457145,0.0169941776370965,-6.33453812128728
"Mouth_Dumbfounded",1,1396,-0.0571246309007156,0.0401678206763858,-0.135853559426432,0.0216042976250006,-5.55236489073329
"Mouth_Dumbfounded",1,1398,-0.0697583829278048,0.040698059760287,-0.149526580057967,0.0100098142023577,-6.73808706109404
"Mouth_Dumbfounded",1,1400,-0.0610446663070343,0.0402711629610629,-0.139976145710718,0.0178868130966489,-5.92187823851887
"Mouth_Dumbfounded",1,1402,-0.0661256857434204,0.0373752687429383,-0.139381212479579,0.00712984099273856,-6.39867866183226
"Mouth_Dumbfounded",1,1407,-0.0619587989937607,0.041128346303295,-0.142570357748219,0.0186527597606976,-6.00783882904808
"Mouth_Dumbfounded",1,1411,-0.0638169898688183,0.0377409885316067,-0.137789327390767,0.0101553476531309,-6.18233203421351
"Mouth_Dumbfounded",1,1412,-0.0628978649974782,0.0423549692845229,-0.145913604795143,0.0201178748001866,-6.0960622419325
"Mouth_Dumbfounded",1,1418,-0.0638227686286375,0.0348036762518612,-0.132037974082285,0.00439243682501039,-6.18287418241702
"Mouth_Dumbfounded",1,1420,-0.064403383873344,0.0426820377836155,-0.14806017792923,0.0192534101825425,-6.23733002540513
"Mouth_Dumbfounded",1,1421,-0.0630241588752749,0.0384013383151881,-0.138290781973044,0.0122424642224937,-6.10792098551323
"Mouth_Dumbfounded",1,1422,-0.0663022389884271,0.0378522321569079,-0.140492614015966,0.00788813603911234,-6.41520282011161
"Mouth_Dumbfounded",1,1430,-0.0636170519919816,0.0353192384967129,-0.132842759445539,0.00560865546157573,-6.1635724535578
"Mouth_Dumbfounded",1,1431,-0.0571909283967027,0.0390890081919477,-0.13380538445292,0.0194235276595149,-5.55862632488193
"Mouth_Dumbfounded",1,1432,-0.0692389882111143,0.0411749705741612,-0.14994193053647,0.0114639541142416,-6.68963473439313
"Mouth_Dumbfounded",1,1434,-0.0638538670984972,0.0356646154387135,-0.133756513358376,0.00604877916138133,-6.18579170611108
"Mouth_Dumbfounded",1,1435,-0.0636982935591058,0.0396310972159145,-0.141375244102298,0.0139786569840866,-6.17119556232416
"Mouth_Dumbfounded",1,1439,-0.0658618059209956,0.0402568676101259,-0.144765266436842,0.0130416545948512,-6.3739759026423
"Mouth_Dumbfounded",1,1440,-0.0670673666132046,0.0390109034888363,-0.143528737451324,0.00939400422491446,-6.48677974745906
"Mouth_Dumbfounded",1,1442,-0.0632346585328546,0.0449452879166909,-0.151327422849569,0.0248581057838596,-6.12768315595719
"Mouth_Dumbfounded",1,1445,-0.0646868063070351,0.0399061065898526,-0.142902775223146,0.013529162609076,-6.26390070397765
"Mouth_Dumbfounded",1,1446,-0.0654387056252973,0.0372638005136384,-0.138475754632028,0.00759834338143391,-6.33435432280164
"Mouth_Dumbfounded",1,1447,-0.0628021324675893,0.039500462821961,-0.140223039598633,0.0146187746634542,-6.08707215008913
"Mouth_Dumbfounded",1,1451,-0.05712330668923,0.039794901197728,-0.135121313036777,0.0208746996583169,-5.55223982200727
"Mouth_Dumbfounded",1,1454,-0.0646922472607368,0.0377604335266724,-0.138702696973015,0.00931820245154111,-6.26441071636662
"Mouth_Dumbfounded",1,1456,-0.0620775906748491,0.0421753262456463,-0.144741230116316,0.0205860487666177,-6.0190036527255
"Mouth_Dumbfounded",1,1457,-0.0612411719856732,0.0441143791592409,-0.147705355137785,0.025223011166439,-5.9403633074107
"Mouth_Dumbfounded",1,1459,-0.0626736937257168,0.0373997136943262,-0.135977132566596,0.0106297451151626,-6.07500931713957
"Mouth_Dumbfounded",1,1461,-0.0659192692486778,0.0410607268850107,-0.146398293943299,0.0145597554459432,-6.37935581096939
"Mouth_Dumbfounded",1,1463,-0.0647989426194138,0.0337779429329583,-0.131003710768012,0.00140582552918453,-6.27441133516674
"Mouth_Dumbfounded",1,1464,-0.0653369744852972,0.0338297770945794,-0.131643337590673,0.000969388620078462,-6.3248251251882
"Mouth_Dumbfounded",1,1465,-0.0581100258796903,0.0420492012986769,-0.140526460425097,0.0243064086657164,-5.64538727672286
"Mouth_Dumbfounded",1,1467,-0.060940745196039,0.0380344444744672,-0.135488256365995,0.0136067659739167,-5.91210102756455
"Mouth_Dumbfounded",1,1469,-0.0633999256791904,0.0378829751285599,-0.137650556931168,0.010850705572787,-6.14319588397447
"Mouth_Dumbfounded",1,1471,-0.0640888296082086,0.0407018068174592,-0.143864370970429,0.0156867117540115,-6.20783193852283
"Mouth_Dumbfounded",1,1472,-0.0597337894000552,0.0439260370450528,-0.145828822008359,0.0263612432082482,-5.79847253407739
"Mouth_Dumbfounded",1,1474,-0.0667545380209408,0.0310758095801257,-0.127663124797987,-0.00584595124389451,-6.45752156224957
"Mouth_Dumbfounded",1,1481,-0.0666282151976961,0.0396200124986273,-0.144283439695006,0.0110270092996134,-6.4457042658986
"Mouth_Dumbfounded",1,1486,-0.0637924190628461,0.040194806131801,-0.142574239081176,0.0149894009554839,-6.18002683017692
"Mouth_Dumbfounded",1,1487,-0.0571584954827011,0.0392253037507807,-0.134040090834231,0.019723099868829,-5.55556326625964
"Mouth_Dumbfounded",1,1489,-0.0643471487136524,0.0382658793528532,-0.139348272245245,0.0106539748179398,-6.232057118426
"Mouth_Dumbfounded",1,1490,-0.0585113775036237,0.041720175862788,-0.140282922194688,0.0232601671874408,-5.68324905531354
"Mouth_Dumbfounded",1,1491,-0.0617831364408919,0.0402219154572771,-0.140618090737155,0.0170518178553712,-5.99132647580855
"Mouth_Dumbfounded",1,1492,-0.0664953923720848,0.0403960535178621,-0.145671657267094,0.0126808725229249,-6.43327729471667
"Mouth_Dumbfounded",1,1494,-0.066764892215928,0.0404546608734358,-0.146056027527862,0.0125262430960062,-6.4584901142966
"Mouth_Dumbfounded",1,1496,-0.0621237607183766,0.0385586638074905,-0.137698741781058,0.0134512203443049,-6.02334265925079
"Mouth_Dumbfounded",1,1498,-0.0652499975184169,0.0409070505564363,-0.145427816609032,0.0149278215721983,-6.31667718826933
"Mouth_Dumbfounded",1,1499,-0.0651493359313402,0.0388812799416454,-0.141356644616965,0.0110579727542849,-6.30724640166147
"Mouth_Dumbfounded",1,1500,-0.0647337664589502,0.0399131288461073,-0.142963498997321,0.0134959660794202,-6.2683024620861
"Mouth_Dumbfounded",1,1501,-0.0640942705393388,0.0367591159356535,-0.13614213777322,0.00795359669454211,-6.20834225386152
"Mouth_Dumbfounded",1,1502,-0.0633292197878686,0.0427887528442323,-0.147195175362564,0.0205367357868266,-6.13655942036707
"Mouth_Dumbfounded",1,1503,-0.0638039700586037,0.0416494073577435,-0.145436808479781,0.0178288683625736,-6.18111053803002
"Mouth_Dumbfounded",1,1507,-0.0597835654270277,0.0410653959071062,-0.140271741404956,0.0207046105509006,-5.80316139515198
"Mouth_Dumbfounded",1,1511,-0.0600133956499359,0.0420819404362553,-0.142493998904996,0.0224672076051244,-5.82480818792689
"Mouth_Dumbfounded",1,1512,-0.0667997634880423,0.0439374175072006,-0.152917101802155,0.0193175748260708,-6.46175196886896
"Mouth_Dumbfounded",1,1515,-0.0595871593134095,0.038249319826007,-0.134555826172383,0.0153815075455643,-5.78465874320897
"Mouth_Dumbfounded",1,1516,-0.0680040664156972,0.0449290851201657,-0.156065073251222,0.0200569404198276,-6.57433255065172
"Mouth_Dumbfounded",1,1517,-0.0623149321204435,0.0400543651954751,-0.140821487903575,0.0161916236626877,-6.0413065914464
"Mouth_Dumbfounded",1,1518,-0.0607542875724273,0.0396079055141638,-0.138385782380188,0.0168772072353339,-5.89455598585897
"Mouth_Dumbfounded",1,1519,-0.0629042994124045,0.0350188320055814,-0.131541210143344,0.00573261131853507,-6.09666645688736
"Mouth_Dumbfounded",1,1523,-0.0654835416594516,0.0380956273260854,-0.140150971218579,0.00918388789967575,-6.3385538247451
"Mouth_Dumbfounded",1,1524,-0.0613732922502712,0.04248589099492,-0.144645638600314,0.021899054099772,-5.95278967059325
"Mouth_Dumbfounded",1,1525,-0.0609418845576305,0.042626376497753,-0.144489582493226,0.0226058133779654,-5.9122082276418
"Mouth_Dumbfounded",1,1526,-0.0568397031444706,0.0448399821123492,-0.144726068084675,0.0310466617957339,-5.5254503038046
"Mouth_Dumbfounded",1,1528,-0.0601994690818475,0.0376128614222714,-0.133920677469499,0.0135217393058044,-5.84233005884042
"Mouth_Dumbfounded",1,1533,-0.0658216817848653,0.0427813939791908,-0.149673213984079,0.0180298504143487,-6.37021916393863
"Mouth_Dumbfounded",1,1537,-0.0658893304949701,0.040528171669446,-0.145324546967084,0.013545885977144,-6.37655288360319
"Mouth_Dumbfounded",1,1538,-0.0609360791256762,0.0431348025669354,-0.145480292156869,0.0236081339055172,-5.9116620057834
"Mouth_Dumbfounded",1,1539,-0.0621115336078471,0.0381534976431295,-0.136892388988381,0.0126693217726866,-6.02219358924939
"Mouth_Dumbfounded",1,1542,-0.0591632917334808,0.0392017457600187,-0.135998713423117,0.0176721299561559,-5.74471544978277
"Mouth_Dumbfounded",1,1543,-0.063870460173304,0.0401221371053493,-0.142509848899789,0.0147689285531805,-6.18734835937238
"Mouth_Dumbfounded",1,1544,-0.0617763985946379,0.0380370514333319,-0.136329019403968,0.0127762222146926,-5.99069305768586
"Mouth_Dumbfounded",1,1545,-0.0651789393779739,0.0333817031102296,-0.130607077474024,0.000249198718076146,-6.31001998903851
"Mouth_Dumbfounded",1,1546,-0.0652229030041304,0.0429884402984234,-0.14948024598904,0.0190344399807795,-6.31413884975363
"Mouth_Dumbfounded",1,1548,-0.0619914248501393,0.0420281951855591,-0.144366687413835,0.0203838377135564,-6.0109053537749
"Mouth_Dumbfounded",1,1552,-0.0605011294396853,0.040770783533767,-0.140411865165869,0.0194096062864981,-5.87072941155322
"Mouth_Dumbfounded",1,1553,-0.0629698941723672,0.0401592838548883,-0.141682090527948,0.0157423021832138,-6.10282582149758
"Mouth_Dumbfounded",1,1554,-0.0651901564752845,0.040198079287242,-0.143978391878279,0.01359807892771,-6.31107091276715
"Mouth_Dumbfounded",1,1555,-0.0604304666644951,0.0395134142918575,-0.137876758676536,0.0170158253475457,-5.86407774105684
"Mouth_Dumbfounded",1,1556,-0.0640341352699168,0.0414013717932448,-0.145180823984677,0.017112553444843,-6.20270189766295
"Mouth_Dumbfounded",1,1557,-0.0687612998577568,0.0450425253323045,-0.157044649509074,0.0195220497935601,-6.64505081189575
"Mouth_Dumbfounded",1,1558,-0.0649234048946345,0.0405055461687903,-0.144314275385464,0.0144674655961945,-6.2860759092636
"Mouth_Dumbfounded",1,1559,-0.0634206623029082,0.0367768891622253,-0.13550336506087,0.00866204045505342,-6.14514213702536
"Mouth_Dumbfounded",1,1561,-0.0632341161007269,0.0426717655071907,-0.146870776494821,0.0204025442933669,-6.12763223658282
"Mouth_Dumbfounded",1,1563,-0.0598555911658908,0.0409560498334432,-0.140129448839439,0.0204182665076578,-5.80994574772412
"Mouth_Dumbfounded",1,1565,-0.0668169197979133,0.0388507582860469,-0.142964406038565,0.00933056644273864,-6.46335672627107
"Mouth_Dumbfounded",1,1566,-0.0634401329135012,0.0369610515366604,-0.135883793925356,0.00900352809835325,-6.14696953062478
"Mouth_Dumbfounded",1,1569,-0.0665705682157358,0.0388190964286879,-0.142655997215964,0.00951486078449242,-6.44031098764849
"Mouth_Dumbfounded",1,1571,-0.0603142709026707,0.0373154840951137,-0.133452619729094,0.0128240779237522,-5.85313891034434
"Mouth_Dumbfounded",1,1572,-0.0618122299358717,0.0389993195599913,-0.138250896273455,0.0146264364017114,-5.99406147689421
"Mouth_Dumbfounded",1,1574,-0.0627550709040728,0.0363078060961632,-0.133918370852553,0.00840822904440719,-6.08265235686972
"Mouth_Dumbfounded",1,1575,-0.0591966237190455,0.0357611425805784,-0.129288463176979,0.0108952157388882,-5.74785711320758
"Mouth_Dumbfounded",1,1577,-0.0634484222073784,0.0373169348912767,-0.136589614594281,0.00969277017952395,-6.14774750275119
"Mouth_Dumbfounded",1,1580,-0.0604356773219404,0.0408447941409072,-0.140491473838119,0.0196201191942378,-5.86456824982308
"Mouth_Dumbfounded",1,1581,-0.0641126158128647,0.0405952946267568,-0.143679393281308,0.0154541616555787,-6.21006287169467
"Mouth_Dumbfounded",1,1582,-0.0651717616282059,0.032506750530934,-0.128884992668836,-0.00145853058757536,-6.30934750339276
"Mouth_Dumbfounded",1,1587,-0.068233056996376,0.0354779495863069,-0.137769838185538,0.00130372419278563,-6.59572369921201
"Mouth_Dumbfounded",1,1589,-0.0616129062460339,0.0453984605627806,-0.150593888949084,0.027368076457016,-5.97532199881221
"Mouth_Dumbfounded",1,1591,-0.0642282970681968,0.0373945279881255,-0.137521571924923,0.00906497778852924,-6.22091198182775
"Mouth_Dumbfounded",1,1592,-0.0602382320788848,0.0437003332724499,-0.145890885292887,0.025414421135117,-5.84597982158306
"Mouth_Dumbfounded",1,1595,-0.0613624861217594,0.0418208690789546,-0.14333138951651,0.0206064172729917,-5.95177337886117
"Mouth_Dumbfounded",1,1599,-0.0589676880144808,0.0392453606836739,-0.135888594954482,0.0179532189255201,-5.72627696232978
"Mouth_Dumbfounded",1,1602,-0.0619125246750522,0.0381793654593786,-0.136744080975434,0.0129190316253298,-6.00348930519111
"Mouth_Dumbfounded",1,1604,-0.0649744141585213,0.0390843616067863,-0.141579762907822,0.0116309345907799,-6.29085606563025
"Mouth_Dumbfounded",1,1606,-0.0638158790010247,0.0360022113698758,-0.134380213285981,0.00674845528393191,-6.18222781512982
"Mouth_Dumbfounded",1,1609,-0.063583493266622,0.0422836208130508,-0.146459390060202,0.0192924035269575,-6.16042336981772
"Mouth_Dumbfounded",1,1610,-0.0630796033027267,0.0409007843551424,-0.143245140638806,0.0170859340333524,-6.11312663376301
"Mouth_Dumbfounded",1,1611,-0.0602062037507528,0.0359784372525147,-0.130723940765682,0.010311533264176,-5.84296417743707
"Mouth_Dumbfounded",1,1613,-0.0621920105649539,0.0428996117742563,-0.146275249642496,0.0218912285125884,-6.02975633282752
"Mouth_Dumbfounded",1,1615,-0.0639442221143627,0.0418926668164349,-0.146053849074575,0.0181654048458497,-6.19426790745046
"Mouth_Dumbfounded",1,1617,-0.0633236268679723,0.0386345924648843,-0.139047428099146,0.012400174363201,-6.13603444819466
"Mouth_Dumbfounded",1,1619,-0.0631140929436993,0.0371092155737008,-0.135848155468153,0.00961996958075426,-6.11636470247722
"Mouth_Dumbfounded",1,1621,-0.0651612810821522,0.0412054117343651,-0.145923888081508,0.0156013259172035,-6.30836556904887
"Mouth_Dumbfounded",1,1622,-0.0618068895677704,0.0418486452767965,-0.143830234310292,0.0202164551747508,-5.99355944923828
"Mouth_Dumbfounded",1,1623,-0.0607544359514971,0.040359938401156,-0.139859915217763,0.0183510433147685,-5.8945699491362
"Mouth_Dumbfounded",1,1624,-0.0651191743884882,0.0426781891705338,-0.148768425162735,0.0185300763857581,-6.30442044104145
"Mouth_Dumbfounded",1,1625,-0.0631306528181322,0.0376267399870982,-0.136879063192845,0.0106177575565802,-6.1179193908163
"Mouth_Dumbfounded",1,1627,-0.068966538359886,0.0419610207314608,-0.151210138993549,0.0132770622737773,-6.66420887578003
"Mouth_Dumbfounded",1,1628,-0.0634124989530488,0.0399204390817326,-0.141656559553245,0.0148315616471472,-6.14437596385736
"Mouth_Dumbfounded",1,1630,-0.0640516419768243,0.0426275892175011,-0.147601716843126,0.0194984328894779,-6.2043439650959
"Mouth_Dumbfounded",1,1634,-0.0608777860366547,0.0369137010723825,-0.133228640138524,0.0114730680652149,-5.90617714605768
"Mouth_Dumbfounded",1,1638,-0.0643745680193607,0.0363562877926726,-0.135632892092999,0.0068837560542776,-6.23462813506961
"Mouth_Dumbfounded",1,1640,-0.0624396472475427,0.0399259576785954,-0.14069452429759,0.0158152298025043,-6.05302393115699
"Mouth_Dumbfounded",1,1641,-0.0676610403236402,0.0408364612095035,-0.147700504294267,0.0123784236469866,-6.54227961186589
"Mouth_Dumbfounded",1,1643,-0.0640219033976271,0.0400199713357495,-0.142461047215696,0.0144172404204419,-6.2015545740745
"Mouth_Dumbfounded",1,1647,-0.0684273449651393,0.0411384670851154,-0.149058740451966,0.0122040505216869,-6.6138692635388
"Mouth_Dumbfounded",1,1649,-0.0634811696885136,0.0397719738028742,-0.141434238342147,0.01447189896512,-6.15082087729641
"Mouth_Dumbfounded",1,1650,-0.0603438753935498,0.0363473440144413,-0.131584669661855,0.0108969188747551,-5.8559260389788
"Mouth_Dumbfounded",1,1655,-0.0547506930683281,0.040791027171492,-0.134701106324452,0.0251997201877962,-5.32788573220688
"Mouth_Dumbfounded",1,1656,-0.0626790206265144,0.0376961982668446,-0.13656356922953,0.0112055279765011,-6.07550964491474
"Mouth_Dumbfounded",1,1657,-0.0666664410882547,0.037939435178498,-0.141027734038111,0.00769485186160132,-6.44928039381785
"Mouth_Dumbfounded",1,1658,-0.0706846185638135,0.0403486131134785,-0.149767900266231,0.00839866313860427,-6.82442957541072
"Mouth_Dumbfounded",1,1660,-0.0670905968297947,0.0314831086407954,-0.128797489765754,-0.00538370389383572,-6.48895205458788
"Mouth_Dumbfounded",1,1661,-0.0658097239668455,0.0413802082926708,-0.14691493222048,0.0152954842867893,-6.3690995493641
"Mouth_Dumbfounded",1,1662,-0.0633577955031992,0.0377223458906978,-0.137293593448967,0.0105780024425686,-6.13924159700228
"Mouth_Dumbfounded",1,1666,-0.065017512084783,0.0373948561126321,-0.138311430065542,0.00827640589597581,-6.29489464837768
"Mouth_Dumbfounded",1,1667,-0.0633957011769987,0.0419717369989065,-0.145660305694855,0.0188689033408581,-6.14279938486229
"Mouth_Dumbfounded",1,1670,-0.0675830192066051,0.0393288224711294,-0.144667511250019,0.00950147283680845,-6.5349876516659
"Mouth_Dumbfounded",1,1671,-0.0660504165996135,0.0344363848230469,-0.133545730852785,0.00144489765355835,-6.39163310536276
"Mouth_Dumbfounded",1,1674,-0.0661345179895535,0.0366015081964087,-0.137873474054514,0.0056044380754075,-6.39950536808985
"Mouth_Dumbfounded",1,1676,-0.0592600641310104,0.0403992094712126,-0.138442514694587,0.0199223864325662,-5.75383631831726
"Mouth_Dumbfounded",1,1677,-0.0684948333050337,0.0404653659677619,-0.147806950601847,0.0108172839917795,-6.62017152580436
"Mouth_Dumbfounded",1,1679,-0.0661780393711411,0.0396973339150547,-0.143984813844648,0.0116287351023662,-6.40357890228995
"Mouth_Dumbfounded",1,1683,-0.0619010782607774,0.0413515092202201,-0.142950036332409,0.0191478798108539,-6.00241337603156
"Mouth_Dumbfounded",1,1684,-0.069906862709896,0.0348827603480109,-0.138277072991997,-0.00153665242779466,-6.75193354161798
"Mouth_Dumbfounded",1,1685,-0.0605405203816911,0.0451567610755869,-0.149047772089841,0.0279667313264591,-5.87443717916531
"Mouth_Dumbfounded",1,1687,-0.0653791882733045,0.0397551451437716,-0.143299272755097,0.0125408962084879,-6.32877942569833
"Mouth_Dumbfounded",1,1691,-0.0649888535385075,0.0378706960756298,-0.139215417846742,0.00923771076972682,-6.29220915779877
"Mouth_Dumbfounded",1,1692,-0.0584713425703532,0.0407471380344348,-0.138335733117845,0.021393047977139,-5.67947301489693
"Mouth_Dumbfounded",1,1694,-0.0691731698319028,0.0336466803894772,-0.135120663395278,-0.00322567626852752,-6.68349299527028
"Mouth_Dumbfounded",1,1696,-0.0631950138552413,0.0401277426530227,-0.141845389455166,0.0154553617446833,-6.12396154444854
"Mouth_Dumbfounded",1,1697,-0.0644244773354941,0.0378168493012328,-0.13854550196591,0.00969654729492213,-6.23930778387637
"Mouth_Dumbfounded",1,1700,-0.0663767161503161,0.0365444189882867,-0.138003777367358,0.00525034506672584,-6.42217249065767
"Mouth_Dumbfounded",1,1702,-0.0626512419000032,0.0375033312550787,-0.136157771159957,0.0108552873599509,-6.07290050594537
"Mouth_Dumbfounded",1,1703,-0.0645993208459797,0.0408628014928932,-0.14469041177205,0.0154917700800909,-6.25569979938847
"Mouth_Dumbfounded",1,1704,-0.0666393998164227,0.0409307757643711,-0.14686372031459,0.0135849206817446,-6.44675062917501
"Mouth_Dumbfounded",1,1705,-0.062960566914707,0.0377082501239036,-0.136868737157558,0.0109476033281442,-6.10195001427603
"Mouth_Dumbfounded",1,1706,-0.059670474535079,0.0421910447855014,-0.142364922314662,0.0230239732445038,-5.79250798826512
"Mouth_Dumbfounded",1,1709,-0.0640323577493829,0.039005256405882,-0.140482660304912,0.0124179448061457,-6.20253517089137
"Mouth_Dumbfounded",1,1711,-0.0600969554754004,0.0393804396463893,-0.137282617182323,0.0170887062315226,-5.83267712174984
"Mouth_Dumbfounded",1,1713,-0.0618121080463508,0.0363509294148592,-0.133059929699475,0.00943571360677336,-5.9940500185547
"Mouth_Dumbfounded",1,1714,-0.0652693288620065,0.0384761123783486,-0.14068250912357,0.0101438513995567,-6.31848819526657
"Mouth_Dumbfounded",1,1715,-0.0671301883738279,0.0441181603777965,-0.153601782714309,0.0193414059666532,-6.49265422807234
"Mouth_Dumbfounded",1,1716,-0.0559475143957678,0.0417391194646076,-0.137756188546399,0.025861159754863,-5.4411235614352
"Mouth_Dumbfounded",1,1717,-0.0595305985207564,0.0398934125663761,-0.137721687150854,0.0186604901093407,-5.77932969812133
"Mouth_Dumbfounded",1,1718,-0.0665711294765086,0.0378474998699498,-0.14075222922161,0.00760997026859299,-6.44036349901711
"Mouth_Dumbfounded",1,1720,-0.0621209329235665,0.0372340309781478,-0.135099633640736,0.0108577677936033,-6.02307691217114
"Mouth_Dumbfounded",1,1723,-0.0614697473619031,0.0388384071604576,-0.1375930253964,0.0146535306725938,-5.96186056729002
"Mouth_Dumbfounded",1,1724,-0.0650493524414091,0.0368663923643921,-0.137307481475618,0.00720877659279942,-6.29787820485075
"Mouth_Dumbfounded",1,1725,-0.0582377611682878,0.0400559520304546,-0.136747427147979,0.0202719048114032,-5.65743892068308
"Mouth_Dumbfounded",1,1726,-0.0672597031962468,0.037502868532447,-0.140765325519843,0.00624591912734941,-6.50476403113842
"Mouth_Dumbfounded",1,1734,-0.0596757255022846,0.037516812034866,-0.133208677090622,0.0138572260860527,-5.79300266741742
"Mouth_Dumbfounded",1,1735,-0.0672786574743367,0.039729941738475,-0.145149343281748,0.0105920283330743,-6.5065361490464
"Mouth_Dumbfounded",1,1736,-0.0596611896095138,0.0389007091032908,-0.135906579451964,0.0165842002329361,-5.79163327465329
"Mouth_Dumbfounded",1,1745,-0.0575146031548076,0.0408891123726569,-0.137657263405215,0.0226280570956,-5.58918966710329
"Mouth_Dumbfounded",1,1746,-0.0647900485342616,0.0433821869583958,-0.149819134972717,0.0202390379041942,-6.27357772809314
"Mouth_Dumbfounded",1,1748,-0.0662480904410689,0.0396688242287428,-0.143998985929405,0.011502805047267,-6.41013520208867
"Mouth_Dumbfounded",1,1749,-0.0595183187887469,0.040162553952805,-0.138236924536245,0.0192002869587509,-5.77817268643638
"Mouth_Dumbfounded",1,1751,-0.057838501615416,0.039205597161393,-0.134681472051746,0.0190044688209143,-5.61976423144044
"Mouth_Dumbfounded",1,1753,-0.0615109838132772,0.038930540271461,-0.137814842745341,0.0147928751187863,-5.96573828650182
"Mouth_Dumbfounded",1,1754,-0.0620653166333345,0.0414814990044754,-0.143369054682106,0.0192384214154373,-6.0178501189955
"Mouth_Dumbfounded",1,1755,-0.0635225095550191,0.0393755878735917,-0.140698661787259,0.0136536426772206,-6.15470050964071
"Mouth_Dumbfounded",1,1756,-0.0610685750559237,0.0427737797427249,-0.144905183351664,0.0227680332398171,-5.92412750181941
"Mouth_Dumbfounded",1,1758,-0.063115730731389,0.0413235646990886,-0.144109917541603,0.0178784560788248,-6.11651846381346
"Mouth_Dumbfounded",1,1759,-0.0658458805852444,0.0405152628548044,-0.145255795780661,0.0135640346101722,-6.3724848649009
"Mouth_Dumbfounded",1,1761,-0.0640465245675511,0.0376990540140279,-0.137936670435046,0.0098436212999436,-6.20386397310777
"Mouth_Dumbfounded",1,1762,-0.0631880594297178,0.0400099995616947,-0.141607658570639,0.0152315397112038,-6.12330868826054
"Mouth_Dumbfounded",1,1763,-0.0676350085134991,0.0397216681156577,-0.145489478020188,0.0102194609931901,-6.53984670656619
"Mouth_Dumbfounded",1,1764,-0.0584811064182295,0.0410697734650217,-0.138977862409672,0.022015649573213,-5.68039394167812
"Mouth_Dumbfounded",1,1767,-0.0694103137564163,0.0419702337368118,-0.151671971880567,0.0128513443677348,-6.70561981423924
"Mouth_Dumbfounded",1,1769,-0.0577288602254086,0.0421598632777096,-0.140362192249719,0.0249044717989022,-5.60941568389735
"Mouth_Dumbfounded",1,1770,-0.0629783667946686,0.0390355358325235,-0.139488017026415,0.0135312834370774,-6.10362137341937
"Mouth_Dumbfounded",1,1771,-0.0573931356335122,0.0428811247813364,-0.141440140204932,0.0266538689379072,-5.57772112347498
"Mouth_Dumbfounded",1,1773,-0.0650459570243198,0.0395897485763183,-0.142641864233904,0.012549950185264,-6.29756004652497
"Mouth_Dumbfounded",1,1774,-0.0669416282015156,0.0413158993085395,-0.147920790846253,0.0140375344432218,-6.47502080441267
"Mouth_Dumbfounded",1,1776,-0.0592725985387269,0.0388160728936246,-0.135352101410231,0.0168069043327772,-5.75501763075502
"Mouth_Dumbfounded",1,1777,-0.0633804304426144,0.0398523383125155,-0.141491013535145,0.014730152649916,-6.14136610553805
"Mouth_Dumbfounded",1,1779,-0.0654463375516802,0.041677434347139,-0.147134108872073,0.0162414337687123,-6.33506916938622
"Mouth_Dumbfounded",1,1780,-0.0611595738234807,0.037097178702881,-0.133870044081127,0.011550896434166,-5.93268790077481
"Mouth_Dumbfounded",1,1785,-0.0678284394305281,0.03380154865171,-0.13407947478788,-0.00157740407317654,-6.55792304140603
"Mouth_Dumbfounded",1,1787,-0.0671631450317526,0.039465400116082,-0.144515329259273,0.0101890391957682,-6.49573586689985
"Mouth_Dumbfounded",1,1788,-0.059024749065962,0.0411428069692819,-0.139664650725755,0.0216151525938306,-5.73165616662037
"Mouth_Dumbfounded",1,1789,-0.0585166349418827,0.040615780988047,-0.138123565678455,0.0210902957946894,-5.68374491850494
"Mouth_Dumbfounded",1,1790,-0.0611821213939733,0.037206506997689,-0.134106875109444,0.011742632321497,-5.93480886621403
"Mouth_Dumbfounded",1,1793,-0.0609550654283678,0.0368775382619485,-0.133235040421787,0.0113249095650512,-5.91344837848996
"Mouth_Dumbfounded",1,1795,-0.0655123704577049,0.039290058681751,-0.142520885473937,0.011496144558527,-6.34125393276038
"Mouth_Dumbfounded",1,1796,-0.0624154780171336,0.04023413263795,-0.141274377987516,0.0164434219532485,-6.05075327760628
"Mouth_Dumbfounded",1,1797,-0.0684897115857672,0.0364350461571513,-0.139902402053784,0.00292297888224934,-6.61969325931299
"Mouth_Dumbfounded",1,1799,-0.0583418550440513,0.0411806969069835,-0.139056020981739,0.0223723108936365,-5.66725889240695
"Mouth_Dumbfounded",1,1800,-0.0656848501248217,0.0387259769503111,-0.141587764947432,0.010218064697788,-6.35740676904668
"Mouth_Dumbfounded",1,1802,-0.0625906679556341,0.0393487863416606,-0.139714289185289,0.0145329532740207,-6.0672107987236
"Mouth_Dumbfounded",1,1803,-0.067460789102142,0.0383446118353473,-0.142616228299423,0.00769465009513863,-6.52356271522155
"Mouth_Dumbfounded",1,1805,-0.0618423070487817,0.0383918306532133,-0.13709029512908,0.0134056810315164,-5.99688886160138
"Mouth_Dumbfounded",1,1807,-0.060598806692174,0.0411564693943551,-0.14126548670511,0.0200678733207619,-5.87992325106127
"Mouth_Dumbfounded",1,1808,-0.0613563456979807,0.0382601023140362,-0.136346146233492,0.0136334548375302,-5.95119588112105
"Mouth_Dumbfounded",1,1809,-0.0624001814764768,0.042890000917355,-0.146464583274493,0.0216642203215389,-6.04931616814274
"Mouth_Dumbfounded",1,1812,-0.062933103538467,0.0399590434044673,-0.141252828611223,0.015386621534289,-6.09937122139005
"Mouth_Dumbfounded",1,1813,-0.0670876157424115,0.0342155380035797,-0.134150070229428,-2.51612553951869e-05,-6.48867328956715
"Mouth_Dumbfounded",1,1814,-0.0628213777633637,0.036384676295202,-0.13413534330196,0.00849258777523211,-6.08887951477096
"Mouth_Dumbfounded",1,1816,-0.062600072020391,0.0385386805917829,-0.138135885980285,0.0129357419395036,-6.06809414460251
"Mouth_Dumbfounded",1,1817,-0.0611037785881475,0.0390387832876679,-0.137619793831977,0.0154122366556815,-5.92743924653549
"Mouth_Dumbfounded",1,1818,-0.0625792577397477,0.0369731672989821,-0.135046665645753,0.00988815016625723,-6.06613899920527
"Mouth_Dumbfounded",1,1821,-0.0593896288200266,0.0414108561671289,-0.140554906907599,0.0217756492675461,-5.76604650218422
"Mouth_Dumbfounded",1,1822,-0.0605351494656312,0.0441532012925682,-0.147075423999065,0.0260051250678026,-5.8739316373107
"Mouth_Dumbfounded",1,1823,-0.0574970510989948,0.0457276459318593,-0.147123237125439,0.0321291349274494,-5.58753254874811
"Mouth_Dumbfounded",1,1826,-0.0628398641427163,0.0384553189506406,-0.138212289285972,0.0125325610005392,-6.09061557532288
"Mouth_Dumbfounded",1,1827,-0.0614908309811821,0.0423288898566228,-0.144455455100163,0.0214737931377985,-5.96384321071881
"Mouth_Dumbfounded",1,1829,-0.0603364490390627,0.0382512360504973,-0.135308871698037,0.0146359736199119,-5.85522688911664
"Mouth_Dumbfounded",1,1832,-0.0603487908241752,0.0419321792176769,-0.142535862090822,0.0218382804424716,-5.85638879650582
"Mouth_Dumbfounded",1,1834,-0.0636425346412781,0.0387032431437603,-0.139500891203048,0.012215821920492,-6.1659636238654
"Mouth_Dumbfounded",1,1835,-0.0614058867230676,0.0393460796708349,-0.138524202877904,0.0157124294317689,-5.95585503987458
"Mouth_Dumbfounded",1,1837,-0.0587458579229505,0.0406616113131939,-0.138442616096811,0.0209509002509094,-5.70536189400944
"Mouth_Dumbfounded",1,1838,-0.0627797395650202,0.040791048703571,-0.142730195024019,0.0171707158939789,-6.08496914349969
"Mouth_Dumbfounded",1,1840,-0.0661920028181082,0.0403319527772304,-0.14524263026148,0.0128586246252635,-6.40488582182769
"Mouth_Dumbfounded",1,1843,-0.0609683173958503,0.0417385020029808,-0.142775781321693,0.0208391465299921,-5.91469520215114
"Mouth_Dumbfounded",1,1844,-0.0662879758667471,0.0390611315289985,-0.142847793663584,0.0102718419300899,-6.41386799924271
"Mouth_Dumbfounded",1,1845,-0.0614547573620799,0.0411782722261025,-0.142164170925241,0.019254656201081,-5.96045092503131
"Mouth_Dumbfounded",1,1846,-0.0640088219427992,0.0413596586571414,-0.145073752910796,0.0170561090251979,-6.20032754592209
"Mouth_Dumbfounded",1,1847,-0.059672718643026,0.0383867905695556,-0.134910828159355,0.0155653908733029,-5.7927193998094
"Mouth_Dumbfounded",1,1848,-0.0646353867190042,0.035193188761845,-0.13361403669222,0.004343263254212,-6.2590807084482
"Mouth_Dumbfounded",1,1849,-0.0628962939402371,0.038759886136026,-0.138865670766848,0.0130730828863738,-6.09591471335522
"Mouth_Dumbfounded",1,1853,-0.0621568877860345,0.0419160377440484,-0.144312321764369,0.0199985461923003,-6.02645577877223
"Mouth_Dumbfounded",1,1854,-0.061764681876348,0.0443313388168797,-0.148654105957432,0.0251247422047362,-5.9895915706669
"Mouth_Dumbfounded",1,1855,-0.0596975933786367,0.0376375853674932,-0.133467260698923,0.0140720739416501,-5.79506275186167
"Mouth_Dumbfounded",1,1856,-0.058926581188004,0.0441524786587755,-0.145465439359204,0.0276122769831959,-5.72240158910394
"Mouth_Dumbfounded",1,1857,-0.0587339013363112,0.0389423838363984,-0.135060973655652,0.0175931709830297,-5.70423444525909
"Mouth_Dumbfounded",1,1859,-0.0602077002075918,0.0413304455153347,-0.141215373417648,0.0207999730024641,-5.84310507927184
"Mouth_Dumbfounded",1,1861,-0.0594486924113684,0.0386181806193282,-0.135140326425252,0.0162429416025148,-5.77161213353944
"Mouth_Dumbfounded",1,1862,-0.0620171767783051,0.0364337941740864,-0.133427413359514,0.00939305980290432,-6.01332572302387
"Mouth_Dumbfounded",1,1863,-0.0649419425916273,0.0415913446275856,-0.146460978061695,0.0165770928784404,-6.28781313349027
"Mouth_Dumbfounded",1,1864,-0.0575249368862087,0.0370596021052549,-0.130161757012508,0.0151118832400909,-5.59016527801777
"Mouth_Dumbfounded",1,1866,-0.0684763152518971,0.0370609525166365,-0.141115782184505,0.00416315168071033,-6.61844229716787
"Mouth_Dumbfounded",1,1867,-0.0624872392308921,0.0438064778143205,-0.14834793574696,0.023373457285176,-6.05749494768466
"Mouth_Dumbfounded",1,1868,-0.0619163596457253,0.0366017752327018,-0.133655839101821,0.00982311981037019,-6.00384977836179
"Mouth_Dumbfounded",1,1871,-0.0653145054490259,0.0410597890350637,-0.145791691957751,0.0151626810596989,-6.32272031063974
"Mouth_Dumbfounded",1,1872,-0.0693189700687335,0.0422187340257682,-0.152067688759239,0.0134297486217722,-6.6970975722924
"Mouth_Dumbfounded",1,1874,-0.0570002791882693,0.0404767799925493,-0.136334767973666,0.0223342095971274,-5.54061943530232
"Mouth_Dumbfounded",1,1876,-0.0630403431052022,0.0417317876752383,-0.144834646948669,0.0187539607382649,-6.10944054421187
"Mouth_Dumbfounded",1,1877,-0.0633075421276616,0.0364329346641558,-0.134716094069407,0.00810100981408388,-6.13452465854196
"Mouth_Dumbfounded",1,1878,-0.0603975894514639,0.0365785792318217,-0.132091604745834,0.0112964258429067,-5.86098276341
"Mouth_Dumbfounded",1,1879,-0.0656757044035373,0.0400334124831345,-0.144141192870481,0.0127897840634064,-6.3565503360723
"Mouth_Dumbfounded",1,1880,-0.0564485447540253,0.0435936197305408,-0.141892039425885,0.0289949499178347,-5.48848856253106
"Mouth_Dumbfounded",1,1881,-0.0641473932133449,0.0360899092607501,-0.134883615364415,0.00658882893772522,-6.21332458518191
"Mouth_Dumbfounded",1,1882,-0.0624114705579274,0.0363842576134505,-0.13372461548029,0.00890167436443558,-6.05037677907819
"Mouth_Dumbfounded",1,1883,-0.06157042815077,0.0408640422502392,-0.141663950961239,0.0185230946596988,-5.97132792475318
"Mouth_Dumbfounded",1,1886,-0.0631334114022762,0.0345188129966462,-0.130790284875703,0.00452346207115036,-6.11817837207805
"Mouth_Dumbfounded",1,1887,-0.0674851453062092,0.0404889781118567,-0.146843542405448,0.0118732517930299,-6.5258394186775
"Mouth_Dumbfounded",1,1888,-0.0589825119232685,0.0411687306884008,-0.139673224072534,0.021708200225997,-5.72767445704297
"Mouth_Dumbfounded",1,1890,-0.0605726682806728,0.0421221561146417,-0.14313209426537,0.0219867577040249,-5.8774630696122
"Mouth_Dumbfounded",1,1891,-0.060013579469401,0.0318989173579157,-0.122535457490916,0.00250829855211373,-5.82482549915868
"Mouth_Dumbfounded",1,1892,-0.0622462230838987,0.0411279793789789,-0.142857062666697,0.0183646164988998,-6.03485055835593
"Mouth_Dumbfounded",1,1894,-0.0626324212206791,0.0411176726214918,-0.143223059558803,0.0179582171174448,-6.0711327174905
"Mouth_Dumbfounded",1,1895,-0.0647362453946981,0.0423414099840519,-0.14772540896344,0.0182529181740435,-6.26853481665384
"Mouth_Dumbfounded",1,1898,-0.0580629157459394,0.0383428934450263,-0.133214986898191,0.0170891554063121,-5.64094211359215
"Mouth_Dumbfounded",1,1899,-0.0603947537402265,0.0400177626250853,-0.138829568485394,0.0180400610049408,-5.86071581196244
"Mouth_Dumbfounded",1,1900,-0.062103998753036,0.0395012635345498,-0.139526475280754,0.0153184777746816,-6.02148547745486
"Mouth_Dumbfounded",1,1901,-0.0652350051704559,0.0400784282482035,-0.143788724536935,0.013318714196023,-6.31527264476691
"Mouth_Dumbfounded",1,1902,-0.0627947633801956,0.0392094843514306,-0.139645352708999,0.0140558259486084,-6.0863800949665
"Mouth_Dumbfounded",1,1903,-0.065671376139152,0.0382182440925802,-0.140579134560609,0.00923638228230521,-6.35614502158704
"Mouth_Dumbfounded",1,1905,-0.0600522433110118,0.0411194530944063,-0.140646371376048,0.0205418847540246,-5.82846660279927
"Mouth_Dumbfounded",1,1906,-0.0669287300706583,0.0333489586396419,-0.132292689004356,-0.00156477113696009,-6.47381449921305
"Mouth_Dumbfounded",1,1907,-0.057037225166189,0.041624757683615,-0.138621750226075,0.0245472998936964,-5.544109265023
"Mouth_Dumbfounded",1,1908,-0.0684365748717259,0.0378371226017044,-0.142597335171066,0.00572418542761469,-6.61473120482415
"Mouth_Dumbfounded",1,1909,-0.0661910143312537,0.0376329026834822,-0.139951503590879,0.00756947492837151,-6.40479330424195
"Mouth_Dumbfounded",1,1911,-0.0578151024563203,0.0402505081444213,-0.136706098419386,0.0210758935067454,-5.61755578745045
"Mouth_Dumbfounded",1,1912,-0.0669700133362107,0.0450289096581502,-0.155226676266185,0.0212866495937638,-6.47767548586756
"Mouth_Dumbfounded",1,1914,-0.0593279502444035,0.0396073507879011,-0.13695835778869,0.0183024572998826,-5.76023410690886
"Mouth_Dumbfounded",1,1915,-0.0670753815556955,0.0413321089938814,-0.148086315183703,0.013935552072312,-6.48752924753793
"Mouth_Dumbfounded",1,1916,-0.0667350284656233,0.0408033390150356,-0.146709572935093,0.0132395160038465,-6.45569657228964
"Mouth_Dumbfounded",1,1917,-0.0672395774969548,0.0367158659165199,-0.139202674693334,0.00472351969942422,-6.50288235519912
"Mouth_Dumbfounded",1,1918,-0.0593151213236632,0.0432181718548955,-0.144022738159258,0.025392495511932,-5.75902510466656
"Mouth_Dumbfounded",1,1919,-0.0628959828789906,0.0423309592247218,-0.145864662959445,0.0200726972014641,-6.09588550342887
"Mouth_Dumbfounded",1,1922,-0.0603469787248152,0.0368664747630217,-0.132605269260338,0.0119113118107074,-5.85621819877363
"Mouth_Dumbfounded",1,1923,-0.0607343926462804,0.03988038712146,-0.138899951404342,0.0174311661117812,-5.89268374637633
"Mouth_Dumbfounded",1,1924,-0.065284357653316,0.0376339451633812,-0.139046890173543,0.00847817486691126,-6.31989610457742
"Mouth_Dumbfounded",1,1925,-0.0635712507439647,0.0309598951156699,-0.124252645170678,-0.00288985631725174,-6.15927452964233
"Mouth_Dumbfounded",1,1926,-0.0651420963161422,0.0385666896949614,-0.140732808118266,0.010448615485982,-6.30656809972326
"Mouth_Dumbfounded",1,1927,-0.0645654207738007,0.0416789024250711,-0.14625606952694,0.0171252279793386,-6.25252180697852
"Mouth_Dumbfounded",1,1930,-0.0653028507347461,0.0400559535447056,-0.143812519682369,0.0132068182128769,-6.32162852234822
"Mouth_Dumbfounded",1,1934,-0.0590331033436571,0.0358712957116981,-0.129340842938585,0.0112746362512712,-5.73244370725294
"Mouth_Dumbfounded",1,1935,-0.0579950199500001,0.0431335403431878,-0.142536759022648,0.0265467191226481,-5.63453531275792
"Mouth_Dumbfounded",1,1936,-0.0622894876373338,0.0366402609433604,-0.13410439908632,0.0095254238116527,-6.03891583064325
"Mouth_Dumbfounded",1,1940,-0.0573784450893008,0.0375258889202654,-0.130929187373021,0.0161722971944194,-5.57633399862382
"Mouth_Dumbfounded",1,1942,-0.0671808158541367,0.0413893211090895,-0.148303885227952,0.0139422535196786,-6.49738814954487
"Mouth_Dumbfounded",1,1944,-0.0585847634583284,0.0410232385249847,-0.138990310967298,0.0218207840506417,-5.69017032616113
"Mouth_Dumbfounded",1,1946,-0.0660333402437695,0.0418839431478626,-0.14812586881358,0.0160591883260412,-6.39003460193143
"Mouth_Dumbfounded",1,1949,-0.0602346387470102,0.0400188837948695,-0.138671650984954,0.0182023734909339,-5.84564149433336
"Mouth_Dumbfounded",1,1951,-0.0630328399303823,0.0425327409374333,-0.146397012167751,0.020331332306987,-6.10873606428741
"Mouth_Dumbfounded",1,1952,-0.0654731128837304,0.0412390286735749,-0.146301609083937,0.0153553833164765,-6.33757704543592
"Mouth_Dumbfounded",1,1955,-0.0625653778866762,0.0427499853316097,-0.146355349136631,0.0212245933632788,-6.06483520196791
"Mouth_Dumbfounded",1,1956,-0.063842886554568,0.0372220298406248,-0.136798065042193,0.0091122919330566,-6.18476156942
"Mouth_Dumbfounded",1,1958,-0.0598726066337787,0.0398806698442082,-0.138038719528427,0.0182935062608693,-5.81154842193246
"Mouth_Dumbfounded",1,1959,-0.0581206510372685,0.0421896613943239,-0.140812387370143,0.0245710852956063,-5.64638980402525
"Mouth_Dumbfounded",1,1960,-0.0659106661701098,0.0422291709294813,-0.148679841191893,0.0168585088516735,-6.37855038174726
"Mouth_Dumbfounded",1,1963,-0.0649071627322012,0.0416047257396841,-0.146452425181982,0.0166380997175796,-6.28455378012496
"Mouth_Dumbfounded",1,1964,-0.0593572373394907,0.0382332269066961,-0.134294362076615,0.0155798873976336,-5.76299407547763
"Mouth_Dumbfounded",1,1965,-0.0612519728786262,0.0437431369091165,-0.146988521220494,0.0244845754632421,-5.94137922999137
"Mouth_Dumbfounded",1,1967,-0.0626208958829475,0.0396814843877731,-0.140396605282983,0.0151548135170877,-6.07005014933386
"Mouth_Dumbfounded",1,1970,-0.0609192179216039,0.0368698866552679,-0.133184195765929,0.0113457599227211,-5.91007554974092
"Mouth_Dumbfounded",1,1971,-0.0628033298136654,0.0420827672837512,-0.145285553689818,0.019678894062487,-6.08718459629747
"Mouth_Dumbfounded",1,1973,-0.0581152554501001,0.0378044027633967,-0.132211884866358,0.0159813739661575,-5.64588070952335
"Mouth_Dumbfounded",1,1974,-0.0595804433716338,0.0383818939206792,-0.134808955456165,0.0156480687128973,-5.78402599633797
"Mouth_Dumbfounded",1,1978,-0.0618885270985598,0.0332235393804926,-0.127006664284325,0.00322961008720579,-6.00123358966994
"Mouth_Dumbfounded",1,1979,-0.0598064137135243,0.0393667562310879,-0.136965255926456,0.0173524284994079,-5.80531360692023
"Mouth_Dumbfounded",1,1980,-0.0604557372567352,0.0429312077676679,-0.144600904481364,0.0236894299678939,-5.86645658150591
"Mouth_Dumbfounded",1,1981,-0.0647274857755383,0.034482344156052,-0.1323128803214,0.00285790877032371,-6.26771376111948
"Mouth_Dumbfounded",1,1982,-0.0647863790406758,0.0403810181275422,-0.143933174570658,0.0143604164893068,-6.27323379895677
"Mouth_Dumbfounded",1,1983,-0.0651715571843568,0.0362609866603853,-0.136243091038712,0.00589997666999839,-6.30932834891318
"Mouth_Dumbfounded",1,1984,-0.0630532024964089,0.0411467170296673,-0.143700767874557,0.0175943628817391,-6.1106479118835
"Mouth_Dumbfounded",1,1985,-0.0591778909874257,0.0392151701159126,-0.136039624414614,0.0176838424397629,-5.74609149657291
"Mouth_Dumbfounded",1,1991,-0.0660383056123197,0.0411310249804587,-0.146655114574019,0.0145785033493794,-6.39049940875562
"Mouth_Dumbfounded",1,1998,-0.0612943230516505,0.0336046540616451,-0.127159445012475,0.00457079890917393,-5.94536254450778
"Mouth_Dumbfounded",1,2005,-0.0604248559589735,0.0358149642685334,-0.130622185925299,0.00977247400735197,-5.86354957063634
"Mouth_Dumbfounded",1,2007,-0.0588251416119342,0.0431239126490253,-0.143348010404024,0.0256977271801554,-5.7128376244142
"Mouth_Dumbfounded",1,2008,-0.0675144524956971,0.0356988724417674,-0.137484242481561,0.00245533749016692,-6.52857884347127
"Mouth_Dumbfounded",1,2011,-0.0646338776712354,0.0375297787432784,-0.138192244008061,0.00892448866559019,-6.25893924881636
"Mouth_Dumbfounded",1,2012,-0.0587089352532144,0.0381036839855874,-0.133392155864966,0.0159742853585368,-5.70188021995282
"Mouth_Dumbfounded",1,2015,-0.0651064519849333,0.0405856173810206,-0.144654262051734,0.0144413580818671,-6.30322840048418
"Mouth_Dumbfounded",1,2016,-0.0615910449511936,0.0406870187964394,-0.141337601792215,0.0181555118898276,-5.97326647513604
"Mouth_Dumbfounded",1,2017,-0.0694748678093358,0.0382879928808749,-0.144519333855851,0.00556959823717904,-6.71164215020964
"Mouth_Dumbfounded",1,2018,-0.062671845926379,0.0442885502274838,-0.149477404372247,0.0241337125194893,-6.07483576244363
"Mouth_Dumbfounded",1,2021,-0.0654306222197305,0.0358979068048977,-0.13579051955733,0.00492927511786902,-6.33359718233983
"Mouth_Dumbfounded",1,2023,-0.0664085919589252,0.0418077154789709,-0.148351714297708,0.0155345303798577,-6.42515531203725
"Mouth_Dumbfounded",1,2026,-0.0609746884566085,0.0391459131975773,-0.13770067832386,0.0157513014106429,-5.91529462343497
"Mouth_Dumbfounded",1,2029,-0.0646552085125828,0.0405394914700152,-0.144112611793813,0.014802194768647,-6.26093880318481
"Mouth_Dumbfounded",1,2031,-0.0647819254313346,0.0379544957434542,-0.139172737088505,0.0096088862258357,-6.27281637562578
"Mouth_Dumbfounded",1,2032,-0.0607052897241309,0.0436323350331737,-0.146224666389151,0.0248140869408896,-5.8899449086238
"Mouth_Dumbfounded",1,2034,-0.0630202497437049,0.0371663455046058,-0.135866286932732,0.00982578744532257,-6.10755394830558
"Mouth_Dumbfounded",1,2036,-0.0627484978757046,0.040415127408613,-0.141962147596586,0.0164651518451769,-6.08203503345057
"Mouth_Dumbfounded",1,2040,-0.062536145811237,0.034236443696059,-0.129639575455513,0.0045672838330386,-6.06208924200928
"Mouth_Dumbfounded",1,2041,-0.0633207706491749,0.0409175559156092,-0.143519180243769,0.0168776389454192,-6.13576635178897
"Mouth_Dumbfounded",1,2042,-0.0595686001432984,0.0405002659589175,-0.138949121422777,0.01981192113618,-5.78291016843752
"Mouth_Dumbfounded",1,2043,-0.0635035872894122,0.0398509526474869,-0.141611454478486,0.014604279899662,-6.15292472715694
"Mouth_Dumbfounded",1,2047,-0.0575364817030027,0.0416754059721342,-0.139220277408386,0.0241473140023803,-5.5912552159716
"Mouth_Dumbfounded",1,2050,-0.064106892621926,0.0410604364696758,-0.144585348102491,0.0163715628586387,-6.20952609244031
"Mouth_Dumbfounded",1,2052,-0.0593953460587711,0.0396456723281158,-0.137100863821878,0.0183101717043358,-5.76658525865411
"Mouth_Dumbfounded",1,2053,-0.0656116327915787,0.0376517616764175,-0.139409085677357,0.0081858200941996,-6.35055025708765
"Mouth_Dumbfounded",1,2055,-0.0591528304617706,0.0425633557274442,-0.142577007687561,0.0242713467640199,-5.74372941448339
"Mouth_Dumbfounded",1,2056,-0.0627038035024747,0.0367273481967081,-0.134689405968023,0.00928179896307314,-6.07783733506531
"Mouth_Dumbfounded",1,2060,-0.0615562875098791,0.0422351291871003,-0.144337140716596,0.0212245656968374,-5.96999828966699
"Mouth_Dumbfounded",1,2064,-0.0614270176328018,0.0392315957742223,-0.138320945350277,0.0154669100846738,-5.95784225721684
"Mouth_Dumbfounded",1,2067,-0.061406473538837,0.0419398880089756,-0.143608654036429,0.0207957069587552,-5.95591022644568
"Mouth_Dumbfounded",1,2069,-0.0633986477224395,0.0393643262606755,-0.140552727193363,0.0137554317484845,-6.1430759389614
"Mouth_Dumbfounded",1,2070,-0.0635940214063155,0.0376190727861088,-0.137327404067089,0.0101393612544578,-6.1614113207886
"Mouth_Dumbfounded",1,2071,-0.0629633963177183,0.0410980322925503,-0.143515539611117,0.0175887469756803,-6.10221568932556
"Mouth_Dumbfounded",1,2072,-0.064391301366977,0.0408964267405339,-0.144548297778423,0.0157656950444694,-6.23619713050408
"Mouth_Dumbfounded",1,2075,-0.0612651575777775,0.0396450135170666,-0.138969384071228,0.016439068915673,-5.94261935643344
"Mouth_Dumbfounded",1,2077,-0.059024058904812,0.0430049613261364,-0.143313783104039,0.0252656652944153,-5.73159110624933
"Mouth_Dumbfounded",1,2078,-0.0631005095355475,0.036356255141098,-0.1343587696121,0.00815775054100452,-6.11508943407898
"Mouth_Dumbfounded",1,2080,-0.0621626880890361,0.0430324565008346,-0.146506302830672,0.0221809266525997,-6.02700085222204
"Mouth_Dumbfounded",1,2083,-0.0657256556355721,0.0396702510605745,-0.143479347714298,0.0120280364431539,-6.36122782493086
"Mouth_Dumbfounded",1,2085,-0.0587380134151836,0.0376324431341252,-0.132497601958069,0.0150215751277017,-5.70462219608716
"Mouth_Dumbfounded",1,2088,-0.0607969906820332,0.0393052615154755,-0.137835303252365,0.0162413218882988,-5.89857449514719
"Mouth_Dumbfounded",1,2089,-0.0585849940160898,0.0378392138588683,-0.132749853179472,0.0155798651472922,-5.69019207002183
"Mouth_Dumbfounded",1,2091,-0.0662732572114486,0.0423838345737844,-0.149345572976066,0.0167990585531689,-6.41249052708782
"Mouth_Dumbfounded",1,2093,-0.0616247480514854,0.0407516875465041,-0.141498055642633,0.0182485595396626,-5.97643541416429
"Mouth_Dumbfounded",1,2094,-0.060704144038193,0.0430058286578921,-0.144995568207662,0.0235872801312755,-5.88983708799531
"Mouth_Dumbfounded",1,2097,-0.0598434897839632,0.0427979423152218,-0.143727456721798,0.0240404771538716,-5.80880591100704
"Mouth_Dumbfounded",1,2098,-0.0622259648741974,0.0415915415148005,-0.143745386243206,0.0192934564948115,-6.03294697337238
"Mouth_Dumbfounded",1,2099,-0.0631434871972706,0.0377579476306237,-0.137149064553293,0.0108620901587518,-6.11912430130098
"Mouth_Dumbfounded",1,2105,-0.0639366309541427,0.0393193585448561,-0.141002573702061,0.0131293117937753,-6.19355581040577
"Mouth_Dumbfounded",1,2106,-0.0589044625264757,0.0393288085558456,-0.135988927295933,0.0181800022429817,-5.72031627175287
"Mouth_Dumbfounded",1,2108,-0.0648050244960829,0.0418734941944791,-0.146877073117262,0.0172670241250962,-6.27498136090433
"Mouth_Dumbfounded",1,2110,-0.06886182719155,0.0383104506366177,-0.143950310439321,0.00622665605622073,-6.65443506433918
"Mouth_Dumbfounded",1,2113,-0.064211477300252,0.0374406900165592,-0.137595229732708,0.0091722751322041,-6.21933462606388
"Mouth_Dumbfounded",1,2114,-0.0597834459181534,0.0379726832811747,-0.134209905149256,0.0146430133129489,-5.80315013779317
"Mouth_Dumbfounded",1,2115,-0.0686515288839312,0.0445512929693955,-0.155972063103946,0.0186690053360839,-6.63480258574334
"Mouth_Dumbfounded",1,2116,-0.064419238971268,0.0423031445669902,-0.147333402322569,0.0184949243800327,-6.23881662993404
"Mouth_Dumbfounded",1,2117,-0.0625552680025852,0.0408326030259026,-0.142587169933354,0.0174766339281839,-6.06388552353917
"Mouth_Dumbfounded",1,2118,-0.0627695304848184,0.041661759980236,-0.144426580046081,0.0188875190764443,-6.08401035252334
"Mouth_Dumbfounded",1,2123,-0.0544627552843214,0.0415106829654269,-0.135823693896558,0.0268981833279153,-5.30062212849494
"Mouth_Dumbfounded",1,2124,-0.0638824707022125,0.0392694412370815,-0.140850575526892,0.0130856341224673,-6.18847509217054
"Mouth_Dumbfounded",1,2130,-0.0630411715904563,0.0401969515766702,-0.14182719668073,0.0157448534998173,-6.10951833112365
"Mouth_Dumbfounded",1,2131,-0.0625512336542821,0.0384142993677921,-0.137843260415155,0.0127407931065904,-6.06350655177068
"Mouth_Dumbfounded",1,2134,-0.0622456038795456,0.0406792442045909,-0.141976922520544,0.0174857147614526,-6.03479237470834
"Mouth_Dumbfounded",1,2135,-0.0619023970157265,0.0388519957157966,-0.138052308618688,0.0142475145872349,-6.00253733573238
"Mouth_Dumbfounded",1,2137,-0.0656860343155402,0.0393573688896033,-0.142826477339163,0.0114544087080823,-6.35751765967077
"Mouth_Dumbfounded",1,2138,-0.0617974874992957,0.0377554132182341,-0.135798097407035,0.0122031224084431,-5.99267559009212
"Mouth_Dumbfounded",1,2139,-0.0657647619605336,0.0375154932867247,-0.139295128802514,0.00776560488144679,-6.36488962158436
"Mouth_Dumbfounded",1,2140,-0.0703271328537186,0.0376933087750733,-0.144206018052862,0.00355175234542515,-6.79111468601032
"Mouth_Dumbfounded",1,2142,-0.0664293457714685,0.0388133907131426,-0.142503591569228,0.00964490002629091,-6.4270973266705
"Mouth_Dumbfounded",1,2143,-0.0602085925027108,0.0430163605172029,-0.144520659116428,0.0241034741110069,-5.84318909497211
"Mouth_Dumbfounded",1,2144,-0.0623184028144093,0.0387050322545325,-0.138180266033293,0.0135434604044744,-6.04163269275077
"Mouth_Dumbfounded",1,2148,-0.0632561067887739,0.03819281934503,-0.138114032705033,0.0116018191274849,-6.12969653184082
"Mouth_Dumbfounded",1,2149,-0.0618256176340789,0.0390268672522505,-0.13831827744849,0.0146670421803321,-5.99531999160452
"Mouth_Dumbfounded",1,2150,-0.061312337271422,0.0394222839216118,-0.138580013757781,0.0159553392149371,-5.9470568501566
"Mouth_Dumbfounded",1,2151,-0.0651801730084745,0.0417529593775478,-0.147015973388468,0.0166556273715192,-6.31013556778416
"Mouth_Dumbfounded",1,2154,-0.0654171784804067,0.041586058460535,-0.146925853063055,0.0160914961022418,-6.33233794717256
"Mouth_Dumbfounded",1,2155,-0.0706844447819612,0.0361914809503021,-0.141619747444553,0.00025085788063102,-6.82441338318609
"Mouth_Dumbfounded",1,2158,-0.0673153537175658,0.0390472306704622,-0.143847925831672,0.00921721839654015,-6.50996694498716
"Mouth_Dumbfounded",1,2160,-0.0617562620153966,0.0373941158423014,-0.135048729066307,0.0115362050355142,-5.98880001276753
"Mouth_Dumbfounded",1,2162,-0.0606666692385375,0.0406740444911298,-0.140387796441152,0.0190544579640769,-5.8863102624115
"Mouth_Dumbfounded",1,2164,-0.057950535195023,0.0384709908341246,-0.133353677229907,0.0174526068398611,-5.63033739481202
"Mouth_Dumbfounded",1,2167,-0.0612175311144187,0.0413114434299668,-0.142187960237154,0.0197528980083161,-5.93813962936467
"Mouth_Dumbfounded",1,2168,-0.0628751525642851,0.0415770337883093,-0.144366138789371,0.0186158336608011,-6.09392943079903
"Mouth_Dumbfounded",1,2171,-0.0612835462490413,0.041586794571668,-0.142793663609511,0.020226571111428,-5.94434893078369
"Mouth_Dumbfounded",1,2173,-0.0605858607067522,0.0341266507055214,-0.127474096089574,0.00630237467606978,-5.87870476603255
"Mouth_Dumbfounded",1,2174,-0.0556289411746619,0.0426851009156267,-0.13929173896929,0.0280338566199664,-5.41099483673638
"Mouth_Dumbfounded",1,2175,-0.0632343843843775,0.0379096548884067,-0.137537307965655,0.0110685391968997,-6.12765742100096
"Mouth_Dumbfounded",1,2177,-0.0680589684422204,0.0418703797813198,-0.150124912813607,0.0140069759291663,-6.5794616683232
"Mouth_Dumbfounded",1,2179,-0.0581566090665976,0.0415281953968163,-0.139551872044358,0.0232386539111624,-5.64978251291006
"Mouth_Dumbfounded",1,2181,-0.0635869094785065,0.0409740769643226,-0.143896100328579,0.0167222813715658,-6.16074394514706
"Mouth_Dumbfounded",1,2185,-0.0623749728542531,0.0392761877027278,-0.139356300751599,0.0146063550430933,-6.04694777099447
"Mouth_Dumbfounded",1,2186,-0.0629254322007164,0.0412815755720346,-0.143837320321904,0.0179864559204713,-6.09865087518869
"Mouth_Dumbfounded",1,2187,-0.0602850386709209,0.0403737169207382,-0.139417523835568,0.018847446493726,-5.85038674725671
"Mouth_Dumbfounded",1,2188,-0.0674426516627658,0.031438936759596,-0.129062967711574,-0.00582233561395778,-6.5218672766318
"Mouth_Dumbfounded",1,2190,-0.0598596591898999,0.0397365481926402,-0.137743293647475,0.018023975267675,-5.81032891434687
"Mouth_Dumbfounded",1,2192,-0.0624107245572877,0.0404422246150861,-0.141677484802856,0.016856035688281,-6.05030669257301
"Mouth_Dumbfounded",1,2196,-0.0607634360154267,0.0399382220707964,-0.139042351274188,0.0175154792433343,-5.89541690021146
"Mouth_Dumbfounded",1,2197,-0.0625244287987341,0.040253133248728,-0.141420569966241,0.0163717123687728,-6.06098856388612
"Mouth_Dumbfounded",1,2202,-0.0597345956546243,0.0365351071747843,-0.131343405717201,0.0118742144079529,-5.79854848445871
"Mouth_Dumbfounded",1,2204,-0.0617706436321679,0.0346852196012466,-0.129753674050611,0.00621238678627543,-5.99015203609579
"Mouth_Dumbfounded",1,2206,-0.0656588898649575,0.0419473776932927,-0.147875750143811,0.0165579704138961,-6.35497575143725
"Mouth_Dumbfounded",1,2209,-0.067888887022488,0.0404512645174152,-0.147173365476622,0.0113955914316459,-6.56357121923482
"Mouth_Dumbfounded",1,2213,-0.0635421096452014,0.0407150047060037,-0.143343518868969,0.0162592995785659,-6.15653986794805
"Mouth_Dumbfounded",1,2214,-0.0647374991068728,0.0423345463565569,-0.147713209965724,0.0182382117519788,-6.26865232885924
"Mouth_Dumbfounded",1,2215,-0.0661892464626095,0.0391409057275539,-0.142905421688615,0.0105269287633962,-6.40462784006453
"Mouth_Dumbfounded",1,2217,-0.0606235132066947,0.0426621016325294,-0.144241232406452,0.0229942059930629,-5.88224860137838
"Mouth_Dumbfounded",1,2219,-0.0647718488468116,0.0421183458970467,-0.147323806805023,0.0177801091113999,-6.27187192097946
"Mouth_Dumbfounded",1,2221,-0.0632871106628384,0.0382162360368863,-0.138190933295136,0.0116167119694586,-6.13260682979246
"Mouth_Dumbfounded",1,2223,-0.063417431871104,0.0387126501642449,-0.139294226193024,0.012459362450816,-6.14483894481782
"Mouth_Dumbfounded",1,2224,-0.0605996413802895,0.0413792021375273,-0.141702877569843,0.0205035948092641,-5.88000181193797
"Mouth_Dumbfounded",1,2226,-0.062755928432874,0.0366604118568632,-0.134610335672326,0.00909847880657778,-6.08273289366573
"Mouth_Dumbfounded",1,2228,-0.0585617255304382,0.0407951435279231,-0.138520206845167,0.0213967557842911,-5.68799759807828
"Mouth_Dumbfounded",1,2230,-0.0652850126880592,0.0395977746824051,-0.142896651065573,0.0123266256894548,-6.31995746828012
"Mouth_Dumbfounded",1,2231,-0.0586326886684688,0.0366081112174653,-0.130384586654701,0.0131192093177631,-5.69469003626165
"Mouth_Dumbfounded",1,2233,-0.0552471838670723,0.0422576715192744,-0.13807222004485,0.0275778523107055,-5.37487789928391
"Mouth_Dumbfounded",1,2234,-0.0644523711198391,0.0358224426370123,-0.134664358688383,0.00575961644870507,-6.24192308792956
"Mouth_Dumbfounded",1,2237,-0.0641848301498379,0.0413072085567838,-0.145146958921134,0.0167772986214584,-6.21683560527198
"Mouth_Dumbfounded",1,2241,-0.0695193880458536,0.0431200970541654,-0.154034778272018,0.0149960021803106,-6.71579527751569
"Mouth_Dumbfounded",1,2242,-0.0612712915066517,0.0383585806259323,-0.136454109533479,0.0139115265201757,-5.94319629594695
"Mouth_Dumbfounded",1,2243,-0.066491771640666,0.0421283170026018,-0.149063272965766,0.0160797296844336,-6.4329385141307
"Mouth_Dumbfounded",1,2247,-0.0579372682077134,0.0387624119020877,-0.133911595535805,0.0180370591203784,-5.62908538539065
"Mouth_Dumbfounded",1,2248,-0.0614152078882682,0.040504501333037,-0.140804030501021,0.0179736147244843,-5.95673163680045
"Mouth_Dumbfounded",1,2251,-0.0606831041896053,0.0373085194532278,-0.133807802317932,0.0124415939387212,-5.8878570035868
"Mouth_Dumbfounded",1,2252,-0.0628341947761864,0.0414762857087645,-0.144127714765365,0.018459325212992,-6.09008316709278
"Mouth_Dumbfounded",1,2253,-0.0628928029128354,0.0417176990113961,-0.144659492975172,0.0188738871495011,-6.09558689104813
"Mouth_Dumbfounded",1,2254,-0.0626107214346171,0.0374037905783998,-0.135922150968281,0.0107007080990466,-6.06909445905063
"Mouth_Dumbfounded",1,2255,-0.0636875377247007,0.0437483247198144,-0.149434254175537,0.0220591787261355,-6.17018634981376
"Mouth_Dumbfounded",1,2258,-0.062035250582615,0.0443206339267741,-0.148903693079092,0.0248331919138623,-6.01502440443162
"Mouth_Dumbfounded",1,2261,-0.0676906319756626,0.0373542369566314,-0.14090493641066,0.00552367245933497,-6.54504513928794
"Mouth_Dumbfounded",1,2262,-0.0625951845060817,0.0394900349257414,-0.139995652960535,0.0148052839483713,-6.06763504994663
"Mouth_Dumbfounded",1,2263,-0.0663755336042605,0.0360976656144558,-0.137126958208594,0.00437589100007296,-6.42206183050142
"Mouth_Dumbfounded",1,2267,-0.0619738368757359,0.0407978219493341,-0.141937567896431,0.0179898941449589,-6.00925226144682
"Mouth_Dumbfounded",1,2268,-0.0588956170644174,0.039172537745522,-0.13567379104564,0.0178825569168056,-5.71948232069924
"Mouth_Dumbfounded",1,2270,-0.0572808355504597,0.0366235675980648,-0.129063028042667,0.0145013569417472,-5.5671168982986
"Mouth_Dumbfounded",1,2274,-0.0611399299237828,0.0388992656723226,-0.137382490641535,0.0151026307939696,-5.93084003378148
"Mouth_Dumbfounded",1,2275,-0.0656395350865519,0.0373406846758254,-0.13882727705117,0.00754820687806582,-6.35316325520396
"Mouth_Dumbfounded",1,2276,-0.0643030416801136,0.0389444548622692,-0.140634173210161,0.012028089849934,-6.22792120141362
"Mouth_Dumbfounded",1,2278,-0.060569838361555,0.0400517722820648,-0.139071312034402,0.017931635311292,-5.87719671006864
"Mouth_Dumbfounded",1,2280,-0.0658363400167101,0.0402965473953818,-0.144817572911659,0.0131448928782383,-6.37159160091494
"Mouth_Dumbfounded",1,2284,-0.0668886387269156,0.0389123979842589,-0.143156938776063,0.00937966132223175,-6.47006483359713
"Mouth_Dumbfounded",1,2285,-0.065935961345425,0.042521210486542,-0.149277533899047,0.0174056112081974,-6.38091852277721
"Mouth_Dumbfounded",1,2287,-0.060043772861679,0.0388206741159415,-0.136132294128924,0.0160447484055663,-5.82766892421869
"Mouth_Dumbfounded",1,2288,-0.0604757107015723,0.0421203927359628,-0.143031680464059,0.0220802590609148,-5.86833673386607
"Mouth_Dumbfounded",1,2289,-0.0616031349894828,0.0396177499754971,-0.139253924941457,0.0160476549624916,-5.97440325507269
"Mouth_Dumbfounded",1,2294,-0.063791708446292,0.0426459248126322,-0.147377721079051,0.0197943041864672,-6.1799601601272
"Mouth_Dumbfounded",1,2295,-0.0613430555970893,0.0377355951548396,-0.135304822100575,0.0126187109063964,-5.94994595471978
"Mouth_Dumbfounded",1,2296,-0.0604482380339553,0.0409663942047188,-0.140742370675204,0.0198458946072935,-5.86575065044579
"Mouth_Dumbfounded",1,2298,-0.059295554062639,0.0421702244900273,-0.141949194063092,0.0233580859378144,-5.7571810488701
"Mouth_Dumbfounded",1,2299,-0.0619723503222934,0.0411639343294178,-0.142653661607952,0.0187089609633654,-6.00911253907336
"Mouth_Dumbfounded",1,2300,-0.060946176806858,0.0416570369249408,-0.142593969179742,0.020701615566026,-5.91261207502665
"Mouth_Dumbfounded",1,2302,-0.0599189478897784,0.0422953854014974,-0.142817903276713,0.0229800074971564,-5.81591313194539
"Mouth_Dumbfounded",1,2303,-0.0585619071305296,0.0416377293487143,-0.14017185665401,0.0230480423929504,-5.68801472514498
"Mouth_Dumbfounded",1,2304,-0.0580661767698933,0.0409252013108218,-0.138279571339104,0.0221472177993174,-5.64124982023847
"Mouth_Dumbfounded",1,2307,-0.0623877288788919,0.0356255871508998,-0.132213879694655,0.00743842193687166,-6.04814623079979
"Mouth_Dumbfounded",1,2308,-0.0624784698743346,0.0390760436300872,-0.139067515389305,0.0141105756406363,-6.05667112874978
"Mouth_Dumbfounded",1,2309,-0.0624551564104007,0.0408064959881767,-0.142435888547227,0.0175255757264257,-6.05448095881019
"Mouth_Dumbfounded",1,2312,-0.068448020566682,0.0398337601341051,-0.146522190429528,0.00962614929616394,-6.61580005800728
"Mouth_Dumbfounded",1,2313,-0.0665753136725473,0.0354936017451927,-0.136142773093125,0.00299214574803035,-6.44075497005855
"Mouth_Dumbfounded",1,2314,-0.0581420302304794,0.0392072884703298,-0.134988315632326,0.018704255171367,-5.64840698652483
"Mouth_Dumbfounded",1,2315,-0.0645337614224209,0.0387444879756676,-0.140472957854729,0.0114054350098876,-6.24955377564271
"Mouth_Dumbfounded",1,2316,-0.0601956120821873,0.0349528574432267,-0.128703212670912,0.0083119885065371,-5.84196689203907
"Mouth_Dumbfounded",1,2317,-0.0634775431982659,0.038502805697292,-0.138943042364958,0.0119879559684265,-6.15048053354645
"Mouth_Dumbfounded",1,2318,-0.0638242191729019,0.0358827632970431,-0.134154435235106,0.00650599688930255,-6.18301026821207
"Mouth_Dumbfounded",1,2320,-0.0591612491496555,0.0409156461636117,-0.139355915630334,0.0210334173310235,-5.74452292526648
"Mouth_Dumbfounded",1,2323,-0.059519406486504,0.0382866066549514,-0.134561155530209,0.0155223425572008,-5.77827517125089
"Mouth_Dumbfounded",1,2326,-0.0597646701198074,0.0448278670432477,-0.147627289524573,0.0280979492849582,-5.80138150013157
"Mouth_Dumbfounded",1,2327,-0.064908059359261,0.0431811263819564,-0.149543067067895,0.0197269483493735,-6.28463780789228
"Mouth_Dumbfounded",1,2330,-0.0601222337198655,0.0430769146230716,-0.144552986381086,0.0243085189413548,-5.83505747627246
"Mouth_Dumbfounded",1,2332,-0.0606363510964448,0.0393577202026542,-0.137777482693647,0.0165047805007576,-5.88345686693855
"Mouth_Dumbfounded",1,2333,-0.0646223433722508,0.0379925473019235,-0.139087736084021,0.00984304933951932,-6.25785800515883
"Mouth_Dumbfounded",1,2334,-0.0653726576172503,0.0401544237415526,-0.144075328150693,0.0133300129161928,-6.32816768917707
"Mouth_Dumbfounded",1,2335,-0.0659169556514049,0.0456785159848721,-0.155446846981754,0.0236129356789445,-6.37913921025174
"Mouth_Dumbfounded",1,2336,-0.0655714718728274,0.0407441800525542,-0.145430064775834,0.0142871210301787,-6.34678913362083
"Mouth_Dumbfounded",1,2339,-0.065537321883541,0.0392505781157464,-0.142468454990404,0.0113938112233219,-6.34359082286228
"Mouth_Dumbfounded",1,2340,-0.0641594435296934,0.039498806399765,-0.141577104073233,0.0132582170138461,-6.21445473748057
"Mouth_Dumbfounded",1,2344,-0.0629325372015032,0.0349436615520016,-0.131422113843426,0.00555703944041992,-6.09931804197799
"Mouth_Dumbfounded",1,2346,-0.0639176000855555,0.0383974570019703,-0.139176615809417,0.0113414156383064,-6.19177057530654
"Mouth_Dumbfounded",1,2347,-0.0643207852330014,0.0387217842423019,-0.140215482347913,0.0115739118819103,-6.22958503649197
"Mouth_Dumbfounded",1,2348,-0.058190387212663,0.044023829215374,-0.144477092474796,0.0280963180494701,-5.65296943451319
"Mouth_Dumbfounded",1,2349,-0.0623510816588329,0.0361215991613489,-0.133149416015077,0.00844725269741099,-6.04470309344943
"Mouth_Dumbfounded",1,2350,-0.0681704639172734,0.0422336189493057,-0.150948357057913,0.0146074292233657,-6.58987705497917
"Mouth_Dumbfounded",1,2351,-0.0607936635753792,0.0404142160829636,-0.140005527097988,0.0184181999472295,-5.89826140914741
"Mouth_Dumbfounded",1,2353,-0.0650863404793612,0.0432876758729292,-0.149930185190302,0.01975750423158,-6.30134399839106
"Mouth_Dumbfounded",1,2354,-0.059139462329416,0.0431202284644119,-0.143655110119663,0.0253761854608313,-5.7424693757608
"Mouth_Dumbfounded",1,2356,-0.0665167203583987,0.0423314834239268,-0.149486427869295,0.0164529871524977,-6.43527286321716
"Mouth_Dumbfounded",1,2357,-0.0600886781104639,0.0392349929281603,-0.136989264249658,0.0168119080287303,-5.83189766122735
"Mouth_Dumbfounded",1,2362,-0.0608028591568118,0.0388222302217174,-0.136894430391378,0.0152887120777543,-5.89912672536902
"Mouth_Dumbfounded",1,2363,-0.0664166241472882,0.0366578850841726,-0.138266078912267,0.00543283061769004,-6.42590691979729
"Mouth_Dumbfounded",1,2365,-0.0625060021699292,0.0428801275478926,-0.146551052163799,0.0215390478239403,-6.05925756864394
"Mouth_Dumbfounded",1,2366,-0.0634349914161893,0.0399736766902471,-0.141783397729074,0.014913414896695,-6.14648698428041
"Mouth_Dumbfounded",1,2367,-0.0614963800661396,0.0413952201737608,-0.142631011606711,0.0196382514744316,-5.96436502389411
"Mouth_Dumbfounded",1,2368,-0.0642381060673406,0.039672205711212,-0.141995629261316,0.0135194171266349,-6.22183185631029
"Mouth_Dumbfounded",1,2369,-0.0653107420861991,0.044246091734498,-0.152033081885815,0.0214115977134171,-6.32236776838426
"Mouth_Dumbfounded",1,2371,-0.0575214106086248,0.0353581448868669,-0.126823374586884,0.0117805533696343,-5.58983236214692
"Mouth_Dumbfounded",1,2373,-0.065222122246434,0.0423547209421144,-0.148237375292978,0.0177931308001102,-6.31406570376795
"Mouth_Dumbfounded",1,2375,-0.0687772649081751,0.0394033492615369,-0.146007829460787,0.00845329964443726,-6.6465412164691
"Mouth_Dumbfounded",1,2377,-0.0605711404780464,0.0401895338999982,-0.139342626922043,0.01820034596595,-5.87731926884323
"Mouth_Dumbfounded",1,2379,-0.064329104099086,0.0395159192289161,-0.141780305787762,0.0131220975895895,-6.23036509677213
"Mouth_Dumbfounded",1,2380,-0.0642463146473571,0.0410073160885938,-0.144620654181001,0.0161280248862868,-6.22260163874789
"Mouth_Dumbfounded",1,2383,-0.0592155559187788,0.0405708432963008,-0.138734408779528,0.0203032969419709,-5.74964149671079
"Mouth_Dumbfounded",1,2384,-0.0611264573570168,0.0441862944333927,-0.147731594446466,0.025478679732433,-5.92957267220593
"Mouth_Dumbfounded",1,2385,-0.0567210559954597,0.039647965395619,-0.134431068170873,0.0209889561799535,-5.51424050283675
"Mouth_Dumbfounded",1,2390,-0.0620025377419551,0.0406636444612614,-0.141703280886027,0.0176982054021172,-6.01194983861193
"Mouth_Dumbfounded",1,2393,-0.0557386654010246,0.0389886340973286,-0.132156388231789,0.0206790574297394,-5.42137297277345
"Mouth_Dumbfounded",1,2395,-0.0617818335133952,0.0389593115659891,-0.138142084182734,0.0145784171559434,-5.99120398924308
"Mouth_Dumbfounded",1,2396,-0.0594589838219638,0.0399123448796443,-0.137687179786067,0.0187692121421389,-5.77258187157872
"Mouth_Dumbfounded",1,2398,-0.0612739869359839,0.0365812583143231,-0.132973253232057,0.0104252793600893,-5.94344981907287
"Mouth_Dumbfounded",1,2399,-0.0605674062378605,0.0415985741471905,-0.142100611566354,0.0209657990906328,-5.87696779149018
"Mouth_Dumbfounded",1,2400,-0.0695058620228682,0.0363304480451633,-0.140713540191388,0.00170181614565189,-6.71453350468507
"Mouth_Dumbfounded",1,2403,-0.0596655143439679,0.0422492205516043,-0.142473986625112,0.0231429579371766,-5.79204069994173
"Mouth_Dumbfounded",1,2406,-0.059480295827166,0.0426228164360982,-0.143021016041918,0.0240604243875864,-5.77459002540509
"Mouth_Dumbfounded",1,2407,-0.0667177470737847,0.0363760318523901,-0.138014769504469,0.00457927535689996,-6.45407998255941
"Mouth_Dumbfounded",1,2410,-0.0614888571194457,0.0407737192241048,-0.141405346798691,0.0184276325597996,-5.9636575961639
"Mouth_Dumbfounded",1,2412,-0.0598919549160184,0.0431168579402216,-0.144400996478853,0.0246170866468159,-5.8133707890474
"Mouth_Dumbfounded",1,2413,-0.0614771040316848,0.0390035772519151,-0.137924115445438,0.0149699073820687,-5.96255237228402
"Mouth_Dumbfounded",1,2414,-0.0649406273668124,0.0381745112905886,-0.139762669496366,0.00988141476274124,-6.28768988081561
"Mouth_Dumbfounded",1,2415,-0.0593550924721386,0.043069760381246,-0.143771822819381,0.0250616378751035,-5.7627919493835
"Mouth_Dumbfounded",1,2416,-0.0605923005901288,0.0395894893941484,-0.13818769980266,0.0170030986224021,-5.8793108942454
"Mouth_Dumbfounded",1,2418,-0.0578572157431479,0.0401643440632276,-0.136579330107074,0.0208648986207783,-5.62153045870123
"Mouth_Dumbfounded",1,2419,-0.0659802445880986,0.0371337937223646,-0.138762480283933,0.00680199110773605,-6.38506418748874
"Mouth_Dumbfounded",1,2422,-0.0678154245338423,0.0400924566830284,-0.146396639632578,0.0107657905648933,-6.55670689451432
"Mouth_Dumbfounded",1,2423,-0.0603036741093046,0.0414777006099382,-0.141599967304784,0.0209926190861744,-5.85214125022532
"Mouth_Dumbfounded",1,2424,-0.0591224507194472,0.0366469537353179,-0.13095048004067,0.0127055786017758,-5.74086588977428
"Mouth_Dumbfounded",1,2425,-0.0623685329701006,0.0394024670840407,-0.13959736845482,0.0148603025146192,-6.04634272227412
"Mouth_Dumbfounded",1,2426,-0.0679743045525288,0.0426917269713316,-0.151650089416339,0.0157014803112812,-6.5715519873435
"Mouth_Dumbfounded",1,2427,-0.0630317646755259,0.0385535266133815,-0.138596676837754,0.0125331474867019,-6.10863510719563
"Mouth_Dumbfounded",1,2428,-0.0620459920438158,0.0413726835157841,-0.143136451734753,0.0190444676471211,-6.01603393497852
"Mouth_Dumbfounded",1,2435,-0.0630700647582328,0.0380931600207328,-0.137732658398869,0.0115925288824035,-6.11223108537291
"Mouth_Dumbfounded",1,2436,-0.0612873616668886,0.0422475948929423,-0.144092647657056,0.0215179243232783,-5.94470779170883
"Mouth_Dumbfounded",1,2438,-0.061078688883216,0.0405382894057754,-0.140533736118536,0.0183763583521038,-5.92507896413476
"Mouth_Dumbfounded",1,2440,-0.0578100975075277,0.0393643636235229,-0.134964250209632,0.0193440551945771,-5.61708340696812
"Mouth_Dumbfounded",1,2442,-0.0711018461397303,0.0361345414850515,-0.141925547450431,-0.000278144829029311,-6.86329688397334
"Mouth_Dumbfounded",1,2444,-0.062930496337232,0.039089335255235,-0.139545593437492,0.0136846007630286,-6.09912640323558
"Mouth_Dumbfounded",1,2445,-0.0674407591938548,0.036806306024079,-0.13958111900105,0.0046996006133401,-6.52169037200436
"Mouth_Dumbfounded",1,2447,-0.0673651693896887,0.0339561928959769,-0.133919307465804,-0.000811031313573962,-6.51462409782003
"Mouth_Dumbfounded",1,2448,-0.0643475127587624,0.0385360422723442,-0.139878155612557,0.0111831300950323,-6.23209125418087
"Mouth_Dumbfounded",1,2449,-0.0581772490261172,0.0394547593678271,-0.135508577387058,0.0191540793348238,-5.65172987748284
"Mouth_Dumbfounded",1,2451,-0.0604339372374233,0.0427446582235133,-0.144213467355509,0.0233455928806626,-5.86440444607327
"Mouth_Dumbfounded",1,2452,-0.0589860003076549,0.0429445732552584,-0.143157363887961,0.0251853632726515,-5.72800331457788
"Mouth_Dumbfounded",1,2456,-0.0690495160499577,0.0414830061961561,-0.150356208194424,0.0122571760945083,-6.67195334281511
"Mouth_Dumbfounded",1,2457,-0.0613022665446745,0.0420527677369961,-0.143725691309187,0.0211211582198379,-5.94610966389691
"Mouth_Dumbfounded",1,2458,-0.0638226895005903,0.0417144613129872,-0.145583033674045,0.0179376546728645,-6.18286675885076
"Mouth_Dumbfounded",1,2459,-0.0643518328237439,0.0399338784051154,-0.14262223449777,0.0139185688502823,-6.23249633676484
"Mouth_Dumbfounded",1,2463,-0.0615429600321678,0.0391705174496643,-0.13831717423351,0.0152312541691743,-5.96874509856409
"Mouth_Dumbfounded",1,2465,-0.0672080767772046,0.0418180560081737,-0.149171466553225,0.0147553129988158,-6.49993708230988
"Mouth_Dumbfounded",1,2467,-0.0672760737278676,0.0380753826060757,-0.141903823635776,0.0073516761800408,-6.50629458532722
"Mouth_Dumbfounded",1,2473,-0.0642490881802702,0.0405016735667309,-0.143632368371063,0.0151341920105223,-6.22286173308806
"Mouth_Dumbfounded",1,2474,-0.0645738869712887,0.0379192358418565,-0.138895589221328,0.00974781527875007,-6.25331548828317
"Mouth_Dumbfounded",1,2475,-0.0625794436716241,0.0418467428307404,-0.144599059619875,0.0194401722766271,-6.06615646450269
"Mouth_Dumbfounded",1,2476,-0.0677848007550215,0.0366203769827881,-0.139560739641286,0.00399113813124312,-6.55384526395722
"Mouth_Dumbfounded",1,2478,-0.0588329336207725,0.0390753722874645,-0.135420663304203,0.017754796062658,-5.71357230795444
"Mouth_Dumbfounded",1,2480,-0.061154492727637,0.0393388469382403,-0.138258632726588,0.0159496472713141,-5.93220993453197
"Mouth_Dumbfounded",1,2481,-0.0645815754821723,0.0363026399327791,-0.135734749750419,0.00657159878607469,-6.25403625791651
"Mouth_Dumbfounded",1,2483,-0.0633016036023888,0.0379781715028361,-0.137738819747948,0.01113561254317,-6.13396723438927
"Mouth_Dumbfounded",1,2485,-0.0588922408235821,0.0418188408247216,-0.140857168840036,0.0230726871928723,-5.71916400642812
"Mouth_Dumbfounded",1,2486,-0.0610619401910957,0.0412264580067286,-0.141865797884284,0.0197419175020923,-5.92350331905113
"Mouth_Dumbfounded",1,2487,-0.0568970890574059,0.0430019867226418,-0.141180983033784,0.027386804918972,-5.53087165653194
"Mouth_Dumbfounded",1,2488,-0.0669428846724114,0.0411160113551974,-0.147530266928598,0.0136444975837754,-6.47513831575323
"Mouth_Dumbfounded",1,2489,-0.0581908162249446,0.0397723053758999,-0.136144534761708,0.0197629023118191,-5.65300991053935
"Mouth_Dumbfounded",1,2491,-0.0627770396811058,0.0381598423621701,-0.137570330710959,0.0120162513487476,-6.08471558347626
"Mouth_Dumbfounded",1,2494,-0.0653668191054549,0.0373639717308994,-0.138600203698018,0.00786656548710798,-6.32762078348267
"Mouth_Dumbfounded",1,2495,-0.0629114370679861,0.0382433113064356,-0.1378683272286,0.0120454530926278,-6.09733670414815
"Mouth_Dumbfounded",1,2499,-0.065746110719062,0.0383551555737772,-0.140922215643665,0.00942999420554123,-6.363143194244
"Mouth_Dumbfounded",1,2500,-0.0614709670417563,0.0373150793863807,-0.134608522639063,0.0116665885555499,-5.96197526364418
"Mouth_Dumbfounded",1,2501,-0.0665206462824003,0.0435371950487501,-0.15185354857795,0.0188122560131499,-6.43564019050408
"Mouth_Dumbfounded",1,2502,-0.067344727180998,0.0387127045536249,-0.143221628106103,0.0085321737441067,-6.51271303072316
"Mouth_Dumbfounded",1,2503,-0.0609822464197065,0.0434232978684124,-0.146091910241795,0.0241274174023817,-5.91600570947912
"Mouth_Dumbfounded",1,2506,-0.0663222297838848,0.0407488122952804,-0.146189901882634,0.0135454423148647,-6.41707363595038
"Mouth_Dumbfounded",1,2507,-0.0623117021367174,0.0386906581606272,-0.138145392131547,0.0135219878581119,-6.04100310590564
"Mouth_Dumbfounded",1,2509,-0.0620456952510018,0.0408457348902957,-0.142103335635981,0.0180119451339777,-6.01600604120862
"Mouth_Dumbfounded",1,2513,-0.062804200731124,0.0411901400015542,-0.14353687513417,0.0179284736719221,-6.08726638657238
"Mouth_Dumbfounded",1,2514,-0.0646956022039116,0.0349154957000061,-0.133129973775924,0.00373876936810041,-6.26472519341459
"Mouth_Dumbfounded",1,2515,-0.070639719941698,0.0402817593923159,-0.149591968350637,0.00831252846724125,-6.82024602676674
"Mouth_Dumbfounded",1,2516,-0.0666612210730281,0.0319194071839166,-0.129223259153505,-0.00409918299255159,-6.44879205636247
"Mouth_Dumbfounded",1,2519,-0.0643677764952389,0.0408395213298785,-0.144413238301801,0.015677685311323,-6.23399132312233
"Mouth_Dumbfounded",1,2520,-0.0588487435069542,0.0375384044505291,-0.132424016229991,0.0147265292160828,-5.71506295386123
"Mouth_Dumbfounded",1,2521,-0.0651267588824677,0.0388996325895725,-0.14137003875803,0.0111165209930945,-6.30513107190562
"Mouth_Dumbfounded",1,2522,-0.0590780866139418,0.037624336337386,-0.132821785835218,0.0146656126073348,-5.73668407484322
"Mouth_Dumbfounded",1,2524,-0.0668800982508049,0.0396006319230126,-0.14449733681991,0.0107371403182999,-6.46926604000917
"Mouth_Dumbfounded",1,2525,-0.0637659707223736,0.0426070403565957,-0.147275769821301,0.019743828376554,-6.17754541476889
"Mouth_Dumbfounded",1,2527,-0.0598912278062029,0.0410074978051992,-0.140265923504393,0.0204834678919875,-5.81330230499992
"Mouth_Dumbfounded",1,2528,-0.0593889538094021,0.0424604843848348,-0.142611503203678,0.023833595584874,-5.76598289324296
"Mouth_Dumbfounded",1,2529,-0.0644734103084048,0.0358284923155999,-0.134697255246981,0.00575043463017101,-6.24389566103852
"Mouth_Dumbfounded",1,2531,-0.0586160588634417,0.0439213344350755,-0.14470187435619,0.0274697566293062,-5.69312174430379
"Mouth_Dumbfounded",1,2532,-0.0609169625477587,0.0400439766242261,-0.139403156731242,0.0175692316357244,-5.90986334154692
"Mouth_Dumbfounded",1,2533,-0.0613510491042642,0.0439599184572939,-0.14751248928056,0.0248103910720318,-5.95069774149688
"Mouth_Dumbfounded",1,2535,-0.0571247980145613,0.0386622231334099,-0.132902755356045,0.018653159326922,-5.55238067423949
"Mouth_Dumbfounded",1,2536,-0.0605269798864694,0.0430981414230978,-0.144999337075741,0.0239453773028023,-5.87316266380293
"Mouth_Dumbfounded",1,2537,-0.0617137071866362,0.0381496286143685,-0.136486979270799,0.0130595648975261,-5.98479929712623
"Mouth_Dumbfounded",1,2538,-0.0655350782754705,0.0360213808498456,-0.136136984741168,0.0050668281902268,-6.34338069435109
"Mouth_Dumbfounded",1,2539,-0.0651130311761313,0.0431481588776321,-0.14968342257629,0.0194573602240277,-6.30384484743132
"Mouth_Dumbfounded",1,2541,-0.0590915813345502,0.0422951917112343,-0.14199015708857,0.023806994419469,-5.73795612337227
"Mouth_Dumbfounded",1,2542,-0.0624085253108004,0.0396706397380044,-0.140162979197289,0.0153459285756883,-6.05010007381284
"Mouth_Dumbfounded",1,2543,-0.0626546567423429,0.0393748653399454,-0.139829392808636,0.01452007932395,-6.07322125163391
"Mouth_Dumbfounded",1,2544,-0.0634880329996393,0.0378399636649471,-0.137654361782936,0.010678295783657,-6.15146499120126
"Mouth_Dumbfounded",1,2545,-0.0609103236080075,0.0395149374133052,-0.138359600938086,0.0165389537220706,-5.90923868072493
"Mouth_Dumbfounded",1,2546,-0.0632462309241372,0.0431405735373097,-0.147801755057264,0.0213092932089898,-6.12876947685264
"Mouth_Dumbfounded",1,2549,-0.0683246840390463,0.0465422266935784,-0.15954744835846,0.0228980802803673,-6.60428166474568
"Mouth_Dumbfounded",1,2550,-0.0584812171173398,0.0411560983933898,-0.139147169968384,0.0221847357337042,-5.68040438277402
"Mouth_Dumbfounded",1,2552,-0.0605902621482871,0.0419844404306319,-0.142879765392326,0.0216992410957514,-5.87911903449901
"Mouth_Dumbfounded",1,2554,-0.0668246548190265,0.0403645505184419,-0.145939173835173,0.0122898641971196,-6.46408023138348
"Mouth_Dumbfounded",1,2556,-0.0595305143008053,0.038510929614629,-0.135011936345478,0.0159509077438674,-5.77932176286074
"Mouth_Dumbfounded",1,2557,-0.065875228395676,0.0405634832169385,-0.145379655500875,0.0136291987095234,-6.37523258714624
"Mouth_Dumbfounded",1,2558,-0.0662532037672318,0.0397972931196302,-0.144255898281707,0.0117494907472433,-6.41061375636943
"Mouth_Dumbfounded",1,2559,-0.06561526028587,0.0376912465505686,-0.139490103524984,0.00825958295324436,-6.35088996931583
"Mouth_Dumbfounded",1,2561,-0.0595205783688248,0.0397216742284098,-0.137375059856508,0.0183339031188585,-5.77838558795974
"Mouth_Dumbfounded",1,2562,-0.0608661894557536,0.0398962774093622,-0.139062893178103,0.0173305142665963,-5.90508597310173
"Mouth_Dumbfounded",1,2570,-0.0598615134444365,0.0389823835465241,-0.136266985195624,0.0165439583067508,-5.81050356580987
"Mouth_Dumbfounded",1,2571,-0.0627237928919108,0.0407678575852569,-0.142628793759014,0.0171812079751927,-6.07971476298712
"Mouth_Dumbfounded",1,2572,-0.0570261762233213,0.0408106819594765,-0.137015112863895,0.0229627604172527,-5.54306562151717
"Mouth_Dumbfounded",1,2574,-0.0612882257166115,0.0373712279514955,-0.134535832501543,0.0119593810683198,-5.94478906012289
"Mouth_Dumbfounded",1,2576,-0.0626692725938876,0.0375771112354776,-0.136320410615424,0.0109818654276486,-6.07459406145575
"Mouth_Dumbfounded",1,2577,-0.061296989032439,0.0382771017972202,-0.136320108554991,0.0137261304901126,-5.94561329203007
"Mouth_Dumbfounded",1,2578,-0.0611706893098811,0.0384628982844553,-0.136557969947414,0.0142165913276513,-5.93373349889199
"Mouth_Dumbfounded",1,2579,-0.0600864442763834,0.041146131803402,-0.140732862611051,0.0205599740582845,-5.8316873050761
"Mouth_Dumbfounded",1,2580,-0.0624890282544248,0.0428291252207013,-0.146434113686999,0.0214560571781497,-6.05766301288659
"Mouth_Dumbfounded",1,2581,-0.0628756233126544,0.0398139729969548,-0.140911010386686,0.0151597637613771,-6.0939736369182
"Mouth_Dumbfounded",1,2582,-0.0619703193399022,0.038789139440419,-0.137997032643124,0.0140563939633191,-6.00892164504214
"Mouth_Dumbfounded",1,2584,-0.0624445064185715,0.0385652018190396,-0.138032301983889,0.0131432891467462,-6.05348043447224
"Mouth_Dumbfounded",1,2585,-0.0647795626371692,0.0403815755955276,-0.143927450804403,0.0143683255300648,-6.27259491732154
"Mouth_Dumbfounded",1,2586,-0.0645205099179467,0.0350837388473251,-0.133284638058704,0.0042436182228105,-6.24831143295367
"Mouth_Dumbfounded",1,2589,-0.0641162534943145,0.0375815426533836,-0.137776077094946,0.00954357010631729,-6.21040404898859
"Mouth_Dumbfounded",1,2590,-0.0629854263492888,0.0382058069131287,-0.137868807899021,0.0118979552004434,-6.10428423769315
"Mouth_Dumbfounded",1,2592,-0.0611642054089599,0.0377366355285322,-0.135128011044883,0.0127996002269632,-5.93312358056265
"Mouth_Dumbfounded",1,2593,-0.062243966657829,0.0369427468200465,-0.13465175042512,0.0101638171094622,-6.03463853270387
"Mouth_Dumbfounded",1,2594,-0.0608526124352742,0.0392260154280138,-0.137735602674181,0.0160303778036328,-5.90380843585442
"Mouth_Dumbfounded",1,2601,-0.0624912307079387,0.0413638106160506,-0.143564299515398,0.0185818380995204,-6.05786991628895
"Mouth_Dumbfounded",1,2602,-0.0629389461837436,0.0366629293151019,-0.134798287641343,0.00892039527385613,-6.09991984785254
"Mouth_Dumbfounded",1,2604,-0.0645274764111713,0.0411973880554306,-0.145274356999815,0.0162194041774727,-6.2489645511819
"Mouth_Dumbfounded",1,2607,-0.0622689495361,0.0418687823426428,-0.14433176292768,0.01979386385548,-6.03698602856738
"Mouth_Dumbfounded",1,2608,-0.0644944896278412,0.0374529289589227,-0.13790223038733,0.00891325113164726,-6.24587195508145
"Mouth_Dumbfounded",1,2610,-0.0628797705971841,0.0407044833821898,-0.142660558026276,0.0169010168319078,-6.094363091121
"Mouth_Dumbfounded",1,2614,-0.0624337291365218,0.0451131439868062,-0.150855491350662,0.0259880330776183,-6.05246794087733
"Mouth_Dumbfounded",1,2615,-0.0647843962259763,0.0387767466328613,-0.140786819626384,0.0112180271744318,-6.27304795596276
"Mouth_Dumbfounded",1,2619,-0.0595162468797292,0.0407927127366546,-0.139469963843572,0.0204374700841137,-5.77797746718047
"Mouth_Dumbfounded",1,2621,-0.0590870114957507,0.039846467097113,-0.137186087006092,0.0190120640145908,-5.73752536004257
"Mouth_Dumbfounded",1,2622,-0.0618281766084108,0.041465596321981,-0.143100745399494,0.019444392182672,-5.99556054685995
"Mouth_Dumbfounded",1,2625,-0.059672495951144,0.0416585373686654,-0.141323229193728,0.0219782372914402,-5.79269842061044
"Mouth_Dumbfounded",1,2626,-0.0648234015543094,0.0349603092753942,-0.133345607734082,0.00369880462546331,-6.276703735203
"Mouth_Dumbfounded",1,2627,-0.0671302798513702,0.0340676104190521,-0.133902796272712,-0.000357763430028066,-6.49266278189412
"Mouth_Dumbfounded",1,2628,-0.0658707375606649,0.0394237641348564,-0.143141315264983,0.0113998401436536,-6.37481213281875
"Mouth_Dumbfounded",1,2629,-0.0710374484187679,0.0362320944285114,-0.14205235349865,-2.2543338885489e-05,-6.85729889942851
"Mouth_Dumbfounded",1,2630,-0.0665990821197649,0.0440012429098024,-0.152841518222978,0.0196433539834479,-6.44297870160833
"Mouth_Dumbfounded",1,2631,-0.0641115693935771,0.0415654331737989,-0.145579818414223,0.0173566796270687,-6.20996472804413
"Mouth_Dumbfounded",1,2636,-0.0607756444626904,0.0418720074816117,-0.142844779126649,0.0212934902012686,-5.89656576403856
"Mouth_Dumbfounded",1,2641,-0.0662870193070368,0.0380877742702436,-0.140939056876714,0.00836501826264058,-6.41377847847657
"Mouth_Dumbfounded",1,2643,-0.0636094115604953,0.0451504012601141,-0.152104198030319,0.0248853749093282,-6.1628555000233
"Mouth_Dumbfounded",1,2644,-0.0585160363863185,0.0401094505872847,-0.137130559537396,0.0200984867647596,-5.68368846496877
"Mouth_Dumbfounded",1,2646,-0.0636666140474326,0.037492351517161,-0.137151623021068,0.00981839492620297,-6.1682230645353
"Mouth_Dumbfounded",1,2647,-0.0655490699942604,0.0411878699352114,-0.146277295067275,0.0151791550787539,-6.34469110226377
"Mouth_Dumbfounded",1,2648,-0.0609588347555795,0.0396280428078289,-0.138629798658924,0.0167121291477652,-5.91380302082085
"Mouth_Dumbfounded",1,2651,-0.0630138834782476,0.0374929561751436,-0.136500077581529,0.0104723106250338,-6.10695620216688
"Mouth_Dumbfounded",1,2652,-0.0609103806568992,0.0394870623605753,-0.138305022883627,0.0164842615698284,-5.90924404849842
"Mouth_Dumbfounded",1,2653,-0.0623514252224194,0.0384466292243878,-0.13770681850222,0.0130039680573807,-6.04473537306267
"Mouth_Dumbfounded",1,2654,-0.0598690775598864,0.0404884374966016,-0.139226415053226,0.0194882599334527,-5.81121602334049
"Mouth_Dumbfounded",1,2656,-0.0653741318829914,0.0385601564862294,-0.140952038596001,0.0102037748300183,-6.32830578624856
"Mouth_Dumbfounded",1,2657,-0.0658010686784338,0.0376223499582373,-0.139540874596579,0.00793873723971138,-6.36828914340931
"Mouth_Dumbfounded",1,2658,-0.0605971668158873,0.0421858669688352,-0.143281466074804,0.0220871324430297,-5.87976890565275
"Mouth_Dumbfounded",1,2660,-0.0645075770341374,0.0431427472881678,-0.149067361718946,0.0200522076506715,-6.24709894541805
"Mouth_Dumbfounded",1,2661,-0.0568242000304054,0.040055258920609,-0.135332507514799,0.0216841074539883,-5.52398564273103
"Mouth_Dumbfounded",1,2663,-0.0615166936052745,0.0371372167023898,-0.134305638341959,0.0112722511314095,-5.96627520104398
"Mouth_Dumbfounded",1,2664,-0.0668285455939573,0.0402848368994469,-0.145786825916873,0.0121297347289586,-6.46444415788727
"Mouth_Dumbfounded",1,2665,-0.0640850377335309,0.0396132010131543,-0.141726911719313,0.0135568362522516,-6.20747628970152
"Mouth_Dumbfounded",1,2666,-0.06270583202204,0.035511495417351,-0.132308363040048,0.00689669899596784,-6.07802785781666
"Mouth_Dumbfounded",1,2667,-0.0681280945539374,0.0355881842335324,-0.137880935651661,0.00162474654378619,-6.58591924369647
"Mouth_Dumbfounded",1,2668,-0.0626954950755887,0.0407601959845141,-0.142585479205236,0.017194489054059,-6.0770569864021
"Mouth_Dumbfounded",1,2669,-0.0609071655567116,0.0421865800444321,-0.143592862443798,0.0217785313303752,-5.90894153680501
"Mouth_Dumbfounded",1,2671,-0.058031481039095,0.0362794137432396,-0.129139131975845,0.0130761698976546,-5.63797591764887
"Mouth_Dumbfounded",1,2673,-0.0630768870731178,0.0378535942605054,-0.137269931823708,0.0111161576774727,-6.11287161511135
"Mouth_Dumbfounded",1,2674,-0.0626645364433932,0.042122496561097,-0.145224629703143,0.0198955568163569,-6.07414921554455
"Mouth_Dumbfounded",1,2676,-0.0667581166307664,0.0424818628528617,-0.150022567822375,0.0165063345608426,-6.45785631368303
"Mouth_Dumbfounded",1,2678,-0.0626693353426016,0.0354662556743855,-0.132183196464397,0.00684452577919389,-6.074599955154
"Mouth_Dumbfounded",1,2679,-0.0601214145275062,0.0422601086883744,-0.14295122755672,0.0227083985017077,-5.83498033703944
"Mouth_Dumbfounded",1,2681,-0.0627021226817654,0.0372091878396703,-0.135632130847519,0.0102278854839884,-6.07767946861657
"Mouth_Dumbfounded",1,2683,-0.0612739645131448,0.0381135416504453,-0.135976506148018,0.013428577121728,-5.94344771005796
"Mouth_Dumbfounded",1,2687,-0.0622343973450115,0.0387720490556141,-0.138227613494015,0.0137588188039921,-6.0337393444637
"Mouth_Dumbfounded",1,2688,-0.0624452914013401,0.0418171457396193,-0.144406897050994,0.0195163142483136,-6.05355418084231
"Mouth_Dumbfounded",1,2689,-0.0618899191128242,0.0409076874895907,-0.142068986592422,0.0182891483667735,-6.00136443720256
"Mouth_Dumbfounded",1,2690,-0.0659806832281173,0.0393835901357652,-0.143172519894217,0.0112111534379824,-6.38510525073693
"Mouth_Dumbfounded",1,2691,-0.0652525417103239,0.0427237380475989,-0.148991068283618,0.0184859848629699,-6.31691553631785
"Mouth_Dumbfounded",1,2694,-0.0571045871902711,0.0403844975447151,-0.136258202377913,0.0220490279973706,-5.55047179071066
"Mouth_Dumbfounded",1,2695,-0.0622867119248915,0.0429551888747112,-0.146478882119325,0.0219054582695424,-6.03865502133087
"Mouth_Dumbfounded",1,2697,-0.0621462307792252,0.0397729005435799,-0.140101115844642,0.0158086542861913,-6.02545429673518
"Mouth_Dumbfounded",1,2698,-0.0654616733613023,0.0381300631612593,-0.14019659715737,0.00927325043476593,-6.33650558591937
"Mouth_Dumbfounded",1,2700,-0.0571710335226718,0.03847007700374,-0.132572384450002,0.0182303174046585,-5.55674740695901
"Mouth_Dumbfounded",1,2702,-0.0668791375704259,0.0365052627589882,-0.138429452578043,0.004671177437191,-6.46917618682505
"Mouth_Dumbfounded",1,2704,-0.0601126249611254,0.0439256823724178,-0.146206962411064,0.0259817124888134,-5.83415266371092
"Mouth_Dumbfounded",1,2705,-0.0658605493723899,0.0376296964014769,-0.139614754319285,0.00789365557450485,-6.37385825691834
"Mouth_Dumbfounded",1,2706,-0.0666206185686387,0.0410386069944845,-0.147056288277828,0.013815051140551,-6.44499356591771
"Mouth_Dumbfounded",1,2707,-0.0667888210557985,0.0457310118394574,-0.156421604261135,0.022843962149538,-6.46072842732767
"Mouth_Dumbfounded",1,2708,-0.0732156188498121,0.0391528612681508,-0.149955226935388,0.00352398923576339,-7.05995878282518
"Mouth_Dumbfounded",1,2715,-0.0614598858942184,0.0406913314035233,-0.141214895445124,0.0182951236566874,-5.96093320864433
"Mouth_Dumbfounded",1,2716,-0.0613514843330982,0.0367788957224652,-0.13343811994913,0.0107351512829335,-5.95073867445613
"Mouth_Dumbfounded",1,2721,-0.0603610033444957,0.0460637414545705,-0.150645936595454,0.0299239299064626,-5.85753852025015
"Mouth_Dumbfounded",1,2723,-0.0606158539049066,0.0388896206892534,-0.136839510455843,0.0156078026460301,-5.8815277223561
"Mouth_Dumbfounded",1,2724,-0.0675538618849924,0.0406754344553477,-0.147277713417474,0.0121699896474892,-6.53226242251133
"Mouth_Dumbfounded",1,2725,-0.0613629494594296,0.0417487644489171,-0.143190527779307,0.0204646288604478,-5.95181695493728
"Mouth_Dumbfounded",1,2727,-0.0628652762403687,0.0388504932698213,-0.139012243049218,0.013281690568481,-6.09300197944846
"Mouth_Dumbfounded",1,2728,-0.0629891063046664,0.038938923432813,-0.13930939623298,0.013331183623647,-6.10462976910152
"Mouth_Dumbfounded",1,2730,-0.0580228753777119,0.0434851081473097,-0.143253687346439,0.0272079365910151,-5.63716386652808
"Mouth_Dumbfounded",1,2731,-0.0619858761328556,0.0423463176961373,-0.144984658817285,0.0210129065515735,-6.01038383341407
"Mouth_Dumbfounded",1,2732,-0.0649981708986589,0.0398760415766917,-0.143155212388975,0.0131588705916568,-6.29308226296751
"Mouth_Dumbfounded",1,2733,-0.0618933766946683,0.0381890632844448,-0.13674394073218,0.0129571873428435,-6.00168944461639
"Mouth_Dumbfounded",1,2735,-0.0627443937873769,0.0401270275181581,-0.141393367722967,0.0159045801482129,-6.08164958503583
"Mouth_Dumbfounded",1,2738,-0.0568383711565108,0.0378210306228509,-0.130967591177299,0.017290848864277,-5.52532446475809
"Mouth_Dumbfounded",1,2739,-0.0611554166501043,0.0417180412801512,-0.142922777559201,0.0206119442589921,-5.93229684583653
"Mouth_Dumbfounded",1,2740,-0.0653270579171004,0.0380350653014941,-0.139875785908029,0.00922167007382806,-6.32389618432226
"Mouth_Dumbfounded",1,2741,-0.0644917653505177,0.0397465226618691,-0.142394949767781,0.0134114190667458,-6.24561654248853
"Mouth_Dumbfounded",1,2742,-0.0624984438095015,0.0395456188308245,-0.140007856717918,0.0150109690989146,-6.05854752797041
"Mouth_Dumbfounded",1,2743,-0.0645304467494093,0.0420845125238096,-0.147016091296076,0.0179551977972576,-6.24924302305377
"Mouth_Dumbfounded",1,2744,-0.065523015791632,0.0398097389480989,-0.143550104129906,0.0125040725466419,-6.34225095608063
"Mouth_Dumbfounded",1,2745,-0.0658452919341101,0.0402248529791496,-0.144686003773243,0.012995419905023,-6.37242975094168
"Mouth_Dumbfounded",1,2748,-0.0637946552605761,0.0397671499143384,-0.141738269092679,0.0141489585715271,-6.18023662995337
"Mouth_Dumbfounded",1,2749,-0.0614925574353727,0.0358514463067578,-0.131761392196618,0.00877627732587261,-5.96400555969562
"Mouth_Dumbfounded",1,2755,-0.0590884610119282,0.044095453197122,-0.145515549278287,0.027338627254431,-5.73766199492547
"Mouth_Dumbfounded",1,2758,-0.0590604785422032,0.0389189476428293,-0.135341615922149,0.0172206588377422,-5.73502426500111
"Mouth_Dumbfounded",1,2760,-0.0612969277265058,0.0421557800278014,-0.143922256580997,0.021328401127985,-5.94560752593793
"Mouth_Dumbfounded",1,2764,-0.0593681598430244,0.0428589867775221,-0.143371773926968,0.0246354542409189,-5.76402337388658
"Mouth_Dumbfounded",1,2765,-0.0630148194380049,0.0424459093422851,-0.146208801748884,0.0201791628728739,-6.10704408223623
"Mouth_Dumbfounded",1,2766,-0.0596495161719278,0.0402703669636488,-0.138579435420679,0.0192804030768238,-5.79053353274537
"Mouth_Dumbfounded",1,2769,-0.0642750872795201,0.041135069824778,-0.144899824136085,0.0163496495770448,-6.22529982251904
"Mouth_Dumbfounded",1,2770,-0.0600126021456777,0.0403225047144089,-0.139044711385919,0.0190195070945636,-5.82473345948152
"Mouth_Dumbfounded",1,2774,-0.0583641312331632,0.0346583741904177,-0.126294544646382,0.00956628218005548,-5.66936024298217
"Mouth_Dumbfounded",1,2777,-0.0666263083414072,0.0375873055552253,-0.140297427229649,0.00704481054683435,-6.44552587113133
"Mouth_Dumbfounded",1,2778,-0.0648149514598011,0.0387446079315552,-0.140754383005649,0.0111244800860472,-6.27591176114581
"Mouth_Dumbfounded",1,2780,-0.0621382377394081,0.0408087696089788,-0.142123426173006,0.0178469506941902,-6.02470315144761
"Mouth_Dumbfounded",1,2781,-0.0613293236122247,0.0402405320974183,-0.140200766523165,0.0175421192987151,-5.94865445193369
"Mouth_Dumbfounded",1,2782,-0.0614757138286888,0.0406147578208585,-0.141080639157571,0.0181292115001939,-5.96242164105173
"Mouth_Dumbfounded",1,2784,-0.0643213856506304,0.0369404371699871,-0.136724642503805,0.00808187120254428,-6.22964133788529
"Mouth_Dumbfounded",1,2785,-0.0627297996698931,0.0376771531012325,-0.136577019748309,0.0111174204085227,-6.0802789195942
"Mouth_Dumbfounded",1,2788,-0.0630073681419309,0.0362073959108816,-0.133973864127259,0.00795912784339697,-6.10634445541587
"Mouth_Dumbfounded",1,2789,-0.0618683854463585,0.0382145966023576,-0.136768994786979,0.0130322238942624,-5.99934028014243
"Mouth_Dumbfounded",1,2790,-0.0610627597981783,0.0365882448137701,-0.132775719633168,0.0106502000368111,-5.92358042478252
"Mouth_Dumbfounded",1,2791,-0.0671108023503857,0.0390827420230353,-0.143712976715535,0.00949137201476341,-6.49084147490421
"Mouth_Dumbfounded",1,2793,-0.0622759661660798,0.0331012449327914,-0.127154406234351,0.00260247390219136,-6.03764532995517
"Mouth_Dumbfounded",1,2794,-0.0603462235088701,0.0400743132823698,-0.138891877542315,0.0181994305245747,-5.85614709986164
"Mouth_Dumbfounded",1,2796,-0.058865996631864,0.0428938628897565,-0.142937967895787,0.0252059746320587,-5.71668964962436
"Mouth_Dumbfounded",1,2798,-0.0632723263485063,0.0390555305997181,-0.139821166323954,0.0132765136269412,-6.13121905448766
"Mouth_Dumbfounded",1,2799,-0.0588912029088309,0.0404929156863937,-0.138257317654163,0.0204749118365008,-5.71906615090692
"Mouth_Dumbfounded",1,2800,-0.063880567018726,0.0415026341618846,-0.14522572997602,0.0174645959385678,-6.18829650454975
"Mouth_Dumbfounded",1,2801,-0.0605185809112737,0.0431208747636911,-0.145035495448108,0.0239983336255609,-5.8723720915109
"Mouth_Dumbfounded",1,2802,-0.063626459491777,0.0366714284162545,-0.135502459187636,0.00824954020408179,-6.16445521557845
"Mouth_Dumbfounded",1,2804,-0.0651567524067323,0.0370955771824614,-0.137864083684357,0.00755057887089207,-6.30794126908623
"Mouth_Dumbfounded",1,2805,-0.0614456803437661,0.0393558106375763,-0.138583069193416,0.0156917085058834,-5.95959732244806
"Mouth_Dumbfounded",1,2806,-0.0609264390854303,0.0409547842545009,-0.141197816224252,0.0193449380533915,-5.91075498604663
"Mouth_Dumbfounded",1,2807,-0.0646930928460545,0.0382123357914147,-0.139589270997227,0.0102030853051184,-6.26448997777115
"Mouth_Dumbfounded",1,2809,-0.0598991577236647,0.0442248093485207,-0.146579784046765,0.0267814685994358,-5.81404919477726
"Mouth_Dumbfounded",1,2810,-0.0673193077888198,0.0338060618739197,-0.133579189061702,-0.00105942651593718,-6.51033661050855
"Mouth_Dumbfounded",1,2811,-0.0577418304940709,0.0424041012994611,-0.140853869041015,0.0253702080528729,-5.6106399471956
"Mouth_Dumbfounded",1,2818,-0.0640903854602175,0.0338698459013881,-0.130475283426938,0.00229451250650325,-6.20797786514241
"Mouth_Dumbfounded",1,2819,-0.0595544538541825,0.0428167869863613,-0.143475356347451,0.0243664486390856,-5.78157733681781
"Mouth_Dumbfounded",1,2825,-0.0551153458588686,0.0415647072910257,-0.136582172149279,0.0263514804315417,-5.36240188927203
"Mouth_Dumbfounded",1,2826,-0.0636949558078534,0.0428058412693582,-0.147594404695795,0.0202044930800886,-6.17088238459198
"Mouth_Dumbfounded",1,2827,-0.0623014351037926,0.0314295411432832,-0.123903335744628,-0.000699534462957473,-6.04003842083873
"Mouth_Dumbfounded",1,2828,-0.0667699716724507,0.0389627784855541,-0.143137017504137,0.00959707415923534,-6.4589652531224
"Mouth_Dumbfounded",1,2830,-0.0633432491470257,0.0403361362290815,-0.142402076156026,0.015715577861974,-6.13787625504949
"Mouth_Dumbfounded",1,2835,-0.0630804601341749,0.039078870121422,-0.139675045572162,0.0135141253038122,-6.11320707895423
"Mouth_Dumbfounded",1,2838,-0.0607540637548851,0.0431397214717802,-0.145307917839574,0.0237997903298042,-5.89453492340744
"Mouth_Dumbfounded",1,2840,-0.0637805874639703,0.0415168804022176,-0.145153673052317,0.0175924981243761,-6.17891678332103
"Mouth_Dumbfounded",1,2842,-0.0651864892010555,0.034211088766227,-0.13224022318286,0.00186724478074939,-6.31072732914196
"Mouth_Dumbfounded",1,2844,-0.0651656597242489,0.0315317648194258,-0.126967918770323,-0.00336340067817441,-6.30877581028535
"Mouth_Dumbfounded",1,2845,-0.066696790429799,0.0360267580860733,-0.137309236278503,0.00391565541890472,-6.45211955347536
"Mouth_Dumbfounded",1,2846,-0.0609109179453097,0.0430715613120177,-0.145331178116864,0.0235093422262449,-5.90929460235755
"Mouth_Dumbfounded",1,2849,-0.0711766855941749,0.0405860143853613,-0.150725273789483,0.00837190260113321,-6.87026692320308
"Mouth_Dumbfounded",1,2850,-0.0680313137581074,0.0407756565952231,-0.147951600684745,0.0118889731685299,-6.57687811712249
"Mouth_Dumbfounded",1,2851,-0.0682306312442357,0.041765046625384,-0.150090122629988,0.0136288601415169,-6.59549712331405
"Mouth_Dumbfounded",1,2852,-0.0629509450347095,0.038312881293632,-0.138044192370228,0.0121423023008092,-6.10104653416048
"Mouth_Dumbfounded",1,2858,-0.0581789617933589,0.0399364081897574,-0.136454321845283,0.0200963982585656,-5.65189147397082
"Mouth_Dumbfounded",1,2859,-0.0633457728400186,0.0396811090784468,-0.141120746633774,0.0144292009537371,-6.13811313393459
"Mouth_Dumbfounded",1,2864,-0.0628806664785228,0.037734866193858,-0.136841004218484,0.0110796712614387,-6.09444721939102
"Mouth_Dumbfounded",1,2866,-0.0645841024118662,0.0369868809101365,-0.137078388995734,0.00791018417200133,-6.25427314707667
"Mouth_Dumbfounded",1,2867,-0.0660796139719168,0.0402917560440464,-0.145051455818248,0.0128922278744142,-6.39436618380214
"Mouth_Dumbfounded",1,2868,-0.0689306396306069,0.0389835318682219,-0.145338362092322,0.00747708283110808,-6.6608581793399
"Mouth_Dumbfounded",1,2869,-0.0572458454527371,0.0383983940441172,-0.132506697779207,0.0180150068737326,-5.56381262468255
"Mouth_Dumbfounded",1,2872,-0.0587797533380876,0.0401889126514049,-0.137550022134841,0.019990515458666,-5.70855799574633
"Mouth_Dumbfounded",1,2873,-0.0611759854665752,0.0373128339334458,-0.134309139976129,0.0119571690429785,-5.93423168725977
"Mouth_Dumbfounded",1,2878,-0.0673991592752627,0.0425819139176198,-0.150859710553798,0.0160613920032721,-6.517801601048
"Mouth_Dumbfounded",1,2879,-0.0630713529579084,0.0380821015694581,-0.137712272034046,0.0115695661182295,-6.11235203148847
"Mouth_Dumbfounded",1,2882,-0.0638386175628077,0.0410555006203929,-0.144307398778778,0.0166301636531622,-6.1843610720853
"Mouth_Dumbfounded",1,2883,-0.068901965861417,0.0375497580537711,-0.142499491646808,0.0046955599239744,-6.65818175595957
"Mouth_Dumbfounded",1,2886,-0.06766944197681,0.0376966457393985,-0.141554867626031,0.00621598367241098,-6.54306480792015
"Mouth_Dumbfounded",1,2888,-0.0642664013990071,0.0385583021395638,-0.139840673592552,0.0113078707945379,-6.22448530314074
"Mouth_Dumbfounded",1,2889,-0.0639200950181721,0.0371695813611838,-0.136772474486092,0.00893228444974807,-6.19200462022588
"Mouth_Dumbfounded",1,2890,-0.070511184357045,0.0418433351459872,-0.15252412124318,0.01150175252909,-6.80826834284916
"Mouth_Dumbfounded",1,2892,-0.0697978225733327,0.0391481197265188,-0.14652813723731,0.00693249209064421,-6.74176520534878
"Mouth_Dumbfounded",1,2894,-0.0687900724947987,0.041837331211096,-0.150791241668547,0.0132110966789496,-6.64773684132254
"Mouth_Dumbfounded",1,2895,-0.0647392856173785,0.0395304102926293,-0.142218889790932,0.0127403185561749,-6.26881978074697
"Mouth_Dumbfounded",1,2896,-0.0614548750777478,0.0388681051144993,-0.137636361102166,0.0147266109466708,-5.96046199495899
"Mouth_Dumbfounded",1,2897,-0.0656823995687932,0.0344786994785393,-0.13326065054673,0.00189585140914378,-6.35717729234413
"Mouth_Dumbfounded",1,2899,-0.0624432464725685,0.0431293899221447,-0.146976850719972,0.0220903577748352,-6.05336206685584
"Mouth_Dumbfounded",1,2901,-0.0652861198335167,0.0381612676605552,-0.140082204448205,0.00950996478117148,-6.32006118565626
"Mouth_Dumbfounded",1,2902,-0.0615222603191423,0.0380117425742525,-0.136025275764677,0.0129807551263926,-5.96679865842689
"Mouth_Dumbfounded",1,2904,-0.0651540364391728,0.0320156002005891,-0.127904612832327,-0.00240346004601819,-6.30768680414856
"Mouth_Dumbfounded",1,2907,-0.0635632836307613,0.0399389159714315,-0.141843558934767,0.0147169916732445,-6.15852688698114
"Mouth_Dumbfounded",1,2911,-0.0646156968414496,0.0401717483418787,-0.143352323591532,0.0141209299086326,-6.2572349430541
"Mouth_Dumbfounded",1,2912,-0.0637639099566381,0.0394449279590648,-0.141075968756405,0.0135481488431289,-6.17735206847003
"Mouth_Dumbfounded",1,2913,-0.0695291664836617,0.0433661427474561,-0.154526806268676,0.0154684733013523,-6.71670744685023
"Mouth_Dumbfounded",1,2914,-0.0616436078625678,0.0375589611953168,-0.135259171805389,0.0119719560802532,-5.97820866410805
"Mouth_Dumbfounded",1,2916,-0.0623023835193867,0.0411676569584253,-0.1429909911579,0.0183862241191268,-6.04012753388926
"Mouth_Dumbfounded",1,2918,-0.0629960742314825,0.040272181132356,-0.1419295492509,0.0159374007879353,-6.10528402289027
"Mouth_Dumbfounded",1,2919,-0.0671705726409565,0.0379146815055297,-0.141483348391795,0.00714220310988177,-6.49643037745344
"Mouth_Dumbfounded",1,2920,-0.0616986764508826,0.0419219216269835,-0.14386564283977,0.020468289938005,-5.9833861688675
"Mouth_Dumbfounded",1,2921,-0.0609866361766092,0.0378070472331987,-0.135088448753679,0.0131151764004602,-5.91641871443599
"Mouth_Dumbfounded",1,2925,-0.0588252271628058,0.0414243769661881,-0.140017006016535,0.0223665516909229,-5.71284569076279
"Mouth_Dumbfounded",1,2926,-0.0570963396360933,0.0419287240316702,-0.139276638738167,0.0250839594659803,-5.54969280989737
"Mouth_Dumbfounded",1,2928,-0.0643647476622429,0.0399959776977329,-0.142756863949799,0.0140273686253136,-6.23370732111126
"Mouth_Dumbfounded",1,2930,-0.0645110070897763,0.0403787309826802,-0.14365331981583,0.0146313056362769,-6.24742052253346
"Mouth_Dumbfounded",1,2936,-0.0659826709132953,0.0406171115067229,-0.145592209466472,0.0136268676398815,-6.38529132749073
"Mouth_Dumbfounded",1,2937,-0.0644993915664108,0.0411655231488863,-0.145183816938228,0.0161850338054064,-6.24633153093137
"Mouth_Dumbfounded",1,2939,-0.0628345264710491,0.0350494810312161,-0.131531509292233,0.00586245635013437,-6.09011431652459
"Mouth_Dumbfounded",1,2942,-0.0589025563685435,0.0431980932024992,-0.143570819045442,0.025765706308355,-5.7201365596146
"Mouth_Dumbfounded",1,2944,-0.062729140361911,0.04105325075039,-0.143193511832675,0.0177352311088533,-6.08021699755199
"Mouth_Dumbfounded",1,2945,-0.0573908115458497,0.0398007407872634,-0.135400263488886,0.0206186403971867,-5.57750167756657
"Mouth_Dumbfounded",1,2949,-0.061417521927425,0.0417355337942652,-0.143219168164185,0.0203841243093348,-5.95694925635408
"Mouth_Dumbfounded",1,2950,-0.0651778048456586,0.0359857752938298,-0.135709924421565,0.00535431473024775,-6.30991369466828
"Mouth_Dumbfounded",1,2953,-0.0598658305066588,0.0421276858671478,-0.142436094806268,0.0227044337929509,-5.81091018684895
"Mouth_Dumbfounded",1,2955,-0.0627534756209587,0.039317875696968,-0.139816511987016,0.0143095607450985,-6.08250253199141
"Mouth_Dumbfounded",1,2956,-0.0622754256622766,0.0404066022972736,-0.141472366164933,0.0169215148403797,-6.03759454293139
"Mouth_Dumbfounded",1,2957,-0.062606493069807,0.0379974883205629,-0.13708157017811,0.0118685840384963,-6.06869728407535
"Mouth_Dumbfounded",1,2960,-0.0546446790336352,0.0400893235437473,-0.13321975317938,0.0239303951121095,-5.31784862737286
"Mouth_Dumbfounded",1,2961,-0.0579828641998003,0.037367321017641,-0.131222813394377,0.0152570849947762,-5.63338822276983
"Mouth_Dumbfounded",1,2962,-0.0638747416237908,0.0389360490661494,-0.140189397793444,0.0124399145458619,-6.18775001273558
"Mouth_Dumbfounded",1,2964,-0.0602814023681092,0.0400654482735243,-0.138809680984217,0.0182468762479984,-5.85004439013086
"Mouth_Dumbfounded",1,2965,-0.0635818882432228,0.0408404101904789,-0.143629092216562,0.0164653157301159,-6.16027275498059
"Mouth_Dumbfounded",1,2966,-0.0606864367090265,0.0394839706269039,-0.138075019137758,0.0167021457197052,-5.88817063360851
"Mouth_Dumbfounded",1,2969,-0.0617235222934037,0.042258786452081,-0.144550743739482,0.021103699152675,-5.98572206183038
"Mouth_Dumbfounded",1,2970,-0.0619084574519678,0.0435186007426407,-0.147204914907544,0.023388000003608,-6.0031069996355
"Mouth_Dumbfounded",1,2971,-0.0614981306911896,0.03855675218954,-0.137069364982688,0.0140731036003088,-5.96452964488821
"Mouth_Dumbfounded",1,2976,-0.0617250863777214,0.0409204467667192,-0.141929162040491,0.0184789892850483,-5.98586910797315
"Mouth_Dumbfounded",1,2977,-0.0570117127927387,0.0407491439010808,-0.136880034838857,0.0228566092533796,-5.54169944032394
"Mouth_Dumbfounded",1,2978,-0.0640762037381841,0.0373691603499465,-0.137319758024079,0.00916735054771113,-6.20664772332372
"Mouth_Dumbfounded",1,2980,-0.0616163369694504,0.0418843638552971,-0.143709690125833,0.0204770161869319,-5.97564457092342
"Mouth_Dumbfounded",1,2984,-0.0679510766868866,0.0374625000509158,-0.141377576786682,0.00547542341290846,-6.56938181870181
"Mouth_Dumbfounded",1,2985,-0.0607719380950137,0.0407156746635722,-0.140574660435615,0.0190307842455879,-5.89621698146528
"Mouth_Dumbfounded",1,2987,-0.058349840863447,0.0390625466758856,-0.134912432348183,0.0182127506212889,-5.66801221363258
"Mouth_Dumbfounded",1,2988,-0.0617686642795029,0.0410600150575913,-0.142246293792382,0.0187089652333761,-5.98996595726853
"Mouth_Dumbfounded",1,2991,-0.0686730350636772,0.0399202953445024,-0.146916813938902,0.00957074381154757,-6.63681049286966
"Mouth_Dumbfounded",1,2992,-0.0572301817449663,0.0398331537917052,-0.135303163176709,0.0208427996867759,-5.56233339225541
"Mouth_Dumbfounded",1,2993,-0.0631773974664154,0.0416830901550454,-0.144876254170304,0.0185214592374736,-6.12230777308698
"Mouth_Dumbfounded",1,2995,-0.0653841055093842,0.0463171246045172,-0.156165669734238,0.0253974587154694,-6.32924002807133
"Mouth_Dumbfounded",1,2998,-0.0668499283981914,0.0394021600462661,-0.144078162088873,0.0103783052924901,-6.46644418898357
"Mouth_Dumbfounded",1,2999,-0.0620061571682056,0.0425685431456428,-0.145440501733665,0.0214281873972542,-6.01229002081228
"Mouth_Dumbfounded",1,3004,-0.0590561366341788,0.0391374587915213,-0.13576555586556,0.0176532825972029,-5.73461497425799
"Mouth_Dumbfounded",1,3006,-0.0613478221391386,0.0402274832882672,-0.140193689384142,0.0174980451058651,-5.95039424718873
"Mouth_Dumbfounded",1,3008,-0.0614636883047179,0.0419016867878815,-0.143590994408966,0.0206636177995299,-5.96129078309944
"Mouth_Dumbfounded",1,3012,-0.0640320595216124,0.0415729334888794,-0.145515009159816,0.0174508901165912,-6.20250719787838
"Mouth_Dumbfounded",1,3013,-0.0630320807411822,0.0349748845565167,-0.131582854471955,0.0055186929895905,-6.1086647830268
"Mouth_Dumbfounded",1,3017,-0.0625501529312994,0.0377098728121579,-0.136461503643129,0.0113611977805301,-6.06340503238844
"Mouth_Dumbfounded",1,3018,-0.0605537045263357,0.0427870958346003,-0.144416412362152,0.023309003309481,-5.8756781360198
"Mouth_Dumbfounded",1,3019,-0.0660797490285711,0.0381981812648884,-0.140948184307752,0.00878868625061023,-6.39437882586501
"Mouth_Dumbfounded",1,3021,-0.0579304814106651,0.0412761528317497,-0.138831740960894,0.0229707781395643,-5.6284449069725
"Mouth_Dumbfounded",1,3022,-0.0633789227829396,0.0450664715107688,-0.151709206944046,0.0249513613781672,-6.14122459855393
"Mouth_Dumbfounded",1,3024,-0.0593714584900297,0.0410707425395634,-0.139870113867574,0.0211271968875146,-5.76433422459598
"Mouth_Dumbfounded",1,3025,-0.0628994858789055,0.0427333425973633,-0.146656837369738,0.0208578656119265,-6.0962144489578
"Mouth_Dumbfounded",1,3026,-0.0620446377373012,0.0418440443656104,-0.144058964693898,0.0199696892192952,-6.01590665179482
"Mouth_Dumbfounded",1,3028,-0.0605660767460497,0.0400778999164908,-0.139118760582372,0.0179866070902722,-5.87684265560647
"Mouth_Dumbfounded",1,3029,-0.0634235402350388,0.0436606850655945,-0.148998482963604,0.0221514024935266,-6.14541224454774
"Mouth_Dumbfounded",1,3035,-0.0616219066836003,0.0378255265987242,-0.1357599388171,0.0125161254498992,-5.97616825824789
"Mouth_Dumbfounded",1,3037,-0.0698468731864541,0.0405236794128496,-0.149273284835639,0.0095795384627311,-6.746339466758
"Mouth_Dumbfounded",1,3038,-0.0646518848004441,0.0400289157048835,-0.143108559582016,0.0138047899811275,-6.26062724101147
"Mouth_Dumbfounded",1,3040,-0.0664071234667416,0.0371551918360986,-0.139231299465495,0.00641705253201169,-6.42501789800833
"Mouth_Dumbfounded",1,3041,-0.0649317638149268,0.0374781846939826,-0.138389005815133,0.00852547818527907,-6.2868592532114
"Mouth_Dumbfounded",1,3043,-0.061495121117252,0.0414277717713616,-0.142693553789121,0.0197033115546166,-5.96424663776155
"Mouth_Dumbfounded",1,3046,-0.0648697183349394,0.0368503438283863,-0.137096392238577,0.00735695556869767,-6.2810445960279
"Mouth_Dumbfounded",1,3048,-0.0679325088157906,0.0356170572122667,-0.137741940951833,0.00187692332025206,-6.56764699492106
"Mouth_Dumbfounded",1,3050,-0.0615805293728204,0.0407500178191693,-0.141450564298392,0.0182895055527513,-5.97227772445185
"Mouth_Dumbfounded",1,3051,-0.060259912056171,0.0419543598351106,-0.142490457332988,0.0219706332206458,-5.84802105647488
"Mouth_Dumbfounded",1,3055,-0.0580866141515648,0.0389065867828692,-0.134343524245988,0.0181702959428588,-5.64317824632388
"Mouth_Dumbfounded",1,3060,-0.0561191761563094,0.04239095284473,-0.13920544373198,0.0269670914193614,-5.45735431150005
"Mouth_Dumbfounded",1,3061,-0.0639867851358354,0.0341574475345053,-0.130935382303466,0.00296181203179496,-6.19826047787125
"Mouth_Dumbfounded",1,3062,-0.064473884812922,0.0379578116488875,-0.138871195644742,0.00992342601889747,-6.24394014872299
"Mouth_Dumbfounded",1,3063,-0.0618058315795856,0.0409116003927497,-0.141992568349375,0.0183809051902039,-5.99345999148226
"Mouth_Dumbfounded",1,3064,-0.0688606455207279,0.034460140472746,-0.13640252084731,-0.00131877019414565,-6.65432476054355
"Mouth_Dumbfounded",1,3069,-0.0645803662033556,0.0347430635600055,-0.132676770780966,0.00351603837425514,-6.25392289283986
"Mouth_Dumbfounded",1,3071,-0.0603877977605432,0.0390405593816585,-0.136907294148594,0.0161316986275074,-5.86006097873673
"Mouth_Dumbfounded",1,3074,-0.0664935086489429,0.0396050639483117,-0.144119433987634,0.011132416689748,-6.43310104074979
"Mouth_Dumbfounded",1,3075,-0.0613551260780611,0.0374867135830249,-0.13482908470079,0.0121188325446677,-5.95108117725618
"Mouth_Dumbfounded",1,3078,-0.068099713078816,0.040737321266295,-0.147944862760754,0.0117454366031222,-6.58326797666424
"Mouth_Dumbfounded",1,3081,-0.0669196297300226,0.0379673844718943,-0.141335703294935,0.0074964438348902,-6.47296337519387
"Mouth_Dumbfounded",1,3082,-0.0696683734238451,0.0425518453229629,-0.153069990256852,0.0137332434091621,-6.72969222477022
"Mouth_Dumbfounded",1,3083,-0.0598866243554089,0.0387453694842473,-0.135827548544534,0.0160542998337159,-5.81286872017364
"Mouth_Dumbfounded",1,3085,-0.0671301047376039,0.0450716659321872,-0.155470569964691,0.0212103604894831,-6.49264640747069
"Mouth_Dumbfounded",1,3087,-0.0652564570484521,0.0414324580637265,-0.146464074853356,0.015951160756452,-6.31728233655234
"Mouth_Dumbfounded",1,3088,-0.0677612489040266,0.039371790201971,-0.14492995769989,0.00940745989183664,-6.55164440812782
"Mouth_Dumbfounded",1,3089,-0.067391771044972,0.0365962778648651,-0.139120475660107,0.00433693357016358,-6.51711093048672
"Mouth_Dumbfounded",1,3090,-0.0663669087815363,0.0384534657483651,-0.141735701648332,0.00900188408525934,-6.42125473389329
"Mouth_Dumbfounded",1,3091,-0.0643936756407622,0.0370364244764977,-0.136985067614698,0.00819771633317319,-6.23641975117896
"Mouth_Dumbfounded",1,3093,-0.0597872870543135,0.0419865554465009,-0.142080935729455,0.0225063616208282,-5.80351196002442
"Mouth_Dumbfounded",1,3094,-0.0663656321771284,0.0344667969543786,-0.13392055420771,0.00118928985345376,-6.42113527077834
"Mouth_Dumbfounded",1,3095,-0.0632886864309177,0.0379555871318642,-0.137681637209371,0.0111042643475361,-6.13275474291776
"Mouth_Dumbfounded",1,3097,-0.0672479278631266,0.039839956865971,-0.14533424332043,0.0108383875941765,-6.50366308710776
"Mouth_Dumbfounded",1,3101,-0.0666577390960981,0.0382971694763203,-0.141720191269686,0.00840471307748966,-6.44846631264752
"Mouth_Dumbfounded",1,3102,-0.0625984011581795,0.0421034859980986,-0.145121233714453,0.0199244313980939,-6.06793719719944
"Mouth_Dumbfounded",1,3104,-0.0627434278824166,0.0383437492361517,-0.137897176385274,0.0124103206204408,-6.08155886879149
"Mouth_Dumbfounded",1,3105,-0.0619783510712288,0.0429550334823485,-0.146170216696632,0.0222135145541742,-6.00967655309898
"Mouth_Dumbfounded",1,3106,-0.0609203347176374,0.0351191632186681,-0.129753894626227,0.0079132251909521,-5.91018062893667
"Mouth_Dumbfounded",1,3108,-0.057871826818207,0.0422877411557996,-0.140755799483574,0.0250121458471601,-5.62290941952959
"Mouth_Dumbfounded",1,3109,-0.0663847863792671,0.0389996249712639,-0.142824051322944,0.0100544785644101,-6.42292768210312
"Mouth_Dumbfounded",1,3110,-0.0611976170372796,0.0431898221085962,-0.145849668370128,0.0234544342955691,-5.93626645557019
"Mouth_Dumbfounded",1,3111,-0.0656159202794497,0.0410583844112144,-0.14609035372543,0.0148585131665305,-6.35095177710678
"Mouth_Dumbfounded",1,3112,-0.0585615263495609,0.0427704511509058,-0.142391610605336,0.0252685579062144,-5.68797881292904
"Mouth_Dumbfounded",1,3116,-0.0626983063548544,0.0405807157156867,-0.1422365091576,0.0168398964478915,-6.07732102965323
"Mouth_Dumbfounded",1,3117,-0.0665559065846686,0.0377987886995122,-0.140641532435713,0.00752971926637536,-6.43893923994943
"Mouth_Dumbfounded",1,3118,-0.0615988732818337,0.0373806478131247,-0.134864942995558,0.0116671964318907,-5.97400254461397
"Mouth_Dumbfounded",1,3119,-0.0600589844576698,0.0391913263706872,-0.136873984144217,0.0167560152288771,-5.8291014247772
"Mouth_Dumbfounded",1,3122,-0.0657232561065185,0.0340958724671561,-0.132551166142144,0.00110465392910747,-6.3610031357069
"Mouth_Dumbfounded",1,3126,-0.0663675816131356,0.0348649006515124,-0.1347027868901,0.00196762366382862,-6.42131769660895
"Mouth_Dumbfounded",1,3127,-0.0658737047690053,0.0358457183042562,-0.136131312645348,0.00438390310733695,-6.3750899378449
"Mouth_Dumbfounded",1,3128,-0.0600525625974446,0.0420566364525358,-0.142483570044415,0.0223784448495256,-5.82849667048744
"Mouth_Dumbfounded",1,3129,-0.0619089908482337,0.0362103459567359,-0.132881268923436,0.00906328722696871,-6.00315713721387
"Mouth_Dumbfounded",1,3130,-0.0630817444948397,0.0396970641988707,-0.140887990324626,0.0147245013349468,-6.11332766338056
"Mouth_Dumbfounded",1,3135,-0.0608393433435648,0.038811473382287,-0.136909831172847,0.0152311444857177,-5.90255985657532
"Mouth_Dumbfounded",1,3137,-0.0664184556492228,0.0389088434852859,-0.142679788880383,0.00984287758193762,-6.42607830077284
"Mouth_Dumbfounded",1,3138,-0.065083948618499,0.0432329913768914,-0.149820611717206,0.0196527144802081,-6.3011198839749
"Mouth_Dumbfounded",1,3141,-0.0634132154185759,0.0399103979785485,-0.141637595456531,0.0148111646193791,-6.14444320815242
"Mouth_Dumbfounded",1,3143,-0.0597651732358936,0.0428638826820502,-0.143778383292712,0.0242480368209247,-5.80142889295993
"Mouth_Dumbfounded",1,3144,-0.0591885577155673,0.0399545573665672,-0.137499490154039,0.0191223747229044,-5.74709687202917
"Mouth_Dumbfounded",1,3145,-0.0574735966399844,0.0408269441870439,-0.137494407246591,0.0225472139666216,-5.58531812943132
"Mouth_Dumbfounded",1,3146,-0.0655547248844489,0.0384169133495627,-0.140851875049592,0.00974242528069393,-6.34522071125371
"Mouth_Dumbfounded",1,3147,-0.0666130436068216,0.0384011210891662,-0.141879240941587,0.00865315372794408,-6.44428488763208
"Mouth_Dumbfounded",1,3148,-0.0616468882680277,0.0427827098387193,-0.145500999551918,0.0222072230158621,-5.97851709319981
"Mouth_Dumbfounded",1,3149,-0.0600502556864294,0.0388312188364263,-0.136159444605825,0.0160589332329662,-5.8282794249585
"Mouth_Dumbfounded",1,3151,-0.0611332572153512,0.0382326905496451,-0.136069330692656,0.0138028162619532,-5.93021233561041
"Mouth_Dumbfounded",1,3154,-0.0592438657522344,0.0373641818454301,-0.132477662169277,0.0139899306648085,-5.75230967089518
"Mouth_Dumbfounded",1,3157,-0.0631146080690033,0.0354648862374996,-0.132625785094503,0.00639656895649582,-6.11641306430094
"Mouth_Dumbfounded",1,3158,-0.062475835308237,0.0402932367987978,-0.141450579433881,0.0164989088174067,-6.05642362851441
"Mouth_Dumbfounded",1,3161,-0.0586998230623056,0.0411275224205633,-0.13930976700661,0.0219101208819986,-5.70102095356814
"Mouth_Dumbfounded",1,3162,-0.0611699169449845,0.0422500125329789,-0.143979941509623,0.0216401076196541,-5.93366084538174
"Mouth_Dumbfounded",1,3164,-0.0644326067777646,0.0401598840080311,-0.143145979433506,0.0142807658779764,-6.24007000291277
"Mouth_Dumbfounded",1,3165,-0.0643899400766617,0.0422279338319831,-0.147156690387348,0.0183768102340252,-6.23606949066043
"Mouth_Dumbfounded",1,3167,-0.0574062487056349,0.039773578479522,-0.135362462525498,0.0205499651142283,-5.57895928150982
"Mouth_Dumbfounded",1,3168,-0.0625292037339038,0.042138409019842,-0.145120485412794,0.0200620779449864,-6.06143711550473
"Mouth_Dumbfounded",1,3169,-0.0621885816331368,0.0432015024582361,-0.14686352645128,0.022486363185006,-6.02943411471673
"Mouth_Dumbfounded",1,3174,-0.0680348852730811,0.0348004353586335,-0.136243738576003,0.00017396802984064,-6.57721177860534
"Mouth_Dumbfounded",1,3177,-0.0634454794503173,0.0424035842569186,-0.146556504593878,0.0196655456932432,-6.14747131796607
"Mouth_Dumbfounded",1,3178,-0.0641362563137718,0.0335403050705423,-0.129875254252035,0.00160274162449114,-6.21228008658029
"Mouth_Dumbfounded",1,3179,-0.0544244210741591,0.0413446520878233,-0.135459939166293,0.0266110970179747,-5.29699183305956
"Mouth_Dumbfounded",1,3180,-0.0667777308514145,0.0392088342521242,-0.143627045985578,0.010071584282749,-6.45969105193566
"Mouth_Dumbfounded",1,3181,-0.0637933817438005,0.0387094302598218,-0.139663865053051,0.0120771015654503,-6.18011714883476
"Mouth_Dumbfounded",1,3183,-0.0634477829630672,0.0432013491782355,-0.148122427352409,0.0212268614262743,-6.14768750821351
"Mouth_Dumbfounded",1,3185,-0.0615318910033971,0.0378486317782089,-0.135715209288687,0.0126514272818923,-5.96770425813771
"Mouth_Dumbfounded",1,3187,-0.0690267079723675,0.0441126194558079,-0.155487442105751,0.0174340261610161,-6.6698246852104
"Mouth_Dumbfounded",1,3188,-0.0673662076313917,0.0417636497552889,-0.149222961151758,0.0144905458889746,-6.51472115818552
"Mouth_Dumbfounded",1,3189,-0.0638744194633492,0.0345223235151317,-0.131538173553007,0.00378933462630886,-6.18771979013483
"Mouth_Dumbfounded",1,3191,-0.0655414014264852,0.0388572647470941,-0.14170164033079,0.0106188374778192,-6.34397289742618
"Mouth_Dumbfounded",1,3193,-0.0662247155674664,0.0413217061044299,-0.147215259532149,0.0147658283972162,-6.4079475252603
"Mouth_Dumbfounded",1,3195,-0.0575373541062037,0.0400109592226501,-0.135958834182598,0.0208841259701905,-5.59133757842684
"Mouth_Dumbfounded",1,3196,-0.062011067322016,0.0416825685436598,-0.143708901667589,0.0196867670235572,-6.01275151379157
"Mouth_Dumbfounded",1,3198,-0.0620661235535249,0.0434885322308202,-0.147303646725932,0.0231713996188827,-6.01792595505918
"Mouth_Dumbfounded",1,3199,-0.0673892820895291,0.0399035743379215,-0.145600287791855,0.0108217236127969,-6.51687825545161
"Mouth_Dumbfounded",1,3217,-0.0653803985627602,0.0361548994682357,-0.136244001520502,0.00548320439498176,-6.32889279492029
"Mouth_Dumbfounded",1,3219,-0.065248476173066,0.0372288461829687,-0.138217014691685,0.00772006234555259,-6.3165346634733
"Mouth_Dumbfounded",1,3222,-0.0640387288957732,0.037755760486095,-0.138040019448519,0.00996256165697293,-6.20313276636715
"Mouth_Dumbfounded",1,3225,-0.0597506694806616,0.041250287099872,-0.140601232196411,0.0210998932350876,-5.80006265003358
"Mouth_Dumbfounded",1,3228,-0.0630761626893644,0.0413097325642052,-0.144043238515207,0.0178909131364778,-6.11280360477626
"Mouth_Dumbfounded",1,3230,-0.0699777972589306,0.0430190168836462,-0.154295070350877,0.0143394758330159,-6.75854781656747
"Mouth_Dumbfounded",1,3232,-0.0585008361193912,0.0395679901955027,-0.136054096902577,0.0190524246637941,-5.68225482096198
"Mouth_Dumbfounded",1,3234,-0.0635463495094471,0.0406519988874991,-0.143224267328945,0.0161315683100511,-6.15693775063587
"Mouth_Dumbfounded",1,3237,-0.062211287156615,0.0432254945694971,-0.146933256512829,0.0225106821995994,-6.03156774138404
"Mouth_Dumbfounded",1,3243,-0.0556277804338722,0.0425793676677037,-0.139083341062571,0.0278277801948271,-5.41088504335611
"Mouth_Dumbfounded",1,3245,-0.058872237279186,0.0401743965465982,-0.137614054510519,0.0198695799521466,-5.71727803667664
"Mouth_Dumbfounded",1,3246,-0.0591240970683546,0.0402874254614015,-0.138087450972701,0.0198392568359923,-5.741021073069
"Mouth_Dumbfounded",1,3249,-0.062700032090951,0.0415949179165333,-0.144226071207356,0.0188260070254543,-6.07748311527075
"Mouth_Dumbfounded",1,3250,-0.0638124489013672,0.0314180034297195,-0.125391735623617,-0.00223316217911688,-6.18190601026967
"Mouth_Dumbfounded",1,3251,-0.0672911943868544,0.0407289806659508,-0.147119996492118,0.0125376077184092,-6.50770826107634
"Mouth_Dumbfounded",1,3252,-0.0576018441988514,0.0386869642241305,-0.133428294078147,0.0182246056804444,-5.59742580549587
"Mouth_Dumbfounded",1,3258,-0.0592460959970117,0.0406925634369999,-0.139003520333532,0.0205113283395082,-5.75251986607992
"Mouth_Dumbfounded",1,3261,-0.0641646023333098,0.0359689082823656,-0.134663662566746,0.00633445790012672,-6.21493855744266
"Mouth_Dumbfounded",1,3263,-0.0660483907971566,0.0393479981538109,-0.143170467178626,0.0110736855843128,-6.39144347311104
"Mouth_Dumbfounded",1,3267,-0.0664414604737686,0.041016080646935,-0.146832978541761,0.0139500575942239,-6.42823092766309
"Mouth_Dumbfounded",1,3268,-0.0579423373084521,0.0409479812923483,-0.138200380641455,0.0223157060245506,-5.62956375985116
"Mouth_Dumbfounded",1,3269,-0.0615398057620119,0.0424360722457422,-0.144714507363667,0.0216348958396429,-5.96844849811525
"Mouth_Dumbfounded",1,3274,-0.0594824323257501,0.0392005527796816,-0.136315515773926,0.0173506511224258,-5.77479133764504
"Mouth_Dumbfounded",1,3275,-0.0646955248944363,0.042784184150044,-0.148552525828523,0.01916147603965,-6.2647179467894
"Mouth_Dumbfounded",1,3276,-0.0626515286117882,0.0423032022306595,-0.145565804983881,0.0202627477603044,-6.07292743594786
"Mouth_Dumbfounded",1,3277,-0.0567521381749925,0.0411726497558685,-0.137450531696495,0.0239462553465097,-5.51717728053577
"Mouth_Dumbfounded",1,3278,-0.0609784882781538,0.0401349907287828,-0.139643070106568,0.0176860935502605,-5.91565212784633
"Mouth_Dumbfounded",1,3280,-0.0677838569813763,0.0400413398129194,-0.146264883014698,0.0106971690519457,-6.55375707189751
"Mouth_Dumbfounded",1,3282,-0.0638775989284536,0.0406993097095947,-0.143648245959259,0.015893048102352,-6.18801806253195
"Mouth_Dumbfounded",1,3287,-0.0674802627696371,0.0400117498593059,-0.145903292493877,0.0109427669546025,-6.52538302655574
"Mouth_Dumbfounded",1,3288,-0.0604064412947141,0.0346069872215158,-0.128236136248885,0.00742325365945694,-5.86181606354618
"Mouth_Dumbfounded",1,3289,-0.0625100546938346,0.0378815631747309,-0.136757918516307,0.011737809128638,-6.05963826497694
"Mouth_Dumbfounded",1,3290,-0.0627069105672362,0.0381063726557565,-0.137395400972519,0.0119815798380465,-6.0781291568539
"Mouth_Dumbfounded",1,3291,-0.0643175792585345,0.0363711884220102,-0.135605108565675,0.00696995004860551,-6.22928441045394
"Mouth_Dumbfounded",1,3294,-0.0587272783883416,0.040774227417821,-0.138644764127271,0.0211902073505876,-5.703609927242
"Mouth_Dumbfounded",1,3295,-0.0694006935993046,0.0388218432803816,-0.145491506428853,0.00669011923024336,-6.70472230332711
"Mouth_Dumbfounded",1,3298,-0.065293036923356,0.0405317442502912,-0.144735255653927,0.0141491818072148,-6.32070917596806
"Mouth_Dumbfounded",1,3300,-0.062103386354119,0.0373936534703034,-0.135394947155914,0.0111881744476757,-6.02142792509673
"Mouth_Dumbfounded",1,3301,-0.0584811117094648,0.03912513350674,-0.135166373382675,0.0182041499637457,-5.68039444074534
"Mouth_Dumbfounded",1,3302,-0.0553467921421903,0.0423037399207801,-0.138262122386919,0.0275685381025387,-5.3843028750686
"Mouth_Dumbfounded",1,3304,-0.0623332657118142,0.0384778145004623,-0.13774978213272,0.0130832507090919,-6.04302917594646
"Mouth_Dumbfounded",1,3307,-0.0660331940301942,0.039257650431857,-0.142978188876634,0.0109118008162456,-6.39002091488269
"Mouth_Dumbfounded",1,3308,-0.0613378611091024,0.0401202210192151,-0.139973494306764,0.0172977720885592,-5.94945741157501
"Mouth_Dumbfounded",1,3311,-0.0617378827895053,0.0413851314522879,-0.14285274043599,0.019376974856979,-5.98707214380826
"Mouth_Dumbfounded",1,3314,-0.056652623474959,0.0417306693537168,-0.138444735408244,0.025139488458326,-5.50777438291901
"Mouth_Dumbfounded",1,3315,-0.0676964885929832,0.0407377434484934,-0.14754246575203,0.0121494885660638,-6.54559246759253
"Mouth_Dumbfounded",1,3316,-0.0602992047416668,0.0381096007495976,-0.134994022210878,0.0143956127275445,-5.85172046789193
"Mouth_Dumbfounded",1,3321,-0.0594611447281467,0.0411856010582155,-0.140184922802249,0.0212626333459556,-5.77278548796916
"Mouth_Dumbfounded",1,3322,-0.0610774769508387,0.0414783296710335,-0.142375003106064,0.0202200492043869,-5.92496495162298
"Mouth_Dumbfounded",1,3326,-0.0633172420037139,0.042118444748588,-0.145869393710946,0.0192349097035187,-6.1354351376026
"Mouth_Dumbfounded",1,3328,-0.0669686092409079,0.0416139626110267,-0.14853197595852,0.0145947574767045,-6.47754417151882
"Mouth_Dumbfounded",1,3329,-0.0644724173257921,0.0359331768801998,-0.134901444010984,0.00595660935939961,-6.24380256281085
"Mouth_Dumbfounded",1,3332,-0.0596021201893998,0.041238077158127,-0.140428751419329,0.0212245110405291,-5.78606827670195
"Mouth_Dumbfounded",1,3333,-0.0646352150980998,0.0443468302723844,-0.151555002431973,0.0222845722357736,-6.25906462054546
"Mouth_Dumbfounded",1,3335,-0.0592592388456531,0.0430157103980618,-0.143570031225854,0.025051553534548,-5.7537585383063
"Mouth_Dumbfounded",1,3336,-0.064589905605944,0.0387060247610978,-0.140453714137696,0.0112739029258077,-6.25481717014503
"Mouth_Dumbfounded",1,3340,-0.058311336047328,0.038691484202336,-0.134146645083907,0.0175239729892507,-5.66437990785855
"Mouth_Dumbfounded",1,3341,-0.0631435114498408,0.0375044644128482,-0.136652261699023,0.0103652387993416,-6.11912657815348
"Mouth_Dumbfounded",1,3342,-0.06471059454822,0.0381879550924032,-0.13955898652933,0.0101377974328902,-6.26613049439394
"Mouth_Dumbfounded",1,3343,-0.0647731235449552,0.0371997944818089,-0.137684720729301,0.00813847363939035,-6.27199139597416
"Mouth_Dumbfounded",1,3345,-0.0623682569675371,0.0407104158521361,-0.142160672037724,0.0174241581026497,-6.04631679082029
"Mouth_Dumbfounded",1,3346,-0.0600782925662923,0.0395562770822301,-0.137608595647463,0.0174520105148787,-5.83091966916247
"Mouth_Dumbfounded",1,3347,-0.061862780667999,0.0388976931348374,-0.13810225921228,0.0143766978762823,-5.99881342580261
"Mouth_Dumbfounded",1,3352,-0.0693464543115286,0.0363327854924589,-0.140558713876748,0.00186580525369082,-6.6996618966768
"Mouth_Dumbfounded",1,3353,-0.0650318394775851,0.0334812723474525,-0.130655133278592,0.00059145432342185,-6.29623718861203
"Mouth_Dumbfounded",1,3354,-0.0583417757584689,0.041911982986003,-0.140489262411035,0.0238057108940969,-5.66725141318034
"Mouth_Dumbfounded",1,3355,-0.0676131417356102,0.0410896637581974,-0.148148882701677,0.0129225992304566,-6.53780301180823
"Mouth_Dumbfounded",1,3356,-0.067250562601406,0.037915671259333,-0.141565278269699,0.00706415306688672,-6.50390942516109
"Mouth_Dumbfounded",1,3357,-0.0654774711836637,0.044163629199788,-0.152038184415248,0.0210832420479208,-6.33798525347808
"Mouth_Dumbfounded",1,3358,-0.0623110480980598,0.0416077707073524,-0.14386227868447,0.0192401824883509,-6.04094165306935
"Mouth_Dumbfounded",1,3359,-0.0682708450670512,0.0380376095732128,-0.142824559830548,0.0062828696964458,-6.5992531999193
"Mouth_Dumbfounded",1,3360,-0.0682673263138256,0.0340037773588304,-0.134914729937133,-0.00161992269051808,-6.598924545162
"Mouth_Dumbfounded",1,3363,-0.062568204338069,0.0390940304599901,-0.13919250403965,0.0140560953635117,-6.06510070477008
"Mouth_Dumbfounded",1,3365,-0.0674637262897494,0.0421858493474984,-0.150147991010846,0.0152205384313474,-6.52383727265152
"Mouth_Dumbfounded",1,3367,-0.0649192843433566,0.0389354476487206,-0.141232761734849,0.0113941930481357,-6.28568975543835
"Mouth_Dumbfounded",1,3368,-0.0661597456034934,0.039454127109642,-0.143489834738392,0.0111703435314049,-6.40186665544806
"Mouth_Dumbfounded",1,3370,-0.067994082795166,0.0383942912121888,-0.143246893571056,0.00725872798072391,-6.57339981958402
"Mouth_Dumbfounded",1,3371,-0.0621438077206297,0.0390315731650203,-0.138645691124069,0.01435807568281,-6.02522659062857
"Mouth_Dumbfounded",1,3375,-0.0583996444392707,0.0433153444075763,-0.14329771947812,0.0264984305995789,-5.67271016695049
"Mouth_Dumbfounded",1,3376,-0.0642564995709059,0.0394600963897958,-0.141598288494906,0.0130852893530939,-6.22355674951693
"Mouth_Dumbfounded",1,3378,-0.0607253931703681,0.0396375651609813,-0.138415020885891,0.0169642345451552,-5.89183682603961
"Mouth_Dumbfounded",1,3379,-0.0601130259886016,0.0371587078941971,-0.132944093461228,0.0127180414840248,-5.83419042679546
"Mouth_Dumbfounded",1,3383,-0.0631971749310629,0.0393386600970759,-0.140300948721332,0.0139065988592059,-6.12416441746626
"Mouth_Dumbfounded",1,3384,-0.061573895651112,0.03730635870409,-0.134694358711128,0.0115465674089044,-5.97165396864049
"Mouth_Dumbfounded",1,3386,-0.0594851142809703,0.0406377076587058,-0.139135021292034,0.020164792730093,-5.77504404509641
"Mouth_Dumbfounded",1,3387,-0.0665000368200034,0.0370369127541296,-0.139092385818097,0.00609231217809064,-6.43371185947803
"Mouth_Dumbfounded",1,3389,-0.0625744527329733,0.0392868973288997,-0.139576771497617,0.01442786603167,-6.06568764528245
"Mouth_Dumbfounded",1,3390,-0.0634594556111392,0.0428125810260011,-0.147372114422101,0.0204532031998229,-6.14878300683427
"Mouth_Dumbfounded",1,3393,-0.0656580501223678,0.0400764011812959,-0.144207796437708,0.0128916961929722,-6.35489711368906
"Mouth_Dumbfounded",1,3394,-0.0645219072999496,0.0410411573880711,-0.144962575780569,0.0159187611806698,-6.24844243978449
"Mouth_Dumbfounded",1,3396,-0.0651911932764177,0.0418826616667839,-0.147281210143314,0.0168988235904788,-6.31116804950465
"Mouth_Dumbfounded",1,3406,-0.0650396297435614,0.0369175553540081,-0.137398038237417,0.00731877875029452,-6.29696716300398
"Mouth_Dumbfounded",1,3407,-0.0651064964868299,0.0409407449152879,-0.145350356520794,0.0151373635471343,-6.30323257016814
"Mouth_Dumbfounded",1,3410,-0.0631699405728972,0.0380461589249964,-0.13774041206589,0.0114005309200956,-6.12160773452225
"Mouth_Dumbfounded",1,3411,-0.0630912171528269,0.0440059402821568,-0.149342860105854,0.0231604258002004,-6.11421701550489
"Mouth_Dumbfounded",1,3413,-0.0660830959236811,0.0401823572392493,-0.14484051611261,0.0126743242652474,-6.39469211353652
"Mouth_Dumbfounded",1,3414,-0.0656272622786828,0.032797083924906,-0.129909546771499,-0.00134497778586713,-6.35201393851639
"Mouth_Dumbfounded",1,3415,-0.0607290795734399,0.0375121482486501,-0.134252890140794,0.0127947309939144,-5.89218374602198
"Mouth_Dumbfounded",1,3416,-0.0635649621461332,0.0404774004950317,-0.142900667116395,0.015770742824129,-6.1586844012041
"Mouth_Dumbfounded",1,3417,-0.0626525509386913,0.0398536784187027,-0.140765760639349,0.0154606587619659,-6.07302346007199
"Mouth_Dumbfounded",1,3418,-0.0691029752821273,0.0387929950798669,-0.145137245638666,0.00693129507441191,-6.67694245517104
"Mouth_Dumbfounded",1,3420,-0.0639640777137076,0.0413046109203075,-0.14492111511751,0.0169929596900951,-6.19613045799206
"Mouth_Dumbfounded",1,3421,-0.0664207540871922,0.0361604273923486,-0.137295191776195,0.00445368360181105,-6.42629337438025
"Mouth_Dumbfounded",1,3423,-0.0611716756538066,0.0405445144063011,-0.140638923890157,0.0182955725825435,-5.9338262805368
"Mouth_Dumbfounded",1,3424,-0.0634788217743994,0.0405670026138791,-0.142990146897602,0.0160325033488037,-6.15060052722547
"Mouth_Dumbfounded",1,3425,-0.058458092513205,0.0394952619696183,-0.135868805973657,0.0189526209472469,-5.67822325424444
"Mouth_Dumbfounded",1,3428,-0.0601294888689873,0.0393586613068835,-0.137272465030479,0.0170134872925043,-5.83574065449424
"Mouth_Dumbfounded",1,3429,-0.0621558222854814,0.0404296728090913,-0.1413979809913,0.0170863364203375,-6.02635564985554
"Mouth_Dumbfounded",1,3430,-0.063304555804158,0.0380560189234644,-0.137894352894148,0.0112852412858322,-6.13424434544823
"Mouth_Dumbfounded",1,3431,-0.061453775774934,0.0413198412282921,-0.142440664582386,0.0195331130325186,-5.96035861697343
"Mouth_Dumbfounded",1,3432,-0.0666206501992517,0.0363809678983665,-0.13792734728005,0.00468604688154671,-6.44499652511987
"Mouth_Dumbfounded",1,3434,-0.0660912833191197,0.0410510687481394,-0.146551378065473,0.0143688114272335,-6.39545849407001
"Mouth_Dumbfounded",1,3438,-0.0666778204354082,0.0391177763711085,-0.143348662122781,0.00999302125196447,-6.4503449338758
"Mouth_Dumbfounded",1,3440,-0.0597671525639023,0.0417220358913646,-0.141542342910977,0.0220080377831724,-5.80161534264557
"Mouth_Dumbfounded",1,3442,-0.0691642820809942,0.0353118915516807,-0.138375589522288,4.70253602999904e-05,-6.68266361771471
"Mouth_Dumbfounded",1,3445,-0.0601961434252094,0.03948566992996,-0.137588056487931,0.0171957696375123,-5.84201692223965
"Mouth_Dumbfounded",1,3447,-0.0605182878993705,0.0366177986707918,-0.132289173294123,0.0112525974953815,-5.87234451099147
"Mouth_Dumbfounded",1,3448,-0.0629636418407078,0.0414055428713379,-0.14411850586853,0.0181912221871145,-6.10223874338744
"Mouth_Dumbfounded",1,3449,-0.0583171178900635,0.0437118904229992,-0.143992423119142,0.0273581873390149,-5.66492534000147
"Mouth_Dumbfounded",1,3451,-0.0628015357816497,0.039255619726919,-0.139742550446411,0.0141394788831116,-6.08701611354881
"Mouth_Dumbfounded",1,3452,-0.0583913624067218,0.0400221836367883,-0.136834842334827,0.0200521175213833,-5.67192894203079
"Mouth_Dumbfounded",1,3453,-0.0618513870100337,0.0392927468726013,-0.138865170880332,0.0151623968602648,-5.99774240233303
"Mouth_Dumbfounded",1,3454,-0.061782311490236,0.0408700521816911,-0.141887613766351,0.0183229907858786,-5.99124892325966
"Mouth_Dumbfounded",1,3455,-0.0622450670652776,0.0401106654803758,-0.140861971406814,0.016371837276259,-6.03474193283066
"Mouth_Dumbfounded",1,3456,-0.0636069833447826,0.0381555010518049,-0.13839176540632,0.0111777987167549,-6.16262764291795
"Mouth_Dumbfounded",1,3459,-0.0607534974329072,0.0413048594291934,-0.141711021914126,0.0202040270483117,-5.89448162939924
"Mouth_Dumbfounded",1,3460,-0.0614890871949461,0.0409510417918331,-0.141753129106939,0.0187749547170467,-5.96367923161995
"Mouth_Dumbfounded",1,3463,-0.0585920655384193,0.0395311620074505,-0.136073143073022,0.0188890119961837,-5.69085898157645
"Mouth_Dumbfounded",1,3464,-0.0627784503963536,0.0439419043661284,-0.148904582953965,0.0233476821612581,-6.08484807110654
"Mouth_Dumbfounded",1,3469,-0.0679261591134775,0.0397635339466274,-0.145862685648867,0.0100103674219122,-6.56705372540952
"Mouth_Dumbfounded",1,3475,-0.066764209031028,0.0385242800718012,-0.142271797971758,0.00874337990970241,-6.45842620812769
"Mouth_Dumbfounded",1,3479,-0.0602081417711853,0.0427292126619381,-0.143957398588584,0.0235411150462134,-5.84314665551953
"Mouth_Dumbfounded",1,3483,-0.0604009353613923,0.0418461949024918,-0.142419477370276,0.0216176066474916,-5.86129774355547
"Mouth_Dumbfounded",1,3484,-0.0629981062232922,0.0411326233033696,-0.143618047897897,0.0176218354513123,-6.10547481599026
"Mouth_Dumbfounded",1,3485,-0.0631562847385734,0.0410183337906609,-0.143552218968269,0.017239649491122,-6.12032573799755
"Mouth_Dumbfounded",1,3486,-0.0573593013324944,0.0399805794251043,-0.135721237005699,0.0210026343407102,-5.57452635762264
"Mouth_Dumbfounded",1,3487,-0.0637667988337828,0.037739764196837,-0.137736736659583,0.0102031389920177,-6.17762311018181
"Mouth_Dumbfounded",1,3490,-0.0605662318747134,0.0359706913870552,-0.131068786993342,0.00993632324391488,-5.87685725680496
"Mouth_Dumbfounded",1,3491,-0.0630939733852438,0.039622234939413,-0.140753553866493,0.0145656070960057,-6.11447578618682
"Mouth_Dumbfounded",1,3492,-0.0637612399026734,0.0397037416603672,-0.141580573556993,0.0140580937516463,-6.17710155660252
"Mouth_Dumbfounded",1,3493,-0.063046716901906,0.0412503168700842,-0.143897337967271,0.017803904163459,-6.11003898164308
"Mouth_Dumbfounded",1,3495,-0.0562983677033285,0.0414449091461173,-0.137530389629718,0.0249336542230614,-5.47429403666715
"Mouth_Dumbfounded",1,3497,-0.0609451344367195,0.041548787102985,-0.14238075715857,0.0204904882851311,-5.91251400109195
"Mouth_Dumbfounded",1,3498,-0.0609497843442657,0.0397929980996101,-0.138944060619501,0.01704449193097,-5.91295149818594
"Mouth_Dumbfounded",1,3499,-0.0601361286311388,0.0381584939141604,-0.134926776702893,0.0146545194406155,-5.83636588070379
"Mouth_Dumbfounded",1,3501,-0.0622089548587289,0.0378419655019342,-0.13637920724252,0.0119612975250621,-6.03134857875255
"Mouth_Dumbfounded",1,3502,-0.0629029963917008,0.0440450008635582,-0.149231198084275,0.0234252053008733,-6.09654409881989
"Mouth_Dumbfounded",1,3503,-0.0599663218283196,0.0443745506234394,-0.146940441050261,0.0270077973936216,-5.8203748974017
"Mouth_Dumbfounded",1,3505,-0.0633955799705742,0.0408142171220532,-0.143391445529798,0.0166002855886501,-6.1427880087659
"Mouth_Dumbfounded",1,3506,-0.0617588947794872,0.0423690799896923,-0.144802291559284,0.0212845020003097,-5.98904752175315
"Mouth_Dumbfounded",1,3507,-0.0582857061784708,0.038360471551985,-0.133472230420361,0.0169008180634198,-5.6619620673027
"Mouth_Dumbfounded",1,3508,-0.0600498351408721,0.0417281476710255,-0.141837004576082,0.0217373342943379,-5.82823982145146
"Mouth_Dumbfounded",1,3509,-0.0682293133519135,0.04018410133588,-0.146990151970238,0.0105315252664113,-6.59537402615573
"Mouth_Dumbfounded",1,3511,-0.0588075012447397,0.0399768755559175,-0.137162177334338,0.0195471748448585,-5.71117434957783
"Mouth_Dumbfounded",1,3514,-0.0588244042408921,0.0437312276178067,-0.144537610371793,0.026888801890009,-5.7127680997654
"Mouth_Dumbfounded",1,3515,-0.0622910992955586,0.0423639111283695,-0.145324365107163,0.0207421665160456,-6.03906726367535
"Mouth_Dumbfounded",1,3516,-0.0671840177535501,0.0435033751163042,-0.152450632981506,0.0180825974744061,-6.4976875350236
"Mouth_Dumbfounded",1,3517,-0.0607000599664214,0.0430936736118213,-0.145163660245591,0.0237635403127484,-5.88945273455067
"Mouth_Dumbfounded",1,3519,-0.0582627286981573,0.040959197105327,-0.138542755024598,0.0220172976282837,-5.65979439198951
"Mouth_Dumbfounded",1,3521,-0.0622166931088086,0.0376434668866259,-0.135997888206595,0.0115645019889783,-6.03207572886346
"Mouth_Dumbfounded",1,3522,-0.066186653178753,0.0361994901105964,-0.137137653795522,0.00476434743801585,-6.40438512038215
"Mouth_Dumbfounded",1,3524,-0.0656194855682129,0.0345082447858117,-0.133255645348404,0.00201667421197814,-6.3512856624109
"Mouth_Dumbfounded",1,3526,-0.0609177146147695,0.0407779288721493,-0.140842455204182,0.0190070259746432,-5.90993410360813
"Mouth_Dumbfounded",1,3528,-0.0626249594616008,0.0397639496932986,-0.140562300860466,0.0153123819372644,-6.07043184029746
"Mouth_Dumbfounded",1,3529,-0.0590931307813488,0.0410278694624958,-0.139507754927841,0.0213214933651429,-5.73810217728122
"Mouth_Dumbfounded",1,3531,-0.0648790857920309,0.0423564688132282,-0.147897764665958,0.0181395930818964,-6.28192250020942
"Mouth_Dumbfounded",1,3532,-0.0593836256651527,0.038318716520126,-0.1344883100446,0.0157210587142943,-5.765480799469
"Mouth_Dumbfounded",1,3533,-0.0641082761247985,0.0403162050319061,-0.143128037987335,0.0149114857377375,-6.20965585174061
"Mouth_Dumbfounded",1,3535,-0.060925115882926,0.03983339889786,-0.138998577722732,0.0171483459568797,-5.91063048683963
"Mouth_Dumbfounded",1,3536,-0.0660482809394389,0.041250116390992,-0.146898509065783,0.0148019471869055,-6.39143318948809
"Mouth_Dumbfounded",1,3537,-0.0616003361152909,0.0418725495312756,-0.143670533196591,0.0204698609660092,-5.97414008888829
"Mouth_Dumbfounded",1,3538,-0.0678174630814297,0.0406329926379983,-0.147458128651906,0.0118232024890469,-6.55689738291988
"Mouth_Dumbfounded",1,3542,-0.0599909532913244,0.0414619792784672,-0.14125643267712,0.0212745260944713,-5.82269465078364
"Mouth_Dumbfounded",1,3545,-0.0569330913618937,0.04355690776683,-0.14230463058488,0.0284384478610932,-5.53427270163216
"Mouth_Dumbfounded",1,3546,-0.0612334008470629,0.0390642585038504,-0.13779934751461,0.0153325458204839,-5.93963235409616
"Mouth_Dumbfounded",1,3548,-0.0593298925470151,0.0423394609073716,-0.142315235925464,0.0236554508314332,-5.76041714887451
"Mouth_Dumbfounded",1,3549,-0.0609796285828461,0.0388386745431944,-0.137103430687507,0.0151441735218149,-5.9157594126085
"Mouth_Dumbfounded",1,3550,-0.0623228841393473,0.0395787733696833,-0.139897279943926,0.0152515116652319,-6.04205374978185
"Mouth_Dumbfounded",1,3552,-0.056996100089732,0.0424374405870794,-0.140173483640408,0.0261812834609436,-5.54022467941832
"Mouth_Dumbfounded",1,3553,-0.059363106698385,0.0407524365709128,-0.139237882377374,0.0205116689806041,-5.76354718466333
"Mouth_Dumbfounded",1,3556,-0.0622490749322489,0.037890420541684,-0.136514299193949,0.0120161493294517,-6.03511853233023
"Mouth_Dumbfounded",1,3558,-0.0567632513064206,0.0410828613594121,-0.137285659570868,0.0237591569580272,-5.51822727472798
"Mouth_Dumbfounded",1,3559,-0.0675909332908087,0.0416216834448961,-0.149169432842805,0.0139875662611877,-6.53572733871675
"Mouth_Dumbfounded",1,3561,-0.0670807402372059,0.0414343929915644,-0.148292150500672,0.0141306700262603,-6.48803034974331
"Mouth_Dumbfounded",1,3563,-0.0668840534201197,0.0401677907801825,-0.145612923349277,0.011844816509038,-6.46963596916655
"Mouth_Dumbfounded",1,3566,-0.0665182584459236,0.0433188639811262,-0.151423231848931,0.0183867149570837,-6.43541677384607
"Mouth_Dumbfounded",1,3570,-0.0637193535415356,0.0394708798606491,-0.141082278068408,0.0136435709853367,-6.17317157448957
"Mouth_Dumbfounded",1,3574,-0.0626378391957041,0.0430192789911747,-0.146955626018407,0.0216799476269982,-6.07164162036896
"Mouth_Dumbfounded",1,3576,-0.0612102795673207,0.0375949855194928,-0.134896451185527,0.0124758920508852,-5.93745753288094
"Mouth_Dumbfounded",1,3579,-0.0629163538784234,0.0413546124866374,-0.143971394352233,0.018138686595386,-6.09779840460809
"Mouth_Dumbfounded",1,3582,-0.06781242361353,0.0409351009713146,-0.148045221517307,0.0124203742902466,-6.55642647821724
"Mouth_Dumbfounded",1,3585,-0.0566653567055974,0.0417349337582051,-0.138465826871679,0.0251351134604845,-5.50897756656111
"Mouth_Dumbfounded",1,3587,-0.060180404126963,0.0402875190675283,-0.139143941499318,0.0187831332453926,-5.84053492999898
"Mouth_Dumbfounded",1,3588,-0.0580497167575133,0.0425501554023344,-0.141448021346089,0.0253485878310622,-5.63969666125987
"Mouth_Dumbfounded",1,3589,-0.0642479800832784,0.0406347758549256,-0.143892140758933,0.0153961805923757,-6.22275781886568
"Mouth_Dumbfounded",1,3590,-0.0648639615750227,0.0431646838515166,-0.149466741923995,0.0197388187739499,-6.28050507694905
"Mouth_Dumbfounded",1,3592,-0.060198763714323,0.0435626706878458,-0.145581598262501,0.0251840708338548,-5.84226364305442
"Mouth_Dumbfounded",1,3593,-0.0614399639175356,0.0424900312150405,-0.144720425099015,0.0218404972639437,-5.95905974588696
"Mouth_Dumbfounded",1,3596,-0.0581537925890285,0.0415326713901403,-0.139557828513703,0.0232502433356465,-5.64951677726465
"Mouth_Dumbfounded",1,3597,-0.0585103085726225,0.039938274439616,-0.13678932647427,0.0197687093290249,-5.68314823716065
"Mouth_Dumbfounded",1,3598,-0.0579198897210947,0.0408364512832915,-0.137959334236346,0.0221195547941567,-5.62744534746318
"Mouth_Dumbfounded",1,3599,-0.0627415845667653,0.039870751186173,-0.140888256891664,0.0154050877581337,-6.08138574729945
"Mouth_Dumbfounded",1,3600,-0.0575171950360362,0.0407686961487149,-0.137423839487517,0.022389449415445,-5.58943436839325
"Mouth_Dumbfounded",1,3604,-0.0626349661597365,0.0372274076207331,-0.135600685096373,0.0103307527769003,-6.0713717604293
"Mouth_Dumbfounded",1,3607,-0.0647537304347658,0.0345833553276071,-0.132537106876876,0.00302964600734418,-6.27017370075015
"Mouth_Dumbfounded",1,3608,-0.0608174224477369,0.0370999521926769,-0.133533328745384,0.0118984838499098,-5.90049713378398
"Mouth_Dumbfounded",1,3610,-0.0638180318257172,0.0411275981737981,-0.144428124246361,0.016792060594927,-6.18242978812896
"Mouth_Dumbfounded",1,3611,-0.0655038843593069,0.0367148722396635,-0.137465033949047,0.00645726523043354,-6.34045913205305
"Mouth_Dumbfounded",1,3612,-0.0618856936031999,0.0388818443789889,-0.138094108586018,0.0143227213796183,-6.00096724422414
"Mouth_Dumbfounded",1,3614,-0.0623169810497598,0.0420836964315492,-0.144801026055596,0.0201670639560766,-6.04149910597063
"Mouth_Dumbfounded",1,3616,-0.059822874472057,0.0394308850557247,-0.137107409181277,0.0174616602371635,-5.80686411014674
"Mouth_Dumbfounded",1,3617,-0.0654591072280089,0.0400805443571444,-0.144016974168012,0.013098759711994,-6.3362652325996
"Mouth_Dumbfounded",1,3618,-0.0596974990010767,0.042813764628666,-0.143612477673262,0.0242174796711086,-5.79505386102914
"Mouth_Dumbfounded",1,3619,-0.0604501796525719,0.035060419760783,-0.129168602383707,0.00826824307856278,-5.86593342307934
"Mouth_Dumbfounded",1,3620,-0.0621336168097568,0.0379598330278473,-0.136534889544338,0.0122676559248239,-6.02426889720858
"Mouth_Dumbfounded",1,3623,-0.0595272480913606,0.0373711373204134,-0.132774677239371,0.0137201810566497,-5.77901401788902
"Mouth_Dumbfounded",1,3624,-0.0631442674452542,0.0377368252886202,-0.13710844501095,0.0108199101204414,-6.11919755163637
"Mouth_Dumbfounded",1,3627,-0.0588203151445064,0.0435342453191885,-0.144147435970116,0.0265068056811032,-5.71238254939793
"Mouth_Dumbfounded",1,3629,-0.0626646361299512,0.0421522540919397,-0.145283054150153,0.0199537818902507,-6.07415857868886
"Mouth_Dumbfounded",1,3632,-0.0653649368648364,0.0440448525436073,-0.151692847850307,0.020962974120634,-6.32744446935973
"Mouth_Dumbfounded",1,3633,-0.0624149466396446,0.039943641883585,-0.140704484731471,0.015874591452182,-6.0507033550782
"Mouth_Dumbfounded",1,3636,-0.0672188974134468,0.0464253090647216,-0.158212503180301,0.0237747083534075,-6.50094880700557
"Mouth_Dumbfounded",1,3642,-0.0596521677038039,0.0430917170794965,-0.144111933179617,0.0248075977720092,-5.79078333181756
"Mouth_Dumbfounded",1,3645,-0.0661062862457873,0.0419395631178153,-0.148307829956705,0.0160952574651307,-6.3968628256074
"Mouth_Dumbfounded",1,3646,-0.0655772255369847,0.0403317045909299,-0.144627366535207,0.013472915461238,-6.34732798119324
"Mouth_Dumbfounded",1,3650,-0.0627162910078278,0.0357934576877818,-0.13287146807588,0.00743888606022455,-6.07901018125139
"Mouth_Dumbfounded",1,3651,-0.0624980896969715,0.0449525202083808,-0.150605029305398,0.0256088499114548,-6.05851426211912
"Mouth_Dumbfounded",1,3652,-0.0765209647551142,0.0354231563329664,-0.145950351167728,-0.00709157834249996,-7.36665062696009
"Mouth_Dumbfounded",1,3653,-0.0719447723524898,0.0412256749965871,-0.1527470953458,0.00885755064082087,-6.9417711737354
"Mouth_Dumbfounded",1,3654,-0.066323346884825,0.0429529836582192,-0.150511194854935,0.0178645010852847,-6.41717817746701
"Mouth_Dumbfounded",1,3657,-0.0657630247723442,0.0413650699066781,-0.146838561789433,0.0153125122447448,-6.36472695963521
"Mouth_Dumbfounded",1,3661,-0.0666502175811673,0.0405620902457104,-0.14615191446276,0.012851479300425,-6.44776266074384
"Mouth_Dumbfounded",1,3666,-0.0598947555677571,0.0418056607632322,-0.141833850663692,0.022044339528178,-5.81363457262488
"Mouth_Dumbfounded",1,3667,-0.0624455113420212,0.0322085122703449,-0.125574195391897,0.000683172707854764,-6.05357484348532
"Mouth_Dumbfounded",1,3669,-0.0597045911889635,0.0402784960790802,-0.138650443503961,0.0192412611260337,-5.79572197783782
"Mouth_Dumbfounded",1,3670,-0.0599952120351375,0.0430713617502751,-0.144415081065677,0.0244246569954017,-5.82309572694609
"Mouth_Dumbfounded",1,3671,-0.0616566629816267,0.0389034552577399,-0.137907435286797,0.0145941093235435,-5.97943612177575
"Mouth_Dumbfounded",1,3673,-0.0608649912461432,0.0409113574079122,-0.141051251765651,0.0193212692733646,-5.9049732276039
"Mouth_Dumbfounded",1,3674,-0.061672242632372,0.0399561914083557,-0.139986377792749,0.0166418925280051,-5.98090091791331
"Mouth_Dumbfounded",1,3675,-0.0626121371039196,0.0378425302480824,-0.136783496390161,0.0115592221823219,-6.06922743405602
"Mouth_Dumbfounded",1,3676,-0.0579624673491729,0.037067639900841,-0.130615041554821,0.0146901068564755,-5.63146342145533
"Mouth_Dumbfounded",1,3679,-0.0662133591701706,0.0412567738439238,-0.147076635904261,0.01464991756392,-6.40688465069348
"Mouth_Dumbfounded",1,3680,-0.0605138906739529,0.0361651344265383,-0.131397554149968,0.0103697728020621,-5.87193060956225
"Mouth_Dumbfounded",1,3682,-0.0645351200579978,0.037879792990505,-0.138779514319388,0.00970927420339203,-6.24968114824778
"Mouth_Dumbfounded",1,3683,-0.0650760993207126,0.0391094448140836,-0.141730611156316,0.0115784125148914,-6.30038441067614
"Mouth_Dumbfounded",1,3684,-0.0572445511326564,0.0389247570816369,-0.133537075012665,0.019047972747352,-5.56369039394978
"Mouth_Dumbfounded",1,3685,-0.0688629641087828,0.0419911859774659,-0.151165688624616,0.0134397604070503,-6.65454119046023
"Mouth_Dumbfounded",1,3687,-0.0642547405386454,0.0373879036826298,-0.1375350317566,0.00902555067930903,-6.2233917935829
"Mouth_Dumbfounded",1,3690,-0.0644853436763236,0.0435333345235588,-0.149810679342499,0.0208399919898515,-6.24501448045058
"Mouth_Dumbfounded",1,3691,-0.0636055065991934,0.0400749293250611,-0.142152368076313,0.0149413548779263,-6.1624890688899
"Mouth_Dumbfounded",1,3693,-0.0603281420167216,0.0440941735296034,-0.146752722134744,0.0260964381013011,-5.8544448231348
"Mouth_Dumbfounded",1,3694,-0.0605791596778267,0.0385509286812581,-0.136138979893093,0.0149806605374392,-5.87807405439747
"Mouth_Dumbfounded",1,3696,-0.0642160998345704,0.0388008614194529,-0.140265788216698,0.0118335885475574,-6.21976812940602
"Mouth_Dumbfounded",1,3697,-0.0640019238661737,0.0375858515422765,-0.137670192889036,0.0096663451566882,-6.19968050636239
"Mouth_Dumbfounded",1,3700,-0.0631174300655135,0.0369242798560467,-0.135489018583365,0.00925415845233807,-6.1166780030818
"Mouth_Dumbfounded",1,3703,-0.066356199956969,0.0388008239102818,-0.142405814821121,0.00969341490718328,-6.42025261016123
"Mouth_Dumbfounded",1,3704,-0.0647176851980219,0.0403951211705329,-0.143892122692266,0.0144567522962226,-6.26679512608084
"Mouth_Dumbfounded",1,3706,-0.0644625549712765,0.0335275702369072,-0.130176592635615,0.00125148269306162,-6.24287790139404
"Mouth_Dumbfounded",1,3708,-0.0640115957362611,0.0402270877650845,-0.142856687755827,0.0148334962833044,-6.20058772647943
"Mouth_Dumbfounded",1,3709,-0.0629219236826,0.0366888099594918,-0.134831991203204,0.00898814383800396,-6.09832142002619
"Mouth_Dumbfounded",1,3711,-0.0623867681926121,0.0366498272682823,-0.134220429638445,0.00944689325322121,-6.04805597249956
"Mouth_Dumbfounded",1,3712,-0.0605095726194721,0.0398437002312228,-0.138603225072669,0.0175840798337246,-5.8715241585529
"Mouth_Dumbfounded",1,3713,-0.0686334836370019,0.0425194646055113,-0.151971634263804,0.0147046669898002,-6.63311777250001
"Mouth_Dumbfounded",1,3722,-0.0636242972754333,0.0363632876205696,-0.13489634101175,0.00764774646088312,-6.16425232261054
"Mouth_Dumbfounded",1,3723,-0.0690879872714793,0.0392881451140792,-0.146092751695075,0.00791677715211593,-6.67554371770874
"Mouth_Dumbfounded",1,3724,-0.0629686440791214,0.0401602564652829,-0.141682746751076,0.0157454585928332,-6.10270844120098
"Mouth_Dumbfounded",1,3725,-0.060040484233008,0.0377544129797737,-0.134039133673364,0.0139581652073485,-5.82735922588146
"Mouth_Dumbfounded",1,3726,-0.0617507515021981,0.0433396338533489,-0.146696433854762,0.0231949308503656,-5.98828196138184
"Mouth_Dumbfounded",1,3727,-0.065051218397666,0.0385641164085487,-0.140636886558421,0.0105344497630895,-6.29805304874808
"Mouth_Dumbfounded",1,3731,-0.0663604242748141,0.0396568288443248,-0.144087808809691,0.0113669602600625,-6.4206479199231
"Mouth_Dumbfounded",1,3732,-0.0603998393504909,0.0401778842846394,-0.139148492548384,0.0183488138474023,-5.86119456645501
"Mouth_Dumbfounded",1,3734,-0.0648440770801776,0.0370788386201222,-0.137518600775617,0.00783044661526193,-6.27864149360722
"Mouth_Dumbfounded",1,3736,-0.0604769953134631,0.0355029153517751,-0.130062709402942,0.00910871877601616,-5.86845765644234
"Mouth_Dumbfounded",1,3738,-0.0591627772629881,0.040835141053869,-0.139199653728571,0.0208740992025952,-5.74466695820762
"Mouth_Dumbfounded",1,3742,-0.0620902618981345,0.0422852469278645,-0.144969345876749,0.02078882208048,-6.02019449937005
"Mouth_Dumbfounded",1,3748,-0.0651249547722759,0.0420982031042119,-0.147637432856531,0.0173875233119794,-6.30496203588519
"Mouth_Dumbfounded",1,3751,-0.0697296422367302,0.0385702245382283,-0.145327282331658,0.00586799785819721,-6.73540661074643
"Mouth_Dumbfounded",1,3752,-0.0584052363745721,0.0372813266568283,-0.131476636621956,0.0146661638728113,-5.67323763757761
"Mouth_Dumbfounded",1,3754,-0.0618730395836663,0.04129231843995,-0.142805983725968,0.0190599045586356,-5.99977777110172
"Mouth_Dumbfounded",1,3755,-0.0669318543898039,0.0384122958754304,-0.142219954305647,0.00835624552603956,-6.47410670440856
"Mouth_Dumbfounded",1,3756,-0.0590518101509216,0.0382606343540243,-0.134042653484809,0.015939033182966,-5.73420713576569
"Mouth_Dumbfounded",1,3757,-0.0574095968011416,0.0371980759724904,-0.130317825707223,0.0154986321049396,-5.57927541164278
"Mouth_Dumbfounded",1,3761,-0.0649185437306231,0.0422992665482683,-0.147825106165229,0.0179880187039827,-6.28562034940115
"Mouth_Dumbfounded",1,3763,-0.0581405106994901,0.0420291249315573,-0.140517595565342,0.0242365741663621,-5.64826361624644
"Mouth_Dumbfounded",1,3765,-0.0623780675083991,0.0391903399138806,-0.139191133739605,0.014434998722807,-6.0472385227472
"Mouth_Dumbfounded",1,3768,-0.0650979485251795,0.0363469836017332,-0.136338036384577,0.00614213933421766,-6.30243165037027
"Mouth_Dumbfounded",1,3771,-0.0697833091257426,0.0392930975246575,-0.146797780274071,0.00723116202258609,-6.74041169702373
"Mouth_Dumbfounded",1,3772,-0.0615248380503374,0.0372289972660161,-0.134493672691729,0.0114439965910541,-5.96704105043095
"Mouth_Dumbfounded",1,3773,-0.0588721222135636,0.0383326208378237,-0.134004059055698,0.0162598146285709,-5.71726718797594
"Mouth_Dumbfounded",1,3774,-0.0631705683313582,0.040506720621997,-0.142563740750472,0.0162226040877559,-6.1216666674588
"Mouth_Dumbfounded",1,3775,-0.060805667083301,0.0427928740130587,-0.144679700148896,0.023068365982294,-5.89939095333278
"Mouth_Dumbfounded",1,3776,-0.0626804116698617,0.0419402257884384,-0.144883254215201,0.0195224308754776,-6.07564029786134
"Mouth_Dumbfounded",1,3782,-0.0628632335417626,0.0339835132412363,-0.129470919494586,0.0037444524110606,-6.09281015555858
"Mouth_Dumbfounded",1,3783,-0.0636254991445382,0.0430100535062562,-0.1479252040168,0.020674205727724,-6.16436510082884
"Mouth_Dumbfounded",1,3784,-0.0636423459667043,0.0391807853051276,-0.140436685164754,0.0131519932313457,-6.1659459197669
"Mouth_Dumbfounded",1,3785,-0.0610400114797316,0.0379409062603418,-0.135404187750002,0.0133241647905383,-5.9214403200899
"Mouth_Dumbfounded",1,3787,-0.0632608662340556,0.0396844569640174,-0.14104240188353,0.0145206694154186,-6.13014330135057
"Mouth_Dumbfounded",1,3788,-0.064833382090968,0.0405044203249231,-0.144222045927817,0.0145552817458812,-6.27763913932922
"Mouth_Dumbfounded",1,3789,-0.059772735859119,0.0389838898348205,-0.136181159935367,0.0166356882171292,-5.80214127856782
"Mouth_Dumbfounded",1,3791,-0.0694290668608801,0.0398611872850519,-0.147556993939582,0.00869886021782172,-6.70736935709201
"Mouth_Dumbfounded",1,3792,-0.0607924401766601,0.0415560814567135,-0.142242359831819,0.0206574794784983,-5.89814628513053
"Mouth_Dumbfounded",1,3794,-0.0618690632643628,0.041168850028155,-0.142560009319547,0.0188218827908209,-5.99940399546042
"Mouth_Dumbfounded",1,3795,-0.069935383321039,0.0424376448665801,-0.153113167259536,0.013242400617458,-6.75459299553647
"Mouth_Dumbfounded",1,3796,-0.0623589411247789,0.0446630319840466,-0.14989848381351,0.0251806015639524,-6.04544152900406
"Mouth_Dumbfounded",1,3797,-0.0628391654159716,0.0383775355084458,-0.138059135012525,0.0123808041805821,-6.09054995830149
"Mouth_Dumbfounded",1,3799,-0.0664193447503156,0.0379705233359099,-0.140841570488699,0.00800288098806781,-6.4261614974119
"Mouth_Dumbfounded",1,3800,-0.061113283446596,0.0360859779805659,-0.131841800288505,0.00961523339531321,-5.92833338865999
"Mouth_Dumbfounded",1,3801,-0.0647931373810497,0.043590115622709,-0.150229764001559,0.0206434892394599,-6.27386723420442
"Mouth_Dumbfounded",1,3802,-0.0685644321922518,0.0372648608074761,-0.141603559374905,0.00447469499040139,-6.62667043179385
"Mouth_Dumbfounded",1,3804,-0.066443968750582,0.0384233417737482,-0.141753718627129,0.00886578112596452,-6.4284656312675
"Mouth_Dumbfounded",1,3805,-0.062398587138312,0.0355217570323643,-0.132021230921746,0.00722405664512187,-6.04916637886249
"Mouth_Dumbfounded",1,3806,-0.0640210935891707,0.0398454964351151,-0.142118266601996,0.0140760794236549,-6.20147861526944
"Mouth_Dumbfounded",1,3808,-0.0605258654505295,0.037793664691962,-0.134601448246775,0.013549717345716,-5.87305776541404
"Mouth_Dumbfounded",1,3809,-0.0603213783136089,0.0399624068505116,-0.138647695740612,0.0180049391133938,-5.85380804839672
"Mouth_Dumbfounded",1,3810,-0.0633366461155265,0.0326749816157824,-0.12737961008246,0.000706317851406901,-6.13725647844362
"Mouth_Dumbfounded",1,3811,-0.0596022627330866,0.0433990468614921,-0.144664394581611,0.0254598691154379,-5.78608170630217
"Mouth_Dumbfounded",1,3813,-0.0628737522393753,0.0370400543072822,-0.135472258681649,0.00972475420289785,-6.09379793169715
"Mouth_Dumbfounded",1,3814,-0.0662571495452221,0.0374101436110205,-0.139581031022822,0.00706673193237814,-6.41098303858123
"Mouth_Dumbfounded",1,3817,-0.0636100191158982,0.0410121811405159,-0.143993894151309,0.0167738559195129,-6.16291251127011
"Mouth_Dumbfounded",1,3820,-0.058134956721421,0.0433479125377757,-0.143096865295461,0.0268269518526193,-5.64773958731656
"Mouth_Dumbfounded",1,3821,-0.0622690117945098,0.0401203362244071,-0.140904870794348,0.016366847205328,-6.03699187855503
"Mouth_Dumbfounded",1,3822,-0.0687777491151717,0.0414324363284314,-0.149985324318897,0.0124298260885539,-6.64658641885606
"Mouth_Dumbfounded",1,3823,-0.0637804513725748,0.0397612620753003,-0.141712525040163,0.0141516222950138,-6.17890401507802
"Mouth_Dumbfounded",1,3824,-0.0570471391286318,0.0391759137749397,-0.133831930127514,0.01973765187025,-5.54504569253439
"Mouth_Dumbfounded",1,3826,-0.0674691613757798,0.0371743555088539,-0.140330898173133,0.00539257542157394,-6.52434532225709
"Mouth_Dumbfounded",1,3828,-0.0597840187491001,0.039296025951616,-0.136804229614267,0.0172361921160673,-5.80320409664838
"Mouth_Dumbfounded",1,3830,-0.0693628494798835,0.0379080293920787,-0.143662587088358,0.00493688812859085,-6.701191558888
"Mouth_Dumbfounded",1,3831,-0.0642673533238011,0.0412272364929623,-0.145072736850007,0.0165380302024049,-6.22457457033576
"Mouth_Dumbfounded",1,3832,-0.0614105060087967,0.0393918196334042,-0.138618472490269,0.0157974604726755,-5.95628945564796
"Mouth_Dumbfounded",1,3833,-0.0640038993535619,0.0446267604416641,-0.151472349819224,0.0234645511120998,-6.19986580752753
"Mouth_Dumbfounded",1,3835,-0.0586898410221293,0.040609406534749,-0.138284277830237,0.0209045957859787,-5.70007965267267
"Mouth_Dumbfounded",1,3836,-0.0608830317166264,0.0409452626985331,-0.141135746605751,0.0193696831724985,-5.90667073084509
"Mouth_Dumbfounded",1,3839,-0.0575777423501324,0.0419527182165356,-0.139805070054542,0.0246495853542773,-5.59515050151455
"Mouth_Dumbfounded",1,3840,-0.0682385427344611,0.0385404945952777,-0.143777912141205,0.0073008266722832,-6.5962360892024
"Mouth_Dumbfounded",1,3841,-0.0589696187001238,0.0413761443795101,-0.140066861683964,0.0221276242837159,-5.72645897507766
"Mouth_Dumbfounded",1,3844,-0.0625662370494907,0.0394289330911118,-0.13984694590807,0.0147144718090884,-6.06491590753381
"Mouth_Dumbfounded",1,3845,-0.0606856702525209,0.0415276323002515,-0.142079829561014,0.0207084890559719,-5.88809850095701
"Mouth_Dumbfounded",1,3846,-0.0582935869649785,0.0401189969279869,-0.136926820943833,0.0203396470138758,-5.66270552230969
"Mouth_Dumbfounded",1,3850,-0.0599691890653637,0.0429117713405762,-0.144076260892893,0.0241378827621655,-5.82064493232447
"Mouth_Dumbfounded",1,3851,-0.0620778935769007,0.0426984209961986,-0.14576679872945,0.0216110115756486,-6.01903211975778
"Mouth_Dumbfounded",1,3852,-0.0571305605567253,0.0415512742378165,-0.138571058062846,0.0243099369493951,-5.55292493105998
"Mouth_Dumbfounded",1,3853,-0.0580698570078671,0.0432925910907099,-0.142923335545659,0.0267836215299243,-5.64159708225505
"Mouth_Dumbfounded",1,3855,-0.0684695631672711,0.041662527772894,-0.150128117602143,0.0131889912676012,-6.61781177485908
"Mouth_Dumbfounded",1,3856,-0.065682359252939,0.0403192922725092,-0.144708172107057,0.013343453601179,-6.35717351705367
"Mouth_Dumbfounded",1,3858,-0.0606134738023605,0.0383575334132351,-0.135794239292301,0.0145672916875802,-5.88130371047401
"Mouth_Dumbfounded",1,3859,-0.0582240256223625,0.0387396621552108,-0.134153763446576,0.0177057122018507,-5.65614306520303
"Mouth_Dumbfounded",1,3860,-0.05916733632386,0.0377418555980693,-0.133141373296076,0.0148067006483558,-5.7450966730289
"Mouth_Dumbfounded",1,3861,-0.0635635534199399,0.0396444052543232,-0.141266587718413,0.0141394808785336,-6.15855220439169
"Mouth_Dumbfounded",1,3863,-0.0608654920186634,0.039141750126342,-0.137583322266294,0.0158523382289668,-5.90502034779581
"Mouth_Dumbfounded",1,3864,-0.059629349424656,0.0410575383828728,-0.140102124655087,0.0208434258057748,-5.78863361508699
"Mouth_Dumbfounded",1,3866,-0.0635038234276903,0.0359118806448496,-0.133891109491596,0.00688346263621495,-6.15294688804108
"Mouth_Dumbfounded",1,3868,-0.0649334597602745,0.0378845643023416,-0.139187205792864,0.00932028627231507,-6.28701818544168
"Mouth_Dumbfounded",1,3869,-0.0605060429658763,0.037499585047979,-0.134005229659915,0.0129931437281626,-5.87119191705333
"Mouth_Dumbfounded",1,3873,-0.0595833562041758,0.0409041956105007,-0.139755579600757,0.0205888671924057,-5.78430043129334
"Mouth_Dumbfounded",1,3874,-0.0600572884382063,0.0413647089714449,-0.141132118022238,0.0210175411458258,-5.82894170896487
"Mouth_Dumbfounded",1,3880,-0.0619446615230507,0.0403647674495739,-0.141059605724216,0.0171702826781141,-6.0065100082295
"Mouth_Dumbfounded",1,3882,-0.0585722135792748,0.0392978562157689,-0.135596011762182,0.0184515846036324,-5.68898674177825
"Mouth_Dumbfounded",1,3884,-0.0598229997966999,0.0399618376552218,-0.138148201600935,0.0185022020075348,-5.80687591486713
"Mouth_Dumbfounded",1,3885,-0.0608303469856111,0.0405944128638928,-0.140395396198841,0.0187347022276188,-5.90171331851338
"Mouth_Dumbfounded",1,3887,-0.0600525848448183,0.0417712690766542,-0.14192427223506,0.0218191025454239,-5.82849876555604
"Mouth_Dumbfounded",1,3888,-0.0629676988169688,0.0463017158032063,-0.153719061791253,0.0277836641573155,-6.10261968360308
"Mouth_Dumbfounded",1,3890,-0.0618164678419525,0.0422043744866772,-0.14453704183584,0.0209041061519347,-5.99445986438855
"Mouth_Dumbfounded",1,3892,-0.0607312368063042,0.0394255246468931,-0.138005265114215,0.0165427915016062,-5.89238675827701
"Mouth_Dumbfounded",1,3894,-0.0678106174851841,0.0379805270736759,-0.142252450549589,0.00663121557922057,-6.55625770697794
"Mouth_Dumbfounded",1,3896,-0.0618866397142118,0.0423506682670157,-0.144893949517563,0.0211206700891391,-6.00105617770207
"Mouth_Dumbfounded",1,3897,-0.060432678058356,0.0420221792667176,-0.142796149421122,0.0219307933044105,-5.86428591242723
"Mouth_Dumbfounded",1,3898,-0.0654971527269513,0.04174061803892,-0.147308764083235,0.0163144586293319,-6.33982864833524
"Mouth_Dumbfounded",1,3901,-0.0657726198977016,0.0380841766844064,-0.140417606199138,0.00887236640373497,-6.36562539750759
"Mouth_Dumbfounded",1,3902,-0.0630004196567976,0.0360880932295562,-0.133733082386728,0.00773224307313261,-6.10569203447954
"Mouth_Dumbfounded",1,3904,-0.0665194074331851,0.041054252925765,-0.146985743167685,0.0139469283013144,-6.43552427829857
"Mouth_Dumbfounded",1,3905,-0.0666858660021926,0.0406201022922441,-0.146301266494991,0.0129295344906058,-6.45109759084551
"Mouth_Dumbfounded",1,3906,-0.065306977755123,0.0388106637937059,-0.141375878790787,0.0107619232805405,-6.3220151340984
"Mouth_Dumbfounded",1,3908,-0.0645957451381728,0.0399116306301399,-0.142822541173247,0.0136310508969014,-6.25536459656311
"Mouth_Dumbfounded",1,3909,-0.0611596076662938,0.0421013464105805,-0.143678246631032,0.0213590312984441,-5.93269108427722
"Mouth_Dumbfounded",1,3910,-0.0629633952101902,0.0423017814057591,-0.145874886765478,0.0199480963450975,-6.10221558533113
"Mouth_Dumbfounded",1,3911,-0.062737537160933,0.0383898021101481,-0.137981549296823,0.0125064749749573,-6.08100561978309
"Mouth_Dumbfounded",1,3912,-0.0640102154390084,0.0406142697784994,-0.143614184204867,0.0155937533268505,-6.20045825531901
"Mouth_Dumbfounded",1,3914,-0.0616725092856775,0.0378330265312402,-0.135825241286908,0.0124802227155533,-5.98092598841352
"Mouth_Dumbfounded",1,3915,-0.0607266079777357,0.0464374540766392,-0.151744017967949,0.0302908020124772,-5.89195114926014
"Mouth_Dumbfounded",1,3918,-0.0599486521146903,0.0395937591525601,-0.137552420053708,0.0176551158243275,-5.81871075569401
"Mouth_Dumbfounded",1,3919,-0.0658638772185521,0.0386599503069803,-0.141637379820234,0.00990962538312934,-6.3741698297964
"Mouth_Dumbfounded",1,3922,-0.0608521836312539,0.0389806731817496,-0.137254303067483,0.0155499358049754,-5.90376808702053
"Mouth_Dumbfounded",1,3924,-0.0636806971459635,0.0350264765431615,-0.13233259117056,0.00497119687863301,-6.16954449739027
"Mouth_Dumbfounded",1,3926,-0.0572817766475983,0.039997348597254,-0.135676579898216,0.0211130266030196,-5.56720576877285
"Mouth_Dumbfounded",1,3930,-0.0615612998902471,0.0355736065910749,-0.131285568808754,0.0081629690282597,-5.97046960262037
"Mouth_Dumbfounded",1,3931,-0.0608498644537021,0.0392924631999567,-0.137863092325617,0.0161633634182131,-5.90354986089872
"Mouth_Dumbfounded",1,3932,-0.0610284384114868,0.0358790409957902,-0.131351358763236,0.00929448194026203,-5.92035153619808
"Mouth_Dumbfounded",1,3935,-0.0690929027035858,0.0377587532616873,-0.143100059096493,0.00491425368932133,-6.67600244661004
"Mouth_Dumbfounded",1,3937,-0.0627106960795308,0.0419959372462008,-0.145022733082084,0.0196013409230227,-6.07848469857775
"Mouth_Dumbfounded",1,3939,-0.0627655014882722,0.0385882963371576,-0.138398562309101,0.0128675593325567,-6.08363196456316
"Mouth_Dumbfounded",1,3940,-0.0627464044180126,0.0420222596970832,-0.145110033424296,0.0196172245882704,-6.0818384199586
"Mouth_Dumbfounded",1,3941,-0.0635309151888416,0.0356794082255382,-0.133462555310896,0.00640072493321318,-6.1554893355489
"Mouth_Dumbfounded",1,3942,-0.0655170176604723,0.0410928063728876,-0.146058918151332,0.0150248828303874,-6.34168918293294
"Mouth_Dumbfounded",1,3943,-0.058420646125322,0.040339893313547,-0.137486837019874,0.0206455447692301,-5.67469117827528
"Mouth_Dumbfounded",1,3950,-0.0628876814866551,0.0346081013758186,-0.13071956018326,0.0049441972099494,-6.09510596529689
"Mouth_Dumbfounded",1,3953,-0.0596912963690111,0.0401102680927927,-0.138307421830885,0.0189248290928625,-5.79446954059731
"Mouth_Dumbfounded",1,3954,-0.0636286133897735,0.0365780992045681,-0.135321687830727,0.00806446105117996,-6.16465732755269
"Mouth_Dumbfounded",1,3955,-0.0627156239963988,0.0431340479603452,-0.147258357998675,0.0218271100058778,-6.07894753485686
"Mouth_Dumbfounded",1,3956,-0.0648152221047003,0.0373144035812963,-0.137951453124041,0.00832100891464033,-6.27593712708879
"Mouth_Dumbfounded",1,3957,-0.065327597223604,0.0384953015524133,-0.140778388266334,0.0101231938191262,-6.32394670444066
"Mouth_Dumbfounded",1,3959,-0.0647962196953064,0.0401174474105633,-0.14342641662001,0.0138339772293977,-6.27415612715443
"Mouth_Dumbfounded",1,3960,-0.0583584149214382,0.0406743811666938,-0.138080202008158,0.0213633721652817,-5.66882101809892
"Mouth_Dumbfounded",1,3961,-0.0641749128824596,0.0361641908213432,-0.135056726892292,0.00670690112737297,-6.21590552794319
"Mouth_Dumbfounded",1,3962,-0.0644021407155754,0.0402192076228861,-0.143231787656432,0.0144275062252814,-6.23721346354109
"Mouth_Dumbfounded",1,3966,-0.057322911467067,0.041172340952896,-0.138020699734743,0.0233748768006093,-5.57109016482297
"Mouth_Dumbfounded",1,3968,-0.0607506582318942,0.0436725736860787,-0.146348902656608,0.0248475861928201,-5.89421444453685
"Mouth_Dumbfounded",1,3972,-0.0604448301067392,0.0392683554517723,-0.137410806792213,0.0165211465787345,-5.86542984722882
"Mouth_Dumbfounded",1,3975,-0.0582740891584037,0.0398225491613505,-0.136326285514651,0.0197781071978433,-5.66086613405721
"Mouth_Dumbfounded",1,3976,-0.0600958921127174,0.0402076595507192,-0.138902904832127,0.0187111206066922,-5.83257698767949
"Mouth_Dumbfounded",1,3977,-0.0602723405534282,0.0382948398783143,-0.135330226714924,0.0147855456080678,-5.84919121681525
"Mouth_Dumbfounded",1,3979,-0.0615929731535568,0.0429730497943615,-0.145820150750505,0.0226342044433917,-5.97344777753103
"Mouth_Dumbfounded",1,3980,-0.0639683178255373,0.0409657138526726,-0.144261116976776,0.0163244813257009,-6.19652819604576
"Mouth_Dumbfounded",1,3982,-0.0639437222812915,0.0408492213558512,-0.14400819613876,0.0161207515761768,-6.19422102023158
"Mouth_Dumbfounded",1,3985,-0.0622936037096382,0.036018189913808,-0.132889255940702,0.0083020485214255,-6.03930258046355
"Mouth_Dumbfounded",1,3986,-0.0608432658403876,0.0404625346581162,-0.140149833770295,0.0184633020895202,-5.90292895276142
"Mouth_Dumbfounded",1,3988,-0.0612323773293437,0.0398569838452354,-0.139352065666005,0.0168873110073176,-5.93953608159393
"Mouth_Dumbfounded",1,3989,-0.0619767091386843,0.0425182152759306,-0.145312411079508,0.0213589928021396,-6.00952222720135
"Mouth_Dumbfounded",1,3992,-0.0605669467355345,0.04348446863316,-0.145796505256528,0.0246626117854591,-5.87692454172802
"Mouth_Dumbfounded",1,3993,-0.0608070448984994,0.0413058362209354,-0.141766483891533,0.020152394094534,-5.89952060649279
"Mouth_Dumbfounded",1,3994,-0.0583944927780607,0.0435060212764861,-0.143666294479974,0.0268773089238521,-5.67222422345871
"Mouth_Dumbfounded",1,3997,-0.0643091156701174,0.0404575189936527,-0.143605852897677,0.0149876215574418,-6.2284907703531
"Mouth_Dumbfounded",1,4000,-0.0606130172395073,0.0366289496740071,-0.132405758600561,0.0111797241215467,-5.88126073936368
"Mouth_Dumbfounded",1,4002,-0.0638136841945213,0.0431944868650659,-0.148474878450051,0.020847510061008,-6.18202190304732
"Mouth_Dumbfounded",1,4003,-0.0597445895743901,0.0416316279068068,-0.141342580271731,0.0218534011229513,-5.79948992150264
"Mouth_Dumbfounded",1,4004,-0.0652685221787667,0.0387441723202956,-0.141207099926546,0.0106700555690126,-6.31841262393064
"Mouth_Dumbfounded",1,4007,-0.0600232427640874,0.0418601345312672,-0.142069106445371,0.0220226209171964,-5.82573553722504
"Mouth_Dumbfounded",1,4008,-0.0624969174628851,0.0398573454236281,-0.140617314493196,0.0156234795674259,-6.05840414064287
"Mouth_Dumbfounded",1,4009,-0.0604079921252142,0.0418578025419337,-0.142449285107404,0.0216333008569758,-5.86196205579985
"Mouth_Dumbfounded",1,4011,-0.0631139894611285,0.0412906699117244,-0.144043702488108,0.0178157235658512,-6.11635498715679
"Mouth_Dumbfounded",1,4014,-0.0566444510219128,0.0444496614838464,-0.143765787530252,0.0304768854864261,-5.50700214648641
"Mouth_Dumbfounded",1,4015,-0.0630919871656025,0.0409196372604254,-0.143294476196036,0.0171105018648313,-6.1142893087294
"Mouth_Dumbfounded",1,4016,-0.0614005825722893,0.0406778896280879,-0.141129246243342,0.018328081098763,-5.95535621422698
"Mouth_Dumbfounded",1,4017,-0.0582268277333733,0.0363718867025404,-0.129515725670353,0.0130620702036059,-5.65640742679298
"Mouth_Dumbfounded",1,4018,-0.0700051408031324,0.0372127451983887,-0.142942121391974,0.00293183978570952,-6.76109733348013
"Mouth_Dumbfounded",1,4020,-0.0600342571767179,0.0409154108598956,-0.140228462462113,0.0201599481086774,-5.82677280572054
"Mouth_Dumbfounded",1,4023,-0.063791260542512,0.0384058287441198,-0.139066684880987,0.0114841637959628,-6.1799181377673
"Mouth_Dumbfounded",1,4024,-0.069277006004817,0.0409225123505781,-0.14948513021195,0.0109311182023161,-6.69318212117779
"Mouth_Dumbfounded",1,4026,-0.058201281156396,0.0440448861718631,-0.144529258053248,0.0281266957404557,-5.6539972401571
"Mouth_Dumbfounded",1,4027,-0.0665126138173989,0.0409876131603439,-0.146848335611673,0.0138231079768752,-6.43488863504011
"Mouth_Dumbfounded",1,4028,-0.0616691245196682,0.040160334590724,-0.140383380317487,0.0170451312781508,-5.98060775530901
"Mouth_Dumbfounded",1,4031,-0.0605937844676329,0.0388972301198064,-0.136832355502453,0.0156447865671877,-5.87945055771502
"Mouth_Dumbfounded",1,4033,-0.0654352384227427,0.0391751952519613,-0.142218621116587,0.0113481442711015,-6.33402956447268
"Mouth_Dumbfounded",1,4034,-0.062547507435116,0.0395424063342328,-0.140050623850212,0.0149556089799803,-6.06315652315627
"Mouth_Dumbfounded",1,4037,-0.0630136220471519,0.0388279778862454,-0.139116458704193,0.0130892146098891,-6.10693165560235
"Mouth_Dumbfounded",1,4038,-0.0660548985765465,0.0398819829062226,-0.144223585072743,0.0121137879196499,-6.39205265496371
"Mouth_Dumbfounded",1,4039,-0.0594419871410886,0.0435579029020557,-0.144815476829118,0.0259315025469406,-5.77098030461247
"Mouth_Dumbfounded",1,4040,-0.0674381480119348,0.0411524637407893,-0.148096976943882,0.0132206809200123,-6.52144628281367
"Mouth_Dumbfounded",1,4041,-0.0616780058343535,0.0394705099586042,-0.139040205353218,0.0156841936845108,-5.98144276741004
"Mouth_Dumbfounded",1,4042,-0.058288657779088,0.0367571632804325,-0.130332697808736,0.0137553822505597,-5.66224051510275
"Mouth_Dumbfounded",1,4044,-0.0565628051598991,0.041284175720513,-0.137479789572105,0.0243541792523063,-5.49928686926645
"Mouth_Dumbfounded",1,4046,-0.0611064048826124,0.0387813412726111,-0.13711783377693,0.0149050240117054,-5.92768630845666
"Mouth_Dumbfounded",1,4049,-0.0631551136959162,0.0385272203307968,-0.138668465544278,0.0123582381524455,-6.12021580082996
"Mouth_Dumbfounded",1,4052,-0.064920208042104,0.0377225876360703,-0.138856479808802,0.00901606372459379,-6.28577631918935
"Mouth_Dumbfounded",1,4053,-0.0592026191537092,0.0398770682736988,-0.137361672970159,0.0189564346627404,-5.74842219407821
"Mouth_Dumbfounded",1,4054,-0.060445035771431,0.0385282951304588,-0.13596049422713,0.0150704226842682,-5.8654492073842
"Mouth_Dumbfounded",1,4057,-0.0630397324150069,0.0430266274987017,-0.147371922312462,0.0212924574824485,-6.10938320615027
"Mouth_Dumbfounded",1,4058,-0.0631577641754067,0.0443154445738011,-0.150016035540057,0.0237005071892434,-6.12046462694281
"Mouth_Dumbfounded",1,4059,-0.064264588000521,0.037530914947885,-0.137825181298376,0.00929600529733368,-6.22431525061017
"Mouth_Dumbfounded",1,4060,-0.0648370976677389,0.0435625028809444,-0.15021960331439,0.0205454079789121,-6.2779873713092
"Mouth_Dumbfounded",1,4061,-0.0620702125187439,0.0396274852372236,-0.139740083583702,0.0155996585462143,-6.01831024370549
"Mouth_Dumbfounded",1,4063,-0.0630112564429001,0.0378329906390387,-0.137163918095416,0.0111414052096158,-6.10670954149795
"Mouth_Dumbfounded",1,4065,-0.061103092174071,0.0406459038428953,-0.140769063706146,0.0185628793580038,-5.92737467378341
"Mouth_Dumbfounded",1,4066,-0.0598497667392092,0.0406303258777388,-0.139485205459577,0.0197856719811587,-5.80939714306135
"Mouth_Dumbfounded",1,4072,-0.0629717275898517,0.0354543779503138,-0.132462308372467,0.00651885319276327,-6.10299797406065
"Mouth_Dumbfounded",1,4074,-0.060932197239117,0.0383921237183888,-0.136180759727159,0.0143163652489249,-5.91129676481986
"Mouth_Dumbfounded",1,4075,-0.0639022072036024,0.0405207626911038,-0.143322902078166,0.015518487670961,-6.19032658519122
"Mouth_Dumbfounded",1,4078,-0.0635396086742958,0.0346996375545541,-0.131550898281222,0.00447168093263019,-6.1563051678911
"Mouth_Dumbfounded",1,4081,-0.0582497642417392,0.0387821325676934,-0.134262744074418,0.0177632155909398,-5.65857131457718
"Mouth_Dumbfounded",1,4082,-0.0663587231864606,0.0376957101562111,-0.140242315092634,0.00752486871971317,-6.42048873304177
"Mouth_Dumbfounded",1,4085,-0.0637333966646606,0.0364843495291618,-0.135242721741818,0.00777592841249665,-6.17448918694186
"Mouth_Dumbfounded",1,4089,-0.0679658205367815,0.0424553441131791,-0.151178294998613,0.0152466539250495,-6.57075933555689
"Mouth_Dumbfounded",1,4090,-0.0629553412952512,0.0391114691124055,-0.139613820755566,0.0137031381650635,-6.10145933751711
"Mouth_Dumbfounded",1,4091,-0.059905463949395,0.0382445514883553,-0.134864784866571,0.0150538569677815,-5.81464315077084
"Mouth_Dumbfounded",1,4092,-0.063399038539702,0.0400012626955733,-0.141801513423026,0.0150034363436217,-6.14311261986036
"Mouth_Dumbfounded",1,4093,-0.0631286595619415,0.0394209911985927,-0.140393802311183,0.0141364831873003,-6.11773225959142
"Mouth_Dumbfounded",1,4095,-0.0605497221543023,0.0347931452901765,-0.128744286923048,0.00764484261444368,-5.87530329720638
"Mouth_Dumbfounded",1,4096,-0.0616777095871337,0.041564052112221,-0.143143251727087,0.0197878325528194,-5.98141491466972
"Mouth_Dumbfounded",1,4097,-0.0606516860836308,0.0422342522683001,-0.143430820529499,0.0221274483622375,-5.88490013185524
"Mouth_Dumbfounded",1,4104,-0.0627618803049397,0.0369120196483629,-0.135109438815731,0.0095856782058516,-6.08329187556081
"Mouth_Dumbfounded",1,4106,-0.063695041603444,0.0392331098950684,-0.140591936997778,0.01320185379089,-6.1708904347162
"Mouth_Dumbfounded",1,4107,-0.0620569419942864,0.0398800219012728,-0.140221784920781,0.0161079009322083,-6.01706304911758
"Mouth_Dumbfounded",1,4111,-0.0665675514046952,0.0401348298066996,-0.145231817825826,0.0120967150164361,-6.44002873531997
"Mouth_Dumbfounded",1,4112,-0.0634477204883826,0.0401399585221941,-0.142122039191883,0.0152265982151178,-6.1476816448197
"Mouth_Dumbfounded",1,4114,-0.0627439104474708,0.0438718618171266,-0.148732759609039,0.0232449387140972,-6.08160419053819
"Mouth_Dumbfounded",1,4115,-0.063428367427413,0.0369462761605423,-0.135843068702076,0.00898633384724985,-6.14586529760456
"Mouth_Dumbfounded",1,4116,-0.0606475848696483,0.0398430952985081,-0.138740051654724,0.0174448819154276,-5.8845141449002
"Mouth_Dumbfounded",1,4117,-0.0597228073375785,0.0420878711498178,-0.142215034791221,0.0227694201160643,-5.79743800133672
"Mouth_Dumbfounded",1,4118,-0.0625426765952028,0.0392953752136093,-0.139561612013877,0.0144762588234714,-6.06270272820736
"Mouth_Dumbfounded",1,4119,-0.0673328248883767,0.0362346134891013,-0.138352667327015,0.0036870175502618,-6.51160031105533
"Mouth_Dumbfounded",1,4120,-0.0660243560608111,0.0384846245624298,-0.141454220203174,0.00940550808155136,-6.38919358909765
"Mouth_Dumbfounded",1,4121,-0.0636706342237585,0.0396612549653232,-0.141406693955792,0.0140654255082749,-6.16860028406532
"Mouth_Dumbfounded",1,4124,-0.0584885789385176,0.0404529066474458,-0.137776275967511,0.0207991180904763,-5.68109874421463
"Mouth_Dumbfounded",1,4128,-0.0565476370374379,0.0423934940788464,-0.139638885431977,0.0265436113571011,-5.49785346000597
"Mouth_Dumbfounded",1,4129,-0.066151807478921,0.0378710510659951,-0.140379067568271,0.00807545261042937,-6.40112365885683
"Mouth_Dumbfounded",1,4130,-0.0627120966231551,0.0318634733664771,-0.12516450442145,-0.000259688824860015,-6.07861623966508
"Mouth_Dumbfounded",1,4132,-0.0574054854070448,0.0378911768849092,-0.131672192101467,0.0168612212873771,-5.57888721003507
"Mouth_Dumbfounded",1,4133,-0.0630238308818877,0.0420529348415575,-0.14544758317134,0.019399921407565,-6.10789018952714
"Mouth_Dumbfounded",1,4134,-0.0588224509263994,0.0382234426044349,-0.133740398431092,0.016095496578293,-5.71258392696897
"Mouth_Dumbfounded",1,4135,-0.0684290227583103,0.0393893937522383,-0.145632234512697,0.00877418899607672,-6.61402594601976
"Mouth_Dumbfounded",1,4137,-0.0629107659923306,0.040094896550854,-0.141496763232004,0.0156752312473432,-6.09727368833568
"Mouth_Dumbfounded",1,4138,-0.0605332249378513,0.0410389665584239,-0.140969599392362,0.0199031495166595,-5.87375048890301
"Mouth_Dumbfounded",1,4139,-0.0541296823967179,0.0373794036353267,-0.127393313521958,0.0191339487285224,-5.26907507981137
"Mouth_Dumbfounded",1,4142,-0.0597758666543366,0.0423238007737938,-0.142730516170972,0.0231787828622993,-5.80243619231176
"Mouth_Dumbfounded",1,4143,-0.0670720914335011,0.0392404581998367,-0.143983389505181,0.00983920663817878,-6.48722157957631
"Mouth_Dumbfounded",1,4145,-0.0671870959391292,0.0389889155443518,-0.143605370406059,0.00923117852780025,-6.49797535205047
"Mouth_Dumbfounded",1,4146,-0.065317763172972,0.0408490358674314,-0.145381873473137,0.0147463471271935,-6.3230254848599
"Mouth_Dumbfounded",1,4150,-0.0577586334661015,0.0402406866900461,-0.136630379378592,0.0211131124463889,-5.61222595564768
"Mouth_Dumbfounded",1,4153,-0.0630018207838757,0.0420719858983132,-0.14546291314457,0.0194592715768183,-6.10582359224474
"Mouth_Dumbfounded",1,4157,-0.0686957974499538,0.0434560245506383,-0.153869605569205,0.0164780106692973,-6.63893563766647
"Mouth_Dumbfounded",1,4158,-0.0620934850861435,0.0419054114036014,-0.144228091437202,0.0200411212649153,-6.02049741346404
"Mouth_Dumbfounded",1,4159,-0.0689868132919341,0.0424234716407663,-0.152136817707836,0.0141631911239679,-6.66610123341896
"Mouth_Dumbfounded",1,4160,-0.0632360620092149,0.0404322193005205,-0.142483211838235,0.0160110878198052,-6.12781490344232
"Mouth_Dumbfounded",1,4161,-0.064937155835128,0.0396179755132111,-0.142588387841022,0.0127140761707658,-6.28736455499711
"Mouth_Dumbfounded",1,4163,-0.0577094360112135,0.0427432459427681,-0.141486198059039,0.0260673260366119,-5.60758220316269
"Mouth_Dumbfounded",1,4166,-0.0578873039157167,0.0405490737900349,-0.137363488544185,0.0215888807127516,-5.62437009165967
"Mouth_Dumbfounded",1,4167,-0.0629220040847009,0.0381301738564497,-0.137657144843342,0.0118131366739405,-6.09832896991811
"Mouth_Dumbfounded",1,4169,-0.0668220346389726,0.0401568129204685,-0.145529387963091,0.0118853186851456,-6.46383515011111
"Mouth_Dumbfounded",1,4170,-0.0611681168849132,0.0352645493234815,-0.130286633558937,0.00795039978911055,-5.93349152016818
"Mouth_Dumbfounded",1,4171,-0.0679160877601701,0.0411256992925771,-0.148522458373621,0.0126902828532811,-6.56611272445847
"Mouth_Dumbfounded",1,4172,-0.0653312502668759,0.0362666151023345,-0.136413815867451,0.00575131533369966,-6.32428890649186
"Mouth_Dumbfounded",1,4174,-0.0613000748799553,0.040515963161855,-0.140711362677191,0.0181112129172805,-5.94590352907787
"Mouth_Dumbfounded",1,4176,-0.0624216627737825,0.041145328656022,-0.143066506939586,0.0182231813920206,-6.05133432903777
"Mouth_Dumbfounded",1,4177,-0.0630629810470813,0.0413966027715664,-0.144200322479351,0.0180743603851888,-6.11156600918166
"Mouth_Dumbfounded",1,4178,-0.0615043584244211,0.0412196984678827,-0.142294967421471,0.0192862505726291,-5.96511527088831
"Mouth_Dumbfounded",1,4180,-0.0594394855917903,0.0383611554290917,-0.13462735023281,0.0157483790492295,-5.77074458577955
"Mouth_Dumbfounded",1,4184,-0.0633568968543494,0.0446588305011705,-0.150888204636644,0.0241744109279447,-6.1391572491018
"Mouth_Dumbfounded",1,4185,-0.0631895998574488,0.0378649371812631,-0.137404876732724,0.0110256770178268,-6.12345329840774
"Mouth_Dumbfounded",1,4189,-0.0611362613617598,0.0390621241565374,-0.137698024708573,0.0154255019850535,-5.93049493460068
"Mouth_Dumbfounded",1,4190,-0.0681426437954028,0.036887228286288,-0.140441611236527,0.00415632364572169,-6.58727833782674
"Mouth_Dumbfounded",1,4192,-0.0613957079266713,0.03587470750393,-0.131710134634374,0.00891871878103153,-5.9548977787989
"Mouth_Dumbfounded",1,4194,-0.06321324665579,0.039840642598589,-0.141300906149024,0.0148744128374444,-6.12567315193026
"Mouth_Dumbfounded",1,4195,-0.0605925303199672,0.0431981405916934,-0.145260885879686,0.024075825239752,-5.87933251657362
"Mouth_Dumbfounded",1,4196,-0.0637144938301358,0.0399591758264808,-0.142034478450038,0.0146054907897665,-6.17271560207392
"Mouth_Dumbfounded",1,4197,-0.0648057959780661,0.0328198070071215,-0.129132617712024,-0.000478974244107977,-6.27505366803969
"Mouth_Dumbfounded",1,4198,-0.0648339770504496,0.0385967613154598,-0.140483629228751,0.0108156751278516,-6.27769490031986
"Mouth_Dumbfounded",1,4200,-0.0707787422855067,0.0351167875481163,-0.139607645879815,-0.00194983869119883,-6.83319919414891
"Mouth_Dumbfounded",1,4202,-0.0702784764677034,0.0397242112213232,-0.148137930461497,0.00758097752609012,-6.78657936817124
"Mouth_Dumbfounded",1,4203,-0.0573016295276435,0.0427643709807103,-0.141119796649836,0.0265165375945487,-5.56908051309947
"Mouth_Dumbfounded",1,4204,-0.0667775007762514,0.0386160095664527,-0.142464879526499,0.00890987797399584,-6.45966953063134
"Mouth_Dumbfounded",1,4206,-0.0616915893502154,0.04074304153462,-0.141547950758071,0.0181647720576398,-5.98271986129979
"Mouth_Dumbfounded",1,4210,-0.0640301344946995,0.0373645830952868,-0.137264717361462,0.00920444837206272,-6.20232663500658
"Mouth_Dumbfounded",1,4211,-0.0571579058800593,0.0411015367330849,-0.137716917876906,0.0234011061167871,-5.55550758155382
"Mouth_Dumbfounded",1,4212,-0.0608479654204836,0.0381903875210406,-0.135701124961723,0.0140051941207559,-5.90337116844449
"Mouth_Dumbfounded",1,4214,-0.0605367860893883,0.0388604734164127,-0.136703313985557,0.0156297418067806,-5.87408568614429
"Mouth_Dumbfounded",1,4215,-0.0677080336608223,0.0400099732465109,-0.146127581223984,0.0107115139023391,-6.54667139883918
"Mouth_Dumbfounded",1,4216,-0.0608201235377066,0.0402548980564627,-0.139719723728373,0.0180794766529603,-5.90075130466405
"Mouth_Dumbfounded",1,4219,-0.0598413874179868,0.0448276084913455,-0.147703500061024,0.0280207252250504,-5.80860788643716
"Mouth_Dumbfounded",1,4222,-0.0613821470027676,0.0409568180525448,-0.141657510385755,0.0188932163802201,-5.95362243167674
"Mouth_Dumbfounded",1,4225,-0.0629938020708895,0.0399192399682564,-0.141235512408672,0.0152479082668931,-6.10507067877436
"Mouth_Dumbfounded",1,4228,-0.0609580315263978,0.0370093256204202,-0.133496309742421,0.0115802466896258,-5.9137274480115
"Mouth_Dumbfounded",1,4229,-0.062308998987199,0.0397925691070636,-0.140302434437044,0.0156844364626457,-6.04074912034516
"Mouth_Dumbfounded",1,4230,-0.0647083730717531,0.0406053687009002,-0.144294895725518,0.0148781495820114,-6.26592226657738
"Mouth_Dumbfounded",1,4232,-0.0620911552636519,0.0397317240656474,-0.139965334432321,0.0157830239050169,-6.02027845765011
"Mouth_Dumbfounded",1,4234,-0.0578816824951832,0.0387981475728122,-0.133926051737895,0.0181626867475288,-5.62383956506468
"Mouth_Dumbfounded",1,4237,-0.0594308715421952,0.0421907541177618,-0.142124749613008,0.0232630065286181,-5.76993288680409
"Mouth_Dumbfounded",1,4238,-0.0653193323652353,0.0428293892676308,-0.149264935329792,0.018626270599321,-6.32317248192822
"Mouth_Dumbfounded",1,4239,-0.061755097359267,0.0417939796399403,-0.14367129745355,0.020161102735016,-5.98869052198346
"Mouth_Dumbfounded",1,4240,-0.0628501031673256,0.0398697726726096,-0.14099485760564,0.0152946512709892,-6.09157711089845
"Mouth_Dumbfounded",1,4241,-0.0610088563866586,0.0364110654304923,-0.132374544630423,0.0103568318571063,-5.91850924814822
"Mouth_Dumbfounded",1,4244,-0.0643082537898434,0.0394593363490703,-0.141648553034021,0.0130320454543344,-6.2284099505042
"Mouth_Dumbfounded",1,4245,-0.0643579028010532,0.0401488573719056,-0.143049663249988,0.0143338576478817,-6.23306550165702
"Mouth_Dumbfounded",1,4247,-0.0647290300526289,0.0467643501228599,-0.156387156293434,0.0269290961881765,-6.26785850963
"Mouth_Dumbfounded",1,4250,-0.0604401615593235,0.0430530677526172,-0.144824174354453,0.0239438512358061,-5.86499037449876
"Mouth_Dumbfounded",1,4252,-0.060845297953257,0.0401760313799319,-0.139590319457924,0.0178997235514095,-5.90312016843618
"Mouth_Dumbfounded",1,4253,-0.0640264748454454,0.0424325622064557,-0.147194296770099,0.0191413470792078,-6.2019833677931
"Mouth_Dumbfounded",1,4255,-0.067862275489359,0.0423588328947687,-0.150885587963106,0.0151610369843876,-6.56108469952996
"Mouth_Dumbfounded",1,4259,-0.0596067659995925,0.0409970163834875,-0.139960918111228,0.020747386112043,-5.78650597572951
"Mouth_Dumbfounded",1,4260,-0.0611631278588407,0.039395394462094,-0.138378101004545,0.0160518452868636,-5.93302221873414
"Mouth_Dumbfounded",1,4261,-0.0629287603094217,0.0393250799433309,-0.14000591699835,0.0141483963795069,-6.0989633885661
"Mouth_Dumbfounded",1,4262,-0.0631492875709486,0.0397778976503917,-0.141113966965716,0.0148153918238191,-6.11966884388198
"Mouth_Dumbfounded",1,4264,-0.0577334720138531,0.0377086043908028,-0.131642336619826,0.0161753925921204,-5.60985099229959
"Mouth_Dumbfounded",1,4268,-0.0656094277889477,0.0413738215966716,-0.146702118118424,0.0154832625405286,-6.3503437595769
"Mouth_Dumbfounded",1,4269,-0.0614591120865347,0.038335632245039,-0.136596951286811,0.0136787271137417,-5.96086044046373
"Mouth_Dumbfounded",1,4271,-0.062585712162699,0.0375160938621718,-0.136117256132556,0.0109458318071578,-6.066745286117
"Mouth_Dumbfounded",1,4272,-0.0696154239412589,0.042541876976613,-0.15299750281542,0.0137666549329027,-6.72475347948201
"Mouth_Dumbfounded",1,4273,-0.0672933576193469,0.0406625630642301,-0.146991981225238,0.012405265986544,-6.50791050642087
"Mouth_Dumbfounded",1,4274,-0.0598611295725018,0.0381312589850473,-0.134598397183194,0.014876138038191,-5.8104674090987
"Mouth_Dumbfounded",1,4276,-0.0597819144727099,0.041460492249085,-0.141044479280917,0.0214806503354967,-5.80300588034619
"Mouth_Dumbfounded",1,4277,-0.0649778707428627,0.0403783076865893,-0.144119353808578,0.0141636123228524,-6.29117997863
"Mouth_Dumbfounded",1,4278,-0.0603138357007673,0.0402784747199507,-0.139259646151871,0.018631974750336,-5.85309793744227
"Mouth_Dumbfounded",1,4280,-0.0616425345379301,0.0386357853886286,-0.137368673899642,0.014083604823782,-5.97810774814876
"Mouth_Dumbfounded",1,4284,-0.0613203619211644,0.0426510496923098,-0.144916419318092,0.0222756954757628,-5.94781158905434
"Mouth_Dumbfounded",1,4285,-0.068948670759335,0.0396001658523051,-0.146564995829853,0.00866765431118288,-6.66254117424826
"Mouth_Dumbfounded",1,4287,-0.0647663018598426,0.0398204171070235,-0.142814319389609,0.0132817156699234,-6.27135201083241
"Mouth_Dumbfounded",1,4288,-0.0611465119054566,0.0391957444285605,-0.137970170985435,0.0156771471745219,-5.9314591932308
"Mouth_Dumbfounded",1,4289,-0.0628418033945763,0.0384737681618316,-0.138250388991766,0.0125667822026136,-6.09079768909473
"Mouth_Dumbfounded",1,4290,-0.0599729962972674,0.0381503895261345,-0.134747759768491,0.0148017671739562,-5.82100349428718
"Mouth_Dumbfounded",1,4291,-0.0670413952992767,0.045307786411427,-0.155844656665674,0.0217618660671201,-6.48435105472144
"Mouth_Dumbfounded",1,4293,-0.0633455609571855,0.0391531809039092,-0.140085795528847,0.0133946736144765,-6.13809324620996
"Mouth_Dumbfounded",1,4294,-0.0613334841934943,0.0395083030446673,-0.138769758161042,0.0161027897740535,-5.94904575938633
"Mouth_Dumbfounded",1,4300,-0.0723826890895758,0.0391773747011545,-0.149170343503839,0.00440496532468691,-6.98251400802637
"Mouth_Dumbfounded",1,4303,-0.0684642165626801,0.0374841957690357,-0.14193324026999,0.00500480714462974,-6.61731249588808
"Mouth_Dumbfounded",1,4304,-0.0639888988157536,0.0378899499470288,-0.13825320071193,0.0102754030804229,-6.19845874451483
"Mouth_Dumbfounded",1,4308,-0.0608875180525766,0.0383230622114346,-0.136000719986988,0.0142256838818352,-5.90709286418395
"Mouth_Dumbfounded",1,4309,-0.0601917253502092,0.040131889007706,-0.138850227805313,0.0184667771048945,-5.84160092428959
"Mouth_Dumbfounded",1,4310,-0.0545875060001403,0.0423445328328887,-0.137582790352602,0.0284077783523215,-5.31243520681169
"Mouth_Dumbfounded",1,4314,-0.0628122147276946,0.0414589796950583,-0.144071814930009,0.0184473854746196,-6.08801899988177
"Mouth_Dumbfounded",1,4315,-0.0598530304764737,0.0418504276061218,-0.141879868584472,0.022173807631525,-5.8097045559402
"Mouth_Dumbfounded",1,4317,-0.0568544327650254,0.0397878958290076,-0.13483870858988,0.0211298430598296,-5.52684186782508
"Mouth_Dumbfounded",1,4319,-0.0624286015676625,0.0414240824539706,-0.143619803177445,0.01876260004212,-6.0519862172025
"Mouth_Dumbfounded",1,4320,-0.0646688054200701,0.0333986163166219,-0.130130093400649,0.000792482560508706,-6.26221335586284
"Mouth_Dumbfounded",1,4322,-0.0587398004876748,0.0385444797596203,-0.134286980816531,0.016807379841181,-5.70479070861231
"Mouth_Dumbfounded",1,4323,-0.0651215815976391,0.0380264327643934,-0.13965338981585,0.00941022662057185,-6.30464598562649
"Mouth_Dumbfounded",1,4325,-0.0620849100983476,0.0400762235336147,-0.140634308224232,0.0164644880275373,-6.01969153692111
"Mouth_Dumbfounded",1,4326,-0.0681871418338067,0.0405662084378254,-0.147696910371944,0.011322626704331,-6.59143492822194
"Mouth_Dumbfounded",1,4327,-0.0625482606208087,0.0401449617272097,-0.14123238560614,0.0161358643645222,-6.06322727501614
"Mouth_Dumbfounded",1,4329,-0.0619996725023253,0.0404679253631789,-0.141316806214156,0.0173174612095053,-6.01168053994008
"Mouth_Dumbfounded",1,4330,-0.0649689250455195,0.0396370975122068,-0.142657636169445,0.0127197860784058,-6.29034168413813
"Mouth_Dumbfounded",1,4332,-0.0651748048835618,0.0389971818409004,-0.141609281291727,0.0112596715246029,-6.30963262753892
"Mouth_Dumbfounded",1,4333,-0.0608669355454791,0.041100215243623,-0.14142335742298,0.0196894863320219,-5.90515617632412
"Mouth_Dumbfounded",1,4334,-0.0651603124144879,0.0423720255622297,-0.148209482516458,0.0178888576874823,-6.30827481294822
"Mouth_Dumbfounded",1,4335,-0.0662296747345716,0.0369265241866299,-0.138605662140366,0.00614631267122309,-6.40841166273738
"Mouth_Dumbfounded",1,4337,-0.0678352382513423,0.0365360918489773,-0.139445978275338,0.00377550177265322,-6.55855833518415
"Mouth_Dumbfounded",1,4338,-0.0583445326119046,0.0423566680772278,-0.141363602043271,0.0246745368194619,-5.6675114743839
"Mouth_Dumbfounded",1,4340,-0.058907905124389,0.0397452896618832,-0.13680867286168,0.0189928626129021,-5.72064083823666
"Mouth_Dumbfounded",1,4341,-0.065368162529394,0.0373224411029231,-0.138520147091123,0.00778382203233531,-6.3277466251148
"Mouth_Dumbfounded",1,4343,-0.0629729816931429,0.0415376833725571,-0.144386841103355,0.018440877717069,-6.10311573052609
"Mouth_Dumbfounded",1,4345,-0.0628762194824937,0.0383267304805446,-0.137996611224361,0.0122441722593738,-6.09402962084217
"Mouth_Dumbfounded",1,4347,-0.0638460774156407,0.0363972537741734,-0.135184694813021,0.00749253998173922,-6.18506092033475
"Mouth_Dumbfounded",1,4350,-0.0605539729879519,0.0408402236395462,-0.140600811321462,0.0194928653455586,-5.87570340478398
"Mouth_Dumbfounded",1,4351,-0.0719921201366021,0.0325560671011382,-0.135802011654833,-0.00818222861837122,-6.94617717035583
"Mouth_Dumbfounded",1,4352,-0.0676314326073698,0.0423516596710478,-0.150640685562623,0.0153778203478839,-6.53951250123364
"Mouth_Dumbfounded",1,4355,-0.0597057421626091,0.0381645477983459,-0.134508255847367,0.0150967715221488,-5.79583040441672
"Mouth_Dumbfounded",1,4357,-0.0600084325438216,0.0420463250764612,-0.142419229693686,0.0224023646060424,-5.82434078529671
"Mouth_Dumbfounded",1,4358,-0.0643405146988234,0.0386396228830002,-0.140074175549504,0.0113931461518569,-6.23143505843907
"Mouth_Dumbfounded",1,4359,-0.0595626644305719,0.0371106653026913,-0.132299568423847,0.0131742395627031,-5.78235092119859
"Mouth_Dumbfounded",1,4364,-0.0615389264750063,0.0397054595438261,-0.139361627180905,0.0162837742308929,-5.96836581735755
"Mouth_Dumbfounded",1,4367,-0.0642167986690834,0.0350645609353252,-0.132943338102321,0.00450974076415413,-6.21983366624579
"Mouth_Dumbfounded",1,4368,-0.0655093734865086,0.0388667229550157,-0.141688150478339,0.0106694035053222,-6.34097323977552
"Mouth_Dumbfounded",1,4369,-0.0586283047213836,0.0380640993844568,-0.133233939514919,0.0159773300721517,-5.6942766058667
"Mouth_Dumbfounded",1,4372,-0.070056533204159,0.0442797996292649,-0.156844940477518,0.0167318740692001,-6.76588898142905
"Mouth_Dumbfounded",1,4373,-0.061147433257108,0.0413088983375319,-0.142112873998671,0.0198180074844545,-5.9315458633963
"Mouth_Dumbfounded",1,4377,-0.06336569358484,0.0413839453219615,-0.144478226415884,0.0177468392462045,-6.13998291400752
"Mouth_Dumbfounded",1,4378,-0.0652286696759232,0.0398555551195238,-0.14334555771019,0.0128882183583434,-6.31467910380878
"Mouth_Dumbfounded",1,4382,-0.0618608467515376,0.0427969583305991,-0.145742885079512,0.0220211915764367,-5.99863163518472
"Mouth_Dumbfounded",1,4383,-0.0615061136093605,0.0436150310212114,-0.146991574410935,0.0239793471922139,-5.96528031935692
"Mouth_Dumbfounded",1,4384,-0.0592819378991292,0.0402661816361393,-0.138203653905962,0.0196397781077038,-5.75589781450129
"Mouth_Dumbfounded",1,4386,-0.0673921989905048,0.0372282672911298,-0.140359602881119,0.0055752049001096,-6.51715093606293
"Mouth_Dumbfounded",1,4389,-0.0622802816623647,0.0425271649000239,-0.145633524866411,0.0210729615416821,-6.03805082327271
"Mouth_Dumbfounded",1,4390,-0.058337084186524,0.0412268255500617,-0.139141662264645,0.0224674938915969,-5.6668088432654
"Mouth_Dumbfounded",1,4392,-0.0630565572035333,0.0396815011447639,-0.140832299447271,0.014719185040204,-6.11096288263354
"Mouth_Dumbfounded",1,4393,-0.0644809232549051,0.0376968098633589,-0.138366670587089,0.00940482407727836,-6.2446000429885
"Mouth_Dumbfounded",1,4396,-0.0597446430384049,0.0381802092371603,-0.134577853143239,0.0150885670664293,-5.79949495783998
"Mouth_Dumbfounded",1,4397,-0.0601300251666455,0.0450764538790257,-0.148479874769536,0.0282198244362448,-5.83579115455247
"Mouth_Dumbfounded",1,4402,-0.0584338771760796,0.0398257595561445,-0.136492365906123,0.0196246115539636,-5.67593919296774
"Mouth_Dumbfounded",1,4403,-0.0626646941816326,0.0380757363972728,-0.137293137520287,0.0119637491570219,-6.07416403124172
"Mouth_Dumbfounded",1,4408,-0.0615910745719402,0.0405080032025779,-0.140986760848993,0.0178046117051123,-5.97326926027805
"Mouth_Dumbfounded",1,4409,-0.0674060124363212,0.036226683996985,-0.138410313070412,0.00359828819776939,-6.51844224741449
"Mouth_Dumbfounded",1,4410,-0.0686838424737435,0.0397940208921865,-0.146680123422429,0.00931243847494209,-6.63781950169137
"Mouth_Dumbfounded",1,4411,-0.0618058921284688,0.0409512472783155,-0.142070336793967,0.0184585525370296,-5.99346568347311
"Mouth_Dumbfounded",1,4417,-0.0620279229651128,0.034216405937278,-0.129092078602178,0.00503623267195216,-6.01433571595629
"Mouth_Dumbfounded",1,4418,-0.0564376550046251,0.0407045876185125,-0.13621864673691,0.0233433367276595,-5.48745935025216
"Mouth_Dumbfounded",1,4419,-0.0648530188522288,0.0416753077680666,-0.146536622077639,0.0168305843731817,-6.27947952488457
"Mouth_Dumbfounded",1,4423,-0.0597598958436368,0.0433132485512675,-0.144653863004121,0.0251340713168475,-5.8009317688384
"Mouth_Dumbfounded",1,4424,-0.0649817376461768,0.0393651541961887,-0.142137439870707,0.0121739645783531,-6.29154234087609
"Mouth_Dumbfounded",1,4425,-0.0617901069119065,0.0389219257613633,-0.138077081404179,0.0144968675803656,-5.99198175825865
"Mouth_Dumbfounded",1,4426,-0.0589194960519562,0.040772808871517,-0.138834201440129,0.020995209336217,-5.72173361712661
"Mouth_Dumbfounded",1,4428,-0.0685153901507235,0.0388658072575327,-0.144692372375488,0.0076615920740405,-6.62209110079858
"Mouth_Dumbfounded",1,4429,-0.0618566971104671,0.0379976712066153,-0.136332132675433,0.0126187384544989,-5.99824156243653
"Mouth_Dumbfounded",1,4430,-0.0660914181959608,0.0404007785146093,-0.145276944084595,0.0130941076926734,-6.39547111915402
"Mouth_Dumbfounded",1,4431,-0.0690086199469665,0.0381360116247815,-0.143755202731538,0.00573796283760521,-6.66813651136081
"Mouth_Dumbfounded",1,4434,-0.071673191677403,0.0439558265558571,-0.157826611726883,0.0144802283720769,-6.91649492501339
"Mouth_Dumbfounded",1,4435,-0.063480359466854,0.0399901491506205,-0.14186105180207,0.0149003328683622,-6.15074483862795
"Mouth_Dumbfounded",1,4436,-0.0648392646050927,0.044405877879927,-0.15187478524975,0.0221962560395643,-6.27819046081919
"Mouth_Dumbfounded",1,4438,-0.0666743003450135,0.0387040479700783,-0.142534234366367,0.0091856336763399,-6.45001563005398
"Mouth_Dumbfounded",1,4440,-0.0586643566134793,0.039204454802289,-0.135505088025966,0.0181763747990072,-5.69767644434483
"Mouth_Dumbfounded",1,4441,-0.0613312947980586,0.0413415372331872,-0.142360707775105,0.0196981181789883,-5.94883984443096
"Mouth_Dumbfounded",1,4442,-0.0579463670832269,0.0392034873273363,-0.134785202244806,0.0188924680783523,-5.62994405068837
"Mouth_Dumbfounded",1,4446,-0.0658132100328326,0.0335145641246779,-0.131501755717201,-0.000124664348463852,-6.36942595229257
"Mouth_Dumbfounded",1,4447,-0.0607643940001162,0.0413036805609339,-0.141719607899547,0.0201908198993142,-5.8955070509181
"Mouth_Dumbfounded",1,4448,-0.0603663634271152,0.0415884651392457,-0.141879755100037,0.0211470282458064,-5.85804313026932
"Mouth_Dumbfounded",1,4453,-0.0585925061880278,0.0420100749946429,-0.140932253177528,0.0237472408014723,-5.69090053885337
"Mouth_Dumbfounded",1,4454,-0.0707986910132808,0.0424020780744199,-0.153906764039144,0.0123093820125821,-6.83505773475795
"Mouth_Dumbfounded",1,4455,-0.0676421388298508,0.0401868143050361,-0.146408294867722,0.01112401720802,-6.54051310464963
"Mouth_Dumbfounded",1,4456,-0.0640947697779236,0.0365733910091185,-0.135778616155796,0.00758907659994877,-6.20838907826431
"Mouth_Dumbfounded",1,4458,-0.0665064589053589,0.0419163252908822,-0.148662456475488,0.0156495386647702,-6.43431274823739
"Mouth_Dumbfounded",1,4459,-0.062929352916584,0.0427893718764061,-0.14679652179434,0.020937815961172,-6.09901903497646
"Mouth_Dumbfounded",1,4461,-0.0650216474299085,0.0368894759841439,-0.137325020358831,0.00728172549901356,-6.2952821505271
"Mouth_Dumbfounded",1,4463,-0.0606074153095172,0.0435341091276558,-0.145934269199723,0.0247194385806882,-5.88073349129878
"Mouth_Dumbfounded",1,4464,-0.0608708704320525,0.0424075253642921,-0.143989620146065,0.0222478792819601,-5.90552642813326
"Mouth_Dumbfounded",1,4465,-0.0595131887107881,0.0407729698560447,-0.139428209628636,0.0204018322070596,-5.77768931987699
"Mouth_Dumbfounded",1,4466,-0.0633909833923245,0.0344718592972365,-0.130955827614908,0.00417386083025893,-6.14235658575515
"Mouth_Dumbfounded",1,4468,-0.0624739152144709,0.0414233263090217,-0.143663634780154,0.0187158043512117,-6.05624324786589
"Mouth_Dumbfounded",1,4469,-0.0603169499750829,0.0402100470725811,-0.139128642237342,0.018494742287176,-5.85339113626472
"Mouth_Dumbfounded",1,4470,-0.0625237365208748,0.0362020496525234,-0.133479753839821,0.008432280798071,-6.06092353196587
"Mouth_Dumbfounded",1,4475,-0.0665455809201868,0.0359694403310928,-0.137045683969129,0.00395452212875505,-6.43797315483973
"Mouth_Dumbfounded",1,4477,-0.0594683563676209,0.0431377378129338,-0.144018322480971,0.0250816097457294,-5.7734650182186
"Mouth_Dumbfounded",1,4480,-0.058774900292327,0.0387448945660582,-0.134714893641801,0.017165093057147,-5.70810039395307
"Mouth_Dumbfounded",1,4481,-0.0664419794130699,0.0369506543645618,-0.138865261967611,0.00598130314147127,-6.42827948571896
"Mouth_Dumbfounded",1,4482,-0.0599055401381734,0.0370363255917136,-0.132496738297932,0.0126856580215852,-5.81465032663785
"Mouth_Dumbfounded",1,4486,-0.0569576460687427,0.0380942311663364,-0.131622339154762,0.0177070470172766,-5.53659225139521
"Mouth_Dumbfounded",1,4487,-0.0609190357305871,0.0370564560391853,-0.13354968956739,0.0117116181062161,-5.91005840740035
"Mouth_Dumbfounded",1,4488,-0.0644543672224457,0.04309672113474,-0.148923940646536,0.0200152062016447,-6.24211023848449
"Mouth_Dumbfounded",1,4490,-0.0584740373194436,0.0400744254180855,-0.137019911138891,0.020071836500004,-5.67972718470876
"Mouth_Dumbfounded",1,4492,-0.0620920666326977,0.040067766699758,-0.140624889364223,0.0164407560988279,-6.02036410782023
"Mouth_Dumbfounded",1,4494,-0.0631337584145292,0.0370822878238291,-0.135815042549234,0.00954752572017575,-6.11821095021484
"Mouth_Dumbfounded",1,4498,-0.0635950236861654,0.0402713302026031,-0.142526830883268,0.0153367835109367,-6.16150537326805
"Mouth_Dumbfounded",1,4499,-0.0624503830484991,0.0430168984143366,-0.146763503940599,0.0218627378436007,-6.0540325217785
"Mouth_Dumbfounded",1,4500,-0.0603077067491461,0.03914489923024,-0.137031709240417,0.0164162957421244,-5.85252091386598
"Mouth_Dumbfounded",1,4503,-0.069850989717756,0.0400884394089161,-0.148424330959232,0.00872235152371943,-6.74672334758047
"Mouth_Dumbfounded",1,4504,-0.0678996898873047,0.0375135803069256,-0.141426307288879,0.00562692751426953,-6.56458059489181
"Mouth_Dumbfounded",1,4507,-0.0633679537926851,0.0438589633964341,-0.149331522049696,0.0225956144643258,-6.14019505691473
"Mouth_Dumbfounded",1,4510,-0.058446737737846,0.040744268367349,-0.13830550373785,0.021412028262158,-5.67715224557751
"Mouth_Dumbfounded",1,4511,-0.0623752045920081,0.0382720221350112,-0.13738836797663,0.0126379587926139,-6.04696954346136
"Mouth_Dumbfounded",1,4512,-0.0601206508837276,0.0406501190673803,-0.139794884255793,0.0195535824883378,-5.83490842848056
"Mouth_Dumbfounded",1,4513,-0.0682487598358544,0.0406401809227249,-0.147903514444395,0.0114059947726863,-6.59719040005364
"Mouth_Dumbfounded",1,4514,-0.0629526082442487,0.0392824905997211,-0.139946289819702,0.0140410733312046,-6.10120270766573
"Mouth_Dumbfounded",1,4516,-0.0612980833227222,0.0383517300172121,-0.136467474156458,0.0138713075110135,-5.94571621477521
"Mouth_Dumbfounded",1,4517,-0.0613962047236407,0.0387185914167161,-0.137284643900404,0.0144922344531229,-5.95494450010906
"Mouth_Dumbfounded",1,4518,-0.0607174276452121,0.0390869976111471,-0.13732794296306,0.0158930876726362,-5.8910872021129
"Mouth_Dumbfounded",1,4519,-0.063507728086074,0.0382408586736027,-0.138459811086335,0.0114443549141872,-6.15331332800838
"Mouth_Dumbfounded",1,4520,-0.0619504524678084,0.04183697589592,-0.143950925223812,0.0200500202881949,-6.0070543177616
"Mouth_Dumbfounded",1,4521,-0.0619214351189862,0.0423582200263569,-0.144943546370646,0.0211006761326732,-6.00432685209818
"Mouth_Dumbfounded",1,4522,-0.0604719502561209,0.0401591127519871,-0.139183811250016,0.0182399107377739,-5.86798275621555
"Mouth_Dumbfounded",1,4524,-0.0632704910912685,0.0407691742986706,-0.143178072716663,0.0166370905341259,-6.13104678096995
"Mouth_Dumbfounded",1,4525,-0.0611283793580533,0.0407040475213657,-0.14090831249993,0.0186515537838236,-5.92975347549101
"Mouth_Dumbfounded",1,4528,-0.0621151404960094,0.0431370320323142,-0.146663723279345,0.0224334422873264,-6.02253255607556
"Mouth_Dumbfounded",1,4530,-0.0604644706013146,0.0393579282940228,-0.137606010057599,0.0166770688549702,-5.86727867858722
"Mouth_Dumbfounded",1,4532,-0.0641185213582945,0.0420544110560167,-0.146545167028087,0.0183081243114981,-6.21061675079376
"Mouth_Dumbfounded",1,4534,-0.0660255434598513,0.03880460734753,-0.14208257386101,0.0100314869413076,-6.38930474241335
"Mouth_Dumbfounded",1,4536,-0.0683014382674245,0.0414684516399085,-0.149579603481645,0.0129767269467961,-6.60211058397269
"Mouth_Dumbfounded",1,4539,-0.0604617878143133,0.0418142798597476,-0.142417776339419,0.0214942007107921,-5.86702614020731
"Mouth_Dumbfounded",1,4540,-0.063888297519227,0.0361087951318028,-0.134661535977561,0.00688494093910662,-6.1890217131675
"Mouth_Dumbfounded",1,4541,-0.0606236559677028,0.0380687496467586,-0.13523840527535,0.0139910933399441,-5.8822620377225
"Mouth_Dumbfounded",1,4546,-0.0637736823786635,0.0421465691266674,-0.146380957866932,0.0188335931096046,-6.17826893850114
"Mouth_Dumbfounded",1,4547,-0.0569447761767781,0.0394688777482774,-0.134303776563402,0.0204142242098455,-5.53537650971966
"Mouth_Dumbfounded",1,4548,-0.0618240504633124,0.0375239359701615,-0.135370964964829,0.0117228640382041,-5.99517267010266
"Mouth_Dumbfounded",1,4551,-0.0606855945423703,0.0399582912699786,-0.139003845431528,0.0176326563467878,-5.8880913757305
"Mouth_Dumbfounded",1,4552,-0.0600770441417293,0.0406757316216504,-0.139801478120164,0.0196473898367054,-5.83080210609613
"Mouth_Dumbfounded",1,4556,-0.0622851595270833,0.0399807530930278,-0.140647435589418,0.0160771165352512,-6.03850915583165
"Mouth_Dumbfounded",1,4557,-0.060218366425739,0.0402260232573945,-0.139061372010232,0.0186246391587543,-5.84410937189711
"Mouth_Dumbfounded",1,4559,-0.0583013728024333,0.0410190760781038,-0.138698761915517,0.0220960163106502,-5.66344001429109
"Mouth_Dumbfounded",1,4561,-0.0638370590254603,0.0382967980716009,-0.138898783245798,0.0112246651948776,-6.18421485679431
"Mouth_Dumbfounded",1,4562,-0.0666694879515483,0.0427683261819128,-0.150495407268097,0.0171564313650009,-6.44956542963726
"Mouth_Dumbfounded",1,4565,-0.0603969819660872,0.0397799641876631,-0.138365711773907,0.0175717478417325,-5.86092557531628
"Mouth_Dumbfounded",1,4566,-0.0590383942542866,0.041449401529475,-0.140279221252058,0.0222024327434844,-5.73294246714909
"Mouth_Dumbfounded",1,4570,-0.0589166813748544,0.0394642505450066,-0.136266612443067,0.0184332496933586,-5.72146825387557
"Mouth_Dumbfounded",1,4572,-0.0625931926336542,0.0411979370982321,-0.143341149346189,0.0181547640788808,-6.06744794847249
"Mouth_Dumbfounded",1,4573,-0.0646693694186043,0.0372628602715557,-0.137704575550853,0.00836583671364481,-6.2622662238222
"Mouth_Dumbfounded",1,4574,-0.0624283417902254,0.0387209267996868,-0.138321358317612,0.0134646747371607,-6.0519618116251
"Mouth_Dumbfounded",1,4575,-0.0618530517221136,0.0406142948461369,-0.141457069620542,0.0177509661763146,-5.99789888889654
"Mouth_Dumbfounded",1,4578,-0.0640880835885124,0.0396414664281325,-0.141785357787652,0.0136091906106273,-6.20776196769202
"Mouth_Dumbfounded",1,4580,-0.0611974275894613,0.0387117470155665,-0.137072451739972,0.014677596561049,-5.93624863539941
"Mouth_Dumbfounded",1,4582,-0.0614092670639567,0.042604891409498,-0.144914854226573,0.0220963200986593,-5.95617294060587
"Mouth_Dumbfounded",1,4584,-0.0635919390511138,0.0403824114629287,-0.142741465518454,0.0155575874162264,-6.1612159153119
"Mouth_Dumbfounded",1,4585,-0.0610073015430249,0.0386596284907905,-0.136780173384974,0.0147655702989246,-5.91836296602756
"Mouth_Dumbfounded",1,4586,-0.0664364990573834,0.0386195549654594,-0.142130826789684,0.00925782867491715,-6.42776667800316
"Mouth_Dumbfounded",1,4588,-0.0642419923206906,0.0358858685026621,-0.134578294585908,0.00609430994452703,-6.22219630132225
"Mouth_Dumbfounded",1,4589,-0.0624837040267432,0.040830411744055,-0.142511311045091,0.0175439029916047,-6.05716284116401
"Mouth_Dumbfounded",1,4590,-0.0647738031330589,0.0358195388499877,-0.134980099279035,0.00543249301291693,-6.27205509239216
"Mouth_Dumbfounded",1,4593,-0.0616477247779887,0.0381605321114861,-0.136442367716501,0.0131469181605241,-5.97859574307391
"Mouth_Dumbfounded",1,4594,-0.0626343525339153,0.0415069445653385,-0.143987963881979,0.0187192588141482,-6.07131412337997
"Mouth_Dumbfounded",1,4596,-0.0665627769086954,0.0395312871406789,-0.144044099704426,0.0109185458870353,-6.43958203254503
"Mouth_Dumbfounded",1,4597,-0.0587134349837887,0.0401611072576787,-0.137429205208839,0.0200023352412615,-5.70230453513083
"Mouth_Dumbfounded",1,4600,-0.0592653211020142,0.0369622711265873,-0.131711372510125,0.0131807303060969,-5.75433176636467
"Mouth_Dumbfounded",1,4605,-0.0639550849950543,0.039663425419621,-0.141695398817511,0.0137852288274028,-6.19528690239175
"Mouth_Dumbfounded",1,4606,-0.0669990692879261,0.0432378256983659,-0.151745207656723,0.017747069080871,-6.48039282653531
"Mouth_Dumbfounded",1,4608,-0.0651249068706845,0.0380534061841268,-0.139709582991573,0.00945976925020396,-6.30495754774366
"Mouth_Dumbfounded",1,4609,-0.0582717477577385,0.0404628701249219,-0.137578973202585,0.0210354776871084,-5.66064524808783
"Mouth_Dumbfounded",1,4610,-0.059979679055,0.0421309242258361,-0.142556290537639,0.0225969324276388,-5.82163286760136
"Mouth_Dumbfounded",1,4615,-0.0611552137812282,0.0344828526158863,-0.128741604908365,0.00643117734590903,-5.93227776242538
"Mouth_Dumbfounded",1,4616,-0.0594100362476043,0.0414089678233566,-0.140571613181383,0.0217515406861746,-5.76796955514325
"Mouth_Dumbfounded",1,4617,-0.0590935465643472,0.038882120639517,-0.135302503017801,0.0171154098891063,-5.73814136976759
"Mouth_Dumbfounded",1,4618,-0.0656671379868271,0.0385644178208224,-0.141253396915639,0.00991912094198476,-6.35574814382434
"Mouth_Dumbfounded",1,4622,-0.0602513919935951,0.041921367328117,-0.142417271956704,0.0219144879695143,-5.8472188723053
"Mouth_Dumbfounded",1,4626,-0.0587201657813174,0.0391796683756409,-0.135512315797573,0.0180719842349387,-5.70293923169042
"Mouth_Dumbfounded",1,4629,-0.0594748942572661,0.0431155966858554,-0.143981463761543,0.0250316752470106,-5.77408105889216
"Mouth_Dumbfounded",1,4630,-0.0606129241886683,0.0394290442969978,-0.137893851010784,0.0166680026334473,-5.88125198153562
"Mouth_Dumbfounded",1,4632,-0.0614194820539756,0.0370980705845028,-0.134131700399601,0.01129273629165,-5.95713359245409
"Mouth_Dumbfounded",1,4633,-0.0640171814793067,0.0365414073037202,-0.135638339794598,0.00760397683598484,-6.20111166443093
"Mouth_Dumbfounded",1,4637,-0.0634588729101374,0.0401404436545659,-0.142134142473087,0.0152163966528118,-6.14872831962018
"Mouth_Dumbfounded",1,4638,-0.0649604535747938,0.0423633277110634,-0.147992575888478,0.0180716687388905,-6.28954782214841
"Mouth_Dumbfounded",1,4639,-0.0571674444319348,0.0420986044195164,-0.139680709094187,0.0253458202303174,-5.55640844094766
"Mouth_Dumbfounded",1,4641,-0.059441117430369,0.039934929529445,-0.137713579308081,0.0188313444473432,-5.7708983525883
"Mouth_Dumbfounded",1,4644,-0.0625609963510885,0.0358926747450221,-0.132910638851332,0.00778864614915478,-6.06442362079873
"Mouth_Dumbfounded",1,4645,-0.0598015967520863,0.0393029478671482,-0.136835374571697,0.0172321810675241,-5.8048598736554
"Mouth_Dumbfounded",1,4646,-0.058057063897225,0.0390662540987891,-0.134626921930852,0.0185127941364016,-5.64038993704495
"Mouth_Dumbfounded",1,4647,-0.0651946000928643,0.0391201817509348,-0.141870156324697,0.0114809561389679,-6.31148722961451
"Mouth_Dumbfounded",1,4650,-0.0663575200045626,0.0388367464104286,-0.142477542969003,0.00976250295987739,-6.42037613980004
"Mouth_Dumbfounded",1,4653,-0.0620079487408993,0.0370415453569609,-0.134609377640543,0.010593480158744,-6.0124584064762
"Mouth_Dumbfounded",1,4655,-0.0619026792209035,0.0385862518223874,-0.137531732792783,0.0137263743509759,-6.00256386229923
"Mouth_Dumbfounded",1,4656,-0.0635672328840361,0.0403332354666722,-0.142620374398714,0.0154859086306413,-6.15889748999435
"Mouth_Dumbfounded",1,4658,-0.0596639366897814,0.0410495525379352,-0.140121059664134,0.0207931862845716,-5.79189207224309
"Mouth_Dumbfounded",1,4659,-0.0684811436800376,0.0365789040212478,-0.140175795561683,0.00321350820160804,-6.61889318222034
"Mouth_Dumbfounded",1,4662,-0.060559764463028,0.0413524032748747,-0.141610474881782,0.0204909459557264,-5.87624852172325
"Mouth_Dumbfounded",1,4663,-0.0608052351131096,0.0415462737420449,-0.142235931647518,0.0206254614212984,-5.89935030466591
"Mouth_Dumbfounded",1,4664,-0.0642845849702799,0.0399430200945553,-0.142572904355608,0.0140037344150485,-6.2261904613929
"Mouth_Dumbfounded",1,4665,-0.0584205520782388,0.0417165664521194,-0.140185022324393,0.0233439181679152,-5.6746823072547
"Mouth_Dumbfounded",1,4670,-0.062678723575483,0.0363200833298273,-0.133866086901944,0.0085086397509784,-6.07548174454388
"Mouth_Dumbfounded",1,4672,-0.0576957268798407,0.0403400390827929,-0.136762203482115,0.0213707497224333,-5.6062881562364
"Mouth_Dumbfounded",1,4676,-0.0656985802895755,0.0392166567585737,-0.14256322753638,0.011166066957229,-6.35869248845312
"Mouth_Dumbfounded",1,4678,-0.0599338751050252,0.0438609362169174,-0.145901310090183,0.0260335598801328,-5.81731902758982
"Mouth_Dumbfounded",1,4685,-0.0611302596700775,0.0397257480895762,-0.138992725925647,0.0167322065854919,-5.92993035674038
"Mouth_Dumbfounded",1,4686,-0.0639802890296097,0.0374007072596317,-0.137285675258488,0.00932509719926837,-6.19765112982796
"Mouth_Dumbfounded",1,4688,-0.0646578805028379,0.0438051326357004,-0.150515940468811,0.021200179463135,-6.26118927270822
"Mouth_Dumbfounded",1,4690,-0.0621137671110794,0.0411345323159211,-0.142737450450285,0.018509916228126,-6.02240348874936
"Mouth_Dumbfounded",1,4691,-0.0577374320840032,0.0386170753766774,-0.133426899822291,0.0179520356542844,-5.61022478317103
"Mouth_Dumbfounded",1,4692,-0.0620786063106593,0.0454225784751295,-0.151106860121913,0.0269496475005944,-6.0190991031424
"Mouth_Dumbfounded",1,4695,-0.0591251141584297,0.0429862063857913,-0.143378078674581,0.0251278503577212,-5.7411169428922
"Mouth_Dumbfounded",1,4696,-0.0596257707528023,0.0396854252976125,-0.137409204336123,0.0181576628305182,-5.78829646291854
"Mouth_Dumbfounded",1,4698,-0.0592261700661239,0.0432175312557808,-0.143932531327454,0.0254801911952064,-5.75064187859415
"Mouth_Dumbfounded",1,4699,-0.0637593951860949,0.0437700513403571,-0.149548695813195,0.022029905441005,-6.17692847978667
"Mouth_Dumbfounded",1,4700,-0.0615384834727339,0.037586021081251,-0.135207084791986,0.0121301178465181,-5.96832416112071
"Mouth_Dumbfounded",1,4702,-0.0626328749142085,0.0406509833340863,-0.142308802249018,0.0170430524206006,-6.07117533240015
"Mouth_Dumbfounded",1,4706,-0.0611538846765255,0.0412226225443122,-0.141950224863377,0.0196424555103264,-5.93215273649028
"Mouth_Dumbfounded",1,4707,-0.0615065297603447,0.038113490019312,-0.136208970198196,0.0131959106775067,-5.96531945198993
"Mouth_Dumbfounded",1,4708,-0.0640502690472951,0.0379533297469812,-0.138438795351378,0.0103382572567881,-6.20421519018162
"Mouth_Dumbfounded",1,4709,-0.0605031292348515,0.0459534175148261,-0.150571827563911,0.0295655690942077,-5.87091765062532
"Mouth_Dumbfounded",1,4711,-0.0702672406787562,0.0373606271014825,-0.143494069797662,0.00295958844014953,-6.78553203596619
"Mouth_Dumbfounded",1,4713,-0.0581391430843057,0.0383085048935016,-0.133223812675569,0.0169455265069574,-5.64813457929084
"Mouth_Dumbfounded",1,4714,-0.0623379935658728,0.039493483597395,-0.139745221416767,0.0150692342850215,-6.04347338974222
"Mouth_Dumbfounded",1,4716,-0.060150582396503,0.0388667967406775,-0.136329504008231,0.0160283392152249,-5.83772688994131
"Mouth_Dumbfounded",1,4718,-0.0602247301127516,0.0386649145495683,-0.136007962629905,0.0155585024044022,-5.84470854860897
"Mouth_Dumbfounded",1,4719,-0.058978315990726,0.0377389249899425,-0.132946608971013,0.0149899769895613,-5.7272788958945
"Mouth_Dumbfounded",1,4724,-0.0587159939665682,0.0451968025723355,-0.147301727008346,0.0298697390752094,-5.70254584100092
"Mouth_Dumbfounded",1,4725,-0.0612311928757996,0.0361091051025517,-0.132005038876801,0.00954265312520165,-5.9394246712781
"Mouth_Dumbfounded",1,4727,-0.0602461716348633,0.0393998026215633,-0.137469784773127,0.0169774415034009,-5.84672735972929
"Mouth_Dumbfounded",1,4728,-0.0614675674436105,0.0440850987738998,-0.147874361040454,0.0249392261532332,-5.96165557160624
"Mouth_Dumbfounded",1,4729,-0.062216992953941,0.0416269533944242,-0.143805821607012,0.0193718356991304,-6.03210390468394
"Mouth_Dumbfounded",1,4730,-0.0661318104961699,0.0420582411018368,-0.14856596305577,0.0163023420634302,-6.39925194502686
"Mouth_Dumbfounded",1,4731,-0.0569407724537579,0.0433763665419091,-0.1419584508759,0.028076905968384,-5.53499829877487
"Mouth_Dumbfounded",1,4732,-0.0644872180211968,0.0414622523947048,-0.145753232714818,0.0167787966724247,-6.24519020946234
"Mouth_Dumbfounded",1,4733,-0.0666409897473974,0.0380365795816996,-0.141192685727529,0.00791070623273374,-6.44689937226573
"Mouth_Dumbfounded",1,4734,-0.0676152653489777,0.0397780000728665,-0.145580145491796,0.0103496147938408,-6.53800148916837
"Mouth_Dumbfounded",1,4735,-0.0571812036490721,0.0378721578131169,-0.131410632962781,0.017048225664637,-5.55770790189135
"Mouth_Dumbfounded",1,4736,-0.0651204309404422,0.0414495829377178,-0.146361613498369,0.0161207516174847,-6.30453817433105
"Mouth_Dumbfounded",1,4739,-0.0638440642499336,0.0382777507511057,-0.138868455722101,0.0111803272222335,-6.18487205512648
"Mouth_Dumbfounded",1,4741,-0.0621081570294726,0.0380298142517847,-0.136646592962971,0.0124302789040255,-6.02187626528484
"Mouth_Dumbfounded",1,4744,-0.0656149282448937,0.0387938124232186,-0.141650800594402,0.0104209441046146,-6.35085887396873
"Mouth_Dumbfounded",1,4745,-0.0656163179270662,0.0364091099235201,-0.136978173377166,0.00574553752303324,-6.35098901642019
"Mouth_Dumbfounded",1,4746,-0.0585911780082881,0.0399215610434864,-0.136837437653521,0.0196550816369453,-5.690775279335
"Mouth_Dumbfounded",1,4748,-0.0627607027049176,0.0423292778026063,-0.145726087198026,0.0202046817881906,-6.08318127917814
"Mouth_Dumbfounded",1,4750,-0.0601867972090177,0.0431857481842227,-0.144830863650094,0.0244572692320588,-5.84113689726119
"Mouth_Dumbfounded",1,4752,-0.0647797449512342,0.0412199373557741,-0.145570822168551,0.016011332266083,-6.27261200514421
"Mouth_Dumbfounded",1,4753,-0.0616770038224899,0.041596489342732,-0.143206122934245,0.0198521152892648,-5.9813485596531
"Mouth_Dumbfounded",1,4754,-0.0629574516091863,0.0330694592575245,-0.127773591753934,0.00185868853556173,-6.10165749270687
"Mouth_Dumbfounded",1,4756,-0.0606738012437102,0.0413876539192729,-0.141793602925485,0.0204460004380647,-5.88698147933996
"Mouth_Dumbfounded",1,4757,-0.0625958537363164,0.0407403985958598,-0.142447034984202,0.0172553275115687,-6.06769791230424
"Mouth_Dumbfounded",1,4760,-0.0593001357070648,0.0402571810068972,-0.138204210480583,0.0196039390664538,-5.75761283496707
"Mouth_Dumbfounded",1,4761,-0.0602836701444566,0.0415514120242934,-0.141724437712072,0.0211570974231585,-5.8502579009312
"Mouth_Dumbfounded",1,4762,-0.0628650581159917,0.0366542301772659,-0.134707349263433,0.00897723303144939,-6.09298149604079
"Mouth_Dumbfounded",1,4763,-0.0651078141764634,0.0398406930252991,-0.14319557250605,0.0129799441531229,-6.30335603334593
"Mouth_Dumbfounded",1,4764,-0.058690847565904,0.0403642524313416,-0.137804782331334,0.0204230871995255,-5.70017456962268
"Mouth_Dumbfounded",1,4766,-0.0683218020597788,0.0387996416645613,-0.144369099722319,0.00772549560276138,-6.6040124998339
"Mouth_Dumbfounded",1,4768,-0.0606050746025697,0.0407337128073559,-0.140443151704987,0.0192330024998478,-5.88051318541993
"Mouth_Dumbfounded",1,4769,-0.0630095756185897,0.0377026604033777,-0.13690679000921,0.0108876387720306,-6.10655172324013
"Mouth_Dumbfounded",1,4771,-0.0583322188632155,0.0403558706590511,-0.137429725354956,0.0207652876285247,-5.6663498806752
"Mouth_Dumbfounded",1,4772,-0.0645693888303913,0.0394744632481726,-0.14193933679681,0.0128005591360271,-6.25289380153917
"Mouth_Dumbfounded",1,4773,-0.060512078117445,0.0379512033987468,-0.134896436778989,0.0138722805440986,-5.87175999696287
"Mouth_Dumbfounded",1,4776,-0.0680086725624528,0.0433011975290291,-0.15287901971935,0.0168616745944442,-6.57476288199564
"Mouth_Dumbfounded",1,4779,-0.0651628693031577,0.0416155730272996,-0.146729392436665,0.0164036538303494,-6.30851437195256
"Mouth_Dumbfounded",1,4782,-0.0626243796359581,0.042205113631709,-0.145346402354108,0.0200976430821917,-6.07037737750944
"Mouth_Dumbfounded",1,4783,-0.0628294420499936,0.0377290640954214,-0.136778407677019,0.0111195235770324,-6.08963683791064
"Mouth_Dumbfounded",1,4784,-0.0639985439338376,0.0367849341325345,-0.136097014833605,0.00809992696593007,-6.19936346709362
"Mouth_Dumbfounded",1,4785,-0.0626556262427381,0.0429194444151654,-0.146777737296462,0.0214664848109861,-6.07331231363889
"Mouth_Dumbfounded",1,4786,-0.0642786350176965,0.0425572589956448,-0.14769086264916,0.0191335926137673,-6.22563251001269
"Mouth_Dumbfounded",1,4787,-0.059572240301301,0.0380930617982484,-0.134234641425868,0.0150901608232659,-5.78325313290683
"Mouth_Dumbfounded",1,4788,-0.0631863935085798,0.0436358562444532,-0.148712671747708,0.0223398847305485,-6.12315229696585
"Mouth_Dumbfounded",1,4791,-0.0599811544448969,0.0368016743492963,-0.132112436169518,0.0121501272797239,-5.82177181731023
"Mouth_Dumbfounded",1,4792,-0.0652508528769297,0.0376019748490133,-0.138950723580996,0.00844901782713624,-6.31675732106274
"Mouth_Dumbfounded",1,4794,-0.0640887291955,0.0374797500990899,-0.137549039389716,0.00937158099871618,-6.20782252059673
"Mouth_Dumbfounded",1,4795,-0.0629875075296606,0.0356374672698971,-0.132836943378659,0.00686192831933759,-6.10447965141044
"Mouth_Dumbfounded",1,4797,-0.0588179447482611,0.0341106890096188,-0.125674895207114,0.00803900571059165,-5.71215905011867
"Mouth_Dumbfounded",1,4798,-0.062090801210655,0.0411935323088452,-0.142830124535992,0.0186485221146816,-6.02024518384215
"Mouth_Dumbfounded",1,4800,-0.0591704877840604,0.0381300776600652,-0.133905439997788,0.0155644644296675,-5.74539371313738
"Mouth_Dumbfounded",1,4801,-0.0621084427315365,0.0365623519265875,-0.133770652507648,0.00955376704457499,-6.02190311502493
"Mouth_Dumbfounded",1,4804,-0.0612446970926679,0.0387134926260756,-0.137123142639776,0.0146337484544403,-5.94069487710952
"Mouth_Dumbfounded",1,4806,-0.0682375033421231,0.0345157961912259,-0.135888463876926,-0.000586542807320262,-6.59613900599539
"Mouth_Dumbfounded",1,4807,-0.0617559654350201,0.0374218231270949,-0.135102738764126,0.0115908078940859,-5.98877213088631
"Mouth_Dumbfounded",1,4810,-0.0584356292168628,0.0447700853598395,-0.146184996522148,0.0293137380884225,-5.67610445242433
"Mouth_Dumbfounded",1,4811,-0.0655980106763733,0.0393679537701931,-0.142759200065952,0.0115631787132053,-6.3492745448054
"Mouth_Dumbfounded",1,4812,-0.0663619231855778,0.0421846856166581,-0.149043906994228,0.0163200606230722,-6.42078818691608
"Mouth_Dumbfounded",1,4813,-0.062202695807026,0.0404008918654348,-0.141388443863278,0.0169830522492262,-6.0307604222642
"Mouth_Dumbfounded",1,4814,-0.0634454357093606,0.0380619421316911,-0.138046842287475,0.0111559708687539,-6.14746721276659
"Mouth_Dumbfounded",1,4816,-0.0615043584127628,0.0356989444569732,-0.13147428954843,0.00846557272290468,-5.96511526979202
"Mouth_Dumbfounded",1,4820,-0.0677162544327402,0.0400716542401962,-0.146256696743525,0.0108241878780443,-6.54743965418075
"Mouth_Dumbfounded",1,4823,-0.0629586092866511,0.0414030238400514,-0.144108536013152,0.0181913174398496,-6.10176619663906
"Mouth_Dumbfounded",1,4825,-0.0651352017751958,0.0380179998697929,-0.13965048151999,0.00938007796959818,-6.30592212429377
"Mouth_Dumbfounded",1,4838,-0.0585889241890831,0.0381781781767307,-0.133418153415475,0.0162403050373091,-5.69056272315359
"Mouth_Dumbfounded",1,4840,-0.0653541151687514,0.0392975706776132,-0.142377353696873,0.0116691233593704,-6.3264307679473
"Mouth_Dumbfounded",1,4841,-0.0604979100631416,0.0316521392874855,-0.122536103066613,0.00154028294032997,-5.87042637349963
"Mouth_Dumbfounded",1,4844,-0.0632661105524242,0.0385863066230397,-0.138895271533582,0.0123630504287337,-6.13063558347346
"Mouth_Dumbfounded",1,4845,-0.0635216655065535,0.0428884661824265,-0.147583059224109,0.0205397282110024,-6.15462129962624
"Mouth_Dumbfounded",1,4846,-0.0599497920369815,0.0396754675243501,-0.137713708384708,0.0178141243107446,-5.81881811498385
"Mouth_Dumbfounded",1,4847,-0.0653716579136249,0.0340603104763949,-0.132129866447359,0.00138655062010902,-6.3280740450599
"Mouth_Dumbfounded",1,4848,-0.0648214934597736,0.0397475756974916,-0.142726741826857,0.0130837549073099,-6.27652490212292
"Mouth_Dumbfounded",1,4849,-0.0592800860162643,0.0391025580038568,-0.135921099703824,0.0173609276712951,-5.75572328530173
"Mouth_Dumbfounded",1,4850,-0.0648897815883037,0.037500482230757,-0.138390726760587,0.00861116358397988,-6.28292488431279
"Mouth_Dumbfounded",1,4852,-0.0657537290154496,0.0375605676858121,-0.139372441679641,0.00786498364874208,-6.3638565448547
"Mouth_Dumbfounded",1,4853,-0.0646443710512664,0.0390347922526573,-0.141152563866475,0.0118638217639419,-6.25992290423039
"Mouth_Dumbfounded",1,4854,-0.0592276516559815,0.0412180314962676,-0.140014993388666,0.0215596900767031,-5.7507815173838
"Mouth_Dumbfounded",1,4856,-0.0600055608011852,0.036377824354791,-0.131306096536576,0.0112949749342051,-5.8240703366525
"Mouth_Dumbfounded",1,4857,-0.0620752918570505,0.0439246542354204,-0.148167614158474,0.0240170304443734,-6.01878760729004
"Mouth_Dumbfounded",1,4858,-0.0660974972004166,0.0387297690037037,-0.142007844447676,0.00981285004684262,-6.39604013977263
"Mouth_Dumbfounded",1,4865,-0.064218610220494,0.0381445672852902,-0.138981962099663,0.0105447416586749,-6.22000355368452
"Mouth_Dumbfounded",1,4867,-0.0607221121748386,0.0387126234084746,-0.136598854055449,0.0151546297057716,-5.89152805707042
"Mouth_Dumbfounded",1,4870,-0.0624824047483001,0.0429690865637771,-0.146701814413303,0.021737004916703,-6.05704078318152
"Mouth_Dumbfounded",1,4871,-0.0601764505891244,0.0428295121815247,-0.144122294464913,0.023769393286664,-5.84016266625509
"Mouth_Dumbfounded",1,4876,-0.0623409706886168,0.0429991439718062,-0.146619292873357,0.0219373514961232,-6.04375310943816
"Mouth_Dumbfounded",1,4878,-0.067101928059481,0.0380160853371396,-0.141613455320275,0.00740959920131255,-6.49001164374712
"Mouth_Dumbfounded",1,4881,-0.0586620798358783,0.0389028209853063,-0.134911608967079,0.017587449295322,-5.69746173868242
"Mouth_Dumbfounded",1,4882,-0.0593183763156926,0.0440223109597265,-0.145602105796757,0.0269653531653714,-5.75933185778944
"Mouth_Dumbfounded",1,4884,-0.0614969373153474,0.0389802109026486,-0.137898150684539,0.0149042760538438,-5.9644174251626
"Mouth_Dumbfounded",1,4886,-0.0620967940227398,0.0402153182260455,-0.140918817745789,0.0167252297003094,-6.02080838516497
"Mouth_Dumbfounded",1,4887,-0.0595740077944729,0.038700015760333,-0.135426038684726,0.0162780230957797,-5.78341966021643
"Mouth_Dumbfounded",1,4889,-0.0625075082334804,0.0399546957155644,-0.140818711835987,0.0158036953690259,-6.05939904926553
"Mouth_Dumbfounded",1,4890,-0.0600385312186693,0.038800971446625,-0.136088435254054,0.0160113728167157,-5.82717530518412
"Mouth_Dumbfounded",1,4892,-0.0633233544040646,0.0358236930979419,-0.133537792876031,0.00689108406790152,-6.13600887364832
"Mouth_Dumbfounded",1,4893,-0.0592991399114012,0.0407306652167219,-0.139131243736176,0.0205329639133736,-5.75751898875988
"Mouth_Dumbfounded",1,4894,-0.0618661188956532,0.0434769684706761,-0.147080977098178,0.0233487393068719,-5.9991272226394
"Mouth_Dumbfounded",1,4895,-0.0619837513990621,0.043687842440917,-0.14761192258326,0.0236444197851353,-6.0101841302882
"Mouth_Dumbfounded",1,4896,-0.0616594333024892,0.0389291906431347,-0.137960646963033,0.0146417803580547,-5.97969658854458
"Mouth_Dumbfounded",1,4897,-0.0611553956163397,0.0396882659077242,-0.138944396795479,0.0166336055627996,-5.93229486723857
"Mouth_Dumbfounded",1,4898,-0.0657079080014947,0.0347265087687468,-0.133771865188238,0.002356049185249,-6.35956594351965
"Mouth_Dumbfounded",1,4899,-0.0617381952010071,0.0402187057594573,-0.140566858489543,0.0170904680875293,-5.98710151452365
"Mouth_Dumbfounded",1,4900,-0.0659288717435422,0.0438255189877069,-0.151826888959448,0.0199691454723633,-6.38025479840815
"Mouth_Dumbfounded",1,4903,-0.0588034356756272,0.0391844635830406,-0.135604984298387,0.0179981129471324,-5.71079101106137
"Mouth_Dumbfounded",1,4904,-0.061417805277222,0.0381004037423814,-0.13609459661229,0.0132589860578456,-5.95697590342965
"Mouth_Dumbfounded",1,4910,-0.0600186726173751,0.0413700023272806,-0.141103877178845,0.0210665319440949,-5.82530514603644
"Mouth_Dumbfounded",1,4911,-0.0600617814927867,0.0434796747386441,-0.145281943980529,0.0251583809949558,-5.82936482371913
"Mouth_Dumbfounded",1,4917,-0.0637170308855005,0.0413172972024376,-0.144698933402278,0.0172648716312771,-6.17295364678718
"Mouth_Dumbfounded",1,4918,-0.0604504229144681,0.0375969207126438,-0.13414038751125,0.0132395416823138,-5.86595632230809
"Mouth_Dumbfounded",1,4920,-0.0612073411368656,0.045459696101212,-0.150308345495241,0.0278936632215099,-5.93718113623539
"Mouth_Dumbfounded",1,4925,-0.0628641596435439,0.0377315121304169,-0.136817923419161,0.0110896041320732,-6.09289712313411
"Mouth_Dumbfounded",1,4927,-0.0597245250395014,0.0416693222506852,-0.141396396650844,0.0219473465718416,-5.79759981311964
"Mouth_Dumbfounded",1,4929,-0.0656378838809712,0.0403810903867491,-0.144784821039,0.0135090532770571,-6.35300862489685
"Mouth_Dumbfounded",1,4933,-0.0654804167337018,0.0397525732603823,-0.143395460324051,0.0124346268566475,-6.33826113922288
"Mouth_Dumbfounded",1,4936,-0.0556688940280835,0.0410524097892684,-0.13613161721505,0.0247938291588826,-5.41477386190303
"Mouth_Dumbfounded",1,4937,-0.0692203414162095,0.0413762887036233,-0.150317867275311,0.0118771844428921,-6.68789477892729
"Mouth_Dumbfounded",1,4941,-0.0633803338293077,0.0433502103173744,-0.148346746051362,0.0215860783927462,-6.14135703754464
"Mouth_Dumbfounded",1,4942,-0.0615421533554446,0.0437062138370794,-0.14720633247612,0.0241220257652311,-5.96866924570891
"Mouth_Dumbfounded",1,4947,-0.0671937451679932,0.0432527287237594,-0.151969093466562,0.0175816031305751,-6.49859706634464
"Mouth_Dumbfounded",1,4949,-0.0625596699719319,0.0428167270886878,-0.14648045506576,0.0213611151218961,-6.06429902652553
"Mouth_Dumbfounded",1,4951,-0.065349892757923,0.0347626457541188,-0.133484678435996,0.00278489292014981,-6.3260352388192
"Mouth_Dumbfounded",1,4952,-0.0643982733865168,0.0408927663574317,-0.144548095447083,0.0157515486740492,-6.23685085129094
"Mouth_Dumbfounded",1,4953,-0.0661637716489912,0.0386171238626656,-0.141853334419816,0.00952579112183341,-6.40224348503286
"Mouth_Dumbfounded",1,4955,-0.0624118695684844,0.0391339497212091,-0.139114411022054,0.0142906718850855,-6.05041426596219
"Mouth_Dumbfounded",1,4959,-0.0641263410989406,0.0383075655148822,-0.13920916950811,0.0109564873102285,-6.2113501565786
"Mouth_Dumbfounded",1,4960,-0.0648678553071788,0.0380405278974094,-0.139427289986101,0.0096915793717437,-6.28086999484964
"Mouth_Dumbfounded",1,4962,-0.0603848042850708,0.0363020386528436,-0.131536800044644,0.0107671914745026,-5.8597791727165
"Mouth_Dumbfounded",1,4964,-0.0592831194145226,0.0391950624821093,-0.136105441879457,0.0175392030504117,-5.75600916529297
"Mouth_Dumbfounded",1,4965,-0.0589718009393389,0.0417412967003741,-0.140784742472072,0.0228411405933943,-5.72666470227136
"Mouth_Dumbfounded",1,4966,-0.0658321454026305,0.041360483427688,-0.146898692920899,0.015234402115638,-6.37119886505112
"Mouth_Dumbfounded",1,4967,-0.0648347387850426,0.0334951513994604,-0.130485235527985,0.000815757957899649,-6.2777662918146
"Mouth_Dumbfounded",1,4968,-0.0664048444532286,0.0402482048365025,-0.145291325932773,0.0124816370263163,-6.42480463911663
"Mouth_Dumbfounded",1,4969,-0.0624669354904562,0.0402261288011964,-0.141310147940801,0.0163762769598888,-6.05558754408254
"Mouth_Dumbfounded",1,4970,-0.063004704454336,0.0361926005823036,-0.133942201595651,0.00793279268697906,-6.10609435171726
"Mouth_Dumbfounded",1,4972,-0.0687593650031115,0.0334827777963496,-0.134385609483957,-0.00313312052226636,-6.6448701834639
"Mouth_Dumbfounded",1,4975,-0.0648269516003339,0.0410562511776678,-0.145297203908563,0.0156433007078949,-6.27703645662772
"Mouth_Dumbfounded",1,4976,-0.0615930322359824,0.036174479415581,-0.132495011890521,0.00930894741855646,-5.97345333284763
"Mouth_Dumbfounded",1,4978,-0.0647301978780003,0.03847887861279,-0.140148799959069,0.0106884042030681,-6.26796797233904
"Mouth_Dumbfounded",1,4979,-0.0600542904949855,0.040554213810098,-0.139540549562777,0.0194319685728065,-5.82865938905588
"Mouth_Dumbfounded",1,4982,-0.0655833845019602,0.0415262922847303,-0.146974917380032,0.0158081483761112,-6.34790478294381
"Mouth_Dumbfounded",1,4983,-0.0660867318860755,0.0430189604376201,-0.150403894343811,0.0182304305716599,-6.39503245829717
"Mouth_Dumbfounded",1,4984,-0.062906472881969,0.0395359371008923,-0.140396909599718,0.01458396383578,-6.09687055270303
"Mouth_Dumbfounded",1,4985,-0.0624837688599711,0.0439024332906292,-0.148532538109604,0.023565000389662,-6.0571689317812
"Mouth_Dumbfounded",1,4987,-0.0631391459668901,0.0392114470390908,-0.139993582163508,0.0137152902297278,-6.11871674190659
"Mouth_Dumbfounded",1,4988,-0.0598772863740789,0.0373593234592756,-0.133101560354259,0.0133469876061014,-5.81198919839375
"Mouth_Dumbfounded",1,4989,-0.0623341532922307,0.0386972660676431,-0.138180794784811,0.0135124882003498,-6.04311257027674
"Mouth_Dumbfounded",1,4991,-0.0616291913479543,0.0406903587001836,-0.141382294400314,0.0181239117044056,-5.97685318780866
"Mouth_Dumbfounded",1,4992,-0.0620926374432246,0.0398166347863679,-0.140133241624506,0.0159479667380565,-6.0204177523704
"Mouth_Dumbfounded",1,4994,-0.061915104345836,0.0390725753442358,-0.138497352020538,0.0146671433288662,-6.00373178493077
"Mouth_Dumbfounded",1,4995,-0.0595355813496165,0.0424773477611815,-0.142791182961532,0.0237200202622992,-5.77979918242684
"Mouth_Dumbfounded",1,4997,-0.0645504411398962,0.0408070552932669,-0.144532269514699,0.0154313872349069,-6.2511174935577
"Mouth_Dumbfounded",1,4998,-0.0648054049418086,0.0418638891924187,-0.146858627758949,0.017247817875332,-6.27501701818027
"Mouth_Dumbfounded",1,4999,-0.0650762464325381,0.0413720567095523,-0.146165477583261,0.0160129847181844,-6.30039819499664
"Mouth_Dumbfounded",1,5000,-0.0642762334996006,0.0418851111513108,-0.14637105135617,0.0178185843569685,-6.22540730890182
"Mouth_Dumbfounded",1,5001,-0.0653490034136171,0.0409875910586788,-0.145684681888627,0.0149866750613933,-6.32595193037498
"Mouth_Dumbfounded",1,5002,-0.0623268760666364,0.0411173241711676,-0.142916831442125,0.018263079308852,-6.04242882232289
"Mouth_Dumbfounded",1,5003,-0.0581357339323308,0.0424417210174241,-0.141321507126482,0.0250500392618204,-5.64781291889422
"Mouth_Dumbfounded",1,5004,-0.0620829497984988,0.041992434255417,-0.144388120939116,0.0202222213421185,-6.01950730715607
"Mouth_Dumbfounded",1,5005,-0.057256942160175,0.0379323187259123,-0.131604286862963,0.0170904025426131,-5.56486054961114
"Mouth_Dumbfounded",1,5007,-0.0630407704876517,0.0398033069649475,-0.141055252138949,0.0149737111636455,-6.10948067138057
"Mouth_Dumbfounded",1,5008,-0.0600780753250993,0.0385206459115303,-0.135578541311699,0.0154223906615,-5.8308992117569
"Mouth_Dumbfounded",1,5009,-0.0574833436612726,0.0424390846755735,-0.140663949625397,0.0256972623028514,-5.58623838686053
"Mouth_Dumbfounded",1,5011,-0.0608434350654243,0.0388523465165371,-0.136994034237837,0.0153071641069884,-5.90294487634038
"Mouth_Dumbfounded",1,5013,-0.0635827813635887,0.0382333457283062,-0.138520138991069,0.0113545762638914,-6.16035656511469
"Mouth_Dumbfounded",1,5016,-0.0586639476812097,0.0431123979144082,-0.14316424759345,0.0258363522310304,-5.69763788107375
"Mouth_Dumbfounded",1,5017,-0.062908245932541,0.0429977396061603,-0.147183815560615,0.0213673236955332,-6.0970370475528
"Mouth_Dumbfounded",1,5018,-0.0638891748899474,0.0406831229399915,-0.143628095852331,0.0158497460724359,-6.189104020137
"Mouth_Dumbfounded",1,5020,-0.0568978249602925,0.0414406018118733,-0.138121404511564,0.0243257545909792,-5.5309411766106
"Mouth_Dumbfounded",1,5022,-0.0581718479693318,0.0407025388626134,-0.137948824140054,0.0216051282013905,-5.65122029574215
"Mouth_Dumbfounded",1,5024,-0.0631345791162668,0.0433511007757978,-0.148102736636831,0.021833578404297,-6.11828799913062
"Mouth_Dumbfounded",1,5025,-0.0589115629223706,0.0406989449863046,-0.138681495095528,0.0208583692507865,-5.7209856924556
"Mouth_Dumbfounded",1,5026,-0.0593438806145071,0.0401214072556199,-0.137981838835522,0.0192940776065079,-5.76173536930015
"Mouth_Dumbfounded",1,5029,-0.0650522324280852,0.0409578129066003,-0.145329545725022,0.0152250808688513,-6.29814806532445
"Mouth_Dumbfounded",1,5031,-0.0631456234262082,0.0393061631750057,-0.140185703249219,0.013894456396803,-6.11932485213011
"Mouth_Dumbfounded",1,5032,-0.0645544424623694,0.0392935344416538,-0.141569769968011,0.0124608850432721,-6.25149261231762
"Mouth_Dumbfounded",1,5033,-0.0622906459891387,0.0404489311950991,-0.141570551131533,0.0169892591532555,-6.03902467057166
"Mouth_Dumbfounded",1,5038,-0.0619639397381721,0.0381787642786215,-0.13679431772427,0.012866438247926,-6.00832201748337
"Mouth_Dumbfounded",1,5039,-0.0600457462041148,0.0392640793759665,-0.137003341781009,0.0169118493727795,-5.82785475829253
"Mouth_Dumbfounded",1,5040,-0.0680224872240862,0.0405137516873504,-0.147429440531293,0.0113844660831206,-6.57605351111962
"Mouth_Dumbfounded",1,5041,-0.0597931948393828,0.0397783305438208,-0.137758722705272,0.0181723330265059,-5.80406845098623
"Mouth_Dumbfounded",1,5042,-0.0561774643167427,0.0429163409707722,-0.140293492619456,0.0279385639859708,-5.46286486779808
"Mouth_Dumbfounded",1,5044,-0.0599638484514912,0.0404597719155438,-0.139265001405957,0.0193373045029747,-5.82014195541118
"Mouth_Dumbfounded",1,5045,-0.0605015023296884,0.041938920968893,-0.142701787428719,0.0216987827693418,-5.87076451141069
"Mouth_Dumbfounded",1,5046,-0.0603465424237596,0.0389306273653225,-0.136650572059792,0.0159574872122726,-5.8561771237333
"Mouth_Dumbfounded",1,5049,-0.0637682863078878,0.0348384790472686,-0.132051705240534,0.0045151326247586,-6.1777626684341
"Mouth_Dumbfounded",1,5050,-0.0608399179459157,0.0376305761675538,-0.134595847234321,0.0129160113424896,-5.90261392517011
"Mouth_Dumbfounded",1,5054,-0.0581464906591201,0.0365462753018606,-0.129777190250767,0.0134842089325267,-5.64882783413403
"Mouth_Dumbfounded",1,5055,-0.0576901580869065,0.0422609470909459,-0.14052161438516,0.0251412982113476,-5.60576249573721
"Mouth_Dumbfounded",1,5058,-0.0599992203911026,0.0399723718281078,-0.138345069174194,0.0183466283919887,-5.82347322074555
"Mouth_Dumbfounded",1,5063,-0.0636202498185656,0.0406363113057804,-0.143267419977895,0.016026920340764,-6.16387252570056
"Mouth_Dumbfounded",1,5064,-0.0611510860182383,0.0433024272514483,-0.146023843431077,0.0237216713946004,-5.9318894723616
"Mouth_Dumbfounded",1,5067,-0.0651149602829503,0.041965992121479,-0.147368304841049,0.0171383842751485,-6.30402559714879
"Mouth_Dumbfounded",1,5069,-0.0581483367721944,0.0396000432867005,-0.135764421614127,0.0194677480697385,-5.64900201690577
"Mouth_Dumbfounded",1,5070,-0.0671651270895625,0.0353041478852923,-0.136361256944735,0.00203100276561041,-6.49592119757317
"Mouth_Dumbfounded",1,5071,-0.061536940402589,0.0351549808593669,-0.130440702886948,0.00736682208177008,-5.96817906353709
"Mouth_Dumbfounded",1,5074,-0.0667485461551424,0.0391169308028386,-0.143417730528706,0.00992063821842119,-6.4569610665931
"Mouth_Dumbfounded",1,5076,-0.0578100084489439,0.0405147889210306,-0.137218994734164,0.0215989778362761,-5.61707500135886
"Mouth_Dumbfounded",1,5077,-0.0580012657867071,0.0421100956967457,-0.140537053352329,0.0245345217789144,-5.63512470220051
"Mouth_Dumbfounded",1,5078,-0.063961685344657,0.0396986231369894,-0.141770986693156,0.0138476160038423,-6.1959060442493
"Mouth_Dumbfounded",1,5079,-0.0631846080173264,0.0384486838094703,-0.138544028283888,0.0121748122492354,-6.12298468052574
"Mouth_Dumbfounded",1,5080,-0.0613406250843355,0.0444275508903735,-0.148418624829468,0.0257373746607965,-5.94971736458614
"Mouth_Dumbfounded",1,5083,-0.0606731606302114,0.0395822123794971,-0.138254296894026,0.0169079756336029,-5.88692118925058
"Mouth_Dumbfounded",1,5084,-0.0619910076576546,0.0397605835771917,-0.13992175146895,0.0159397361536411,-6.01086614222278
"Mouth_Dumbfounded",1,5085,-0.0639309187550587,0.0403158520006676,-0.142949988676367,0.0150881511662498,-6.19301996779079
"Mouth_Dumbfounded",1,5087,-0.0645837664766062,0.041714590538357,-0.146344363931786,0.0171768309785737,-6.25424165457625
"Mouth_Dumbfounded",1,5089,-0.0543298444267294,0.0411344855154285,-0.134953436036969,0.0262937471835105,-5.28803471648527
"Mouth_Dumbfounded",1,5090,-0.0611409697248829,0.0442938060097754,-0.147956829504043,0.0256748900542768,-5.93093784694666
"Mouth_Dumbfounded",1,5091,-0.0572178938556304,0.0420581074337148,-0.139651784425711,0.0252159967144505,-5.56117294552929
"Mouth_Dumbfounded",1,5092,-0.0660260309711435,0.042131216664105,-0.148603215632789,0.0165511536905022,-6.38935037867323
"Mouth_Dumbfounded",1,5094,-0.0643859031517226,0.0410345046910556,-0.144813532346192,0.0160417260427464,-6.23569097194695
"Mouth_Dumbfounded",1,5095,-0.0577548836126655,0.0395154455678442,-0.13520515692564,0.0196953897003092,-5.61187201466525
"Mouth_Dumbfounded",1,5096,-0.0619993858559465,0.0397936477670324,-0.13999493547933,0.015996163767437,-6.01165359852479
"Mouth_Dumbfounded",1,5098,-0.0650961836183831,0.0427628438624652,-0.148911357588815,0.0187189903520486,-6.30226628274916
"Mouth_Dumbfounded",1,5099,-0.066779181494206,0.0340654054316293,-0.133547376140199,-1.09868482126574e-05,-6.45982674541212
"Mouth_Dumbfounded",1,5100,-0.0560775478423016,0.0398256703742352,-0.134135861775803,0.0219807660911993,-5.45341857863981
"Mouth_Dumbfounded",1,5102,-0.063811822882088,0.0376710579333521,-0.137647096431458,0.0100234506672821,-6.18184727831571
"Mouth_Dumbfounded",1,5103,-0.0643349029560102,0.0356470997059751,-0.134203218379721,0.00553341246770088,-6.23090885189219
"Mouth_Dumbfounded",1,5107,-0.0696002375412035,0.043583274228848,-0.155023455029746,0.0158229799473386,-6.72333695351716
"Mouth_Dumbfounded",1,5108,-0.0642238145599445,0.0380344686355623,-0.138771373085647,0.0103237439657576,-6.22049161534968
"Mouth_Dumbfounded",1,5109,-0.0646957076349849,0.036986842909681,-0.13718991973796,0.00779850446798998,-6.2647350760247
"Mouth_Dumbfounded",1,5113,-0.0607210583581142,0.042004517220688,-0.143049912110663,0.0216077953944343,-5.89142888393652
"Mouth_Dumbfounded",1,5114,-0.066410801104494,0.0428970652610334,-0.150489049016119,0.0176674468071314,-6.42536203226239
"Mouth_Dumbfounded",1,5115,-0.0571022295825916,0.0389263479928571,-0.133397871648591,0.0191934124834083,-5.55024911551515
"Mouth_Dumbfounded",1,5118,-0.0685357442174538,0.0430300242996614,-0.15287459184479,0.0158031034098826,-6.62399170164489
"Mouth_Dumbfounded",1,5119,-0.0611094960032641,0.0391895717915269,-0.137921056714657,0.0157020647081286,-5.92797709687884
"Mouth_Dumbfounded",1,5121,-0.0576516121016992,0.0403509002369336,-0.136739376566089,0.0214361523626906,-5.60212390672867
"Mouth_Dumbfounded",1,5122,-0.0558191065334352,0.0417698566376591,-0.137688025543247,0.0260498124763767,-5.42898067864303
"Mouth_Dumbfounded",1,5124,-0.060000356008169,0.0408994322487371,-0.140163243215694,0.0201625311993558,-5.82358016915588
"Mouth_Dumbfounded",1,5125,-0.0668062460270588,0.0397830372789495,-0.1447809990938,0.0111685070396823,-6.46235833224597
"Mouth_Dumbfounded",1,5126,-0.0591709395751686,0.0417003157953572,-0.140903558534069,0.0225616793837316,-5.74543629652079
"Mouth_Dumbfounded",1,5127,-0.0666126316667344,0.0382186872126913,-0.141521258603609,0.0082959952701406,-6.4442463482747
"Mouth_Dumbfounded",1,5128,-0.0596628289519286,0.0404329055976155,-0.138911323923255,0.0195856660193978,-5.79178771429809
"Mouth_Dumbfounded",1,5129,-0.0615136807006478,0.044165720089103,-0.14807849207529,0.0250511306739942,-5.96599188597267
"Mouth_Dumbfounded",1,5131,-0.0625850529031705,0.043150833836897,-0.147160687223489,0.0219905814171477,-6.06668335970337
"Mouth_Dumbfounded",1,5132,-0.0593773558902553,0.0408276159759079,-0.139399483203035,0.0206447714225242,-5.76488996839386
"Mouth_Dumbfounded",1,5134,-0.0603065605857397,0.0424186471021977,-0.143447108906047,0.0228339877345677,-5.8524130054088
"Mouth_Dumbfounded",1,5137,-0.0601959833384527,0.0342004093766587,-0.127228785716704,0.00683681903979827,-5.84200184879231
"Mouth_Dumbfounded",1,5139,-0.0619882760331061,0.040188652558811,-0.140758035048376,0.0167814829821635,-6.01060939884679
"Mouth_Dumbfounded",1,5140,-0.0635480957477691,0.0408411690990938,-0.143596787181993,0.0165005956864547,-6.15710162284435
"Mouth_Dumbfounded",1,5142,-0.0645485931782237,0.036508419527067,-0.136105095451275,0.00700790909482758,-6.25094424905591
"Mouth_Dumbfounded",1,5146,-0.0658264032529031,0.0403203374769282,-0.144854264707682,0.0132014582018761,-6.37066123291263
"Mouth_Dumbfounded",1,5147,-0.0599991402622941,0.0383982905559344,-0.135259789751925,0.0152615092273372,-5.82346567449237
"Mouth_Dumbfounded",1,5148,-0.0632338874652173,0.0350078677461331,-0.131849308247638,0.00538153331720366,-6.12761077402373
"Mouth_Dumbfounded",1,5150,-0.0591830905170226,0.042423950170713,-0.14233403285162,0.0239678518175749,-5.74658157128573
"Mouth_Dumbfounded",1,5151,-0.0593025325095197,0.0403870674259125,-0.138461184664308,0.0198561196452688,-5.75783871508129
"Mouth_Dumbfounded",1,5152,-0.0625683321854661,0.0399003659732447,-0.140773049493026,0.0156363851220936,-6.06511271410167
"Mouth_Dumbfounded",1,5154,-0.0593860856845857,0.0397274776598097,-0.137251941897813,0.0184797705286414,-5.76571261793235
"Mouth_Dumbfounded",1,5155,-0.0602939241966488,0.040088333710054,-0.138867058268355,0.0182792098750571,-5.85122331235087
"Mouth_Dumbfounded",1,5158,-0.0633407042637521,0.0391977034421502,-0.140168203010367,0.0134867944828622,-6.13763738659681
"Mouth_Dumbfounded",1,5159,-0.0675596336443309,0.0431782212810298,-0.152188947355149,0.0170696800664874,-6.53280189424169
"Mouth_Dumbfounded",1,5160,-0.0593733556208015,0.0412911207723075,-0.140303952334524,0.0215572410929212,-5.76451300180775
"Mouth_Dumbfounded",1,5161,-0.0629255471204987,0.038737731151498,-0.138851500177435,0.0130004059364375,-6.09866166631067
"Mouth_Dumbfounded",1,5162,-0.0606462123977577,0.0409679445309608,-0.140943383678441,0.0196509588829255,-5.88438497395274
"Mouth_Dumbfounded",1,5164,-0.0620303790851889,0.040437765648027,-0.141288399755322,0.017227641584944,-6.01456655574972
"Mouth_Dumbfounded",1,5165,-0.0636531752024386,0.0383017281391896,-0.13872456235525,0.0114182119503729,-6.1669620653564
"Mouth_Dumbfounded",1,5167,-0.0636241881603376,0.0405741221527324,-0.143149467579693,0.0159010912590179,-6.1642420837134
"Mouth_Dumbfounded",1,5168,-0.0586043406075409,0.041403068010085,-0.139754353907308,0.0225456726922257,-5.69201662569616
"Mouth_Dumbfounded",1,5170,-0.060741587101151,0.0360275898668449,-0.131355663240167,0.00987248903786499,-5.89336079478061
"Mouth_Dumbfounded",1,5171,-0.0635965005610953,0.0402893149718492,-0.14256355790592,0.0153705567837291,-6.16164396088589
"Mouth_Dumbfounded",1,5172,-0.0608521662019723,0.0382105204499251,-0.135744786283825,0.0140404538798808,-5.9037664469908
"Mouth_Dumbfounded",1,5173,-0.0608347541467592,0.0436058270016398,-0.146302175069973,0.0246326667764548,-5.90212802391271
"Mouth_Dumbfounded",1,5174,-0.0607931392906948,0.0414273172334266,-0.141990681068211,0.0204044024868213,-5.89821207303416
"Mouth_Dumbfounded",1,5175,-0.0625048164234411,0.044157745055905,-0.149053996733015,0.0240443638861327,-6.05914617867246
"Mouth_Dumbfounded",1,5177,-0.0668843662602965,0.0409486934419739,-0.147143805406565,0.0133750728859722,-6.4696652292176
"Mouth_Dumbfounded",1,5181,-0.060892911051411,0.0353678362820089,-0.130213870164148,0.0084280480613263,-5.90760030575414
"Mouth_Dumbfounded",1,5182,-0.0616405220725958,0.038526256889598,-0.137151985576208,0.0138709414310162,-5.97791853215955
"Mouth_Dumbfounded",1,5183,-0.0611331544594974,0.0391281216480102,-0.137824272889597,0.0155579639706026,-5.93020266938856
"Mouth_Dumbfounded",1,5186,-0.0679288571622224,0.0400179373892485,-0.14636401444515,0.0105063001207046,-6.56730581171289
"Mouth_Dumbfounded",1,5189,-0.0556187530672587,0.0413568299784276,-0.136678139824977,0.0254406336904594,-5.41003114888354
"Mouth_Dumbfounded",1,5192,-0.0634031159327653,0.0399706507911502,-0.14174559148342,0.0149393596178891,-6.14349531050172
"Mouth_Dumbfounded",1,5194,-0.0604324180194409,0.0417225405332206,-0.142208597464553,0.0213437614256715,-5.86426143347508
"Mouth_Dumbfounded",1,5195,-0.0639104540424999,0.0408152886737461,-0.143908419843042,0.0160875117580426,-6.19110021526489
"Mouth_Dumbfounded",1,5196,-0.0661239002057138,0.0350190607104792,-0.134761259198253,0.00251345878682538,-6.39851153299441
"Mouth_Dumbfounded",1,5199,-0.0651820154851491,0.0400810304680037,-0.143740835202436,0.0133768042321381,-6.310308189015
"Mouth_Dumbfounded",1,5200,-0.0591647937259168,0.0414477231880336,-0.140402331174463,0.0220727437226292,-5.74485702040091
"Mouth_Dumbfounded",1,5202,-0.0583220586687038,0.0361933037126851,-0.129260933945567,0.0126168166081591,-5.66539142757196
"Mouth_Dumbfounded",1,5204,-0.0656725729050251,0.0400264254508258,-0.144124366788644,0.0127792209785934,-6.35625709128985
"Mouth_Dumbfounded",1,5209,-0.0626148006690594,0.0400132036114051,-0.141040679747413,0.0158110784092946,-6.06947762445419
"Mouth_Dumbfounded",1,5212,-0.0661439356939064,0.0358979164676796,-0.136503851970558,0.00421598058274561,-6.40038686572473
"Mouth_Dumbfounded",1,5214,-0.0624234977577517,0.0401127416765812,-0.141044471443851,0.0161974759283474,-6.05150672317504
"Mouth_Dumbfounded",1,5215,-0.0615081419044422,0.0409168369809646,-0.141705142387133,0.0186888585782484,-5.96547104932292
"Mouth_Dumbfounded",1,5216,-0.0600485614155441,0.0405955052960054,-0.139615751795715,0.0195186289646265,-5.82811987241896
"Mouth_Dumbfounded",1,5217,-0.0630003113333495,0.0428087035113286,-0.146905370215554,0.0209047475488545,-6.10568186352379
"Mouth_Dumbfounded",1,5220,-0.0645461351217114,0.0391391014473911,-0.141258773958598,0.0121665037151752,-6.25071380829568
"Mouth_Dumbfounded",1,5221,-0.0662242564609151,0.0398753838399255,-0.144380008787169,0.011931495865339,-6.407904556526
"Mouth_Dumbfounded",1,5225,-0.0599103241387831,0.0382389322915672,-0.134858631430255,0.0150379831526887,-5.81510090833032
"Mouth_Dumbfounded",1,5227,-0.0637072921792073,0.0428336876292081,-0.147661319932455,0.0202467355740405,-6.17203988829098
"Mouth_Dumbfounded",1,5230,-0.0658946859532995,0.0387076536386593,-0.141761687085072,0.00997231517847273,-6.37705427873028
"Mouth_Dumbfounded",1,5235,-0.059274735492426,0.0404915282618406,-0.138638130885634,0.0200886599007817,-5.75521902770353
"Mouth_Dumbfounded",1,5237,-0.0614772934283969,0.0396259251697568,-0.13914410676112,0.0161895199043264,-5.96257018266574
"Mouth_Dumbfounded",1,5239,-0.0582467079891852,0.0396024677789004,-0.13586754483583,0.0193741288574596,-5.65828298290421
"Mouth_Dumbfounded",1,5241,-0.0599602344836207,0.0390252804489233,-0.13644978416351,0.0165293151962689,-5.81980159181514
"Mouth_Dumbfounded",1,5243,-0.0565269118746893,0.0405033628995597,-0.135913503157826,0.0228596794084478,-5.49589486734283
"Mouth_Dumbfounded",1,5247,-0.0584227251378064,0.040325888003149,-0.137461465623978,0.0206160153483657,-5.67488728156607
"Mouth_Dumbfounded",1,5259,-0.0623767978388013,0.0396936391972384,-0.140176330665389,0.015422734987786,-6.04711923370659
"Mouth_Dumbfounded",1,5261,-0.0578271425477984,0.041867339534722,-0.139887128035853,0.0242328429402566,-5.6186921538717
"Mouth_Dumbfounded",1,5262,-0.0630189773825053,0.0422044942546052,-0.145739786121531,0.0197018313565208,-6.10743448312429
"Mouth_Dumbfounded",1,5263,-0.0611271138135992,0.0380695544071832,-0.135743440451678,0.01348921282448,-5.92963442533689
"Mouth_Dumbfounded",1,5267,-0.0651167428894427,0.0396634946108523,-0.142857192326713,0.0126237065478278,-6.30419262005221
"Mouth_Dumbfounded",1,5268,-0.0614667668473022,0.041602350656205,-0.143007374133464,0.0200738404388596,-5.96158028482471
"Mouth_Dumbfounded",1,5270,-0.0649310428234614,0.0460349942107544,-0.15515963147654,0.0252975458296173,-6.28679168681235
"Mouth_Dumbfounded",1,5276,-0.0639441651814939,0.045689996074047,-0.153496557486626,0.0256082271236383,-6.19426256682087
"Mouth_Dumbfounded",1,5279,-0.0653974405993442,0.036933604628414,-0.137787305671036,0.00699242447234733,-6.33048912775372
"Mouth_Dumbfounded",1,5280,-0.0689963896062956,0.0350153704817289,-0.137626515750484,-0.000366263462106942,-6.66699502389452
"Mouth_Dumbfounded",1,5284,-0.0595090835940274,0.0397493599130484,-0.137417829023602,0.0183996618355475,-5.77730252549627
"Mouth_Dumbfounded",1,5285,-0.0570568725064485,0.036816885516369,-0.129217968118532,0.0151042231056347,-5.54596505381706
"Mouth_Dumbfounded",1,5286,-0.0642910774247685,0.0421029789849554,-0.146812916235281,0.0182307613857441,-6.22679928160718
"Mouth_Dumbfounded",1,5288,-0.0639559843982652,0.0378642580857932,-0.13816993024642,0.0102579614498895,-6.19537127061397
"Mouth_Dumbfounded",1,5289,-0.0626960174087556,0.0361804038312437,-0.133609608917993,0.00821757410048192,-6.07710604545756
"Mouth_Dumbfounded",1,5292,-0.0653745531292373,0.0414052976088447,-0.146528936442573,0.0157798301840983,-6.32834524508977
"Mouth_Dumbfounded",1,5294,-0.0587508828836216,0.0435992238637154,-0.144205361656504,0.0267035958892606,-5.70583571966694
"Mouth_Dumbfounded",1,5295,-0.0639273497285893,0.038282877639548,-0.138961789902103,0.0111070904449248,-6.19268516759858
"Mouth_Dumbfounded",1,5296,-0.0593448791256243,0.0405280036175452,-0.138779766216013,0.0200900079647643,-5.76182946720807
"Mouth_Dumbfounded",1,5298,-0.0622113135183263,0.0437138829474769,-0.147890524095381,0.0234678970587285,-6.0315702185527
"Mouth_Dumbfounded",1,5299,-0.0664020272696677,0.0366612789289538,-0.138258133970417,0.00545407943108166,-6.42454102024322
"Mouth_Dumbfounded",1,5300,-0.0604416648116094,0.0399619492824398,-0.138767085405191,0.0178837557819727,-5.8651318830608
"Mouth_Dumbfounded",1,5302,-0.0618414738882894,0.036107353633128,-0.13261188700922,0.00892893923264139,-5.99681054189041
"Mouth_Dumbfounded",1,5304,-0.0594666919416383,0.038419248499254,-0.134768419000176,0.0158350351168994,-5.77330818499502
"Mouth_Dumbfounded",1,5305,-0.062457736704371,0.0385037988757402,-0.137925182500822,0.0130097090920798,-6.05472336555377
"Mouth_Dumbfounded",1,5309,-0.0634843659180137,0.0391706040914193,-0.140258749937195,0.0132900181011681,-6.15112084033191
"Mouth_Dumbfounded",1,5310,-0.0671447421289382,0.0334859916498507,-0.132777285762646,-0.00151219849523079,-6.49401510118078
"Mouth_Dumbfounded",1,5311,-0.0640368183567439,0.039310311353677,-0.141085028609951,0.013011391896463,-6.20295356362028
"Mouth_Dumbfounded",1,5312,-0.0640528849149089,0.0407142902326828,-0.143852893770967,0.0157471239411494,-6.20446054721651
"Mouth_Dumbfounded",1,5314,-0.0650856066121576,0.0372557738676409,-0.138106923392734,0.00793571016841856,-6.30127523599517
"Mouth_Dumbfounded",1,5316,-0.0623114618847555,0.0380599521996458,-0.136908968196061,0.0122860444265503,-6.0409805320696
"Mouth_Dumbfounded",1,5319,-0.0603617931748447,0.0396542813249024,-0.138084184571653,0.0173605982219639,-5.857612876794
"Mouth_Dumbfounded",1,5320,-0.0590686350872338,0.0391230250022865,-0.135749764091715,0.0176124939172477,-5.73579313838483
"Mouth_Dumbfounded",1,5321,-0.0676253237585081,0.0349362365719732,-0.136100347439575,0.00084969992255933,-6.53894156349708
"Mouth_Dumbfounded",1,5322,-0.0636584862730143,0.0415326309856189,-0.145062443004827,0.0177454704587987,-6.1674604179198
"Mouth_Dumbfounded",1,5323,-0.0634992807065666,0.0404454384347813,-0.142772340038738,0.0157737786256047,-6.15252056608218
"Mouth_Dumbfounded",1,5325,-0.0593889254561464,0.0398933838255601,-0.137579957754244,0.0188021068419515,-5.76598022140173
"Mouth_Dumbfounded",1,5326,-0.0657327999737973,0.0446479395669717,-0.153242761525062,0.0217771615774672,-6.36189680960054
"Mouth_Dumbfounded",1,5327,-0.0617251405063432,0.0437750139937483,-0.14752416793409,0.0240738869214035,-5.98587419682834
"Mouth_Dumbfounded",1,5328,-0.0606831718897962,0.0402517536002426,-0.139576608946272,0.0182102651666794,-5.88786337499663
"Mouth_Dumbfounded",1,5329,-0.0625751612513312,0.0373138073795741,-0.135710223715297,0.0105599012126341,-6.06575419944361
"Mouth_Dumbfounded",1,5330,-0.0621323137753419,0.0389101622135939,-0.138396231713986,0.0141316041633021,-6.02414644351701
"Mouth_Dumbfounded",1,5331,-0.0618267702385392,0.0383735371465738,-0.137038903045824,0.0133853625687454,-5.99542834175554
"Mouth_Dumbfounded",1,5332,-0.0649449709892754,0.041786942344422,-0.146847377984342,0.0169574360057917,-6.28809693082685
"Mouth_Dumbfounded",1,5333,-0.0697183718590815,0.0334505058930809,-0.13528136340952,-0.00415538030864304,-6.73435547763436
"Mouth_Dumbfounded",1,5334,-0.0652461668898828,0.0350810154078191,-0.134004957089208,0.00351262330944258,-6.31631832157246
"Mouth_Dumbfounded",1,5337,-0.0573953549796049,0.0395904087567921,-0.134992556142917,0.0202018461837076,-5.57793067895813
"Mouth_Dumbfounded",1,5338,-0.0602962727777359,0.0412703352972302,-0.141186129960307,0.0205935844048352,-5.85144442812753
"Mouth_Dumbfounded",1,5341,-0.0638106083199208,0.0408210473736874,-0.143819861172348,0.0161986445325066,-6.18173333026761
"Mouth_Dumbfounded",1,5342,-0.063117354762222,0.0388092008554695,-0.139183388438942,0.0129486789144983,-6.11667093335837
"Mouth_Dumbfounded",1,5343,-0.0690631586595335,0.035612887464703,-0.138864418090351,0.000738100771284403,-6.67322657223302
"Mouth_Dumbfounded",1,5344,-0.0665062014580765,0.0384262183501643,-0.141821589424399,0.00880918650824558,-6.43428866000237
"Mouth_Dumbfounded",1,5346,-0.0632215439000019,0.0349691652276524,-0.131761107746201,0.00531801994619682,-6.12645204691399
"Mouth_Dumbfounded",1,5348,-0.0615332407612398,0.037738534697852,-0.13550076876903,0.0124342872465501,-5.96783117888069
"Mouth_Dumbfounded",1,5350,-0.0620832074107111,0.0391131414322096,-0.138744964617842,0.0145785497964196,-6.01953151767559
"Mouth_Dumbfounded",1,5351,-0.0617219907071102,0.0388089291874944,-0.137787491914599,0.0143435105003789,-5.98557807074063
"Mouth_Dumbfounded",1,5353,-0.0661544630544572,0.041979398490909,-0.148434084096639,0.0161251579877244,-6.40137221741303
"Mouth_Dumbfounded",1,5356,-0.0610108872079432,0.0350213338672163,-0.129652701587687,0.00763092717180082,-5.91870031064812
"Mouth_Dumbfounded",1,5357,-0.064435873587787,0.04236622578465,-0.147473676125701,0.0186019289501269,-6.24037629829148
"Mouth_Dumbfounded",1,5359,-0.0587490491605813,0.0403265967539169,-0.137789178798258,0.0202910804770958,-5.7056628101268
"Mouth_Dumbfounded",1,5360,-0.0610493158502512,0.0424751541105122,-0.144300617906855,0.0222019862063527,-5.92231565779486
"Mouth_Dumbfounded",1,5362,-0.065452428350964,0.0409289722169059,-0.145673213896099,0.0147683571941716,-6.33563966194246
"Mouth_Dumbfounded",1,5366,-0.0676020401348876,0.03821220182251,-0.142497955707007,0.00729387543723199,-6.53676542605519
"Mouth_Dumbfounded",1,5367,-0.0667952257645845,0.0405311198308967,-0.146236220633142,0.012645769103973,-6.46132751720365
"Mouth_Dumbfounded",1,5369,-0.0684759655988025,0.0378861015678325,-0.142732724671754,0.00578079347414924,-6.61840964601152
"Mouth_Dumbfounded",1,5370,-0.0620835275864377,0.0387954747086219,-0.138122658015337,0.0139556028424611,-6.01956160793555
"Mouth_Dumbfounded",1,5375,-0.0619933365508661,0.0404151328455364,-0.141206996928117,0.0172203238263851,-6.0110850326237
"Mouth_Dumbfounded",1,5376,-0.061380956688494,0.0397359715555931,-0.139263460937456,0.0165015475604685,-5.95351048686451
"Mouth_Dumbfounded",1,5378,-0.0610087976799217,0.0406758134144708,-0.140733391972284,0.018715796612441,-5.91850372493074
"Mouth_Dumbfounded",1,5379,-0.0609485861721379,0.0399047276135171,-0.139161852294631,0.0172646799503557,-5.9128387656393
"Mouth_Dumbfounded",1,5383,-0.0609833642667825,0.041871021154575,-0.143050565729749,0.0210838371961845,-5.91611088093825
"Mouth_Dumbfounded",1,5386,-0.0616000159293883,0.0386263402190406,-0.137307642758708,0.0141076108999313,-5.97410998312865
"Mouth_Dumbfounded",1,5387,-0.062782470379055,0.0384088367891021,-0.138063790485695,0.0124988497275851,-6.08522560763385
"Mouth_Dumbfounded",1,5389,-0.060725889978231,0.0405639778575794,-0.140231286579087,0.0187795066226247,-5.89188357970344
"Mouth_Dumbfounded",1,5390,-0.0657112297808214,0.0327483955875029,-0.129898085132327,-0.00152437442931581,-6.35987699586102
"Mouth_Dumbfounded",1,5392,-0.0570071956906176,0.0383951675973121,-0.132261724181349,0.0182473328001141,-5.54127276157045
"Mouth_Dumbfounded",1,5394,-0.0605809844651598,0.0431583000178703,-0.145171252500186,0.024009283569866,-5.878245806739
"Mouth_Dumbfounded",1,5395,-0.0614596775464124,0.0408598995359936,-0.14154508063696,0.0186257255441351,-5.96091361580905
"Mouth_Dumbfounded",1,5396,-0.0594389405528603,0.0391042637858773,-0.13608329757318,0.0172054164674593,-5.770693227153
"Mouth_Dumbfounded",1,5397,-0.0676863997573746,0.036553606936188,-0.139331469352303,0.00395866983755384,-6.54464961668192
"Mouth_Dumbfounded",1,5400,-0.0681536844224586,0.0384402575343898,-0.143496589189863,0.00718922034494539,-6.58830966715561
"Mouth_Dumbfounded",1,5403,-0.0591595558043775,0.0405279568022394,-0.138594351136767,0.0202752395280118,-5.74436331806432
"Mouth_Dumbfounded",1,5405,-0.0589797026406275,0.0414833769379253,-0.140287121438961,0.022327716157706,-5.7274096190633
"Mouth_Dumbfounded",1,5406,-0.0595639395212529,0.0422452289484356,-0.142364588260187,0.0232367092176809,-5.78247105716831
"Mouth_Dumbfounded",1,5409,-0.0600867744062553,0.0415308703681122,-0.141487280327755,0.0213137315152445,-5.83171839284398
"Mouth_Dumbfounded",1,5410,-0.0637670706270427,0.0395299458461428,-0.141245764485483,0.0137116232313972,-6.177648610468
"Mouth_Dumbfounded",1,5411,-0.0620726364892958,0.0359262271304432,-0.132488041664964,0.00834276868637278,-6.01853805227778
"Mouth_Dumbfounded",1,5412,-0.0583830425115322,0.0408127775366927,-0.13837608648345,0.0216100014603854,-5.67114413910141
"Mouth_Dumbfounded",1,5415,-0.06100450004871,0.0445679482643747,-0.148357678646884,0.0263486785494644,-5.91809939648708
"Mouth_Dumbfounded",1,5416,-0.0633198373334669,0.0390460787821353,-0.139850151746452,0.0132104770795182,-6.13567874678441
"Mouth_Dumbfounded",1,5417,-0.0661492185756009,0.0428676098743125,-0.150169733929253,0.0178712967780516,-6.40088134010144
"Mouth_Dumbfounded",1,5419,-0.0604114135762953,0.0372878567243063,-0.133495612755936,0.0126727856033451,-5.86228414394053
"Mouth_Dumbfounded",1,5421,-0.0576573736002929,0.0378169186631854,-0.131778534180136,0.0164637869795505,-5.60266777839227
"Mouth_Dumbfounded",1,5422,-0.0568389989832718,0.0405851816072626,-0.136385954933506,0.0227079569669628,-5.52538377846902
"Mouth_Dumbfounded",1,5424,-0.0649912185411185,0.0365003794181826,-0.136531962200756,0.00654952511851929,-6.29243077670671
"Mouth_Dumbfounded",1,5425,-0.0613510599920837,0.0416868292558262,-0.143057245333503,0.0203551253493355,-5.9506987654887
"Mouth_Dumbfounded",1,5428,-0.0605177608229974,0.044005983779026,-0.146769489029888,0.0257339673838935,-5.87229489851513
"Mouth_Dumbfounded",1,5429,-0.0642761715514096,0.0406923601736532,-0.14403319749177,0.0154808543889507,-6.22540149973526
"Mouth_Dumbfounded",1,5430,-0.0649098791188252,0.0374020849868443,-0.13821796569304,0.00839820745538951,-6.28480834716377
"Mouth_Dumbfounded",1,5431,-0.064426842264321,0.0413464337333369,-0.145465852381661,0.0166121678530193,-6.23952952097803
"Mouth_Dumbfounded",1,5433,-0.0645540494998128,0.040228830471236,-0.143402557223435,0.0142944582238098,-6.25145577265724
"Mouth_Dumbfounded",1,5437,-0.0571084284916239,0.038980071982829,-0.133509369577969,0.0192925125947209,-5.55083459911432
"Mouth_Dumbfounded",1,5438,-0.0566815442978927,0.0399453273342846,-0.134974385873091,0.0216112972773052,-5.51050713632777
"Mouth_Dumbfounded",1,5441,-0.0633932005479227,0.0408755396672873,-0.143509258295806,0.0167228571999604,-6.14256468252398
"Mouth_Dumbfounded",1,5449,-0.0631975125439289,0.0407408189068447,-0.143049517601344,0.0166544925134866,-6.1241961111508
"Mouth_Dumbfounded",1,5451,-0.0633750707833268,0.0440816665923545,-0.149775137304342,0.0230249957376881,-6.14086305389108
"Mouth_Dumbfounded",1,5456,-0.0583847127947154,0.0433690666224843,-0.143388083374785,0.0266186577853539,-5.67130169487147
"Mouth_Dumbfounded",1,5458,-0.062423073899649,0.0386912673390807,-0.138257957884247,0.0134118100849492,-6.05146690233649
"Mouth_Dumbfounded",1,5460,-0.0589318896880055,0.0397341828446041,-0.13681088806343,0.0189471086874186,-5.72290206040688
"Mouth_Dumbfounded",1,5461,-0.0642495736343817,0.0354308792510193,-0.133694096966379,0.00519494969761602,-6.22290725757435
"Mouth_Dumbfounded",1,5462,-0.0645372351624162,0.0375674038749459,-0.13816934675731,0.00909487643247762,-6.2498794397517
"Mouth_Dumbfounded",1,5464,-0.0660542822382643,0.0343576104150969,-0.133395198651854,0.00128663417532569,-6.39199496078446
"Mouth_Dumbfounded",1,5465,-0.0586881742952333,0.0362819135617153,-0.129800724876195,0.0124243762857286,-5.69992248032816
"Mouth_Dumbfounded",1,5466,-0.0654567033435565,0.0380400958103455,-0.140015291131834,0.00910188444472074,-6.33604007553321
"Mouth_Dumbfounded",1,5471,-0.0609865777744747,0.0376212710611227,-0.134724269054275,0.0127511135053258,-5.91641321975387
"Mouth_Dumbfounded",1,5472,-0.0604836372009226,0.043798746202913,-0.146329179758632,0.0253619053567869,-5.86908286547669
"Mouth_Dumbfounded",1,5475,-0.0618305002843003,0.0404052237896216,-0.141024738911959,0.0173637383433581,-5.99577898245562
"Mouth_Dumbfounded",1,5476,-0.0626265939046226,0.0455714188914054,-0.151946574931777,0.026693387122532,-6.07058536269922
"Mouth_Dumbfounded",1,5478,-0.0634514855088536,0.0373649380184086,-0.136686764024934,0.00978379300722722,-6.14803500005436
"Mouth_Dumbfounded",1,5479,-0.0628691004007215,0.0340330274596963,-0.129573834221726,0.00383563342028322,-6.09336109418049
"Mouth_Dumbfounded",1,5480,-0.0619279615369889,0.039251928572344,-0.138861741538783,0.0150058184648054,-6.00494030514976
"Mouth_Dumbfounded",1,5481,-0.0667792765038047,0.0387889717426005,-0.142805661119302,0.00924710811169241,-6.45983563262602
"Mouth_Dumbfounded",1,5482,-0.0618841010836435,0.0367557820190408,-0.133925433840964,0.0101572316736765,-6.000817548807
"Mouth_Dumbfounded",1,5483,-0.0630789174662485,0.0399676330357943,-0.141415478216405,0.0152576432839082,-6.11306224269835
"Mouth_Dumbfounded",1,5486,-0.0734778636141089,0.0389993076686699,-0.149916506644702,0.00296077941648405,-7.08432862645629
"Mouth_Dumbfounded",1,5487,-0.0596627549134664,0.0402383733912393,-0.138529966760295,0.0192044569333627,-5.79178073926667
"Mouth_Dumbfounded",1,5492,-0.0650234340130218,0.0413460243025801,-0.146061641646079,0.0160147736200352,-6.2954495616441
"Mouth_Dumbfounded",1,5494,-0.0686402164962892,0.0390505635525335,-0.145179321059255,0.00789888806667648,-6.63374639646391
"Mouth_Dumbfounded",1,5497,-0.0659817257654508,0.0348304785413695,-0.134249463706535,0.00228601217563351,-6.3852028477088
"Mouth_Dumbfounded",1,5500,-0.067933380768718,0.041023431670632,-0.148339306843157,0.0124725453057207,-6.56772846349926
"Mouth_Dumbfounded",1,5501,-0.0630470421160951,0.038772208001596,-0.139040569799223,0.0129464855670331,-6.11006951598565
"Mouth_Dumbfounded",1,5502,-0.0608401377163044,0.0400426597312693,-0.139323750789592,0.0176434753569835,-5.90263460498694
"Mouth_Dumbfounded",1,5503,-0.0613931960008227,0.0371719168896504,-0.134250153104537,0.0114637611028921,-5.95466154417899
"Mouth_Dumbfounded",1,5505,-0.063288393853126,0.0356548018567973,-0.133171805492449,0.00659501778619676,-6.13272727944242
"Mouth_Dumbfounded",1,5506,-0.0627240034136369,0.0434138898751354,-0.147815227568902,0.0223672207416285,-6.0797345352456
"Mouth_Dumbfounded",1,5507,-0.0626927031626435,0.0439704323400867,-0.148874750549213,0.0234893442239264,-6.0767947613556
"Mouth_Dumbfounded",1,5509,-0.0637232933791632,0.0342383669911459,-0.130830492681809,0.00338390592348274,-6.17354123623046
"Mouth_Dumbfounded",1,5512,-0.0600626226159294,0.0358336440680247,-0.130296564989258,0.010171319757399,-5.82944403278642
"Mouth_Dumbfounded",1,5514,-0.0568479099571544,0.040659456793992,-0.136540445273379,0.02284462535907,-5.52622563555584
"Mouth_Dumbfounded",1,5515,-0.0655087447516463,0.0400011126794632,-0.143910925603394,0.0128934361001016,-6.34091435306171
"Mouth_Dumbfounded",1,5518,-0.0609357799306833,0.0399599260814263,-0.139257235050279,0.0173856751889122,-5.91163385501958
"Mouth_Dumbfounded",1,5520,-0.0614125035422728,0.0383781494619856,-0.136633676487765,0.0138086694032191,-5.95647731092036
"Mouth_Dumbfounded",1,5523,-0.067222035631477,0.0367424044091082,-0.139237148273329,0.00479307701037508,-6.50124222695343
"Mouth_Dumbfounded",1,5524,-0.0587920363954949,0.0441193335393511,-0.145265930132623,0.0276818573416332,-5.70971617582848
"Mouth_Dumbfounded",1,5526,-0.0564116882097652,0.0385020876681102,-0.131875780039261,0.0190524036197308,-5.48500513063344
"Mouth_Dumbfounded",1,5528,-0.0643798178333413,0.0387313946484598,-0.140293351344322,0.0115337156776399,-6.23512038453761
"Mouth_Dumbfounded",1,5530,-0.0695871552862633,0.0337368723330178,-0.135711425058978,-0.00346288551354838,-6.72211667644924
"Mouth_Dumbfounded",1,5531,-0.0638983519638603,0.0385847144084893,-0.139524392204499,0.0117276882767787,-6.18996492571293
"Mouth_Dumbfounded",1,5534,-0.0600225914071067,0.0325302659092743,-0.123781912589284,0.00373672977507094,-5.82567419614051
"Mouth_Dumbfounded",1,5535,-0.061195453771109,0.0382332992385588,-0.136132720278684,0.0137418127364663,-5.93606297045745
"Mouth_Dumbfounded",1,5537,-0.0608390872727578,0.0414506958177682,-0.142082451075583,0.0204042765300679,-5.90253576096479
"Mouth_Dumbfounded",1,5538,-0.0650660138130022,0.0415008281274171,-0.14640763694274,0.0162756093167354,-6.2994393977152
"Mouth_Dumbfounded",1,5539,-0.0607133415453708,0.0443090127567067,-0.147559006548516,0.0261323234577744,-5.89070266291362
"Mouth_Dumbfounded",1,5540,-0.0640702790608333,0.038753067894956,-0.140026292134947,0.0118857340132806,-6.20609202632767
"Mouth_Dumbfounded",1,5541,-0.0621567023396383,0.0398854656848024,-0.140332215081851,0.0160188104025744,-6.02643835171549
"Mouth_Dumbfounded",1,5542,-0.061015042807936,0.0383463441332458,-0.136173877309098,0.0141437916932257,-5.91909127408409
"Mouth_Dumbfounded",1,5543,-0.060866449844003,0.037999763478021,-0.135345986260924,0.0136130865729183,-5.90511047430847
"Mouth_Dumbfounded",1,5544,-0.0599148071320042,0.039852797421059,-0.13802629007728,0.0181966758132714,-5.81552313764805
"Mouth_Dumbfounded",1,5545,-0.06385506679987,0.0388055996323077,-0.139914042079193,0.012203908479453,-6.18590425507806
"Mouth_Dumbfounded",1,5546,-0.0673211265927739,0.0395482373360367,-0.144835671771406,0.0101934185858581,-6.51050664972336
"Mouth_Dumbfounded",1,5548,-0.061710930423409,0.0388660859373824,-0.137888458860679,0.0144665980138606,-5.98453823881168
"Mouth_Dumbfounded",1,5549,-0.0594923865587618,0.0407030712107185,-0.13927040613177,0.0202856330142465,-5.77572927265941
"Mouth_Dumbfounded",1,5554,-0.0594804677037812,0.0449883035027816,-0.147657542569233,0.0286966071616708,-5.77460622054823
"Mouth_Dumbfounded",1,5555,-0.0626203037439177,0.0292410968672152,-0.11993285360366,-0.00530775388417582,-6.06999452972802
"Mouth_Dumbfounded",1,5556,-0.0643273543695767,0.0371668745159024,-0.137174428420745,0.00851971968159208,-6.23020102513132
"Mouth_Dumbfounded",1,5558,-0.0630644502514076,0.0418543303019443,-0.145098937643218,0.0189700371404032,-6.11170395037374
"Mouth_Dumbfounded",1,5560,-0.0627271409503058,0.0395269712220469,-0.140200004545518,0.014745722644906,-6.08002921306017
"Mouth_Dumbfounded",1,5562,-0.0656824571134512,0.038497907242589,-0.141138355308926,0.00977344108202328,-6.35718268098819
"Mouth_Dumbfounded",1,5563,-0.0610571387834183,0.0404594057041402,-0.140357573963533,0.0182432963966966,-5.9230516183533
"Mouth_Dumbfounded",1,5570,-0.0633597804057335,0.0382911589253532,-0.138410451899426,0.0116908910879587,-6.13942790127462
"Mouth_Dumbfounded",1,5571,-0.0625888909303249,0.0409734970217628,-0.14289694509298,0.0177191632323302,-6.06704387763151
"Mouth_Dumbfounded",1,5574,-0.0584555363234283,0.0383398123236859,-0.133601568477853,0.0166904958309961,-5.67798214957486
"Mouth_Dumbfounded",1,5575,-0.0581687500652799,0.0407224424903183,-0.137984737346304,0.0216472372157439,-5.65092801182248
"Mouth_Dumbfounded",1,5576,-0.0661652594956312,0.0405054205232506,-0.145555883721202,0.01322536472994,-6.40238274403679
"Mouth_Dumbfounded",1,5577,-0.0676128716785138,0.0371362222499752,-0.140399867288465,0.00517412393143768,-6.53777777167528
"Mouth_Dumbfounded",1,5578,-0.0647658675270656,0.0383320929088739,-0.139896769628458,0.0103650345743272,-6.2713113013996
"Mouth_Dumbfounded",1,5579,-0.0651302057106277,0.0347647509050803,-0.133269117484585,0.00300870606332969,-6.30545402146172
"Mouth_Dumbfounded",1,5581,-0.0646154569209539,0.0404568120101441,-0.143910808460836,0.0146798946189284,-6.25721245224075
"Mouth_Dumbfounded",1,5585,-0.0672870473702689,0.0397912640495556,-0.145277924907398,0.0107038301668601,-6.50732054618793
"Mouth_Dumbfounded",1,5586,-0.0658310172592207,0.0373795655629466,-0.139094965762596,0.00743293124415462,-6.37109323827657
"Mouth_Dumbfounded",1,5589,-0.061850808167857,0.0388868449627094,-0.138069024294768,0.0143674079590535,-5.99768798984588
"Mouth_Dumbfounded",1,5590,-0.0674099345567034,0.0441102721808457,-0.153866068031161,0.0190461989177542,-6.5188088926185
"Mouth_Dumbfounded",1,5591,-0.0632218890403048,0.0386120221201114,-0.138901452395723,0.0124576743151135,-6.12648444645318
"Mouth_Dumbfounded",1,5593,-0.0621829931373862,0.04189140978564,-0.144290156317241,0.0199241700424682,-6.02890895914118
"Mouth_Dumbfounded",1,5594,-0.0592883802482913,0.0400865069360009,-0.137857933842853,0.0192811733462704,-5.7565049659583
"Mouth_Dumbfounded",1,5596,-0.0620045391115747,0.0393241191942001,-0.139079812732207,0.0150707345090574,-6.01213794325189
"Mouth_Dumbfounded",1,5597,-0.0608368653644368,0.0398300288780002,-0.138903721965317,0.0172299912364436,-5.90232668479375
"Mouth_Dumbfounded",1,5598,-0.0606290972186536,0.0399563842664314,-0.138943610380859,0.0176854159435519,-5.88277415456039
"Mouth_Dumbfounded",1,5599,-0.0609685058512736,0.0389831114491004,-0.13737540429151,0.0154383925889632,-5.9147129330354
"Mouth_Dumbfounded",1,5601,-0.0645849286463575,0.0385471331642441,-0.140137309648276,0.010967452355561,-6.25435060299762
"Mouth_Dumbfounded",1,5602,-0.0618550644209395,0.0385137702882292,-0.137342054185869,0.0136319253439897,-5.99808808662466
"Mouth_Dumbfounded",1,5603,-0.0663327309329191,0.0418174114893997,-0.148294857452142,0.0156293955863042,-6.41805635904733
"Mouth_Dumbfounded",1,5605,-0.069246821637075,0.0340841029953912,-0.136051663508042,-0.0024419797661083,-6.69036567136794
"Mouth_Dumbfounded",1,5606,-0.065333225284738,0.0372448823074221,-0.138333194607285,0.00766674403780934,-6.32447391751181
"Mouth_Dumbfounded",1,5608,-0.0567572951747129,0.0424422026795626,-0.139944012426656,0.0264294220772299,-5.51766452716975
"Mouth_Dumbfounded",1,5609,-0.055395396413399,0.0446971822572413,-0.143001873637592,0.0322110808107939,-5.38890149031519
"Mouth_Dumbfounded",1,5610,-0.0613795884998346,0.035561956184241,-0.131081022620947,0.00832184562127778,-5.95338181343608
"Mouth_Dumbfounded",1,5611,-0.0656233922098305,0.042513646626251,-0.148950139597282,0.0177033551776214,-6.35165151366114
"Mouth_Dumbfounded",1,5612,-0.0623393971215875,0.038611931505132,-0.138018782871646,0.0133399886284711,-6.04360526286952
"Mouth_Dumbfounded",1,5613,-0.0628656650890943,0.0386793682197397,-0.138677226799784,0.0129458966215954,-6.09303849505788
"Mouth_Dumbfounded",1,5615,-0.0591939568311007,0.0380253656249073,-0.133723673455919,0.0153357597937176,-5.74760575296875
"Mouth_Dumbfounded",1,5616,-0.0638689215725465,0.042630763705273,-0.147425218434882,0.0196873752897885,-6.18720401904446
"Mouth_Dumbfounded",1,5618,-0.0612217951088937,0.0410764622312886,-0.141731661082219,0.0192880708644319,-5.9385407077625
"Mouth_Dumbfounded",1,5619,-0.0599719447024927,0.0412844795835079,-0.140889524686168,0.0209456352811828,-5.8209044560945
"Mouth_Dumbfounded",1,5620,-0.0623346670149418,0.0407779577861677,-0.14225946427583,0.0175901302459468,-6.04316083805129
"Mouth_Dumbfounded",1,5621,-0.0592236884643512,0.0422127589015162,-0.141960695911323,0.0235133189826207,-5.75040798892975
"Mouth_Dumbfounded",1,5623,-0.0619901260036742,0.0365220720231682,-0.133573387169084,0.00959313516173552,-6.01078327629228
"Mouth_Dumbfounded",1,5624,-0.0635921586380363,0.03851605475335,-0.139083625954602,0.0118993086785297,-6.16123652107945
"Mouth_Dumbfounded",1,5625,-0.0627965819237808,0.0397173116895086,-0.140642512835218,0.015049348987656,-6.08655088082225
"Mouth_Dumbfounded",1,5629,-0.0608277047235186,0.0396645502215054,-0.138570223157669,0.016914813710632,-5.90146468584904
"Mouth_Dumbfounded",1,5630,-0.0584667771315566,0.0409860654219308,-0.138799465358541,0.0218659110954278,-5.67904239932073
"Mouth_Dumbfounded",1,5632,-0.0631462343648658,0.0401867482033896,-0.141912260843509,0.0156197921137777,-6.11938220744626
"Mouth_Dumbfounded",1,5633,-0.0653825884068231,0.0387854721441415,-0.141402113809341,0.0106369369956942,-6.32909791981367
"Mouth_Dumbfounded",1,5635,-0.0584717290114923,0.0406991778764976,-0.138242117649427,0.0212986596264429,-5.67950946422177
"Mouth_Dumbfounded",1,5639,-0.0636948065734243,0.0377549423072467,-0.137694493495628,0.0103048803487792,-6.17086838205614
"Mouth_Dumbfounded",1,5640,-0.062377055004828,0.0384937882053356,-0.137824879887286,0.0130707698776297,-6.04714339519253
"Mouth_Dumbfounded",1,5642,-0.0607217455623046,0.0391354070601534,-0.137427143400205,0.015983652275596,-5.89149355571872
"Mouth_Dumbfounded",1,5643,-0.0626874820962701,0.0384278436253691,-0.138006055601993,0.0126310914094532,-6.07630438078689
"Mouth_Dumbfounded",1,5644,-0.0558890874125578,0.0395271153269311,-0.133362233453343,0.0215840586282272,-5.43559861014762
"Mouth_Dumbfounded",1,5648,-0.059948851555172,0.0410609671691327,-0.140428347206672,0.020530644096328,-5.81872953925383
"Mouth_Dumbfounded",1,5654,-0.0621599909227784,0.0393098673585572,-0.139207330945551,0.0148873490999936,-6.0267473910778
"Mouth_Dumbfounded",1,5655,-0.0581649203131346,0.0373320610950292,-0.131335760059392,0.0150059194331227,-5.65056667756971
"Mouth_Dumbfounded",1,5657,-0.0607045977490548,0.0360076892721781,-0.131279668722524,0.00987047322441428,-5.88987978678873
"Mouth_Dumbfounded",1,5660,-0.0668799987685883,0.0383772118658182,-0.142099334025592,0.00833933648841526,-6.46925673536397
"Mouth_Dumbfounded",1,5661,-0.0601628084053064,0.0406466926794287,-0.139830326056987,0.0195047092463738,-5.83887811168387
"Mouth_Dumbfounded",1,5663,-0.0657316623323473,0.0405513293181905,-0.145212267796001,0.013748943131306,-6.36179028295246
"Mouth_Dumbfounded",1,5664,-0.0674551212158155,0.039733019719236,-0.145331839865518,0.010421597433887,-6.52303289989935
"Mouth_Dumbfounded",1,5665,-0.0662212393749535,0.0422550769345811,-0.149041190166732,0.0165987114168255,-6.40762218070274
"Mouth_Dumbfounded",1,5667,-0.0611054219780475,0.0423909151593686,-0.14419161569041,0.0219807717343148,-5.92759384430467
"Mouth_Dumbfounded",1,5669,-0.0616880546822568,0.0385942596677492,-0.137332803631045,0.0139566942665316,-5.98238754084481
"Mouth_Dumbfounded",1,5670,-0.0600886045287806,0.0386126534839154,-0.135769405357255,0.0155921962996935,-5.83189073217961
"Mouth_Dumbfounded",1,5671,-0.0601567685242579,0.0443761352640111,-0.14713399364172,0.0268204565932039,-5.83830938799076
"Mouth_Dumbfounded",1,5672,-0.0637003673817865,0.0360281268776115,-0.134315496061905,0.00691476129833205,-6.17139014642514
"Mouth_Dumbfounded",1,5675,-0.0631170711107929,0.04211771039894,-0.145667783492715,0.0194336412711295,-6.11664430321414
"Mouth_Dumbfounded",1,5677,-0.0624812316890451,0.0461208055177803,-0.152878010503894,0.0279155471258042,-6.05693058245913
"Mouth_Dumbfounded",1,5680,-0.0603766013833203,0.0421009365134212,-0.142894436949626,0.0221412341829852,-5.85900694656705
"Mouth_Dumbfounded",1,5681,-0.0603853441999817,0.0383392953263575,-0.135530363039642,0.0147596746396791,-5.85983000041173
"Mouth_Dumbfounded",1,5682,-0.0627401696553185,0.0416545286892391,-0.144383045886227,0.0189027065755902,-6.08125286068306
"Mouth_Dumbfounded",1,5683,-0.0648256945127735,0.0406200965963849,-0.144441083841688,0.0147896948161409,-6.27691863858207
"Mouth_Dumbfounded",1,5685,-0.0586985100910907,0.0401169838263007,-0.13732779839064,0.0199307782084587,-5.70089714164178
"Mouth_Dumbfounded",1,5686,-0.0613617066339107,0.0401441904099895,-0.14004431983749,0.0173209065696687,-5.95170006938276
"Mouth_Dumbfounded",1,5687,-0.0632530266973399,0.0412389093393486,-0.144081289002463,0.0175752356077834,-6.12940740227793
"Mouth_Dumbfounded",1,5690,-0.0623161551042368,0.0372369456399186,-0.135300568558477,0.0106682583500036,-6.04142150133542
"Mouth_Dumbfounded",1,5693,-0.0635312472085525,0.0400133116280463,-0.141957337999523,0.0148948435824183,-6.15552049377102
"Mouth_Dumbfounded",1,5694,-0.0635680493022616,0.0422449388696301,-0.146368129486737,0.0192320308822134,-6.15897410354946
"Mouth_Dumbfounded",1,5695,-0.0682524701795572,0.0416506823758146,-0.149887807636154,0.0133828672770394,-6.59753695593714
"Mouth_Dumbfounded",1,5696,-0.067069739460544,0.0404964244134672,-0.14644273131094,0.0123032523898518,-6.48700163979167
"Mouth_Dumbfounded",1,5699,-0.065771978979805,0.0440254221266401,-0.15206180634802,0.0205178483884097,-6.36556538554194
"Mouth_Dumbfounded",1,5701,-0.0634280545601283,0.0410539178066613,-0.143893733461185,0.0170376243409278,-6.14583593371169
"Mouth_Dumbfounded",1,5702,-0.0651674134555224,0.0407248520359187,-0.144988123445923,0.0146532965348783,-6.30894011937119
"Mouth_Dumbfounded",1,5703,-0.0637185321607901,0.0419870134921074,-0.146013078605321,0.0185760142837405,-6.17309450690764
"Mouth_Dumbfounded",1,5704,-0.064180304887705,0.0408246614533277,-0.144196641336227,0.0158360315608173,-6.21641121090919
"Mouth_Dumbfounded",1,5705,-0.0639577986626115,0.0369758335611594,-0.136430432442484,0.008514835117261,-6.195541456853
"Mouth_Dumbfounded",1,5706,-0.0625782475369527,0.0427482515313838,-0.146364820538465,0.0212083254645597,-6.06604410690841
"Mouth_Dumbfounded",1,5707,-0.0701567523618819,0.0336225429847689,-0.136056936612029,-0.00425656811173489,-6.77523235730592
"Mouth_Dumbfounded",1,5708,-0.065594225124992,0.0394759169714118,-0.142967022388959,0.0117785721389751,-6.34892002450127
"Mouth_Dumbfounded",1,5709,-0.0668289904499565,0.0346021222471495,-0.134649150054369,0.000991169154456434,-6.46448576773118
"Mouth_Dumbfounded",1,5712,-0.0658505202201362,0.0371446289172258,-0.138653992897899,0.00695295245762646,-6.37291926137922
"Mouth_Dumbfounded",1,5713,-0.0657977974272736,0.0375177522508339,-0.139332591838908,0.00773699698436094,-6.36798285006556
"Mouth_Dumbfounded",1,5715,-0.0609683191435028,0.0431600874846938,-0.145562090613503,0.023625452326497,-5.91469536657956
"Mouth_Dumbfounded",1,5716,-0.065273941090977,0.0407500043255113,-0.145143949568979,0.0145960673870252,-6.31892027485288
"Mouth_Dumbfounded",1,5717,-0.0669292744065168,0.0364556953715975,-0.138382437334848,0.0045238885218144,-6.47386540885566
"Mouth_Dumbfounded",1,5718,-0.0595587491861866,0.0437970381773752,-0.145400944013842,0.0262834456414689,-5.78198203535489
"Mouth_Dumbfounded",1,5719,-0.0614193833314014,0.042127911935195,-0.143990090724384,0.0211513240615808,-5.95712430829978
"Mouth_Dumbfounded",1,5720,-0.0663531518215619,0.0422250710967765,-0.149114291171244,0.01640798752812,-6.41996736598509
"Mouth_Dumbfounded",1,5723,-0.0628241737831337,0.0360955233643984,-0.133571399577354,0.00792305201108712,-6.08914209175336
"Mouth_Dumbfounded",1,5726,-0.0611498892114315,0.0393987955400592,-0.138371528469947,0.0160717500470845,-5.93177689093924
"Mouth_Dumbfounded",1,5727,-0.0637237278776459,0.042108482069433,-0.146256352733735,0.0188088969784429,-6.17358200367558
"Mouth_Dumbfounded",1,5728,-0.0611695241472156,0.0359204302287438,-0.131573567395553,0.00923451910112224,-5.93362389632633
"Mouth_Dumbfounded",1,5731,-0.060679534682915,0.0341792787849537,-0.127670921101424,0.00631185173559426,-5.88752106906318
"Mouth_Dumbfounded",1,5735,-0.0642834017457578,0.0337810863336013,-0.130494330959616,0.00192752746810081,-6.22607950585627
"Mouth_Dumbfounded",1,5736,-0.0644807275716378,0.0335573713911871,-0.130253175498365,0.00129172035508893,-6.24458169662372
"Mouth_Dumbfounded",1,5739,-0.064416956929975,0.0415595933431898,-0.145873759882627,0.0170398460226769,-6.23860266279775
"Mouth_Dumbfounded",1,5740,-0.0640476409216549,0.035984668468322,-0.134577591119566,0.00648230927625615,-6.20396868275069
"Mouth_Dumbfounded",1,5742,-0.0629954812806219,0.0369425949235537,-0.135402967330787,0.00941200476954346,-6.10522834792112
"Mouth_Dumbfounded",1,5743,-0.0589666942642376,0.0395178468867246,-0.136421674162218,0.0184882856337425,-5.72618327774803
"Mouth_Dumbfounded",1,5745,-0.0606327621273296,0.0386655613139274,-0.136417262302627,0.0151517380479681,-5.88311908496588
"Mouth_Dumbfounded",1,5746,-0.0614643560989443,0.0425926011484047,-0.144945854349817,0.0220171421519288,-5.96135358158555
"Mouth_Dumbfounded",1,5748,-0.0670297024528813,0.0394400399776036,-0.144332180808984,0.0102727759032218,-6.48325758420988
"Mouth_Dumbfounded",1,5750,-0.0578095536588149,0.0450936517354231,-0.146193111060244,0.0305740037426144,-5.61703207692645
"Mouth_Dumbfounded",1,5752,-0.0642432610483356,0.0431409320158973,-0.148799487799494,0.0203129657028231,-6.2223152797388
"Mouth_Dumbfounded",1,5753,-0.0552928771714179,0.0414961388528183,-0.136625309322942,0.0260395549801059,-5.37920153500544
"Mouth_Dumbfounded",1,5754,-0.0568722358537842,0.0391890150394263,-0.13368270533106,0.0199382336234914,-5.52852376687309
"Mouth_Dumbfounded",1,5757,-0.064274325503463,0.0370604931634249,-0.136912892103776,0.00836424109684984,-6.22522838717047
"Mouth_Dumbfounded",1,5758,-0.060132379176356,0.0402575887409292,-0.139037253108577,0.0187724947558653,-5.83601281775357
"Mouth_Dumbfounded",1,5759,-0.0614729762000856,0.0416285514946384,-0.143064937129577,0.0201189847294057,-5.96216420073504
"Mouth_Dumbfounded",1,5762,-0.0634298182090807,0.0407877435851498,-0.143373795635974,0.0165141592178129,-6.14600145936385
"Mouth_Dumbfounded",1,5766,-0.0596384967971341,0.0414529353139383,-0.140886250012453,0.0216092564181849,-5.78949539760546
"Mouth_Dumbfounded",1,5768,-0.0626935115255482,0.0382961821680047,-0.137754028574837,0.012367005523741,-6.07687068535991
"Mouth_Dumbfounded",1,5770,-0.065495816182878,0.0428569514898274,-0.14949544110294,0.0185038087371837,-6.33970346730466
"Mouth_Dumbfounded",1,5774,-0.0681702402140501,0.0345676046582631,-0.135922745344246,-0.00041773508385444,-6.58985615883124
"Mouth_Dumbfounded",1,5775,-0.0637151426698414,0.0335328470663857,-0.129439522919957,0.00200923758027462,-6.17277648092175
"Mouth_Dumbfounded",1,5776,-0.060794537016172,0.0402911734071169,-0.139765236894121,0.018176162861777,-5.89834360140867
"Mouth_Dumbfounded",1,5777,-0.0649770676259588,0.0378454060738373,-0.13915406353068,0.00919992827876243,-6.29110471946237
"Mouth_Dumbfounded",1,5779,-0.0657559480240275,0.0392647007573188,-0.142714761508372,0.0112028654603173,-6.3640643240297
"Mouth_Dumbfounded",1,5784,-0.0668538364064914,0.0363118857538648,-0.138025132484066,0.00431745967108359,-6.46680971818175
"Mouth_Dumbfounded",1,5785,-0.0671028382892547,0.0333944627049015,-0.132555985190862,-0.00164969138764773,-6.49009675928393
"Mouth_Dumbfounded",1,5787,-0.0628117190886475,0.0392460932829966,-0.139734061923321,0.0141106237460259,-6.08797245342546
"Mouth_Dumbfounded",1,5788,-0.0586413771909331,0.0390216548108468,-0.135123820620193,0.0178410662383267,-5.69550940650622
"Mouth_Dumbfounded",1,5790,-0.061483236560158,0.0399211209360391,-0.139728633594795,0.0167621604744786,-5.96312905784088
"Mouth_Dumbfounded",1,5793,-0.0575565021248961,0.0440653046308611,-0.143924499201384,0.0288114949515917,-5.59314529995241
"Mouth_Dumbfounded",1,5794,-0.0573681561878406,0.0355703953352953,-0.127086131045019,0.0123498186693382,-5.57536247783089
"Mouth_Dumbfounded",1,5795,-0.064802311865998,0.0366697288054366,-0.136674980324654,0.00707035659265763,-6.27472711925423
"Mouth_Dumbfounded",1,5799,-0.0619723359421249,0.0312738307645459,-0.123269044240635,-0.000675627643614993,-6.00911118746855
"Mouth_Dumbfounded",1,5800,-0.061480415259106,0.0407258326266482,-0.141303047207336,0.0183422166891244,-5.96286375114371
"Mouth_Dumbfounded",1,5803,-0.0603551994088746,0.039525928835743,-0.137826019926931,0.0171156211091817,-5.85699212187889
"Mouth_Dumbfounded",1,5807,-0.0617597705566565,0.0397793668887908,-0.139727329658686,0.0162077885453734,-5.98912985436295
"Mouth_Dumbfounded",1,5809,-0.0597864902221602,0.0422210845799353,-0.142539815998833,0.0229668355545129,-5.80343690120413
"Mouth_Dumbfounded",1,5811,-0.0635396022504014,0.0389485088096055,-0.139878679517228,0.0127994750164254,-6.15630456504911
"Mouth_Dumbfounded",1,5815,-0.0677056987500196,0.0371992616805037,-0.140616251643807,0.00520485414376776,-6.54645319339793
"Mouth_Dumbfounded",1,5816,-0.0550465221666648,0.0443555770151337,-0.141983453116327,0.0318904087829974,-5.35588835620863
"Mouth_Dumbfounded",1,5817,-0.0606328800616258,0.0384883631914521,-0.136070071916872,0.0148043117936204,-5.88313018457334
"Mouth_Dumbfounded",1,5819,-0.0651975059736911,0.0322729425274036,-0.128452473327402,-0.00194253861998016,-6.31175947687189
"Mouth_Dumbfounded",1,5822,-0.0629638559725242,0.0428495086599592,-0.146948892946044,0.0210211810009959,-6.10225884988347
"Mouth_Dumbfounded",1,5824,-0.0630608023108553,0.0376089227265863,-0.136774290854964,0.0106526862332539,-6.11136145082648
"Mouth_Dumbfounded",1,5825,-0.0601470030296125,0.0388291321593759,-0.136252102061989,0.0159580960027642,-5.83738984801541
"Mouth_Dumbfounded",1,5826,-0.0617986426510571,0.0418906373846258,-0.143904291924924,0.0203070066228095,-5.99278418275577
"Mouth_Dumbfounded",1,5831,-0.0625863499240732,0.03334044332756,-0.127933618846091,0.00276091899794435,-6.06680519309951
"Mouth_Dumbfounded",1,5832,-0.064684675505818,0.036237955088907,-0.135711067480076,0.00634171646843967,-6.26370097077039
"Mouth_Dumbfounded",1,5833,-0.0649855237842927,0.0373066574008088,-0.138106572289878,0.00813552472129256,-6.29189713336776
"Mouth_Dumbfounded",1,5834,-0.0621694414263097,0.0374512934585374,-0.135573976605043,0.0112350937524235,-6.02763548143697
"Mouth_Dumbfounded",1,5836,-0.0638129351569383,0.0418959813393225,-0.14592905858201,0.0183031882681337,-6.18195162982945
"Mouth_Dumbfounded",1,5837,-0.0607226901304297,0.0415786409555033,-0.142216826403216,0.0207714461423567,-5.89158244757223
"Mouth_Dumbfounded",1,5839,-0.0584897786962468,0.0397587992354984,-0.136417025197824,0.0194374678053301,-5.68121190397753
"Mouth_Dumbfounded",1,5841,-0.0556558290026742,0.0426515698032119,-0.13925290581697,0.0279412478116211,-5.41353809544756
"Mouth_Dumbfounded",1,5844,-0.0634204019462971,0.0402133080044419,-0.142238485635003,0.015397681742409,-6.14511770128946
"Mouth_Dumbfounded",1,5845,-0.0598718916887719,0.0388151561917074,-0.135949597824518,0.0162058144469745,-5.81148108234523
"Mouth_Dumbfounded",1,5849,-0.0688752911751789,0.0331748365185144,-0.133897970751467,-0.00385261159889072,-6.65569185903655
"Mouth_Dumbfounded",1,5850,-0.059718384089092,0.043434518840006,-0.144850041015504,0.0254132728373198,-5.79702131907539
"Mouth_Dumbfounded",1,5851,-0.0661561729875511,0.0388424370214219,-0.142287349549538,0.00997500357443573,-6.40153226466739
"Mouth_Dumbfounded",1,5852,-0.0634730831008558,0.038318772070611,-0.138577876359253,0.0116317101575418,-6.15006195461428
"Mouth_Dumbfounded",1,5854,-0.0619588965034906,0.0385745059178128,-0.137564928102404,0.0136471350954226,-6.00784799419788
"Mouth_Dumbfounded",1,5858,-0.0617074946403064,0.0440494745013586,-0.148044464662969,0.0246294753823564,-5.98421522152187
"Mouth_Dumbfounded",1,5859,-0.0658495570110577,0.0428299744653792,-0.149796306963201,0.0180971929410855,-6.37282907888164
"Mouth_Dumbfounded",1,5860,-0.065231919935586,0.0408625657239229,-0.145322548754475,0.014858708883303,-6.31498360493342
"Mouth_Dumbfounded",1,5861,-0.0652876697978234,0.0417651332346978,-0.147147330937831,0.0165719913421844,-6.32020638610514
"Mouth_Dumbfounded",1,5865,-0.0624942775379717,0.038969458871335,-0.138874416925788,0.0138858618498449,-6.0581561415562
"Mouth_Dumbfounded",1,5866,-0.0615008622254226,0.0399447335755677,-0.139792540033535,0.0167908155826901,-5.96478650564378
"Mouth_Dumbfounded",1,5868,-0.0603328643827985,0.0367042657527937,-0.132273225258274,0.0116074964926772,-5.85488941186109
"Mouth_Dumbfounded",1,5873,-0.064984572957783,0.0467565121677478,-0.156627336806569,0.0266581908910027,-6.29180803317703
"Mouth_Dumbfounded",1,5880,-0.0582886024399926,0.0429766789284099,-0.142522893139676,0.0259456882596907,-5.66223529453633
"Mouth_Dumbfounded",1,5881,-0.0638729599832481,0.0381112876483809,-0.138571083774075,0.0108251638075785,-6.1875828728787
"Mouth_Dumbfounded",1,5882,-0.0664887082787639,0.0429746822455671,-0.150719085480075,0.0177416689225477,-6.43265188392023
"Mouth_Dumbfounded",1,5884,-0.0588009423703483,0.0430978799037118,-0.143272786981623,0.0256709022409268,-5.71055591898577
"Mouth_Dumbfounded",1,5886,-0.0563902265764816,0.0419863468951436,-0.138683466490963,0.0259030133379998,-5.48297666270672
"Mouth_Dumbfounded",1,5889,-0.0640377136559783,0.0387874616449316,-0.140061138480044,0.0119857111680877,-6.20303754000656
"Mouth_Dumbfounded",1,5890,-0.062469713314937,0.0413466640772935,-0.143509174906432,0.0185697482765583,-6.05584850480885
"Mouth_Dumbfounded",1,5892,-0.0582694492295337,0.0396435238456898,-0.135970755967086,0.0194318575080183,-5.66042840617089
"Mouth_Dumbfounded",1,5893,-0.0619252381192469,0.037879462079243,-0.136168983794563,0.0123185075560695,-6.00468431698795
"Mouth_Dumbfounded",1,5897,-0.0612216971977911,0.0420691933196074,-0.143677316104222,0.0212339217086393,-5.93853149810085
"Mouth_Dumbfounded",1,5898,-0.0581291607817055,0.0394251844972621,-0.135402522396339,0.0191442008329282,-5.6471927257184
"Mouth_Dumbfounded",1,5899,-0.0603898545335282,0.0401523023056884,-0.139088367052678,0.0183086579856211,-5.860254603021
"Mouth_Dumbfounded",1,5900,-0.063525920147041,0.039548035895839,-0.141040070502885,0.0139882302088035,-6.15502057712464
"Mouth_Dumbfounded",1,5902,-0.0676136665947104,0.0376581300407399,-0.141423601474561,0.00619626828513979,-6.53785206627998
"Mouth_Dumbfounded",1,5905,-0.0682610503339094,0.0393812397891814,-0.145448280320705,0.00892617965288617,-6.59833836004885
"Mouth_Dumbfounded",1,5906,-0.0579064903859689,0.0387407317505491,-0.133838324617045,0.0180253438451073,-5.62618080950474
"Mouth_Dumbfounded",1,5907,-0.0591297239385978,0.0400760486912043,-0.137678779373358,0.0194193314961627,-5.74155145462047
"Mouth_Dumbfounded",1,5908,-0.0656956359368795,0.0393174152483597,-0.142757769823665,0.0113664979499055,-6.358416775011
"Mouth_Dumbfounded",1,5913,-0.0638868380119101,0.0439784465562142,-0.15008459326209,0.0223109172382698,-6.18888479525838
"Mouth_Dumbfounded",1,5915,-0.0684536679136312,0.0328464070626291,-0.132832625756384,-0.00407471007087819,-6.6163274294948
"Mouth_Dumbfounded",1,5916,-0.0663848015593973,0.0416184288921742,-0.147956922188059,0.0151873190692641,-6.42292910261525
"Mouth_Dumbfounded",1,5921,-0.0593162164458605,0.0421988521504099,-0.142025966660664,0.0233935337689429,-5.75912830999354
"Mouth_Dumbfounded",1,5923,-0.0616248932953872,0.0420610047269746,-0.144064462560257,0.0208146759694831,-5.97644907051268
"Mouth_Dumbfounded",1,5925,-0.0660137047367672,0.0335463443144224,-0.131764539593035,-0.000262869880499353,-6.38819650475444
"Mouth_Dumbfounded",1,5927,-0.0619322260662383,0.0415027904759926,-0.143277695399184,0.0194132432667072,-6.00534114897643
"Mouth_Dumbfounded",1,5933,-0.0637334394417709,0.0366924082440629,-0.135650559600134,0.00818368071659248,-6.17449320052599
"Mouth_Dumbfounded",1,5934,-0.0589934321376729,0.0416620920260373,-0.140651132508706,0.0226642682333603,-5.72870392542929
"Mouth_Dumbfounded",1,5935,-0.0598933738392059,0.0393918012826927,-0.137101304353283,0.0173145566748718,-5.81350443254473
"Mouth_Dumbfounded",1,5936,-0.0632925317637202,0.0392960598423046,-0.140312809054637,0.0137277455271967,-6.13311569302104
"Mouth_Dumbfounded",1,5937,-0.0648943445011651,0.0378200445190917,-0.139021631758585,0.00923294275625465,-6.28335250618456
"Mouth_Dumbfounded",1,5938,-0.0614212700647301,0.0380830931044692,-0.13606413254949,0.0132215924200295,-5.95730174196029
"Mouth_Dumbfounded",1,5941,-0.064158714253006,0.0382516190738172,-0.139131887637688,0.0108144591316756,-6.21438634184386
"Mouth_Dumbfounded",1,5942,-0.0677951211324423,0.0389494120027681,-0.144135968657868,0.00854572639298325,-6.55480965856615
"Mouth_Dumbfounded",1,5943,-0.0621173755569595,0.0390564287101168,-0.138667975828788,0.0144332247148694,-6.02274260120849
"Mouth_Dumbfounded",1,5947,-0.0562262648902873,0.0401129866958926,-0.134847718814237,0.0223951890336622,-5.46747822164572
"Mouth_Dumbfounded",1,5948,-0.0589036436519387,0.0411183313050365,-0.13949557300981,0.0216882857059328,-5.7202390684889
"Mouth_Dumbfounded",1,5949,-0.0626724323698209,0.0387668637053939,-0.138655485232393,0.0133106204927511,-6.07489084422408
"Mouth_Dumbfounded",1,5951,-0.0632055043512386,0.0389459664441978,-0.139539598581866,0.013128589879389,-6.12494634548867
"Mouth_Dumbfounded",1,5952,-0.0628796188114918,0.0365033010838112,-0.134426088935762,0.0086668513127781,-6.0943488375878
"Mouth_Dumbfounded",1,5953,-0.0613526130922063,0.0384464076888237,-0.136707572162301,0.0140023459778881,-5.95084483335656
"Mouth_Dumbfounded",1,5957,-0.0599357930650755,0.0415371334862799,-0.141348574698184,0.021476988568033,-5.81749966603612
"Mouth_Dumbfounded",1,5958,-0.0593975508246892,0.0385360658712471,-0.134928239932333,0.016133138282955,-5.76679302104625
"Mouth_Dumbfounded",1,5962,-0.0621215408240147,0.0403952768531988,-0.141296283456284,0.0170532018082549,-6.02313404076744
"Mouth_Dumbfounded",1,5967,-0.0666960281504099,0.0377503864755083,-0.140686785642406,0.00729472934158644,-6.45204824382701
"Mouth_Dumbfounded",1,5969,-0.0621503175402542,0.0412010210962855,-0.142904318888974,0.0186036838084653,-6.02583834746151
"Mouth_Dumbfounded",1,5971,-0.0588086349261053,0.0420428936678486,-0.141212706515089,0.0235954366628779,-5.71128124300186
"Mouth_Dumbfounded",1,5972,-0.0662804167235094,0.0419432623282978,-0.148489210886973,0.0159283774399542,-6.41316056559206
"Mouth_Dumbfounded",1,5973,-0.069101459249648,0.0375927982700146,-0.142783343858877,0.00458042535958063,-6.67680097427749
"Mouth_Dumbfounded",1,5975,-0.0673633170245746,0.0390883378456706,-0.143976459202089,0.00924982515293984,-6.51445092861064
"Mouth_Dumbfounded",1,5977,-0.0670289225847504,0.0340153475768007,-0.13369900383528,-0.000358841334221094,-6.48318465345432
"Mouth_Dumbfounded",1,5978,-0.0623473904664312,0.0402607657391485,-0.141258491315162,0.0165637103822999,-6.04435628573133
"Mouth_Dumbfounded",1,5979,-0.061705594606377,0.0414586055372166,-0.142964461459321,0.0195532722465674,-5.98403658817118
"Mouth_Dumbfounded",1,5980,-0.0702469216724527,0.0345741092695228,-0.138012175840717,-0.00248166750418806,-6.78363799136157
"Mouth_Dumbfounded",1,5981,-0.0651059471968303,0.0441715185562005,-0.151682123566983,0.0214702291733227,-6.30318110345666
"Mouth_Dumbfounded",1,5982,-0.0618790733216632,0.0399048214032825,-0.140092523272097,0.0163343766287705,-6.00034494210322
"Mouth_Dumbfounded",1,5983,-0.0639330587020453,0.035618561575336,-0.133745439389704,0.00587932198561331,-6.19322070954025
"Mouth_Dumbfounded",1,5984,-0.0661204426497317,0.0380715165358331,-0.140740615059964,0.00849972976050109,-6.39818790004854
"Mouth_Dumbfounded",1,5987,-0.0648560615631114,0.0396324970588305,-0.142535755798419,0.0128236326721964,-6.2797646888983
"Mouth_Dumbfounded",1,5988,-0.0598934795641522,0.0360040988256309,-0.130461513262389,0.0106745541340844,-5.81351439040639
"Mouth_Dumbfounded",1,5989,-0.0664939158298083,0.0375016801127925,-0.139997208850882,0.00700937719126499,-6.43313913939293
"Mouth_Dumbfounded",1,5990,-0.0635977019987809,0.0392167488250038,-0.140462529695788,0.0132671256982266,-6.16175670175546
"Mouth_Dumbfounded",1,5994,-0.0597941406050685,0.0415001754276025,-0.141134484443169,0.0215462032330323,-5.80415753822391
"Mouth_Dumbfounded",1,5998,-0.0632650116074201,0.0434039279942091,-0.14833671047607,0.0218066872612298,-6.13053242614772
"Mouth_Dumbfounded",1,5999,-0.0658036114900172,0.0382893278972595,-0.140850694168646,0.00924347118861134,-6.36852723090555
"Mouth_Dumbfounded",1,6000,-0.0625013028137587,0.0396754467625013,-0.140265178468261,0.015262572840744,-6.05881610659903
"Mouth_Dumbfounded",1,6003,-0.0638436236196287,0.0384106491505984,-0.139128495954802,0.0114412487155441,-6.18483071732894
"Mouth_Dumbfounded",1,6006,-0.0679148272222939,0.0385414031857408,-0.143455977466346,0.007626323021758,-6.56599494743041
"Mouth_Dumbfounded",1,6007,-0.0680652977750622,0.0366216681011057,-0.139843767253229,0.0037131717031049,-6.58005295613333
"Mouth_Dumbfounded",1,6008,-0.0593904393825837,0.04054256911138,-0.138853874840889,0.0200729960757211,-5.76612288466759
"Mouth_Dumbfounded",1,6010,-0.0646246552863378,0.0417100198502465,-0.146376294192821,0.0171269836201454,-6.25807472868694
"Mouth_Dumbfounded",1,6015,-0.0627546292266711,0.0389881725037843,-0.139171447334088,0.013662188880746,-6.0826108756905
"Mouth_Dumbfounded",1,6016,-0.0541205539133888,0.0447068711917317,-0.141746021449183,0.0335049136224053,-5.26821032619553
"Mouth_Dumbfounded",1,6017,-0.0637641193738457,0.0415596970166863,-0.145221125526551,0.0176928867788595,-6.17737171654492
"Mouth_Dumbfounded",1,6018,-0.0658911956918321,0.0412701603098242,-0.146780709899088,0.0149983185154233,-6.37672750960011
"Mouth_Dumbfounded",1,6019,-0.064888608679763,0.0374568122840689,-0.138303960756538,0.00852674339701202,-6.28281496269051
"Mouth_Dumbfounded",1,6021,-0.0655588895639095,0.0388091421227628,-0.141624808124525,0.0105070289967056,-6.3456107525772
"Mouth_Dumbfounded",1,6022,-0.0661158369514022,0.0414131667257459,-0.147285643733864,0.0150539698310598,-6.39775679734614
"Mouth_Dumbfounded",1,6023,-0.064437944617699,0.0371383410560569,-0.137229093087571,0.00835320385217264,-6.24057047707562
"Mouth_Dumbfounded",1,6024,-0.0607836497628878,0.0349231084428627,-0.129232942310899,0.00766564278512305,-5.89731908726394
"Mouth_Dumbfounded",1,6025,-0.0665810989576964,0.0397156570102854,-0.144423786697856,0.0112615887824631,-6.44129623540368
"Mouth_Dumbfounded",1,6027,-0.063746961814918,0.0378113372459146,-0.137857182816911,0.0103632591870745,-6.17576193546149
"Mouth_Dumbfounded",1,6029,-0.0666007477835356,0.0343530830525577,-0.133932790566549,0.000731294999477439,-6.44313453601941
"Mouth_Dumbfounded",1,6030,-0.0618355249346674,0.0421242239746234,-0.144399003924929,0.0207279540555944,-5.99625131961261
"Mouth_Dumbfounded",1,6031,-0.0634830573627199,0.0394388208244063,-0.140783146178556,0.0138170314531165,-6.15099803380392
"Mouth_Dumbfounded",1,6036,-0.0664916503302777,0.0406176870033335,-0.146102316856811,0.013119016196256,-6.43292716347346
"Mouth_Dumbfounded",1,6038,-0.0691950128231931,0.0380261802808823,-0.143726326173722,0.00533630052733627,-6.68553128465877
"Mouth_Dumbfounded",1,6039,-0.0616597505406655,0.0388144504584756,-0.137736073439278,0.0144165723579466,-5.97972641536944
"Mouth_Dumbfounded",1,6040,-0.0624892853933843,0.0403925870172606,-0.141658755947215,0.0166801851604464,-6.05768716911828
"Mouth_Dumbfounded",1,6041,-0.0645629441430196,0.0403784517916853,-0.143704709654723,0.0145788213686836,-6.25228962880087
"Mouth_Dumbfounded",1,6042,-0.0618467015782628,0.0433557095609406,-0.146823892317706,0.0231304891611807,-5.99730196013691
"Mouth_Dumbfounded",1,6044,-0.0618016053307654,0.0393731938169436,-0.138973065211975,0.015369854550444,-5.99306269561394
"Mouth_Dumbfounded",1,6045,-0.0574164559321571,0.0426916886410533,-0.141092165668622,0.0262592538043074,-5.57992305354218
"Mouth_Dumbfounded",1,6048,-0.0635764834342407,0.0416504946849819,-0.145211453016805,0.0180584861483239,-6.15976556780927
"Mouth_Dumbfounded",1,6049,-0.0648250251566253,0.036259230273521,-0.135893116492726,0.00624306617947583,-6.27685590444034
"Mouth_Dumbfounded",1,6051,-0.0634159460806551,0.0401855153692846,-0.142179556204453,0.0153476640431427,-6.14469949561235
"Mouth_Dumbfounded",1,6052,-0.0615690214203164,0.0410747874937085,-0.142075604907985,0.0189375620673522,-5.97119565166363
"Mouth_Dumbfounded",1,6055,-0.0592788667025926,0.039983719879869,-0.137646957667136,0.0190892242619507,-5.75560837189659
"Mouth_Dumbfounded",1,6056,-0.0636929205145058,0.038376626604353,-0.138911108659038,0.0115252676300261,-6.17069141461876
"Mouth_Dumbfounded",1,6057,-0.0635709006302507,0.0377445348174229,-0.1375501888724,0.0104083876118982,-6.15924167471167
"Mouth_Dumbfounded",1,6058,-0.0579468032432365,0.0406628509594283,-0.137645991123716,0.0217523846372429,-5.6299852111239
"Mouth_Dumbfounded",1,6059,-0.0618642186901614,0.0344408605964225,-0.12936830545915,0.00563986807882669,-5.998948601495
"Mouth_Dumbfounded",1,6060,-0.0613391963901499,0.0382578624824156,-0.136324606855684,0.0136462140753845,-5.9495829953982
"Mouth_Dumbfounded",1,6062,-0.0601518194379059,0.042764664884287,-0.143970562611109,0.0236669237352967,-5.83784337249968
"Mouth_Dumbfounded",1,6063,-0.0650136158666435,0.0407635539901313,-0.144910181687301,0.0148829499540137,-6.2945295521352
"Mouth_Dumbfounded",1,6064,-0.0634648631653884,0.0403555573812555,-0.142561755632649,0.0156320293018723,-6.14929051100933
"Mouth_Dumbfounded",1,6067,-0.0629300119601839,0.0351086868374835,-0.131743038161652,0.00588301424128372,-6.0990809197966
"Mouth_Dumbfounded",1,6069,-0.0641998021296498,0.0356660661540248,-0.134105291791538,0.00570568753223875,-6.21823971440482
"Mouth_Dumbfounded",1,6070,-0.0581770988936174,0.0399528235556021,-0.136484633062598,0.0201304352753627,-5.65171571274012
"Mouth_Dumbfounded",1,6071,-0.0610884598654228,0.0416158354096945,-0.142655497268424,0.0204785775375785,-5.92599816402356
"Mouth_Dumbfounded",1,6074,-0.0581413233513996,0.0383003193986891,-0.13320994937283,0.016927302670031,-5.64834029133402
"Mouth_Dumbfounded",1,6075,-0.0680948178106305,0.0357168870648044,-0.138099916457647,0.00191028083638616,-6.58281067558867
"Mouth_Dumbfounded",1,6076,-0.0605956248642235,0.0441050589392964,-0.147041540385244,0.0258502906567974,-5.87962377669393
"Mouth_Dumbfounded",1,6078,-0.0617341503325406,0.0396836845215379,-0.139514171994755,0.0160458713296736,-5.98672124394605
"Mouth_Dumbfounded",1,6079,-0.0649521300104005,0.0451607274244912,-0.153467155762403,0.0235628957416022,-6.28876781391917
"Mouth_Dumbfounded",1,6081,-0.0656946084694793,0.0404735335898007,-0.145022734305489,0.01363351736653,-6.3583205612875
"Mouth_Dumbfounded",1,6085,-0.068759378003209,0.0425953172720927,-0.152246199856511,0.0147274438500926,-6.64487139708968
"Mouth_Dumbfounded",1,6086,-0.0706538634226553,0.0423609743183632,-0.153681373086647,0.0123736462413366,-6.82156390352295
"Mouth_Dumbfounded",1,6090,-0.0740070007502244,0.0393622126083202,-0.151156937462532,0.00314293596208325,-7.13348075345246
"Mouth_Dumbfounded",1,6095,-0.0690019389100004,0.0409526670377758,-0.149269166304041,0.0112652884840402,-6.66751295564772
"Mouth_Dumbfounded",1,6096,-0.063123106166046,0.0421447780758959,-0.145726871194802,0.0194806588627099,-6.11721089274342
"Mouth_Dumbfounded",1,6098,-0.0600591362751455,0.0386302876559459,-0.135774500080799,0.0156562275305085,-5.82911572156422
"Mouth_Dumbfounded",1,6100,-0.0597070032419396,0.045591438150002,-0.149066222015944,0.0296522155320644,-5.79594920327293
"Mouth_Dumbfounded",1,6102,-0.0661297192379903,0.0438230548202142,-0.15202290668561,0.0197634682096296,-6.3990562014922
"Mouth_Dumbfounded",1,6106,-0.0603470379508267,0.0403562424191729,-0.139445273092406,0.0187511971907521,-5.85622377453418
"Mouth_Dumbfounded",1,6108,-0.0645995832683252,0.0399371407325369,-0.142876379104098,0.0136772125674472,-6.25572439998439
"Mouth_Dumbfounded",1,6110,-0.0577303008359384,0.0404435067249172,-0.136999574016776,0.0215389723448992,-5.60955166386908
"Mouth_Dumbfounded",1,6112,-0.0652403541078678,0.0396652368350801,-0.142984218304625,0.0125035100888891,-6.31577375716978
"Mouth_Dumbfounded",1,6114,-0.0668283590551018,0.0380716700054502,-0.141448832265784,0.00779211415558065,-6.46442670987011
"Mouth_Dumbfounded",1,6118,-0.0586290766845944,0.0399521227863954,-0.136935237345929,0.0196770839767407,-5.69434940638762
"Mouth_Dumbfounded",1,6120,-0.0604218457765489,0.0432295418096474,-0.145151747723458,0.0243080561703599,-5.86326620232124
"Mouth_Dumbfounded",1,6121,-0.0597463470132718,0.0437787732878899,-0.145552742657536,0.0260600486309924,-5.79965547299627
"Mouth_Dumbfounded",1,6122,-0.062498294474614,0.0405503339801874,-0.141976949075781,0.0169803601265532,-6.05853349923314
"Mouth_Dumbfounded",1,6124,-0.0630388327513157,0.0364953793013415,-0.134569776181945,0.00849211067931374,-6.1092987361334
"Mouth_Dumbfounded",1,6126,-0.0564933584295059,0.0402289881017191,-0.135342175108875,0.0223554582498636,-5.49272387583311
"Mouth_Dumbfounded",1,6128,-0.0606674698061754,0.0428000915125449,-0.144555649170763,0.0232207095584126,-5.88638560675563
"Mouth_Dumbfounded",1,6132,-0.0604471122854183,0.0421263552744308,-0.143014768623303,0.022120544052466,-5.86564467889266
"Mouth_Dumbfounded",1,6133,-0.059385186614751,0.0430132717076822,-0.143691199161808,0.0249208259323061,-5.7656278946891
"Mouth_Dumbfounded",1,6134,-0.0628952057944499,0.0369421119874966,-0.135301745289943,0.00951133370104348,-6.09581253196483
"Mouth_Dumbfounded",1,6136,-0.0686389926132722,0.0369840282949511,-0.141127688071376,0.00384970284483198,-6.63363212702184
"Mouth_Dumbfounded",1,6137,-0.064200286805583,0.0326779037389835,-0.128248978133991,-0.00015159547717529,-6.21828516815598
"Mouth_Dumbfounded",1,6138,-0.0610057866952887,0.0399581526469848,-0.139323765883379,0.0173121924928016,-5.91822044656473
"Mouth_Dumbfounded",1,6140,-0.061173029719149,0.0390467628526367,-0.137704684910317,0.015358625472019,-5.93395365219629
"Mouth_Dumbfounded",1,6143,-0.0609911502438181,0.0440593735509576,-0.147347522403695,0.0253652219160588,-5.9168434130866
"Mouth_Dumbfounded",1,6144,-0.0620989045096438,0.0386139278005608,-0.137782202998743,0.0135843939794554,-6.02100672680881
"Mouth_Dumbfounded",1,6149,-0.0620323528764588,0.0374618446128169,-0.13545756831758,0.0113928625646622,-6.01475206319467
"Mouth_Dumbfounded",1,6158,-0.0573585951097117,0.0401347271170421,-0.136022660259114,0.0213054700396908,-5.57445967217834
"Mouth_Dumbfounded",1,6161,-0.065870196152009,0.0387117423969837,-0.141745211250097,0.010004818946079,-6.37476144331791
"Mouth_Dumbfounded",1,6162,-0.059594889840816,0.0385845630243776,-0.135220633368596,0.0160308536869641,-5.78538707467148
"Mouth_Dumbfounded",1,6164,-0.0617794955626373,0.038336770254932,-0.136919565262304,0.0133605741370294,-5.99098420105028
"Mouth_Dumbfounded",1,6166,-0.0630669701408447,0.0361095279983324,-0.133841645017576,0.00770770473588686,-6.11194053820112
"Mouth_Dumbfounded",1,6167,-0.0629294827667137,0.0420905060053514,-0.145426874537202,0.019567909003775,-6.09903122803023
"Mouth_Dumbfounded",1,6169,-0.0758697207376987,0.0404973548818827,-0.155244536306189,0.00350509483079134,-7.30630406433164
"Mouth_Dumbfounded",1,6170,-0.0579133351162171,0.0415883596590582,-0.139426520047971,0.0235998498155371,-5.62682677062888
"Mouth_Dumbfounded",1,6171,-0.0694607093495739,0.0381696840610245,-0.144273290109182,0.00535187141003408,-6.71032132139835
"Mouth_Dumbfounded",1,6173,-0.0640001491754207,0.035796718331495,-0.134161717105151,0.00616141875430948,-6.19951403965505
"Mouth_Dumbfounded",1,6177,-0.0619012641784004,0.0411540323705343,-0.142563167624648,0.0187606392678467,-6.00243085183781
"Mouth_Dumbfounded",1,6179,-0.0600782673932705,0.0340931152223794,-0.126900773229134,0.00674423844259307,-5.83091729864214
"Mouth_Dumbfounded",1,6182,-0.061287342395386,0.0429776902116013,-0.145523615210125,0.0229489304193526,-5.94470597912199
"Mouth_Dumbfounded",1,6184,-0.0602270261058164,0.0423691632635068,-0.14327058610229,0.0228165338906569,-5.84492472825698
"Mouth_Dumbfounded",1,6185,-0.0643667841215924,0.0405252639346426,-0.143796301433492,0.0150627331903072,-6.23389827216022
"Mouth_Dumbfounded",1,6186,-0.0631303574213662,0.0389483251571669,-0.139469074729413,0.0132083598866809,-6.11789165834921
"Mouth_Dumbfounded",1,6187,-0.0567037615148647,0.0408352788428546,-0.13674090804686,0.0233333850171303,-5.51260640657224
"Mouth_Dumbfounded",1,6188,-0.061283327579337,0.0430910061437526,-0.145741699621092,0.0231750444624181,-5.94432836366004
"Mouth_Dumbfounded",1,6191,-0.0625769504309094,0.0428270641279757,-0.146517996121742,0.021364095259923,-6.06592226452753
"Mouth_Dumbfounded",1,6193,-0.0624992976900677,0.04074784194664,-0.142365067905482,0.0173664725253466,-6.05862774271679
"Mouth_Dumbfounded",1,6194,-0.0687532842186933,0.0363520237066351,-0.140003250683698,0.00249668224631154,-6.6443025093192
"Mouth_Dumbfounded",1,6196,-0.0661689849309118,0.0391402888507791,-0.142883951078439,0.0105459812166153,-6.40273143525278
"Mouth_Dumbfounded",1,6198,-0.0563476472091929,0.0417815321134196,-0.138239450151495,0.0255441557331095,-5.47895210197398
"Mouth_Dumbfounded",1,6199,-0.0594386004553201,0.0417058900461412,-0.141182144945757,0.0223049440351167,-5.77066117999211
"Mouth_Dumbfounded",1,6200,-0.0636814686954777,0.0385672137118445,-0.139273207570693,0.0119102701797376,-6.16961689220469
"Mouth_Dumbfounded",1,6201,-0.0608557492808885,0.0413435582674327,-0.141889123485057,0.0201776249232796,-5.90410360061732
"Mouth_Dumbfounded",1,6202,-0.0633585402134604,0.034558630054118,-0.131093455119532,0.00437637469261086,-6.13931149604616
"Mouth_Dumbfounded",1,6204,-0.0611907639134551,0.0373552803247987,-0.13440711335006,0.0120255855231504,-5.93562182294795
"Mouth_Dumbfounded",1,6207,-0.0590588707822754,0.0431374120415643,-0.143608198383741,0.0254904568191905,-5.7348727094287
"Mouth_Dumbfounded",1,6209,-0.0661261100273628,0.0356087348998199,-0.13591923043101,0.00366701037628428,-6.39871837536146
"Mouth_Dumbfounded",1,6210,-0.0603803036535884,0.0421541419251754,-0.143002421826932,0.0222418145197553,-5.85935548132145
"Mouth_Dumbfounded",1,6211,-0.0646989477681733,0.0418249198189314,-0.146675790613279,0.0172778950769323,-6.26503879027547
"Mouth_Dumbfounded",1,6213,-0.0610225200671479,0.0389423118544032,-0.137349451301778,0.0153044111674825,-5.91979473879553
"Mouth_Dumbfounded",1,6214,-0.0638440000051237,0.0402796396895554,-0.142792093796652,0.0151040937864049,-6.18486602799121
"Mouth_Dumbfounded",1,6216,-0.0670443848823711,0.039353033266302,-0.144176330084323,0.0100875603195808,-6.48463062710668
"Mouth_Dumbfounded",1,6222,-0.0668177772738126,0.0351131637099526,-0.13563957814532,0.00200402359769457,-6.463436931654
"Mouth_Dumbfounded",1,6223,-0.0601497138022948,0.0416298934888939,-0.141744305040527,0.0214448774359372,-5.83764510110073
"Mouth_Dumbfounded",1,6227,-0.0629834148207808,0.0371595006778005,-0.13581603614927,0.00984920650770808,-6.10409536359415
"Mouth_Dumbfounded",1,6229,-0.0633722008994253,0.0403643619936704,-0.142486350407019,0.0157419486081687,-6.14059368867843
"Mouth_Dumbfounded",1,6231,-0.0644869000827677,0.0386473964071315,-0.140235797040745,0.0112619968752101,-6.24516040120064
"Mouth_Dumbfounded",1,6232,-0.0649200070210883,0.0384398761123162,-0.140262164201228,0.0104221501590516,-6.28575748065903
"Mouth_Dumbfounded",1,6234,-0.0623389205245196,0.0417965082521332,-0.144260076698701,0.0195822356496616,-6.04356048351661
"Mouth_Dumbfounded",1,6235,-0.0613144961147406,0.040005129403455,-0.139724549745512,0.0170955575160312,-5.94725989550534
"Mouth_Dumbfounded",1,6236,-0.0636826954693423,0.0403228026044811,-0.142715388574125,0.0153499976354406,-6.16973200079579
"Mouth_Dumbfounded",1,6237,-0.063768395266025,0.037603368799917,-0.137470998113862,0.00993420758181243,-6.17777289112975
"Mouth_Dumbfounded",1,6241,-0.0629378539232461,0.0413955865838373,-0.144073203627567,0.018197495781075,-6.09981728444826
"Mouth_Dumbfounded",1,6242,-0.0639081877361541,0.0413049064030576,-0.144865804286147,0.0170494288138388,-6.19088761531911
"Mouth_Dumbfounded",1,6243,-0.0633739108835924,0.0375475054161033,-0.136967021499155,0.0102191997319701,-6.14075418663993
"Mouth_Dumbfounded",1,6245,-0.0625383091947707,0.0376226644388154,-0.136278731494849,0.0112021131053075,-6.06229246551878
"Mouth_Dumbfounded",1,6246,-0.060913584110875,0.0364900174748346,-0.132434018361551,0.0106068501398009,-5.90954546342187
"Mouth_Dumbfounded",1,6248,-0.0622779233058573,0.0396274267759826,-0.139947679786783,0.0153918331750686,-6.03782922723712
"Mouth_Dumbfounded",1,6250,-0.0616249524633432,0.0427431941893803,-0.145401613074529,0.0221517081478422,-5.97645463369384
"Mouth_Dumbfounded",1,6251,-0.0647782601277462,0.0404957171000455,-0.144149865643835,0.014593345388343,-6.27247283641372
"Mouth_Dumbfounded",1,6252,-0.060841681896921,0.042512931850668,-0.14416702832423,0.0224836645303882,-5.90277990820247
"Mouth_Dumbfounded",1,6253,-0.0612994754969898,0.041086564276068,-0.141829141478083,0.0192301904841034,-5.94584715463772
"Mouth_Dumbfounded",1,6255,-0.062965849355023,0.04115488553308,-0.14362942499986,0.0176977262898137,-6.10244602381079
"Mouth_Dumbfounded",1,6256,-0.0650307703010129,0.0399528315243502,-0.143338320088739,0.0132767794867134,-6.29613700269056
"Mouth_Dumbfounded",1,6257,-0.0586185111852031,0.0386075847322347,-0.134289377260383,0.0170523548899769,-5.69335301483
"Mouth_Dumbfounded",1,6259,-0.0634437778184753,0.0387307049197867,-0.139355959461257,0.0124684038243066,-6.14731161537894
"Mouth_Dumbfounded",1,6260,-0.0645754362332649,0.0345135339813305,-0.132221962836673,0.00307109037014286,-6.25346072634437
"Mouth_Dumbfounded",1,6262,-0.0655251472374963,0.0377355376143621,-0.139486800961646,0.00843650648665333,-6.34245058228974
"Mouth_Dumbfounded",1,6266,-0.0672996861645628,0.0379479149360776,-0.141677599439275,0.0070782271101492,-6.50850217346436
"Mouth_Dumbfounded",1,6270,-0.0618156308495337,0.0429853483278821,-0.146066913572183,0.0224356518731153,-5.9943811824312
"Mouth_Dumbfounded",1,6271,-0.0630524827012397,0.0408889064001054,-0.143194739245446,0.0170897738429668,-6.11058033075711
"Mouth_Dumbfounded",1,6272,-0.0636636712146537,0.041302180252693,-0.144615944509932,0.0172886020806246,-6.16794693290014
"Mouth_Dumbfounded",1,6274,-0.0676675568216364,0.0367780260639324,-0.139752487906944,0.00441737426367117,-6.54288862692919
"Mouth_Dumbfounded",1,6276,-0.0575600227554771,0.0419324383173704,-0.139747601857523,0.0246275563465689,-5.59347767102704
"Mouth_Dumbfounded",1,6277,-0.0603202309858683,0.038065962462985,-0.134929517413319,0.0142890554415824,-5.85370003179706
"Mouth_Dumbfounded",1,6279,-0.0585495059468811,0.0401878555199529,-0.137317702765989,0.0202186908722267,-5.68684513764321
"Mouth_Dumbfounded",1,6280,-0.0634337735038495,0.0434019576880962,-0.148501610572518,0.021634063564819,-6.14637267885916
"Mouth_Dumbfounded",1,6282,-0.0588977427072215,0.0411824697758366,-0.139615383467861,0.0218198980534182,-5.71968272719022
"Mouth_Dumbfounded",1,6283,-0.0628274352186682,0.044231896771842,-0.149521952891478,0.0238670824541421,-6.08944837546296
"Mouth_Dumbfounded",1,6284,-0.059591424776977,0.042680117642879,-0.14324445535702,0.0240616058030659,-5.78506061445753
"Mouth_Dumbfounded",1,6285,-0.0613679210816804,0.0357466288331288,-0.131431313594613,0.00869547143125213,-5.95228452581447
"Mouth_Dumbfounded",1,6286,-0.0620014705998407,0.0366101448670253,-0.13375735453921,0.00975441333952892,-6.01184953995183
"Mouth_Dumbfounded",1,6287,-0.0635817709428275,0.0419542717509106,-0.145812143574612,0.0186486016889573,-6.16026174754284
"Mouth_Dumbfounded",1,6288,-0.0623918142715848,0.0424566014867378,-0.145606753185591,0.0208231246424213,-6.04853006023261
"Mouth_Dumbfounded",1,6290,-0.0576621067305688,0.0372228823688018,-0.13061895617342,0.0152947427122827,-5.603114572206
"Mouth_Dumbfounded",1,6291,-0.0591748916214103,0.0403684997159621,-0.138297151064696,0.0199473678218754,-5.74580879417898
"Mouth_Dumbfounded",1,6293,-0.0599832660771139,0.0386641100841005,-0.135764921841951,0.015798389687723,-5.82197068688103
"Mouth_Dumbfounded",1,6294,-0.0598328090164711,0.0413334948984277,-0.140846459017389,0.0211808409844471,-5.80779987139055
"Mouth_Dumbfounded",1,6295,-0.0669006122098078,0.0450233088764509,-0.155146297607652,0.0213450731880359,-6.47118470597136
"Mouth_Dumbfounded",1,6296,-0.0586466681894726,0.0429736366186489,-0.142874995962024,0.0255816595830792,-5.69600837010821
"Mouth_Dumbfounded",1,6300,-0.0616392696593673,0.0392699910724751,-0.138608452161418,0.0153299128426838,-5.97780077758722
"Mouth_Dumbfounded",1,6303,-0.0637302765243611,0.0404881716434254,-0.143087092945475,0.0156265398967527,-6.17419643772774
"Mouth_Dumbfounded",1,6305,-0.0650443179719097,0.0418023982022493,-0.146977018448318,0.0168883825044989,-6.29740646318906
"Mouth_Dumbfounded",1,6306,-0.0647457023056931,0.0376746680313973,-0.138588051647232,0.00909664703584551,-6.26942122258617
"Mouth_Dumbfounded",1,6307,-0.0589838060088775,0.0412697619769226,-0.139872539483646,0.0219049274658908,-5.72779645342385
"Mouth_Dumbfounded",1,6309,-0.068569617353222,0.0414984427807494,-0.149906565203491,0.0127673304970469,-6.62715458628277
"Mouth_Dumbfounded",1,6312,-0.0688961484651722,0.03958616982678,-0.146485041325661,0.00869274439531656,-6.65763874803719
"Mouth_Dumbfounded",1,6314,-0.0620858133015754,0.0434575450073287,-0.14726260151594,0.0230909749127889,-6.01977642020074
"Mouth_Dumbfounded",1,6317,-0.0615232318271982,0.0377972145296243,-0.135605772305262,0.0125593086508655,-5.96689001239514
"Mouth_Dumbfounded",1,6320,-0.0617323402594769,0.0404215367390912,-0.140958552268096,0.0174938717491418,-5.98655107288853
"Mouth_Dumbfounded",1,6321,-0.0663514396362587,0.0383492488677728,-0.141515967417093,0.00881308814457606,-6.41980713949137
"Mouth_Dumbfounded",1,6323,-0.0660017885117751,0.0390763553664053,-0.142591445029929,0.0105878680063793,-6.38708099879577
"Mouth_Dumbfounded",1,6325,-0.0650779529009674,0.0405417622448241,-0.144539806900823,0.0143839010988878,-6.30055809027252
"Mouth_Dumbfounded",1,6327,-0.059326266145093,0.0420551996700628,-0.141754457498416,0.0231019252082301,-5.76007539765046
"Mouth_Dumbfounded",1,6328,-0.0594653499561122,0.0415414526309129,-0.140886597112702,0.0219558972004772,-5.77318173405358
"Mouth_Dumbfounded",1,6330,-0.0643812561612129,0.0399667992323696,-0.142716182656657,0.0139536703342315,-6.23525524908035
"Mouth_Dumbfounded",1,6332,-0.0613150867794365,0.0418204441724304,-0.1432831573574,0.020652983798527,-5.94731544912206
"Mouth_Dumbfounded",1,6336,-0.0655205080704089,0.0399480682803847,-0.143818721899963,0.0127777057591452,-6.34201608826115
"Mouth_Dumbfounded",1,6337,-0.0638481973559949,0.0378592083892291,-0.138052245798884,0.0103558510868941,-6.18525980219912
"Mouth_Dumbfounded",1,6338,-0.0586683533644961,0.0415757554249412,-0.140156833997381,0.0228201272683886,-5.6980533464992
"Mouth_Dumbfounded",1,6339,-0.0589673803201042,0.038800172643903,-0.135015718702154,0.0170809580619457,-5.72624795483088
"Mouth_Dumbfounded",1,6341,-0.0566322394707519,0.0383127888743954,-0.131725305664567,0.0184608267230631,-5.50584823336324
"Mouth_Dumbfounded",1,6342,-0.0594295696872179,0.0410740005896864,-0.139934610843003,0.0210754714685675,-5.76981021284236
"Mouth_Dumbfounded",1,6343,-0.0627076404596739,0.0378360136011271,-0.136866227117883,0.0114509461985352,-6.07819770969215
"Mouth_Dumbfounded",1,6349,-0.0662526114189109,0.0382086277556479,-0.141141521819981,0.00863629898215888,-6.41055831883721
"Mouth_Dumbfounded",1,6353,-0.0618341608364267,0.0395201768742523,-0.139293707509961,0.0156253858371078,-5.99612308917695
"Mouth_Dumbfounded",1,6355,-0.0642079195534253,0.0404536994497004,-0.143497170474838,0.0150813313679875,-6.2190009776057
"Mouth_Dumbfounded",1,6356,-0.0606735409488968,0.0427464213010254,-0.144456526698907,0.023109444801113,-5.88695698220619
"Mouth_Dumbfounded",1,6357,-0.0566766333683135,0.0434146224451221,-0.141769293360753,0.0284160266241258,-5.51004310394293
"Mouth_Dumbfounded",1,6359,-0.0636692738514621,0.0359997776444696,-0.134228838034623,0.00689029033169829,-6.16847263834179
"Mouth_Dumbfounded",1,6360,-0.0671857317235799,0.0394110190460737,-0.144431329053884,0.0100598656067246,-6.49784779504754
"Mouth_Dumbfounded",1,6362,-0.0628855820069742,0.0432500432322912,-0.147655666742265,0.0218845027283165,-6.09490881367296
"Mouth_Dumbfounded",1,6363,-0.0602352367613648,0.0378598503165743,-0.13444054338185,0.0139700698591208,-5.84569779997446
"Mouth_Dumbfounded",1,6364,-0.0615493564796165,0.0415310884614826,-0.142950289864122,0.0198515769048894,-5.96934656262098
"Mouth_Dumbfounded",1,6371,-0.0668245069621643,0.0395000121165767,-0.144244530710655,0.0105955167863261,-6.46406640145486
"Mouth_Dumbfounded",1,6372,-0.06640702893864,0.0358782103888224,-0.136728321300732,0.00391426342345187,-6.42500905254251
"Mouth_Dumbfounded",1,6373,-0.0592095550961548,0.0397457562795111,-0.137111237403997,0.018692127211687,-5.74907591533018
"Mouth_Dumbfounded",1,6374,-0.0603388433077553,0.041679641288011,-0.142030940232257,0.0213532536167463,-5.85545229672962
"Mouth_Dumbfounded",1,6378,-0.0634240417566877,0.0369226003522829,-0.135792338447162,0.00894425493378677,-6.14545931464355
"Mouth_Dumbfounded",1,6379,-0.0639136565780363,0.0386015509521112,-0.139572696444174,0.0117453832881017,-6.19140064111902
"Mouth_Dumbfounded",1,6380,-0.0611458932170752,0.0373653380224347,-0.134381955741047,0.0120901693068969,-5.93140099409954
"Mouth_Dumbfounded",1,6381,-0.0568471280230602,0.04350781662042,-0.142122448599083,0.028428192552963,-5.52615176326178
"Mouth_Dumbfounded",1,6382,-0.0636171353860534,0.0385597738596214,-0.139194292150911,0.0119600213788045,-6.16358027895925
"Mouth_Dumbfounded",1,6384,-0.0658632156743813,0.0386623689859343,-0.141641458886813,0.00991502753804996,-6.37410789215372
"Mouth_Dumbfounded",1,6386,-0.059487639194626,0.0404016678138806,-0.138674908109832,0.01969962972058,-5.77528195467406
"Mouth_Dumbfounded",1,6388,-0.0606854013107872,0.0370365948133945,-0.13327712714504,0.0119063245234661,-5.88807319033565
"Mouth_Dumbfounded",1,6390,-0.0636897717031495,0.0400298825502998,-0.142148341501737,0.0147687980954381,-6.17039596336116
"Mouth_Dumbfounded",1,6393,-0.0632089273254332,0.0352196200587123,-0.132239382640509,0.00582152798964294,-6.12526767682489
"Mouth_Dumbfounded",1,6394,-0.0594403054107362,0.0408664670233198,-0.139538580776443,0.0206579699549707,-5.77082183667672
"Mouth_Dumbfounded",1,6396,-0.0635654636386047,0.0415039343664463,-0.144913174996839,0.0177822477196299,-6.15873146190559
"Mouth_Dumbfounded",1,6402,-0.0644337454559233,0.0397715307869816,-0.142385945798407,0.0135184548865607,-6.24017676523644
"Mouth_Dumbfounded",1,6403,-0.0633998810763463,0.0391286199473312,-0.140091976173115,0.0132922140204229,-6.14319169769398
"Mouth_Dumbfounded",1,6404,-0.0587789336170849,0.0424761293946368,-0.142032147230573,0.0244742799964032,-5.70848070303928
"Mouth_Dumbfounded",1,6405,-0.0685031797865888,0.0385334744914875,-0.144028789789904,0.00702243021672665,-6.62095091556775
"Mouth_Dumbfounded",1,6406,-0.0646884800362225,0.0370782212423939,-0.137361793671315,0.00798483359886955,-6.26405759269165
"Mouth_Dumbfounded",1,6408,-0.0599675733351565,0.0397384938465724,-0.137855021274438,0.0179198746041255,-5.82049276377266
"Mouth_Dumbfounded",1,6412,-0.0586227958649295,0.0414610794157837,-0.139886511519865,0.0226409197900065,-5.69375708774275
"Mouth_Dumbfounded",1,6413,-0.0653960259974582,0.0361611695044678,-0.136271918226215,0.00547986623129862,-6.33035662259326
"Mouth_Dumbfounded",1,6415,-0.0654027715728428,0.0359898880092037,-0.135942952070882,0.00513740892519637,-6.33098847610281
"Mouth_Dumbfounded",1,6416,-0.0603331903857267,0.0386862465015594,-0.136158233528783,0.0154918527573297,-5.85492010343782
"Mouth_Dumbfounded",1,6417,-0.0623243252936239,0.0387692246615573,-0.138312005630276,0.0136633550430285,-6.04218915758035
"Mouth_Dumbfounded",1,6419,-0.0612863719648452,0.0411287785576546,-0.141898777937848,0.0193260340081578,-5.94461470494787
"Mouth_Dumbfounded",1,6421,-0.0654216960512897,0.0431590613442196,-0.15001345628596,0.0191700641833806,-6.33276109651951
"Mouth_Dumbfounded",1,6422,-0.0624022184963511,0.0414533583324504,-0.143650800827954,0.0188463638352518,-6.04950754735799
"Mouth_Dumbfounded",1,6423,-0.0662424938304168,0.0385426685779733,-0.141786124243244,0.00930113658241076,-6.4096114145887
"Mouth_Dumbfounded",1,6424,-0.0625311728529806,0.0381360425802344,-0.13727781631024,0.0122154706042789,-6.06162209153883
"Mouth_Dumbfounded",1,6429,-0.0657685977243685,0.042420814358705,-0.14891339386743,0.0173761984186933,-6.3652487830656
"Mouth_Dumbfounded",1,6430,-0.0672128057680107,0.0357325133530596,-0.137248531940007,0.00282292040398611,-6.5003792422023
"Mouth_Dumbfounded",1,6432,-0.0644865380276291,0.0398009233811089,-0.142496347854602,0.0135232717993443,-6.24512645677306
"Mouth_Dumbfounded",1,6435,-0.0629646970182946,0.038790775022246,-0.138994616061897,0.0130652220253075,-6.1023378221483
"Mouth_Dumbfounded",1,6438,-0.0692730272777312,0.0359304616501419,-0.139696732112009,0.00115067755654696,-6.69281087807567
"Mouth_Dumbfounded",1,6440,-0.0556917666856223,0.0409090383756552,-0.135873481901907,0.024489948530662,-5.41693725264738
"Mouth_Dumbfounded",1,6441,-0.05968272187457,0.0389098097487477,-0.135945948982115,0.0165805052329755,-5.79366177233698
"Mouth_Dumbfounded",1,6443,-0.0673184395116841,0.0413551717957025,-0.148374576231261,0.0137376972078927,-6.51025543553617
"Mouth_Dumbfounded",1,6445,-0.0642613651085384,0.0461659369922552,-0.154746601613359,0.0262238713962819,-6.2240130212206
"Mouth_Dumbfounded",1,6447,-0.0618763245882121,0.039669458523847,-0.139628463294952,0.015875814118528,-6.00008656175186
"Mouth_Dumbfounded",1,6449,-0.0631451247372338,0.0368587562755914,-0.135388287037393,0.00909803756292538,-6.11927803486084
"Mouth_Dumbfounded",1,6450,-0.0627360216658982,0.0406598594358734,-0.14242934616021,0.0169573028284138,-6.08086328590558
"Mouth_Dumbfounded",1,6453,-0.0603040128807293,0.0389321457707284,-0.136611018591357,0.0160029928298984,-5.85217314482416
"Mouth_Dumbfounded",1,6458,-0.059712987170619,0.0405550803249798,-0.139200944607579,0.0197749702663413,-5.79651291190762
"Mouth_Dumbfounded",1,6459,-0.0622327771899164,0.04058674733144,-0.141782801959539,0.017317247579706,-6.0335871044244
"Mouth_Dumbfounded",1,6462,-0.0621134764859357,0.0376909244919604,-0.135987688490178,0.0117607355183066,-6.02237617649292
"Mouth_Dumbfounded",1,6463,-0.064614868596655,0.041060161198273,-0.14509278454527,0.0158630473519601,-6.25715730106475
"Mouth_Dumbfounded",1,6464,-0.0635310649007328,0.0398335042968068,-0.141604733322474,0.0145426035210085,-6.15550338518701
"Mouth_Dumbfounded",1,6465,-0.0615174855314644,0.0403980739774059,-0.14069771052718,0.0176627394642511,-5.9663496687839
"Mouth_Dumbfounded",1,6466,-0.0652392686331325,0.0457345103082288,-0.154878908837261,0.024400371570996,-6.31567206525391
"Mouth_Dumbfounded",1,6468,-0.0564473892333563,0.040210841341111,-0.135260638261934,0.0223658597952213,-5.48837935246303
"Mouth_Dumbfounded",1,6470,-0.0619016077507578,0.040578974409972,-0.141436397594303,0.0176331820927873,-6.00246314679868
"Mouth_Dumbfounded",1,6475,-0.0586699446411489,0.0439060137549641,-0.144725731600879,0.0273858423185807,-5.69820340686583
"Mouth_Dumbfounded",1,6480,-0.065357395618733,0.0393101530515912,-0.142405295599852,0.0116905043623858,-6.32673805890175
"Mouth_Dumbfounded",1,6481,-0.0666407287134435,0.0395086476219112,-0.144077678052389,0.0107962206255025,-6.44687495172678
"Mouth_Dumbfounded",1,6483,-0.0584567131262402,0.043239767360503,-0.143206657152826,0.0262932309003457,-5.67809314792538
"Mouth_Dumbfounded",1,6489,-0.0625935049719195,0.0401295650782174,-0.141247452525226,0.0160604425813865,-6.06747728719828
"Mouth_Dumbfounded",1,6492,-0.0614342763677381,0.0392287457207637,-0.138322617980435,0.0154540652449588,-5.95852488183524
"Mouth_Dumbfounded",1,6493,-0.0645532647329627,0.0381381020228109,-0.139303944697672,0.0101974152317467,-6.25138220187862
"Mouth_Dumbfounded",1,6497,-0.0589270111122503,0.0432726244659751,-0.143741355065561,0.0258873328410609,-5.72244212132067
"Mouth_Dumbfounded",1,6499,-0.0615611587605165,0.0405824577712359,-0.141102775992139,0.0179804584711058,-5.97045633225715
"Mouth_Dumbfounded",1,6500,-0.0589064689787782,0.0384452366123955,-0.134259132739073,0.016446194781517,-5.72050543925159
"Mouth_Dumbfounded",1,6506,-0.0623935380208233,0.0377948526477336,-0.136471449210381,0.0116843731687345,-6.0486920088678
"Mouth_Dumbfounded",1,6507,-0.0662540770280945,0.0409387787460264,-0.146494083370306,0.0139859293141173,-6.4106954842819
"Mouth_Dumbfounded",1,6509,-0.0603458570415435,0.0401066033277196,-0.138954799563874,0.018263085480787,-5.85611259920923
"Mouth_Dumbfounded",1,6511,-0.0588539127423151,0.0377731293420933,-0.132889246252818,0.0151814207681877,-5.71555033363211
"Mouth_Dumbfounded",1,6512,-0.0660598465717022,0.0371417190792371,-0.138857615967007,0.00673792282360253,-6.39251582548782
"Mouth_Dumbfounded",1,6513,-0.0615247378190945,0.0439091555692423,-0.147586682734809,0.0245372070966204,-5.96703162539013
"Mouth_Dumbfounded",1,6515,-0.0593216291545381,0.0387656511303138,-0.135302305369953,0.016659047060877,-5.75963840699703
"Mouth_Dumbfounded",1,6516,-0.0647636103847414,0.0415726734419307,-0.146246050330925,0.0167188295614427,-6.27109974217058
"Mouth_Dumbfounded",1,6517,-0.062451052304608,0.0415831331364123,-0.143953993251976,0.01905188864276,-6.0540953956701
"Mouth_Dumbfounded",1,6520,-0.0666829355276761,0.0358639440207182,-0.136976265808284,0.00361039475293157,-6.45082344776927
"Mouth_Dumbfounded",1,6521,-0.0645952466376891,0.0420247242647197,-0.14696370619654,0.0177732129211615,-6.25531786480535
"Mouth_Dumbfounded",1,6524,-0.0666230395246752,0.0379695080204412,-0.14104327524474,0.00779719619538947,-6.44522005820112
"Mouth_Dumbfounded",1,6525,-0.0651450501326353,0.045438372566288,-0.15420426036256,0.0239141600972892,-6.30684485251897
"Mouth_Dumbfounded",1,6526,-0.0603318523270363,0.0405021815446635,-0.139716128154577,0.0190524235005041,-5.85479413171123
"Mouth_Dumbfounded",1,6528,-0.0621067367599029,0.0388908500145339,-0.138332802788389,0.0141193292685835,-6.0217427909207
"Mouth_Dumbfounded",1,6529,-0.0664409523464194,0.0405514970228394,-0.145921886511185,0.0130399818183458,-6.42818338127603
"Mouth_Dumbfounded",1,6530,-0.0656222709596241,0.0385673607987845,-0.141214298125242,0.00996975620599343,-6.35154651037221
"Mouth_Dumbfounded",1,6531,-0.0617599638969576,0.0379081929490897,-0.136060022077173,0.0125400942832582,-5.98914803045113
"Mouth_Dumbfounded",1,6532,-0.0606082936215048,0.035570547703656,-0.130326567120671,0.00910997987766089,-5.88081615734252
"Mouth_Dumbfounded",1,6533,-0.061865064305122,0.0374312014350379,-0.135230219117796,0.0115000905075523,-5.99902809015677
"Mouth_Dumbfounded",1,6534,-0.0654169058918725,0.039552782100946,-0.142940358809727,0.0121065470259817,-6.33231241443837
"Mouth_Dumbfounded",1,6535,-0.0665161472844557,0.0331325197472652,-0.131455885989095,-0.00157640857981597,-6.43521924369469
"Mouth_Dumbfounded",1,6541,-0.0633443468249986,0.0373777287684862,-0.136604695211232,0.00991600156123436,-6.13797928537867
"Mouth_Dumbfounded",1,6544,-0.0621639932299989,0.0375396456829429,-0.135741698768567,0.0114137123085692,-6.02712350015259
"Mouth_Dumbfounded",1,6545,-0.0615161378094322,0.0405467273328672,-0.140987723381852,0.0179554477629875,-5.96622293747618
"Mouth_Dumbfounded",1,6546,-0.0647145743972474,0.0388883339290028,-0.140935708898093,0.0115065601035982,-6.26650354030098
"Mouth_Dumbfounded",1,6551,-0.0629014104897491,0.040927664624857,-0.143119633154469,0.0173168121749706,-6.09639517702781
"Mouth_Dumbfounded",1,6552,-0.0646809041394852,0.037669783530761,-0.138513679859777,0.00915187158080642,-6.26334745618146
"Mouth_Dumbfounded",1,6554,-0.0598356080681567,0.0409792161807673,-0.140154871782461,0.0204836556461473,-5.80806351985811
"Mouth_Dumbfounded",1,6556,-0.0652146640310143,0.0373391477743601,-0.13839939366876,0.00797006560673157,-6.31336697128252
"Mouth_Dumbfounded",1,6557,-0.0603367705823824,0.0416656764512565,-0.142001496426845,0.0213279552620802,-5.85525716073465
"Mouth_Dumbfounded",1,6558,-0.0677156200037564,0.0346020759254862,-0.135535688817709,0.000104448810196472,-6.54738036514905
"Mouth_Dumbfounded",1,6560,-0.0660996931963887,0.037921234530134,-0.140425312875451,0.00822592648267383,-6.39624569346575
"Mouth_Dumbfounded",1,6561,-0.0579530763992625,0.0386525134000255,-0.133712002663312,0.0178058498647876,-5.630577207094
"Mouth_Dumbfounded",1,6563,-0.0719864922005185,0.0393095146579812,-0.149033140930162,0.00506015652912471,-6.94565346791492
"Mouth_Dumbfounded",1,6564,-0.0621418507297722,0.038776126751414,-0.138143059162544,0.0138593577029993,-6.02504268267623
"Mouth_Dumbfounded",1,6565,-0.0671289647816906,0.037741157207746,-0.141101632908873,0.00684370334549167,-6.49253981314927
"Mouth_Dumbfounded",1,6569,-0.0651627070493707,0.0339159098289149,-0.131637890314044,0.00131247621530263,-6.30849917015296
"Mouth_Dumbfounded",1,6570,-0.0567950548040197,0.0394016257773309,-0.134022241327588,0.020432131719549,-5.52123207777813
"Mouth_Dumbfounded",1,6572,-0.0647454510383334,0.038467773636981,-0.140142287366816,0.0106513852901494,-6.26939767114816
"Mouth_Dumbfounded",1,6573,-0.063541579977347,0.0406047809615162,-0.143126950661919,0.0160437907072248,-6.15649016207072
"Mouth_Dumbfounded",1,6575,-0.0593057382884333,0.0342190371331637,-0.126375051069434,0.0077635744925676,-5.75814083413044
"Mouth_Dumbfounded",1,6577,-0.0625930933748977,0.0398440737228951,-0.140687477871772,0.0155012911219767,-6.06743862484372
"Mouth_Dumbfounded",1,6578,-0.0659884191072273,0.0397604349833386,-0.143918871674571,0.0119420334601162,-6.38582944144448
"Mouth_Dumbfounded",1,6580,-0.0627135979545664,0.0391184621910279,-0.139385783848981,0.0139585879398482,-6.07875724668286
"Mouth_Dumbfounded",1,6581,-0.0629327475190035,0.0439872892949687,-0.149147834537142,0.0232823394991351,-6.09933779093261
"Mouth_Dumbfounded",1,6583,-0.0589854979575043,0.0426536120968534,-0.142586577667337,0.0246155817523283,-5.72795595701425
"Mouth_Dumbfounded",1,6585,-0.0642992158273919,0.0412380718982436,-0.145125836747949,0.0165274050931657,-6.22756244256445
"Mouth_Dumbfounded",1,6586,-0.0646807968462721,0.0339794927253678,-0.131280602587993,0.0019190088954487,-6.26333739887428
"Mouth_Dumbfounded",1,6587,-0.0616001179169852,0.0378243616096734,-0.135735866671945,0.0125356308379745,-5.97411957260273
"Mouth_Dumbfounded",1,6588,-0.0637186383828254,0.0434921261265867,-0.148963205590935,0.0215259288252845,-6.17310447339198
"Mouth_Dumbfounded",1,6590,-0.0691831494934606,0.0385269876758401,-0.144696045338107,0.00632974635118598,-6.68442425778109
"Mouth_Dumbfounded",1,6592,-0.0643600587998741,0.0456510953547034,-0.153836205695093,0.0251160880953445,-6.2332676628393
"Mouth_Dumbfounded",1,6598,-0.0643738420268132,0.0395422858489901,-0.141876722290834,0.0131290382372075,-6.2345600620837
"Mouth_Dumbfounded",1,6601,-0.0654466562031814,0.0402868543710596,-0.144408890770458,0.0135155783640954,-6.3350990158523
"Mouth_Dumbfounded",1,6602,-0.0596135724086382,0.040372990551369,-0.138744633889321,0.019517489072045,-5.78714722912514
"Mouth_Dumbfounded",1,6606,-0.0650406739084829,0.0369627791336753,-0.137487721010487,0.00740637319352073,-6.29706500437281
"Mouth_Dumbfounded",1,6608,-0.0611617818795907,0.0369069599914401,-0.133499423462813,0.0111758597036318,-5.93289560644873
"Mouth_Dumbfounded",1,6610,-0.0645221359262533,0.0418057273103235,-0.146461361454487,0.0174170896019807,-6.24846387385412
"Mouth_Dumbfounded",1,6616,-0.0646855771976485,0.0377962923999252,-0.138766310301502,0.00939515590620482,-6.26378549198734
"Mouth_Dumbfounded",1,6618,-0.0591724748578988,0.0392552467293249,-0.136112758447376,0.0177678087315781,-5.7455810038136
"Mouth_Dumbfounded",1,6619,-0.0580076947554215,0.0410578004385082,-0.138480983614898,0.0224655941040545,-5.63573136908142
"Mouth_Dumbfounded",1,6621,-0.0643767964378392,0.0382477757647766,-0.139342436936801,0.010588844061123,-6.2348370833241
"Mouth_Dumbfounded",1,6623,-0.0600982038052148,0.0389367334588906,-0.13641420138464,0.0162177937742107,-5.83279467355317
"Mouth_Dumbfounded",1,6625,-0.0584502446750404,0.043809440439524,-0.144316747936508,0.0274162585864267,-5.67748302930057
"Mouth_Dumbfounded",1,6626,-0.0608239399537083,0.040144146279806,-0.139506466662128,0.0178585867547115,-5.90111042585725
"Mouth_Dumbfounded",1,6628,-0.0607328931857644,0.0403186138153104,-0.139757376263773,0.018291589892244,-5.89254263606555
"Mouth_Dumbfounded",1,6629,-0.0604425419800536,0.0408162876277579,-0.140442465730459,0.0195573817703518,-5.8652144551604
"Mouth_Dumbfounded",1,6631,-0.0599386918874528,0.0417126011997018,-0.141695390238868,0.0218180064639627,-5.81777268397993
"Mouth_Dumbfounded",1,6632,-0.0654087844990277,0.0389793065922679,-0.141808225419873,0.0109906564218174,-6.3315516992616
"Mouth_Dumbfounded",1,6633,-0.0664518498554118,0.0330375144516029,-0.131205378180554,-0.00169832153027018,-6.42920307543301
"Mouth_Dumbfounded",1,6635,-0.0596897579811395,0.0386592153961557,-0.135461820157605,0.0160823041953257,-5.79432461584035
"Mouth_Dumbfounded",1,6636,-0.0641218533256081,0.0341722848373357,-0.131099531606786,0.00285582495556992,-6.21092925343248
"Mouth_Dumbfounded",1,6637,-0.0656206635006481,0.0356608904037713,-0.13551600869204,0.00427468169074373,-6.35139597420407
"Mouth_Dumbfounded",1,6640,-0.059796173604481,0.0375803949331987,-0.133453747673551,0.0138614004645885,-5.80434903812163
"Mouth_Dumbfounded",1,6644,-0.0634039169361213,0.0432420478950545,-0.148158330810428,0.0213504969381856,-6.14357048984684
"Mouth_Dumbfounded",1,6646,-0.0627180272041433,0.0412267951808625,-0.143522545758634,0.0180864913503471,-6.0791732463863
"Mouth_Dumbfounded",1,6647,-0.061526927863552,0.0373460853041403,-0.134725255059667,0.0116713993325631,-5.96723756154583
"Mouth_Dumbfounded",1,6651,-0.062049775616985,0.0409174754430442,-0.142248027485352,0.0181484762513817,-6.01638952951815
"Mouth_Dumbfounded",1,6652,-0.0627738685517545,0.040887504945367,-0.142913378244674,0.0173656411411648,-6.0844177654891
"Mouth_Dumbfounded",1,6653,-0.0600511949867984,0.0403251585205036,-0.139088505686985,0.0189861157133886,-5.82836788044885
"Mouth_Dumbfounded",1,6655,-0.0623539897370708,0.0366729136373323,-0.134232900466242,0.00952492099210057,-6.04497632240643
"Mouth_Dumbfounded",1,6656,-0.0645691073944017,0.0393293837614588,-0.141654699566861,0.0125164847780576,-6.25286741772585
"Mouth_Dumbfounded",1,6657,-0.0643920540138942,0.0378730741002224,-0.13862327925033,0.00983917122254166,-6.2362677015147
"Mouth_Dumbfounded",1,6659,-0.0599005265472174,0.0377832482610048,-0.133955693138787,0.014154640044352,-5.8141781186368
"Mouth_Dumbfounded",1,6661,-0.0586846989920934,0.0422071856880823,-0.141410782940735,0.0240413849565479,-5.69959475840319
"Mouth_Dumbfounded",1,6662,-0.0642914039351594,0.0341649463762393,-0.131254698832588,0.00267189096226955,-6.22682989952661
"Mouth_Dumbfounded",1,6663,-0.0653380742007445,0.0445553130027148,-0.152666487686065,0.0219903392845765,-6.32492814116841
"Mouth_Dumbfounded",1,6667,-0.0565981479019993,0.0404105753875821,-0.13580287566166,0.0226065798576616,-5.50262672457874
"Mouth_Dumbfounded",1,6668,-0.056652429381912,0.0396179186197382,-0.134303549876599,0.0209986911127749,-5.50775604263325
"Mouth_Dumbfounded",1,6669,-0.0648042518988561,0.0337946992931781,-0.131041862513485,0.00143335871577296,-6.27490894918687
"Mouth_Dumbfounded",1,6670,-0.0632133784349294,0.040304838562159,-0.142210862016761,0.0157841051469022,-6.12568552260744
"Mouth_Dumbfounded",1,6671,-0.0583690013534952,0.0375661135296695,-0.131998583871647,0.015260581164657,-5.66981964343012
"Mouth_Dumbfounded",1,6672,-0.0619382473291067,0.0403258426863508,-0.140976898994354,0.017100404336141,-6.00590711382167
"Mouth_Dumbfounded",1,6673,-0.0633648721821022,0.0393909817023657,-0.140571196318739,0.0138414519545345,-6.13990581710086
"Mouth_Dumbfounded",1,6676,-0.0653699077512957,0.0399264375775185,-0.143625725403232,0.0128859099006407,-6.32791010384032
"Mouth_Dumbfounded",1,6678,-0.0650143785044448,0.0371432124079444,-0.137815074824016,0.00778631781512622,-6.2946010154419
"Mouth_Dumbfounded",1,6680,-0.0614174763528396,0.042260759342458,-0.144248564664057,0.0214136119583782,-5.95694497038094
"Mouth_Dumbfounded",1,6681,-0.0593121649530279,0.0385679914807229,-0.134905428255245,0.0162810983491891,-5.75874649300389
"Mouth_Dumbfounded",1,6683,-0.0665327184224596,0.0357453252867774,-0.136593555984543,0.00352811913962414,-6.43676970574241
"Mouth_Dumbfounded",1,6684,-0.0627291128859325,0.0405767161569532,-0.142259476553561,0.0168012507816958,-6.08021441701402
"Mouth_Dumbfounded",1,6685,-0.061174220143811,0.0400992640117686,-0.139768777606877,0.0174203373192556,-5.93406563067106
"Mouth_Dumbfounded",1,6686,-0.063187425073544,0.0433779303528606,-0.148208168565151,0.0218333184180629,-6.12324913698294
"Mouth_Dumbfounded",1,6687,-0.0619812919896949,0.0395381197742409,-0.139476006747207,0.0155134227678173,-6.00995297057038
"Mouth_Dumbfounded",1,6688,-0.0594150340366086,0.0392090355707373,-0.136264743755254,0.0174346756820365,-5.768440505772
"Mouth_Dumbfounded",1,6689,-0.0651298482862057,0.0379609486653823,-0.139533307670355,0.00927361109794356,-6.30542053273678
"Mouth_Dumbfounded",1,6690,-0.065458248413417,0.0364980672856254,-0.136994460293243,0.00607796346640885,-6.33618479278291
"Mouth_Dumbfounded",1,6692,-0.0597951425484325,0.0357959348515806,-0.129955174857531,0.0103648897606655,-5.80425191707589
"Mouth_Dumbfounded",1,6694,-0.0687364648169191,0.0358014960954781,-0.138907397164056,0.00143446753021806,-6.64273230913032
"Mouth_Dumbfounded",1,6695,-0.0634807028128282,0.0359933831543385,-0.134027733795332,0.0070663281696753,-6.15077706138636
"Mouth_Dumbfounded",1,6698,-0.0627196479363115,0.0423526793166753,-0.145730899396995,0.0202916035243721,-6.07932546676813
"Mouth_Dumbfounded",1,6702,-0.058909625479912,0.0427733288097164,-0.142745349946956,0.0249260989871322,-5.72080303211338
"Mouth_Dumbfounded",1,6703,-0.0592434642288607,0.0345834962648533,-0.127027116907973,0.00854018845025179,-5.752271828237
"Mouth_Dumbfounded",1,6704,-0.0598342225917195,0.0407782419217765,-0.139759576758401,0.0200911315749625,-5.80793301905914
"Mouth_Dumbfounded",1,6706,-0.0615689552540215,0.0368862456444888,-0.13386599671722,0.0107280862091764,-5.97118943012582
"Mouth_Dumbfounded",1,6707,-0.0629252622109615,0.0413135382673019,-0.143899797214873,0.0180492727929501,-6.09863491292001
"Mouth_Dumbfounded",1,6709,-0.058604193068942,0.0407192489778735,-0.138413921065574,0.0212055349276901,-5.6920027116274
"Mouth_Dumbfounded",1,6711,-0.0640299176779125,0.0399007488111448,-0.142235385347756,0.0141755499919314,-6.20230629809421
"Mouth_Dumbfounded",1,6713,-0.0646212109819575,0.0417928123949849,-0.146535123276128,0.017292701312213,-6.25775185240707
"Mouth_Dumbfounded",1,6714,-0.0572703278884983,0.0421855772032805,-0.139954059206928,0.0254134034299314,-5.5661246242717
"Mouth_Dumbfounded",1,6715,-0.0609663776287552,0.0424457213246709,-0.14415999142511,0.0222272361675997,-5.91451269839575
"Mouth_Dumbfounded",1,6720,-0.0588440437288962,0.0435454510472471,-0.1441931277815,0.026505040323708,-5.71461983454162
"Mouth_Dumbfounded",1,6721,-0.0611814795179506,0.0386926490431544,-0.137019071642533,0.0146561126066321,-5.93474848800388
"Mouth_Dumbfounded",1,6722,-0.0636046086482576,0.0349040091486528,-0.132016466579617,0.00480724928310199,-6.1624048073713
"Mouth_Dumbfounded",1,6724,-0.0620782805004173,0.0362608466747736,-0.133149539982974,0.00899297898213904,-6.01906848319734
"Mouth_Dumbfounded",1,6725,-0.0615948527951292,0.0426923984820805,-0.145271953820007,0.0220822482297485,-5.97362451358139
"Mouth_Dumbfounded",1,6726,-0.0592727721855389,0.0399442592394975,-0.137563520294954,0.0190179759238763,-5.75503399609434
"Mouth_Dumbfounded",1,6727,-0.0594267391509563,0.0422718941554841,-0.142279651695705,0.0234261733937926,-5.76954349049574
"Mouth_Dumbfounded",1,6728,-0.0567218967032525,0.0390289462087578,-0.133218631272418,0.0197748378659127,-5.51431993771767
"Mouth_Dumbfounded",1,6732,-0.0650987313299135,0.0430374309902623,-0.149452096070828,0.0192546334110005,-6.30250499724163
"Mouth_Dumbfounded",1,6734,-0.0620925283004024,0.0400049741469284,-0.140502277628382,0.0163172210275773,-6.020407495173
"Mouth_Dumbfounded",1,6739,-0.0648418747796342,0.0384298705808054,-0.140164421118013,0.0104806715587445,-6.27843509078118
"Mouth_Dumbfounded",1,6740,-0.0644533273751253,0.0437536406717601,-0.150210463091775,0.0213038083415245,-6.24201274454336
"Mouth_Dumbfounded",1,6741,-0.0621110183681796,0.0428621737275561,-0.14612087887419,0.0218988421378303,-6.02214516814319
"Mouth_Dumbfounded",1,6742,-0.0649536961637514,0.0395028489732258,-0.142379280151274,0.0124718878237711,-6.28891457996454
"Mouth_Dumbfounded",1,6744,-0.0641921848231855,0.043605517151521,-0.149658998440167,0.0212746287937956,-6.21752534727519
"Mouth_Dumbfounded",1,6745,-0.059812322712805,0.038269924915593,-0.134821375547367,0.0151967301217574,-5.80587020160991
"Mouth_Dumbfounded",1,6747,-0.0638975092066561,0.0415719234102717,-0.145378479090789,0.0175834606774765,-6.18988586659673
"Mouth_Dumbfounded",1,6749,-0.0648677930467193,0.0378462612626644,-0.139046465121541,0.00931087902810282,-6.28086415985336
"Mouth_Dumbfounded",1,6751,-0.059858556748302,0.039709143845857,-0.137688478686182,0.0179713651895777,-5.81022507567813
"Mouth_Dumbfounded",1,6753,-0.0656922378573799,0.038898381061218,-0.141933064737367,0.0105485890226075,-6.35809857292609
"Mouth_Dumbfounded",1,6756,-0.0597977482441432,0.039838746164035,-0.137881690725652,0.0182861942373654,-5.80449736221286
"Mouth_Dumbfounded",1,6759,-0.0649732685671944,0.0406505156206751,-0.144648279183718,0.0147017420493289,-6.29074871318621
"Mouth_Dumbfounded",1,6760,-0.0696621280583675,0.0403019928564515,-0.148654034057012,0.00932977794027742,-6.72910971579097
"Mouth_Dumbfounded",1,6761,-0.0624319289326672,0.0406884670788919,-0.142181324407295,0.0173174665419608,-6.05229881601577
"Mouth_Dumbfounded",1,6764,-0.0598633288856998,0.0426533786590495,-0.143463951057437,0.0237372932860371,-5.81067456115304
"Mouth_Dumbfounded",1,6765,-0.0661520493863752,0.040688114468309,-0.145900753744261,0.0135966549715104,-6.40114630111999
"Mouth_Dumbfounded",1,6767,-0.0614911987152751,0.0375449383214988,-0.135079277825413,0.0120968803948624,-5.96387779101328
"Mouth_Dumbfounded",1,6768,-0.0653638743425743,0.035699769225122,-0.135335422023813,0.00460767333866482,-6.32734494013126
"Mouth_Dumbfounded",1,6770,-0.0617092882305559,0.0402402840082719,-0.140580244886769,0.0171616684256569,-5.98438384716552
"Mouth_Dumbfounded",1,6776,-0.0640973225194447,0.0415798707124668,-0.14559386911588,0.0173992240769903,-6.20862850369824
"Mouth_Dumbfounded",1,6777,-0.0621979213299468,0.0402328669699944,-0.141054340591136,0.0166584979312422,-6.03031176721264
"Mouth_Dumbfounded",1,6780,-0.063599902839151,0.0409659994415962,-0.14389326174468,0.0166934560663776,-6.1619632245223
"Mouth_Dumbfounded",1,6785,-0.0655463208644117,0.039065070957505,-0.142113859941121,0.0110212182122981,-6.34443363130467
"Mouth_Dumbfounded",1,6786,-0.0625618578991631,0.0396163726737048,-0.140209948339625,0.0150862325412983,-6.06450455077884
"Mouth_Dumbfounded",1,6788,-0.0588489769986525,0.0381297736875625,-0.133583333426275,0.0158853794289701,-5.71508496860873
"Mouth_Dumbfounded",1,6789,-0.061553091505035,0.0408085355916652,-0.141537821264699,0.0184316382546288,-5.9696977688458
"Mouth_Dumbfounded",1,6793,-0.0593686996775511,0.0409717632945663,-0.139673355734901,0.0209359563797989,-5.7640742457067
"Mouth_Dumbfounded",1,6794,-0.065101702305848,0.0384100209936588,-0.140385343453419,0.0101819388417233,-6.30278336983089
"Mouth_Dumbfounded",1,6796,-0.0634158951474818,0.0393016528144427,-0.140447134663789,0.0136153443688258,-6.14469471526394
"Mouth_Dumbfounded",1,6797,-0.0691187124940606,0.0458016953509476,-0.158890035381918,0.0206526103937967,-6.67841108834977
"Mouth_Dumbfounded",1,6798,-0.062042080380117,0.036172365506269,-0.132939916772404,0.00885575601217014,-6.01566630059116
"Mouth_Dumbfounded",1,6799,-0.0675435483231432,0.0433837326588447,-0.152575664334479,0.0174885676881923,-6.53129843224785
"Mouth_Dumbfounded",1,6801,-0.0623419229090191,0.0384223951539537,-0.137649817410768,0.0129659715927301,-6.04384257645077
"Mouth_Dumbfounded",1,6802,-0.0657399826415411,0.0347853809310572,-0.133919329266413,0.00243936398333099,-6.3625693785685
"Mouth_Dumbfounded",1,6803,-0.0634483622329384,0.0431559443108966,-0.148034013082296,0.0211372886164189,-6.14774187401472
"Mouth_Dumbfounded",1,6805,-0.0627665074668058,0.0383504226965104,-0.137933335951966,0.0124003210183547,-6.08372644236583
"Mouth_Dumbfounded",1,6809,-0.0629574109415706,0.04487942694765,-0.150921087758965,0.0250062658758234,-6.10165367408509
"Mouth_Dumbfounded",1,6810,-0.0624761060171062,0.0413076582422968,-0.143439116172008,0.0184869041377956,-6.05644905987029
"Mouth_Dumbfounded",1,6811,-0.0635718112554845,0.0372255054363999,-0.136533801910828,0.0093901793998593,-6.15932712843524
"Mouth_Dumbfounded",1,6813,-0.0653237681821932,0.0390536778170128,-0.141868976703538,0.0112214403391518,-6.32358801426668
"Mouth_Dumbfounded",1,6815,-0.0671668253247821,0.0384589111003559,-0.14254629108148,0.00821264043191548,-6.49607998935813
"Mouth_Dumbfounded",1,6816,-0.0682411628868497,0.0421361567537893,-0.150828030124277,0.0143457043505772,-6.5964808209769
"Mouth_Dumbfounded",1,6817,-0.0647026850524554,0.0329674250958203,-0.129318838240263,-8.65318646476043e-05,-6.26538910381807
"Mouth_Dumbfounded",1,6818,-0.0645958838845098,0.0412630058270453,-0.145471375305519,0.016279607536499,-6.25537760328697
"Mouth_Dumbfounded",1,6826,-0.0573922357555935,0.039189029649821,-0.134202733869243,0.0194182623580557,-5.57763615491296
"Mouth_Dumbfounded",1,6827,-0.0667207843354818,0.0393934527019,-0.143931951631206,0.0104903829602422,-6.45436410556772
"Mouth_Dumbfounded",1,6829,-0.0666408365810823,0.037817884913356,-0.14076389101126,0.00748221784909545,-6.44688504308094
"Mouth_Dumbfounded",1,6831,-0.0616333606968066,0.0398488423653565,-0.139737091732905,0.0164703703392922,-5.97724520229069
"Mouth_Dumbfounded",1,6834,-0.0649202477938154,0.0392524010791979,-0.141854953909043,0.0120144583214124,-6.28578004449005
"Mouth_Dumbfounded",1,6835,-0.0678763710643368,0.042039301950148,-0.150273402886627,0.0145206607579533,-6.562401765484
"Mouth_Dumbfounded",1,6839,-0.06941739062801,0.0402173419962227,-0.148243380940607,0.00940859968458659,-6.70628004425203
"Mouth_Dumbfounded",1,6842,-0.0656622124528474,0.0415207026459396,-0.147042789638889,0.0157183647331943,-6.35528689474387
"Mouth_Dumbfounded",1,6843,-0.062546005989749,0.0400819908074932,-0.141106707972436,0.0160146959929377,-6.06301548201195
"Mouth_Dumbfounded",1,6847,-0.062601946209251,0.0398396234423767,-0.140687608156309,0.0154837157378074,-6.0682701905691
"Mouth_Dumbfounded",1,6850,-0.0660339358045547,0.0365771092881891,-0.137725070009405,0.0056571984002959,-6.39009035233931
"Mouth_Dumbfounded",1,6851,-0.0630262264376187,0.0399962562596974,-0.141418888706626,0.0153664358313882,-6.10811511303949
"Mouth_Dumbfounded",1,6852,-0.0682838976462841,0.0407127103113399,-0.14808080985651,0.0115130145639422,-6.60047231261102
"Mouth_Dumbfounded",1,6855,-0.0630578179195499,0.0434636939846293,-0.148246658129423,0.0221310222903236,-6.1110812499718
"Mouth_Dumbfounded",1,6857,-0.0662648704015796,0.0408549081363007,-0.146340490348729,0.0138107495455698,-6.41170562314834
"Mouth_Dumbfounded",1,6860,-0.0708242765903285,0.0397141682229192,-0.14866404630725,0.00701549312659318,-6.83744138307277
"Mouth_Dumbfounded",1,6861,-0.0655024184889684,0.0410336634524543,-0.145928398855779,0.014923561877842,-6.34032183920954
"Mouth_Dumbfounded",1,6863,-0.0674283498169871,0.0391168383367108,-0.14409735295694,0.009240653322966,-6.52053035723371
"Mouth_Dumbfounded",1,6866,-0.0615455530347036,0.0385555062746133,-0.137114345332946,0.0140232392635384,-5.96898892153037
"Mouth_Dumbfounded",1,6868,-0.0636887645775066,0.0394784156020692,-0.141066459157562,0.013688930002549,-6.17030146511329
"Mouth_Dumbfounded",1,6869,-0.0597143788766763,0.0427951223092138,-0.143592818602735,0.0241640608493828,-5.79664401537999
"Mouth_Dumbfounded",1,6870,-0.0596738908881352,0.0402990603142101,-0.138660049103987,0.0193122673277166,-5.7928298337686
"Mouth_Dumbfounded",1,6871,-0.0632854802527576,0.0419051159203615,-0.145419507456666,0.018848546951151,-6.13245378732361
"Mouth_Dumbfounded",1,6874,-0.0601202717095893,0.0453329694534361,-0.148972891838324,0.0287323484191454,-5.83487272350633
"Mouth_Dumbfounded",1,6876,-0.0594752068669334,0.0370127820144496,-0.132020259615255,0.0130698458813879,-5.77411051482073
"Mouth_Dumbfounded",1,6882,-0.0615367811779268,0.0374652567960032,-0.134968684498093,0.0118951221422394,-5.96816409135097
"Mouth_Dumbfounded",1,6883,-0.0635295846636039,0.0446641526889241,-0.151071323933895,0.0240121546066874,-6.15536447297597
"Mouth_Dumbfounded",1,6886,-0.0607792179713126,0.0411545954157306,-0.141442224986145,0.0198837890435192,-5.89690204287134
"Mouth_Dumbfounded",1,6887,-0.0621001138658089,0.0411179107873409,-0.142691219008997,0.0184909912773792,-6.02112038081499
"Mouth_Dumbfounded",1,6889,-0.0594348506994168,0.0430649016603854,-0.143842057953772,0.0249723565549387,-5.77030784231013
"Mouth_Dumbfounded",1,6890,-0.059859861350849,0.0398608928627401,-0.13798721136182,0.0182674886601215,-5.81034795581825
"Mouth_Dumbfounded",1,6891,-0.0630111127528598,0.0413653445552806,-0.14408718808121,0.0180649625754901,-6.10669604996628
"Mouth_Dumbfounded",1,6892,-0.0608476708063899,0.0414824081659344,-0.142153190811621,0.0204578491988415,-5.90334344624739
"Mouth_Dumbfounded",1,6895,-0.0630751458088284,0.040113024531987,-0.141696673891523,0.015546382273866,-6.11270813266512
"Mouth_Dumbfounded",1,6899,-0.0555867439394844,0.0403917311080802,-0.134754536911322,0.0235810490323528,-5.40700335802621
"Mouth_Dumbfounded",1,6900,-0.0620392299467716,0.0395680361711888,-0.139592580842302,0.0155141209487585,-6.01539840413063
"Mouth_Dumbfounded",1,6901,-0.0598699713558498,0.0380153315396529,-0.134380021173569,0.0146400784618699,-5.81130020885778
"Mouth_Dumbfounded",1,6902,-0.063465536615541,0.0390296675507929,-0.139963685015095,0.0130326117840131,-6.14935371476267
"Mouth_Dumbfounded",1,6903,-0.0626552052319749,0.0427514329095439,-0.146448013734681,0.0211376032707311,-6.0732727694841
"Mouth_Dumbfounded",1,6904,-0.0600949524652062,0.0408001540186788,-0.140063254341817,0.0198733494114042,-5.83248850345325
"Mouth_Dumbfounded",1,6905,-0.0642027797300012,0.0354861238495977,-0.133755582475213,0.00535002301521027,-6.21851895859146
"Mouth_Dumbfounded",1,6909,-0.0576951257803299,0.0418767007093494,-0.139773459170655,0.0243832076099949,-5.60623141620534
"Mouth_Dumbfounded",1,6910,-0.0601047472840534,0.0415756344101246,-0.141592990727898,0.0213834961597907,-5.83341085265253
"Mouth_Dumbfounded",1,6911,-0.0590694894754262,0.0426025371741207,-0.142570462336703,0.0244314833858503,-5.73587367657572
"Mouth_Dumbfounded",1,6914,-0.0601822359577914,0.0398750108841084,-0.138337257290644,0.017972785375061,-5.8407074140519
"Mouth_Dumbfounded",1,6917,-0.0689344107077731,0.037490887078928,-0.142416549382472,0.00454772796692579,-6.66121016778266
"Mouth_Dumbfounded",1,6918,-0.062205203949703,0.0396362321095877,-0.139892218884495,0.0154818109850888,-6.03099611022875
"Mouth_Dumbfounded",1,6921,-0.0661767147761353,0.0419771104402475,-0.14845185123902,0.0160984216867497,-6.4034549248559
"Mouth_Dumbfounded",1,6923,-0.0617810171487217,0.0385048300335282,-0.137250484014437,0.0136884497169936,-5.99112724375169
"Mouth_Dumbfounded",1,6924,-0.0639544802279288,0.0389648922047464,-0.140325668949232,0.0124167084933741,-6.1952301723679
"Mouth_Dumbfounded",1,6925,-0.0608647477123237,0.0407165567134617,-0.140669198870709,0.0189397034460613,-5.90495031227984
"Mouth_Dumbfounded",1,6926,-0.0602669109623811,0.041435499100138,-0.141480489198652,0.0209466672738894,-5.848680015039
"Mouth_Dumbfounded",1,6930,-0.0643069148730121,0.0381447047949901,-0.139070536271193,0.0104567065251685,-6.22828439805994
"Mouth_Dumbfounded",1,6931,-0.0594896225780279,0.0422677281663268,-0.142334369784028,0.0233551246279726,-5.77546883823055
"Mouth_Dumbfounded",1,6936,-0.0650233828157471,0.0430128930037868,-0.149328653103169,0.0192818874716751,-6.29544476422637
"Mouth_Dumbfounded",1,6941,-0.0574157243561627,0.0411990290950339,-0.138165821382429,0.0233343726701038,-5.57985397805523
"Mouth_Dumbfounded",1,6945,-0.0600389802669235,0.0375815234335136,-0.13369876619661,0.0136208056627632,-5.82721759331715
"Mouth_Dumbfounded",1,6948,-0.0630541268449896,0.0369310269920515,-0.135438939749411,0.00933068605943135,-6.11073469833274
"Mouth_Dumbfounded",1,6950,-0.0619953700899297,0.0407669690228558,-0.141898629374727,0.0179078891948676,-6.0112761625595
"Mouth_Dumbfounded",1,6951,-0.0587963129917238,0.0420626770619943,-0.141239160033233,0.023646534049785,-5.71011941643846
"Mouth_Dumbfounded",1,6954,-0.0589322216072504,0.0427233317868427,-0.142669951909462,0.0248055086949612,-5.72293335278484
"Mouth_Dumbfounded",1,6955,-0.0593939805691567,0.041310625059617,-0.140362805686006,0.0215748445476927,-5.7664565838171
"Mouth_Dumbfounded",1,6956,-0.0662461125700301,0.0410642523412134,-0.146732047158808,0.0142398220187482,-6.40995009322249
"Mouth_Dumbfounded",1,6957,-0.0663822332743355,0.0408988027068669,-0.146543886579795,0.0137794200311236,-6.42268876971331
"Mouth_Dumbfounded",1,6958,-0.0629561767525289,0.0381605874876184,-0.137750928228261,0.0118385747232032,-6.1015377857035
"Mouth_Dumbfounded",1,6959,-0.0623906546916319,0.0381823571149246,-0.137228074636884,0.0124467652536203,-6.04842111592836
"Mouth_Dumbfounded",1,6960,-0.0609391257270899,0.0387373974387743,-0.136864424707088,0.0149861732529078,-5.91194865501031
"Mouth_Dumbfounded",1,6961,-0.0615601596305851,0.0415221923842383,-0.142943656703692,0.0198233374425219,-5.97036238447869
"Mouth_Dumbfounded",1,6962,-0.0732024253882202,0.0404342051589234,-0.15245346749971,0.00604861672326966,-7.05873257387207
"Mouth_Dumbfounded",1,6965,-0.0616770922224359,0.0374622570866203,-0.135103116112212,0.01174893166734,-5.98135687089645
"Mouth_Dumbfounded",1,6967,-0.0639986843398036,0.0437217246472306,-0.149693264648376,0.0216958959687684,-6.19937663726168
"Mouth_Dumbfounded",1,6969,-0.0652917195890927,0.0339471932237402,-0.131828218307623,0.00124477912943803,-6.32058576894722
"Mouth_Dumbfounded",1,6971,-0.0589314964102305,0.0367920593727358,-0.131043932780793,0.0131809399603316,-5.72286498331227
"Mouth_Dumbfounded",1,6978,-0.0614997967173844,0.0362446388907451,-0.132539288943245,0.00953969550847608,-5.96468631031455
"Mouth_Dumbfounded",1,6979,-0.0611845529546808,0.0417037270967802,-0.14292385806437,0.0205547521550083,-5.93503759115865
"Mouth_Dumbfounded",1,6981,-0.0663062928761912,0.0385714520778584,-0.141906338948794,0.00929375319641138,-6.41558220160682
"Mouth_Dumbfounded",1,6982,-0.0612646220958018,0.0376872048760943,-0.135131543652947,0.012602299461343,-5.94256899038794
"Mouth_Dumbfounded",1,6983,-0.0647420183581619,0.0358356530268382,-0.134979898290765,0.00549586157444105,-6.26907592341585
"Mouth_Dumbfounded",1,6986,-0.0604730812588557,0.0381070668728829,-0.135162932329706,0.0142167698119948,-5.86808921972429
"Mouth_Dumbfounded",1,6987,-0.0633433198765103,0.0393116762577919,-0.140394205341782,0.0137075655887619,-6.13788289386888
"Mouth_Dumbfounded",1,6988,-0.0550807188599113,0.0439720578802458,-0.141265952305193,0.0311045145853704,-5.35912481652366
"Mouth_Dumbfounded",1,6990,-0.0648551751594514,0.0374907201498918,-0.138336986653239,0.00862663633433663,-6.27968161490189
"Mouth_Dumbfounded",1,6992,-0.0551019193296479,0.0415580259430941,-0.136555650178112,0.0263518115188164,-5.36113122626535
"Mouth_Dumbfounded",1,6993,-0.0619380866891756,0.0376596903448139,-0.135751079765011,0.0118749063866597,-6.00589201461587
"Mouth_Dumbfounded",1,6997,-0.0631861365250844,0.0389877133075027,-0.13960205460779,0.0132297815576209,-6.12312817216228
"Mouth_Dumbfounded",1,6998,-0.0548485125139353,0.0408072469202151,-0.134830716477557,0.0251336914496863,-5.33714605301191
"Mouth_Dumbfounded",1,6999,-0.0715034859553065,0.0372121275017669,-0.14443925585877,0.00143228394815667,-6.90069678108957
"Mouth_Dumbfounded",1,7001,-0.0631443022579381,0.0363879587992473,-0.134464701504463,0.0081760969885866,-6.119200819879
"Mouth_Dumbfounded",1,7003,-0.0694058358056431,0.0394469287346746,-0.146721816125605,0.00791014451431907,-6.70520204566197
"Mouth_Dumbfounded",1,7004,-0.0651751169734876,0.0371508432541445,-0.137990769751611,0.00764053580463554,-6.30966186735415
"Mouth_Dumbfounded",1,7005,-0.0594935835098841,0.042156447586601,-0.142120220779622,0.0231330537598539,-5.77584205443852
"Mouth_Dumbfounded",1,7011,-0.0667821691204414,0.0363190573077411,-0.137967521443614,0.00440318320273113,-6.46010620807034
"Mouth_Dumbfounded",1,7012,-0.060230997293121,0.0392806286675847,-0.137221029481587,0.0167590348953449,-5.84529863495414
"Mouth_Dumbfounded",1,7014,-0.0610653149244757,0.0408563903837777,-0.14114384007668,0.0190132102277285,-5.92382080160905
"Mouth_Dumbfounded",1,7015,-0.0652331985471554,0.0403868279768669,-0.144391381381815,0.0139249842875038,-6.31510339160269
"Mouth_Dumbfounded",1,7017,-0.063061440722378,0.0421944589150146,-0.145762580195807,0.0196396987510506,-6.11142139039604
"Mouth_Dumbfounded",1,7018,-0.0576961459646855,0.0374845223861815,-0.131165809841601,0.0157735179122303,-5.6063277152022
"Mouth_Dumbfounded",1,7019,-0.0665510264641165,0.0366987716938502,-0.138480618984063,0.00537856605582998,-6.43848264957982
"Mouth_Dumbfounded",1,7024,-0.0612209426070045,0.0435814404527003,-0.146640565894297,0.0241986806802881,-5.93846052015656
"Mouth_Dumbfounded",1,7025,-0.061362232138462,0.0417433219202584,-0.143179143102169,0.0204546788252445,-5.95174949217943
"Mouth_Dumbfounded",1,7026,-0.0613482305730032,0.0426691513172219,-0.144979767154758,0.0222833060087517,-5.95043266022483
"Mouth_Dumbfounded",1,7030,-0.0590082461215411,0.0404972226787767,-0.138382802571943,0.0203663103288612,-5.73010044854451
"Mouth_Dumbfounded",1,7032,-0.0616042430880719,0.0403880813285886,-0.140764882492106,0.0175563963159617,-5.97450744464605
"Mouth_Dumbfounded",1,7034,-0.05924649769211,0.040172078189092,-0.13798377094273,0.0194907755585103,-5.75255772482311
"Mouth_Dumbfounded",1,7035,-0.066365496570236,0.0379879167477773,-0.14082181339588,0.00809082025540754,-6.42112258083845
"Mouth_Dumbfounded",1,7036,-0.0640525942849658,0.0379768476606418,-0.138487215699824,0.0103820271298921,-6.20443328742025
"Mouth_Dumbfounded",1,7037,-0.0606486703201609,0.0410378137831985,-0.14108278533523,0.0197854446949082,-5.88461630254712
"Mouth_Dumbfounded",1,7038,-0.0572551487130669,0.040393916309933,-0.136427224680536,0.0219169272544018,-5.56469118503151
"Mouth_Dumbfounded",1,7039,-0.0641177700259751,0.0406379839492754,-0.143768218566555,0.0155326785146046,-6.21054628377243
"Mouth_Dumbfounded",1,7046,-0.0663225033116811,0.0380387847542942,-0.140878521430098,0.00823351480673548,-6.4170992334785
"Mouth_Dumbfounded",1,7049,-0.0627760298671236,0.0434651735509843,-0.147967770027053,0.0224157102928056,-6.08462074646103
"Mouth_Dumbfounded",1,7050,-0.060516945409694,0.0405995140502107,-0.140091992948107,0.019058102128719,-5.87221814550087
"Mouth_Dumbfounded",1,7053,-0.0646106150394283,0.0410954251745026,-0.145157648381453,0.0159364183025968,-6.25675855967072
"Mouth_Dumbfounded",1,7057,-0.0611063739205941,0.0404433914076738,-0.140375421079635,0.0181626732384466,-5.92768339578792
"Mouth_Dumbfounded",1,7058,-0.066048358373811,0.0364322307078172,-0.137455530561133,0.00535881381351071,-6.39144043800841
"Mouth_Dumbfounded",1,7060,-0.0651966749063741,0.038422756950195,-0.140505278528756,0.0101119287160082,-6.31168161560485
"Mouth_Dumbfounded",1,7061,-0.0620871328207317,0.0373858525593195,-0.135363403836998,0.0111891381955345,-6.01990042882424
"Mouth_Dumbfounded",1,7062,-0.06072252365165,0.0418706989832289,-0.142789093658779,0.0213440463554787,-5.89156678051641
"Mouth_Dumbfounded",1,7063,-0.0644653019604312,0.0384484067194042,-0.139824179130464,0.0108935752096011,-6.24313545083788
"Mouth_Dumbfounded",1,7065,-0.0594000170214131,0.0382363336240078,-0.134343230924468,0.0155431968816421,-5.76702541838602
"Mouth_Dumbfounded",1,7067,-0.0723420200154476,0.0387761623055721,-0.148343298134369,0.00365925810347359,-6.97873099606807
"Mouth_Dumbfounded",1,7068,-0.0634914152921529,0.041744445975075,-0.1453105294033,0.0183276988189941,-6.15178241386182
"Mouth_Dumbfounded",1,7069,-0.0575462134004541,0.042289483203116,-0.140433600478561,0.0253411736776532,-5.5921739688421
"Mouth_Dumbfounded",1,7070,-0.0638368284968192,0.0393415871248031,-0.140946339261433,0.0132726822677948,-6.18419322956636
"Mouth_Dumbfounded",1,7071,-0.0577753189388072,0.0346758941511561,-0.125740071475073,0.0101894335974588,-5.61380084713631
"Mouth_Dumbfounded",1,7072,-0.0678226772584887,0.0421318056045614,-0.150401016243429,0.0147556617264516,-6.55738461053161
"Mouth_Dumbfounded",1,7074,-0.0623977945790573,0.0403664313046875,-0.141515999936245,0.0167204107781302,-6.04909191723031
"Mouth_Dumbfounded",1,7075,-0.0606530968083399,0.0404205912192635,-0.139877455598096,0.0185712619814166,-5.88503290225848
"Mouth_Dumbfounded",1,7077,-0.0615512882824179,0.0362290025613782,-0.132560133302719,0.00945755673788339,-5.96952821112525
"Mouth_Dumbfounded",1,7078,-0.061198803040682,0.0420603898782896,-0.14363716720213,0.0212395611207655,-5.93637801541207
"Mouth_Dumbfounded",1,7081,-0.0663586671920394,0.0419187271021659,-0.148519372312285,0.0158020379282059,-6.42048349311105
"Mouth_Dumbfounded",1,7083,-0.0638725388578979,0.037891278638079,-0.138139444988533,0.0103943672727369,-6.18754336608337
"Mouth_Dumbfounded",1,7084,-0.0565824932677288,0.0392925701682915,-0.13359593079758,0.0204309442621226,-5.50114739118142
"Mouth_Dumbfounded",1,7088,-0.0611269514020613,0.0405878084607001,-0.140679055985033,0.0184251531809109,-5.92961914722291
"Mouth_Dumbfounded",1,7089,-0.0597785935131859,0.043367736921934,-0.144779357880177,0.0252221708538048,-5.80269305542199
"Mouth_Dumbfounded",1,7098,-0.0612767727627603,0.0393129416517763,-0.138330138400242,0.0157765928747211,-5.94371184396388
"Mouth_Dumbfounded",1,7099,-0.0609861455528673,0.0417300434478934,-0.142777030710738,0.0208047396050037,-5.91637255478596
"Mouth_Dumbfounded",1,7100,-0.0597596306773027,0.0422989111461898,-0.142665496523835,0.0231462351692293,-5.80090679041349
"Mouth_Dumbfounded",1,7101,-0.0601384637172951,0.0346543489603042,-0.128060987679491,0.00778406024490111,-5.83658576064553
"Mouth_Dumbfounded",1,7103,-0.0631556552544491,0.04006161148922,-0.14167641377332,0.0153651032644221,-6.1202666422144
"Mouth_Dumbfounded",1,7106,-0.0583573693534367,0.0385626498065078,-0.133940162974192,0.0172254242673185,-5.66872238838507
"Mouth_Dumbfounded",1,7107,-0.0602171080107287,0.0428291949338904,-0.144162330081154,0.0237281140596966,-5.84399088463648
"Mouth_Dumbfounded",1,7109,-0.0625232465827875,0.038459963464568,-0.137904774973341,0.0128582818077659,-6.06087750762314
"Mouth_Dumbfounded",1,7110,-0.0610006345091102,0.0373105168992781,-0.134129247631695,0.012127978613475,-5.91773571847176
"Mouth_Dumbfounded",1,7111,-0.061803510588426,0.0385846461510377,-0.13742941704446,0.0138223958676079,-5.99324180288077
"Mouth_Dumbfounded",1,7118,-0.0612261231080606,0.0395106943177247,-0.138667083970801,0.0162148377546798,-5.93894780479899
"Mouth_Dumbfounded",1,7121,-0.0698233909311344,0.0372788841614587,-0.142890003887593,0.00324322202532452,-6.74414963478087
"Mouth_Dumbfounded",1,7122,-0.0639050902229392,0.0451147493467149,-0.1523299989425,0.024519818496622,-6.19059703990379
"Mouth_Dumbfounded",1,7127,-0.0651645436370707,0.0378096940718635,-0.139271544017923,0.00894245674378183,-6.30867124265296
"Mouth_Dumbfounded",1,7129,-0.0640046520937876,0.036582382760377,-0.135706122304127,0.00769681811655143,-6.19993641463514
"Mouth_Dumbfounded",1,7130,-0.0657010131031256,0.0382634293817488,-0.140697334691353,0.00929530848510209,-6.35892030001777
"Mouth_Dumbfounded",1,7132,-0.0621323881198679,0.0419999888307006,-0.144452366228041,0.0201875899883054,-6.02415343010704
"Mouth_Dumbfounded",1,7137,-0.063425877321462,0.0390470169528901,-0.139958030549127,0.0131062759062026,-6.14563159057423
"Mouth_Dumbfounded",1,7141,-0.058236373691299,0.0376307935443705,-0.131992729038265,0.0155199816556672,-5.65730802245971
"Mouth_Dumbfounded",1,7143,-0.0599209074972343,0.0407883998574221,-0.139866171217782,0.020024356223313,-5.81609769560341
"Mouth_Dumbfounded",1,7145,-0.0604933137961663,0.0413938119901001,-0.141625185296762,0.0206385577044298,-5.86999372785468
"Mouth_Dumbfounded",1,7150,-0.0591077640322662,0.0399480748606781,-0.137405990759195,0.0191904626946628,-5.73948152519181
"Mouth_Dumbfounded",1,7151,-0.0599848709501093,0.0382175233529889,-0.134891216721968,0.014921474821749,-5.82212183053575
"Mouth_Dumbfounded",1,7154,-0.0594892839036287,0.0407696488627016,-0.139397795674524,0.0204192278672665,-5.77543692678866
"Mouth_Dumbfounded",1,7156,-0.0603938940115972,0.0381655868363029,-0.135198444210751,0.0144106561875564,-5.8606348776899
"Mouth_Dumbfounded",1,7158,-0.0603330302458111,0.0442560482235582,-0.147074884763985,0.0264088242723629,-5.85490502705146
"Mouth_Dumbfounded",1,7163,-0.0669309596642283,0.0416783150127106,-0.148620457089141,0.0147585377606844,-6.47402302436241
"Mouth_Dumbfounded",1,7164,-0.0697124182915227,0.0416563039872611,-0.151358774106554,0.011933937523509,-6.73380021266589
"Mouth_Dumbfounded",1,7165,-0.065186363340405,0.0378989776753963,-0.139468359584182,0.00909563290337169,-6.31071553734842
"Mouth_Dumbfounded",1,7166,-0.0713782554328898,0.0362336877795738,-0.142396283480854,-0.000360227384925207,-6.8890371766569
"Mouth_Dumbfounded",1,7168,-0.0656410430669972,0.0334597079267588,-0.131222070603444,-6.00155305498506e-05,-6.35330447269605
"Mouth_Dumbfounded",1,7169,-0.0651627621975589,0.0397210209731207,-0.143015963304876,0.0126904389097577,-6.30850433706934
"Mouth_Dumbfounded",1,7170,-0.0674821529048764,0.0407844053771479,-0.147419587444086,0.0124552816343335,-6.52555970605629
"Mouth_Dumbfounded",1,7171,-0.0624836301862771,0.0379391391124789,-0.136844342846736,0.0118770824741816,-6.05715590438087
"Mouth_Dumbfounded",1,7173,-0.0663762395304684,0.0388372272998951,-0.142497205038263,0.00974472597732613,-6.42212788959714
"Mouth_Dumbfounded",1,7176,-0.0614210680837187,0.0377747704109995,-0.135459618089278,0.0126174819218404,-5.95728274711905
"Mouth_Dumbfounded",1,7178,-0.0580176754177226,0.0396958128049394,-0.135821468515404,0.0197861176799586,-5.63667318227995
"Mouth_Dumbfounded",1,7182,-0.0585886810125848,0.041112500391349,-0.139169181779629,0.0219918197544592,-5.69053978931209
"Mouth_Dumbfounded",1,7183,-0.0584708007327318,0.0394019649535606,-0.135698652041711,0.018757050576247,-5.67942190847309
"Mouth_Dumbfounded",1,7189,-0.0646226112646848,0.0443229729416116,-0.151495638230243,0.022250415700874,-6.25788311796606
"Mouth_Dumbfounded",1,7191,-0.0547611813855546,0.041504722034024,-0.136110436572242,0.0265880738011325,-5.32887867816666
"Mouth_Dumbfounded",1,7193,-0.0621222708231969,0.0385629448569235,-0.137705642742767,0.0134611010963731,-6.02320264377769
"Mouth_Dumbfounded",1,7195,-0.0651869204215589,0.0406961865780073,-0.144951446114453,0.0145776052713355,-6.31076772986857
"Mouth_Dumbfounded",1,7196,-0.0659675514715458,0.0356970107655169,-0.135933692571959,0.00399858962886743,-6.38387591465596
"Mouth_Dumbfounded",1,7198,-0.0660380358251762,0.0380521943543101,-0.140620336759624,0.0085442651092717,-6.39047415411245
"Mouth_Dumbfounded",1,7199,-0.0666198126170472,0.0407313280710223,-0.146453215636251,0.0132135904021565,-6.444918165081
"Mouth_Dumbfounded",1,7200,-0.0601602707560589,0.0400481629378115,-0.138654670114169,0.0183341286020516,-5.83863916348057
"Mouth_Dumbfounded",1,7201,-0.0595137639211388,0.0405826484552046,-0.13905575489334,0.0200282270510623,-5.77774351750977
"Mouth_Dumbfounded",1,7203,-0.063646700867837,0.0393542525155472,-0.14078103579831,0.0134876340626355,-6.16635455690552
"Mouth_Dumbfounded",1,7206,-0.0621378878788537,0.0424213176575268,-0.145283670487606,0.0210078947298989,-6.0246702731924
"Mouth_Dumbfounded",1,7208,-0.0619963877933266,0.0415433259562818,-0.143421306667639,0.0194285310809857,-6.01137181515433
"Mouth_Dumbfounded",1,7210,-0.061929938110455,0.0419062688107946,-0.144066224979612,0.0202063487587023,-6.00512609310709
"Mouth_Dumbfounded",1,7212,-0.062522675482563,0.0410341745914434,-0.142949657681792,0.0179043067166661,-6.06082385895388
"Mouth_Dumbfounded",1,7213,-0.0644403891812737,0.0410849465842429,-0.14496688448639,0.0160861061238424,-6.24079967768169
"Mouth_Dumbfounded",1,7214,-0.0644545392889664,0.0398024498988542,-0.142467341090721,0.0135582625127879,-6.24212637107697
"Mouth_Dumbfounded",1,7215,-0.0630538118129121,0.0402121091716595,-0.141869545789365,0.0157619221635405,-6.11070512019778
"Mouth_Dumbfounded",1,7216,-0.0629753593501688,0.04062975536999,-0.142609679875349,0.0166589611750115,-6.10333898484727
"Mouth_Dumbfounded",1,7217,-0.0648125430423574,0.0429201888510534,-0.148936113190422,0.0193110271057072,-6.27568603414498
"Mouth_Dumbfounded",1,7218,-0.0626332078945867,0.0402331678520351,-0.141490216884575,0.0162238010954021,-6.0712066088505
"Mouth_Dumbfounded",1,7219,-0.064092749958224,0.0445340582193035,-0.151379504068059,0.0231940041516109,-6.2081996359296
"Mouth_Dumbfounded",1,7221,-0.06545345616123,0.0328418571706253,-0.129823496215656,-0.00108341610680439,-6.33573593108411
"Mouth_Dumbfounded",1,7222,-0.0575454117240141,0.0401111625399944,-0.136163290302403,0.0210724668543749,-5.59209828428188
"Mouth_Dumbfounded",1,7223,-0.065663916197971,0.0398308179778755,-0.143732319434607,0.0124044870386649,-6.35544644133127
"Mouth_Dumbfounded",1,7224,-0.063161129005811,0.0395488622046006,-0.140676898926828,0.0143546409152062,-6.12078051512631
"Mouth_Dumbfounded",1,7225,-0.0655010686118691,0.0396140255341333,-0.14314455865877,0.0121424214350321,-6.34019541006954
"Mouth_Dumbfounded",1,7227,-0.0575703479702184,0.0416197728443674,-0.139145102745179,0.0240044068047417,-5.59445243361074
"Mouth_Dumbfounded",1,7228,-0.0724694181337458,0.0371275218387401,-0.145239360937676,0.000300524670184793,-6.99058097585229
"Mouth_Dumbfounded",1,7231,-0.0643847469892119,0.0393426299329192,-0.141496301657733,0.0127268076793097,-6.23558256510534
"Mouth_Dumbfounded",1,7233,-0.0647148503126677,0.0403311047742883,-0.143763815670273,0.0143341150449373,-6.26652940281449
"Mouth_Dumbfounded",1,7234,-0.0633089282271642,0.0398842893011635,-0.141482135257445,0.0148642788031162,-6.13465476534047
"Mouth_Dumbfounded",1,7237,-0.0615591938543951,0.0431153682764887,-0.146065315676313,0.0229469279675228,-5.97027157284967
"Mouth_Dumbfounded",1,7238,-0.0653895199211989,0.0427291135441346,-0.149138582467703,0.0183595426253048,-6.32974719876779
"Mouth_Dumbfounded",1,7239,-0.0578713596576423,0.0378628606716107,-0.132082566573999,0.0163398472587147,-5.62286533026436
"Mouth_Dumbfounded",1,7241,-0.0618007670141807,0.040408775447331,-0.141001966890949,0.0174004328625881,-5.99298388800629
"Mouth_Dumbfounded",1,7245,-0.0627512268317863,0.0399860261209951,-0.141123838028937,0.0156213843653641,-6.08229133110253
"Mouth_Dumbfounded",1,7246,-0.0632461995706248,0.035689155296886,-0.133196943952521,0.00670454481127182,-6.1287665336598
"Mouth_Dumbfounded",1,7248,-0.0597739856540233,0.0426780701186233,-0.143423003086525,0.0238750317784783,-5.80225900649808
"Mouth_Dumbfounded",1,7249,-0.0678890367588963,0.0372448877551563,-0.140889016759003,0.00511094324120992,-6.56358521006902
"Mouth_Dumbfounded",1,7251,-0.0654477196541662,0.0379668892726493,-0.139862822628559,0.00896738332022644,-6.33519862383052
"Mouth_Dumbfounded",1,7256,-0.0673162285547755,0.0392912947284143,-0.144327166222467,0.00969470911291657,-6.51004873351103
"Mouth_Dumbfounded",1,7259,-0.0654189610081185,0.041684109744858,-0.14711981610804,0.0162818940918032,-6.33250491222705
"Mouth_Dumbfounded",1,7261,-0.0624954760224935,0.0406134355070525,-0.142097809616316,0.0171068575713295,-6.05826872933456
"Mouth_Dumbfounded",1,7262,-0.0654612015151381,0.0399136671733392,-0.143691989174883,0.0127695861446067,-6.33646139114838
"Mouth_Dumbfounded",1,7263,-0.0594520934854046,0.0440124809721178,-0.145716556190756,0.0268123692199463,-5.7719326107179
"Mouth_Dumbfounded",1,7265,-0.0644227616186894,0.0395044321270758,-0.141851448587758,0.0130059253503792,-6.23914691694312
"Mouth_Dumbfounded",1,7267,-0.0653134721705652,0.0418871983448953,-0.14741238092656,0.0167854365854296,-6.32262351587437
"Mouth_Dumbfounded",1,7268,-0.0652922632397628,0.0396642189928085,-0.143034132465667,0.0124496059861419,-6.3206366978097
"Mouth_Dumbfounded",1,7269,-0.0622135791810475,0.0343787480064485,-0.129595925273687,0.0051687669115915,-6.03178311907985
"Mouth_Dumbfounded",1,7270,-0.0601243759575661,0.0368115849834082,-0.132275082525046,0.012026330609914,-5.83525919974635
"Mouth_Dumbfounded",1,7271,-0.0567264267532807,0.0413137046237709,-0.137701287815872,0.0242484343093103,-5.51474796160583
"Mouth_Dumbfounded",1,7272,-0.0612353211931774,0.0442399073235693,-0.147945539547373,0.0254748971610184,-5.93981298238426
"Mouth_Dumbfounded",1,7273,-0.0628845689086124,0.0405793613612596,-0.142420117176681,0.0166509793594564,-6.09481367853073
"Mouth_Dumbfounded",1,7274,-0.0634609375343905,0.0416232948912414,-0.145042595521224,0.0181207204524426,-6.14892208703185
"Mouth_Dumbfounded",1,7276,-0.0626858757104623,0.0383221331989014,-0.137797256780309,0.0124255053593843,-6.07615350297405
"Mouth_Dumbfounded",1,7277,-0.0658370468118253,0.0387184485281198,-0.14172520592694,0.0100511123032895,-6.37165777699324
"Mouth_Dumbfounded",1,7280,-0.0670442412235532,0.0417939001547877,-0.148960285526937,0.0148718030798307,-6.4846171927983
"Mouth_Dumbfounded",1,7281,-0.0641691089313988,0.0392711632749556,-0.141140588950312,0.0128023710875141,-6.21536120806898
"Mouth_Dumbfounded",1,7282,-0.0605531781048625,0.0422059307284187,-0.143276802332563,0.0221704461228381,-5.87562858694258
"Mouth_Dumbfounded",1,7284,-0.0591077929699939,0.0413928093990107,-0.140237699392055,0.022022113452067,-5.739484252877
"Mouth_Dumbfounded",1,7285,-0.058074692139796,0.0392347381461017,-0.134974778906155,0.0188253946265633,-5.64205331647877
"Mouth_Dumbfounded",1,7286,-0.0594404317826978,0.0391677311534517,-0.136209184843463,0.0173283212780675,-5.77083374460206
"Mouth_Dumbfounded",1,7289,-0.0591921735947696,0.0421060887163744,-0.141720107478864,0.0233357602893243,-5.74743767852519
"Mouth_Dumbfounded",1,7290,-0.0629690529863376,0.0406148451258483,-0.142574149433,0.0166360434603251,-6.10274683647323
"Mouth_Dumbfounded",1,7291,-0.0632745979434887,0.0391104143381451,-0.139931010046253,0.0133818141592756,-6.13143228609727
"Mouth_Dumbfounded",1,7292,-0.0600507393324185,0.0423375399702545,-0.143032317674117,0.0229308390092804,-5.82832497072243
"Mouth_Dumbfounded",1,7293,-0.0623316355284392,0.0398689663897392,-0.140474809652328,0.0158115385954496,-6.0428760087298
"Mouth_Dumbfounded",1,7298,-0.069272617726687,0.0419202088206777,-0.151436227015215,0.0128909915618412,-6.69277266401112
"Mouth_Dumbfounded",1,7299,-0.0649214903382902,0.0367675891594753,-0.136985965090862,0.00714298441428148,-6.28589648850392
"Mouth_Dumbfounded",1,7300,-0.0577757946554881,0.0357609292547694,-0.127867215994836,0.01231562668386,-5.61384574821501
"Mouth_Dumbfounded",1,7301,-0.061951978378928,0.0366485347190495,-0.133783106428265,0.00987914967040913,-6.00719774253314
"Mouth_Dumbfounded",1,7302,-0.0630969150882865,0.0437240508193208,-0.148796054694155,0.0226022245175823,-6.11475196911284
"Mouth_Dumbfounded",1,7303,-0.0614065814012917,0.0406911774732972,-0.141161289248954,0.0183481264463709,-5.95592037027151
"Mouth_Dumbfounded",1,7304,-0.0678263580964966,0.0388809905173127,-0.14403309951043,0.00838038331743628,-6.5577285570289
"Mouth_Dumbfounded",1,7306,-0.0638335965824642,0.0392959207099919,-0.140853601174048,0.01318640800912,-6.18389002442377
"Mouth_Dumbfounded",1,7307,-0.0606880310915301,0.0437658920052171,-0.146469179421756,0.0250931172386954,-5.88832068374303
"Mouth_Dumbfounded",1,7308,-0.0597410864530005,0.042232536964949,-0.1425168589043,0.0230346859982995,-5.79915992510286
"Mouth_Dumbfounded",1,7310,-0.0575456077163572,0.0439806046722518,-0.143747592873971,0.0286563774412564,-5.59211678750592
"Mouth_Dumbfounded",1,7311,-0.059062328494148,0.0378142461395819,-0.133178250927728,0.0150535939394325,-5.73519865051499
"Mouth_Dumbfounded",1,7314,-0.0623928845814956,0.0372658990280757,-0.135434046676524,0.0106482775135327,-6.04863061736821
"Mouth_Dumbfounded",1,7315,-0.0584720332252011,0.0372178474153035,-0.131419014159196,0.0144749477087938,-5.67953815780365
"Mouth_Dumbfounded",1,7316,-0.0658959015413938,0.0408629243968096,-0.14598723335914,0.0141954302763529,-6.37716808559927
"Mouth_Dumbfounded",1,7320,-0.0595850569278933,0.0407969143301677,-0.139547009015022,0.0203768951592354,-5.7844606660319
"Mouth_Dumbfounded",1,7321,-0.05915761966616,0.0385578244031208,-0.134730955496277,0.0164157161639567,-5.74418082594725
"Mouth_Dumbfounded",1,7323,-0.0611974158866196,0.0359526927096236,-0.131664693597482,0.00926986182424275,-5.93624753458621
"Mouth_Dumbfounded",1,7324,-0.058447426737575,0.0413878976536783,-0.139567706138784,0.0226728526636345,-5.67721723397167
"Mouth_Dumbfounded",1,7325,-0.060166189104711,0.0398810644589014,-0.138333075444158,0.0180006972347358,-5.83919644159447
"Mouth_Dumbfounded",1,7326,-0.0604400039674065,0.0399400280678034,-0.138722458980301,0.0178424510454882,-5.86497553958097
"Mouth_Dumbfounded",1,7330,-0.0662779950212854,0.0409432581848084,-0.14652678106351,0.0139707910209391,-6.41293392586044
"Mouth_Dumbfounded",1,7332,-0.0676812164181277,0.0356784122403811,-0.137610904409275,0.00224847157301933,-6.54416520464101
"Mouth_Dumbfounded",1,7334,-0.0582560793648734,0.0424924772854462,-0.141541334844348,0.0250291761146012,-5.65916709043479
"Mouth_Dumbfounded",1,7335,-0.0642362120363664,0.0371044624412784,-0.136960958421272,0.00848853434853926,-6.22165423738692
"Mouth_Dumbfounded",1,7338,-0.0580963615606585,0.0416556266201165,-0.139741389736087,0.0235486666147698,-5.6440979763838
"Mouth_Dumbfounded",1,7339,-0.0612511738902131,0.0428074248891665,-0.14515372667298,0.0226513788925533,-5.9413040782132
"Mouth_Dumbfounded",1,7341,-0.0613869490260913,0.0411165233009832,-0.141975334696018,0.0192014366438358,-5.95407404349101
"Mouth_Dumbfounded",1,7342,-0.0602450657356411,0.0440808934610385,-0.146643616919276,0.0261534854479943,-5.84662323564074
"Mouth_Dumbfounded",1,7344,-0.0552989516169924,0.0437543739185724,-0.141057524497394,0.0304596212634094,-5.37977630215024
"Mouth_Dumbfounded",1,7346,-0.0632544092318014,0.043122384550054,-0.147774282949907,0.0212654644863044,-6.12953718151741
"Mouth_Dumbfounded",1,7349,-0.0628908432729432,0.0409676939626914,-0.143187523439818,0.017405836893932,-6.09540287203385
"Mouth_Dumbfounded",1,7350,-0.0622730955391253,0.0452953766589527,-0.151052033790673,0.0265058427124219,-6.0373755987
"Mouth_Dumbfounded",1,7352,-0.0639919139196472,0.0417602985795463,-0.145842099135558,0.0178582712962636,-6.19874156548074
"Mouth_Dumbfounded",1,7353,-0.0607327742844123,0.0405758488961437,-0.140261438120854,0.0187958895520293,-5.89253144656096
"Mouth_Dumbfounded",1,7355,-0.0815372603320798,0.0344715300075279,-0.149101459146834,-0.0139730615173251,-7.8301633573143
"Mouth_Dumbfounded",1,7357,-0.0635476055174842,0.0403668290871371,-0.142666590528273,0.0155713794933045,-6.15705561820227
"Mouth_Dumbfounded",1,7358,-0.0654736899339164,0.0395844336512538,-0.143059179890374,0.012111800022541,-6.33763109333891
"Mouth_Dumbfounded",1,7360,-0.057651549905959,0.0433103998366408,-0.142539933585775,0.027236833773857,-5.60211803558271
"Mouth_Dumbfounded",1,7362,-0.0619463983959679,0.0363074190343108,-0.133108939703217,0.00921614291128135,-6.00667326283488
"Mouth_Dumbfounded",1,7363,-0.0708139970962622,0.0358159161730586,-0.141013192795457,-0.000614801397067308,-6.83648371418212
"Mouth_Dumbfounded",1,7365,-0.06161823001053,0.0403785035168118,-0.140760096903481,0.0175236368824211,-5.97582256272227
"Mouth_Dumbfounded",1,7366,-0.0616610814266643,0.0408668219582131,-0.141760052464762,0.0184378896114334,-5.97985154555188
"Mouth_Dumbfounded",1,7367,-0.0601678696113758,0.0403219322100151,-0.139198856743005,0.0188631175202539,-5.83935467931945
"Mouth_Dumbfounded",1,7369,-0.056654719831426,0.0426724709223185,-0.14029276283917,0.0269833231763182,-5.50797247209964
"Mouth_Dumbfounded",1,7373,-0.0560530049873079,0.0397394192208323,-0.133942266660139,0.0218362566855234,-5.45109810712645
"Mouth_Dumbfounded",1,7374,-0.059590329068375,0.0414977853239223,-0.140925988303263,0.0217453301665126,-5.78495738228144
"Mouth_Dumbfounded",1,7375,-0.0603188988291991,0.0411265913624984,-0.140927017899696,0.0202892202412978,-5.85357461409214
"Mouth_Dumbfounded",1,7376,-0.0636143411280714,0.0351539704590401,-0.13251612322779,0.00528744097164716,-6.1633180754281
"Mouth_Dumbfounded",1,7377,-0.0557879310678368,0.0402427425569031,-0.134663706479367,0.0230878443436933,-5.42603233712584
"Mouth_Dumbfounded",1,7379,-0.0592007840612035,0.0363692029483997,-0.130484421840067,0.0120828537176599,-5.74824923355543
"Mouth_Dumbfounded",1,7381,-0.0581434346092042,0.0378241041040006,-0.132278678653045,0.015991809434637,-5.64853949180167
"Mouth_Dumbfounded",1,7383,-0.0633262585492359,0.0373883846796054,-0.136607492521262,0.00995497542279075,-6.13628146790909
"Mouth_Dumbfounded",1,7384,-0.0665149989151017,0.0364541704075661,-0.137965172913931,0.00493517508372791,-6.43511179670616
"Mouth_Dumbfounded",1,7387,-0.0609268331058572,0.041195647089131,-0.141670301400554,0.0198166351888396,-5.91079205912382
"Mouth_Dumbfounded",1,7389,-0.0614050080660203,0.043381130835237,-0.146432024503085,0.0236220083710443,-5.95577240728755
"Mouth_Dumbfounded",1,7391,-0.0637453521078851,0.0432961790291738,-0.148605863005066,0.0211151587892956,-6.17561090580405
"Mouth_Dumbfounded",1,7392,-0.0641957314842625,0.0399171284554826,-0.142433303257008,0.0140418402884834,-6.2178579613379
"Mouth_Dumbfounded",1,7393,-0.0606068201204775,0.0437304225277528,-0.146318448274873,0.0251048080339179,-5.88067747252626
"Mouth_Dumbfounded",1,7398,-0.0609316216252296,0.0389081755080367,-0.137191645620982,0.0153284023705223,-5.91124260604005
"Mouth_Dumbfounded",1,7401,-0.0649074742916624,0.0397490737272952,-0.142815658797161,0.0130007102138362,-6.28458297805433
"Mouth_Dumbfounded",1,7403,-0.0681426327289357,0.0379731134743379,-0.142569935138638,0.00628466968076669,-6.58727730407792
"Mouth_Dumbfounded",1,7404,-0.0635659634120485,0.0296776759431603,-0.121734208260643,-0.00539771856345422,-6.15877836126781
"Mouth_Dumbfounded",1,7408,-0.065590163952307,0.0348855804012898,-0.133965901538835,0.00278557363422094,-6.34853969052105
"Mouth_Dumbfounded",1,7409,-0.0591666592980174,0.0403798265903083,-0.138311119415022,0.019977800818987,-5.74503286000196
"Mouth_Dumbfounded",1,7411,-0.0571720255851274,0.0379087667318866,-0.131473208379625,0.0171291572093703,-5.55684110051761
"Mouth_Dumbfounded",1,7413,-0.0608982776267763,0.0392874850489893,-0.137901748322795,0.0161051930692427,-5.90810525835347
"Mouth_Dumbfounded",1,7414,-0.0644071619957336,0.0390375293523273,-0.140920719526295,0.0121063955348279,-6.23768427157868
"Mouth_Dumbfounded",1,7415,-0.0633528838385196,0.0387156341634093,-0.139235526798802,0.0125297591217626,-6.13878058329826
"Mouth_Dumbfounded",1,7418,-0.0645003200645165,0.0393969757085174,-0.141718392453211,0.0127177523241776,-6.24641858099454
"Mouth_Dumbfounded",1,7419,-0.0665916955181171,0.0403351947471057,-0.145648677222444,0.01246528618621,-6.44228763060831
"Mouth_Dumbfounded",1,7420,-0.0664669456512561,0.0440335371872913,-0.152772678538347,0.0198387872358348,-6.43061559041882
"Mouth_Dumbfounded",1,7421,-0.0663856839177032,0.0403874340710487,-0.145545054696959,0.0127736868615522,-6.42301167108457
"Mouth_Dumbfounded",1,7422,-0.0651486682684406,0.0413151901977408,-0.146126441056013,0.0158291045191314,-6.30718384646505
"Mouth_Dumbfounded",1,7424,-0.0612776747376532,0.0407635845607515,-0.141174300476726,0.0186189510014198,-5.94379668033605
"Mouth_Dumbfounded",1,7426,-0.0611777113859782,0.0380817206955154,-0.135817883949188,0.013462461177232,-5.93439403705436
"Mouth_Dumbfounded",1,7428,-0.0646488311568178,0.0375609423952946,-0.138268278251595,0.00897061593795968,-6.26034099393626
"Mouth_Dumbfounded",1,7429,-0.0634269257429135,0.0392839445378379,-0.140423457037076,0.0135696055512488,-6.1457299894558
"Mouth_Dumbfounded",1,7430,-0.0687143451436789,0.0429757144722946,-0.152946745509376,0.0155180552220186,-6.6406672540353
"Mouth_Dumbfounded",1,7432,-0.0605479624081977,0.0358615988473323,-0.130836696148969,0.00974077133257367,-5.87513766149227
"Mouth_Dumbfounded",1,7433,-0.0656399558736504,0.0396217236005217,-0.143298534130673,0.0120186223833721,-6.3532026605764
"Mouth_Dumbfounded",1,7436,-0.0597846930706874,0.0413875427022166,-0.140904276767032,0.0213348906256572,-5.8032676155599
"Mouth_Dumbfounded",1,7442,-0.0640828695429194,0.0410662575408993,-0.144572734323082,0.0164069952372432,-6.20727292941172
"Mouth_Dumbfounded",1,7443,-0.0635742615864889,0.0392203150262024,-0.140446079037846,0.0132975558648678,-6.15955706886374
"Mouth_Dumbfounded",1,7446,-0.0679801100677155,0.0380332264901957,-0.142525233988499,0.00656501385306812,-6.57209438604286
"Mouth_Dumbfounded",1,7447,-0.0607381606989724,0.0408891440854215,-0.140880883106398,0.0194045617084537,-5.8930383470346
"Mouth_Dumbfounded",1,7448,-0.0604695461700509,0.0381687077505045,-0.13528021336104,0.0143411210209378,-5.86775645447214
"Mouth_Dumbfounded",1,7449,-0.0625725758624092,0.040218937819934,-0.14140169398948,0.0162565422646613,-6.06551134257118
"Mouth_Dumbfounded",1,7450,-0.0633024286489438,0.0383622161715452,-0.138492372345172,0.0118875150472848,-6.13404467820429
"Mouth_Dumbfounded",1,7451,-0.0656261033197478,0.0369201862667186,-0.137989668402516,0.00673746176302059,-6.35190540428331
"Mouth_Dumbfounded",1,7453,-0.0590607726163816,0.0395833470019126,-0.13664413274013,0.018522587507367,-5.73505198589233
"Mouth_Dumbfounded",1,7455,-0.0614880565973448,0.0378621335875396,-0.135697838428922,0.0127217252342329,-5.96358231796338
"Mouth_Dumbfounded",1,7457,-0.061446059054549,0.0385997007064553,-0.137101472439201,0.0142093543301034,-5.95963293655584
"Mouth_Dumbfounded",1,7461,-0.0666243315359749,0.0395808959082233,-0.144202887516093,0.0109542244441427,-6.44534093195587
"Mouth_Dumbfounded",1,7462,-0.0592637309910397,0.0436230540319328,-0.144764916893628,0.0262374549115486,-5.75418190517417
"Mouth_Dumbfounded",1,7464,-0.0640108990898682,0.0389375429888537,-0.140328483348022,0.0123066851682851,-6.20052238143446
"Mouth_Dumbfounded",1,7465,-0.0671232587791525,0.0362039508022103,-0.138083002351485,0.00383648479317976,-6.49200625782188
"Mouth_Dumbfounded",1,7468,-0.0631322744318664,0.0363727244226698,-0.134422814300299,0.00815826543656646,-6.11807163116417
"Mouth_Dumbfounded",1,7469,-0.0625606259959714,0.0403657675822403,-0.141677530457162,0.0165562784652197,-6.0643888312709
"Mouth_Dumbfounded",1,7470,-0.0625315185238161,0.0407002730382978,-0.14230405367888,0.0172410166312476,-6.06165456329079
"Mouth_Dumbfounded",1,7471,-0.0644639573583954,0.0414014392182858,-0.145610778226236,0.0166828635094448,-6.24300938508218
"Mouth_Dumbfounded",1,7474,-0.0632067725553466,0.0373102181249021,-0.136334800080155,0.00992125496946149,-6.12506539814185
"Mouth_Dumbfounded",1,7475,-0.0572112635613175,0.0438041904473993,-0.14306747683822,0.0286449497155851,-5.56054678623555
"Mouth_Dumbfounded",1,7476,-0.063607332278895,0.0413870198372548,-0.144725891159914,0.0175112266021244,-6.16266038597246
"Mouth_Dumbfounded",1,7477,-0.0597746240368315,0.040142171293842,-0.138453279772762,0.0189040316990988,-5.80231914069731
"Mouth_Dumbfounded",1,7478,-0.0674171297115316,0.0395684368099251,-0.144971265858985,0.0101370064359216,-6.51948150184227
"Mouth_Dumbfounded",1,7481,-0.0615657329439388,0.0418087410701988,-0.143510865441528,0.0203793995536508,-5.9708864396533
"Mouth_Dumbfounded",1,7482,-0.063402727696659,0.0345231866014941,-0.131068173435587,0.00426271804226944,-6.14345887201071
"Mouth_Dumbfounded",1,7483,-0.0609458513123894,0.0382115720515568,-0.135840532533441,0.0139488299086619,-5.91258145009733
"Mouth_Dumbfounded",1,7484,-0.0617754903012195,0.0379137233806026,-0.136086388127201,0.0125354075247616,-5.99060766961231
"Mouth_Dumbfounded",1,7485,-0.0609944435831103,0.0398235170797468,-0.139048537059414,0.0170596498931934,-5.91715326033272
"Mouth_Dumbfounded",1,7487,-0.0620872120157434,0.0373578214146886,-0.135308541988533,0.0111341179570462,-6.01990787157903
"Mouth_Dumbfounded",1,7488,-0.0617395719612456,0.0384697479818735,-0.137140278005718,0.0136611340832265,-5.98723094765509
"Mouth_Dumbfounded",1,7489,-0.062525536962504,0.0404543392489105,-0.141816041890369,0.0167649679653606,-6.06109266363749
"Mouth_Dumbfounded",1,7491,-0.0664238723278187,0.0377969301921143,-0.140505855504363,0.0076581108487254,-6.4265851592589
"Mouth_Dumbfounded",1,7492,-0.0638407204386761,0.042877692399379,-0.147880997541459,0.0201995566641066,-6.18455835452105
"Mouth_Dumbfounded",1,7493,-0.0592771028717092,0.0395157838735682,-0.136728039263903,0.0181738335204845,-5.75544214058146
"Mouth_Dumbfounded",1,7494,-0.0638981929446348,0.0382898300978737,-0.138946259936467,0.0111498740471976,-6.18995000811263
"Mouth_Dumbfounded",1,7495,-0.0605727098396744,0.0390329217848684,-0.137077236538016,0.0159318168586677,-5.87746698125078
"Mouth_Dumbfounded",1,7496,-0.0626175834888688,0.0426410635105387,-0.146194067969525,0.020958900991787,-6.06973901580886
"Mouth_Dumbfounded",1,7497,-0.0608353604141872,0.0404209688331005,-0.140060459327064,0.0183897384986898,-5.90218507237024
"Mouth_Dumbfounded",1,7498,-0.0619547679226445,0.0414965655634003,-0.143288036426909,0.0193785005816201,-6.00745993919838
"Mouth_Dumbfounded",1,7504,-0.0607048111075565,0.0382659791092249,-0.135706130161637,0.0142965079465243,-5.88989986598084
"Mouth_Dumbfounded",1,7506,-0.0617218367725187,0.0446561209210418,-0.149247833777761,0.0258041602327233,-5.98556359866788
"Mouth_Dumbfounded",1,7507,-0.0632943367751047,0.0382746867272972,-0.138312722760607,0.0117240492103977,-6.13328512366293
"Mouth_Dumbfounded",1,7508,-0.0627195015561633,0.0411386368875351,-0.143351229855732,0.0179122267434055,-6.07931171864486
"Mouth_Dumbfounded",1,7510,-0.0624979997044677,0.0418534484348828,-0.144530758636838,0.0195347592279026,-6.05850580808923
"Mouth_Dumbfounded",1,7514,-0.0591860245410992,0.0409624860810773,-0.139472497260011,0.0211004481778122,-5.74685811267901
"Mouth_Dumbfounded",1,7515,-0.0685271785407689,0.0405192613529739,-0.147944930792598,0.0108905737110599,-6.62319186952214
"Mouth_Dumbfounded",1,7516,-0.0641392236778523,0.0427973615966172,-0.148022052407222,0.0197436050515175,-6.21255838847864
"Mouth_Dumbfounded",1,7518,-0.0608248311677958,0.0389254581723203,-0.137118729185544,0.0154690668499519,-5.90119428807588
"Mouth_Dumbfounded",1,7522,-0.0586712766902066,0.0380715430606068,-0.133291501088996,0.0159489477085827,-5.69832902140146
"Mouth_Dumbfounded",1,7529,-0.0634427600361634,0.0388217955783062,-0.139533479369644,0.0126479592973168,-6.14721609372417
"Mouth_Dumbfounded",1,7531,-0.0593279010491418,0.0424042048649601,-0.142440142584464,0.02378434048618,-5.7602294707588
"Mouth_Dumbfounded",1,7532,-0.059901198758369,0.0432444590874619,-0.144660338569794,0.0248579410530563,-5.81424143137532
"Mouth_Dumbfounded",1,7534,-0.0646470205429742,0.0395216567897232,-0.142109467850832,0.0128154267648833,-6.26017126745831
"Mouth_Dumbfounded",1,7536,-0.0583075449023323,0.042638433231668,-0.141878874036402,0.0252637842317369,-5.66402226716659
"Mouth_Dumbfounded",1,7538,-0.0606533935442548,0.0444224314136916,-0.14772135911509,0.0264145720265807,-5.88506082954521
"Mouth_Dumbfounded",1,7540,-0.0594808976337363,0.0417640717815769,-0.141338478325627,0.0223766830581543,-5.77464673085885
"Mouth_Dumbfounded",1,7542,-0.0609895606363591,0.0399038402739179,-0.139201087573238,0.01722196630052,-5.91669385768027
"Mouth_Dumbfounded",1,7545,-0.0692294682824855,0.0307045225696887,-0.129410332519075,-0.00904860404589565,-6.68874642214715
"Mouth_Dumbfounded",1,7548,-0.0652223303016107,0.0387166492575726,-0.141106962846453,0.0106623022432316,-6.31408519560953
"Mouth_Dumbfounded",1,7552,-0.0641337123172331,0.0425027769301513,-0.14743915510033,0.0191717304658634,-6.21204149064196
"Mouth_Dumbfounded",1,7555,-0.0630963179166039,0.0397451206732351,-0.140996754436145,0.014804118602937,-6.11469590348456
"Mouth_Dumbfounded",1,7556,-0.0638926667579523,0.041904600345134,-0.146025683434415,0.0182403499185103,-6.18943159483125
"Mouth_Dumbfounded",1,7558,-0.0622987242091924,0.0382739450299613,-0.137315656467917,0.0127182080495318,-6.039783704941
"Mouth_Dumbfounded",1,7560,-0.0571080632711527,0.0423058879967531,-0.140027603744789,0.0258114772024833,-5.55080010433933
"Mouth_Dumbfounded",1,7565,-0.0626239390599497,0.0397410592473003,-0.140516415184658,0.015268537064759,-6.07033599436212
"Mouth_Dumbfounded",1,7568,-0.0625352114107449,0.0346220343625115,-0.130394398761267,0.00532397593977764,-6.06200146633824
"Mouth_Dumbfounded",1,7569,-0.0680135464324189,0.0372977971627419,-0.141117228871393,0.00509013600655514,-6.57521822334327
"Mouth_Dumbfounded",1,7570,-0.0581896870195559,0.0415589156184071,-0.139645161631634,0.0232657875925221,-5.65290337334958
"Mouth_Dumbfounded",1,7572,-0.0686251586199937,0.0424931674281695,-0.151911766779206,0.0146614495392186,-6.632340488382
"Mouth_Dumbfounded",1,7575,-0.0648041511790427,0.0402450700219475,-0.14368448842206,0.0140761860639744,-6.27489950921272
"Mouth_Dumbfounded",1,7576,-0.0645847828390407,0.0393069999254046,-0.141626502692834,0.0124569370147524,-6.25433693419502
"Mouth_Dumbfounded",1,7577,-0.0637699561954265,0.0370128744531896,-0.136315190123678,0.00877527773282515,-6.17791934088826
"Mouth_Dumbfounded",1,7583,-0.054744688091034,0.0406481120404977,-0.134414987690409,0.0249256115083415,-5.32731722660339
"Mouth_Dumbfounded",1,7584,-0.066717079942093,0.0388412410923519,-0.142845912483103,0.00941175259891683,-6.45401757509071
"Mouth_Dumbfounded",1,7585,-0.0679970711411481,0.0366412588370413,-0.139813938461749,0.00381979617945291,-6.57367901017213
"Mouth_Dumbfounded",1,7586,-0.0653262489581536,0.0435229545455022,-0.150631239867338,0.0199787419510307,-6.32382040416933
"Mouth_Dumbfounded",1,7588,-0.0672857200972396,0.0410575678884844,-0.147758553158669,0.0131871129641899,-6.50719645579371
"Mouth_Dumbfounded",1,7592,-0.0593821244700212,0.0378573472240775,-0.133582525029213,0.0148182760891706,-5.76533933496137
"Mouth_Dumbfounded",1,7593,-0.0641927797665677,0.0349552290290206,-0.132705028663448,0.0043194691303126,-6.21758114252124
"Mouth_Dumbfounded",1,7594,-0.0589862172089258,0.0415659352450431,-0.14045545028921,0.0224830158713586,-5.72802376229155
"Mouth_Dumbfounded",1,7597,-0.0623172822250426,0.0368657373383613,-0.134574127408231,0.00993956295814549,-6.04152740394445
"Mouth_Dumbfounded",1,7598,-0.0600414559116583,0.0428126745160072,-0.143954297963032,0.0238713861397158,-5.82745073138149
"Mouth_Dumbfounded",1,7601,-0.0576041482346106,0.039791796388127,-0.13559606915534,0.0203877726861184,-5.597643312152
"Mouth_Dumbfounded",1,7602,-0.0618907528327943,0.0400665485327733,-0.14042118795703,0.0166396822914413,-6.00144280570952
"Mouth_Dumbfounded",1,7606,-0.0624970247557458,0.0419783143340793,-0.144774520850541,0.0197804713390496,-6.05841421990488
"Mouth_Dumbfounded",1,7608,-0.0625449220892638,0.0416174536964331,-0.144115131334273,0.0190252871557451,-6.06291366361367
"Mouth_Dumbfounded",1,7610,-0.0624715675608796,0.0420685226813388,-0.144925872016304,0.0199827368945445,-6.05602270020907
"Mouth_Dumbfounded",1,7611,-0.0633255620881091,0.0407219340956062,-0.143140552915497,0.016489428739279,-6.13621609545515
"Mouth_Dumbfounded",1,7612,-0.0641784897378114,0.0300782475889958,-0.123131855012243,-0.00522512446337963,-6.21624097948348
"Mouth_Dumbfounded",1,7614,-0.0657205079412363,0.0421337096830158,-0.148302578919947,0.0168615630374747,-6.36074579991307
"Mouth_Dumbfounded",1,7615,-0.0620331813481221,0.0359867942169805,-0.132567298013404,0.00850093531715959,-6.01482992727711
"Mouth_Dumbfounded",1,7616,-0.0617194315996184,0.0389063912774108,-0.137975958503344,0.0145370953041068,-5.98533747742127
"Mouth_Dumbfounded",1,7618,-0.0640825622512113,0.0344717813415366,-0.131647253680623,0.00348212917820048,-6.20724410767999
"Mouth_Dumbfounded",1,7621,-0.0640857267682952,0.0372718808945513,-0.137138613321616,0.00896715978502523,-6.20754091598872
"Mouth_Dumbfounded",1,7622,-0.0582472853327982,0.0418240978759539,-0.140222517169668,0.0237279465040714,-5.65833745047625
"Mouth_Dumbfounded",1,7624,-0.0658331777840024,0.0400638896021376,-0.144358401404192,0.0126920458361873,-6.37129552563139
"Mouth_Dumbfounded",1,7625,-0.0643841300815512,0.0365754364293937,-0.136071985483163,0.00730372532006046,-6.23552472110008
"Mouth_Dumbfounded",1,7628,-0.066036687186694,0.0355692984660855,-0.135752512180222,0.00367913780683361,-6.39034790861845
"Mouth_Dumbfounded",1,7630,-0.061286299352177,0.0389508221403299,-0.137629910747224,0.0150573120428697,-5.94460787533514
"Mouth_Dumbfounded",1,7631,-0.0604209799018595,0.0364998568372674,-0.131960699302904,0.0111187394991846,-5.86318469167081
"Mouth_Dumbfounded",1,7632,-0.0632948023884393,0.0409876984034585,-0.143630691259218,0.0170410864823394,-6.13332882924689
"Mouth_Dumbfounded",1,7633,-0.0625210721235889,0.0430440388340649,-0.146887388238356,0.0218452439911782,-6.06067324061205
"Mouth_Dumbfounded",1,7635,-0.0647378165190847,0.0375306048873615,-0.138297802098313,0.00882216906014371,-6.2686820803289
"Mouth_Dumbfounded",1,7636,-0.058557705413892,0.0400611393947032,-0.13707753862751,0.0199621277997262,-5.68761845207482
"Mouth_Dumbfounded",1,7637,-0.0619224321012408,0.0380156020264568,-0.136433012073096,0.0125881478706144,-6.00442056406961
"Mouth_Dumbfounded",1,7641,-0.0663499115724112,0.0415323730877617,-0.147753362824424,0.0150535396796017,-6.41966414287257
"Mouth_Dumbfounded",1,7642,-0.0662443319676478,0.0383633323014158,-0.141436463278423,0.00894779934312712,-6.40978344640831
"Mouth_Dumbfounded",1,7643,-0.0609454729342798,0.0344231644416528,-0.128414875239919,0.00652392937135968,-5.91254584947103
"Mouth_Dumbfounded",1,7644,-0.0655062575162809,0.0431579522788427,-0.150095843982813,0.0190833289502509,-6.34068140058189
"Mouth_Dumbfounded",1,7645,-0.0618915763084291,0.0421189010221616,-0.144444622311866,0.0206614696950076,-6.0015202111992
"Mouth_Dumbfounded",1,7647,-0.063427701695904,0.0413602084393834,-0.144493710237095,0.0176383068452875,-6.14580281592902
"Mouth_Dumbfounded",1,7648,-0.0592530022545875,0.0391095261312963,-0.135907673471928,0.0174016689627533,-5.75317076120596
"Mouth_Dumbfounded",1,7649,-0.0638049146885019,0.0398350488792647,-0.141881610491861,0.0142717811148569,-6.18119916211616
"Mouth_Dumbfounded",1,7650,-0.0623907086481721,0.0401170017906815,-0.141020032157908,0.0162386148615637,-6.04842618523037
"Mouth_Dumbfounded",1,7653,-0.0609210376185338,0.0398473070751733,-0.139021759485873,0.0171796842488058,-5.91024676473181
"Mouth_Dumbfounded",1,7654,-0.0618601944140548,0.0375847979538407,-0.135526398403583,0.0118060095754728,-5.9985703145487
"Mouth_Dumbfounded",1,7656,-0.0711072065727806,0.040711951812285,-0.150902632124859,0.00868821897929796,-6.8637961356968
"Mouth_Dumbfounded",1,7657,-0.0668541347499732,0.032297763001362,-0.130157750232643,-0.00355051926730376,-6.46683762319524
"Mouth_Dumbfounded",1,7658,-0.0630470499825172,0.0378733622608075,-0.1372788400137,0.0111847400486654,-6.11007025456348
"Mouth_Dumbfounded",1,7660,-0.0643376551393292,0.0315002756419496,-0.12607819539755,-0.002597114881108,-6.23116692126556
"Mouth_Dumbfounded",1,7661,-0.0619592333640629,0.0428072842473488,-0.145861510488866,0.0219430437607406,-6.00787965644267
"Mouth_Dumbfounded",1,7662,-0.06005909381147,0.0391867914715063,-0.136865205095622,0.0167470174726822,-5.82911172272226
"Mouth_Dumbfounded",1,7664,-0.0656527956941265,0.0356846697941217,-0.135594748490605,0.00428915710235211,-6.35440506092307
"Mouth_Dumbfounded",1,7666,-0.0676925869535457,0.0389269142262196,-0.143989338836936,0.0086041649298447,-6.54522784147917
"Mouth_Dumbfounded",1,7667,-0.060424533862386,0.0424340511184164,-0.143595274054482,0.0227462063297101,-5.86351924960201
"Mouth_Dumbfounded",1,7672,-0.0603599756240608,0.0432217728971797,-0.145074650502533,0.0243546992544114,-5.85744176806898
"Mouth_Dumbfounded",1,7673,-0.0600488834847545,0.0357431467396562,-0.130105451094481,0.0100076841249717,-5.82815020227715
"Mouth_Dumbfounded",1,7675,-0.0652411006423042,0.0385905324484248,-0.140878544241217,0.0103963429566084,-6.31584369564472
"Mouth_Dumbfounded",1,7676,-0.0616638985501246,0.0430573034233802,-0.14605621325995,0.0227284161597005,-5.98011641154476
"Mouth_Dumbfounded",1,7677,-0.0600358975282647,0.0388696271952511,-0.136220366830957,0.0161485717744274,-5.82692728279274
"Mouth_Dumbfounded",1,7678,-0.0635827541760748,0.0390547628043583,-0.140130089272617,0.0129645809204674,-6.16035401384805
"Mouth_Dumbfounded",1,7679,-0.0672461379201913,0.0389565958594221,-0.143601065804659,0.00910878996427598,-6.50349573385025
"Mouth_Dumbfounded",1,7691,-0.0599630042835308,0.0431984996475944,-0.144632063592816,0.0247060550257542,-5.82006245175896
"Mouth_Dumbfounded",1,7693,-0.0587518809931671,0.0427332120847936,-0.142508976679363,0.0250052146930284,-5.70592983552543
"Mouth_Dumbfounded",1,7697,-0.0632718745142264,0.0381945632905191,-0.138133218563644,0.0115894695351911,-6.13117664134504
"Mouth_Dumbfounded",1,7702,-0.0655555141599197,0.0420262968312619,-0.147927055949193,0.0168160276293536,-6.34529463064455
"Mouth_Dumbfounded",1,7703,-0.0633722715025934,0.0394312769030782,-0.140657574232627,0.0139130312274399,-6.14060031544964
"Mouth_Dumbfounded",1,7708,-0.0644530241265229,0.0383272616004151,-0.139574456863337,0.0106684086102907,-6.24198431256044
"Mouth_Dumbfounded",1,7710,-0.0641091090244758,0.0399216465802356,-0.142355536321738,0.014137318272786,-6.20973396965545
"Mouth_Dumbfounded",1,7711,-0.0615086930615257,0.0388897051371582,-0.137732515130356,0.0147151290073044,-5.96552287710537
"Mouth_Dumbfounded",1,7714,-0.0662232480817944,0.0400560104412133,-0.144733028546572,0.0122865323829837,-6.40781018016351
"Mouth_Dumbfounded",1,7715,-0.0584473656242855,0.0385341479548832,-0.133974295615857,0.0170795643672856,-5.67721146959597
"Mouth_Dumbfounded",1,7716,-0.0630223498569684,0.0408153618269402,-0.143020459037771,0.0169757593238345,-6.10775113286982
"Mouth_Dumbfounded",1,7718,-0.0609834868868699,0.0420496381269598,-0.143400777615711,0.0214338038419713,-5.91612241751225
"Mouth_Dumbfounded",1,7721,-0.06192122614079,0.0411213326914624,-0.142519038216056,0.0186765859344762,-6.00430720904991
"Mouth_Dumbfounded",1,7722,-0.063100344364887,0.0398422516561887,-0.141191157611017,0.0149904688812428,-6.115073927045
"Mouth_Dumbfounded",1,7723,-0.0638099193973346,0.0407243546880082,-0.143629654585831,0.0160098157911615,-6.18166869672244
"Mouth_Dumbfounded",1,7724,-0.0622994305575415,0.041025028336468,-0.142708486097019,0.0181096249819357,-6.03985007356123
"Mouth_Dumbfounded",1,7725,-0.0628423942954594,0.0416878479597819,-0.144550576296632,0.0188657877057132,-6.0908531801089
"Mouth_Dumbfounded",1,7728,-0.0636485700971074,0.0369636862960733,-0.136097395237411,0.0088002550431962,-6.1665299533382
"Mouth_Dumbfounded",1,7732,-0.062791152858201,0.0423899884365934,-0.145875530193924,0.020293224477522,-6.08604101716412
"Mouth_Dumbfounded",1,7734,-0.0621190405053313,0.0384272436191771,-0.137436437998918,0.0131983569882557,-6.02289906835993
"Mouth_Dumbfounded",1,7736,-0.0658373133813607,0.0422669089011521,-0.148680454827619,0.0170058280648974,-6.37168273545361
"Mouth_Dumbfounded",1,7738,-0.0613918844268622,0.0332710025684699,-0.126603049461063,0.00381928060733873,-5.95453819668108
"Mouth_Dumbfounded",1,7740,-0.0657403588713903,0.0359954431432671,-0.136291427432194,0.00481070968941322,-6.36260460775827
"Mouth_Dumbfounded",1,7741,-0.0648304882534193,0.0402041126632016,-0.143630549073294,0.0139695725664558,-6.27736792164977
"Mouth_Dumbfounded",1,7743,-0.0650834285254019,0.0359220936871708,-0.135490732152257,0.00532387510145287,-6.30107115182148
"Mouth_Dumbfounded",1,7745,-0.0631213820392068,0.0323049649215589,-0.126439113285462,0.000196349207048599,-6.11704902676744
"Mouth_Dumbfounded",1,7746,-0.0606056094886383,0.0413162857961288,-0.141585529649051,0.0203743106717741,-5.88056352860876
"Mouth_Dumbfounded",1,7748,-0.064920460241128,0.0393357098157318,-0.142018451479962,0.0121775309977062,-6.28579995382212
"Mouth_Dumbfounded",1,7751,-0.0661032114962718,0.0423053913196202,-0.149021778482727,0.0168153554901838,-6.39657501896426
"Mouth_Dumbfounded",1,7753,-0.0607112479288667,0.0399004722627088,-0.138916173563776,0.0174936777060425,-5.89050563392927
"Mouth_Dumbfounded",1,7754,-0.056688828910016,0.0405922589614467,-0.136249656474451,0.0228719986544195,-5.51119545312594
"Mouth_Dumbfounded",1,7756,-0.0638123228000927,0.043228947505383,-0.148541059910643,0.0209164143104579,-6.1818941796877
"Mouth_Dumbfounded",1,7758,-0.0617547957013688,0.0391462058207923,-0.138481359110122,0.014971767707384,-5.98866216272516
"Mouth_Dumbfounded",1,7759,-0.068089660260033,0.0416034040471353,-0.149632332192418,0.013453011672352,-6.58232887046559
"Mouth_Dumbfounded",1,7763,-0.0669522628864533,0.0412031348532913,-0.147710407198904,0.0138058814259977,-6.47601540781155
"Mouth_Dumbfounded",1,7764,-0.0642494618943041,0.0357789253371492,-0.134376155555117,0.00587723176650828,-6.22289677891414
"Mouth_Dumbfounded",1,7765,-0.061373351295375,0.0377771483063736,-0.135416561975867,0.0126698593851173,-5.95279522362038
"Mouth_Dumbfounded",1,7769,-0.0680114095640092,0.0357967310450664,-0.138173002412339,0.00215018328432094,-6.5750185866651
"Mouth_Dumbfounded",1,7772,-0.0653503709434223,0.0320596599015304,-0.128187304350422,-0.00251343753642271,-6.32608003234011
"Mouth_Dumbfounded",1,7774,-0.0688749230301037,0.0368721229057174,-0.14114428392531,0.0033944378651025,-6.65565749478288
"Mouth_Dumbfounded",1,7775,-0.0646987976852077,0.0376241631499937,-0.138442157459195,0.00904456208877982,-6.26502472225345
"Mouth_Dumbfounded",1,7777,-0.0602679350808827,0.0382645611042309,-0.135266474845175,0.0147306046834099,-5.84877643709838
"Mouth_Dumbfounded",1,7778,-0.062428998373758,0.0426260102693589,-0.145975978501701,0.0211179817541854,-6.05202349633963
"Mouth_Dumbfounded",1,7781,-0.0604057415147883,0.0387844061696465,-0.136423177607295,0.0156116945777189,-5.86175018751176
"Mouth_Dumbfounded",1,7788,-0.0641124483684532,0.0376890701667674,-0.137983025895317,0.00975812915841086,-6.21004716709253
"Mouth_Dumbfounded",1,7790,-0.0661646876535753,0.0383693107065142,-0.141368536638343,0.00903916133119259,-6.40232922096761
"Mouth_Dumbfounded",1,7791,-0.0629709745790523,0.0393947600262946,-0.14018470423059,0.0142427550724851,-6.10292726857748
"Mouth_Dumbfounded",1,7793,-0.0665493006222496,0.0397500108139607,-0.144459321817613,0.0113607205731135,-6.4383211770567
"Mouth_Dumbfounded",1,7794,-0.065950927013247,0.0385873508474888,-0.141582134674325,0.00968028064783097,-6.38231958436848
"Mouth_Dumbfounded",1,7795,-0.0615907144509523,0.0415404380972849,-0.143009973121631,0.0198285442197261,-5.97323539927278
"Mouth_Dumbfounded",1,7797,-0.0663274206732971,0.0393001923940636,-0.143355797765662,0.0107009564190676,-6.4175594133112
"Mouth_Dumbfounded",1,7798,-0.0624261600719075,0.042153041025763,-0.145046120482403,0.020193800338588,-6.05175684324565
"Mouth_Dumbfounded",1,7799,-0.0634260182444059,0.0407485303023051,-0.143293137636924,0.0164411011481121,-6.14564481680719
"Mouth_Dumbfounded",1,7800,-0.0641495651839562,0.0397865158169969,-0.14213113618527,0.0138320058173576,-6.21352828686342
"Mouth_Dumbfounded",1,7801,-0.0561933477789339,0.04157532600441,-0.137680986747577,0.0252942911897097,-5.46436643288455
"Mouth_Dumbfounded",1,7802,-0.0624296959722713,0.040107825531925,-0.141041034014844,0.0161816420703017,-6.05208903428551
"Mouth_Dumbfounded",1,7803,-0.0656547741207703,0.0385772196912169,-0.141266124715555,0.00995657647401477,-6.3545903316799
"Mouth_Dumbfounded",1,7805,-0.0620390150177074,0.0416859879440783,-0.143743551388101,0.0196655213526861,-6.01537820410598
"Mouth_Dumbfounded",1,7809,-0.0642985656625443,0.0372491374093432,-0.137306874984857,0.0087097436597683,-6.22750147500206
"Mouth_Dumbfounded",1,7810,-0.0646929662826819,0.0425010134431607,-0.147994952631277,0.0186090200659131,-6.26447811428812
"Mouth_Dumbfounded",1,7813,-0.0580682631935956,0.0405148708193804,-0.137477409999581,0.0213408836123901,-5.64144669236598
"Mouth_Dumbfounded",1,7815,-0.0609388517319925,0.0400991821538127,-0.139533248753466,0.0176555452894804,-5.91192287534198
"Mouth_Dumbfounded",1,7820,-0.0658712387560156,0.0410583804875411,-0.146345664511596,0.0146031869995649,-6.37485905731585
"Mouth_Dumbfounded",1,7821,-0.0619228720449512,0.0369774784883381,-0.134398729882094,0.0105529857921916,-6.00446191682449
"Mouth_Dumbfounded",1,7822,-0.0631297190710584,0.0417096720874447,-0.14488067636245,0.0186212382203331,-6.11783172865732
"Mouth_Dumbfounded",1,7823,-0.0675566111366077,0.0440736789661967,-0.153941021910353,0.0188277996371377,-6.53251938848661
"Mouth_Dumbfounded",1,7825,-0.0631421001059005,0.0405132780805583,-0.142548125143795,0.0162639249319938,-6.11899407985816
"Mouth_Dumbfounded",1,7826,-0.0637810483134609,0.0364696230210869,-0.135261509434791,0.00769941280786941,-6.17896002070948
"Mouth_Dumbfounded",1,7828,-0.0583564195225515,0.043719228516837,-0.144046107415552,0.0273332683704491,-5.6686327895816
"Mouth_Dumbfounded",1,7829,-0.065803642084887,0.0434344625338121,-0.150935188651159,0.0193279044813847,-6.36853009554822
"Mouth_Dumbfounded",1,7830,-0.0643266300307104,0.0402159507474032,-0.143149893495621,0.0144966334341999,-6.23013310399685
"Mouth_Dumbfounded",1,7831,-0.0654306695861489,0.0437484981313999,-0.151177725923693,0.020316386751395,-6.33360161898174
"Mouth_Dumbfounded",1,7836,-0.061572364582258,0.0390369232736994,-0.138084734198709,0.0149400050341928,-5.97151000465827
"Mouth_Dumbfounded",1,7838,-0.0636866608222019,0.0402487769224077,-0.142574263590121,0.0152009419457173,-6.17010407017962
"Mouth_Dumbfounded",1,7840,-0.0638411592305744,0.0358126392646486,-0.134033932189286,0.00635161372813683,-6.18459951996775
"Mouth_Dumbfounded",1,7841,-0.0650119538473065,0.0399019940200157,-0.143219862126537,0.0131959544319243,-6.2943738117019
"Mouth_Dumbfounded",1,7842,-0.0583493784714966,0.0410780026705181,-0.138862263705712,0.0221635067627188,-5.66796859527068
"Mouth_Dumbfounded",1,7843,-0.0705114033235109,0.0389865050484471,-0.146924953218467,0.00590214657144543,-6.80828874871106
"Mouth_Dumbfounded",1,7845,-0.06543688154777,0.0355245438951289,-0.135064987582223,0.00419122448668258,-6.33418346924646
"Mouth_Dumbfounded",1,7846,-0.0626310362675911,0.04077855432088,-0.142557002736516,0.0172949302013337,-6.07100263032563
"Mouth_Dumbfounded",1,7847,-0.0600848326727286,0.0384780259236703,-0.135501763483122,0.0153320981376651,-5.83153554295691
"Mouth_Dumbfounded",1,7848,-0.0572158415114175,0.0392064848606482,-0.134060551838288,0.019628868815453,-5.56097912435022
"Mouth_Dumbfounded",1,7849,-0.0667184781250113,0.0353692633951127,-0.136042234379432,0.00260527812940969,-6.45414836939397
"Mouth_Dumbfounded",1,7851,-0.0625650684320493,0.0421398686693728,-0.14515921102402,0.0200290741599215,-6.06480613329203
"Mouth_Dumbfounded",1,7852,-0.0602577594210463,0.0429756446990399,-0.144490023031165,0.0239745041890719,-5.8478183813998
"Mouth_Dumbfounded",1,7853,-0.0591418841081466,0.0400936343693768,-0.137725407472125,0.0194416392558319,-5.74269764636725
"Mouth_Dumbfounded",1,7854,-0.0657229836777652,0.0385090086801035,-0.141200640690768,0.00975467333523752,-6.36097762574827
"Mouth_Dumbfounded",1,7856,-0.0647213187482869,0.0375352124621507,-0.138290335174102,0.00884769767752848,-6.26713570977348
"Mouth_Dumbfounded",1,7857,-0.0596569444643728,0.0408310893781355,-0.139685879645518,0.0203719907167728,-5.79123334561417
"Mouth_Dumbfounded",1,7858,-0.0664011325021491,0.0388417266477477,-0.142530916731735,0.00972865172743641,-6.42445729192453
"Mouth_Dumbfounded",1,7860,-0.0648039363686138,0.0407110518948539,-0.144597598082527,0.0149897253452999,-6.27487937608151
"Mouth_Dumbfounded",1,7861,-0.0635090647595326,0.0386452669242453,-0.139253787931053,0.0122356584119883,-6.1534387702998
"Mouth_Dumbfounded",1,7862,-0.0570219906032243,0.0407622073271724,-0.136915916964482,0.0228719357580335,-5.54267025984693
"Mouth_Dumbfounded",1,7864,-0.06440786637356,0.037966969926817,-0.138823127430121,0.0100073946830013,-6.23775031565157
"Mouth_Dumbfounded",1,7866,-0.0707372034102357,0.0382115085248491,-0.14563176011894,0.0041573532984686,-6.82932906965109
"Mouth_Dumbfounded",1,7870,-0.0643642815084105,0.0364102349167465,-0.135728341945234,0.00699977892841269,-6.23366361158438
"Mouth_Dumbfounded",1,7872,-0.0588365905844473,0.0399438766203218,-0.137126588760278,0.0194534075913834,-5.71391710936507
"Mouth_Dumbfounded",1,7873,-0.0608095323311009,0.0398705002078265,-0.138955712738441,0.017336648076239,-5.89975467480194
"Mouth_Dumbfounded",1,7878,-0.0642618158830967,0.0419055947146697,-0.146396781523849,0.0178731497576559,-6.22405529304019
"Mouth_Dumbfounded",1,7880,-0.061685060330099,0.0394238432036005,-0.138955793009156,0.0155856723489579,-5.98210601858259
"Mouth_Dumbfounded",1,7881,-0.0665250769909336,0.0435354374586214,-0.151854534409832,0.0188043804279644,-6.43605474599311
"Mouth_Dumbfounded",1,7886,-0.0664246792549665,0.0335749562862886,-0.132231593576092,-0.000617764933840845,-6.42666066615718
"Mouth_Dumbfounded",1,7889,-0.0592945134064639,0.0414389815338788,-0.140514917212866,0.0219258903999386,-5.75708297444757
"Mouth_Dumbfounded",1,7891,-0.0593472498585561,0.0410218462535118,-0.139750068515439,0.021055568798327,-5.76205288047755
"Mouth_Dumbfounded",1,7892,-0.0614617009691629,0.0413443206368099,-0.14249656941731,0.0195731674789846,-5.96110389644337
"Mouth_Dumbfounded",1,7893,-0.0663020780144925,0.0375609006343109,-0.139921443257742,0.00731728722875689,-6.41518775539739
"Mouth_Dumbfounded",1,7894,-0.0602653288805775,0.0413510195120039,-0.141313327124105,0.0207826693629501,-5.84853105983104
"Mouth_Dumbfounded",1,7899,-0.0609752743056198,0.039327679476502,-0.138057526079564,0.0161069774683241,-5.91534974285046
"Mouth_Dumbfounded",1,7900,-0.0594479347059713,0.0403626050444053,-0.138558640593006,0.0196627711810632,-5.77154073615435
"Mouth_Dumbfounded",1,7902,-0.0618048958955862,0.0357378128066662,-0.131851008996652,0.00824121720547957,-5.9933720310258
"Mouth_Dumbfounded",1,7904,-0.0654335771331342,0.0386664435317249,-0.141219806455315,0.0103526521890466,-6.33387395804006
"Mouth_Dumbfounded",1,7905,-0.0571926563113469,0.0419300018982545,-0.139375460031926,0.024990147409232,-5.55878951137354
"Mouth_Dumbfounded",1,7906,-0.0610386469577856,0.0413225270069099,-0.142030799891329,0.0199535059757579,-5.92131194774298
"Mouth_Dumbfounded",1,7907,-0.0605159914221855,0.0403704170026894,-0.139642008747457,0.0186100259030857,-5.87212834872996
"Mouth_Dumbfounded",1,7910,-0.0594130918266246,0.0443302648228477,-0.146300410879406,0.0274742272261568,-5.76825748811861
"Mouth_Dumbfounded",1,7911,-0.0626042005178826,0.0388790566460973,-0.138807151544233,0.0135987505084681,-6.06848194143971
"Mouth_Dumbfounded",1,7912,-0.0621757527727081,0.043560726532684,-0.147554776776769,0.0232032712313525,-6.02822857170973
"Mouth_Dumbfounded",1,7914,-0.0641147673751954,0.0408867148911274,-0.144252728561805,0.0160231938114144,-6.21026466637331
"Mouth_Dumbfounded",1,7915,-0.0617265110648046,0.0412771177349503,-0.142629661825307,0.019176639695698,-5.98600304859566
"Mouth_Dumbfounded",1,7917,-0.0642034783174493,0.0380851051802636,-0.138850284470766,0.0104433278358673,-6.21858447313409
"Mouth_Dumbfounded",1,7918,-0.0551218329270936,0.0409140925000837,-0.135313454227258,0.0250697883730704,-5.36301580783636
"Mouth_Dumbfounded",1,7921,-0.0628051277512663,0.0441023620056196,-0.149245757282281,0.0236355017797482,-6.0873534455277
"Mouth_Dumbfounded",1,7922,-0.0582932415161272,0.0433395548693694,-0.143238769060091,0.0266522860278369,-5.66267293359404
"Mouth_Dumbfounded",1,7925,-0.0586378341730043,0.0406002217806913,-0.138214268863159,0.0209386005171506,-5.69517528341337
"Mouth_Dumbfounded",1,7926,-0.061886268660731,0.040211942128832,-0.140701675233242,0.0169291379117797,-6.0010212990603
"Mouth_Dumbfounded",1,7927,-0.0670792470422003,0.0343310386021138,-0.134368082702343,0.000209588617942652,-6.48789071803302
"Mouth_Dumbfounded",1,7929,-0.0615589659335288,0.0416399865091002,-0.143173339491365,0.0200554076243075,-5.97025014151007
"Mouth_Dumbfounded",1,7931,-0.0603641995586822,0.0367557376646372,-0.132405445381371,0.0116770462640068,-5.85783941924022
"Mouth_Dumbfounded",1,7933,-0.0626752476247994,0.0416815871250251,-0.144371158389849,0.0190206631402498,-6.07515526698302
"Mouth_Dumbfounded",1,7934,-0.0572253008610283,0.0389461110693379,-0.133559678556931,0.019109076834874,-5.56187245184043
"Mouth_Dumbfounded",1,7935,-0.0634035840553955,0.0380700854262853,-0.138020951490915,0.0112137833801237,-6.14353924684528
"Mouth_Dumbfounded",1,7938,-0.0613452106165945,0.0386285017090346,-0.137057073966302,0.0143666527331133,-5.95014863420232
"Mouth_Dumbfounded",1,7940,-0.0581846933095125,0.043699638992912,-0.14383598573562,0.027466599116595,-5.65243223012922
"Mouth_Dumbfounded",1,7943,-0.0692397480322392,0.0412308360854537,-0.150052186759728,0.0115726906952501,-6.6897056335529
"Mouth_Dumbfounded",1,7944,-0.0653975203516419,0.0381179286262172,-0.140108660459028,0.0093136197557438,-6.33049659811213
"Mouth_Dumbfounded",1,7949,-0.0589927605235066,0.0373478854476039,-0.13219461600081,0.014209094953797,-5.7286406114701
"Mouth_Dumbfounded",1,7951,-0.0665338765512212,0.0390680287333747,-0.143107212868636,0.0100394597661932,-6.43687806394769
"Mouth_Dumbfounded",1,7954,-0.0558966657094924,0.0431446123473004,-0.140460105910201,0.0286667744912164,-5.43631524454535
"Mouth_Dumbfounded",1,7955,-0.0639282184054992,0.0433005162167796,-0.148797230190387,0.0209407933793889,-6.19276665581157
"Mouth_Dumbfounded",1,7956,-0.0605290667983959,0.0423835411926717,-0.143600807536032,0.0225426739392407,-5.8733590980174
"Mouth_Dumbfounded",1,7957,-0.0630719527489556,0.0403719471996632,-0.142200969260296,0.0160570637623843,-6.11240834444228
"Mouth_Dumbfounded",1,7958,-0.0656141549770012,0.0395070424632072,-0.143047958204887,0.0118196482508849,-6.35078645806674
"Mouth_Dumbfounded",1,7960,-0.0563191168568222,0.0418189667068629,-0.138284291602273,0.025646057888629,-5.47625534470147
"Mouth_Dumbfounded",1,7962,-0.0655439666685336,0.0431755119228341,-0.150167970037289,0.0190800367002213,-6.34421314749684
"Mouth_Dumbfounded",1,7964,-0.0588003493107315,0.0381531900678686,-0.133580601843754,0.015979903222291,-5.71049999970762
"Mouth_Dumbfounded",1,7966,-0.065818943281532,0.038165274752788,-0.140622881796996,0.00898499523393242,-6.36996275812063
"Mouth_Dumbfounded",1,7967,-0.0600878640935164,0.0439521534047185,-0.146234084766765,0.0260583565797319,-5.83182100676494
"Mouth_Dumbfounded",1,7969,-0.0654823455416369,0.035417921058433,-0.134901470816166,0.00393677973289186,-6.33844179455378
"Mouth_Dumbfounded",1,7970,-0.0662134166817511,0.0420528398414731,-0.148636982771038,0.0162101494075361,-6.40689003338132
"Mouth_Dumbfounded",1,7971,-0.0635582601307395,0.0386386077231144,-0.139289931268044,0.0121734110065648,-6.15805547315484
"Mouth_Dumbfounded",1,7973,-0.0629862853961663,0.0434109915858535,-0.148071828904439,0.0220992581121067,-6.10436489847993
"Mouth_Dumbfounded",1,7974,-0.0608747015666491,0.0369669328935844,-0.133329890038075,0.0115804869047763,-5.90588691603577
"Mouth_Dumbfounded",1,7977,-0.0609710030689095,0.0401741770931469,-0.139712390171477,0.0177703840336584,-5.91494788418019
"Mouth_Dumbfounded",1,7978,-0.0627198937765808,0.0382689781952463,-0.137727091039264,0.0122873034861019,-6.07934855624921
"Mouth_Dumbfounded",1,7980,-0.0630799827719336,0.0397235979389683,-0.140938234732311,0.0147782691884442,-6.11316226093364
"Mouth_Dumbfounded",1,7982,-0.0592567474134242,0.0373455067916587,-0.132453940725075,0.0139404458982269,-5.75352372989036
"Mouth_Dumbfounded",1,7984,-0.0630579043048195,0.0385984034633265,-0.13871077509294,0.0125949664833005,-6.11108936059102
"Mouth_Dumbfounded",1,7987,-0.0614353905854974,0.0402271946217838,-0.140280692044194,0.0174099108731988,-5.95862966445855
"Mouth_Dumbfounded",1,7988,-0.0616879840022704,0.0412509960216767,-0.142539936204757,0.019163968200216,-5.98238089568101
"Mouth_Dumbfounded",1,7989,-0.0633276050784935,0.0347966233642014,-0.131528986872328,0.00487377671534125,-6.13640785806723
"Mouth_Dumbfounded",1,7993,-0.0615076063205921,0.0427721177390989,-0.145340957089226,0.0223257444480417,-5.96542068593439
"Mouth_Dumbfounded",1,7994,-0.0606656123878036,0.0397202600964316,-0.13851732217681,0.0171860974012023,-5.88621079823688
"Mouth_Dumbfounded",1,7995,-0.0684861765924428,0.0401125329411103,-0.147106741157019,0.0101343879721335,-6.61936315996858
"Mouth_Dumbfounded",1,7997,-0.0691908600515829,0.0397881796577958,-0.147175692180863,0.00879397207769687,-6.68514377017764
"Mouth_Dumbfounded",1,7998,-0.0670106393626707,0.0416187828933389,-0.148583453833615,0.0145621751082735,-6.48147484912084
"Mouth_Dumbfounded",1,8002,-0.0643958081176284,0.0383082018567772,-0.139479883756912,0.0106882675216548,-6.23661969963154
"Mouth_Dumbfounded",1,8004,-0.0656481398671757,0.0369767860927227,-0.138122640608912,0.00682636087456091,-6.35396906222336
"Mouth_Dumbfounded",1,8007,-0.0658179965070601,0.03894243163577,-0.142145162513169,0.0105091694990491,-6.36987411154961
"Mouth_Dumbfounded",1,8010,-0.0618174015609795,0.0426625310976754,-0.145435962512423,0.0218011593904642,-5.99454763910904
"Mouth_Dumbfounded",1,8011,-0.0676504959555823,0.0375643596377203,-0.141276640845514,0.00597564893434957,-6.54129415406875
"Mouth_Dumbfounded",1,8013,-0.0667241376579102,0.0380933681933864,-0.141387139316948,0.00793886400112725,-6.45467779372069
"Mouth_Dumbfounded",1,8015,-0.0574749089358884,0.0411981906720142,-0.138223362653036,0.0232735447812593,-5.58544202935031
"Mouth_Dumbfounded",1,8017,-0.0656386759386051,0.0368539681865813,-0.137872453584304,0.00659510170709417,-6.35308279868189
"Mouth_Dumbfounded",1,8018,-0.0625128640364941,0.0373934702921653,-0.135804065809138,0.0107783377361499,-6.0599021752719
"Mouth_Dumbfounded",1,8020,-0.0695680691075273,0.0397263853761024,-0.147431784444688,0.00829564622963348,-6.72033634110617
"Mouth_Dumbfounded",1,8021,-0.0563727443460436,0.0395025787032006,-0.133797798604317,0.0210523099122296,-5.4813242798808
"Mouth_Dumbfounded",1,8022,-0.0641709951103636,0.0378342691283514,-0.138326162601932,0.00998417238120521,-6.21553810251506
"Mouth_Dumbfounded",1,8025,-0.0651498688950809,0.0310751774875214,-0.126057216770623,-0.00424252101953904,-6.3072963364886
"Mouth_Dumbfounded",1,8026,-0.062827461716075,0.0397451335356886,-0.140727923446025,0.0150730000138747,-6.08945086384902
"Mouth_Dumbfounded",1,8027,-0.0700889294317507,0.0347611495163775,-0.138220782483851,-0.00195707637965074,-6.76890936598411
"Mouth_Dumbfounded",1,8028,-0.0631748249692962,0.0377535578908862,-0.137171798435433,0.0108221484968406,-6.12206627268353
"Mouth_Dumbfounded",1,8030,-0.0696127616547924,0.040741005789618,-0.149465133002444,0.010239609692859,-6.72450515372499
"Mouth_Dumbfounded",1,8032,-0.0702885958184849,0.0412373338162667,-0.151113770098368,0.0105365784613978,-6.78752262269959
"Mouth_Dumbfounded",1,8034,-0.0600497585374533,0.0403804602778332,-0.139195460682006,0.0190959436070998,-5.8282326075724
"Mouth_Dumbfounded",1,8036,-0.0613384962779354,0.0398709858759617,-0.13948562859482,0.0168086360389495,-5.94951714952941
"Mouth_Dumbfounded",1,8037,-0.0659923222197039,0.0367740347847983,-0.138069430397909,0.00608478595850076,-6.3861948273685
"Mouth_Dumbfounded",1,8038,-0.0624515932483787,0.0398879101218506,-0.140631897087206,0.0157287105904485,-6.05414621510824
"Mouth_Dumbfounded",1,8040,-0.0585991005178503,0.0409936311029444,-0.138946617479621,0.0217484164439206,-5.69152244210995
"Mouth_Dumbfounded",1,8041,-0.0577718594711404,0.0407191404070549,-0.137581374668968,0.0220376557266871,-5.61347432056735
"Mouth_Dumbfounded",1,8042,-0.0646288578404608,0.0368967165037633,-0.136946422187837,0.00768870650691521,-6.25846868337367
"Mouth_Dumbfounded",1,8043,-0.0690920116196799,0.0422593323482102,-0.151920303022172,0.0137362797828121,-6.67591928706074
"Mouth_Dumbfounded",1,8045,-0.0575910466315624,0.0431144414812618,-0.142095351934836,0.0269132586717108,-5.59640648184565
"Mouth_Dumbfounded",1,8048,-0.0630876014747696,0.0416705756692439,-0.144761929786488,0.0185867268369484,-6.11387755412577
"Mouth_Dumbfounded",1,8051,-0.0585310445589997,0.0427248197261055,-0.142271691222167,0.0252096021041672,-5.68510396983685
"Mouth_Dumbfounded",1,8052,-0.0630750239167473,0.0416124948083377,-0.144635513741089,0.0184854659075946,-6.11269668854704
"Mouth_Dumbfounded",1,8056,-0.0583752545172099,0.0416659797887368,-0.140040574903134,0.0232900658687143,-5.67040950364688
"Mouth_Dumbfounded",1,8057,-0.0620416930552322,0.0395379750141469,-0.13953612408296,0.0154527379724957,-6.01562989811288
"Mouth_Dumbfounded",1,8058,-0.0664951243117817,0.0403740801186493,-0.145628321344334,0.0126380727207709,-6.43325221318927
"Mouth_Dumbfounded",1,8059,-0.0605092182450995,0.0392265099616594,-0.137393177769952,0.0163747412797528,-5.87149080182743
"Mouth_Dumbfounded",1,8060,-0.067456219785763,0.0368090604417489,-0.139601978251591,0.00468953868006487,-6.5231355908298
"Mouth_Dumbfounded",1,8061,-0.0669199724664905,0.0375778738800466,-0.140572605271382,0.00673266033840086,-6.47299543031458
"Mouth_Dumbfounded",1,8065,-0.0615043756253245,0.0403036177319174,-0.140499466379883,0.0174907151292336,-5.96511688837327
"Mouth_Dumbfounded",1,8067,-0.0617901073578098,0.0410557615250502,-0.142259399946908,0.0186791852312885,-5.99198180017713
"Mouth_Dumbfounded",1,8069,-0.0606534566079677,0.0401468666597294,-0.139341315261037,0.0180344020451019,-5.88506676478252
"Mouth_Dumbfounded",1,8070,-0.0599623604477522,0.0393870059562443,-0.137160892121991,0.0172361712264867,-5.82000181532601
"Mouth_Dumbfounded",1,8072,-0.0664903414196722,0.0370244179825087,-0.139058200665389,0.00607751782604482,-6.43280469245934
"Mouth_Dumbfounded",1,8074,-0.0638988187122047,0.0386377273784857,-0.139628764374037,0.0118311269496273,-6.19000871138127
"Mouth_Dumbfounded",1,8076,-0.0642193763907994,0.0376965539242332,-0.138104622082297,0.00966586930069771,-6.22007540510551
"Mouth_Dumbfounded",1,8079,-0.0599824495505261,0.0436270903449373,-0.145491546626603,0.025526647525551,-5.82189378798471
"Mouth_Dumbfounded",1,8081,-0.0603574813922385,0.0384006914363796,-0.135622836607542,0.0149078738230655,-5.85720695441158
"Mouth_Dumbfounded",1,8083,-0.0602809718386574,0.0390840811126382,-0.136885770819428,0.0163238271421135,-5.85000385579336
"Mouth_Dumbfounded",1,8084,-0.0685014742095971,0.040211641260355,-0.147316291079893,0.0103133426606988,-6.6207916502743
"Mouth_Dumbfounded",1,8087,-0.0620823921634074,0.0385506522432003,-0.13764167056008,0.0134768862332652,-6.01945490032083
"Mouth_Dumbfounded",1,8088,-0.059184845257938,0.0404020518481189,-0.138372866880251,0.0200031763643751,-5.74674696147035
"Mouth_Dumbfounded",1,8089,-0.062170036680387,0.0416739030697003,-0.143850886697,0.0195108133362256,-6.02769141885345
"Mouth_Dumbfounded",1,8090,-0.0691037179913813,0.0420232806570162,-0.151469348079133,0.0132619120963706,-6.67701176704375
"Mouth_Dumbfounded",1,8092,-0.0617329833581759,0.042365796327436,-0.14476994415995,0.0213039774435986,-5.98661153279578
"Mouth_Dumbfounded",1,8093,-0.0614160084207456,0.0401391147858054,-0.140088673400924,0.0172566565594329,-5.95680692146092
"Mouth_Dumbfounded",1,8096,-0.0616173856962367,0.0423536201035066,-0.14463048109911,0.0213957097066363,-5.97574317673182
"Mouth_Dumbfounded",1,8099,-0.0628158243138621,0.0419636604149742,-0.145064598727212,0.0194329500994873,-6.08835798265756
"Mouth_Dumbfounded",1,8100,-0.0631139998378793,0.0418434531685231,-0.145127168048185,0.018899168372426,-6.11635596136396
"Mouth_Dumbfounded",1,8103,-0.0620806207270213,0.0380033602549441,-0.136567206826712,0.0124059653726692,-6.0192884196162
"Mouth_Dumbfounded",1,8106,-0.0612682742586694,0.0334574476932126,-0.126844871737366,0.00430832322002734,-5.94291250281762
"Mouth_Dumbfounded",1,8108,-0.0598942655182728,0.0377804498341188,-0.133943947193146,0.0141554161566002,-5.81358841663376
"Mouth_Dumbfounded",1,8110,-0.0607374467950454,0.0424218280790014,-0.143884229829888,0.0224093362397973,-5.89297116368113
"Mouth_Dumbfounded",1,8111,-0.0625368296291136,0.0384344893544786,-0.137868428763892,0.0127947695056645,-6.06215347840998
"Mouth_Dumbfounded",1,8114,-0.0607610092003739,0.0425838029378902,-0.144225262958639,0.0227032445578908,-5.89518852551554
"Mouth_Dumbfounded",1,8117,-0.0602526770179747,0.0402134730247501,-0.139071084146485,0.0185657301105355,-5.84733986084673
"Mouth_Dumbfounded",1,8119,-0.0622244111372523,0.0402778793941035,-0.141169054749695,0.0167202324751905,-6.03280097317704
"Mouth_Dumbfounded",1,8122,-0.0617172096638411,0.0371817931645232,-0.134593524266307,0.0111591049386243,-5.98512858264696
"Mouth_Dumbfounded",1,8125,-0.0650884134616138,0.0348277918509987,-0.133350885489571,0.00317405856634369,-6.30153823384072
"Mouth_Dumbfounded",1,8126,-0.063848825501199,0.0383927887603724,-0.139098691471529,0.011401040469131,-6.18531873145974
"Mouth_Dumbfounded",1,8128,-0.0603187470249582,0.0430666869603151,-0.144729453467176,0.0240919594172594,-5.85356032226442
"Mouth_Dumbfounded",1,8132,-0.0652049725692997,0.0379160952523365,-0.139520519263879,0.00911057412527976,-6.31245900646561
"Mouth_Dumbfounded",1,8135,-0.0612265844816052,0.0408937796181506,-0.14137839253318,0.01892522356997,-5.93899120207004
"Mouth_Dumbfounded",1,8138,-0.068561452521362,0.0405471339592652,-0.148033835081522,0.0109109300387978,-6.62639220958734
"Mouth_Dumbfounded",1,8142,-0.0602940887265895,0.0423397833121473,-0.143280064018398,0.0226918865652192,-5.85123880264224
"Mouth_Dumbfounded",1,8143,-0.0599084199447425,0.0412969095094191,-0.140850362583204,0.021033522693719,-5.814921561836
"Mouth_Dumbfounded",1,8145,-0.060245442073541,0.0439432040726438,-0.146374122055923,0.0258832379088407,-5.84665866911815
"Mouth_Dumbfounded",1,8146,-0.0559003623517983,0.0422939189330875,-0.13879644346065,0.0269957187570533,-5.43666481201691
"Mouth_Dumbfounded",1,8147,-0.0590257417618937,0.0369272854237082,-0.131403221192362,0.0133517376685744,-5.73174974637534
"Mouth_Dumbfounded",1,8148,-0.0588993161296653,0.0397475218631155,-0.136804458981372,0.019005826722041,-5.71983106984072
"Mouth_Dumbfounded",1,8149,-0.067691811592233,0.0442890322749335,-0.154498314851103,0.0191146916666366,-6.54515538023627
"Mouth_Dumbfounded",1,8150,-0.0607586438655644,0.040897727020911,-0.14091818882655,0.0194009010954212,-5.89496593586597
"Mouth_Dumbfounded",1,8151,-0.0619613774533598,0.0425678773434528,-0.145394417046527,0.0214716621398078,-6.00808118372584
"Mouth_Dumbfounded",1,8152,-0.0661855100153375,0.0378939864512344,-0.140457723459757,0.00808670342908188,-6.4042781252382
"Mouth_Dumbfounded",1,8154,-0.0617641244494603,0.0383175682665829,-0.136866558251963,0.0133383093530422,-5.9895391667229
"Mouth_Dumbfounded",1,8156,-0.0603484843327524,0.0371069528045098,-0.133078111829592,0.0123811431640868,-5.85635994229206
"Mouth_Dumbfounded",1,8158,-0.0645591374593274,0.0383311470119635,-0.139688185602776,0.010569910684121,-6.25193276024137
"Mouth_Dumbfounded",1,8161,-0.0614947199351129,0.0392542388539012,-0.138433028088759,0.0154435882185335,-5.96420891228929
"Mouth_Dumbfounded",1,8164,-0.0621236895847523,0.0455385898671037,-0.151379325724276,0.0271319465547711,-6.02333597435031
"Mouth_Dumbfounded",1,8167,-0.0629478076937487,0.0430867601817686,-0.147397857650015,0.0215022422625178,-6.10075194066547
"Mouth_Dumbfounded",1,8168,-0.0607357463086438,0.044289320770538,-0.147542815018898,0.0260713224016108,-5.89281113582223
"Mouth_Dumbfounded",1,8169,-0.0612130622607807,0.0398308143490926,-0.139281458385002,0.0168553338634408,-5.93771927973851
"Mouth_Dumbfounded",1,8170,-0.0611659351311396,0.0419099056366415,-0.143309350178957,0.0209774799166778,-5.93328628998445
"Mouth_Dumbfounded",1,8173,-0.0635218503453657,0.0443461245571459,-0.150440254477372,0.0233965537866403,-6.15463864589297
"Mouth_Dumbfounded",1,8174,-0.0589086497433113,0.0373272291034463,-0.132070018786066,0.0142527192994435,-5.72071104040534
"Mouth_Dumbfounded",1,8175,-0.0622942120396758,0.0405034667294554,-0.141681006829408,0.0170925827500568,-6.03935973956077
"Mouth_Dumbfounded",1,8176,-0.0574160241712521,0.0447469458005966,-0.145120037940421,0.0302879895979172,-5.57988228663551
"Mouth_Dumbfounded",1,8178,-0.0614473766105459,0.0396584239150907,-0.139177887484124,0.0162831342630319,-5.95975683992379
"Mouth_Dumbfounded",1,8179,-0.061705205888384,0.0404064828338523,-0.140901912242735,0.0174915004659665,-5.98400004246747
"Mouth_Dumbfounded",1,8180,-0.0651009884607291,0.036725472533675,-0.137082914626732,0.00688093770527388,-6.30271648450628
"Mouth_Dumbfounded",1,8184,-0.062341053432663,0.0419183181303732,-0.144500956968195,0.0198188501028686,-6.04376088375786
"Mouth_Dumbfounded",1,8186,-0.066455454770224,0.0395655514467378,-0.14400393560583,0.011093026065382,-6.42954038957683
"Mouth_Dumbfounded",1,8187,-0.0612076286328162,0.0402381468197281,-0.140074396399483,0.0176591391338509,-5.93720817891102
"Mouth_Dumbfounded",1,8188,-0.0670476411803777,0.0409287838042868,-0.14726805743678,0.0131727750760244,-6.48493514052176
"Mouth_Dumbfounded",1,8190,-0.0604770891543062,0.0371665404415888,-0.13332350841982,0.0123693301112078,-5.86846648982522
"Mouth_Dumbfounded",1,8191,-0.0578630665664114,0.0422947534945572,-0.140760783415743,0.0250346502829207,-5.62208264883101
"Mouth_Dumbfounded",1,8195,-0.0628268187289055,0.0387162815349707,-0.138710730537448,0.0130570930796371,-6.08939048055143
"Mouth_Dumbfounded",1,8196,-0.06327476908015,0.0355451195748439,-0.132943203446844,0.00639366528654405,-6.13144835044919
"Mouth_Dumbfounded",1,8200,-0.0660893539742969,0.0414563922985821,-0.147343882879518,0.0151651749309241,-6.39527789845824
"Mouth_Dumbfounded",1,8202,-0.0608580039683697,0.0410559904525948,-0.141327745255455,0.019611737318716,-5.90431575721778
"Mouth_Dumbfounded",1,8204,-0.0604603093988037,0.0381484495730404,-0.135231270561963,0.0143106517643555,-5.86688697245592
"Mouth_Dumbfounded",1,8208,-0.0651336134944071,0.037821721261667,-0.139264187167274,0.00899696017846016,-6.30577331167168
"Mouth_Dumbfounded",1,8209,-0.0603676184357406,0.0403000095730707,-0.139355637198959,0.018620400327478,-5.85816127916307
"Mouth_Dumbfounded",1,8211,-0.0583989620055341,0.0367983700163724,-0.130523767237624,0.0137258432265559,-5.67264579480367
"Mouth_Dumbfounded",1,8212,-0.0592423711466392,0.0422059267578029,-0.141965987591933,0.0234812452986544,-5.75216880766462
"Mouth_Dumbfounded",1,8213,-0.0613642242133917,0.0426251659553186,-0.144909549485816,0.0221811010590329,-5.95193684315484
"Mouth_Dumbfounded",1,8214,-0.0612504691881615,0.0405844659593034,-0.140796022468396,0.0182950840920731,-5.94123779483386
"Mouth_Dumbfounded",1,8215,-0.0629770277708438,0.0400464339707856,-0.141468038353584,0.0155139828118959,-6.10349564384715
"Mouth_Dumbfounded",1,8216,-0.0603869393383163,0.0387941967166473,-0.136423564902945,0.0156496862263125,-5.85998016688595
"Mouth_Dumbfounded",1,8217,-0.0654582347849885,0.0401299086749521,-0.144112855787895,0.0131963862179176,-6.33618351629228
"Mouth_Dumbfounded",1,8218,-0.0669030951408674,0.0377217793703558,-0.140837782706765,0.00703159242502996,-6.47141693128351
"Mouth_Dumbfounded",1,8220,-0.0627079544970651,0.0405890827033102,-0.142262556595553,0.016846647601423,-6.07822720464528
"Mouth_Dumbfounded",1,8221,-0.0628044120766752,0.0408693866905299,-0.142908409990114,0.0172995858367634,-6.08728623460873
"Mouth_Dumbfounded",1,8222,-0.0634268610490105,0.04008365165127,-0.1419908182855,0.0151370961874787,-6.14572391765656
"Mouth_Dumbfounded",1,8223,-0.0572212417193339,0.0382494802380404,-0.132190222985893,0.0177477395472253,-5.56148911332135
"Mouth_Dumbfounded",1,8224,-0.0608267641785753,0.0375814362246182,-0.134486379178827,0.0128328508216764,-5.90137618190586
"Mouth_Dumbfounded",1,8225,-0.0676774817484768,0.0418024012905621,-0.149610188277979,0.014255224781025,-6.54381617731935
"Mouth_Dumbfounded",1,8226,-0.064624653370386,0.0371902688523581,-0.137517580321008,0.00826827358023592,-6.25807454908193
"Mouth_Dumbfounded",1,8228,-0.0608387227983125,0.0413125619990658,-0.141811344316481,0.0201338987198564,-5.90250146483746
"Mouth_Dumbfounded",1,8229,-0.0600188429770103,0.0389801948168566,-0.136420024818049,0.0163823388640287,-5.82532118960174
"Mouth_Dumbfounded",1,8231,-0.0605220635684665,0.0427867890273634,-0.144384170062099,0.0233400429251658,-5.87269990520045
"Mouth_Dumbfounded",1,8233,-0.0618075489933649,0.0387313686501162,-0.137721031547593,0.0141059335608629,-5.99362143947079
"Mouth_Dumbfounded",1,8235,-0.0578090666239148,0.0383336378116236,-0.132942996734697,0.0173248634868674,-5.61698610911591
"Mouth_Dumbfounded",1,8236,-0.0639826451955377,0.0392420781791855,-0.140897118426741,0.0129318280356658,-6.19787214346597
"Mouth_Dumbfounded",1,8237,-0.0598279116011775,0.0379472547200841,-0.134204530852542,0.0145487076501873,-5.80733857193952
"Mouth_Dumbfounded",1,8241,-0.0660468125691324,0.0370363255506364,-0.13863801064838,0.0065443855101149,-6.39129573734725
"Mouth_Dumbfounded",1,8243,-0.0591900875008535,0.0417817496458708,-0.14108231680676,0.0227021418050532,-5.74724105862327
"Mouth_Dumbfounded",1,8245,-0.0625407004643576,0.043366647519086,-0.147539329601766,0.022457928673051,-6.0625170956333
"Mouth_Dumbfounded",1,8247,-0.0637884519581195,0.0394920940612012,-0.141192956318074,0.0136160524018348,-6.17965463577964
"Mouth_Dumbfounded",1,8252,-0.0615936802273565,0.0427792159587017,-0.145440943506412,0.0222535830516989,-5.97351426121907
"Mouth_Dumbfounded",1,8255,-0.0595701836434703,0.0379282035164746,-0.13390946253576,0.0147690952488199,-5.78305936109734
"Mouth_Dumbfounded",1,8256,-0.0659161659244461,0.0375824037864614,-0.13957767734591,0.00774534549701814,-6.37906527530487
"Mouth_Dumbfounded",1,8258,-0.0592567638347635,0.0421304153010675,-0.141832377824856,0.0233188501553288,-5.75352527754371
"Mouth_Dumbfounded",1,8259,-0.0633529882199682,0.0401466445651068,-0.142040411567578,0.0153344351276412,-6.1387903806678
"Mouth_Dumbfounded",1,8260,-0.0632605495445652,0.0388592169873161,-0.139424614839705,0.0129035157505744,-6.13011357374879
"Mouth_Dumbfounded",1,8261,-0.0679684839197118,0.03728392058316,-0.141044968262705,0.00510800042328184,-6.57100817307029
"Mouth_Dumbfounded",1,8263,-0.0641043276223882,0.0423663343395396,-0.147142342927886,0.0189336876831095,-6.20928551960955
"Mouth_Dumbfounded",1,8265,-0.0606457652083996,0.0385902960651429,-0.13628274549608,0.0149912150792805,-5.88434288644187
"Mouth_Dumbfounded",1,8267,-0.0589512214270613,0.0402382603678165,-0.137818211747982,0.019915768893859,-5.72472458304686
"Mouth_Dumbfounded",1,8269,-0.066251745327144,0.0400004700851567,-0.144652666694051,0.0121491760397631,-6.4104772617572
"Mouth_Dumbfounded",1,8270,-0.0599798398703771,0.0436922795351332,-0.145616707759238,0.0256570280184841,-5.82164801292976
"Mouth_Dumbfounded",1,8271,-0.0586432394155774,0.036632163831225,-0.130442280524778,0.0131558016936236,-5.69568502248915
"Mouth_Dumbfounded",1,8272,-0.0596568391551106,0.0400913021325101,-0.13823579133483,0.0189221130246093,-5.79122342455793
"Mouth_Dumbfounded",1,8274,-0.0586514148497611,0.0419822929901507,-0.140936709110457,0.0236338794109343,-5.69645599805796
"Mouth_Dumbfounded",1,8275,-0.0629723999493218,0.0353497212812337,-0.13225785366054,0.00631305376189632,-6.10306110657796
"Mouth_Dumbfounded",1,8276,-0.0602316482815808,0.0389939330200998,-0.136659757000976,0.0161964604378148,-5.84535992855821
"Mouth_Dumbfounded",1,8278,-0.0654273675971988,0.0397168941799132,-0.143272480189829,0.0124177449954311,-6.33329233305866
"Mouth_Dumbfounded",1,8280,-0.0565510051341609,0.0401775616902528,-0.135299026047056,0.0221970157787346,-5.49817175184003
"Mouth_Dumbfounded",1,8281,-0.0647075909536377,0.0365990079739446,-0.136441646582569,0.00702646467529366,-6.2658489554285
"Mouth_Dumbfounded",1,8282,-0.0645252710804007,0.0427348869409537,-0.14828564948467,0.0192351073238685,-6.24875779891067
"Mouth_Dumbfounded",1,8283,-0.0695703477624689,0.0337014058753804,-0.135625103278214,-0.00351559224672339,-6.72054889303054
"Mouth_Dumbfounded",1,8288,-0.0619592410605124,0.0407441896673851,-0.141817852808587,0.0178993706875623,-6.00788037984828
"Mouth_Dumbfounded",1,8291,-0.0648869534204098,0.0399023803348485,-0.143095618876713,0.0133217120358932,-6.28265983631504
"Mouth_Dumbfounded",1,8294,-0.0656905020450517,0.0403553326606346,-0.144786954059896,0.0134059499697922,-6.35793602801807
"Mouth_Dumbfounded",1,8295,-0.0623704822220186,0.0401507352732632,-0.141065923357615,0.0163249589135774,-6.04652586144229
"Mouth_Dumbfounded",1,8296,-0.0672789807982556,0.0382786708190699,-0.142305175603633,0.00774721400712136,-6.50656637771464
"Mouth_Dumbfounded",1,8297,-0.0590177473389989,0.0382309585563679,-0.13395042610948,0.0159149314314823,-5.73099612310486
"Mouth_Dumbfounded",1,8299,-0.0648427965586373,0.0422068279676522,-0.147568179375236,0.0178825862579611,-6.27852148131203
"Mouth_Dumbfounded",1,8301,-0.0602971887902719,0.0350289086593899,-0.128953849762676,0.00835947218213232,-5.85153066934517
"Mouth_Dumbfounded",1,8309,-0.0625777573626891,0.0370905565611264,-0.135275248222497,0.0101197334971186,-6.06599806288948
"Mouth_Dumbfounded",1,8313,-0.0612082748901249,0.0419922729598139,-0.14351312989136,0.0210965801111103,-5.93726896765807
"Mouth_Dumbfounded",1,8314,-0.0667254498304737,0.0377467174566557,-0.140709016045519,0.00725811638457138,-6.4548005412454
"Mouth_Dumbfounded",1,8315,-0.0592067210299642,0.0412939949345703,-0.140142951101722,0.0217295090417936,-5.7488088015943
"Mouth_Dumbfounded",1,8316,-0.0660747245303876,0.0399794243301139,-0.144434396217411,0.0122849471566356,-6.39390850340988
"Mouth_Dumbfounded",1,8318,-0.0580027315768942,0.0397942017639067,-0.135999367034151,0.019993903880363,-5.63526302120736
"Mouth_Dumbfounded",1,8319,-0.0596956075372076,0.0405075196939104,-0.139090346137272,0.0196991310628567,-5.79487567560871
"Mouth_Dumbfounded",1,8320,-0.0607333315659184,0.0389375754835621,-0.1370509795137,0.0155843163818633,-5.89258389089815
"Mouth_Dumbfounded",1,8321,-0.0622923179401163,0.0383521441414489,-0.137462520457356,0.0128778845771235,-6.03918176858489
"Mouth_Dumbfounded",1,8322,-0.0619171025101538,0.039437535499668,-0.139214672089503,0.0153804670691954,-6.00391960473228
"Mouth_Dumbfounded",1,8324,-0.0600145713247983,0.0400499463287214,-0.138512466129092,0.0184833234794956,-5.82491890726747
"Mouth_Dumbfounded",1,8327,-0.0697252245364459,0.0387560593115649,-0.145687100787113,0.00623665171422134,-6.73499459481562
"Mouth_Dumbfounded",1,8329,-0.0636557759992218,0.0414661158397566,-0.144929363045145,0.0176178110467013,-6.16720610570226
"Mouth_Dumbfounded",1,8331,-0.0649174899567142,0.0414520838531078,-0.146163574308805,0.0163285943953771,-6.28552159558097
"Mouth_Dumbfounded",1,8332,-0.0627191002443665,0.0403522024983421,-0.141809417141117,0.0163712166523841,-6.07927402715713
"Mouth_Dumbfounded",1,8333,-0.0578174437616422,0.0392911973898924,-0.134828190645831,0.0191933031225469,-5.61777676531068
"Mouth_Dumbfounded",1,8336,-0.0634380981018308,0.0380269366388962,-0.137970893914067,0.0110946977104057,-6.14677855718878
"Mouth_Dumbfounded",1,8339,-0.0624282973684243,0.0434475752606397,-0.147585544879278,0.0227289501424296,-6.05195763828392
"Mouth_Dumbfounded",1,8341,-0.0682115723634949,0.0382341960588957,-0.14315059663893,0.00672745191194067,-6.59371692106879
"Mouth_Dumbfounded",1,8343,-0.0613600543638622,0.0403882533648977,-0.140521030959062,0.0178009222313374,-5.95154467606529
"Mouth_Dumbfounded",1,8345,-0.0634325865261131,0.0408687632366083,-0.143535362469865,0.0166701894176392,-6.14626127662693
"Mouth_Dumbfounded",1,8347,-0.0577145435757491,0.0415560494760761,-0.139164400548858,0.02373531339736,-5.60806431729705
"Mouth_Dumbfounded",1,8348,-0.0582148761232289,0.0399529491748996,-0.136522656506032,0.0200929042595743,-5.65527986221682
"Mouth_Dumbfounded",1,8349,-0.0589185567425939,0.0438606633682418,-0.144885456944348,0.0270483434591601,-5.72164506062675
"Mouth_Dumbfounded",1,8353,-0.0638036961570458,0.03957309251588,-0.141366957488171,0.013759565174079,-6.18108484088652
"Mouth_Dumbfounded",1,8355,-0.0609372051409284,0.0413667998422272,-0.142016132831694,0.020141722549837,-5.9117679506274
"Mouth_Dumbfounded",1,8357,-0.0633003099371028,0.0388740338168243,-0.139493416218078,0.0128927963438729,-6.1338458030826
"Mouth_Dumbfounded",1,8358,-0.0649314815385169,0.0366899800445267,-0.136843842425789,0.00698087934875537,-6.28683280019873
"Mouth_Dumbfounded",1,8359,-0.0608745004864967,0.0400479617774216,-0.139368505570243,0.0176195045972497,-5.90586799557526
"Mouth_Dumbfounded",1,8361,-0.0641802826794653,0.0379125369896646,-0.138488855179208,0.0101282898202774,-6.21640912814074
"Mouth_Dumbfounded",1,8365,-0.0644429416340038,0.037258536856689,-0.137469673873114,0.00858379060510661,-6.2410389933031
"Mouth_Dumbfounded",1,8366,-0.0651259448619788,0.0417756324711965,-0.147006184505524,0.0167542947815662,-6.30505480233157
"Mouth_Dumbfounded",1,8367,-0.0661301659880709,0.0410870575624776,-0.146660798810527,0.0144004668343851,-6.39909801771205
"Mouth_Dumbfounded",1,8369,-0.0628520255943405,0.0340862495932067,-0.129661074797026,0.00395702360834471,-6.09175764281401
"Mouth_Dumbfounded",1,8371,-0.0641536357541853,0.0427139245265364,-0.147872927826197,0.019565656317826,-6.21391005050607
"Mouth_Dumbfounded",1,8374,-0.0662247071842022,0.0421135372843354,-0.1487672402615,0.0163178258930951,-6.4079467406534
"Mouth_Dumbfounded",1,8376,-0.064031194035672,0.0337881835027957,-0.130256033701152,0.00219364562980753,-6.202426017432
"Mouth_Dumbfounded",1,8377,-0.0601883419349493,0.0398192122948722,-0.138233998032899,0.0178573141630001,-5.84128234678637
"Mouth_Dumbfounded",1,8378,-0.0699615556595493,0.0408422301169074,-0.150012326688688,0.0100892153695893,-6.75703341395726
"Mouth_Dumbfounded",1,8387,-0.0677414459895228,0.0386961579029429,-0.143585915479291,0.00810302350024526,-6.54979384000826
"Mouth_Dumbfounded",1,8390,-0.0585536413136703,0.0408073395563047,-0.138536026844028,0.021428744216687,-5.68723515632519
"Mouth_Dumbfounded",1,8392,-0.0592832488582682,0.0418140453737275,-0.141238777790774,0.0226722800742376,-5.75602136458736
"Mouth_Dumbfounded",1,8393,-0.0644115741917256,0.0368183102759394,-0.136575462332567,0.00775231394911569,-6.23809796837967
"Mouth_Dumbfounded",1,8396,-0.0629006160929764,0.0388876895315141,-0.139120487574744,0.0133192553887912,-6.09632058027757
"Mouth_Dumbfounded",1,8397,-0.061313791560969,0.036397671044512,-0.132653226808213,0.0100256436862746,-5.94719363026921
"Mouth_Dumbfounded",1,8398,-0.063624018684861,0.0382269387876046,-0.138548818708566,0.011300781338844,-6.16422618085225
"Mouth_Dumbfounded",1,8401,-0.0616730502956206,0.0364618406129052,-0.133138257896915,0.00979215730567349,-5.98097685365364
"Mouth_Dumbfounded",1,8406,-0.0584260891469964,0.0397112185455335,-0.136260077496242,0.0194078992022493,-5.67520459157838
"Mouth_Dumbfounded",1,8407,-0.0626416621767015,0.037600749268295,-0.13633913074256,0.0110558063891567,-6.07200070601177
"Mouth_Dumbfounded",1,8409,-0.0629331979007246,0.0390811985742382,-0.139532347106232,0.0136659513047823,-6.09938008206495
"Mouth_Dumbfounded",1,8410,-0.0680960500912586,0.034482904040564,-0.135682542010764,-0.000509558171753202,-6.58292579171048
"Mouth_Dumbfounded",1,8411,-0.0632252768012711,0.0364792073273247,-0.134724523162828,0.00827396956028539,-6.12680246694626
"Mouth_Dumbfounded",1,8413,-0.0586515578813301,0.0355624641075913,-0.128353987532209,0.0110508717695488,-5.69646948644085
"Mouth_Dumbfounded",1,8419,-0.060863004387586,0.0436385639799694,-0.146394589788326,0.024668581013154,-5.90478627390905
"Mouth_Dumbfounded",1,8420,-0.0634487654493801,0.0394641463327659,-0.140798492261601,0.0139009613628411,-6.14777971678067
"Mouth_Dumbfounded",1,8423,-0.0617216259666795,0.0407743894955183,-0.141639429377895,0.0181961774445364,-5.98554377987363
"Mouth_Dumbfounded",1,8424,-0.0608207407517942,0.0409575706824762,-0.141097579289448,0.0194560977858592,-5.90080938402806
"Mouth_Dumbfounded",1,8430,-0.0640724677363266,0.0362522688833497,-0.135126914747692,0.00698197927503885,-6.20629731053083
"Mouth_Dumbfounded",1,8433,-0.0606420516389337,0.0416471232311188,-0.142270413171926,0.0209863098940591,-5.88399338076239
"Mouth_Dumbfounded",1,8434,-0.0656781874107396,0.039998004332243,-0.144074275901936,0.0127179010804568,-6.35678285314358
"Mouth_Dumbfounded",1,8436,-0.0646211478312717,0.041746247157726,-0.146443792260415,0.0172014965978713,-6.25774593251962
"Mouth_Dumbfounded",1,8437,-0.0629954729918192,0.0375983770141632,-0.136688291939579,0.0106973459559406,-6.10522756964588
"Mouth_Dumbfounded",1,8438,-0.0593050461571099,0.0425278105549732,-0.142659554844857,0.0240494625306376,-5.75807560636517
"Mouth_Dumbfounded",1,8442,-0.0611577887025238,0.0328955153217506,-0.125632998733155,0.00331742132810746,-5.93251997909474
"Mouth_Dumbfounded",1,8444,-0.059851400520154,0.0421264875594307,-0.142419316136638,0.0227165150963302,-5.80955102974776
"Mouth_Dumbfounded",1,8449,-0.064782246595548,0.0372285629411258,-0.137750229960155,0.00818573676905852,-6.27284647743814
"Mouth_Dumbfounded",1,8451,-0.0612203713993787,0.0403511284952529,-0.140308583250074,0.0178678404513169,-5.93840679147258
"Mouth_Dumbfounded",1,8452,-0.0668840583463021,0.0356399842266231,-0.136738427430483,0.00297031073787907,-6.4696364299142
"Mouth_Dumbfounded",1,8454,-0.0620090599857119,0.0416078164268369,-0.143560380182312,0.0195422602108884,-6.0125628495862
"Mouth_Dumbfounded",1,8456,-0.0655193347369761,0.0381974757618478,-0.140386387230198,0.00934771775624559,-6.3419061961529
"Mouth_Dumbfounded",1,8459,-0.0587522480660454,0.0367041697737194,-0.130692420822536,0.0131879246904447,-5.70596444831482
"Mouth_Dumbfounded",1,8460,-0.065423751984646,0.039631343892103,-0.143101186013168,0.0122536820438758,-6.33295366992241
"Mouth_Dumbfounded",1,8463,-0.0629701077154866,0.0414198589116912,-0.144153031182401,0.0182128157514281,-6.10284587259092
"Mouth_Dumbfounded",1,8464,-0.0594771390471635,0.0371406652841721,-0.132272843004141,0.0133185649098138,-5.77429257604567
"Mouth_Dumbfounded",1,8466,-0.0609218603656945,0.040919777665897,-0.141124624590853,0.0192809038594635,-5.91032417677728
"Mouth_Dumbfounded",1,8467,-0.0706312270853295,0.0353152292354198,-0.139849076386752,-0.00141337778390677,-6.81945466113932
"Mouth_Dumbfounded",1,8468,-0.0639704596539995,0.035737294253163,-0.134015556390199,0.00607463708219996,-6.19672910677636
"Mouth_Dumbfounded",1,8469,-0.061005993795132,0.0418952324807589,-0.143120649457419,0.0211086618671554,-5.9182399308845
"Mouth_Dumbfounded",1,8475,-0.0622711932294036,0.0378504706965727,-0.136458115794686,0.0119157293358789,-6.0371968525161
"Mouth_Dumbfounded",1,8476,-0.0642286602695306,0.0393604654529596,-0.141375172557331,0.0129178520182702,-6.22094604251142
"Mouth_Dumbfounded",1,8477,-0.0675350476086552,0.0356004432447787,-0.137311916368421,0.00224182115111098,-6.53050387812512
"Mouth_Dumbfounded",1,8478,-0.0601730904221618,0.0425437165154612,-0.143558774792466,0.0232125939481421,-5.83984627294891
"Mouth_Dumbfounded",1,8479,-0.0615839497425978,0.0405319849196264,-0.141026640185066,0.01785874069987,-5.97259933348134
"Mouth_Dumbfounded",1,8480,-0.0573592400054222,0.0396580485975091,-0.13508901525654,0.0203705352456957,-5.57452056678463
"Mouth_Dumbfounded",1,8481,-0.06567343131964,0.0392805531013017,-0.142663315398191,0.0113164527589112,-6.35633747641285
"Mouth_Dumbfounded",1,8484,-0.0663287644883953,0.0375834496640805,-0.139992325829993,0.0073347968532025,-6.4176851707233
"Mouth_Dumbfounded",1,8485,-0.0656252736086139,0.0400718966751919,-0.14416619109199,0.0129156438747622,-6.35182770338432
"Mouth_Dumbfounded",1,8487,-0.061211811577552,0.0412535184887741,-0.142068707815549,0.0196450846604452,-5.937601637548
"Mouth_Dumbfounded",1,8489,-0.060354077494592,0.0434496549141294,-0.145515401126286,0.0248072461371017,-5.8568865014345
"Mouth_Dumbfounded",1,8490,-0.0622934934076487,0.0410022551515008,-0.14265791350459,0.0180709266892928,-6.03929221641112
"Mouth_Dumbfounded",1,8493,-0.0637806421641305,0.0385152459900894,-0.139270524304706,0.0117092399764446,-6.17892191534918
"Mouth_Dumbfounded",1,8495,-0.0603431880759296,0.0396455326052832,-0.138048431982285,0.0173620558304255,-5.85586133207569
"Mouth_Dumbfounded",1,8496,-0.0608864878712735,0.0414286325107722,-0.142086607592387,0.02031363184984,-5.90699593138033
"Mouth_Dumbfounded",1,8497,-0.0648147857728742,0.0386053133981624,-0.140481200033272,0.0108516284875241,-6.27589623228837
"Mouth_Dumbfounded",1,8499,-0.0630734146101983,0.0367186567381362,-0.135041981816945,0.00889515259654872,-6.11254559497336
"Mouth_Dumbfounded",1,8500,-0.0625313103751364,0.0404550601516254,-0.141823228272322,0.0167606075220493,-6.06163501014618
"Mouth_Dumbfounded",1,8502,-0.0653203718622512,0.0421990163359966,-0.148030443880805,0.0173897001563022,-6.32326985866027
"Mouth_Dumbfounded",1,8504,-0.0608365897924368,0.0433758340661703,-0.14585322456213,0.0241800449772569,-5.90230075410614
"Mouth_Dumbfounded",1,8506,-0.0613126150255002,0.0402016286210999,-0.140107807122856,0.0174825770718556,-5.94708297374149
"Mouth_Dumbfounded",1,8507,-0.0621124219328393,0.0366874223764111,-0.134019769790605,0.00979492592492645,-6.02227707204646
"Mouth_Dumbfounded",1,8508,-0.0571069064207325,0.0402840577497635,-0.136063659610269,0.0218498467688039,-5.55069084067955
"Mouth_Dumbfounded",1,8510,-0.0648053379187851,0.0397823289526809,-0.14277870266604,0.0131680268284694,-6.27501073644834
"Mouth_Dumbfounded",1,8512,-0.0609971261108936,0.0358539394253814,-0.131270847384641,0.00927659516285383,-5.91740563984452
"Mouth_Dumbfounded",1,8513,-0.0637962402851673,0.0369705401078461,-0.136258498896546,0.00866601832621117,-6.1803853364676
"Mouth_Dumbfounded",1,8516,-0.0626717939628034,0.0394176313692568,-0.139930351446547,0.0145867635209399,-6.07483088175613
"Mouth_Dumbfounded",1,8518,-0.0599896370111501,0.0362782388532229,-0.131094985163467,0.0111157111411668,-5.82257068698215
"Mouth_Dumbfounded",1,8521,-0.0608966719174207,0.0438075225250903,-0.146759416066598,0.0249660722317564,-5.90795417399649
"Mouth_Dumbfounded",1,8522,-0.0652130898612093,0.0385342393472172,-0.140740198981755,0.0103140192593364,-6.31321949249759
"Mouth_Dumbfounded",1,8531,-0.0648527696174714,0.0347426375065584,-0.132948339130326,0.00324279989538308,-6.27945616647047
"Mouth_Dumbfounded",1,8534,-0.0593227395461065,0.0423393605655792,-0.142307886254642,0.0236624071624287,-5.75974305064184
"Mouth_Dumbfounded",1,8538,-0.0621915292646982,0.0345948417540986,-0.129997419102731,0.00561436057333503,-6.02971110491434
"Mouth_Dumbfounded",1,8540,-0.0646433484391106,0.0419232913274046,-0.146812999440824,0.0175263025626024,-6.25982704443905
"Mouth_Dumbfounded",1,8542,-0.0602385041999384,0.0419221148558951,-0.142405849317493,0.021928840917616,-5.84600544287074
"Mouth_Dumbfounded",1,8543,-0.0621665476947385,0.0406143254416764,-0.141770625560424,0.0174375301709473,-6.02736355024549
"Mouth_Dumbfounded",1,8544,-0.0576777386014471,0.0395628479891005,-0.135220920660084,0.0198654434571899,-5.60459016059719
"Mouth_Dumbfounded",1,8545,-0.0608585172005957,0.0419690868851417,-0.143117927495473,0.021400893094282,-5.90436405014287
"Mouth_Dumbfounded",1,8546,-0.0663687082994343,0.0408101258263674,-0.146356554919114,0.0136191383202457,-6.42142313036875
"Mouth_Dumbfounded",1,8547,-0.0613988165830883,0.0378298077975656,-0.135545239866317,0.0127476067001403,-5.955190132255
"Mouth_Dumbfounded",1,8548,-0.0592342972865257,0.0385392170828916,-0.134771162768993,0.016302568195942,-5.75140786078768
"Mouth_Dumbfounded",1,8551,-0.0632426720389552,0.037530266106022,-0.136801993606758,0.0103166495288478,-6.12843539932684
"Mouth_Dumbfounded",1,8552,-0.0672158439122878,0.0347779690205501,-0.135380663192566,0.000948975367990504,-6.5006633071085
"Mouth_Dumbfounded",1,8554,-0.062730784586594,0.038152998382714,-0.137510661416713,0.0120490922435255,-6.08037142265047
"Mouth_Dumbfounded",1,8556,-0.0586591398897968,0.0435567737663201,-0.144030416471784,0.0267121366921906,-5.69718449389705
"Mouth_Dumbfounded",1,8558,-0.057573824587461,0.0426992055470924,-0.141264267459762,0.0261166182848401,-5.59478064499467
"Mouth_Dumbfounded",1,8559,-0.058880194747567,0.0399195087332823,-0.1371224318648,0.0193620423696662,-5.71802828547051
"Mouth_Dumbfounded",1,8564,-0.0592546623168875,0.0447115937427588,-0.146889386052695,0.0283800614189198,-5.75332721668422
"Mouth_Dumbfounded",1,8566,-0.0655031241204474,0.0436228788887504,-0.151003966742398,0.0199977185015033,-6.34038792840346
"Mouth_Dumbfounded",1,8567,-0.0638117535506059,0.042395138377751,-0.146906224770998,0.019282717669786,-6.18184077376391
"Mouth_Dumbfounded",1,8574,-0.0598241990207562,0.040249109174169,-0.138712453002127,0.0190640549606149,-5.80698887345973
"Mouth_Dumbfounded",1,8575,-0.0659309508893772,0.0291303632851461,-0.123026462928263,-0.00883543885049087,-6.3804494473091
"Mouth_Dumbfounded",1,8576,-0.0663336562467523,0.0423668479744115,-0.149372678276599,0.0167053657830942,-6.41814295167426
"Mouth_Dumbfounded",1,8578,-0.0695907306327754,0.0392765815848823,-0.146572830539145,0.00739136927359386,-6.72245017660785
"Mouth_Dumbfounded",1,8579,-0.06592362267831,0.0406383829382951,-0.145574853237368,0.0137276078807484,-6.37976338096882
"Mouth_Dumbfounded",1,8581,-0.0614685381749553,0.0370637453030507,-0.134113478968935,0.011176402619024,-5.96174685753049
"Mouth_Dumbfounded",1,8582,-0.0694548727413529,0.0409752639816107,-0.14976639014531,0.0108566446626042,-6.70977682450383
"Mouth_Dumbfounded",1,8583,-0.0674021917747909,0.0323013285368495,-0.130712795707016,-0.00409158784256597,-6.5180850853407
"Mouth_Dumbfounded",1,8584,-0.0666302237960091,0.0399684029585266,-0.144968293594721,0.0117078460027031,-6.44589217871046
"Mouth_Dumbfounded",1,8588,-0.0625054042656846,0.042298011014576,-0.145409505854254,0.0203986973228843,-6.0592014010585
"Mouth_Dumbfounded",1,8590,-0.0665599575929577,0.0318647063494472,-0.129014782037874,-0.00410513314804123,-6.4393182558144
"Mouth_Dumbfounded",1,8592,-0.0589570280789594,0.0422255611076428,-0.141719127849939,0.0238050716920205,-5.72527200516445
"Mouth_Dumbfounded",1,8594,-0.062545888992662,0.0443152643085499,-0.14940380703742,0.0243120290520959,-6.06300449165775
"Mouth_Dumbfounded",1,8597,-0.0597762568663458,0.0386899795970816,-0.135608616876626,0.016056103143934,-5.80247294932522
"Mouth_Dumbfounded",1,8598,-0.0632702299160416,0.0417723191112338,-0.14514397537406,0.0186035155419766,-6.13102226472159
"Mouth_Dumbfounded",1,8600,-0.0659229941258467,0.0427512973519677,-0.149715536935703,0.01786954868401,-6.37970453571998
"Mouth_Dumbfounded",1,8603,-0.0617288604161491,0.0393352831937187,-0.138826015475838,0.0153682946435396,-5.98622392024634
"Mouth_Dumbfounded",1,8604,-0.0649530656697159,0.0400937241110901,-0.143536764927453,0.0136306335880207,-6.2888554956655
"Mouth_Dumbfounded",1,8606,-0.0664401195115434,0.0415077067776853,-0.147795224795807,0.0149149857727197,-6.4281054513713
"Mouth_Dumbfounded",1,8610,-0.0644305342535441,0.041219249893365,-0.14522026404454,0.0163591955374513,-6.23987568298557
"Mouth_Dumbfounded",1,8614,-0.0649761048428831,0.0369122678248536,-0.137324149779596,0.00737194009382997,-6.29101449808053
"Mouth_Dumbfounded",1,8618,-0.063641319773961,0.0405145138118447,-0.143049766845177,0.0157671272972546,-6.16584962789213
"Mouth_Dumbfounded",1,8620,-0.0563836416077967,0.0392220473816119,-0.133258854475756,0.0204915712601626,-5.48235426901863
"Mouth_Dumbfounded",1,8621,-0.0610471117362709,0.0426826372695224,-0.144705080784535,0.022610857311993,-5.92210829962706
"Mouth_Dumbfounded",1,8625,-0.0624360030843289,0.0395848769188865,-0.140022361845346,0.0151503556766886,-6.05268157241895
"Mouth_Dumbfounded",1,8628,-0.0637010367075598,0.0418774118440018,-0.145780763921803,0.0183786905066838,-6.17145294831097
"Mouth_Dumbfounded",1,8629,-0.0629617645719054,0.0392299045384222,-0.139852377467213,0.0139288483234022,-6.10206247188416
"Mouth_Dumbfounded",1,8631,-0.065743519518054,0.0400035239334454,-0.144150426427607,0.0126633873914989,-6.36290056201191
"Mouth_Dumbfounded",1,8632,-0.0586812652786314,0.0402100200272864,-0.137492904532113,0.0201303739748499,-5.69927095727633
"Mouth_Dumbfounded",1,8634,-0.0631023097467351,0.0421258633811785,-0.145669001973845,0.0194643824803748,-6.1152584465932
"Mouth_Dumbfounded",1,8636,-0.0642472959979756,0.0394628456965596,-0.141594473563232,0.0130998815672812,-6.22269366721062
"Mouth_Dumbfounded",1,8637,-0.0683552413548651,0.0443091863913568,-0.155201246681924,0.0184907639721941,-6.60713554360331
"Mouth_Dumbfounded",1,8638,-0.0606498864918128,0.039031500346658,-0.137151627171262,0.0158518541876367,-5.88473076293918
"Mouth_Dumbfounded",1,8642,-0.0656048327673952,0.0398832362710475,-0.143775975858648,0.0125663103238579,-6.34991343639943
"Mouth_Dumbfounded",1,8644,-0.0660047613022203,0.0426422401217192,-0.14958355194079,0.0175740293363494,-6.38735928997328
"Mouth_Dumbfounded",1,8645,-0.0578107385657097,0.0438573620373129,-0.143771168158843,0.0281496910274235,-5.61714391188965
"Mouth_Dumbfounded",1,8647,-0.067037134832653,0.0437370086499586,-0.152761671786572,0.0186874021212659,-6.48395263357158
"Mouth_Dumbfounded",1,8649,-0.0638030254744799,0.038320749281101,-0.138911694065438,0.011305643116478,-6.18102191815467
"Mouth_Dumbfounded",1,8650,-0.06690274870778,0.0395516781548214,-0.14442403789123,0.01061854047567,-6.47138452988211
"Mouth_Dumbfounded",1,8653,-0.0666278935120126,0.0410367220535445,-0.14705986873696,0.0138040817129346,-6.44567417081618
"Mouth_Dumbfounded",1,8654,-0.0602300372685945,0.0417768844452731,-0.14211273078133,0.0216526562441408,-5.84520824408815
"Mouth_Dumbfounded",1,8658,-0.0661583899365048,0.037547577557595,-0.139751641949391,0.00743486207638142,-6.40173976746248
"Mouth_Dumbfounded",1,8659,-0.0585367953580994,0.0407345003223327,-0.138376415989871,0.0213028252736726,-5.68564635429645
"Mouth_Dumbfounded",1,8660,-0.0660447585627942,0.0406439719201287,-0.145706943526247,0.013617426400658,-6.39110346427791
"Mouth_Dumbfounded",1,8661,-0.0641076441995943,0.0345530409610971,-0.131831604483345,0.00361631608415595,-6.20959658323951
"Mouth_Dumbfounded",1,8663,-0.0618764573562582,0.0355742490381054,-0.131601985470945,0.00784907075842833,-6.00009904193587
"Mouth_Dumbfounded",1,8664,-0.0654648005746254,0.0359455581598288,-0.13591809456789,0.00498849341863898,-6.33679849118901
"Mouth_Dumbfounded",1,8665,-0.0593531030488281,0.0379419291984944,-0.133719284277877,0.0150130781802208,-5.76260447149861
"Mouth_Dumbfounded",1,8666,-0.0644404432692841,0.0426292510274876,-0.14799377528316,0.0191128887445915,-6.24080474893015
"Mouth_Dumbfounded",1,8668,-0.061494410557495,0.0395901153041547,-0.139091036553638,0.0161022154386482,-5.96417981971574
"Mouth_Dumbfounded",1,8669,-0.0664200565815811,0.0406443497492067,-0.146082982090026,0.013242868926864,-6.42622810617207
"Mouth_Dumbfounded",1,8670,-0.0625901852068117,0.0415193037580969,-0.143968020572682,0.0187876501590583,-6.06716545276927
"Mouth_Dumbfounded",1,8671,-0.0585204941122345,0.0397778968455645,-0.136485171929541,0.0194441837050719,-5.68410890029791
"Mouth_Dumbfounded",1,8672,-0.059942200479429,0.0384691911535345,-0.135341815140357,0.0154574141814986,-5.81810313040728
"Mouth_Dumbfounded",1,8674,-0.0669376318939122,0.0399862084427821,-0.145310600441765,0.0114353366539408,-6.47464704908037
"Mouth_Dumbfounded",1,8675,-0.0623069005250004,0.0386789083844997,-0.13811756095862,0.013503759908619,-6.04055195020211
"Mouth_Dumbfounded",1,8677,-0.0634580196956313,0.0432668819641447,-0.148261108345355,0.0213450689540924,-6.1486482443196
"Mouth_Dumbfounded",1,8678,-0.0633021540478231,0.0424567990164473,-0.14651748012006,0.0199131720244136,-6.13401890250422
"Mouth_Dumbfounded",1,8679,-0.0602613616951958,0.0423211655554296,-0.143210846183838,0.0226881227934463,-5.84815754275889
"Mouth_Dumbfounded",1,8680,-0.0631924972634976,0.0427197286243779,-0.146923165367278,0.020538170840283,-6.12372529648796
"Mouth_Dumbfounded",1,8681,-0.0608944788673268,0.0401253115025865,-0.139540089412396,0.0177511316777427,-5.90774782520029
"Mouth_Dumbfounded",1,8682,-0.0594380279700824,0.0408649566232147,-0.139533342951583,0.0206572870114184,-5.77060723507123
"Mouth_Dumbfounded",1,8683,-0.0625317951870101,0.0333279992896877,-0.127854673794798,0.00279108342077779,-6.06168055256988
"Mouth_Dumbfounded",1,8684,-0.0607281696355892,0.0412428423496521,-0.141564140640907,0.020107801369729,-5.89209811371896
"Mouth_Dumbfounded",1,8685,-0.0643944572297877,0.0422607896717675,-0.147225604986452,0.0184366905268765,-6.23649303573564
"Mouth_Dumbfounded",1,8686,-0.0613110986454121,0.0417446261543668,-0.143130565907971,0.0205083686171469,-5.94694035366276
"Mouth_Dumbfounded",1,8688,-0.0638184144241803,0.0428037133602579,-0.147713692610286,0.0200768637619252,-6.18246568258027
"Mouth_Dumbfounded",1,8689,-0.0631690544025949,0.0410573629452812,-0.143641485775346,0.0173033769701563,-6.12152454224213
"Mouth_Dumbfounded",1,8691,-0.0637463917781493,0.0441621270548567,-0.150304160805668,0.0228113772493699,-6.17570845218074
"Mouth_Dumbfounded",1,8692,-0.0575781105445307,0.0398186169618112,-0.135622599789681,0.0204663787006192,-5.5951852608449
"Mouth_Dumbfounded",1,8696,-0.0602505071381131,0.0372420414365003,-0.133244908353654,0.0127438940774276,-5.84713556066393
"Mouth_Dumbfounded",1,8702,-0.0624921856115947,0.0369465989017423,-0.13490751945901,0.00992314823582021,-6.05795962192959
"Mouth_Dumbfounded",1,8704,-0.0603527161170451,0.0385196628679582,-0.135851255338243,0.0151458231041529,-5.85675833702635
"Mouth_Dumbfounded",1,8705,-0.0615528286832174,0.0408357282253531,-0.14159085600491,0.0184851986384748,-5.96967305562761
"Mouth_Dumbfounded",1,8706,-0.0632867753517057,0.0437518254565387,-0.149040353246522,0.0224668025431102,-6.13257535500525
"Mouth_Dumbfounded",1,8708,-0.058603637302502,0.0417233452452772,-0.140381393983245,0.0231741193782413,-5.69195029839292
"Mouth_Dumbfounded",1,8710,-0.0656066669856316,0.0376928300630578,-0.139484613909225,0.00827127993796177,-6.35008521093851
"Mouth_Dumbfounded",1,8713,-0.0580628378005061,0.0441324783151356,-0.144562495298172,0.0284368196971598,-5.64093475873421
"Mouth_Dumbfounded",1,8714,-0.0617314339237238,0.040217326741795,-0.140557394337642,0.0170945264901944,-5.98646586509988
"Mouth_Dumbfounded",1,8717,-0.0666745076568047,0.0370031837102884,-0.13920074772897,0.00585173241536062,-6.4500350240668
"Mouth_Dumbfounded",1,8725,-0.0601544886817957,0.038211493544991,-0.135049016029978,0.0147400386663866,-5.83809471392547
"Mouth_Dumbfounded",1,8729,-0.0643134851947365,0.0390931282734198,-0.140936016610639,0.0123090462211662,-6.22890050637608
"Mouth_Dumbfounded",1,8731,-0.062410359401957,0.0390385962907666,-0.13892600813186,0.0141052893279456,-6.05027238633543
"Mouth_Dumbfounded",1,8732,-0.0569229747485309,0.0420372189879953,-0.139315923965002,0.0254699744679398,-5.53331702355895
"Mouth_Dumbfounded",1,8733,-0.061628021396519,0.0406029336558787,-0.141209771362041,0.0179537285690032,-5.97674318522876
"Mouth_Dumbfounded",1,8737,-0.062123572410213,0.0378630400303669,-0.136335130869732,0.0120879860493061,-6.02332496267736
"Mouth_Dumbfounded",1,8738,-0.0596438333078588,0.0406222973468192,-0.139263536107624,0.0199758694919068,-5.78999815163217
"Mouth_Dumbfounded",1,8739,-0.0607601847966984,0.0401505133172888,-0.139455190898584,0.0179348213051877,-5.8951109451311
"Mouth_Dumbfounded",1,8740,-0.0616259518658053,0.041268523793505,-0.142512258501075,0.0192603547694644,-5.97654860100963
"Mouth_Dumbfounded",1,8743,-0.0613264566761173,0.0373425080754236,-0.134517772503948,0.0118648591517131,-5.94838481234866
"Mouth_Dumbfounded",1,8746,-0.0625945533984471,0.04118299015107,-0.143313214094544,0.01812410729765,-6.06757576849527
"Mouth_Dumbfounded",1,8751,-0.0623643385312229,0.0386752297564641,-0.138167788853893,0.0134391117914468,-6.04594863857486
"Mouth_Dumbfounded",1,8752,-0.0597226033392369,0.0436257554006213,-0.145229083924455,0.0257838772459808,-5.79741878416834
"Mouth_Dumbfounded",1,8754,-0.0551704868006852,0.0373517043824748,-0.128379827390336,0.0180388537889654,-5.36762015169184
"Mouth_Dumbfounded",1,8755,-0.0640679410707251,0.0427305720156658,-0.14781986222143,0.0196839800799797,-6.20587273684228
"Mouth_Dumbfounded",1,8756,-0.0641660929382327,0.0383680013281018,-0.139367375541312,0.0110351896648467,-6.21507835381276
"Mouth_Dumbfounded",1,8759,-0.0594309525917579,0.0388088578581794,-0.13549631399379,0.0166344088102737,-5.76994052410952
"Mouth_Dumbfounded",1,8761,-0.0635805506987297,0.0355492342118175,-0.133257049753892,0.00609594835643248,-6.16014724008623
"Mouth_Dumbfounded",1,8762,-0.0569209933743877,0.040964609644951,-0.137211628278492,0.0233696415297162,-5.53312984953047
"Mouth_Dumbfounded",1,8765,-0.0700665181051753,0.0405269494168449,-0.149499338962191,0.00936630275184067,-6.76681991015128
"Mouth_Dumbfounded",1,8772,-0.064381589633417,0.0428720507079462,-0.148410809020992,0.0196476297541575,-6.23528651701123
"Mouth_Dumbfounded",1,8773,-0.0695237441502427,0.0455771885362246,-0.158855033681243,0.0198075453807575,-6.71620163236424
"Mouth_Dumbfounded",1,8774,-0.0641590576704728,0.0379841907410103,-0.138608071522853,0.0102899561819073,-6.21441854945619
"Mouth_Dumbfounded",1,8777,-0.0645084147257752,0.0328251591398205,-0.128845726639823,-0.000171102811727053,-6.24717748140639
"Mouth_Dumbfounded",1,8781,-0.06441353555326,0.0408311905301543,-0.144442668992362,0.0156155978858424,-6.23828186918737
"Mouth_Dumbfounded",1,8784,-0.0635708751398786,0.0439608959365429,-0.149734231175503,0.0225924808957455,-6.15923928267579
"Mouth_Dumbfounded",1,8785,-0.0644747557977626,0.0366413305849616,-0.136291763744287,0.00734225214876201,-6.24402180879428
"Mouth_Dumbfounded",1,8786,-0.0603912210873321,0.0346929808453147,-0.128389463544149,0.00760702136948473,-5.86038324996027
"Mouth_Dumbfounded",1,8787,-0.0604487456591881,0.0402046679550012,-0.139249894850991,0.0183524035326142,-5.8657984353539
"Mouth_Dumbfounded",1,8789,-0.0560561342860491,0.0420305244918346,-0.138435962290045,0.0263236937179468,-5.45139397842319
"Mouth_Dumbfounded",1,8790,-0.0635523644943006,0.0367389387796284,-0.135560684502372,0.00845595551377105,-6.15750221353629
"Mouth_Dumbfounded",1,8792,-0.0609572865508856,0.0303120869022668,-0.120368976879329,-0.00154559622244262,-5.91365735601631
"Mouth_Dumbfounded",1,8793,-0.0633365128164033,0.0416345779218734,-0.144940285543275,0.0182672599104685,-6.13724396662136
"Mouth_Dumbfounded",1,8794,-0.0649650490482252,0.0371349112887144,-0.137749475174105,0.00781937707765497,-6.28997846505214
"Mouth_Dumbfounded",1,8795,-0.0700520222695754,0.0401254519505324,-0.148697908092619,0.00859386355346807,-6.76546840750468
"Mouth_Dumbfounded",1,8796,-0.0639134487419757,0.0406744712625902,-0.143635412416653,0.0158085149327012,-6.19138114430725
"Mouth_Dumbfounded",1,8797,-0.0624475427402349,0.0427808726636147,-0.14629805316092,0.02140296768045,-6.05376568589173
"Mouth_Dumbfounded",1,8803,-0.0629909132595582,0.0422509841486314,-0.145802842190876,0.0198210156717594,-6.10479943364679
"Mouth_Dumbfounded",1,8804,-0.0674872852149708,0.0365450004114029,-0.13911548602132,0.00414091559137897,-6.52603944463869
"Mouth_Dumbfounded",1,8807,-0.0617617554373182,0.0433067580396213,-0.146643001194976,0.0231194903203394,-5.9893164545359
"Mouth_Dumbfounded",1,8809,-0.0618135763585713,0.0386912774488114,-0.137648480158242,0.014021327441099,-5.99418804853853
"Mouth_Dumbfounded",1,8810,-0.0649412643936998,0.0410334480996181,-0.145366822668951,0.0154842938815517,-6.28774957805781
"Mouth_Dumbfounded",1,8811,-0.0654559797362391,0.0398572391138149,-0.143576168399316,0.0126642089268381,-6.33597229958192
"Mouth_Dumbfounded",1,8812,-0.0603075757056666,0.0397278108385442,-0.138174084949213,0.01755893353788,-5.85250857645192
"Mouth_Dumbfounded",1,8814,-0.0723305750460415,0.0418687686466152,-0.154393361593407,0.00973221150132421,-6.97766636439787
"Mouth_Dumbfounded",1,8815,-0.0628547487291655,0.0388757416076552,-0.13905120228017,0.0133417048218388,-6.09201336727094
"Mouth_Dumbfounded",1,8816,-0.065567568384782,0.0411673572826544,-0.146255588658785,0.0151204518892206,-6.34642355871831
"Mouth_Dumbfounded",1,8817,-0.0635632606913498,0.0415539554966125,-0.14500901346471,0.0178824920820107,-6.15852473431296
"Mouth_Dumbfounded",1,8820,-0.0604204884706521,0.0419319415214072,-0.14260709385261,0.0217661169113059,-5.86313842989065
"Mouth_Dumbfounded",1,8821,-0.060417546294467,0.0409529688411172,-0.140685365223057,0.0198502726341227,-5.86286146225095
"Mouth_Dumbfounded",1,8823,-0.0610416835116292,0.0424450976260629,-0.144234074858713,0.0221507078354541,-5.92159762231106
"Mouth_Dumbfounded",1,8825,-0.0645244316566587,0.0416431719133506,-0.146145048606826,0.0170961852935085,-6.2486791018591
"Mouth_Dumbfounded",1,8828,-0.0618134877048028,0.0388129950477957,-0.137886957998482,0.0142599825888769,-5.99417971456866
"Mouth_Dumbfounded",1,8829,-0.0655887222256248,0.0365069563293262,-0.137142356631104,0.00596491217985466,-6.34840467061456
"Mouth_Dumbfounded",1,8830,-0.0623189266707439,0.0355158702132932,-0.131930032288798,0.00729217894731073,-6.04168191342377
"Mouth_Dumbfounded",1,8833,-0.0626437203726534,0.0342552444951175,-0.129783999583084,0.00449655883777686,-6.07219402804074
"Mouth_Dumbfounded",1,8835,-0.0608516543824361,0.0392398740395387,-0.137761807499932,0.0160584987350598,-5.90371828668785
"Mouth_Dumbfounded",1,8839,-0.0660866197458745,0.0358382830825318,-0.136329654587637,0.00415641509588771,-6.3950219614167
"Mouth_Dumbfounded",1,8841,-0.0625266771245994,0.0376350532502323,-0.136291381495055,0.0112380272458559,-6.06119976915785
"Mouth_Dumbfounded",1,8842,-0.0654213716572954,0.0410526179077391,-0.145884502756464,0.0150417594418732,-6.33273071142483
"Mouth_Dumbfounded",1,8843,-0.0664158748944853,0.0408928589729138,-0.146565878481396,0.0137341286924257,-6.42583680911949
"Mouth_Dumbfounded",1,8844,-0.0646145159811457,0.042047749049932,-0.147028104119012,0.017799072156721,-6.25712424587871
"Mouth_Dumbfounded",1,8846,-0.0665615540551837,0.0348675533733549,-0.134901958666959,0.00177885055659197,-6.43946762178942
"Mouth_Dumbfounded",1,8847,-0.0653385530081284,0.0372753533956208,-0.138398245663545,0.00772113964728834,-6.32497299347375
"Mouth_Dumbfounded",1,8848,-0.0605307793075769,0.0393523857248314,-0.137661455328247,0.0165998967130928,-5.8735202906161
"Mouth_Dumbfounded",1,8849,-0.0590833013050439,0.0389703030907472,-0.135465095362908,0.0172984927528206,-5.73717562763638
"Mouth_Dumbfounded",1,8850,-0.0592870064706886,0.0403217370753557,-0.138317611138386,0.0197435981970085,-5.75637549626669
"Mouth_Dumbfounded",1,8851,-0.0596425561889179,0.0398574086544453,-0.137763077151631,0.018477964773795,-5.78987783417756
"Mouth_Dumbfounded",1,8854,-0.0624236779915794,0.040029506104909,-0.140881509957201,0.0160341539740422,-6.05152365587006
"Mouth_Dumbfounded",1,8856,-0.0593864698320012,0.0420027926688063,-0.141711943462861,0.0229390037988591,-5.76574881778336
"Mouth_Dumbfounded",1,8861,-0.0626398053777155,0.0356813750611881,-0.132575300497644,0.00729568974221315,-6.071826300436
"Mouth_Dumbfounded",1,8862,-0.0650775393635401,0.0425433059028717,-0.148462418933169,0.0183073402060885,-6.30051934203837
"Mouth_Dumbfounded",1,8865,-0.0622539864127326,0.0425159835566905,-0.145585314183846,0.0210773413583807,-6.03558003787837
"Mouth_Dumbfounded",1,8866,-0.0671490264375989,0.0392934415204996,-0.144164171817778,0.0098661189425804,-6.49441570882355
"Mouth_Dumbfounded",1,8867,-0.0648408355943522,0.0423354416485838,-0.147818301225577,0.018136630036872,-6.27833769665972
"Mouth_Dumbfounded",1,8868,-0.0612555960642176,0.0413071151514956,-0.142217541761149,0.0197063496327137,-5.94172002121351
"Mouth_Dumbfounded",1,8869,-0.0642678193188968,0.0387759305831276,-0.140268643261827,0.0117330046240333,-6.22461826921393
"Mouth_Dumbfounded",1,8870,-0.0639121369697473,0.0428827303830138,-0.147962288520454,0.0201380145809597,-6.19125808868555
"Mouth_Dumbfounded",1,8871,-0.064632404820925,0.0363020824083973,-0.135784486341384,0.00651967669953372,-6.25880118216426
"Mouth_Dumbfounded",1,8872,-0.0628460437101765,0.0366455178629962,-0.134671258721649,0.00897917130129607,-6.09119589290603
"Mouth_Dumbfounded",1,8879,-0.0601947362022368,0.0408448929546419,-0.140250726393335,0.0198612539888613,-5.84188442086958
"Mouth_Dumbfounded",1,8880,-0.0598100602907349,0.0378542591957089,-0.134004408314324,0.0143842877328545,-5.8056570944907
"Mouth_Dumbfounded",1,8882,-0.0588538462208631,0.0386259680965839,-0.134560743690168,0.0168530512484415,-5.71554406169341
"Mouth_Dumbfounded",1,8883,-0.0593484459819369,0.0392325751379533,-0.136244293252325,0.0175474012884516,-5.76216560062205
"Mouth_Dumbfounded",1,8885,-0.0642677519659905,0.0375673720789791,-0.13789980124079,0.00936429730880856,-6.22461195316922
"Mouth_Dumbfounded",1,8886,-0.0628805458943581,0.0375849598612522,-0.136547067222412,0.0107859754336962,-6.09443589586769
"Mouth_Dumbfounded",1,8889,-0.0649870701007908,0.0388096885159645,-0.141054059592081,0.0110799193904996,-6.2920420356412
"Mouth_Dumbfounded",1,8890,-0.0647486851353815,0.0389454251898771,-0.141081718507541,0.0115843482367776,-6.26970080452228
"Mouth_Dumbfounded",1,8891,-0.0619286595249935,0.039372689132629,-0.139099130224946,0.0152418111749594,-6.00500591255102
"Mouth_Dumbfounded",1,8892,-0.0613416581510379,0.0307942917525085,-0.121698469985955,-0.000984846316121168,-5.9498145247513
"Mouth_Dumbfounded",1,8893,-0.0608815621256927,0.0390410285593481,-0.137401978102015,0.0156388538506296,-5.90653245203986
"Mouth_Dumbfounded",1,8894,-0.0590294380394538,0.0382128284672156,-0.133926581835196,0.0158677057562888,-5.73209818734941
"Mouth_Dumbfounded",1,8895,-0.0591867707321198,0.0427498829918174,-0.142976541396082,0.0246029999318424,-5.74692844350091
"Mouth_Dumbfounded",1,8898,-0.0577826658943509,0.0425705464172498,-0.141220936872161,0.0256556050834587,-5.61449429579806
"Mouth_Dumbfounded",1,8899,-0.0678077786414054,0.0419654304344877,-0.150060022293001,0.0144444650101905,-6.55599243441495
"Mouth_Dumbfounded",1,8901,-0.0619686434475356,0.0415201628136108,-0.143348162562213,0.0194108756671416,-6.00876412597942
"Mouth_Dumbfounded",1,8905,-0.0616879291358358,0.0417414678814737,-0.143501206183524,0.0201253479118526,-5.98237573726931
"Mouth_Dumbfounded",1,8906,-0.0622029865379155,0.0423395555158764,-0.145188515349033,0.0207825422732022,-6.03078774202084
"Mouth_Dumbfounded",1,8907,-0.0654404045334851,0.0351535602025186,-0.134341382530422,0.00346057346345131,-6.33451345199882
"Mouth_Dumbfounded",1,8909,-0.0619258302547806,0.0441789209648895,-0.148516515345964,0.0246648548364027,-6.00473997493789
"Mouth_Dumbfounded",1,8910,-0.0599547352842815,0.0430157637945845,-0.144265632321667,0.0243561617531041,-5.81928367470622
"Mouth_Dumbfounded",1,8912,-0.0624327293113201,0.0393965432141588,-0.139649954011071,0.0147844953884312,-6.05237400972019
"Mouth_Dumbfounded",1,8913,-0.0677451424793471,0.0378787418443693,-0.141987476494311,0.0064971915356167,-6.55013927710595
"Mouth_Dumbfounded",1,8914,-0.0678331240364267,0.0416582710343806,-0.149483335263813,0.0138170871909593,-6.55836077968562
"Mouth_Dumbfounded",1,8917,-0.0605847148795714,0.0436403021098592,-0.146119707014895,0.0249502772557526,-5.87859691923239
"Mouth_Dumbfounded",1,8918,-0.0628617039913355,0.0363344317938786,-0.134077190307338,0.0083537823246666,-6.09266651966641
"Mouth_Dumbfounded",1,8920,-0.0686698136020306,0.0405988730081076,-0.148243604697922,0.0109039774938604,-6.63650972645101
"Mouth_Dumbfounded",1,8922,-0.0649607615409366,0.0324337163457843,-0.128530845578674,-0.00139067750319938,-6.28957668179047
"Mouth_Dumbfounded",1,8924,-0.0643551930082123,0.0352665189883309,-0.133477570225341,0.00476718420891629,-6.23281141234494
"Mouth_Dumbfounded",1,8927,-0.0598003271329321,0.0374394515869974,-0.133181652243447,0.0135809979775829,-5.80474028162534
"Mouth_Dumbfounded",1,8930,-0.0650471320167553,0.0371579320997947,-0.137876678932353,0.00778241489884239,-6.29767014611842
"Mouth_Dumbfounded",1,8935,-0.0653400647963834,0.0366184122778204,-0.137112152860911,0.00643202326814453,-6.32511461017232
"Mouth_Dumbfounded",1,8938,-0.064779158410121,0.0430153867057817,-0.149089316353453,0.0195309995332111,-6.27255703016159
"Mouth_Dumbfounded",1,8941,-0.0654154424004145,0.0396788955533788,-0.143186077685037,0.012355192884208,-6.33217533247739
"Mouth_Dumbfounded",1,8945,-0.0661930385255838,0.0350531474864857,-0.134897207599096,0.0025111305479282,-6.40498275893693
"Mouth_Dumbfounded",1,8948,-0.0595580227082417,0.0422067870797084,-0.14228332538447,0.0231672799679867,-5.78191358801797
"Mouth_Dumbfounded",1,8949,-0.0606062320177203,0.0405995701642907,-0.14018138953973,0.0189689255042895,-5.8806221206769
"Mouth_Dumbfounded",1,8950,-0.0653991996364741,0.036934738094025,-0.137791286300763,0.00699288702781502,-6.33065389575637
"Mouth_Dumbfounded",1,8951,-0.0607585601202167,0.0397245151914968,-0.13861860989555,0.017101489655117,-5.89495805500684
"Mouth_Dumbfounded",1,8953,-0.0644942251387382,0.037990538330516,-0.13895568026655,0.00996722998907322,-6.24584715813294
"Mouth_Dumbfounded",1,8954,-0.0579466722763692,0.0408867343371182,-0.138084671577121,0.0221913270243825,-5.62997285177789
"Mouth_Dumbfounded",1,8955,-0.0570675069127671,0.0397912343473053,-0.135058326233485,0.0209233124079512,-5.5469695110622
"Mouth_Dumbfounded",1,8956,-0.0606098236652476,0.0445128741336843,-0.147855056967269,0.0266354096367737,-5.88096016370067
"Mouth_Dumbfounded",1,8957,-0.0580520575500301,0.0407908682294053,-0.138002159279664,0.0218980441796043,-5.6399175388933
"Mouth_Dumbfounded",1,8959,-0.0631867690584644,0.0396585298507631,-0.14091748756596,0.0145439494490312,-6.12318755239856
"Mouth_Dumbfounded",1,8961,-0.0626552263609008,0.0393661374698974,-0.1398128558019,0.0145024030800982,-6.07327475405494
"Mouth_Dumbfounded",1,8963,-0.0596853184614978,0.0422907304922655,-0.142575150226338,0.0232045133033426,-5.79390638696575
"Mouth_Dumbfounded",1,8964,-0.0664826456366889,0.0376982452755202,-0.140371206376708,0.00740591510333068,-6.43208461685912
"Mouth_Dumbfounded",1,8966,-0.0625897843985806,0.0399876483002182,-0.140965575067008,0.015786006269847,-6.06712780370847
"Mouth_Dumbfounded",1,8969,-0.0598545276163553,0.0390167809392216,-0.13632741825723,0.016618363024519,-5.8098455718824
"Mouth_Dumbfounded",1,8973,-0.060564347238397,0.0412382864169256,-0.141391388615571,0.0202626941387771,-5.87667986874478
"Mouth_Dumbfounded",1,8976,-0.066946902248113,0.0426677209044762,-0.150575635220886,0.0166818307246603,-6.47551405821024
"Mouth_Dumbfounded",1,8983,-0.0624920881373787,0.041858935058008,-0.144535600851074,0.019551424576317,-6.05795046500239
"Mouth_Dumbfounded",1,8984,-0.0646857341642086,0.0398854501833123,-0.142861216523501,0.0134897481950834,-6.26380020543733
"Mouth_Dumbfounded",1,8988,-0.0629072959138664,0.0413066578547826,-0.14386834530924,0.0180537534815075,-6.09694783794201
"Mouth_Dumbfounded",1,8989,-0.0625803670352029,0.038387458206067,-0.137819785119094,0.0126590510486884,-6.06624319955258
"Mouth_Dumbfounded",1,8995,-0.0631823702090812,0.0414246696948751,-0.144374722811036,0.018009982392874,-6.12277460153177
"Mouth_Dumbfounded",1,8998,-0.0613139542401058,0.0395848115044737,-0.138900184788874,0.0162722763086625,-5.94720893069733
"Mouth_Dumbfounded",1,9000,-0.06419682603956,0.0422684296281038,-0.147042948110643,0.0186492960315233,-6.21796061102211
"Mouth_Dumbfounded",1,9001,-0.0680603550268162,0.0447138967648738,-0.155699592685969,0.0195788826323366,-6.57959120371278
"Mouth_Dumbfounded",1,9004,-0.0657862222270829,0.0376795287025543,-0.139638098484089,0.00806565402992356,-6.36689903445011
"Mouth_Dumbfounded",1,9009,-0.0679157103300735,0.035741256135499,-0.137968572355652,0.00213715169550457,-6.56607745969071
"Mouth_Dumbfounded",1,9014,-0.0614889663334918,0.0439188816633176,-0.147569974393594,0.0245920417266107,-5.96366786625276
"Mouth_Dumbfounded",1,9015,-0.062729152441918,0.0411472137344339,-0.143377691361408,0.0179193864775726,-6.08021813210362
"Mouth_Dumbfounded",1,9018,-0.058277178724034,0.0410049304212127,-0.138646842349611,0.022092484901543,-5.66115760055254
"Mouth_Dumbfounded",1,9019,-0.0611120983940977,0.0438407594390066,-0.14703998689455,0.0248157901063552,-5.92822190873039
"Mouth_Dumbfounded",1,9021,-0.0627924318347797,0.0408441282030073,-0.142846923112674,0.0172620594431145,-6.08616113084126
"Mouth_Dumbfounded",1,9024,-0.0613243847914999,0.0416161903989769,-0.142892117973495,0.0202433483904948,-5.94818994805205
"Mouth_Dumbfounded",1,9025,-0.0625279877982318,0.0418989732705436,-0.144649975408497,0.0195939998120336,-6.0613228921857
"Mouth_Dumbfounded",1,9026,-0.0660386539277014,0.0365957635091512,-0.137766350405638,0.0056890425502349,-6.39053201437888
"Mouth_Dumbfounded",1,9029,-0.0649894464180044,0.0366350140396771,-0.136794073935772,0.00681518109976277,-6.29226471521018
"Mouth_Dumbfounded",1,9031,-0.0662899526796309,0.0440623713892098,-0.152652200602482,0.0200722952432202,-6.41405300133133
"Mouth_Dumbfounded",1,9033,-0.0624267368697664,0.0379856218186468,-0.136878555634314,0.0120250818947814,-6.05181103237552
"Mouth_Dumbfounded",1,9034,-0.0642946440131486,0.0392165290443848,-0.141159040940143,0.0125697529138456,-6.2271337314188
"Mouth_Dumbfounded",1,9035,-0.0632756467325553,0.0385271746875005,-0.138788909120056,0.0122376156549457,-6.13153073437317
"Mouth_Dumbfounded",1,9036,-0.0590016737808649,0.0379836677934188,-0.133449662655966,0.0154463150942359,-5.72948087261311
"Mouth_Dumbfounded",1,9038,-0.0632931690308583,0.0430439531011731,-0.147659317109158,0.0210729790474409,-6.13317551128271
"Mouth_Dumbfounded",1,9039,-0.0577858031552816,0.0394919071486829,-0.1351899411667,0.0196183348561368,-5.61479040729304
"Mouth_Dumbfounded",1,9040,-0.066828929092263,0.0343675633843402,-0.13418935332557,0.000531495141043739,-6.46448002860759
"Mouth_Dumbfounded",1,9041,-0.0607994247842276,0.0397568055025062,-0.13872276356914,0.0171239140006845,-5.89880354735475
"Mouth_Dumbfounded",1,9046,-0.0664331337707678,0.0411997593987481,-0.147184662192314,0.0143183946507784,-6.42745178008891
"Mouth_Dumbfounded",1,9047,-0.0698186075156808,0.0455643865730973,-0.159124805198952,0.0194875901675899,-6.74370355223819
"Mouth_Dumbfounded",1,9048,-0.0609977225127917,0.041772894128863,-0.142872595005363,0.0208771499797798,-5.91746175086564
"Mouth_Dumbfounded",1,9049,-0.0590122426721933,0.0394838169197156,-0.136400523834836,0.0183760384904492,-5.73047720222019
"Mouth_Dumbfounded",1,9050,-0.0623520489680473,0.0442089866092391,-0.149001662722156,0.0242975647860613,-6.04479397722992
"Mouth_Dumbfounded",1,9053,-0.0624151244614041,0.0389910493819828,-0.13883758125009,0.0140073323272821,-6.05072006130595
"Mouth_Dumbfounded",1,9054,-0.0618629783280356,0.0400781391667753,-0.140416131094915,0.016690174438844,-5.99883200607876
"Mouth_Dumbfounded",1,9055,-0.0599289884864657,0.0416929234211952,-0.141647118392008,0.021789141419077,-5.81685879162849
"Mouth_Dumbfounded",1,9060,-0.0629410374046213,0.0381347704464681,-0.137685187479699,0.0118031126704561,-6.10011621345524
"Mouth_Dumbfounded",1,9061,-0.0646121623050407,0.0401203668548926,-0.14324808134063,0.0140237567305487,-6.25690360525237
"Mouth_Dumbfounded",1,9063,-0.0597468344510282,0.0432709683927032,-0.144557932500727,0.0250642635986701,-5.79970138978966
"Mouth_Dumbfounded",1,9064,-0.0605860665260947,0.0397218759608268,-0.138440943409315,0.0172688103571258,-5.87872413801366
"Mouth_Dumbfounded",1,9065,-0.0610545178569741,0.0387854697068182,-0.137074038482338,0.0149650027683896,-5.92280504926838
"Mouth_Dumbfounded",1,9066,-0.0571721313652966,0.0398288636610279,-0.135236704140911,0.020892441410318,-5.55685109073041
"Mouth_Dumbfounded",1,9068,-0.0659852640777841,0.0417969495997778,-0.147907285293349,0.0159367571377803,-6.38553408551414
"Mouth_Dumbfounded",1,9070,-0.0613037212632914,0.0415187279178878,-0.142680427982352,0.0200729854557687,-5.94624648574267
"Mouth_Dumbfounded",1,9073,-0.0647518198424088,0.0371888490518025,-0.137641963983942,0.00813832429912405,-6.26999462108934
"Mouth_Dumbfounded",1,9074,-0.0604194673457281,0.0396717280454738,-0.138176054314857,0.0173371196234006,-5.86304230434594
"Mouth_Dumbfounded",1,9075,-0.0648124862075844,0.0379236180930447,-0.139142777669952,0.00951780525478328,-6.27568070734472
"Mouth_Dumbfounded",1,9078,-0.0610282909269462,0.0430317408290381,-0.145370502951861,0.0233139210979685,-5.92033766090332
"Mouth_Dumbfounded",1,9079,-0.0600524828623099,0.0364994025919972,-0.131591311942624,0.0114863462180045,-5.82848916170964
"Mouth_Dumbfounded",1,9080,-0.0678254200382096,0.0405784019863882,-0.14735908793153,0.0117082478551112,-6.5576409026907
"Mouth_Dumbfounded",1,9081,-0.0597792168891772,0.037131582615163,-0.132557118814897,0.0129986850365423,-5.80275177574329
"Mouth_Dumbfounded",1,9082,-0.0622836652914723,0.0407236833043683,-0.142102084568034,0.0175347539850895,-6.03836875512107
"Mouth_Dumbfounded",1,9084,-0.0597197553950438,0.0403458825792265,-0.138797685250328,0.0193581744602402,-5.79715050009215
"Mouth_Dumbfounded",1,9085,-0.0640691423178053,0.034532223128786,-0.131752299650226,0.0036140150146152,-6.20598540669611
"Mouth_Dumbfounded",1,9086,-0.0615273128500698,0.040442428352849,-0.140794472421654,0.0177398467215141,-5.96727376288465
"Mouth_Dumbfounded",1,9089,-0.0626361373146685,0.0388955215800116,-0.138871359611491,0.0135990849821542,-6.0714817653411
"Mouth_Dumbfounded",1,9091,-0.0606693217083102,0.0410306781028536,-0.141089450789903,0.0197508073732829,-5.88655989579766
"Mouth_Dumbfounded",1,9092,-0.064858485886696,0.0396065622257637,-0.142487347849193,0.0127703760758009,-6.27999189679971
"Mouth_Dumbfounded",1,9093,-0.0644489048027629,0.0429290894541526,-0.148589920132902,0.0196921105273762,-6.24159809214325
"Mouth_Dumbfounded",1,9095,-0.0636592134742532,0.0378099551849,-0.137766725636657,0.0104482986881509,-6.16752865303403
"Mouth_Dumbfounded",1,9096,-0.0609633049669353,0.0414940210555031,-0.142291586235721,0.0203649763018509,-5.91422360506697
"Mouth_Dumbfounded",1,9098,-0.0627042600125709,0.0388420898157018,-0.138834756051346,0.0134262360262046,-6.07788021147103
"Mouth_Dumbfounded",1,9100,-0.0565729191429068,0.0351573443078239,-0.125481313986242,0.0123354757004281,-5.50024264303992
"Mouth_Dumbfounded",1,9101,-0.0622189829648292,0.0394487607002159,-0.139538553937252,0.015100588007594,-6.03229090163424
"Mouth_Dumbfounded",1,9102,-0.0575338637753385,0.0396799183994109,-0.135306503838184,0.0202387762875068,-5.59100806038337
"Mouth_Dumbfounded",1,9104,-0.069687971733519,0.032285461349236,-0.132967475978022,-0.00640846748901634,-6.73152014723323
"Mouth_Dumbfounded",1,9107,-0.0623046701350037,0.0414729586776034,-0.143591669143106,0.0189823288730989,-6.04034238375537
"Mouth_Dumbfounded",1,9109,-0.0629333365591095,0.0356684944506384,-0.132843585682361,0.00697691256414187,-6.09939310217235
"Mouth_Dumbfounded",1,9114,-0.0594457176299711,0.0426301658047194,-0.143000842607221,0.024109407347279,-5.77133182426719
"Mouth_Dumbfounded",1,9115,-0.0673809087860247,0.0357441170292824,-0.137439378163418,0.00267756059136891,-6.51609548962353
"Mouth_Dumbfounded",1,9116,-0.0620383705694041,0.040290211188441,-0.141007184498748,0.0169304433599403,-6.01531763585642
"Mouth_Dumbfounded",1,9117,-0.0594816860319935,0.0383824893111531,-0.134711365081854,0.0157479930178666,-5.77472101793386
"Mouth_Dumbfounded",1,9118,-0.060691547189846,0.0396516335251502,-0.13840874889914,0.0170256545194483,-5.88865158907843
"Mouth_Dumbfounded",1,9121,-0.0603111504561177,0.0391603779738352,-0.137065491284835,0.0164431903725994,-5.85284512963781
"Mouth_Dumbfounded",1,9123,-0.0612047879735508,0.0412550788703612,-0.142064742559459,0.0196551666123572,-5.93694097819039
"Mouth_Dumbfounded",1,9125,-0.0642853755974486,0.0404657080017054,-0.143598163280791,0.0150274120858939,-6.22626460148512
"Mouth_Dumbfounded",1,9128,-0.0673937250720114,0.0401531506255855,-0.146093900298159,0.0113064501541362,-6.51729359840122
"Mouth_Dumbfounded",1,9129,-0.0643780593738662,0.0386894202363876,-0.140209323037186,0.0114532042894535,-6.23495550265165
"Mouth_Dumbfounded",1,9131,-0.069211077711463,0.0427782617013058,-0.153056470646022,0.0146343152230964,-6.68703035913139
"Mouth_Dumbfounded",1,9135,-0.0640247575148641,0.0358872211399045,-0.134363710949077,0.00631419591934869,-6.20182228545235
"Mouth_Dumbfounded",1,9136,-0.0622898814611741,0.0382592242525385,-0.13727796099615,0.0126981980738013,-6.03895283475098
"Mouth_Dumbfounded",1,9138,-0.0620066463522438,0.0373338359447855,-0.135180964804023,0.0111676720995358,-6.01233599808855
"Mouth_Dumbfounded",1,9139,-0.0652077237224582,0.0379189528744531,-0.139528871356386,0.00911342391146988,-6.31271675488537
"Mouth_Dumbfounded",1,9140,-0.067222681059535,0.0399262316851262,-0.145478095162382,0.0110327330433123,-6.50130257365561
"Mouth_Dumbfounded",1,9141,-0.067852249237679,0.0359422614097764,-0.138299081600841,0.00259458312548282,-6.56014785275193
"Mouth_Dumbfounded",1,9142,-0.0642342085912424,0.0382279283672959,-0.139160948191142,0.0106925310086575,-6.22146635742916
"Mouth_Dumbfounded",1,9145,-0.0690340912020386,0.0360836224251159,-0.139757991155266,0.00168980875118863,-6.67051376078619
"Mouth_Dumbfounded",1,9148,-0.0677990921357733,0.0417988805569911,-0.149724898027476,0.0141267137559293,-6.5551807289915
"Mouth_Dumbfounded",1,9150,-0.0646776312781606,0.0398660910681538,-0.142815169771742,0.0134599072154209,-6.2630406686146
"Mouth_Dumbfounded",1,9152,-0.0653613196098968,0.0390863120591786,-0.141970491245887,0.0112478520260932,-6.32710563123271
"Mouth_Dumbfounded",1,9153,-0.0593015885239155,0.0421309312081937,-0.141878213691975,0.0232750366441442,-5.75774975179574
"Mouth_Dumbfounded",1,9154,-0.0607862051733441,0.0448223787723209,-0.148638067567093,0.0270656572204049,-5.89755955793145
"Mouth_Dumbfounded",1,9155,-0.0614489267886123,0.0415051589953024,-0.142799038419405,0.0199011848421804,-5.9599026189331
"Mouth_Dumbfounded",1,9156,-0.0622824469154451,0.0391748384333786,-0.139065130244867,0.0145002364139769,-6.03825427445235
"Mouth_Dumbfounded",1,9157,-0.0626788088181894,0.0419841910903394,-0.144967823355255,0.0196102057188758,-6.07548975092367
"Mouth_Dumbfounded",1,9158,-0.0674382115298649,0.0407029855320464,-0.147216063172676,0.012339640112946,-6.52145222037772
"Mouth_Dumbfounded",1,9164,-0.0634367214284988,0.0419659025124471,-0.145689890352895,0.0188164474958975,-6.14664935187276
"Mouth_Dumbfounded",1,9165,-0.0584976228184535,0.0394966633390447,-0.135911082962981,0.018915837326074,-5.68195174917603
"Mouth_Dumbfounded",1,9167,-0.0622869118401203,0.0405798420611833,-0.14182340228004,0.017249578599799,-6.03867380563278
"Mouth_Dumbfounded",1,9169,-0.061146256166908,0.0393992782323054,-0.138368841502227,0.0160763291684105,-5.93143513627563
"Mouth_Dumbfounded",1,9170,-0.0651346343539439,0.0385587372829344,-0.140709759428495,0.0104404907206076,-6.30586896026772
"Mouth_Dumbfounded",1,9172,-0.0615396767344615,0.0352025104361532,-0.130536597189322,0.0074572437203988,-5.96843636545371
"Mouth_Dumbfounded",1,9173,-0.0618194162512573,0.0387576860912081,-0.137784480990025,0.0141456484875106,-5.99473703078919
"Mouth_Dumbfounded",1,9174,-0.0659790763016334,0.0396694003402733,-0.143731100968569,0.0117729483653022,-6.38495481836241
"Mouth_Dumbfounded",1,9175,-0.0644482290604178,0.0324382009906831,-0.128027103002157,-0.000869355118678819,-6.24153473559946
"Mouth_Dumbfounded",1,9177,-0.0582092080166613,0.0401603489784893,-0.1369234920145,0.0205050759811776,-5.65474510477346
"Mouth_Dumbfounded",1,9180,-0.0625064362317488,0.0370481579484094,-0.135120825810631,0.0101079533471335,-6.05929834472467
"Mouth_Dumbfounded",1,9181,-0.0584790753818815,0.0413810748999157,-0.139585982185716,0.0226278314219532,-5.68020237493535
"Mouth_Dumbfounded",1,9182,-0.0620733781781805,0.039713060465031,-0.139910976689641,0.0157642203332803,-6.01860775725762
"Mouth_Dumbfounded",1,9183,-0.0671239586127435,0.0337783980502158,-0.133329618791167,-0.000918298434320397,-6.49207169783402
"Mouth_Dumbfounded",1,9184,-0.0638681932039519,0.0388994594207233,-0.140111133668569,0.0123747472606657,-6.1871356887252
"Mouth_Dumbfounded",1,9185,-0.0661868496511608,0.0392297090662115,-0.143077079420935,0.0107033801186138,-6.40440350933615
"Mouth_Dumbfounded",1,9188,-0.0648175545989005,0.0440246843486409,-0.151105935922237,0.0214708267244358,-6.27615573766691
"Mouth_Dumbfounded",1,9189,-0.0587300430919633,0.0434257355761068,-0.143844484821133,0.026384398637206,-5.70387062845277
"Mouth_Dumbfounded",1,9190,-0.0660476231651921,0.0440821680680368,-0.152448672578544,0.02035342624816,-6.39137161616331
"Mouth_Dumbfounded",1,9193,-0.0693403184114955,0.0361993141979646,-0.140290974239506,0.00161033741651506,-6.6990894133728
"Mouth_Dumbfounded",1,9196,-0.062168944202732,0.0385436808012379,-0.137714558573158,0.0133766701676943,-6.02758875615006
"Mouth_Dumbfounded",1,9200,-0.0666703094217438,0.0381891982432823,-0.141521137978577,0.00818051913508946,-6.44964227849948
"Mouth_Dumbfounded",1,9203,-0.0616618516946398,0.0422655949832129,-0.144502417861737,0.0211787144724575,-5.97992396623339
"Mouth_Dumbfounded",1,9204,-0.061718930234377,0.0415307294362882,-0.143119159929502,0.0196812994607479,-5.98529034172549
"Mouth_Dumbfounded",1,9209,-0.061085578972819,0.0401250392250692,-0.139730655853955,0.0175594979083167,-5.92572714653707
"Mouth_Dumbfounded",1,9210,-0.0613457605802678,0.0338765312573693,-0.127743761844712,0.00505224068417601,-5.95020035818984
"Mouth_Dumbfounded",1,9211,-0.05746296808511,0.0417121401460453,-0.139218762771359,0.0242928266011389,-5.58431463247124
"Mouth_Dumbfounded",1,9214,-0.063485948881098,0.0381336017729804,-0.13822780835614,0.0112559105939436,-6.15126939952555
"Mouth_Dumbfounded",1,9216,-0.0663138630335004,0.03166233506825,-0.12837203976727,-0.00425568629973038,-6.41629064768972
"Mouth_Dumbfounded",1,9218,-0.0597576792473151,0.04026102101527,-0.138669280437244,0.019153921942614,-5.80072296729884
"Mouth_Dumbfounded",1,9220,-0.0608756496759214,0.042873945472272,-0.144908582801574,0.0231572834497318,-5.90597612749455
"Mouth_Dumbfounded",1,9222,-0.060933528407268,0.0410994796698593,-0.141488508560192,0.0196214517456562,-5.91142201262161
"Mouth_Dumbfounded",1,9223,-0.0631695165502617,0.0388419302518594,-0.139299699843906,0.0129606667433828,-6.12156792795051
"Mouth_Dumbfounded",1,9224,-0.0613406921900701,0.0412612604545359,-0.142212762680961,0.0195313783008202,-5.94972367589923
"Mouth_Dumbfounded",1,9225,-0.0568623291989534,0.0432059266829335,-0.141545945497503,0.0278212870995962,-5.52758786593088
"Mouth_Dumbfounded",1,9226,-0.0599915235718621,0.036813885401864,-0.132146738959516,0.0121636918157912,-5.82274835825267
"Mouth_Dumbfounded",1,9227,-0.0594021581013664,0.0380200695396908,-0.13392149439916,0.0151171781964276,-5.76722717850283
"Mouth_Dumbfounded",1,9229,-0.0604518784857094,0.0410402960795229,-0.140890858801574,0.0199871018301555,-5.86609334101518
"Mouth_Dumbfounded",1,9230,-0.0618023062070229,0.0375993171339175,-0.135496967789501,0.0118923553754555,-5.99312858282124
"Mouth_Dumbfounded",1,9232,-0.0722033595691934,0.037323448453878,-0.145357318538794,0.000950599400407579,-6.9658317311086
"Mouth_Dumbfounded",1,9233,-0.0619724704083209,0.0399664475297651,-0.140306707566661,0.0163617667500187,-6.00912382606498
"Mouth_Dumbfounded",1,9234,-0.0628456783322022,0.037967569961055,-0.13726211545587,0.0115707587914655,-6.09116158069115
"Mouth_Dumbfounded",1,9236,-0.0595933645229201,0.0400049239545601,-0.138003015473858,0.0188162864280176,-5.78524336732673
"Mouth_Dumbfounded",1,9239,-0.0678079723344754,0.0392845545334828,-0.144805699220102,0.00918975455115092,-6.55601053386989
"Mouth_Dumbfounded",1,9240,-0.0625443381710109,0.0389808571501426,-0.13894681818529,0.0138581418432686,-6.06285881201831
"Mouth_Dumbfounded",1,9241,-0.0646550000213884,0.0372615916690602,-0.137687719692746,0.00837771964996965,-6.26091925941394
"Mouth_Dumbfounded",1,9242,-0.0649897771706412,0.037467360164896,-0.138425803093837,0.00844624875255491,-6.29229570928559
"Mouth_Dumbfounded",1,9244,-0.0594468787741415,0.0409229722886973,-0.139655904459988,0.0207621469117053,-5.7714412372724
"Mouth_Dumbfounded",1,9246,-0.0607048673879865,0.0366159177991057,-0.132472066274234,0.0110623314982607,-5.88990516253759
"Mouth_Dumbfounded",1,9247,-0.0640159110435007,0.0395002564893647,-0.141436413762656,0.0134045916756541,-6.20099249888892
"Mouth_Dumbfounded",1,9248,-0.0651638682135961,0.0387286953964583,-0.141072111190654,0.0107443747634623,-6.30860796130879
"Mouth_Dumbfounded",1,9249,-0.0591384327177615,0.0371955033729163,-0.132041619328677,0.0137647538931544,-5.74237232705878
"Mouth_Dumbfounded",1,9250,-0.0637374812626241,0.0372821357692225,-0.1368104673703,0.00933550484505198,-6.17487242564956
"Mouth_Dumbfounded",1,9251,-0.0681211741164456,0.0350528710712673,-0.136824801416129,0.000582453183238268,-6.58527277515282
"Mouth_Dumbfounded",1,9252,-0.0585384166405455,0.0416704219107441,-0.140212443585604,0.023135610304513,-5.68579926437848
"Mouth_Dumbfounded",1,9254,-0.0567850911646347,0.0421215572937598,-0.139343343460404,0.0257731611311346,-5.52029072071535
