"treatment","k","row_id","cate_log","cate_se_log","cate_lo_log","cate_hi_log","cate_pct"
"Fur_Brown+Mouth_Bored.Unshaven",2,1,-0.0765018802665335,0.0483134684940399,-0.171196278514852,0.0181925179817848,-7.36488274999233
"Fur_Brown+Mouth_Bored.Unshaven",2,2,-0.0768959983625782,0.0446867959172551,-0.164482118360398,0.0106901216352419,-7.40138473251137
"Fur_Brown+Mouth_Bored.Unshaven",2,8,-0.0772648281621864,0.0420849044436952,-0.159751240871829,0.00522158454745615,-7.43553156365294
"Fur_Brown+Mouth_Bored.Unshaven",2,9,-0.0734787600693596,0.0473076879764984,-0.166201828503296,0.0192443083645772,-7.08441192116044
"Fur_Brown+Mouth_Bored.Unshaven",2,11,-0.0765534875796637,0.0454934626096895,-0.165720674294655,0.0126136991353277,-7.36966327613898
"Fur_Brown+Mouth_Bored.Unshaven",2,12,-0.074041513364696,0.0467953026923927,-0.165760306641786,0.0176772799123938,-7.13668576452156
"Fur_Brown+Mouth_Bored.Unshaven",2,14,-0.075376460651972,0.0482370071107137,-0.169920994588971,0.0191680732850267,-7.26057068563021
"Fur_Brown+Mouth_Bored.Unshaven",2,15,-0.0809518867976758,0.0461375400103883,-0.171381465218037,0.00947769162268523,-7.77619377963322
"Fur_Brown+Mouth_Bored.Unshaven",2,17,-0.075858489651644,0.0483621852176667,-0.170648372678271,0.0189313933749827,-7.30526300760977
"Fur_Brown+Mouth_Bored.Unshaven",2,21,-0.0726747587418465,0.0507657679946323,-0.172175664011326,0.0268261465276328,-7.00967762578784
"Fur_Brown+Mouth_Bored.Unshaven",2,22,-0.0749401605584314,0.0445134466993151,-0.162186516089089,0.0123061949722262,-7.22009963582604
"Fur_Brown+Mouth_Bored.Unshaven",2,23,-0.0711636220035839,0.0511154772016208,-0.171349957318761,0.0290227133115929,-6.86905030655165
"Fur_Brown+Mouth_Bored.Unshaven",2,32,-0.0742206625616839,0.0486867634249227,-0.169646718874532,0.0212053937511645,-7.15332066258767
"Fur_Brown+Mouth_Bored.Unshaven",2,34,-0.0738612088900802,0.0482090633851917,-0.168350973125056,0.0206285553448955,-7.11994058386711
"Fur_Brown+Mouth_Bored.Unshaven",2,37,-0.0740482538856961,0.0445029333269503,-0.161274003206519,0.0131774954351264,-7.1373117095317
"Fur_Brown+Mouth_Bored.Unshaven",2,38,-0.0738648133418633,0.049280747360789,-0.17045507816901,0.022725451485283,-7.12027536495955
"Fur_Brown+Mouth_Bored.Unshaven",2,39,-0.0722827475995556,0.0464289952879523,-0.163283578363942,0.0187180831648309,-6.97321723731957
"Fur_Brown+Mouth_Bored.Unshaven",2,40,-0.077406546281267,0.0441131193672876,-0.163868260241151,0.00905516767861664,-7.44864869652377
"Fur_Brown+Mouth_Bored.Unshaven",2,41,-0.0755440516794357,0.0480705450657315,-0.169762320008269,0.018674216649398,-7.27611167957346
"Fur_Brown+Mouth_Bored.Unshaven",2,45,-0.075328078260753,0.0438836560593115,-0.161340044137003,0.0106838876154975,-7.25608362173312
"Fur_Brown+Mouth_Bored.Unshaven",2,47,-0.0757312115042184,0.0450905186745164,-0.164108628106271,0.0126462050978339,-7.29346424236271
"Fur_Brown+Mouth_Bored.Unshaven",2,48,-0.0744051042586171,0.0447252585266067,-0.162066610970766,0.013256402453532,-7.17044388251287
"Fur_Brown+Mouth_Bored.Unshaven",2,49,-0.0788108552724885,0.0418438901744503,-0.160824880014411,0.00320316946943415,-7.57852817450516
"Fur_Brown+Mouth_Bored.Unshaven",2,50,-0.0745999585904712,0.0505159985894859,-0.173611315825863,0.0244113986449212,-7.18853036147483
"Fur_Brown+Mouth_Bored.Unshaven",2,51,-0.076772131576188,0.0444705412081138,-0.163934392344091,0.0103901291917151,-7.38991412921529
"Fur_Brown+Mouth_Bored.Unshaven",2,52,-0.0797001541846553,0.0441615926411912,-0.16625687576139,0.00685656739207952,-7.66068195381285
"Fur_Brown+Mouth_Bored.Unshaven",2,53,-0.077160445637544,0.049385280593219,-0.173955595600253,0.0196347043251651,-7.42586894644995
"Fur_Brown+Mouth_Bored.Unshaven",2,54,-0.0771136968901222,0.0471356483965104,-0.169499567747283,0.0152721739670382,-7.42154112062011
"Fur_Brown+Mouth_Bored.Unshaven",2,55,-0.0740207465257035,0.04594761191675,-0.164078065882534,0.0160365728311266,-7.13475726700219
"Fur_Brown+Mouth_Bored.Unshaven",2,56,-0.0762902118591775,0.0485495863427259,-0.17144740109092,0.0188669773725652,-7.34527274692295
"Fur_Brown+Mouth_Bored.Unshaven",2,58,-0.0752541258601702,0.048036971747889,-0.169406590486033,0.0188983387656923,-7.24922473286498
"Fur_Brown+Mouth_Bored.Unshaven",2,59,-0.0744675700858219,0.0435839431400114,-0.159892098640244,0.0109569584686005,-7.17624237641906
"Fur_Brown+Mouth_Bored.Unshaven",2,60,-0.0747737677531981,0.0435118275754444,-0.160056949801069,0.0105094142946729,-7.20466044348553
"Fur_Brown+Mouth_Bored.Unshaven",2,64,-0.0802750587206855,0.0423086949381083,-0.163200100799378,0.00264998335800687,-7.71375298976016
"Fur_Brown+Mouth_Bored.Unshaven",2,65,-0.0750891088886044,0.0448009124365579,-0.162898897264258,0.0127206794870492,-7.23391801792087
"Fur_Brown+Mouth_Bored.Unshaven",2,66,-0.0747969514480356,0.0482251319169969,-0.169318210005349,0.0197243071092782,-7.20681175738236
"Fur_Brown+Mouth_Bored.Unshaven",2,67,-0.0788985154334099,0.0480170838721,-0.173011999822726,0.015214968955906,-7.58662950051102
"Fur_Brown+Mouth_Bored.Unshaven",2,70,-0.0763898682440329,0.0470275794621157,-0.16856392398978,0.0157841875017139,-7.35450592200069
"Fur_Brown+Mouth_Bored.Unshaven",2,71,-0.0745272723387622,0.0435051928661267,-0.159797450356371,0.0107429056788462,-7.18178399845026
"Fur_Brown+Mouth_Bored.Unshaven",2,72,-0.074183989186202,0.0493985319792231,-0.171005111865479,0.0226371334930752,-7.14991559901688
"Fur_Brown+Mouth_Bored.Unshaven",2,73,-0.0760983252559776,0.0455149630989242,-0.165307652929869,0.0131110024179139,-7.32749184013559
"Fur_Brown+Mouth_Bored.Unshaven",2,74,-0.0759745869289081,0.0506430115901154,-0.175234889645534,0.0232857157877181,-7.31602398951887
"Fur_Brown+Mouth_Bored.Unshaven",2,75,-0.0770072090482153,0.0468425495238614,-0.168818606114984,0.014804188018553,-7.4116821154042
"Fur_Brown+Mouth_Bored.Unshaven",2,76,-0.0736878846342753,0.050431718819624,-0.172534053520738,0.0251582842521878,-7.10384082149034
"Fur_Brown+Mouth_Bored.Unshaven",2,78,-0.0752721759668091,0.0514759212838251,-0.176164981683106,0.0256206297494882,-7.25089887914009
"Fur_Brown+Mouth_Bored.Unshaven",2,79,-0.078321859187604,0.0420998127418491,-0.160837492161628,0.00419377378642019,-7.53332338504147
"Fur_Brown+Mouth_Bored.Unshaven",2,82,-0.0753612388193358,0.0478610265861705,-0.16916885092823,0.0184463732895583,-7.2591590108143
"Fur_Brown+Mouth_Bored.Unshaven",2,91,-0.075906256106466,0.0458276382838396,-0.165728427142792,0.0139159149298596,-7.3096906008305
"Fur_Brown+Mouth_Bored.Unshaven",2,92,-0.0773891237909697,0.0457432070099506,-0.167045809530473,0.0122675619485335,-7.44703620745695
"Fur_Brown+Mouth_Bored.Unshaven",2,94,-0.0761006905532429,0.0421986181679874,-0.158809982162498,0.00660860105601246,-7.32771103790648
"Fur_Brown+Mouth_Bored.Unshaven",2,95,-0.0723741790269875,0.0491419308522604,-0.168692363497418,0.0239440054434429,-6.98172242003053
"Fur_Brown+Mouth_Bored.Unshaven",2,97,-0.0753507069004745,0.0434154574086132,-0.160445003421356,0.00974358962040742,-7.25818226665839
"Fur_Brown+Mouth_Bored.Unshaven",2,98,-0.0749596228269934,0.0460937826799307,-0.165303436879658,0.0153841912256707,-7.22190532559261
"Fur_Brown+Mouth_Bored.Unshaven",2,99,-0.0742136006772181,0.0478420990309336,-0.167984114777848,0.0195569134234118,-7.15266498775001
"Fur_Brown+Mouth_Bored.Unshaven",2,101,-0.0757210231831565,0.045097389383096,-0.164111906374025,0.0126698600077115,-7.29251971360031
"Fur_Brown+Mouth_Bored.Unshaven",2,102,-0.0766474903216461,0.0476076641565796,-0.169958512068542,0.0166635314252499,-7.37837037252991
"Fur_Brown+Mouth_Bored.Unshaven",2,104,-0.0797300333580745,0.04967751601986,-0.177097964757,0.0176378980408512,-7.66344093509191
"Fur_Brown+Mouth_Bored.Unshaven",2,105,-0.0778271474768404,0.0433168712169692,-0.1627282150621,0.0070739201084193,-7.48756772026624
"Fur_Brown+Mouth_Bored.Unshaven",2,107,-0.0767425936654733,0.0532242537501455,-0.181062131015758,0.0275769436848118,-7.38717858036656
"Fur_Brown+Mouth_Bored.Unshaven",2,108,-0.0725145641147281,0.0453054035167119,-0.161313155007484,0.0162840267780272,-6.99477988253213
"Fur_Brown+Mouth_Bored.Unshaven",2,110,-0.0772392106270082,0.0466307935963167,-0.168635566075789,0.0141571448217725,-7.43316025975317
"Fur_Brown+Mouth_Bored.Unshaven",2,111,-0.0767602892479193,0.0487394546208765,-0.172289620304837,0.0187690418089986,-7.38881740368353
"Fur_Brown+Mouth_Bored.Unshaven",2,112,-0.0764685141597654,0.0489350289536205,-0.172381170908862,0.0194441425893308,-7.36179182521392
"Fur_Brown+Mouth_Bored.Unshaven",2,115,-0.0773820788870006,0.0483432449847697,-0.172134839057149,0.0173706812831481,-7.44638417841823
"Fur_Brown+Mouth_Bored.Unshaven",2,117,-0.0769456288940036,0.0488442185431172,-0.172680297238513,0.0187890394505063,-7.40598033695426
"Fur_Brown+Mouth_Bored.Unshaven",2,118,-0.0749257792229314,0.0451718546209743,-0.163462614280041,0.0136110558341782,-7.2187653273567
"Fur_Brown+Mouth_Bored.Unshaven",2,120,-0.0758786320883198,0.0492997264848574,-0.17250609599864,0.0207488318220008,-7.307130086676
"Fur_Brown+Mouth_Bored.Unshaven",2,121,-0.073457637377836,0.0485030816745864,-0.168523677460025,0.0216084027043534,-7.08244927312758
"Fur_Brown+Mouth_Bored.Unshaven",2,122,-0.0721515351659146,0.0467983034443916,-0.163876209916922,0.0195731395850929,-6.96101016591724
"Fur_Brown+Mouth_Bored.Unshaven",2,123,-0.0744989747443802,0.0477429219862073,-0.168075101837347,0.019077152348586,-7.17915742905997
"Fur_Brown+Mouth_Bored.Unshaven",2,124,-0.0791433990534387,0.0446202007909812,-0.166598992603762,0.00831219449688438,-7.60925725052225
"Fur_Brown+Mouth_Bored.Unshaven",2,141,-0.0767621437499267,0.0426246044882906,-0.160306368546976,0.00678208104712301,-7.38898915114831
"Fur_Brown+Mouth_Bored.Unshaven",2,143,-0.0772077960168753,0.0439145506961433,-0.163280315381316,0.00886472334756558,-7.43025226289493
"Fur_Brown+Mouth_Bored.Unshaven",2,148,-0.0735225515174024,0.0472058529087798,-0.166046023218611,0.0190009201838061,-7.08848074021776
"Fur_Brown+Mouth_Bored.Unshaven",2,149,-0.0732643416439156,0.0501454859214965,-0.171549494050049,0.0250208107622176,-7.06448697100349
"Fur_Brown+Mouth_Bored.Unshaven",2,150,-0.0751593729534836,0.0476925860473418,-0.168636841606274,0.0183180956993062,-7.24043591093435
"Fur_Brown+Mouth_Bored.Unshaven",2,151,-0.074144399756261,0.0450574316881551,-0.162456965865045,0.0141681663525231,-7.14623964434148
"Fur_Brown+Mouth_Bored.Unshaven",2,153,-0.0745659865524176,0.0467474547159039,-0.166190997795589,0.017059024690754,-7.18537731313904
"Fur_Brown+Mouth_Bored.Unshaven",2,154,-0.077779350396116,0.0469974530841691,-0.169894358441087,0.0143356576488553,-7.48314579039573
"Fur_Brown+Mouth_Bored.Unshaven",2,156,-0.077052128229425,0.0463820829049674,-0.167961010723161,0.0138567542643111,-7.41584101342532
"Fur_Brown+Mouth_Bored.Unshaven",2,157,-0.0740911308583457,0.0437611888315881,-0.159863060968258,0.011680799251567,-7.14129329511792
"Fur_Brown+Mouth_Bored.Unshaven",2,158,-0.076354591490828,0.0473779538643796,-0.169215381065012,0.016506198083356,-7.35123763212356
"Fur_Brown+Mouth_Bored.Unshaven",2,159,-0.07736258968141,0.046953767465268,-0.169391973913335,0.0146667945505152,-7.44458036439394
"Fur_Brown+Mouth_Bored.Unshaven",2,160,-0.0758693311298402,0.0460388596845117,-0.166105496111483,0.0143668338518027,-7.30626795013223
"Fur_Brown+Mouth_Bored.Unshaven",2,163,-0.0743643901521035,0.0400198806940121,-0.152803356312367,0.0040745760081602,-7.16666433313752
"Fur_Brown+Mouth_Bored.Unshaven",2,164,-0.0784472263418687,0.047313366764118,-0.17118142519954,0.0142869725158025,-7.54491494253753
"Fur_Brown+Mouth_Bored.Unshaven",2,165,-0.0786051287773334,0.0446982920658326,-0.166213781226365,0.0090035236716985,-7.55951267310027
"Fur_Brown+Mouth_Bored.Unshaven",2,166,-0.0729314130266241,0.0454178152047722,-0.161950330827978,0.0160875047747293,-7.03354092802766
"Fur_Brown+Mouth_Bored.Unshaven",2,167,-0.0737674624870403,0.0462805583223691,-0.164477356798884,0.0169424318248031,-7.11123300423696
"Fur_Brown+Mouth_Bored.Unshaven",2,169,-0.0760033916264647,0.0476442274209877,-0.1693860773716,0.0173792941186711,-7.31869368496612
"Fur_Brown+Mouth_Bored.Unshaven",2,171,-0.0754507193856931,0.0483000111280041,-0.170118741196581,0.0192173024251948,-7.26745714252417
"Fur_Brown+Mouth_Bored.Unshaven",2,175,-0.0758086924924395,0.0468142390370435,-0.167564601005045,0.0159472160201657,-7.30064695810223
"Fur_Brown+Mouth_Bored.Unshaven",2,177,-0.0751180661878711,0.0460649778272927,-0.165405422729365,0.0151692903536225,-7.23660423422566
"Fur_Brown+Mouth_Bored.Unshaven",2,179,-0.0788853064322232,0.046070753047836,-0.169183982405982,0.0114133695415354,-7.58540880412835
"Fur_Brown+Mouth_Bored.Unshaven",2,180,-0.0784828474239349,0.0457866533831097,-0.16822468805483,0.0112589932069601,-7.54820823405415
"Fur_Brown+Mouth_Bored.Unshaven",2,184,-0.0719480732398984,0.0479258098287918,-0.16588266050433,0.0219865140245336,-6.94207834796423
"Fur_Brown+Mouth_Bored.Unshaven",2,185,-0.0735814755785568,0.0417027940597808,-0.155318951935727,0.00815600077861357,-7.09395530296726
"Fur_Brown+Mouth_Bored.Unshaven",2,189,-0.0757517416510502,0.0441175017753561,-0.162222045130748,0.0107185618286478,-7.29536750161692
"Fur_Brown+Mouth_Bored.Unshaven",2,190,-0.0790154933301735,0.0488702681841888,-0.174801218971184,0.0167702323108366,-7.59743918996518
"Fur_Brown+Mouth_Bored.Unshaven",2,191,-0.0755774546193983,0.0441328040445786,-0.162077750546772,0.0109228413079757,-7.27920887832006
"Fur_Brown+Mouth_Bored.Unshaven",2,194,-0.0766721075525978,0.0482630715179539,-0.171267727727788,0.0179235126225918,-7.38065043251308
"Fur_Brown+Mouth_Bored.Unshaven",2,196,-0.0771909380745948,0.0438817923088677,-0.163199250999976,0.00881737485078593,-7.42869171427688
"Fur_Brown+Mouth_Bored.Unshaven",2,200,-0.0729111826277013,0.0503479954839921,-0.171593253776326,0.0257708885209232,-7.03166016044992
"Fur_Brown+Mouth_Bored.Unshaven",2,201,-0.0777134454650446,0.0467809572938671,-0.169404121761024,0.013977230830935,-7.47704827257006
"Fur_Brown+Mouth_Bored.Unshaven",2,203,-0.0785058874761598,0.0417370858607348,-0.1603105757632,0.00329880081088033,-7.55033830362617
"Fur_Brown+Mouth_Bored.Unshaven",2,204,-0.0745809645640873,0.0506880293467513,-0.17392950208372,0.0247675729555452,-7.18676748122976
"Fur_Brown+Mouth_Bored.Unshaven",2,206,-0.0765881425436176,0.0467989487288557,-0.168314082052175,0.0151377969649396,-7.37287332149686
"Fur_Brown+Mouth_Bored.Unshaven",2,207,-0.0781463051965485,0.0448037470302554,-0.165961649375849,0.009669038982752,-7.51708906596401
"Fur_Brown+Mouth_Bored.Unshaven",2,209,-0.074829491798176,0.047136779568355,-0.167217579752152,0.0175585961557998,-7.20983123109078
"Fur_Brown+Mouth_Bored.Unshaven",2,210,-0.0732105786099655,0.0493441291765517,-0.169925071796007,0.0235039145760758,-7.05949034154556
"Fur_Brown+Mouth_Bored.Unshaven",2,211,-0.0771510589907322,0.0499944591269573,-0.175140198879569,0.0208380808981041,-7.42499998169952
"Fur_Brown+Mouth_Bored.Unshaven",2,212,-0.0798998861313936,0.0481560185400808,-0.174285682469952,0.0144859102071648,-7.67912322385001
"Fur_Brown+Mouth_Bored.Unshaven",2,214,-0.0756370615725063,0.0464664130743834,-0.166711231198298,0.0154371080532851,-7.28473551745389
"Fur_Brown+Mouth_Bored.Unshaven",2,215,-0.0789668571773927,0.0448930499217981,-0.166957235024117,0.0090235206693316,-7.59294497561054
"Fur_Brown+Mouth_Bored.Unshaven",2,217,-0.0734151573947693,0.0498609139534977,-0.171142548743625,0.0243122339540863,-7.07850205330778
"Fur_Brown+Mouth_Bored.Unshaven",2,218,-0.0750340422166752,0.0462189695911524,-0.165623222615334,0.0155551381819835,-7.22880955786657
"Fur_Brown+Mouth_Bored.Unshaven",2,219,-0.0736644594552538,0.0436178045386946,-0.159155356351095,0.0118264374405875,-7.1016646868431
"Fur_Brown+Mouth_Bored.Unshaven",2,230,-0.0754031154694099,0.0494800522337307,-0.172384017847522,0.0215777869087023,-7.26304260524344
"Fur_Brown+Mouth_Bored.Unshaven",2,233,-0.0752934406531844,0.0496417064718859,-0.172591185338081,0.022004304031712,-7.2528711387172
"Fur_Brown+Mouth_Bored.Unshaven",2,234,-0.0746311144172917,0.0461912265650899,-0.165165918484868,0.0159036896502845,-7.19142193450495
"Fur_Brown+Mouth_Bored.Unshaven",2,241,-0.0738281502118907,0.047150446399054,-0.166243025154036,0.0185867247302551,-7.1168700411189
"Fur_Brown+Mouth_Bored.Unshaven",2,243,-0.0718509150324006,0.0412162859532023,-0.152634835500677,0.00893300543587579,-6.93303656786859
"Fur_Brown+Mouth_Bored.Unshaven",2,244,-0.0760911439090603,0.0458702740934198,-0.165996881132163,0.0138145933140424,-7.32682632431516
"Fur_Brown+Mouth_Bored.Unshaven",2,245,-0.0740574823122399,0.0468821817103778,-0.16594655846458,0.0178315938401006,-7.138168682075
"Fur_Brown+Mouth_Bored.Unshaven",2,247,-0.0735964706140109,0.043829331507928,-0.15950196036955,0.012309019141528,-7.09534842195644
"Fur_Brown+Mouth_Bored.Unshaven",2,248,-0.0785462022003731,0.0489043491582878,-0.174398726550617,0.0173063221498709,-7.55406531111393
"Fur_Brown+Mouth_Bored.Unshaven",2,250,-0.076453754642349,0.0475334756629974,-0.169619366941824,0.016711857657126,-7.36042451987657
"Fur_Brown+Mouth_Bored.Unshaven",2,252,-0.0761905040579199,0.0432265446860937,-0.160914531642664,0.00853352352682386,-7.33603388720687
"Fur_Brown+Mouth_Bored.Unshaven",2,253,-0.0756673372273791,0.0487701543518848,-0.171256839757073,0.0199221653023151,-7.28754249031113
"Fur_Brown+Mouth_Bored.Unshaven",2,256,-0.0757173494916968,0.0440935324450969,-0.162140673084087,0.0107059741006931,-7.29217913429614
"Fur_Brown+Mouth_Bored.Unshaven",2,257,-0.0784855964336264,0.0463981324931863,-0.169425936120272,0.0124547432530187,-7.54846238457638
"Fur_Brown+Mouth_Bored.Unshaven",2,258,-0.0774438953405142,0.0476954293656217,-0.170926936897133,0.0160391462161043,-7.45210533787547
"Fur_Brown+Mouth_Bored.Unshaven",2,259,-0.0782439222676201,0.0476555146253959,-0.171648730933396,0.0151608863981559,-7.5261165362288
"Fur_Brown+Mouth_Bored.Unshaven",2,260,-0.0747755547933976,0.0457664901068942,-0.16447787540291,0.014926765816115,-7.20482627233948
"Fur_Brown+Mouth_Bored.Unshaven",2,261,-0.0745180195368599,0.0483005150450603,-0.169187029025178,0.0201509899514582,-7.18092516591138
"Fur_Brown+Mouth_Bored.Unshaven",2,264,-0.0754144523184243,0.0487938183043044,-0.171050336194861,0.0202214315580124,-7.26409394416804
"Fur_Brown+Mouth_Bored.Unshaven",2,266,-0.0762575224575821,0.0477090840900681,-0.169767327274116,0.0172522823589514,-7.34224386982824
"Fur_Brown+Mouth_Bored.Unshaven",2,268,-0.0776714053383428,0.0453954978940838,-0.166646581210747,0.0113037705340615,-7.47315851419422
"Fur_Brown+Mouth_Bored.Unshaven",2,269,-0.0717289801498857,0.0482269463663168,-0.166253795027867,0.0227958347280953,-6.92168776672316
"Fur_Brown+Mouth_Bored.Unshaven",2,270,-0.07620989521277,0.0449052170546655,-0.164224120639914,0.0118043302143743,-7.3378307311013
"Fur_Brown+Mouth_Bored.Unshaven",2,271,-0.0732560048755645,0.0474264223519917,-0.166211792685468,0.0196997829343393,-7.06371218593018
"Fur_Brown+Mouth_Bored.Unshaven",2,273,-0.0764455108406406,0.0459283190495263,-0.166465016177712,0.013573994496431,-7.35966081443806
"Fur_Brown+Mouth_Bored.Unshaven",2,277,-0.0776966155027807,0.0498443636962905,-0.17539156834751,0.0199983373419488,-7.47549110168042
"Fur_Brown+Mouth_Bored.Unshaven",2,278,-0.0749353260568514,0.0454011899999622,-0.163921658456777,0.0140510063430746,-7.21965109016688
"Fur_Brown+Mouth_Bored.Unshaven",2,279,-0.074512048072117,0.0454391260678609,-0.163572735165124,0.0145486390208905,-7.18037089842364
"Fur_Brown+Mouth_Bored.Unshaven",2,280,-0.0748690231095409,0.0474788277946601,-0.167927525587075,0.018189479367993,-7.2134992756422
"Fur_Brown+Mouth_Bored.Unshaven",2,281,-0.0738762076444689,0.0455963823206801,-0.163245116993002,0.0154927017040641,-7.12133365861869
"Fur_Brown+Mouth_Bored.Unshaven",2,282,-0.0765183646152097,0.0468233344341146,-0.168292100106074,0.0152553708756549,-7.36640976697877
"Fur_Brown+Mouth_Bored.Unshaven",2,285,-0.0767802832453316,0.0478707823872379,-0.170607016724318,0.0170464502336546,-7.39066905291772
"Fur_Brown+Mouth_Bored.Unshaven",2,286,-0.0767169505918768,0.0489422431842919,-0.172643747233089,0.0192098460493353,-7.38480367252108
"Fur_Brown+Mouth_Bored.Unshaven",2,287,-0.0784872386961138,0.0481180360900111,-0.172798589432536,0.015824112040308,-7.54861421414383
"Fur_Brown+Mouth_Bored.Unshaven",2,290,-0.0782870138478197,0.0494743666274885,-0.175256772437697,0.0186827447420577,-7.53010129613904
"Fur_Brown+Mouth_Bored.Unshaven",2,294,-0.0765419331277572,0.0445028180198703,-0.163767456446703,0.0106835901911885,-7.36859297718488
"Fur_Brown+Mouth_Bored.Unshaven",2,296,-0.074422697688003,0.0525962690175149,-0.177511384962332,0.0286659895863261,-7.17207705838673
"Fur_Brown+Mouth_Bored.Unshaven",2,297,-0.0737506913194033,0.0469419599399419,-0.165756932801689,0.0182555501628827,-7.1096751380905
"Fur_Brown+Mouth_Bored.Unshaven",2,298,-0.0757125335274701,0.0469152387448883,-0.167666401467451,0.016241334412511,-7.2917326556722
"Fur_Brown+Mouth_Bored.Unshaven",2,299,-0.0778290156780499,0.0446221205714351,-0.165288371998063,0.00963034064196294,-7.48774055194268
"Fur_Brown+Mouth_Bored.Unshaven",2,301,-0.0754023986811297,0.0467805680712481,-0.167092312100776,0.0162875147385166,-7.26297613245542
"Fur_Brown+Mouth_Bored.Unshaven",2,302,-0.0755891215857597,0.0512536584011987,-0.176046292052109,0.0248680488805898,-7.28029064236062
"Fur_Brown+Mouth_Bored.Unshaven",2,303,-0.0796929728349978,0.0496464783651489,-0.17700007043069,0.0176141247606941,-7.66001883050177
"Fur_Brown+Mouth_Bored.Unshaven",2,307,-0.0787166237565149,0.0478936604434053,-0.172588198225589,0.0151549507125594,-7.56981874876178
"Fur_Brown+Mouth_Bored.Unshaven",2,308,-0.0759613119779075,0.0481606049898248,-0.170356097757964,0.0184334738021492,-7.31479360611216
"Fur_Brown+Mouth_Bored.Unshaven",2,309,-0.0766717972297116,0.0445726849951876,-0.164034259820279,0.0106906653608562,-7.38062169060474
"Fur_Brown+Mouth_Bored.Unshaven",2,312,-0.0786503089289011,0.0422465507741454,-0.161453548446226,0.00415293058842388,-7.56368905398321
"Fur_Brown+Mouth_Bored.Unshaven",2,313,-0.0708692270070908,0.045210695166088,-0.159482189532623,0.0177437355184417,-6.84162898479133
"Fur_Brown+Mouth_Bored.Unshaven",2,319,-0.0763425838455124,0.0461067201557051,-0.166711755350695,0.0140265876596696,-7.35012513196688
"Fur_Brown+Mouth_Bored.Unshaven",2,320,-0.0760339433594957,0.047679867363707,-0.169486483392362,0.0174185966733701,-7.32152521623931
"Fur_Brown+Mouth_Bored.Unshaven",2,324,-0.0754418045601163,0.0449476507663963,-0.163539200062253,0.0126555909420206,-7.26663044439436
"Fur_Brown+Mouth_Bored.Unshaven",2,328,-0.0750278529159453,0.046764452595813,-0.166686180003739,0.0166304741718482,-7.22823536729292
"Fur_Brown+Mouth_Bored.Unshaven",2,329,-0.0721632813003392,0.0495044582852798,-0.169192019539488,0.0248654569388092,-6.9621030079802
"Fur_Brown+Mouth_Bored.Unshaven",2,331,-0.0733579903664828,0.0493553414947132,-0.170094459696121,0.023378478963155,-7.07318985556641
"Fur_Brown+Mouth_Bored.Unshaven",2,332,-0.0734527397537465,0.0462789683656181,-0.164159517750358,0.0172540382428649,-7.08199419677841
"Fur_Brown+Mouth_Bored.Unshaven",2,333,-0.0795035686597124,0.0477631390736986,-0.173119321244162,0.0141121839247367,-7.64252759611836
"Fur_Brown+Mouth_Bored.Unshaven",2,337,-0.0765882503770054,0.0490153620137065,-0.17265835992387,0.0194818591698593,-7.3728833097932
"Fur_Brown+Mouth_Bored.Unshaven",2,338,-0.073354938100727,0.0469911755146108,-0.165457642109364,0.0187477659079101,-7.07290621781314
"Fur_Brown+Mouth_Bored.Unshaven",2,339,-0.0779336419874849,0.0437989718182779,-0.16377962675131,0.00791234277633979,-7.49741926189355
"Fur_Brown+Mouth_Bored.Unshaven",2,340,-0.0747199437329324,0.0476347602184805,-0.168084073761154,0.0186441862952894,-7.19966569083106
"Fur_Brown+Mouth_Bored.Unshaven",2,341,-0.0754198399887781,0.0467557464565514,-0.167061103043619,0.0162214230660625,-7.26459357331392
"Fur_Brown+Mouth_Bored.Unshaven",2,342,-0.0782139130766939,0.0482369963946348,-0.172758426010178,0.0163305998567903,-7.52334142816509
"Fur_Brown+Mouth_Bored.Unshaven",2,343,-0.0756412065623622,0.0479962165936776,-0.16971379108597,0.0184313779612459,-7.28511982048818
"Fur_Brown+Mouth_Bored.Unshaven",2,344,-0.0750002990894684,0.0445929664085705,-0.162402513250267,0.0124019150713297,-7.22567911497117
"Fur_Brown+Mouth_Bored.Unshaven",2,345,-0.0759544785906595,0.0473043025229097,-0.168670911535562,0.0167619543542434,-7.31416025004074
"Fur_Brown+Mouth_Bored.Unshaven",2,347,-0.0769059482675204,0.0421975463043656,-0.159613139024077,0.00580124248903623,-7.40230607534741
"Fur_Brown+Mouth_Bored.Unshaven",2,350,-0.0793339877178211,0.0460274080412447,-0.169547707478661,0.0108797320430185,-7.6268642008883
"Fur_Brown+Mouth_Bored.Unshaven",2,352,-0.0759129830788478,0.0506429955781969,-0.175173254412114,0.0233472882544182,-7.31031412388468
"Fur_Brown+Mouth_Bored.Unshaven",2,353,-0.0734631137947066,0.047195942048696,-0.165967160210151,0.0190409326207375,-7.0829581269766
"Fur_Brown+Mouth_Bored.Unshaven",2,355,-0.0790124416702403,0.0483691101205625,-0.173815897506543,0.0157910141660622,-7.59715720834239
"Fur_Brown+Mouth_Bored.Unshaven",2,356,-0.074855312395522,0.0472755049950735,-0.167515302185866,0.017804677394822,-7.21222709774475
"Fur_Brown+Mouth_Bored.Unshaven",2,357,-0.0773365614360568,0.0425165421504495,-0.160668984050938,0.00599586117882434,-7.44217127787088
"Fur_Brown+Mouth_Bored.Unshaven",2,358,-0.0757066305694195,0.0490275929970109,-0.171800712843561,0.0203874517047219,-7.29118540104392
"Fur_Brown+Mouth_Bored.Unshaven",2,362,-0.0763128169304009,0.0470080712419078,-0.16844863656454,0.0158230027037384,-7.34736718995908
"Fur_Brown+Mouth_Bored.Unshaven",2,364,-0.0747645893670739,0.0471937737618036,-0.167264385940209,0.0177352072060612,-7.20380872811988
"Fur_Brown+Mouth_Bored.Unshaven",2,365,-0.0742792664379486,0.0486357641238602,-0.169605364120715,0.0210468312448175,-7.15876167846128
"Fur_Brown+Mouth_Bored.Unshaven",2,366,-0.0770656690637763,0.0474220894229093,-0.170012964332678,0.015881626205126,-7.41709467169789
"Fur_Brown+Mouth_Bored.Unshaven",2,367,-0.0755249035652422,0.0442619292656814,-0.162278284925978,0.0112284777954934,-7.2743361749727
"Fur_Brown+Mouth_Bored.Unshaven",2,368,-0.0778081911096038,0.0492201318021728,-0.174279649441862,0.0186632672226549,-7.485814004004
"Fur_Brown+Mouth_Bored.Unshaven",2,369,-0.0802718993240287,0.0481013372113677,-0.174550520258309,0.0140067216102519,-7.71346142043929
"Fur_Brown+Mouth_Bored.Unshaven",2,370,-0.0776062919928833,0.0493940862515875,-0.174418701045995,0.0192061170602282,-7.46713358585079
"Fur_Brown+Mouth_Bored.Unshaven",2,371,-0.0758104070843687,0.0501385284579754,-0.174081922862,0.0224611086932629,-7.30080589952853
"Fur_Brown+Mouth_Bored.Unshaven",2,372,-0.0775127076358864,0.0494697827096169,-0.174473481746736,0.0194480664749628,-7.45847355183081
"Fur_Brown+Mouth_Bored.Unshaven",2,373,-0.0738153495958299,0.044483234817285,-0.161002489837709,0.0133717906460487,-7.11568107222401
"Fur_Brown+Mouth_Bored.Unshaven",2,375,-0.0777026148046454,0.0406286377908587,-0.157334744874728,0.00192951526543762,-7.47604618247414
"Fur_Brown+Mouth_Bored.Unshaven",2,376,-0.0759928015379628,0.0459428223064003,-0.166040733258507,0.0140551301825817,-7.31771217653265
"Fur_Brown+Mouth_Bored.Unshaven",2,380,-0.0748838111055594,0.0470976896686529,-0.167195282856119,0.0174276606450003,-7.21487139190003
"Fur_Brown+Mouth_Bored.Unshaven",2,381,-0.0774538433696401,0.0467989782013211,-0.169179840644229,0.0142721539049493,-7.45302600244769
"Fur_Brown+Mouth_Bored.Unshaven",2,382,-0.0735866488930027,0.0433776742874807,-0.158606890496465,0.0114335927104595,-7.09443593390717
"Fur_Brown+Mouth_Bored.Unshaven",2,383,-0.0776444829183286,0.050078956220372,-0.175799237110258,0.0205102712736006,-7.47066743417236
"Fur_Brown+Mouth_Bored.Unshaven",2,385,-0.0751513937741886,0.044256039928382,-0.161893232033817,0.0115904444854401,-7.23969576278828
"Fur_Brown+Mouth_Bored.Unshaven",2,386,-0.0775372449205157,0.0478014590256417,-0.171228104610773,0.016153614769742,-7.4607442417469
"Fur_Brown+Mouth_Bored.Unshaven",2,387,-0.0734121747513079,0.0469899918016134,-0.16551255868247,0.0186882091798543,-7.07822490119618
"Fur_Brown+Mouth_Bored.Unshaven",2,388,-0.0761864916444842,0.0442415602414623,-0.16289994971775,0.0105269664287819,-7.33566208031833
"Fur_Brown+Mouth_Bored.Unshaven",2,389,-0.07459186299671,0.0457105239427725,-0.164184489924544,0.015000763931124,-7.18777899447889
"Fur_Brown+Mouth_Bored.Unshaven",2,392,-0.0723297905109682,0.0482434319888941,-0.166886917209201,0.0222273361872643,-6.97759338508591
"Fur_Brown+Mouth_Bored.Unshaven",2,394,-0.0733932427491251,0.0470569793650104,-0.165624922304545,0.0188384368062953,-7.07646568929453
"Fur_Brown+Mouth_Bored.Unshaven",2,396,-0.073524905754973,0.044708236437784,-0.16115304917303,0.0141032376630837,-7.08869947574967
"Fur_Brown+Mouth_Bored.Unshaven",2,397,-0.0765306396324257,0.0422032442041314,-0.159248998272523,0.0061877190076717,-7.36754683891486
"Fur_Brown+Mouth_Bored.Unshaven",2,398,-0.0777570969765049,0.0460319446384639,-0.167979708467894,0.0124655145148844,-7.48108695110988
"Fur_Brown+Mouth_Bored.Unshaven",2,401,-0.0769714511196709,0.0455316348729372,-0.166213455470628,0.0122705532312859,-7.40837128975546
"Fur_Brown+Mouth_Bored.Unshaven",2,406,-0.0772135351110617,0.0428113832436382,-0.161123846268593,0.00669677604646908,-7.43078352787152
"Fur_Brown+Mouth_Bored.Unshaven",2,407,-0.0793457705230765,0.0449623231933496,-0.167471923982042,0.00878038293588866,-7.62795260914598
"Fur_Brown+Mouth_Bored.Unshaven",2,408,-0.0816787175905044,0.0487214403259304,-0.177172740629328,0.0138153054483192,-7.8432005275923
"Fur_Brown+Mouth_Bored.Unshaven",2,411,-0.0786430468524384,0.0440842055094587,-0.165048089650977,0.00776199594610073,-7.56301777198775
"Fur_Brown+Mouth_Bored.Unshaven",2,413,-0.0769620732697577,0.0484432838871347,-0.171910909688542,0.0179867631490263,-7.40750297528673
"Fur_Brown+Mouth_Bored.Unshaven",2,414,-0.0777446745494155,0.0460330044946661,-0.167969363358961,0.0124800142601301,-7.47993763451951
"Fur_Brown+Mouth_Bored.Unshaven",2,415,-0.0730077857073657,0.0466340376585012,-0.164410499518028,0.0183949281032967,-7.0406407546062
"Fur_Brown+Mouth_Bored.Unshaven",2,417,-0.0789067352203714,0.0458577141848233,-0.168787855022625,0.0109743845818822,-7.58738911560698
"Fur_Brown+Mouth_Bored.Unshaven",2,418,-0.0790044561153273,0.0428326167960367,-0.162956385035559,0.00494747280490453,-7.59641931742092
"Fur_Brown+Mouth_Bored.Unshaven",2,421,-0.076073275205626,0.0510780088947455,-0.176186172639327,0.0240396222280753,-7.3251703600635
"Fur_Brown+Mouth_Bored.Unshaven",2,423,-0.0779284588614338,0.0403991048061681,-0.157110704281523,0.00125378655865568,-7.49693980811499
"Fur_Brown+Mouth_Bored.Unshaven",2,426,-0.0740865285283921,0.0486008762022356,-0.169344245884774,0.0211711888279898,-7.14086592772716
"Fur_Brown+Mouth_Bored.Unshaven",2,428,-0.0805986477583263,0.0466728597871882,-0.172077452941215,0.0108801574245626,-7.74361097649855
"Fur_Brown+Mouth_Bored.Unshaven",2,429,-0.0766628264792021,0.0437332537538655,-0.162380003836778,0.00905435087837424,-7.37979082154282
"Fur_Brown+Mouth_Bored.Unshaven",2,430,-0.0768838083687177,0.048739255351306,-0.172412748857277,0.018645132119842,-7.40025594907986
"Fur_Brown+Mouth_Bored.Unshaven",2,433,-0.0763923499310579,0.0482768669818335,-0.171015009215452,0.0182303093533359,-7.35473583883597
"Fur_Brown+Mouth_Bored.Unshaven",2,437,-0.073316336101059,0.048211209871147,-0.167810307448507,0.0211776352463892,-7.06931897693291
"Fur_Brown+Mouth_Bored.Unshaven",2,445,-0.0753463786217724,0.0441977827092769,-0.161974032731955,0.0112812754884104,-7.25778085335518
"Fur_Brown+Mouth_Bored.Unshaven",2,446,-0.0785597926369864,0.0434167691769001,-0.163656660223711,0.00653707494973781,-7.55532168319213
"Fur_Brown+Mouth_Bored.Unshaven",2,450,-0.0787397920459993,0.0474286843719172,-0.171700013414957,0.0142204293229584,-7.57196017315144
"Fur_Brown+Mouth_Bored.Unshaven",2,454,-0.073994746424695,0.0456947487135535,-0.16355645390326,0.0155669610538698,-7.13234272992199
"Fur_Brown+Mouth_Bored.Unshaven",2,456,-0.0752956729368666,0.0454372646929517,-0.164352711735052,0.0137613658613187,-7.25307817638845
"Fur_Brown+Mouth_Bored.Unshaven",2,458,-0.0760926687622945,0.0438112024222326,-0.16196262550987,0.00977728798528139,-7.32696763719601
"Fur_Brown+Mouth_Bored.Unshaven",2,459,-0.0758666145942651,0.0498621279312775,-0.173596385339569,0.0218631561510387,-7.30601614396952
"Fur_Brown+Mouth_Bored.Unshaven",2,461,-0.0748032368119406,0.048699177862848,-0.170253625423123,0.0206471517992415,-7.20739499450543
"Fur_Brown+Mouth_Bored.Unshaven",2,464,-0.0783350268204467,0.047625533282934,-0.171681072054997,0.0150110184141039,-7.53454094427312
"Fur_Brown+Mouth_Bored.Unshaven",2,465,-0.0763939028820826,0.04279199645061,-0.160266215925278,0.00747841016111304,-7.35487971228217
"Fur_Brown+Mouth_Bored.Unshaven",2,466,-0.0730140504651181,0.0467231026352514,-0.164591331630211,0.0185632306999746,-7.04122312064849
"Fur_Brown+Mouth_Bored.Unshaven",2,467,-0.0747000272279722,0.053301602846089,-0.179171168806307,0.0297711143503622,-7.19781741410693
"Fur_Brown+Mouth_Bored.Unshaven",2,468,-0.0765701478886279,0.0457872779086891,-0.166313212589659,0.0131729168124028,-7.37120651331282
"Fur_Brown+Mouth_Bored.Unshaven",2,471,-0.0753772612942941,0.0445692890431519,-0.162733067818872,0.0119785452302837,-7.26064493671252
"Fur_Brown+Mouth_Bored.Unshaven",2,473,-0.07461150642619,0.0472097848120127,-0.167142684657735,0.0179196718053549,-7.18960212689075
"Fur_Brown+Mouth_Bored.Unshaven",2,474,-0.076837252174099,0.046332997077066,-0.167649926445148,0.0139754220969503,-7.3959447570186
"Fur_Brown+Mouth_Bored.Unshaven",2,475,-0.0745745420049013,0.0458467084119519,-0.164434090492327,0.0152850064825245,-7.18617138083641
"Fur_Brown+Mouth_Bored.Unshaven",2,476,-0.0772308585571451,0.0449125299837417,-0.165259417325279,0.0107977002109887,-7.43238713181205
"Fur_Brown+Mouth_Bored.Unshaven",2,477,-0.0761602866977217,0.0459099038595587,-0.166143698262457,0.0138231248670133,-7.33323378445981
"Fur_Brown+Mouth_Bored.Unshaven",2,478,-0.0735281578373771,0.0466251915157843,-0.164913533208314,0.0178572175335602,-7.08900163046393
"Fur_Brown+Mouth_Bored.Unshaven",2,479,-0.0772307657749399,0.0479736472598703,-0.171259114404286,0.0167975828544059,-7.43237854318439
"Fur_Brown+Mouth_Bored.Unshaven",2,480,-0.0736485026110531,0.0450857265369031,-0.162016526623383,0.014719521401277,-7.10018231075301
"Fur_Brown+Mouth_Bored.Unshaven",2,481,-0.0788059066028173,0.0454631514517438,-0.167913683448235,0.0103018702426005,-7.5780708100389
"Fur_Brown+Mouth_Bored.Unshaven",2,482,-0.0765342960207521,0.0449850998799203,-0.164705091785396,0.0116364997438916,-7.36788553851603
"Fur_Brown+Mouth_Bored.Unshaven",2,483,-0.0757778023939904,0.0482193942450832,-0.170287815114353,0.0187322103263727,-7.29778342173336
"Fur_Brown+Mouth_Bored.Unshaven",2,487,-0.0738131430157696,0.0481081738370876,-0.168105163736461,0.020478877704922,-7.11547611531183
"Fur_Brown+Mouth_Bored.Unshaven",2,488,-0.0745510426401432,0.042207024220578,-0.157276810112476,0.00817472483218981,-7.18399028919606
"Fur_Brown+Mouth_Bored.Unshaven",2,489,-0.076864052042494,0.048324411753462,-0.17157989907928,0.0178517949942916,-7.39842650025662
"Fur_Brown+Mouth_Bored.Unshaven",2,490,-0.0781491758708297,0.0479392925040534,-0.172110189178774,0.015811837437115,-7.51735455389683
"Fur_Brown+Mouth_Bored.Unshaven",2,491,-0.0781218195387862,0.0480684580351346,-0.17233599728765,0.0160923582100777,-7.51482453333385
"Fur_Brown+Mouth_Bored.Unshaven",2,492,-0.0746765815362643,0.0461442974560012,-0.165119404550027,0.015766241477498,-7.1956415772373
"Fur_Brown+Mouth_Bored.Unshaven",2,494,-0.0755466751408268,0.0450193399915918,-0.163784581524347,0.0126912312426932,-7.2763549367954
"Fur_Brown+Mouth_Bored.Unshaven",2,495,-0.0780846038713074,0.0478498363941891,-0.171870283203918,0.0157010754613031,-7.51138257174991
"Fur_Brown+Mouth_Bored.Unshaven",2,496,-0.0784716635598996,0.0436140700498997,-0.163955240857703,0.00701191373790379,-7.54717426000332
"Fur_Brown+Mouth_Bored.Unshaven",2,497,-0.0728561093803417,0.0539671497094696,-0.178631722810902,0.0329195040502187,-7.02653995108133
"Fur_Brown+Mouth_Bored.Unshaven",2,502,-0.0753860345289073,0.0390405888209688,-0.151905588618006,0.00113351956019152,-7.26145855726331
"Fur_Brown+Mouth_Bored.Unshaven",2,503,-0.0776414500786295,0.0482563334143468,-0.172223863570749,0.0169409634134901,-7.47038680711368
"Fur_Brown+Mouth_Bored.Unshaven",2,505,-0.0758058958599656,0.0465123521834159,-0.166970106139461,0.0153583144195296,-7.30038771171868
"Fur_Brown+Mouth_Bored.Unshaven",2,506,-0.0772075630175823,0.0482659103481488,-0.171808747299954,0.0173936212647894,-7.43023069420665
"Fur_Brown+Mouth_Bored.Unshaven",2,507,-0.0797312581276175,0.0483070011228185,-0.174412980328342,0.0149504640731069,-7.66355402602791
"Fur_Brown+Mouth_Bored.Unshaven",2,508,-0.0796065838663288,0.0504358751888822,-0.178460899236538,0.0192477315038803,-7.65204133018257
"Fur_Brown+Mouth_Bored.Unshaven",2,509,-0.0772399367151712,0.0503857294090092,-0.175995966356829,0.0215160929264868,-7.43322747141538
"Fur_Brown+Mouth_Bored.Unshaven",2,511,-0.0742906229530016,0.0496448609980227,-0.171594550509126,0.0230133046031228,-7.15981602539496
"Fur_Brown+Mouth_Bored.Unshaven",2,514,-0.078002243981305,0.0436040739358547,-0.16346622889558,0.00746174093297026,-7.50376490570128
"Fur_Brown+Mouth_Bored.Unshaven",2,515,-0.0738551450712549,0.0483685209726738,-0.168657446177696,0.0209471560351857,-7.11937737430674
"Fur_Brown+Mouth_Bored.Unshaven",2,516,-0.0751081745543642,0.0471832455220654,-0.167587335777612,0.017370986668884,-7.23568664817368
"Fur_Brown+Mouth_Bored.Unshaven",2,517,-0.0752962174083746,0.0433702295159076,-0.160301867259554,0.00970943244280435,-7.25312867443109
"Fur_Brown+Mouth_Bored.Unshaven",2,518,-0.0762067924438812,0.0452301334165629,-0.164857853940344,0.012444269052582,-7.33754322135929
"Fur_Brown+Mouth_Bored.Unshaven",2,521,-0.0793359364332682,0.0466940848698734,-0.17085634277822,0.0121844699116837,-7.62704420966953
"Fur_Brown+Mouth_Bored.Unshaven",2,522,-0.0738943632301186,0.0444757840216757,-0.161066899912603,0.0132781734523658,-7.12301990989299
"Fur_Brown+Mouth_Bored.Unshaven",2,523,-0.0755657335196175,0.049089888851713,-0.171781915668975,0.02065044862974,-7.27812208230636
"Fur_Brown+Mouth_Bored.Unshaven",2,525,-0.0755880644831243,0.0480910108313298,-0.169846445712531,0.0186703167462821,-7.28019262805969
"Fur_Brown+Mouth_Bored.Unshaven",2,526,-0.0771068012052726,0.0484432720699323,-0.17205561446234,0.0178420120517947,-7.42090272654273
"Fur_Brown+Mouth_Bored.Unshaven",2,528,-0.0741523168342507,0.0452454702833632,-0.162833438589642,0.0145288049211411,-7.14697477189381
"Fur_Brown+Mouth_Bored.Unshaven",2,529,-0.0745335466269527,0.0483877173403409,-0.169373472614021,0.0203063793601154,-7.18236636485982
"Fur_Brown+Mouth_Bored.Unshaven",2,530,-0.0722183360093606,0.0460349541954914,-0.162446846232524,0.0180101742138025,-6.96722504132975
"Fur_Brown+Mouth_Bored.Unshaven",2,531,-0.0737134492505676,0.0475588302521617,-0.166928756544805,0.0195018580436694,-7.1062156457989
"Fur_Brown+Mouth_Bored.Unshaven",2,532,-0.0773147401633853,0.0492344460400728,-0.173814254401928,0.0191847740751573,-7.44015152621575
"Fur_Brown+Mouth_Bored.Unshaven",2,533,-0.0785492336276633,0.0416356050780118,-0.160155019580566,0.00305655232523978,-7.55434555381844
"Fur_Brown+Mouth_Bored.Unshaven",2,534,-0.0734835054527638,0.0432413886851669,-0.158236627275691,0.0112696163701633,-7.08485284020394
"Fur_Brown+Mouth_Bored.Unshaven",2,535,-0.0727729881919452,0.0484911776200954,-0.167815696327332,0.0222697199434418,-7.01881156540088
"Fur_Brown+Mouth_Bored.Unshaven",2,537,-0.0761979535710573,0.0481556879130214,-0.170583101880579,0.0181871947384646,-7.3367241860686
"Fur_Brown+Mouth_Bored.Unshaven",2,538,-0.0778306715180914,0.0454652170586189,-0.166942496952984,0.0112811539168016,-7.48789373731938
"Fur_Brown+Mouth_Bored.Unshaven",2,539,-0.0777579114970895,0.0448399292967973,-0.165644172918812,0.0101283499246332,-7.48116230963834
"Fur_Brown+Mouth_Bored.Unshaven",2,540,-0.0729619004440298,0.0478058973406418,-0.166661459231688,0.0207376583436282,-7.03637519206519
"Fur_Brown+Mouth_Bored.Unshaven",2,541,-0.0755544335656983,0.0467251896500592,-0.167135805279814,0.0160269381484177,-7.27707432343878
"Fur_Brown+Mouth_Bored.Unshaven",2,544,-0.079761268038229,0.0468249896309318,-0.171538247714855,0.0120157116383973,-7.66632499293933
"Fur_Brown+Mouth_Bored.Unshaven",2,545,-0.0747524903719948,0.045133257488062,-0.163213675048596,0.0137086943046067,-7.20268598066627
"Fur_Brown+Mouth_Bored.Unshaven",2,546,-0.0762467477412706,0.0465637151488714,-0.167511629433059,0.0150181339505174,-7.34124550341332
"Fur_Brown+Mouth_Bored.Unshaven",2,548,-0.0724642195616321,0.0510213869804685,-0.17246613804335,0.0275376989200861,-6.99009745842344
"Fur_Brown+Mouth_Bored.Unshaven",2,549,-0.0771600489727531,0.0488117350319876,-0.172831049635449,0.0185109516899425,-7.42583222554434
"Fur_Brown+Mouth_Bored.Unshaven",2,551,-0.0749455084755883,0.0465351181049226,-0.166154339961237,0.01626332301006,-7.22059581372025
"Fur_Brown+Mouth_Bored.Unshaven",2,552,-0.0766442979702639,0.0463899671342235,-0.167568633553342,0.0142800376128141,-7.37807469127059
"Fur_Brown+Mouth_Bored.Unshaven",2,553,-0.0765167877073935,0.0444983689845822,-0.163733590917175,0.0107000155023877,-7.36626369223111
"Fur_Brown+Mouth_Bored.Unshaven",2,554,-0.0732033246480605,0.0436905793134953,-0.158836860102511,0.0124302108063902,-7.0588161521838
"Fur_Brown+Mouth_Bored.Unshaven",2,555,-0.0768331249575492,0.0485122136666331,-0.17191706374415,0.0182508138290517,-7.39556255924052
"Fur_Brown+Mouth_Bored.Unshaven",2,556,-0.0725329292592489,0.0501078736773375,-0.17074436166683,0.0256785031483326,-6.99648792115654
"Fur_Brown+Mouth_Bored.Unshaven",2,561,-0.0735139405295347,0.0427874678608932,-0.157377377536885,0.010349496477816,-7.08768067680798
"Fur_Brown+Mouth_Bored.Unshaven",2,564,-0.0782945545363185,0.0473436091684796,-0.171088028506539,0.0144989194339016,-7.53079858021167
"Fur_Brown+Mouth_Bored.Unshaven",2,569,-0.0773549871534932,0.0477953972066344,-0.171033965678497,0.0163239913715102,-7.44387670655752
"Fur_Brown+Mouth_Bored.Unshaven",2,570,-0.0741724987437295,0.0487927495439547,-0.169806287849881,0.0214612903624218,-7.14884870433397
"Fur_Brown+Mouth_Bored.Unshaven",2,571,-0.0716983389135556,0.0483550190100875,-0.166474176173327,0.0230774983462158,-6.91883568846543
"Fur_Brown+Mouth_Bored.Unshaven",2,572,-0.075039384105678,0.04886912282001,-0.170822864832898,0.0207440966215416,-7.22930512994491
"Fur_Brown+Mouth_Bored.Unshaven",2,573,-0.0765868949744469,0.0448872208359155,-0.164565847812841,0.0113920578639474,-7.37275776267717
"Fur_Brown+Mouth_Bored.Unshaven",2,574,-0.0762950545436661,0.0469542364306807,-0.1683253579478,0.015735248860468,-7.34572144344696
"Fur_Brown+Mouth_Bored.Unshaven",2,575,-0.0759180250475718,0.0463217019517812,-0.166708560873063,0.0148725107779194,-7.31078146120375
"Fur_Brown+Mouth_Bored.Unshaven",2,577,-0.0721706335107127,0.0524506027318927,-0.174973814865222,0.0306325478437969,-6.96278703965703
"Fur_Brown+Mouth_Bored.Unshaven",2,579,-0.0721980112715504,0.0515386485283569,-0.17321376238713,0.0288177398440291,-6.96533415535513
"Fur_Brown+Mouth_Bored.Unshaven",2,580,-0.0752437944981977,0.0483390382695725,-0.16998830950656,0.0195007205101644,-7.24826648608248
"Fur_Brown+Mouth_Bored.Unshaven",2,581,-0.0784790668909646,0.0500934936614364,-0.17666231446738,0.0197041806854507,-7.54785871634653
"Fur_Brown+Mouth_Bored.Unshaven",2,582,-0.0808206698707288,0.0447421397374605,-0.168515263756151,0.00687392401469387,-7.7640916612056
"Fur_Brown+Mouth_Bored.Unshaven",2,583,-0.0776178086799195,0.0444731850869703,-0.164785251450381,0.00954963409054221,-7.46819925177736
"Fur_Brown+Mouth_Bored.Unshaven",2,584,-0.0782212386801617,0.0483341962245947,-0.172956263280367,0.0165137859200439,-7.52401887301446
"Fur_Brown+Mouth_Bored.Unshaven",2,586,-0.0756026196547101,0.0500262086293837,-0.173653988568302,0.0224487492588819,-7.28154217094396
"Fur_Brown+Mouth_Bored.Unshaven",2,587,-0.0771513748605782,0.0419448104318314,-0.159363203306968,0.00506045358581127,-7.4250292233459
"Fur_Brown+Mouth_Bored.Unshaven",2,590,-0.0741984639732034,0.0471736502227313,-0.166658818409757,0.01826189046335,-7.15125957448475
"Fur_Brown+Mouth_Bored.Unshaven",2,591,-0.079694462222372,0.0501712948190263,-0.178030200067664,0.0186412756229195,-7.66015636040144
"Fur_Brown+Mouth_Bored.Unshaven",2,592,-0.0753994692703637,0.0477709639505307,-0.169030558613404,0.0182316200726766,-7.26270446722138
"Fur_Brown+Mouth_Bored.Unshaven",2,596,-0.0753450737812976,0.0469211737086708,-0.167310574250292,0.0166204266876972,-7.25765983947496
"Fur_Brown+Mouth_Bored.Unshaven",2,597,-0.0788699141634628,0.0480463220022902,-0.173040705287952,0.015300876961026,-7.5839863229557
"Fur_Brown+Mouth_Bored.Unshaven",2,600,-0.0768575519676559,0.0510239474999684,-0.176864489067594,0.0231493851322821,-7.39782458114249
"Fur_Brown+Mouth_Bored.Unshaven",2,602,-0.0709552694460861,0.0451762119463516,-0.159500644860935,0.0175901059687631,-6.84964421341645
"Fur_Brown+Mouth_Bored.Unshaven",2,603,-0.0740487880476884,0.0438126779872722,-0.159921636902742,0.0118240608073652,-7.13736131323703
"Fur_Brown+Mouth_Bored.Unshaven",2,605,-0.07640003384311,0.0483764117151317,-0.171217800804768,0.0184177331185481,-7.35544771416283
"Fur_Brown+Mouth_Bored.Unshaven",2,606,-0.0744270120552371,0.0457273423916837,-0.164052603142937,0.015198579032463,-7.17247755127193
"Fur_Brown+Mouth_Bored.Unshaven",2,608,-0.0767451403627512,0.047358393267844,-0.169567591167725,0.0160773104422229,-7.38741443688644
"Fur_Brown+Mouth_Bored.Unshaven",2,609,-0.074752040094737,0.0518941986235087,-0.176464669396814,0.02696058920734,-7.20264419613678
"Fur_Brown+Mouth_Bored.Unshaven",2,610,-0.0729009600973272,0.0472481926812975,-0.16550741775267,0.0197054975580159,-7.03070978391447
"Fur_Brown+Mouth_Bored.Unshaven",2,611,-0.0754764745599494,0.0446873354579199,-0.163063652057472,0.0121107029375737,-7.26984545456886
"Fur_Brown+Mouth_Bored.Unshaven",2,613,-0.0754938887774778,0.0484008733605051,-0.170359600564068,0.0193718230091122,-7.27146026359119
"Fur_Brown+Mouth_Bored.Unshaven",2,614,-0.0736593151068247,0.0456252306081259,-0.163084767098752,0.0157661368851021,-7.10118678420852
"Fur_Brown+Mouth_Bored.Unshaven",2,615,-0.0770222018292639,0.0486953565445267,-0.172465100656536,0.0184206969980084,-7.41307026137579
"Fur_Brown+Mouth_Bored.Unshaven",2,616,-0.0768874415174659,0.0471191348734191,-0.169240945869367,0.0154660628344355,-7.40059237711289
"Fur_Brown+Mouth_Bored.Unshaven",2,617,-0.0745699086997768,0.0453560890136192,-0.16346784316647,0.0143280257669169,-7.18574134505241
"Fur_Brown+Mouth_Bored.Unshaven",2,620,-0.0753894579177055,0.0476941009040158,-0.168869895689576,0.0180909798541654,-7.26177603680384
"Fur_Brown+Mouth_Bored.Unshaven",2,621,-0.0839542689858911,0.0445307974556574,-0.17123463199898,0.00332609402719745,-8.05266964197009
"Fur_Brown+Mouth_Bored.Unshaven",2,622,-0.0761162189879027,0.0456883033296448,-0.165665293514007,0.0134328555382011,-7.32915008231733
"Fur_Brown+Mouth_Bored.Unshaven",2,623,-0.0694907079959278,0.0503207449174243,-0.16811936803408,0.0291379520422238,-6.71311984350135
"Fur_Brown+Mouth_Bored.Unshaven",2,624,-0.0737935739270275,0.0491129408018645,-0.170054937898682,0.022467790044627,-7.11365843203602
"Fur_Brown+Mouth_Bored.Unshaven",2,626,-0.0712037334534833,0.0488429669062453,-0.166935948589724,0.0245284816827575,-6.87278584905484
"Fur_Brown+Mouth_Bored.Unshaven",2,628,-0.0732679355716858,0.0484738229299959,-0.168276628514478,0.0217407573711061,-7.06482097392441
"Fur_Brown+Mouth_Bored.Unshaven",2,629,-0.0762533610655069,0.046801047003153,-0.167983413191687,0.0154766910606731,-7.34185828377388
"Fur_Brown+Mouth_Bored.Unshaven",2,630,-0.0752390516606904,0.0439663927746867,-0.161413181499076,0.0109350781776955,-7.24782657863869
"Fur_Brown+Mouth_Bored.Unshaven",2,632,-0.0771723370177654,0.0443717196856586,-0.164140907601656,0.00979623356612545,-7.42696977409578
"Fur_Brown+Mouth_Bored.Unshaven",2,633,-0.0774872610513323,0.0456037761876539,-0.166870662379134,0.0118961402764693,-7.45611865609138
"Fur_Brown+Mouth_Bored.Unshaven",2,634,-0.0774613073436778,0.0480667451616588,-0.171672127860529,0.0167495131731735,-7.45371676808095
"Fur_Brown+Mouth_Bored.Unshaven",2,635,-0.0764512833119277,0.0481192869069892,-0.170765085649626,0.0178625190257711,-7.36019557659258
"Fur_Brown+Mouth_Bored.Unshaven",2,636,-0.0744156356040979,0.0501981778564764,-0.172804064202792,0.0239727929945958,-7.17142149749136
"Fur_Brown+Mouth_Bored.Unshaven",2,638,-0.0748229142908339,0.0468999148856284,-0.166746747466666,0.0171009188849977,-7.2092209010672
"Fur_Brown+Mouth_Bored.Unshaven",2,639,-0.0755605772722858,0.048841283479428,-0.171289492891965,0.0201683383473932,-7.27764398413816
"Fur_Brown+Mouth_Bored.Unshaven",2,640,-0.076999394709629,0.0460604669557469,-0.167277909942893,0.0132791205236349,-7.41095859611219
"Fur_Brown+Mouth_Bored.Unshaven",2,641,-0.0802429359429489,0.0448273730124037,-0.16810458704726,0.00761871516136228,-7.71078845154496
"Fur_Brown+Mouth_Bored.Unshaven",2,643,-0.0740683435450267,0.0493486246690827,-0.170791647896429,0.0226549608063754,-7.13917727056468
"Fur_Brown+Mouth_Bored.Unshaven",2,644,-0.0742092203278257,0.0477805585007601,-0.167859114989315,0.0194406743336641,-7.15225828309175
"Fur_Brown+Mouth_Bored.Unshaven",2,645,-0.0757897570821136,0.0467632156645684,-0.167445659784668,0.0158661456204405,-7.29889164119666
"Fur_Brown+Mouth_Bored.Unshaven",2,646,-0.0752298630214975,0.0488632428342297,-0.171001818976588,0.0205420929335926,-7.24697430846718
"Fur_Brown+Mouth_Bored.Unshaven",2,647,-0.0791468585180596,0.0470038652754801,-0.171274434458001,0.0129807174218814,-7.60957687247523
"Fur_Brown+Mouth_Bored.Unshaven",2,648,-0.0747198790213994,0.0454659857802787,-0.163833211150746,0.0143934531079468,-7.19965968557896
"Fur_Brown+Mouth_Bored.Unshaven",2,649,-0.0773810384197213,0.049588967040272,-0.174575413818655,0.0198133369792119,-7.44628787935929
"Fur_Brown+Mouth_Bored.Unshaven",2,650,-0.0773917972361261,0.0425826235897904,-0.160853739472115,0.00607014499986305,-7.44728364239896
"Fur_Brown+Mouth_Bored.Unshaven",2,652,-0.0724564431360559,0.048090668514563,-0.166714153424599,0.0218012671524875,-6.98937417102619
"Fur_Brown+Mouth_Bored.Unshaven",2,653,-0.0744792228614542,0.0500781201169345,-0.172632338290646,0.0236738925677374,-7.17732402453788
"Fur_Brown+Mouth_Bored.Unshaven",2,655,-0.0767188010090233,0.044690868296652,-0.164312902870461,0.0108753008524147,-7.38497504910982
"Fur_Brown+Mouth_Bored.Unshaven",2,656,-0.0730095077954405,0.0456705958030676,-0.162523875569453,0.0165048599785719,-7.04080083867236
"Fur_Brown+Mouth_Bored.Unshaven",2,657,-0.078369765922716,0.0461479358743878,-0.168819720236516,0.0120801883910842,-7.53775305551837
"Fur_Brown+Mouth_Bored.Unshaven",2,663,-0.0760791997549122,0.0430089022986698,-0.160376648260305,0.00821824875048059,-7.32571941503284
"Fur_Brown+Mouth_Bored.Unshaven",2,664,-0.0761346701126135,0.0466347398711339,-0.167538760260036,0.0152694200348089,-7.33085994795168
"Fur_Brown+Mouth_Bored.Unshaven",2,665,-0.079516910089903,0.0434114369803691,-0.164603326571426,0.00556950639162045,-7.64375976866953
"Fur_Brown+Mouth_Bored.Unshaven",2,667,-0.0752287331908284,0.0464021285463198,-0.166176905141615,0.0157194387599585,-7.2468695131949
"Fur_Brown+Mouth_Bored.Unshaven",2,668,-0.0794274573777336,0.0484967789497408,-0.174481144119225,0.0156262293637584,-7.63549788297654
"Fur_Brown+Mouth_Bored.Unshaven",2,669,-0.0786352516106405,0.0438206239124004,-0.164523674478945,0.00725317125766424,-7.5622972005517
"Fur_Brown+Mouth_Bored.Unshaven",2,670,-0.0771821720426586,0.0458759173353788,-0.167098970020001,0.0127346259346839,-7.42788022767532
"Fur_Brown+Mouth_Bored.Unshaven",2,671,-0.0762331984007332,0.04267736544872,-0.159880834680224,0.00741443787875802,-7.33999002988949
"Fur_Brown+Mouth_Bored.Unshaven",2,673,-0.0782432728034868,0.0463578376747303,-0.169104634645958,0.0126180890389847,-7.52605647773872
"Fur_Brown+Mouth_Bored.Unshaven",2,674,-0.0749785652995285,0.0469188884274906,-0.16693958661741,0.0169824560183531,-7.22366275545776
"Fur_Brown+Mouth_Bored.Unshaven",2,675,-0.0777458072883114,0.0485262519032192,-0.172857261018621,0.0173656464419982,-7.48004243553345
"Fur_Brown+Mouth_Bored.Unshaven",2,676,-0.077943558566557,0.0458953048840347,-0.167898356139265,0.012011239006151,-7.49833656650154
"Fur_Brown+Mouth_Bored.Unshaven",2,677,-0.0762887310948513,0.0459052267691085,-0.166262975562304,0.0136855133726013,-7.34513554700659
"Fur_Brown+Mouth_Bored.Unshaven",2,679,-0.07542914559562,0.0465289786005313,-0.166625943652661,0.0157676524614213,-7.26545652853128
"Fur_Brown+Mouth_Bored.Unshaven",2,680,-0.0740947528770668,0.0470723565497346,-0.166356571714547,0.0181670659604129,-7.14162963048293
"Fur_Brown+Mouth_Bored.Unshaven",2,682,-0.0732584388785205,0.0485034605527076,-0.168325221561827,0.0218083438047864,-7.06393839285414
"Fur_Brown+Mouth_Bored.Unshaven",2,684,-0.0773209556260258,0.04582052849934,-0.167129191484732,0.0124872802326805,-7.44072682670808
"Fur_Brown+Mouth_Bored.Unshaven",2,685,-0.0742831681894941,0.0465280073805593,-0.16547806265539,0.0169117262764021,-7.15912392119971
"Fur_Brown+Mouth_Bored.Unshaven",2,686,-0.0755744657708548,0.0474202092163737,-0.168518075834947,0.0173691442932377,-7.27893174950442
"Fur_Brown+Mouth_Bored.Unshaven",2,687,-0.0759561887926925,0.0473779011343306,-0.16881687501598,0.0169044974305955,-7.31431876141676
"Fur_Brown+Mouth_Bored.Unshaven",2,688,-0.0769476000331972,0.0492854287226398,-0.173547040329571,0.0196518402631768,-7.40616285247564
"Fur_Brown+Mouth_Bored.Unshaven",2,689,-0.0764303730744569,0.0466383955160757,-0.167841628285965,0.0149808821370515,-7.35825843602987
"Fur_Brown+Mouth_Bored.Unshaven",2,690,-0.0745686381343374,0.048021724477784,-0.168691218110794,0.0195539418421192,-7.18562341838816
"Fur_Brown+Mouth_Bored.Unshaven",2,691,-0.0752146293356801,0.0462782215016131,-0.165919943478842,0.0154906848074816,-7.24556132725275
"Fur_Brown+Mouth_Bored.Unshaven",2,692,-0.0744777485166267,0.0411391503520547,-0.155110483206654,0.00615498617340052,-7.1771871718048
"Fur_Brown+Mouth_Bored.Unshaven",2,693,-0.0748485534665191,0.0491544999542361,-0.171191373376822,0.0214942664437836,-7.21159994965594
"Fur_Brown+Mouth_Bored.Unshaven",2,694,-0.0776183176223038,0.0457777989438321,-0.167342803552215,0.0121061683076071,-7.46824634512068
"Fur_Brown+Mouth_Bored.Unshaven",2,695,-0.076902645383358,0.0439891191585545,-0.163121318934125,0.0093160281674088,-7.40200023538561
"Fur_Brown+Mouth_Bored.Unshaven",2,697,-0.0748254265712148,0.0479731750564971,-0.168852849681949,0.0192019965395195,-7.20945401722823
"Fur_Brown+Mouth_Bored.Unshaven",2,700,-0.074691707935681,0.0497832812047073,-0.172266939096907,0.0228835232255452,-7.19704536241329
"Fur_Brown+Mouth_Bored.Unshaven",2,702,-0.0758301790609649,0.0465637383349932,-0.167095106197552,0.0154347480756218,-7.30263872770539
"Fur_Brown+Mouth_Bored.Unshaven",2,703,-0.0777307034643385,0.0436740976969568,-0.163331934950374,0.00787052802169687,-7.47864501982728
"Fur_Brown+Mouth_Bored.Unshaven",2,705,-0.076784122090254,0.0450551220333605,-0.165092161275641,0.0115239170951326,-7.39102456509522
"Fur_Brown+Mouth_Bored.Unshaven",2,706,-0.0742430614068586,0.0430020062820849,-0.158526993719745,0.0100408709060277,-7.15540029769234
"Fur_Brown+Mouth_Bored.Unshaven",2,707,-0.0754667965714363,0.0478212045013821,-0.169196357394145,0.0182627642512726,-7.26894800885561
"Fur_Brown+Mouth_Bored.Unshaven",2,708,-0.0773376579660051,0.0429698744771578,-0.161558611941234,0.00688329600922416,-7.44227277024637
"Fur_Brown+Mouth_Bored.Unshaven",2,710,-0.076215818875838,0.0452606226314228,-0.164926639233427,0.0124950014817507,-7.33837962894546
"Fur_Brown+Mouth_Bored.Unshaven",2,711,-0.0737637999145875,0.0475883521476621,-0.167036970124005,0.0195093702948302,-7.11089279177477
"Fur_Brown+Mouth_Bored.Unshaven",2,712,-0.0769886471949647,0.0492889415240771,-0.173594972582156,0.0196176781922264,-7.4099634886845
"Fur_Brown+Mouth_Bored.Unshaven",2,713,-0.0750105458868204,0.0473805299814751,-0.167876384650512,0.0178552928768708,-7.22662974976627
"Fur_Brown+Mouth_Bored.Unshaven",2,714,-0.0781340646339307,0.0463000337719542,-0.168882130826961,0.0126140015590996,-7.5159570161732
"Fur_Brown+Mouth_Bored.Unshaven",2,716,-0.0704333686880292,0.0430123420819333,-0.154737559168618,0.0138708217925601,-6.80101628374525
"Fur_Brown+Mouth_Bored.Unshaven",2,717,-0.076477405452949,0.0427244445584956,-0.1602173167876,0.0072625058817023,-7.36261549502105
"Fur_Brown+Mouth_Bored.Unshaven",2,718,-0.0745360715799643,0.0471918737556604,-0.167032144141059,0.01796000098113,-7.18260072472752
"Fur_Brown+Mouth_Bored.Unshaven",2,719,-0.075703737291438,0.0480762544210793,-0.169933195956753,0.0185257213738773,-7.29091716828391
"Fur_Brown+Mouth_Bored.Unshaven",2,721,-0.0739680059347198,0.0463214882943176,-0.164758122991582,0.0168221111221426,-7.12985937006075
"Fur_Brown+Mouth_Bored.Unshaven",2,722,-0.0755994741778521,0.0455273095403318,-0.164833000876902,0.0136340525211981,-7.28125052672187
"Fur_Brown+Mouth_Bored.Unshaven",2,723,-0.0774509895215761,0.0515916665812599,-0.178570656020845,0.0236686769776933,-7.45276188706825
"Fur_Brown+Mouth_Bored.Unshaven",2,725,-0.0774048358682218,0.0487127505456455,-0.172881826937687,0.0180721552012435,-7.44849039534977
"Fur_Brown+Mouth_Bored.Unshaven",2,726,-0.0748104143691406,0.0490707090172349,-0.170989004042921,0.0213681753046397,-7.20806101634539
"Fur_Brown+Mouth_Bored.Unshaven",2,728,-0.0765274102361409,0.0481785247909683,-0.170957318826439,0.0179024983541569,-7.36724769153173
"Fur_Brown+Mouth_Bored.Unshaven",2,729,-0.0739691010751008,0.0446580364443533,-0.161498852506033,0.0135606503558316,-7.12996107584626
"Fur_Brown+Mouth_Bored.Unshaven",2,730,-0.0802216236011686,0.0458234346072982,-0.170035555431473,0.0095923082291358,-7.70882153136604
"Fur_Brown+Mouth_Bored.Unshaven",2,731,-0.0785012022428806,0.0467232080020985,-0.170078689926994,0.0130762854412324,-7.54990515437983
"Fur_Brown+Mouth_Bored.Unshaven",2,732,-0.0750403516407926,0.0481998319112961,-0.169512022186933,0.0194313189053477,-7.22939488880638
"Fur_Brown+Mouth_Bored.Unshaven",2,733,-0.0735630007838539,0.0487531599104677,-0.169119194208371,0.0219931926406628,-7.09223886700947
"Fur_Brown+Mouth_Bored.Unshaven",2,734,-0.0757300566279559,0.0486515155459528,-0.171087027098023,0.0196269138421116,-7.29335717772337
"Fur_Brown+Mouth_Bored.Unshaven",2,735,-0.0745917301731675,0.0465426670741356,-0.165815357638473,0.0166318972921383,-7.18776666683009
"Fur_Brown+Mouth_Bored.Unshaven",2,736,-0.0758031037532802,0.0465987447038538,-0.167136643372834,0.0155304358662732,-7.30012888415015
"Fur_Brown+Mouth_Bored.Unshaven",2,737,-0.0724621625870015,0.0481798831618035,-0.166894733584136,0.0219704084101334,-6.98990613921674
"Fur_Brown+Mouth_Bored.Unshaven",2,739,-0.0778151201469178,0.0488256344682281,-0.173513363704645,0.0178831234108093,-7.48645503602997
"Fur_Brown+Mouth_Bored.Unshaven",2,741,-0.0764022177673177,0.0446547455716985,-0.163925519087847,0.0111210835532113,-7.35565004262235
"Fur_Brown+Mouth_Bored.Unshaven",2,742,-0.0750898550129374,0.0494032249508079,-0.171920175916521,0.0217404658906461,-7.23398723292611
"Fur_Brown+Mouth_Bored.Unshaven",2,746,-0.0762061442705222,0.0468247429050625,-0.167982640364445,0.0155703518234003,-7.33748316000395
"Fur_Brown+Mouth_Bored.Unshaven",2,748,-0.0751622027707322,0.0469177473083633,-0.167120987495124,0.0167965819536599,-7.24069840317738
"Fur_Brown+Mouth_Bored.Unshaven",2,749,-0.079428972510365,0.0480122689235014,-0.173533019600428,0.0146750745796978,-7.63563782734166
"Fur_Brown+Mouth_Bored.Unshaven",2,755,-0.0750549050755159,0.047870918800426,-0.168881905924351,0.018772095773319,-7.23074500992764
"Fur_Brown+Mouth_Bored.Unshaven",2,757,-0.0785674166027756,0.0445074199672167,-0.16580195973852,0.00866712653296918,-7.55602647557035
"Fur_Brown+Mouth_Bored.Unshaven",2,758,-0.0733145920951526,0.0467368167068682,-0.164918752840614,0.0182895686503091,-7.069156905135
"Fur_Brown+Mouth_Bored.Unshaven",2,759,-0.0757569810678308,0.0459555005724685,-0.165829762189869,0.0143158000542075,-7.29585321855164
"Fur_Brown+Mouth_Bored.Unshaven",2,760,-0.0790691161028913,0.0456472925872427,-0.168537809573887,0.0103995773681045,-7.60239393863719
"Fur_Brown+Mouth_Bored.Unshaven",2,771,-0.0746812962187545,0.0440191603985153,-0.160958850599844,0.0115962581623355,-7.19607911928953
"Fur_Brown+Mouth_Bored.Unshaven",2,772,-0.0751394364174059,0.0481926440069497,-0.169597018671027,0.0193181458362156,-7.23858658810386
"Fur_Brown+Mouth_Bored.Unshaven",2,773,-0.0778129929905583,0.0469718628383761,-0.169877844153775,0.0142518581726588,-7.48625824504516
"Fur_Brown+Mouth_Bored.Unshaven",2,774,-0.0790936779295327,0.0504062228368833,-0.177889874689824,0.0197025188307586,-7.6046633647486
"Fur_Brown+Mouth_Bored.Unshaven",2,776,-0.0725554615210397,0.0451980944637046,-0.161143726669901,0.0160328036278213,-6.99858347702927
"Fur_Brown+Mouth_Bored.Unshaven",2,777,-0.0735739283219888,0.0450847264655315,-0.16193999219443,0.014792135550453,-7.09325411456518
"Fur_Brown+Mouth_Bored.Unshaven",2,778,-0.0751425851671307,0.0423620231282788,-0.158172150498557,0.00788698016429572,-7.23887867011895
"Fur_Brown+Mouth_Bored.Unshaven",2,779,-0.0782245716439384,0.0509591080894571,-0.178104423499274,0.0216552802113975,-7.52432709159613
"Fur_Brown+Mouth_Bored.Unshaven",2,780,-0.0737264772239181,0.0480146155464628,-0.167835123694985,0.0203821692471489,-7.10742585566259
"Fur_Brown+Mouth_Bored.Unshaven",2,781,-0.0776704347257084,0.0474577100785111,-0.17068754647959,0.0153466770281734,-7.47306870642928
"Fur_Brown+Mouth_Bored.Unshaven",2,784,-0.0765539300926181,0.0430784375286686,-0.160987667648809,0.00787980746357231,-7.3697042662539
"Fur_Brown+Mouth_Bored.Unshaven",2,789,-0.0778696073709355,0.0447821440178901,-0.165642609646,0.00990339490412916,-7.49149570495182
"Fur_Brown+Mouth_Bored.Unshaven",2,791,-0.0769721489248994,0.0493738980370425,-0.173744989077503,0.019800691227704,-7.40843590065554
"Fur_Brown+Mouth_Bored.Unshaven",2,793,-0.0790267945277641,0.0428440075906832,-0.163001049405503,0.00494746034997492,-7.59848344366211
"Fur_Brown+Mouth_Bored.Unshaven",2,797,-0.0800566100609152,0.0432066928669859,-0.164741728080207,0.00462850795837709,-7.69359098068378
"Fur_Brown+Mouth_Bored.Unshaven",2,799,-0.074959701152699,0.0472991044828165,-0.167665945939019,0.0177465436336214,-7.22191259250206
"Fur_Brown+Mouth_Bored.Unshaven",2,802,-0.0777494768459617,0.0440576612732645,-0.16410249294156,0.00860353924963665,-7.48038194222862
"Fur_Brown+Mouth_Bored.Unshaven",2,803,-0.0767943610315735,0.0489481966761395,-0.172732826516807,0.0191441044536599,-7.39197277810599
"Fur_Brown+Mouth_Bored.Unshaven",2,804,-0.0777842843171144,0.0461341902556508,-0.16820729721819,0.0126387285839611,-7.48360226011933
"Fur_Brown+Mouth_Bored.Unshaven",2,806,-0.0769215364245191,0.0477145617040974,-0.17044207736455,0.0165990045155119,-7.4037494914879
"Fur_Brown+Mouth_Bored.Unshaven",2,808,-0.0732996164049435,0.0499797419399533,-0.171259910607252,0.0246606777973649,-7.06776519119704
"Fur_Brown+Mouth_Bored.Unshaven",2,809,-0.0769381671203825,0.0495531283617389,-0.174062298709391,0.0201859644686258,-7.40528941876314
"Fur_Brown+Mouth_Bored.Unshaven",2,810,-0.0769090093294143,0.0451455807052593,-0.165394347511722,0.0115763288528939,-7.40258952218593
"Fur_Brown+Mouth_Bored.Unshaven",2,811,-0.0722242117960447,0.0503438854066641,-0.170898227193106,0.0264498036010168,-6.96777168046406
"Fur_Brown+Mouth_Bored.Unshaven",2,812,-0.0806803985312354,0.0438957259505653,-0.166716021394343,0.00535522433187263,-7.75115269933199
"Fur_Brown+Mouth_Bored.Unshaven",2,813,-0.0745128336141863,0.0495267964778185,-0.171585354710711,0.022559687482338,-7.18044381211852
"Fur_Brown+Mouth_Bored.Unshaven",2,814,-0.0725081699528936,0.0481263805237378,-0.16683587577942,0.0218195358736324,-6.99418519020197
"Fur_Brown+Mouth_Bored.Unshaven",2,815,-0.0750121905531049,0.047543447544843,-0.168197347740997,0.0181729666347874,-7.22678233087495
"Fur_Brown+Mouth_Bored.Unshaven",2,817,-0.0764808800629879,0.0428839706460655,-0.160533462529276,0.00757170240330053,-7.36293737324802
"Fur_Brown+Mouth_Bored.Unshaven",2,819,-0.073881084563134,0.0456175667621646,-0.163291515416977,0.0155293462907086,-7.12178661921563
"Fur_Brown+Mouth_Bored.Unshaven",2,820,-0.0743109452496346,0.0457798777512927,-0.164039505642168,0.0154176151428992,-7.16170273198198
"Fur_Brown+Mouth_Bored.Unshaven",2,821,-0.0762186564413028,0.0458175626804925,-0.166021079295068,0.0135837664124625,-7.33864256198629
"Fur_Brown+Mouth_Bored.Unshaven",2,825,-0.0777706035059787,0.0474253618623907,-0.170724312756265,0.0151831057443071,-7.48233655209696
"Fur_Brown+Mouth_Bored.Unshaven",2,826,-0.0735407723725068,0.0491708131153908,-0.169915566078673,0.0228340213336591,-7.09017365212453
"Fur_Brown+Mouth_Bored.Unshaven",2,828,-0.0749831593885283,0.0445864348867926,-0.162372571766642,0.0124062529895853,-7.22408897722908
"Fur_Brown+Mouth_Bored.Unshaven",2,829,-0.0757747307662169,0.045143952214787,-0.164256877107199,0.0127074155747656,-7.29749867459293
"Fur_Brown+Mouth_Bored.Unshaven",2,830,-0.0750704676322087,0.0451332067322823,-0.163531552827482,0.0133906175630646,-7.23218872548379
"Fur_Brown+Mouth_Bored.Unshaven",2,832,-0.0790749047042788,0.0489606158718207,-0.175037711813047,0.0168879024044898,-7.60292878999981
"Fur_Brown+Mouth_Bored.Unshaven",2,833,-0.0751885670170865,0.0456376310957068,-0.164638323964672,0.0142611899304989,-7.24314390001934
"Fur_Brown+Mouth_Bored.Unshaven",2,835,-0.0739943403875463,0.0456765753033802,-0.163520427982171,0.0155317472070788,-7.13230502219557
"Fur_Brown+Mouth_Bored.Unshaven",2,836,-0.0764623791442675,0.0483214764026802,-0.171172472893521,0.0182477146049856,-7.36122348662768
"Fur_Brown+Mouth_Bored.Unshaven",2,837,-0.0758007016894354,0.04781470190072,-0.169517517414847,0.0179161140359759,-7.29990621287389
"Fur_Brown+Mouth_Bored.Unshaven",2,838,-0.0760711613367261,0.0436200002018533,-0.161566361732359,0.00942403905890643,-7.32497445741627
"Fur_Brown+Mouth_Bored.Unshaven",2,840,-0.0796940285623463,0.0478498706583935,-0.173479775052798,0.0140917179281049,-7.6601163162938
"Fur_Brown+Mouth_Bored.Unshaven",2,841,-0.0773160535499512,0.0519441308735969,-0.179126550062201,0.0244944429622986,-7.44027309299745
"Fur_Brown+Mouth_Bored.Unshaven",2,843,-0.0785444803750582,0.0443383945863651,-0.165447733764334,0.00835877301421734,-7.55390613522628
"Fur_Brown+Mouth_Bored.Unshaven",2,844,-0.0770366679588,0.0456387422422825,-0.166488602753674,0.0124152668360738,-7.414409626207
"Fur_Brown+Mouth_Bored.Unshaven",2,845,-0.0787611252243302,0.0434730667233635,-0.163968336002123,0.0064460855534622,-7.57393193597579
"Fur_Brown+Mouth_Bored.Unshaven",2,847,-0.0768822817804886,0.0501650101365342,-0.175205701648096,0.0214411380871184,-7.40011458729267
"Fur_Brown+Mouth_Bored.Unshaven",2,848,-0.0783727308231793,0.0460339355484786,-0.168599244498197,0.0118537828518387,-7.53802719647079
"Fur_Brown+Mouth_Bored.Unshaven",2,851,-0.0750041687659225,0.0468170905805107,-0.166765666303723,0.0167573287718784,-7.22603812088163
"Fur_Brown+Mouth_Bored.Unshaven",2,854,-0.0738672162486576,0.0480741273837592,-0.168092505920826,0.0203580734235104,-7.12049854601278
"Fur_Brown+Mouth_Bored.Unshaven",2,855,-0.0761703369335069,0.0444867571664711,-0.16336438097979,0.0110237071127765,-7.33416510262974
"Fur_Brown+Mouth_Bored.Unshaven",2,857,-0.0734025042670442,0.0466468879963255,-0.164830404739842,0.0180253962057538,-7.07732629828738
"Fur_Brown+Mouth_Bored.Unshaven",2,861,-0.0727305945022426,0.0473181933439831,-0.165474253456449,0.0200130644519642,-7.01486966619497
"Fur_Brown+Mouth_Bored.Unshaven",2,862,-0.0729391069216525,0.0433945292111377,-0.157992384175482,0.0121141703321774,-7.0342561994533
"Fur_Brown+Mouth_Bored.Unshaven",2,864,-0.0753449445125028,0.0435568374906865,-0.160716345994248,0.0100264569692428,-7.25764785078364
"Fur_Brown+Mouth_Bored.Unshaven",2,865,-0.0750929999475708,0.0460538055946434,-0.165358458913072,0.0151724590179302,-7.23427897551371
"Fur_Brown+Mouth_Bored.Unshaven",2,866,-0.0724506745264452,0.0437400202433048,-0.158181114203323,0.0132797651504322,-6.98883762748858
"Fur_Brown+Mouth_Bored.Unshaven",2,872,-0.0743395781703249,0.0446126488691889,-0.161780369953935,0.0131012136132855,-7.16436092552857
"Fur_Brown+Mouth_Bored.Unshaven",2,874,-0.0752754851265659,0.0444091908380996,-0.162317499169241,0.0117665289161093,-7.25120580022518
"Fur_Brown+Mouth_Bored.Unshaven",2,875,-0.0733059357850037,0.0451863802753691,-0.161871241124727,0.0152593695547197,-7.06835246345303
"Fur_Brown+Mouth_Bored.Unshaven",2,876,-0.0744111751917746,0.0498886776402743,-0.172192983366712,0.023370632983163,-7.17100744283242
"Fur_Brown+Mouth_Bored.Unshaven",2,879,-0.0737710448024101,0.0499723524541834,-0.17171685561261,0.0241747660077893,-7.11156576049864
"Fur_Brown+Mouth_Bored.Unshaven",2,880,-0.0760242642258928,0.0490457291170493,-0.172153893295309,0.0201053648435238,-7.32062816455843
"Fur_Brown+Mouth_Bored.Unshaven",2,881,-0.0793088492106802,0.0444975924067029,-0.166524130327818,0.00790643190645741,-7.6245420489668
"Fur_Brown+Mouth_Bored.Unshaven",2,882,-0.0759349383751529,0.0481696185366941,-0.170347390707073,0.0184775139567675,-7.31234913106283
"Fur_Brown+Mouth_Bored.Unshaven",2,883,-0.077338537684946,0.0441178235976017,-0.163809471936245,0.0091323965663534,-7.44235419499634
"Fur_Brown+Mouth_Bored.Unshaven",2,884,-0.0742203053888468,0.0446228750108659,-0.161681140410144,0.0132405296324503,-7.15328750026988
"Fur_Brown+Mouth_Bored.Unshaven",2,886,-0.0764883183414624,0.0495381939835563,-0.173583178549233,0.0206065418663079,-7.36362643095421
"Fur_Brown+Mouth_Bored.Unshaven",2,887,-0.0755214008824986,0.0442406970706915,-0.162233167141054,0.0111903653760567,-7.27401138582131
"Fur_Brown+Mouth_Bored.Unshaven",2,889,-0.0731669203194198,0.0464140520849835,-0.164138462405988,0.0178046217671479,-7.05543262919568
"Fur_Brown+Mouth_Bored.Unshaven",2,890,-0.0748900717543524,0.047743141447337,-0.168466628991133,0.018686485482428,-7.21545228518509
"Fur_Brown+Mouth_Bored.Unshaven",2,892,-0.0757852523992816,0.0464840418211514,-0.166893974368738,0.0153234695701751,-7.29847405116477
"Fur_Brown+Mouth_Bored.Unshaven",2,893,-0.0750741288909181,0.0503020568722936,-0.173666160360614,0.0235179025787773,-7.232528371819
"Fur_Brown+Mouth_Bored.Unshaven",2,894,-0.076997994597312,0.0464208376366994,-0.167982836365243,0.0139868471706188,-7.41082896096417
"Fur_Brown+Mouth_Bored.Unshaven",2,895,-0.0731225928233979,0.049234595618781,-0.169622400236209,0.0233772145894128,-7.0513125379393
"Fur_Brown+Mouth_Bored.Unshaven",2,897,-0.0739626889011679,0.045551853873394,-0.16324432249302,0.0153189446906844,-7.12936557509429
"Fur_Brown+Mouth_Bored.Unshaven",2,898,-0.0759603826404186,0.0450982898836636,-0.164353030812399,0.012432265531562,-7.31470747023517
"Fur_Brown+Mouth_Bored.Unshaven",2,899,-0.0771304676924631,0.0433243045059938,-0.162046104524211,0.00778516913928481,-7.42309372263578
"Fur_Brown+Mouth_Bored.Unshaven",2,900,-0.0748800916379049,0.0504231915852728,-0.173709547145039,0.0239493638692297,-7.21452627997354
"Fur_Brown+Mouth_Bored.Unshaven",2,901,-0.0777605961063633,0.0503946311025579,-0.176534073067377,0.0210128808546503,-7.4814106862346
"Fur_Brown+Mouth_Bored.Unshaven",2,902,-0.0737239553576198,0.0466796015445919,-0.16521597438502,0.0177680636697804,-7.1071915927151
"Fur_Brown+Mouth_Bored.Unshaven",2,903,-0.0755712758928112,0.0471083170436231,-0.167903577298312,0.0167610255126901,-7.27863598013289
"Fur_Brown+Mouth_Bored.Unshaven",2,905,-0.0753849688252894,0.0462405061284707,-0.166016360837092,0.0152464231865132,-7.26135972541152
"Fur_Brown+Mouth_Bored.Unshaven",2,906,-0.0774727564037865,0.0471690291124773,-0.169924053464242,0.014978540656669,-7.454776329975
"Fur_Brown+Mouth_Bored.Unshaven",2,908,-0.0784336943364799,0.0420200978725478,-0.160793086166674,0.00392569749371391,-7.5436638313633
"Fur_Brown+Mouth_Bored.Unshaven",2,909,-0.0765726132872327,0.0463484176768768,-0.167415511933911,0.0142702853594459,-7.37143487992955
"Fur_Brown+Mouth_Bored.Unshaven",2,910,-0.0706584106104887,0.0453024279417777,-0.159451169376373,0.0181343481553956,-6.8219876024106
"Fur_Brown+Mouth_Bored.Unshaven",2,912,-0.0770793174895598,0.0476187589148118,-0.170412084962591,0.0162534499834712,-7.41835827398698
"Fur_Brown+Mouth_Bored.Unshaven",2,914,-0.0732643844552748,0.0476524347293143,-0.166663156524731,0.0201343876141811,-7.06449094969903
"Fur_Brown+Mouth_Bored.Unshaven",2,915,-0.0773733590549514,0.0436642310002929,-0.162955251815525,0.00820853370562255,-7.44557712291404
"Fur_Brown+Mouth_Bored.Unshaven",2,916,-0.0766534717314982,0.0443250976948402,-0.163530663213385,0.0102237197503885,-7.37892437880101
"Fur_Brown+Mouth_Bored.Unshaven",2,919,-0.0769978040713139,0.0435857494893366,-0.162425873070414,0.00843026492778588,-7.41081132031826
"Fur_Brown+Mouth_Bored.Unshaven",2,920,-0.0776833476263496,0.0482957170747972,-0.172342953092952,0.016976257840253,-7.47426348978563
"Fur_Brown+Mouth_Bored.Unshaven",2,921,-0.0740047709352363,0.0460831705984814,-0.16432778530826,0.0163182434377874,-7.13327367806508
"Fur_Brown+Mouth_Bored.Unshaven",2,922,-0.0806010647851357,0.0473213832820092,-0.173350976017874,0.0121488464476023,-7.74383396239469
"Fur_Brown+Mouth_Bored.Unshaven",2,925,-0.0771759404052513,0.0454406244727206,-0.166239564371784,0.0118876835612812,-7.42730334999343
"Fur_Brown+Mouth_Bored.Unshaven",2,926,-0.072368935675411,0.0489327925329172,-0.168277209039929,0.0235393376891066,-6.9812346912195
"Fur_Brown+Mouth_Bored.Unshaven",2,927,-0.0820145979714177,0.0464552819507319,-0.173066950594852,0.00903775465201685,-7.8741489907211
"Fur_Brown+Mouth_Bored.Unshaven",2,928,-0.0787780286313539,0.0448821654640604,-0.166747072940912,0.0091910156782045,-7.57549423821972
"Fur_Brown+Mouth_Bored.Unshaven",2,931,-0.073422974125012,0.0468250128106981,-0.16519999923398,0.0183540509839562,-7.07922839275218
"Fur_Brown+Mouth_Bored.Unshaven",2,933,-0.0778330384251147,0.0479977178271025,-0.171908565366236,0.0162424885160062,-7.48811270461429
"Fur_Brown+Mouth_Bored.Unshaven",2,934,-0.0769531423585519,0.0472202679818471,-0.169504867602972,0.0155985828858684,-7.40667603622484
"Fur_Brown+Mouth_Bored.Unshaven",2,940,-0.0740755388193294,0.0480141641003262,-0.168183300455969,0.02003222281731,-7.1398454272524
"Fur_Brown+Mouth_Bored.Unshaven",2,943,-0.0822132780053376,0.0463575244580803,-0.173074025943175,0.00864746993249982,-7.89245073976825
"Fur_Brown+Mouth_Bored.Unshaven",2,944,-0.0724255041518677,0.0472362410546624,-0.165008536619006,0.0201575283152706,-6.98649647222801
"Fur_Brown+Mouth_Bored.Unshaven",2,945,-0.0737820557509499,0.0493173347863163,-0.17044403193213,0.0228799204302301,-7.11258854463707
"Fur_Brown+Mouth_Bored.Unshaven",2,946,-0.0734998186474693,0.0485894732195744,-0.168735186157835,0.0217355488628966,-7.0863685707274
"Fur_Brown+Mouth_Bored.Unshaven",2,947,-0.0726432204184668,0.0476867918330026,-0.166109332411152,0.0208228915742182,-7.00674482068199
"Fur_Brown+Mouth_Bored.Unshaven",2,948,-0.0751864088244135,0.0452463449076303,-0.163869244843369,0.0134964271945419,-7.24294371263612
"Fur_Brown+Mouth_Bored.Unshaven",2,950,-0.0750189369122139,0.0465111392672798,-0.166180769876082,0.0161428960516545,-7.22740821020582
"Fur_Brown+Mouth_Bored.Unshaven",2,952,-0.0740643439584887,0.0443265502254297,-0.160944382400331,0.0128156944833536,-7.13880586492545
"Fur_Brown+Mouth_Bored.Unshaven",2,953,-0.0760182339148458,0.0478211004392355,-0.169747590775747,0.0177111229460557,-7.32006927743349
"Fur_Brown+Mouth_Bored.Unshaven",2,954,-0.0774212764562622,0.0524413205929001,-0.180206264818346,0.0253637119058221,-7.45001198408376
"Fur_Brown+Mouth_Bored.Unshaven",2,955,-0.0728792074983162,0.0427740364983246,-0.156716319035032,0.0109579040384001,-7.0286874382285
"Fur_Brown+Mouth_Bored.Unshaven",2,956,-0.0788070655295576,0.0485777278383013,-0.174019412092628,0.0164052810335129,-7.57817792022196
"Fur_Brown+Mouth_Bored.Unshaven",2,957,-0.0802560684161897,0.0453479871629446,-0.169138123255561,0.00862598642318184,-7.71200042918788
"Fur_Brown+Mouth_Bored.Unshaven",2,960,-0.0783819175457974,0.044561648706117,-0.165722749009787,0.00895891391819197,-7.53887661506596
"Fur_Brown+Mouth_Bored.Unshaven",2,961,-0.0756473860270555,0.0489057481730193,-0.171502652446173,0.0202078803920624,-7.28569274704661
"Fur_Brown+Mouth_Bored.Unshaven",2,962,-0.0755422195234105,0.0500662201565508,-0.17367201103025,0.022587571983429,-7.27594179478717
"Fur_Brown+Mouth_Bored.Unshaven",2,964,-0.0753583192257111,0.0455835557763063,-0.164702088547271,0.0139854500958492,-7.25888824485094
"Fur_Brown+Mouth_Bored.Unshaven",2,966,-0.0821464028201129,0.0466145713220212,-0.173510962611274,0.00921815697104852,-7.88629082438044
"Fur_Brown+Mouth_Bored.Unshaven",2,967,-0.0757329637806136,0.0456463827918777,-0.165199874052694,0.0137339464914667,-7.29362668969468
"Fur_Brown+Mouth_Bored.Unshaven",2,968,-0.0777719243781598,0.0464869517353118,-0.168886349779371,0.0133425010230513,-7.48245875602416
"Fur_Brown+Mouth_Bored.Unshaven",2,969,-0.0715307931707989,0.0496983535372486,-0.168939566103806,0.0258779797622084,-6.90323902911375
"Fur_Brown+Mouth_Bored.Unshaven",2,970,-0.0735033705038351,0.0471165503672939,-0.165851809223731,0.018845068216061,-7.08669858601458
"Fur_Brown+Mouth_Bored.Unshaven",2,972,-0.072826801163264,0.0491916525977922,-0.169242440254937,0.0235888379284087,-7.0238150248006
"Fur_Brown+Mouth_Bored.Unshaven",2,973,-0.0770307380209449,0.0467596939236336,-0.168679738111267,0.014618262069377,-7.41386059778195
"Fur_Brown+Mouth_Bored.Unshaven",2,975,-0.075851913179319,0.0495871892493294,-0.173042804108005,0.0213389777493667,-7.30465340123274
"Fur_Brown+Mouth_Bored.Unshaven",2,976,-0.0740769665942253,0.0445781680696632,-0.161450176010765,0.0132962428223146,-7.13997801055528
"Fur_Brown+Mouth_Bored.Unshaven",2,977,-0.0752686808809929,0.0474953887206931,-0.168359642773551,0.0178222810115656,-7.2505747125058
"Fur_Brown+Mouth_Bored.Unshaven",2,978,-0.0713930768869944,0.048785079970954,-0.167011833630064,0.0242256798560754,-6.89041720629198
"Fur_Brown+Mouth_Bored.Unshaven",2,979,-0.0788307258373446,0.0478253809738835,-0.172568472546156,0.014907020871467,-7.58036462310947
"Fur_Brown+Mouth_Bored.Unshaven",2,980,-0.0740426611111064,0.0449100466408479,-0.162066352527168,0.0139810303049555,-7.13679234799596
"Fur_Brown+Mouth_Bored.Unshaven",2,982,-0.0759187269786443,0.0474245841373649,-0.168870911887879,0.0170334579305909,-7.31084652262349
"Fur_Brown+Mouth_Bored.Unshaven",2,983,-0.073647039216339,0.0458923417164464,-0.163596028980574,0.0163019505478958,-7.10004636155139
"Fur_Brown+Mouth_Bored.Unshaven",2,984,-0.0755469344415961,0.046735964318837,-0.167149424506517,0.0160555556233244,-7.27637898010479
"Fur_Brown+Mouth_Bored.Unshaven",2,986,-0.0751106903430556,0.0482724111548474,-0.169724616206556,0.0195032355204453,-7.23592002329062
"Fur_Brown+Mouth_Bored.Unshaven",2,987,-0.0761991486463144,0.0441237838804862,-0.162681765052067,0.0102834677594386,-7.3368349255906
"Fur_Brown+Mouth_Bored.Unshaven",2,993,-0.0752976451758463,0.0491637396097489,-0.171658574810954,0.0210632844592616,-7.25326109530253
"Fur_Brown+Mouth_Bored.Unshaven",2,994,-0.0804863031662641,0.0436199894612183,-0.165981482510252,0.00500887617772386,-7.73324588788865
"Fur_Brown+Mouth_Bored.Unshaven",2,995,-0.0753615587236839,0.0433926991554715,-0.160411249068408,0.00968813162104026,-7.25918867900783
"Fur_Brown+Mouth_Bored.Unshaven",2,996,-0.076141388387805,0.0442564379074758,-0.162884006686457,0.0106012299108475,-7.33148252264499
"Fur_Brown+Mouth_Bored.Unshaven",2,999,-0.074976257977137,0.050107453938973,-0.173186867697524,0.02323435174325,-7.22344869029047
"Fur_Brown+Mouth_Bored.Unshaven",2,1000,-0.072982910535219,0.0496912921063788,-0.170377843063721,0.0244120219932834,-7.03832834578165
"Fur_Brown+Mouth_Bored.Unshaven",2,1001,-0.0720864524212582,0.0478256119437601,-0.165824651831028,0.0216517469885115,-6.95495473604891
"Fur_Brown+Mouth_Bored.Unshaven",2,1002,-0.0779408870177435,0.0499709847527001,-0.175884017133036,0.0200022430975488,-7.49808944346224
"Fur_Brown+Mouth_Bored.Unshaven",2,1004,-0.0774410214156925,0.0463440808663367,-0.168275419913712,0.0133933770823274,-7.4518393618016
"Fur_Brown+Mouth_Bored.Unshaven",2,1006,-0.0769330945858741,0.0432361253643241,-0.161675900299949,0.00780971112820122,-7.40481972770716
"Fur_Brown+Mouth_Bored.Unshaven",2,1007,-0.0750291327819468,0.0457509825167576,-0.164701058514792,0.0146427929508981,-7.2283541026444
"Fur_Brown+Mouth_Bored.Unshaven",2,1009,-0.0738663603098477,0.0433731462734534,-0.158877727005816,0.0111450063861211,-7.12041904680881
"Fur_Brown+Mouth_Bored.Unshaven",2,1010,-0.0751041274329997,0.0446436780577393,-0.162605736426169,0.0123974815601692,-7.23531121897956
"Fur_Brown+Mouth_Bored.Unshaven",2,1011,-0.0754242276486844,0.0440809338618474,-0.161822858017905,0.0109744027205365,-7.26500046384594
"Fur_Brown+Mouth_Bored.Unshaven",2,1012,-0.0705761925156235,0.0495449428001163,-0.167684280403851,0.0265318953726045,-6.81432636880623
"Fur_Brown+Mouth_Bored.Unshaven",2,1014,-0.0763955453790245,0.0496602365761846,-0.173729609068346,0.0209385183102974,-7.35503188148395
"Fur_Brown+Mouth_Bored.Unshaven",2,1015,-0.0761373718921311,0.0453703974254542,-0.165063350846021,0.0127886070617591,-7.33111031919796
"Fur_Brown+Mouth_Bored.Unshaven",2,1016,-0.077728444674335,0.0450084372037623,-0.165944981593709,0.0104880922450391,-7.47843603327951
"Fur_Brown+Mouth_Bored.Unshaven",2,1017,-0.0756610923722193,0.0472685230625341,-0.168307397574786,0.0169852128303476,-7.28696351263465
"Fur_Brown+Mouth_Bored.Unshaven",2,1018,-0.0778796929073895,0.0478192855911714,-0.171605492666085,0.0158461068513064,-7.49242869813932
"Fur_Brown+Mouth_Bored.Unshaven",2,1019,-0.0811829913474538,0.0448838636370777,-0.169155364076126,0.00678938138121858,-7.79750465823325
"Fur_Brown+Mouth_Bored.Unshaven",2,1020,-0.0773309293040198,0.0474063170957591,-0.170247310811708,0.0155854522036681,-7.44164997849045
"Fur_Brown+Mouth_Bored.Unshaven",2,1023,-0.0781982479441906,0.0433960332992721,-0.163254473210764,0.00685797732238268,-7.52189275770832
"Fur_Brown+Mouth_Bored.Unshaven",2,1024,-0.0721107862427618,0.0505271623951864,-0.171144024537327,0.0269224520518036,-6.95721885002478
"Fur_Brown+Mouth_Bored.Unshaven",2,1025,-0.0730073318576909,0.0464971256610127,-0.164141698153276,0.018127034437894,-7.04059856502165
"Fur_Brown+Mouth_Bored.Unshaven",2,1026,-0.0758036448494843,0.0425706881350473,-0.159242193594177,0.00763490389520842,-7.30017904368495
"Fur_Brown+Mouth_Bored.Unshaven",2,1030,-0.0739536106563524,0.0474207336515204,-0.166898248613332,0.0189910273006276,-7.12852246891186
"Fur_Brown+Mouth_Bored.Unshaven",2,1032,-0.0750740255777563,0.0428165280318732,-0.158994420520228,0.00884636936471515,-7.23251878771769
"Fur_Brown+Mouth_Bored.Unshaven",2,1038,-0.0749543093204634,0.0499772813189535,-0.172909780705612,0.0230011620646853,-7.22141234727101
"Fur_Brown+Mouth_Bored.Unshaven",2,1039,-0.0755981750882973,0.0428348150693828,-0.159554412624288,0.00835806244769295,-7.28113007668465
"Fur_Brown+Mouth_Bored.Unshaven",2,1042,-0.0792115549449142,0.0493337834881302,-0.175905770581649,0.0174826606918209,-7.61555400937538
"Fur_Brown+Mouth_Bored.Unshaven",2,1043,-0.0746380052300951,0.0465523298693802,-0.16588057177408,0.01660456131389,-7.19206145883952
"Fur_Brown+Mouth_Bored.Unshaven",2,1044,-0.075231289589597,0.0418204736866564,-0.157199418015444,0.00673683883624966,-7.24710662688037
"Fur_Brown+Mouth_Bored.Unshaven",2,1045,-0.0769401022998196,0.0500508202587437,-0.175039710006957,0.021159505407318,-7.40546860596966
"Fur_Brown+Mouth_Bored.Unshaven",2,1046,-0.0758745563525341,0.0456512017688074,-0.165350911819397,0.0136017991143284,-7.30675229425912
"Fur_Brown+Mouth_Bored.Unshaven",2,1050,-0.0770244815885453,0.0484939592860615,-0.172072641789226,0.0180236786121352,-7.4132813370476
"Fur_Brown+Mouth_Bored.Unshaven",2,1051,-0.0785369974195084,0.0470233437150683,-0.170702751101042,0.0136287562620254,-7.55321436262689
"Fur_Brown+Mouth_Bored.Unshaven",2,1052,-0.0765937297698705,0.0475650579281806,-0.169821243309105,0.0166337837693635,-7.373390848765
"Fur_Brown+Mouth_Bored.Unshaven",2,1054,-0.0733657674741577,0.0491169909466758,-0.169635069729642,0.0229035347813269,-7.07391255456452
"Fur_Brown+Mouth_Bored.Unshaven",2,1056,-0.0793669003220258,0.0479306485969862,-0.173310971572119,0.0145771709280671,-7.62990439131543
"Fur_Brown+Mouth_Bored.Unshaven",2,1057,-0.0720523030006978,0.0510913245416541,-0.17219129910234,0.0280866931009443,-6.95177724741274
"Fur_Brown+Mouth_Bored.Unshaven",2,1059,-0.0789415914770367,0.0484917589089969,-0.173985438938671,0.0161022559845972,-7.59061021715298
"Fur_Brown+Mouth_Bored.Unshaven",2,1060,-0.073707631978367,0.0472346474046752,-0.16628754089153,0.0188722769347964,-7.10567525579777
"Fur_Brown+Mouth_Bored.Unshaven",2,1062,-0.0764310550045853,0.0467140020257668,-0.167990498975088,0.0151283889659176,-7.35832161120306
"Fur_Brown+Mouth_Bored.Unshaven",2,1063,-0.0779704957500533,0.04414296268284,-0.16449070260842,0.008549711108313,-7.50082826722331
"Fur_Brown+Mouth_Bored.Unshaven",2,1064,-0.0776250769282046,0.0440761704403501,-0.164014370991291,0.0087642171348816,-7.46887179343537
"Fur_Brown+Mouth_Bored.Unshaven",2,1065,-0.0772582835522079,0.0499899766878001,-0.175238637860296,0.0207220707558803,-7.43492576332679
"Fur_Brown+Mouth_Bored.Unshaven",2,1066,-0.0744579515283112,0.0435115924109857,-0.159740672653843,0.0108247695972207,-7.17534954147411
"Fur_Brown+Mouth_Bored.Unshaven",2,1067,-0.0747214382334526,0.0487298621546907,-0.170231968056646,0.0207890915897412,-7.19980438087532
"Fur_Brown+Mouth_Bored.Unshaven",2,1070,-0.0736880121449883,0.045859035638609,-0.163571721996662,0.0161956977066854,-7.10385266674507
"Fur_Brown+Mouth_Bored.Unshaven",2,1071,-0.0784175417908236,0.0460048202478084,-0.168586989476528,0.011751905894881,-7.54217041411092
"Fur_Brown+Mouth_Bored.Unshaven",2,1072,-0.0783363316610267,0.0447695917532477,-0.166084731497392,0.00941206817533873,-7.53466159687762
"Fur_Brown+Mouth_Bored.Unshaven",2,1073,-0.0748103371704435,0.0459466284386796,-0.164865728910255,0.0152450545693685,-7.20805385292832
"Fur_Brown+Mouth_Bored.Unshaven",2,1074,-0.0744720311719434,0.0492595569870066,-0.171020762866476,0.0220767005225895,-7.17665647027228
"Fur_Brown+Mouth_Bored.Unshaven",2,1075,-0.0778038590915274,0.0447928958519912,-0.16559793496143,0.00999021677837536,-7.48541323000987
"Fur_Brown+Mouth_Bored.Unshaven",2,1076,-0.0781587763509885,0.0446900600806626,-0.165751294109087,0.0094337414071101,-7.51824242743745
"Fur_Brown+Mouth_Bored.Unshaven",2,1077,-0.077223539516986,0.0455901780744299,-0.166580288542869,0.0121332095088966,-7.43170962325668
"Fur_Brown+Mouth_Bored.Unshaven",2,1078,-0.0764006952420956,0.0475976804168383,-0.169692148859099,0.0168907583749075,-7.35550898915547
"Fur_Brown+Mouth_Bored.Unshaven",2,1079,-0.0738547774273875,0.0505123815844817,-0.172859045332972,0.0251494904781966,-7.11934322730915
"Fur_Brown+Mouth_Bored.Unshaven",2,1080,-0.0780388169871116,0.0451740501013658,-0.166579955185789,0.0105023212115654,-7.50714770918446
"Fur_Brown+Mouth_Bored.Unshaven",2,1081,-0.0748868629922354,0.04867200892257,-0.170284000480473,0.0205102744960018,-7.21515456116566
"Fur_Brown+Mouth_Bored.Unshaven",2,1082,-0.0774011295668696,0.0495932351886899,-0.174603870536702,0.0198016114029626,-7.4481473709289
"Fur_Brown+Mouth_Bored.Unshaven",2,1083,-0.0738369917419299,0.0442312900553308,-0.160530320250378,0.0128563367665185,-7.1176912664721
"Fur_Brown+Mouth_Bored.Unshaven",2,1085,-0.0768563055639824,0.0476899858676278,-0.170328677864533,0.016616066736568,-7.39770916137894
"Fur_Brown+Mouth_Bored.Unshaven",2,1086,-0.0747726376228404,0.0493680884262896,-0.171534090938368,0.0219888156926873,-7.20455557259598
"Fur_Brown+Mouth_Bored.Unshaven",2,1087,-0.07902910760839,0.0441376117702118,-0.165538826678005,0.00748061146122522,-7.59869717557267
"Fur_Brown+Mouth_Bored.Unshaven",2,1089,-0.0754387661839594,0.0437062279773275,-0.161102973019521,0.0102254406516025,-7.2663486851073
"Fur_Brown+Mouth_Bored.Unshaven",2,1090,-0.0749786917447095,0.0438991798172856,-0.161021084186589,0.0110637006971702,-7.22367448657777
"Fur_Brown+Mouth_Bored.Unshaven",2,1091,-0.0744322474702569,0.0510476667164438,-0.174485674234487,0.0256211792939729,-7.17296354060504
"Fur_Brown+Mouth_Bored.Unshaven",2,1092,-0.0774031222279465,0.0463467001457853,-0.168242654513686,0.0134364100577927,-7.44833179521949
"Fur_Brown+Mouth_Bored.Unshaven",2,1093,-0.0746461181395887,0.0425044095623775,-0.157954760881849,0.00866252460267133,-7.19281439819092
"Fur_Brown+Mouth_Bored.Unshaven",2,1095,-0.0808036115837689,0.0465184592159342,-0.171979791647,0.0103725684794622,-7.76251826119343
"Fur_Brown+Mouth_Bored.Unshaven",2,1096,-0.0719089170053118,0.0455861512566797,-0.161257773468404,0.0174399394577803,-6.93843447881425
"Fur_Brown+Mouth_Bored.Unshaven",2,1097,-0.0778393018066019,0.0480897161374003,-0.172095145435906,0.0164165418227027,-7.48869214004192
"Fur_Brown+Mouth_Bored.Unshaven",2,1098,-0.0811595756682684,0.038076894178879,-0.155790288258871,-0.00652886307766551,-7.795345648905
"Fur_Brown+Mouth_Bored.Unshaven",2,1099,-0.072947911690488,0.0473079619481304,-0.165671517108823,0.0197756937278475,-7.03507473773356
"Fur_Brown+Mouth_Bored.Unshaven",2,1100,-0.0798018202835273,0.0428032712325413,-0.163696231899308,0.0040925913322537,-7.67006925485788
"Fur_Brown+Mouth_Bored.Unshaven",2,1101,-0.0722991468987337,0.0448874134233127,-0.160278477208427,0.0156801834109593,-6.97474279885257
"Fur_Brown+Mouth_Bored.Unshaven",2,1103,-0.0767854707082845,0.0466967104709549,-0.168311023231356,0.0147400818147871,-7.39114945914505
"Fur_Brown+Mouth_Bored.Unshaven",2,1107,-0.0757816652473583,0.0467790172945921,-0.167468539144759,0.0159052086500421,-7.29814151611125
"Fur_Brown+Mouth_Bored.Unshaven",2,1108,-0.073079047750554,0.0489775768474514,-0.169075098371559,0.0229170028704508,-7.04726499244833
"Fur_Brown+Mouth_Bored.Unshaven",2,1109,-0.076831271042437,0.0481696182936845,-0.171243722898059,0.0175811808131847,-7.39539087831534
"Fur_Brown+Mouth_Bored.Unshaven",2,1110,-0.0766175905501118,0.0469097647700353,-0.168560729499381,0.0153255483991575,-7.3756009655628
"Fur_Brown+Mouth_Bored.Unshaven",2,1113,-0.0783929651553601,0.0494274711526771,-0.175270808614607,0.018484878303887,-7.53989808381443
"Fur_Brown+Mouth_Bored.Unshaven",2,1114,-0.0776799106090508,0.0477967432448676,-0.171361527368991,0.0160017061508897,-7.47394547668215
"Fur_Brown+Mouth_Bored.Unshaven",2,1116,-0.075353481091257,0.0485684219536469,-0.170547588120405,0.0198406259378909,-7.25843954979741
"Fur_Brown+Mouth_Bored.Unshaven",2,1118,-0.0759037357567758,0.0465352153060627,-0.167112757756659,0.0153052862431071,-7.30945698854353
"Fur_Brown+Mouth_Bored.Unshaven",2,1119,-0.0764545345002192,0.0458476122751675,-0.166315854559548,0.0134067855591092,-7.36049676555044
"Fur_Brown+Mouth_Bored.Unshaven",2,1120,-0.0752207810234321,0.0473978077589615,-0.168120484230997,0.0176789221841324,-7.24613192184201
"Fur_Brown+Mouth_Bored.Unshaven",2,1122,-0.0757094837498342,0.0488761269424771,-0.171506692557089,0.020087725057421,-7.29144991564065
"Fur_Brown+Mouth_Bored.Unshaven",2,1131,-0.080394757296446,0.0482985519452511,-0.175059919109138,0.0142704045162461,-7.72479886098886
"Fur_Brown+Mouth_Bored.Unshaven",2,1132,-0.0812177084929601,0.0474542279906017,-0.174227995354539,0.0117925783686191,-7.8007056101158
"Fur_Brown+Mouth_Bored.Unshaven",2,1133,-0.0743181849349083,0.0459084538133526,-0.164298754409079,0.0156623845392627,-7.16237484960258
"Fur_Brown+Mouth_Bored.Unshaven",2,1134,-0.0744620294418218,0.0496883109061701,-0.171851118817915,0.0229270599342716,-7.17572807159852
"Fur_Brown+Mouth_Bored.Unshaven",2,1140,-0.0771487511933337,0.0466150281088274,-0.168514206286635,0.0142167038999681,-7.42478633710878
"Fur_Brown+Mouth_Bored.Unshaven",2,1141,-0.0749555058817734,0.0440505156579262,-0.161294516571309,0.011383504807762,-7.22152336247296
"Fur_Brown+Mouth_Bored.Unshaven",2,1144,-0.073055597494085,0.0449152640013052,-0.161089514936643,0.0149783199484733,-7.04508520141468
"Fur_Brown+Mouth_Bored.Unshaven",2,1145,-0.0715823439098266,0.0463322238509451,-0.162393502657679,0.0192288148380258,-6.90803811224368
"Fur_Brown+Mouth_Bored.Unshaven",2,1146,-0.0743558136558842,0.0510769646592907,-0.174466664388094,0.0257550370763256,-7.1658681449709
"Fur_Brown+Mouth_Bored.Unshaven",2,1147,-0.0750154915546927,0.0472868144594633,-0.167697647895241,0.0176666647858553,-7.22708857490831
"Fur_Brown+Mouth_Bored.Unshaven",2,1148,-0.0764059248217693,0.0459033218748896,-0.166376435696553,0.0135645860530144,-7.3559934796357
"Fur_Brown+Mouth_Bored.Unshaven",2,1149,-0.0828999628958754,0.0463144909307894,-0.173676365120223,0.00787643932847186,-7.95567789110049
"Fur_Brown+Mouth_Bored.Unshaven",2,1150,-0.0728340424964591,0.0511495545280872,-0.17308716937151,0.0274190843785918,-7.02448829389752
"Fur_Brown+Mouth_Bored.Unshaven",2,1152,-0.0760274615093786,0.0445142316444852,-0.16327535553257,0.0112204325138123,-7.32092448630977
"Fur_Brown+Mouth_Bored.Unshaven",2,1153,-0.0730420287349317,0.0500093824142052,-0.171060418266774,0.0249763607969104,-7.04382391000661
"Fur_Brown+Mouth_Bored.Unshaven",2,1154,-0.0768749119462355,0.0494396020014884,-0.173776531869153,0.0200267079766818,-7.39943213897055
"Fur_Brown+Mouth_Bored.Unshaven",2,1155,-0.0787014266248974,0.0439506743508503,-0.164844748352564,0.00744189510276927,-7.56841406445832
"Fur_Brown+Mouth_Bored.Unshaven",2,1159,-0.0759105680549126,0.048163599547506,-0.170311223168024,0.0184900870581992,-7.31009027580444
"Fur_Brown+Mouth_Bored.Unshaven",2,1160,-0.075853724393009,0.0422402860503601,-0.158644685051715,0.00693723626569683,-7.30482129216146
"Fur_Brown+Mouth_Bored.Unshaven",2,1164,-0.0770024819420783,0.0480856560783626,-0.171250367855669,0.0172454039715124,-7.41124443956403
"Fur_Brown+Mouth_Bored.Unshaven",2,1165,-0.0789858898053338,0.0448198262108242,-0.166832749178549,0.0088609695678816,-7.59470370797124
"Fur_Brown+Mouth_Bored.Unshaven",2,1166,-0.0776969242933337,0.0506885582014676,-0.17704649836821,0.0216526497815428,-7.47551967237028
"Fur_Brown+Mouth_Bored.Unshaven",2,1167,-0.0771609245170259,0.0440728841960408,-0.163543777541266,0.00922192850721405,-7.42591327829125
"Fur_Brown+Mouth_Bored.Unshaven",2,1168,-0.0741302450281248,0.04615041291946,-0.164585054350266,0.0163245642940168,-7.14492531530525
"Fur_Brown+Mouth_Bored.Unshaven",2,1172,-0.0726520384015888,0.0475004803883411,-0.165752979962737,0.0204489031595598,-7.0075648300212
"Fur_Brown+Mouth_Bored.Unshaven",2,1173,-0.0760385024813921,0.0464032084949485,-0.166988791131491,0.0149117861687069,-7.32194774773983
"Fur_Brown+Mouth_Bored.Unshaven",2,1181,-0.0748157619086089,0.0481640903379476,-0.169217378970986,0.0195858551537683,-7.2085572235747
"Fur_Brown+Mouth_Bored.Unshaven",2,1183,-0.0797389164145787,0.0462720914893767,-0.170432215733757,0.0109543829045997,-7.66426116232043
"Fur_Brown+Mouth_Bored.Unshaven",2,1185,-0.0728126805673263,0.0482375642927803,-0.167358306581176,0.0217329454465231,-7.02250213639136
"Fur_Brown+Mouth_Bored.Unshaven",2,1186,-0.0710214577074952,0.0458277298884175,-0.160843808288793,0.0188008928738031,-6.85580946947957
"Fur_Brown+Mouth_Bored.Unshaven",2,1187,-0.0744030760454136,0.0448627852521097,-0.162334135139549,0.0135279830487215,-7.17025560419053
"Fur_Brown+Mouth_Bored.Unshaven",2,1188,-0.0730046350560359,0.0516941120209913,-0.174325094617179,0.0283158245051071,-7.04034787161598
"Fur_Brown+Mouth_Bored.Unshaven",2,1190,-0.0748466171805663,0.0417856226780926,-0.156746437629628,0.00705320326849521,-7.2114202846064
"Fur_Brown+Mouth_Bored.Unshaven",2,1192,-0.0795974220772677,0.0479034288103332,-0.173488142545521,0.0142932983909855,-7.65119525378923
"Fur_Brown+Mouth_Bored.Unshaven",2,1193,-0.074241154074167,0.0460261042268893,-0.16445231835887,0.015970010210536,-7.15522321198321
"Fur_Brown+Mouth_Bored.Unshaven",2,1194,-0.0796317119312823,0.0436159542896531,-0.165118982339002,0.00585555847643783,-7.65436182653143
"Fur_Brown+Mouth_Bored.Unshaven",2,1195,-0.0744826641617807,0.0487806717160776,-0.170092780725293,0.0211274524017314,-7.17764345469339
"Fur_Brown+Mouth_Bored.Unshaven",2,1197,-0.0778227791332579,0.0472685446424514,-0.170469126632463,0.0148235683659468,-7.48716359329371
"Fur_Brown+Mouth_Bored.Unshaven",2,1198,-0.0740678182747521,0.0493869770092308,-0.170866293212845,0.0227306566633402,-7.13912849352202
"Fur_Brown+Mouth_Bored.Unshaven",2,1199,-0.0776051136987569,0.0479531498830991,-0.171593287469631,0.0163830600721174,-7.46702455485356
"Fur_Brown+Mouth_Bored.Unshaven",2,1201,-0.0735243260264013,0.0475124670268039,-0.166648761398937,0.0196001093461344,-7.0886456123985
"Fur_Brown+Mouth_Bored.Unshaven",2,1203,-0.0772345424029556,0.0423398921418476,-0.160220731000977,0.00575164619506568,-7.43272813599679
"Fur_Brown+Mouth_Bored.Unshaven",2,1205,-0.0741136822465405,0.04778802143957,-0.167778204268098,0.0195508397750167,-7.14338736424792
"Fur_Brown+Mouth_Bored.Unshaven",2,1208,-0.0798910898529405,0.0471237507736319,-0.172253641369259,0.012471461663378,-7.6783111401392
"Fur_Brown+Mouth_Bored.Unshaven",2,1209,-0.0727718082464419,0.0471921522101203,-0.165268426578278,0.0197248100853939,-7.01870185260097
"Fur_Brown+Mouth_Bored.Unshaven",2,1210,-0.0748606313583776,0.0468965348011196,-0.166777839568572,0.0170565768518169,-7.21272063114972
"Fur_Brown+Mouth_Bored.Unshaven",2,1212,-0.0755742762417583,0.049515569034406,-0.172624791549194,0.0214762390656775,-7.27891417616245
"Fur_Brown+Mouth_Bored.Unshaven",2,1213,-0.0746901833232964,0.0467809890089305,-0.1663809217808,0.0170005551342074,-7.19690387377145
"Fur_Brown+Mouth_Bored.Unshaven",2,1214,-0.0790730172315611,0.0398200541062241,-0.15712032327976,-0.00102571118336184,-7.60275439288411
"Fur_Brown+Mouth_Bored.Unshaven",2,1215,-0.0726638155062577,0.0458676242064606,-0.16256435895092,0.0172367279384051,-7.0086600052146
"Fur_Brown+Mouth_Bored.Unshaven",2,1216,-0.0758927043035696,0.0464885194890644,-0.167010202502136,0.0152247938949966,-7.30843447151572
"Fur_Brown+Mouth_Bored.Unshaven",2,1217,-0.0757588185769076,0.0473132687726319,-0.168492825371266,0.016975188217451,-7.2960235631063
"Fur_Brown+Mouth_Bored.Unshaven",2,1221,-0.0738110752803031,0.0434593131775105,-0.158991329108224,0.0113691785476175,-7.11528405448894
"Fur_Brown+Mouth_Bored.Unshaven",2,1222,-0.0771530181472398,0.043497808558255,-0.16240872292142,0.00810268662693998,-7.42518135043558
"Fur_Brown+Mouth_Bored.Unshaven",2,1223,-0.0751849406950465,0.0504038244941346,-0.17397643670355,0.0236065553134574,-7.24280753317782
"Fur_Brown+Mouth_Bored.Unshaven",2,1224,-0.0751248242975806,0.0471956154876262,-0.167628230653328,0.0173785820581667,-7.23723113731294
"Fur_Brown+Mouth_Bored.Unshaven",2,1225,-0.0738097117567206,0.0493549832120657,-0.170545478852369,0.0229260553389281,-7.11515740390194
"Fur_Brown+Mouth_Bored.Unshaven",2,1226,-0.0741976047733638,0.0405912050234026,-0.153756366619233,0.00536115707250533,-7.15117979882759
"Fur_Brown+Mouth_Bored.Unshaven",2,1227,-0.0731519697414429,0.0478060197182006,-0.166851768389116,0.0205478289062302,-7.05404304380615
"Fur_Brown+Mouth_Bored.Unshaven",2,1228,-0.072894717459004,0.0473635942174637,-0.165727362125233,0.0199379272072249,-7.03012940844894
"Fur_Brown+Mouth_Bored.Unshaven",2,1229,-0.0695556284896377,0.0491230922489827,-0.165836889297644,0.0267256323183684,-6.7191758772353
"Fur_Brown+Mouth_Bored.Unshaven",2,1234,-0.0750480511726861,0.0473203697744231,-0.167795975930555,0.0176998735851832,-7.23010917628937
"Fur_Brown+Mouth_Bored.Unshaven",2,1236,-0.0737046721853123,0.0484126009482354,-0.168593370043854,0.0211840256732291,-7.10540030741368
"Fur_Brown+Mouth_Bored.Unshaven",2,1239,-0.0724276802116141,0.0516388530912416,-0.173639832270448,0.0287844718472193,-6.98669887494869
"Fur_Brown+Mouth_Bored.Unshaven",2,1241,-0.0739486784913961,0.0448838946410809,-0.161921111987915,0.0140237550051226,-7.12806441033533
"Fur_Brown+Mouth_Bored.Unshaven",2,1242,-0.0753236971621963,0.0459106036624235,-0.165308480340546,0.0146610860161538,-7.25567730060487
"Fur_Brown+Mouth_Bored.Unshaven",2,1243,-0.0798180068170251,0.0484874622449287,-0.174853432817085,0.0152174191830351,-7.67156374427941
"Fur_Brown+Mouth_Bored.Unshaven",2,1245,-0.0753140483934832,0.0484263613773589,-0.170229716693107,0.0196016199061403,-7.25478242776849
"Fur_Brown+Mouth_Bored.Unshaven",2,1247,-0.0740877812408301,0.045503289581209,-0.16327422882,0.0150986663383395,-7.14098225344654
"Fur_Brown+Mouth_Bored.Unshaven",2,1248,-0.075003218441256,0.0470137808382569,-0.16715022888424,0.0171437920017276,-7.22594995545536
"Fur_Brown+Mouth_Bored.Unshaven",2,1250,-0.075799367563615,0.0455502578009157,-0.16507787285341,0.0134791377261797,-7.29978253920271
"Fur_Brown+Mouth_Bored.Unshaven",2,1251,-0.0801430045576232,0.046627004532691,-0.171531933441698,0.0112459243264512,-7.70156540195591
"Fur_Brown+Mouth_Bored.Unshaven",2,1252,-0.0727610709879984,0.0467609084764524,-0.164412451601845,0.0188903096258483,-7.01770348301248
"Fur_Brown+Mouth_Bored.Unshaven",2,1254,-0.0769237042576945,0.04236138594658,-0.159952020712991,0.00610461219760236,-7.40395022449409
"Fur_Brown+Mouth_Bored.Unshaven",2,1256,-0.0749596285888208,0.0475834147276651,-0.168223121455044,0.0183038642774027,-7.22190586016398
"Fur_Brown+Mouth_Bored.Unshaven",2,1258,-0.0770500156210612,0.0501764434029719,-0.175395844690886,0.0212958134487637,-7.41564541915007
"Fur_Brown+Mouth_Bored.Unshaven",2,1259,-0.0729393692052917,0.0465676993771858,-0.164212059984576,0.0183333215739925,-7.03428058284371
"Fur_Brown+Mouth_Bored.Unshaven",2,1262,-0.0769686925805151,0.0445553445488224,-0.164297167896207,0.0103597827351767,-7.40811587176987
"Fur_Brown+Mouth_Bored.Unshaven",2,1263,-0.0778427476183276,0.0409856568720909,-0.158174635087626,0.00248913985097066,-7.48901091604207
"Fur_Brown+Mouth_Bored.Unshaven",2,1264,-0.0782493127198934,0.0403987144647228,-0.15743079307075,0.000932167630963265,-7.52661501094064
"Fur_Brown+Mouth_Bored.Unshaven",2,1269,-0.0745107513340264,0.0474210068516781,-0.167455924763316,0.0184344220952627,-7.180250535597
"Fur_Brown+Mouth_Bored.Unshaven",2,1270,-0.0768135744093814,0.0410394820989046,-0.157250959323234,0.00362381050447155,-7.39375207402785
"Fur_Brown+Mouth_Bored.Unshaven",2,1272,-0.0783272768228146,0.0432763685243352,-0.163148959130512,0.00649440548488246,-7.53382433440752
"Fur_Brown+Mouth_Bored.Unshaven",2,1273,-0.0763663046252977,0.0465555002954107,-0.167615085204303,0.0148824759537072,-7.35232283318006
"Fur_Brown+Mouth_Bored.Unshaven",2,1274,-0.0775156599786014,0.0487222584541676,-0.17301128654877,0.017979966591567,-7.45874676572894
"Fur_Brown+Mouth_Bored.Unshaven",2,1279,-0.0795377791686586,0.0453862696981116,-0.168494867776957,0.0094193094396402,-7.64568713820921
"Fur_Brown+Mouth_Bored.Unshaven",2,1280,-0.0758373131114533,0.0515168629196043,-0.176810364433878,0.0251357382109711,-7.30330003300196
"Fur_Brown+Mouth_Bored.Unshaven",2,1283,-0.0761477391725889,0.0439461913060475,-0.162282274132442,0.00998679578726416,-7.33207103858697
"Fur_Brown+Mouth_Bored.Unshaven",2,1284,-0.0782930353447619,0.0448758215721964,-0.166249645626267,0.00966357493674296,-7.53065810167491
"Fur_Brown+Mouth_Bored.Unshaven",2,1285,-0.0758430824577302,0.0460743485672359,-0.166148805649513,0.0144626407340521,-7.30383483082008
"Fur_Brown+Mouth_Bored.Unshaven",2,1288,-0.0768013930012368,0.0488163826080347,-0.172481502912985,0.0188787169105112,-7.39262399265433
"Fur_Brown+Mouth_Bored.Unshaven",2,1290,-0.0713147034511179,0.0469455986507733,-0.163328076806634,0.0206986699043977,-6.88311960240999
"Fur_Brown+Mouth_Bored.Unshaven",2,1292,-0.0746656157247856,0.0465013083775227,-0.16580818014473,0.0164769486951588,-7.1946238965586
"Fur_Brown+Mouth_Bored.Unshaven",2,1293,-0.0731985796666763,0.0461000366321772,-0.163554651465744,0.0171574921323911,-7.05837514695034
"Fur_Brown+Mouth_Bored.Unshaven",2,1296,-0.0718501948386546,0.0515636161509106,-0.172914882494439,0.0292144928171302,-6.93296954159942
"Fur_Brown+Mouth_Bored.Unshaven",2,1297,-0.0796910872893511,0.0440397155819602,-0.166008929829993,0.00662675525129083,-7.65984471908812
"Fur_Brown+Mouth_Bored.Unshaven",2,1300,-0.077123592040389,0.0469612330441863,-0.169167608806994,0.0149204247262163,-7.42245719384983
"Fur_Brown+Mouth_Bored.Unshaven",2,1301,-0.0721453482658091,0.0478653994002761,-0.16596153109035,0.0216708345587319,-6.96043454120056
"Fur_Brown+Mouth_Bored.Unshaven",2,1303,-0.0778618832752062,0.0439114913099434,-0.163928406242695,0.00820463969228287,-7.49078115764926
"Fur_Brown+Mouth_Bored.Unshaven",2,1308,-0.0759330566518825,0.0449026133029743,-0.163942178725712,0.0120760654219472,-7.31217471838922
"Fur_Brown+Mouth_Bored.Unshaven",2,1310,-0.0709577743534329,0.0476564320339303,-0.164364381139936,0.0224488324330705,-6.84987754613479
"Fur_Brown+Mouth_Bored.Unshaven",2,1311,-0.0737406309830541,0.0453143196262593,-0.162556697450522,0.0150754354844141,-7.10874062547806
"Fur_Brown+Mouth_Bored.Unshaven",2,1313,-0.0752409377182104,0.0462503667246329,-0.165891656498491,0.0154097810620701,-7.2480015144079
"Fur_Brown+Mouth_Bored.Unshaven",2,1315,-0.0753641560120257,0.049715425365602,-0.172806389728606,0.0220780777045543,-7.25942955332307
"Fur_Brown+Mouth_Bored.Unshaven",2,1317,-0.0726606568274703,0.0496168276251006,-0.169909638972667,0.0245883253177268,-7.00836627497765
"Fur_Brown+Mouth_Bored.Unshaven",2,1318,-0.0778511612253262,0.0494674870012747,-0.174807435747825,0.0191051132971722,-7.48978926387291
"Fur_Brown+Mouth_Bored.Unshaven",2,1319,-0.076130548357165,0.0459795161468922,-0.166250400005074,0.0139893032907437,-7.33047798763159
"Fur_Brown+Mouth_Bored.Unshaven",2,1320,-0.075462795840086,0.0472739158779677,-0.168119670960903,0.0171940792807308,-7.26857701608664
"Fur_Brown+Mouth_Bored.Unshaven",2,1321,-0.0745526613764201,0.0480552680565859,-0.168740986767328,0.0196356640144882,-7.18414053371645
"Fur_Brown+Mouth_Bored.Unshaven",2,1322,-0.0759306060255108,0.0450972385103008,-0.1643211935057,0.0124599814546787,-7.31194757488193
"Fur_Brown+Mouth_Bored.Unshaven",2,1323,-0.0760832872349579,0.0453777896871339,-0.16502375502174,0.0128571805518244,-7.32609821853131
"Fur_Brown+Mouth_Bored.Unshaven",2,1325,-0.0758277661435942,0.0442982840041188,-0.162652402791667,0.0109968705044786,-7.30241505636231
"Fur_Brown+Mouth_Bored.Unshaven",2,1327,-0.0806309488188571,0.0471849310070119,-0.1731134135926,0.0118515159548862,-7.74659090757702
"Fur_Brown+Mouth_Bored.Unshaven",2,1328,-0.0722582704308243,0.0471742568130149,-0.164719813784333,0.0202032729226848,-6.97094017719349
"Fur_Brown+Mouth_Bored.Unshaven",2,1330,-0.0773349207336419,0.0435129112443271,-0.162620226772523,0.00795038530523923,-7.4420194178932
"Fur_Brown+Mouth_Bored.Unshaven",2,1332,-0.0758909682705067,0.0519750580832552,-0.177762082113687,0.0259801455726735,-7.30827355575364
"Fur_Brown+Mouth_Bored.Unshaven",2,1333,-0.077422885591161,0.0474023457727029,-0.170331483305659,0.0154857121233367,-7.45016090937954
"Fur_Brown+Mouth_Bored.Unshaven",2,1334,-0.0740677254695653,0.0494479902843623,-0.170985786426915,0.0228503354877848,-7.13911987555109
"Fur_Brown+Mouth_Bored.Unshaven",2,1336,-0.0766218460734508,0.0448332035948125,-0.164494925119283,0.0112512329723817,-7.37599513001597
"Fur_Brown+Mouth_Bored.Unshaven",2,1338,-0.0759593402617974,0.0427767147338248,-0.159801701140094,0.00788302061649923,-7.31461085701738
"Fur_Brown+Mouth_Bored.Unshaven",2,1339,-0.0746092994862334,0.0479788788244257,-0.168647901982108,0.019429303009641,-7.18939729968928
"Fur_Brown+Mouth_Bored.Unshaven",2,1340,-0.0736491987718683,0.0477740908187974,-0.167286416776711,0.0199880192329747,-7.10024698394331
"Fur_Brown+Mouth_Bored.Unshaven",2,1343,-0.0770853547749271,0.0483049363101774,-0.171763029942875,0.0175923203930206,-7.4189172140906
"Fur_Brown+Mouth_Bored.Unshaven",2,1344,-0.0765726273044677,0.0485103031625416,-0.171652821503049,0.0185075668941139,-7.37143617832591
"Fur_Brown+Mouth_Bored.Unshaven",2,1345,-0.0766187074135694,0.04672311414538,-0.168196011138514,0.0149585963113754,-7.37570441431159
"Fur_Brown+Mouth_Bored.Unshaven",2,1346,-0.07718329009595,0.0474041784442392,-0.170095479846659,0.0157288996547588,-7.42798372818067
"Fur_Brown+Mouth_Bored.Unshaven",2,1348,-0.0760640974600775,0.0496430418147557,-0.173364459416999,0.0212362644968435,-7.32431981015527
"Fur_Brown+Mouth_Bored.Unshaven",2,1349,-0.0801731539847492,0.0493039122326374,-0.176808821960719,0.0164625139912202,-7.70434810493501
"Fur_Brown+Mouth_Bored.Unshaven",2,1350,-0.0785041584653122,0.0457651045674705,-0.168203763417554,0.01119544648693,-7.55017845702005
"Fur_Brown+Mouth_Bored.Unshaven",2,1351,-0.0762827514071112,0.047071110388,-0.168542127767591,0.0159766249533688,-7.34458149819304
"Fur_Brown+Mouth_Bored.Unshaven",2,1352,-0.0755261016909241,0.0415862996676816,-0.15703524903958,0.00598304565773186,-7.27444727190535
"Fur_Brown+Mouth_Bored.Unshaven",2,1353,-0.0767420936482917,0.0468189498084587,-0.168507235272871,0.0150230479762874,-7.38713227235304
"Fur_Brown+Mouth_Bored.Unshaven",2,1355,-0.0751104701929834,0.0518239784218158,-0.176685467899742,0.0264645275137755,-7.23589960126947
"Fur_Brown+Mouth_Bored.Unshaven",2,1356,-0.0765550560231156,0.0501024681545888,-0.17475589360611,0.0216457815598785,-7.36980856147014
"Fur_Brown+Mouth_Bored.Unshaven",2,1359,-0.0740127285499183,0.0467858111496816,-0.165712918403294,0.0176874613034576,-7.13401267274961
"Fur_Brown+Mouth_Bored.Unshaven",2,1360,-0.0770819681889164,0.0478949553756124,-0.170956080725117,0.0167921443472839,-7.41860367975988
"Fur_Brown+Mouth_Bored.Unshaven",2,1361,-0.0747022974706353,0.0472702262333268,-0.167351940887956,0.0179473459466852,-7.19802809734192
"Fur_Brown+Mouth_Bored.Unshaven",2,1365,-0.0787395558180964,0.0407629646396835,-0.158634966511876,0.00115585487568334,-7.57193833906685
"Fur_Brown+Mouth_Bored.Unshaven",2,1366,-0.0762472701817047,0.0480315948441525,-0.170389196076244,0.0178946557128342,-7.3412939120806
"Fur_Brown+Mouth_Bored.Unshaven",2,1367,-0.0767021998552499,0.0486103045311395,-0.171978396736283,0.0185739970257836,-7.38343752007654
"Fur_Brown+Mouth_Bored.Unshaven",2,1369,-0.078652870487761,0.0453969436275043,-0.167630879997669,0.0103251390221474,-7.56392583473123
"Fur_Brown+Mouth_Bored.Unshaven",2,1370,-0.0752744008622957,0.0452819628838503,-0.164027048114642,0.013478246390051,-7.25110523596699
"Fur_Brown+Mouth_Bored.Unshaven",2,1371,-0.0751327383078797,0.0478150786443014,-0.16885029245071,0.018584815834951,-7.23796525991616
"Fur_Brown+Mouth_Bored.Unshaven",2,1375,-0.0747775374823154,0.0522652966921223,-0.177217518998875,0.0276624440342443,-7.20501025611966
"Fur_Brown+Mouth_Bored.Unshaven",2,1378,-0.0735289250613589,0.0524826503659943,-0.176394919778708,0.0293370696559899,-7.08907291398271
"Fur_Brown+Mouth_Bored.Unshaven",2,1380,-0.0761908931926921,0.0432569995666577,-0.160974612343341,0.00859282595795689,-7.33606994597121
"Fur_Brown+Mouth_Bored.Unshaven",2,1384,-0.0723049604060595,0.0475596864008027,-0.165521945751633,0.0209120249395138,-6.97528360029482
"Fur_Brown+Mouth_Bored.Unshaven",2,1387,-0.0765048773058605,0.0470182653155597,-0.168660677324357,0.0156509227126364,-7.36516038066576
"Fur_Brown+Mouth_Bored.Unshaven",2,1388,-0.0725223865081284,0.0426279923149228,-0.156073251445377,0.0110284784291203,-6.99550740310669
"Fur_Brown+Mouth_Bored.Unshaven",2,1389,-0.0787331566082736,0.0445089190813765,-0.165970638007772,0.0085043247912244,-7.57134687061429
"Fur_Brown+Mouth_Bored.Unshaven",2,1390,-0.0750981073817803,0.0488930339273927,-0.17092845387947,0.0207322391159093,-7.2347527691208
"Fur_Brown+Mouth_Bored.Unshaven",2,1391,-0.0728208906042461,0.0520789819361776,-0.174895695199154,0.0292539139906619,-7.02326548194798
"Fur_Brown+Mouth_Bored.Unshaven",2,1392,-0.0769304300376683,0.0450104563394486,-0.165150924462988,0.011290064387651,-7.40457300305699
"Fur_Brown+Mouth_Bored.Unshaven",2,1393,-0.0786655636834083,0.0442801503958847,-0.165454658459342,0.00812353109252571,-7.56509913645899
"Fur_Brown+Mouth_Bored.Unshaven",2,1394,-0.0737656450693727,0.0435441814852683,-0.159112240780499,0.0115809506417533,-7.1110641863973
"Fur_Brown+Mouth_Bored.Unshaven",2,1395,-0.0753286624957706,0.0480278737488126,-0.169463295043443,0.018805970051902,-7.25613780596092
"Fur_Brown+Mouth_Bored.Unshaven",2,1396,-0.0771694013438775,0.0471577558864116,-0.169598602881244,0.0152598001934891,-7.42669800946932
"Fur_Brown+Mouth_Bored.Unshaven",2,1397,-0.0759606771914182,0.046656870950194,-0.167408144253799,0.0154867898709621,-7.31473477077672
"Fur_Brown+Mouth_Bored.Unshaven",2,1398,-0.0756730677637004,0.0474581039556717,-0.168690951516817,0.0173448159894162,-7.28807378089402
"Fur_Brown+Mouth_Bored.Unshaven",2,1400,-0.0744759500391646,0.0460664183953367,-0.164766130094024,0.0158142300156953,-7.17702023191783
"Fur_Brown+Mouth_Bored.Unshaven",2,1401,-0.0765856701829687,0.0441149905912306,-0.163051051741781,0.00987971137584319,-7.37264431355076
"Fur_Brown+Mouth_Bored.Unshaven",2,1407,-0.0755797996606608,0.0504356781021469,-0.174433728740869,0.0232741294195472,-7.27942631214619
"Fur_Brown+Mouth_Bored.Unshaven",2,1408,-0.0771160087106252,0.0477767555550113,-0.170758449598447,0.016526432177197,-7.42175514515209
"Fur_Brown+Mouth_Bored.Unshaven",2,1409,-0.0760333254684772,0.0487809437393713,-0.171643975197645,0.0195773242606906,-7.32146795102443
"Fur_Brown+Mouth_Bored.Unshaven",2,1411,-0.0745233062033863,0.0410257845258647,-0.154933843874081,0.00588723146730846,-7.18141586811022
"Fur_Brown+Mouth_Bored.Unshaven",2,1412,-0.0711847902880024,0.0458362442241345,-0.161023828967306,0.0186542483913013,-6.87102170811725
"Fur_Brown+Mouth_Bored.Unshaven",2,1416,-0.0756949200233176,0.047662191535745,-0.169112815433378,0.0177229753867426,-7.29009972383957
"Fur_Brown+Mouth_Bored.Unshaven",2,1418,-0.0740856736926132,0.0453621650825207,-0.162995517254354,0.0148241698691274,-7.14078654838304
"Fur_Brown+Mouth_Bored.Unshaven",2,1419,-0.0786789176472776,0.0490783493046446,-0.174872482284381,0.0175146469898259,-7.56633350054354
"Fur_Brown+Mouth_Bored.Unshaven",2,1421,-0.0722831855742243,0.0460533180677104,-0.162547688986937,0.0179813178384882,-6.97325798068501
"Fur_Brown+Mouth_Bored.Unshaven",2,1423,-0.0743307922542129,0.0495259447531767,-0.171401643970439,0.0227400594620135,-7.16354527580836
"Fur_Brown+Mouth_Bored.Unshaven",2,1425,-0.0761915102753359,0.0500242919200959,-0.174239122438724,0.021856101888052,-7.33612712725651
"Fur_Brown+Mouth_Bored.Unshaven",2,1426,-0.0747173400684445,0.0459208368701228,-0.164722180333885,0.0152875001969962,-7.19942406958159
"Fur_Brown+Mouth_Bored.Unshaven",2,1428,-0.0753412192854627,0.0502347484497386,-0.17380132624695,0.023118887676025,-7.25730236382215
"Fur_Brown+Mouth_Bored.Unshaven",2,1430,-0.0768764757681434,0.0447679830266958,-0.164621722500467,0.0108687709641803,-7.39957694965403
"Fur_Brown+Mouth_Bored.Unshaven",2,1432,-0.0761561644956619,0.0500908935348755,-0.174334315824018,0.0220219868326941,-7.33285179253791
"Fur_Brown+Mouth_Bored.Unshaven",2,1433,-0.075614764020518,0.046351751055954,-0.166464196090188,0.0152346680491518,-7.28266817097568
"Fur_Brown+Mouth_Bored.Unshaven",2,1434,-0.0789536964941716,0.0474819458961296,-0.172018310450586,0.0141109174622425,-7.59172882762931
"Fur_Brown+Mouth_Bored.Unshaven",2,1438,-0.0785853413098271,0.0411469882353365,-0.159233438251087,0.00206275563143245,-7.55768349186365
"Fur_Brown+Mouth_Bored.Unshaven",2,1440,-0.0739082001173048,0.0468037079520701,-0.165643467703362,0.0178270674687527,-7.12430502929764
"Fur_Brown+Mouth_Bored.Unshaven",2,1446,-0.0785365030101542,0.046900679922646,-0.17046183565854,0.0133888296382318,-7.55316865606002
"Fur_Brown+Mouth_Bored.Unshaven",2,1447,-0.0753236907739687,0.0455094923648584,-0.164522295809091,0.0138749142611537,-7.25567670813303
"Fur_Brown+Mouth_Bored.Unshaven",2,1448,-0.0733018367541707,0.0468010267798697,-0.165031849242715,0.018428175734374,-7.0679715329837
"Fur_Brown+Mouth_Bored.Unshaven",2,1449,-0.0746258551449438,0.0444878373668273,-0.161822016383925,0.0125703060940376,-7.19093382763314
"Fur_Brown+Mouth_Bored.Unshaven",2,1450,-0.0766243318969312,0.0482068194290509,-0.171109697977871,0.0178610341840086,-7.37622537665594
"Fur_Brown+Mouth_Bored.Unshaven",2,1451,-0.0758840697656384,0.0471431598050223,-0.168284662983482,0.0165165234522054,-7.30763411922193
"Fur_Brown+Mouth_Bored.Unshaven",2,1452,-0.0776898729202579,0.0472617969302369,-0.170322994903522,0.0149432490630064,-7.4748672454406
"Fur_Brown+Mouth_Bored.Unshaven",2,1453,-0.073273263271944,0.0465088967987588,-0.164430700997511,0.0178841744536233,-7.06531610338275
"Fur_Brown+Mouth_Bored.Unshaven",2,1454,-0.0730565948761891,0.0450923065175735,-0.161437515650633,0.0153243258982551,-7.04517791293695
"Fur_Brown+Mouth_Bored.Unshaven",2,1455,-0.075991732441099,0.0450547139146155,-0.164298971713745,0.0123155068315474,-7.31761309013644
"Fur_Brown+Mouth_Bored.Unshaven",2,1456,-0.0777159354169069,0.0495199544400869,-0.174775046119477,0.0193431752856635,-7.47727864997921
"Fur_Brown+Mouth_Bored.Unshaven",2,1457,-0.0736663759175717,0.0463968641282628,-0.164604229608967,0.0172714777738235,-7.10184272283152
"Fur_Brown+Mouth_Bored.Unshaven",2,1459,-0.0746181428516178,0.0441239362450152,-0.161101057891848,0.0118647721886121,-7.19021805413138
"Fur_Brown+Mouth_Bored.Unshaven",2,1460,-0.0762570247765868,0.0449619065211582,-0.164382361558057,0.0118683120048832,-7.34219775581247
"Fur_Brown+Mouth_Bored.Unshaven",2,1461,-0.0779317399806964,0.0442226142921503,-0.164608063993311,0.00874458403191819,-7.49724332118971
"Fur_Brown+Mouth_Bored.Unshaven",2,1462,-0.07652265445452,0.0469448946037374,-0.168534647877845,0.0154893389688053,-7.36680714934325
"Fur_Brown+Mouth_Bored.Unshaven",2,1463,-0.0735334531254192,0.0496573045142664,-0.170861769973381,0.023794863722543,-7.08949361965997
"Fur_Brown+Mouth_Bored.Unshaven",2,1468,-0.0755002838566463,0.0462384118227983,-0.166127571029331,0.0151270033160384,-7.27205326804783
"Fur_Brown+Mouth_Bored.Unshaven",2,1471,-0.0753889623979372,0.0495149462530995,-0.172438257054012,0.0216603322581378,-7.26173008316919
"Fur_Brown+Mouth_Bored.Unshaven",2,1472,-0.0743404990038862,0.0477185192296856,-0.16786879669407,0.0191877986862976,-7.16444641166136
"Fur_Brown+Mouth_Bored.Unshaven",2,1475,-0.0723325206483637,0.0470000436734368,-0.1644526062483,0.0197875649515724,-6.97784734869015
"Fur_Brown+Mouth_Bored.Unshaven",2,1476,-0.0736907036859377,0.043981463694773,-0.159894372527693,0.0125129651558174,-7.10410270019318
"Fur_Brown+Mouth_Bored.Unshaven",2,1478,-0.0722126125244938,0.0498796489358045,-0.169976724438671,0.0255514993896831,-6.96669256812635
"Fur_Brown+Mouth_Bored.Unshaven",2,1480,-0.0733942960142081,0.0438833405405709,-0.159405643473727,0.0126170514453108,-7.07656356235707
"Fur_Brown+Mouth_Bored.Unshaven",2,1481,-0.07712876264813,0.0458252806153914,-0.166946312654297,0.0126887873580372,-7.42293587477177
"Fur_Brown+Mouth_Bored.Unshaven",2,1482,-0.0783216774059904,0.0435544554126867,-0.163688410014856,0.00704505520287556,-7.53330657629826
"Fur_Brown+Mouth_Bored.Unshaven",2,1483,-0.072877612443945,0.040323432638879,-0.151911540416148,0.00615631552825782,-7.02853914381173
"Fur_Brown+Mouth_Bored.Unshaven",2,1484,-0.0737472981014557,0.0477837372393159,-0.167403423090515,0.0199088268876035,-7.10935994043825
"Fur_Brown+Mouth_Bored.Unshaven",2,1486,-0.0728594679910899,0.0469330865021378,-0.16484831753528,0.0191293815531002,-7.02685221221918
"Fur_Brown+Mouth_Bored.Unshaven",2,1487,-0.0745434674326722,0.0464610366890268,-0.165607099343165,0.0165201644778204,-7.1832871860028
"Fur_Brown+Mouth_Bored.Unshaven",2,1488,-0.0748357962739686,0.0474203788169406,-0.167779738755172,0.0181081462072351,-7.21041622261954
"Fur_Brown+Mouth_Bored.Unshaven",2,1489,-0.0739721052329648,0.044665808790557,-0.161517090462456,0.0135728799965269,-7.13024007168495
"Fur_Brown+Mouth_Bored.Unshaven",2,1490,-0.0758883064395186,0.0441696748941103,-0.162460869231975,0.0106842563529375,-7.30802682571547
"Fur_Brown+Mouth_Bored.Unshaven",2,1491,-0.0773797681386952,0.0487520976057815,-0.172933879446027,0.0181743431686366,-7.44617031006021
"Fur_Brown+Mouth_Bored.Unshaven",2,1493,-0.0753902988813269,0.0484619092087082,-0.170375640930395,0.0195950431677412,-7.2618540262437
"Fur_Brown+Mouth_Bored.Unshaven",2,1495,-0.0773125816639482,0.0468574232477397,-0.169153131229518,0.0145279679016216,-7.43995173561931
"Fur_Brown+Mouth_Bored.Unshaven",2,1497,-0.0763461949752912,0.0446291666405484,-0.163819361590766,0.0111269716401837,-7.35045970208492
"Fur_Brown+Mouth_Bored.Unshaven",2,1498,-0.0765118768021777,0.049366704163274,-0.173270616962195,0.0202468633578393,-7.3658087756153
"Fur_Brown+Mouth_Bored.Unshaven",2,1500,-0.0746609406506986,0.0432315138538301,-0.159394707804205,0.0100728265028083,-7.19419002353545
"Fur_Brown+Mouth_Bored.Unshaven",2,1501,-0.0766738272311495,0.0494173064414665,-0.173531747856424,0.0201840933941249,-7.38080970788505
"Fur_Brown+Mouth_Bored.Unshaven",2,1504,-0.0735793560337156,0.0474271242205836,-0.166536519506059,0.0193778074386281,-7.09375838423082
"Fur_Brown+Mouth_Bored.Unshaven",2,1505,-0.0751270586598621,0.0459730353045278,-0.165234207856737,0.0149800905370123,-7.23743840271326
"Fur_Brown+Mouth_Bored.Unshaven",2,1506,-0.0759467916471853,0.0462964614219071,-0.166687856034123,0.0147942727397526,-7.31344777649134
"Fur_Brown+Mouth_Bored.Unshaven",2,1507,-0.0737461673165551,0.0482021170400987,-0.168222316715149,0.0207299820820385,-7.10925490104568
"Fur_Brown+Mouth_Bored.Unshaven",2,1509,-0.0790371032568061,0.0423557674474267,-0.162054407453762,0.00398020094015021,-7.59943598094963
"Fur_Brown+Mouth_Bored.Unshaven",2,1511,-0.0741467396037363,0.0473189738872034,-0.166891928422655,0.0185984492151823,-7.14645690772404
"Fur_Brown+Mouth_Bored.Unshaven",2,1512,-0.0777051649430122,0.0482648862141889,-0.172304341922822,0.0168940120367981,-7.47628213105776
"Fur_Brown+Mouth_Bored.Unshaven",2,1513,-0.0769696244876432,0.0475721256357168,-0.170210990733648,0.0162717417583617,-7.40820215876649
"Fur_Brown+Mouth_Bored.Unshaven",2,1515,-0.0732510659658974,0.0481028269096238,-0.16753260670876,0.0210304747769653,-7.06325318086637
"Fur_Brown+Mouth_Bored.Unshaven",2,1517,-0.078104319002667,0.0458800765701956,-0.16802926908025,0.0118206310749164,-7.51320597901737
"Fur_Brown+Mouth_Bored.Unshaven",2,1518,-0.0720941493269778,0.0467140190450865,-0.163653626655347,0.0194653280013917,-6.95567089223389
"Fur_Brown+Mouth_Bored.Unshaven",2,1519,-0.0760310680794937,0.0410891645617874,-0.156565830620597,0.0045036944616097,-7.32125873929105
"Fur_Brown+Mouth_Bored.Unshaven",2,1520,-0.0717672324831311,0.0489020963875163,-0.167615341402663,0.0240808764364008,-6.92524816124349
"Fur_Brown+Mouth_Bored.Unshaven",2,1523,-0.0765684055577263,0.0450993992158153,-0.164963228020724,0.0118264169052716,-7.37104512316297
"Fur_Brown+Mouth_Bored.Unshaven",2,1525,-0.0737471012152275,0.0522817786446918,-0.176219387358823,0.0287251849283684,-7.1093416515487
"Fur_Brown+Mouth_Bored.Unshaven",2,1526,-0.0743753155770978,0.0493115200305497,-0.171025894836975,0.0222752636827796,-7.16767857124282
"Fur_Brown+Mouth_Bored.Unshaven",2,1527,-0.0771302106487297,0.0450354978280192,-0.165399786391647,0.0111393650941879,-7.42306992631909
"Fur_Brown+Mouth_Bored.Unshaven",2,1528,-0.0740637154760532,0.0499436610095576,-0.171953291054786,0.0238258601026798,-7.13874750327765
"Fur_Brown+Mouth_Bored.Unshaven",2,1531,-0.0770703785601432,0.0486820227674589,-0.172487143184363,0.0183463860640762,-7.41753068952746
"Fur_Brown+Mouth_Bored.Unshaven",2,1532,-0.0730619466769217,0.0455236383033098,-0.162288277751409,0.0161643843975655,-7.04567538729071
"Fur_Brown+Mouth_Bored.Unshaven",2,1533,-0.0768885197848878,0.0472164580720265,-0.16943277760606,0.0156557380362841,-7.40069222398358
"Fur_Brown+Mouth_Bored.Unshaven",2,1536,-0.0735859250436539,0.0461498813246827,-0.164039692440032,0.0168678423527242,-7.09436868425079
"Fur_Brown+Mouth_Bored.Unshaven",2,1537,-0.0769037189617574,0.0429974765052583,-0.161178772912064,0.00737133498854897,-7.40209964654461
"Fur_Brown+Mouth_Bored.Unshaven",2,1538,-0.0746418257362205,0.0418787773293597,-0.156724229301766,0.00744057782932457,-7.19241603145988
"Fur_Brown+Mouth_Bored.Unshaven",2,1539,-0.076943714782128,0.0479871835100472,-0.170998594461821,0.0171111648975646,-7.405803101472
"Fur_Brown+Mouth_Bored.Unshaven",2,1541,-0.0753666238554313,0.0500563706592395,-0.173477110347541,0.0227438626366782,-7.25965842224587
"Fur_Brown+Mouth_Bored.Unshaven",2,1542,-0.0724985800504281,0.0411115201710552,-0.153077159585696,0.0080799994848402,-6.9932932692325
"Fur_Brown+Mouth_Bored.Unshaven",2,1545,-0.0763763001763811,0.0446149400119924,-0.163821582599886,0.011068982247124,-7.3532488931417
"Fur_Brown+Mouth_Bored.Unshaven",2,1547,-0.0771534092424536,0.047920273671295,-0.171077145638192,0.0167703271532846,-7.425217555997
"Fur_Brown+Mouth_Bored.Unshaven",2,1551,-0.078695587799691,0.0425415296478261,-0.16207698590943,0.00468581031004822,-7.56787437100891
"Fur_Brown+Mouth_Bored.Unshaven",2,1552,-0.078079892399019,0.0460191898422661,-0.168277504489861,0.0121177196918226,-7.51094681316538
"Fur_Brown+Mouth_Bored.Unshaven",2,1554,-0.0772180895984221,0.0497593997721229,-0.174746513151783,0.0203103339549388,-7.43120513223781
"Fur_Brown+Mouth_Bored.Unshaven",2,1555,-0.0773451700725652,0.0452156190807776,-0.165967783470889,0.0112774433257588,-7.4429680711447
"Fur_Brown+Mouth_Bored.Unshaven",2,1557,-0.0761938078594014,0.0451131423418503,-0.164615566849428,0.0122279511306251,-7.33634003004968
"Fur_Brown+Mouth_Bored.Unshaven",2,1560,-0.0777224909045477,0.0445332669997086,-0.165007694223977,0.0095627124148812,-7.47788517954746
"Fur_Brown+Mouth_Bored.Unshaven",2,1561,-0.0765373492223216,0.049682706863671,-0.173915454675117,0.0208407562304737,-7.36816836260152
"Fur_Brown+Mouth_Bored.Unshaven",2,1563,-0.0777977585368475,0.0432068840145807,-0.162483251205426,0.00688773413173069,-7.48484883799304
"Fur_Brown+Mouth_Bored.Unshaven",2,1566,-0.0711445230385489,0.0422612811179985,-0.153976634029826,0.0116875879527282,-6.86727158481396
"Fur_Brown+Mouth_Bored.Unshaven",2,1567,-0.0748319992009397,0.0452685124535247,-0.163558283609848,0.0138942852079687,-7.21006389312471
"Fur_Brown+Mouth_Bored.Unshaven",2,1568,-0.0803823961793906,0.0453816903548164,-0.169330509274831,0.00856571691604956,-7.72365822937653
"Fur_Brown+Mouth_Bored.Unshaven",2,1569,-0.0743058832822353,0.0406429731686218,-0.153966110692734,0.00535434412826354,-7.16123278635837
"Fur_Brown+Mouth_Bored.Unshaven",2,1571,-0.0764554285432978,0.0450365240185766,-0.164727015619708,0.0118161585331124,-7.36057958922008
"Fur_Brown+Mouth_Bored.Unshaven",2,1572,-0.0748987551776416,0.0497345355377651,-0.172378444831661,0.0225809344763779,-7.21625796918953
"Fur_Brown+Mouth_Bored.Unshaven",2,1574,-0.0763772931325441,0.0467869375806515,-0.168079690790621,0.0153251045255329,-7.35334088725852
"Fur_Brown+Mouth_Bored.Unshaven",2,1575,-0.0742461814695424,0.0500989469527207,-0.172440117496875,0.0239477545577901,-7.15568997821135
"Fur_Brown+Mouth_Bored.Unshaven",2,1576,-0.0756354981718573,0.0457726171810598,-0.165349827846735,0.01407883150302,-7.28459056623592
"Fur_Brown+Mouth_Bored.Unshaven",2,1578,-0.0751902569848327,0.0525230510301303,-0.178135437003888,0.0277549230342227,-7.24330065598193
"Fur_Brown+Mouth_Bored.Unshaven",2,1579,-0.0759026474673677,0.0478782719544133,-0.169744060498018,0.0179387655632824,-7.30935611435245
"Fur_Brown+Mouth_Bored.Unshaven",2,1580,-0.0732997673307575,0.0438043106733893,-0.1591562162506,0.0125566815890854,-7.06777921706916
"Fur_Brown+Mouth_Bored.Unshaven",2,1582,-0.0789374195562128,0.0493381350468541,-0.175640164248047,0.0177653251356212,-7.59022469169124
"Fur_Brown+Mouth_Bored.Unshaven",2,1583,-0.0764316041045621,0.0494258966367835,-0.173306361512658,0.0204431533035335,-7.35837248073254
"Fur_Brown+Mouth_Bored.Unshaven",2,1584,-0.076192619282633,0.046522668324596,-0.167377049198841,0.0149918106335753,-7.33622989211071
"Fur_Brown+Mouth_Bored.Unshaven",2,1585,-0.0785908226388088,0.0470453504210929,-0.170799709464151,0.0136180641865333,-7.55819019722355
"Fur_Brown+Mouth_Bored.Unshaven",2,1586,-0.0775002433220804,0.0428044792809934,-0.161397022712828,0.00639653606866665,-7.45732007801646
"Fur_Brown+Mouth_Bored.Unshaven",2,1587,-0.075258556171056,0.0473227525234324,-0.168011151116984,0.0174940387748716,-7.24963564672407
"Fur_Brown+Mouth_Bored.Unshaven",2,1588,-0.0771859106992817,0.049109603057619,-0.173440732692215,0.0190689112936514,-7.42822632239706
"Fur_Brown+Mouth_Bored.Unshaven",2,1590,-0.0784388312114685,0.0485341880174894,-0.173565839725748,0.0166881773028107,-7.54413876678427
"Fur_Brown+Mouth_Bored.Unshaven",2,1591,-0.074234330567936,0.0488540965287379,-0.169988359764262,0.0215196986283903,-7.15458968290884
"Fur_Brown+Mouth_Bored.Unshaven",2,1595,-0.0765288947353814,0.0473495061387325,-0.169333926767297,0.0162761372965343,-7.36738520468011
"Fur_Brown+Mouth_Bored.Unshaven",2,1596,-0.0764553620532437,0.0439334801748983,-0.162564983196044,0.00965425908955703,-7.3605734296198
"Fur_Brown+Mouth_Bored.Unshaven",2,1597,-0.0751681170257738,0.0464660422324662,-0.166241559801407,0.0159053257498598,-7.24124700372222
"Fur_Brown+Mouth_Bored.Unshaven",2,1599,-0.077637960360599,0.0466392344394674,-0.169050859861955,0.0137749391407571,-7.47006390429074
"Fur_Brown+Mouth_Bored.Unshaven",2,1601,-0.0773368944160751,0.0474103032376662,-0.170261088761901,0.0155872999297506,-7.44220209777325
"Fur_Brown+Mouth_Bored.Unshaven",2,1604,-0.0719585634368054,0.0490633946779209,-0.16812281700553,0.0242056901319196,-6.94305453876589
"Fur_Brown+Mouth_Bored.Unshaven",2,1605,-0.0769223652531089,0.0437633027102673,-0.162698438565233,0.00885370805901502,-7.40382623787583
"Fur_Brown+Mouth_Bored.Unshaven",2,1607,-0.073778605796461,0.0445228701551386,-0.161043431300533,0.0134862197076107,-7.11226808674217
"Fur_Brown+Mouth_Bored.Unshaven",2,1611,-0.0754036911083402,0.0461985609128268,-0.165952870497481,0.0151454882808004,-7.26309598823104
"Fur_Brown+Mouth_Bored.Unshaven",2,1612,-0.0767396590281318,0.0430581752416653,-0.161133682501796,0.00765436444553223,-7.38690679492372
"Fur_Brown+Mouth_Bored.Unshaven",2,1616,-0.0781015204421815,0.0445486031547027,-0.165416782625399,0.00921374174103584,-7.51294714876801
"Fur_Brown+Mouth_Bored.Unshaven",2,1617,-0.0774067428873311,0.0486678456968451,-0.172795720453147,0.0179822346784852,-7.44866689267889
"Fur_Brown+Mouth_Bored.Unshaven",2,1618,-0.0770368840825835,0.0462899965218813,-0.167765277265471,0.0136915091003038,-7.41442963615293
"Fur_Brown+Mouth_Bored.Unshaven",2,1620,-0.0739361078375922,0.0471293419611809,-0.166309618081507,0.0184374024063223,-7.12689694204703
"Fur_Brown+Mouth_Bored.Unshaven",2,1621,-0.0765733163083446,0.0442899373782312,-0.163381593569678,0.0102349609529886,-7.3714999997435
"Fur_Brown+Mouth_Bored.Unshaven",2,1622,-0.0755847448017656,0.0496879085711057,-0.172973045601133,0.0218035559976015,-7.27988482733268
"Fur_Brown+Mouth_Bored.Unshaven",2,1624,-0.0769372797381025,0.0489895107794997,-0.172956720865922,0.0190821613897169,-7.40520725182129
"Fur_Brown+Mouth_Bored.Unshaven",2,1625,-0.0753053659120089,0.0452139790140237,-0.163924764779495,0.0133140329554774,-7.25397716563926
"Fur_Brown+Mouth_Bored.Unshaven",2,1626,-0.0751680659454048,0.0494228230781464,-0.172036799178572,0.0217006672877621,-7.24124226557077
"Fur_Brown+Mouth_Bored.Unshaven",2,1630,-0.0766087352795871,0.0482993476831629,-0.171275456738586,0.0180579861794121,-7.37478074782054
"Fur_Brown+Mouth_Bored.Unshaven",2,1631,-0.0785286252835828,0.0425612010837777,-0.161948579407787,0.0048913288406216,-7.55244038233173
"Fur_Brown+Mouth_Bored.Unshaven",2,1632,-0.0741652759729774,0.044977346215776,-0.162320874555898,0.0139903226099437,-7.14817805933213
"Fur_Brown+Mouth_Bored.Unshaven",2,1634,-0.0740586065463069,0.04650183998979,-0.165202212926295,0.0170849998336814,-7.1382730804506
"Fur_Brown+Mouth_Bored.Unshaven",2,1640,-0.0735469137275632,0.0462713359279027,-0.164238732146252,0.017144904691126,-7.09074424260425
"Fur_Brown+Mouth_Bored.Unshaven",2,1642,-0.0720968022779734,0.0435030960761504,-0.157362870587228,0.0131692660312814,-6.955917733952
"Fur_Brown+Mouth_Bored.Unshaven",2,1643,-0.0756071634966508,0.042061606974128,-0.158047913165942,0.00683358617264011,-7.28196346800416
"Fur_Brown+Mouth_Bored.Unshaven",2,1644,-0.0758835507314245,0.0461448026559843,-0.166327363937154,0.0145602624743048,-7.3075860087002
"Fur_Brown+Mouth_Bored.Unshaven",2,1645,-0.0741456737222617,0.0476828750618936,-0.167604108843573,0.0193127613990498,-7.14635793679986
"Fur_Brown+Mouth_Bored.Unshaven",2,1647,-0.0757853940714093,0.0409868069854843,-0.156119535762958,0.00454874762013995,-7.29848718438626
"Fur_Brown+Mouth_Bored.Unshaven",2,1648,-0.074350644495491,0.0456649180639677,-0.163853883900868,0.0151525949098857,-7.16538826921311
"Fur_Brown+Mouth_Bored.Unshaven",2,1649,-0.0766140605133909,0.0453996261523807,-0.165597327772057,0.0123692067452752,-7.37527399745586
"Fur_Brown+Mouth_Bored.Unshaven",2,1650,-0.0737275221089556,0.0501427480559952,-0.172007308298706,0.0245522640807951,-7.10752291767269
"Fur_Brown+Mouth_Bored.Unshaven",2,1652,-0.076234731336201,0.05042200532269,-0.175061861768673,0.0225923990962714,-7.34013207159634
"Fur_Brown+Mouth_Bored.Unshaven",2,1653,-0.0791412483361762,0.0424476938546537,-0.162338728291297,0.00405623161894507,-7.60905854394325
"Fur_Brown+Mouth_Bored.Unshaven",2,1654,-0.0755059763218253,0.0466018665741633,-0.166845634807185,0.0158336821635347,-7.27258111715334
"Fur_Brown+Mouth_Bored.Unshaven",2,1657,-0.0735215015110564,0.0510010954018818,-0.173483648498745,0.026440645476632,-7.0883831824817
"Fur_Brown+Mouth_Bored.Unshaven",2,1658,-0.0797106279164184,0.0436888946103119,-0.16534086135263,0.00591960551979287,-7.6616490859965
"Fur_Brown+Mouth_Bored.Unshaven",2,1660,-0.0789897517359884,0.0505316602578348,-0.178031805841345,0.0200523023693679,-7.59506057012855
"Fur_Brown+Mouth_Bored.Unshaven",2,1661,-0.0778031946785242,0.0474582633961999,-0.170821390935076,0.0152150015780276,-7.48535176209502
"Fur_Brown+Mouth_Bored.Unshaven",2,1662,-0.0723714148618738,0.0452821129529195,-0.161124356249596,0.0163815265258485,-6.98146530179736
"Fur_Brown+Mouth_Bored.Unshaven",2,1665,-0.0774868183834466,0.0495971225699732,-0.174697178620594,0.019723541853701,-7.45607768987802
"Fur_Brown+Mouth_Bored.Unshaven",2,1667,-0.0757367675460443,0.0464906504204646,-0.166858442370155,0.0153849072780664,-7.29397932232201
"Fur_Brown+Mouth_Bored.Unshaven",2,1670,-0.0765406120551787,0.0500266382184457,-0.174592822963332,0.0215115988529749,-7.36847060429232
"Fur_Brown+Mouth_Bored.Unshaven",2,1671,-0.0786191874119586,0.04736986615678,-0.171464125079247,0.0142257502553302,-7.560812251001
"Fur_Brown+Mouth_Bored.Unshaven",2,1674,-0.0731359978575305,0.0516084620250892,-0.174288583426705,0.0280165877116443,-7.05255850991615
"Fur_Brown+Mouth_Bored.Unshaven",2,1675,-0.0783847478818035,0.0410745319427818,-0.158890830489656,0.00212133472604878,-7.53913831074229
"Fur_Brown+Mouth_Bored.Unshaven",2,1676,-0.0770398334653769,0.0442931186446476,-0.163854346008886,0.00977467907813245,-7.41470270603838
"Fur_Brown+Mouth_Bored.Unshaven",2,1677,-0.0737035423293025,0.0468093591278715,-0.165449886219931,0.0180428015613256,-7.10529534983264
"Fur_Brown+Mouth_Bored.Unshaven",2,1679,-0.0796583810980432,0.0454206720358618,-0.168682898288332,0.00936613609224594,-7.65682457491565
"Fur_Brown+Mouth_Bored.Unshaven",2,1681,-0.075958918083608,0.0456294276146976,-0.165392596208415,0.0134747600411993,-7.31457172725935
"Fur_Brown+Mouth_Bored.Unshaven",2,1684,-0.0760780067917222,0.0496978265985834,-0.173485746924946,0.0213297333415013,-7.32560885796151
"Fur_Brown+Mouth_Bored.Unshaven",2,1685,-0.0740694757312469,0.0430815063770169,-0.1585092282302,0.0103702767677062,-7.13928240624905
"Fur_Brown+Mouth_Bored.Unshaven",2,1686,-0.0767047909912842,0.0498501779222341,-0.174411139718863,0.0210015577362948,-7.38367750187805
"Fur_Brown+Mouth_Bored.Unshaven",2,1689,-0.0782956728445845,0.0445041116127418,-0.165523731605558,0.00893238591638931,-7.53090198922615
"Fur_Brown+Mouth_Bored.Unshaven",2,1690,-0.0750702199708776,0.0444804795039802,-0.162251959798679,0.0121115198569236,-7.23216575048132
"Fur_Brown+Mouth_Bored.Unshaven",2,1691,-0.0796321139934705,0.0493073487505715,-0.176274517544591,0.0170102895576497,-7.65439895521333
"Fur_Brown+Mouth_Bored.Unshaven",2,1692,-0.0749980027388445,0.048430374968007,-0.169921537676138,0.0199255321984493,-7.22546607235692
"Fur_Brown+Mouth_Bored.Unshaven",2,1693,-0.075901005831759,0.0494388901760879,-0.172801230576891,0.0209992189133733,-7.30920394996595
"Fur_Brown+Mouth_Bored.Unshaven",2,1694,-0.0733431745763433,0.0459794353833389,-0.163462867927687,0.0167765187750009,-7.07181306124985
"Fur_Brown+Mouth_Bored.Unshaven",2,1695,-0.0784821446481012,0.0456276344417043,-0.167912308153842,0.0109480188576393,-7.54814326114629
"Fur_Brown+Mouth_Bored.Unshaven",2,1697,-0.0762590189101224,0.0498312664428651,-0.173928301138138,0.0214102633178932,-7.34238252765903
"Fur_Brown+Mouth_Bored.Unshaven",2,1698,-0.0749999132422168,0.0451920853599689,-0.163576400547756,0.0135765740633221,-7.22564331824754
"Fur_Brown+Mouth_Bored.Unshaven",2,1699,-0.0759063317293254,0.0416414221243672,-0.157523519093085,0.00571085563443434,-7.30969761033647
"Fur_Brown+Mouth_Bored.Unshaven",2,1700,-0.0773586805138674,0.0441683455586741,-0.163928637808869,0.00921127678113379,-7.44421854904441
"Fur_Brown+Mouth_Bored.Unshaven",2,1702,-0.0762080452641623,0.0463826515839218,-0.167118042368649,0.0147019518403244,-7.33765931069171
"Fur_Brown+Mouth_Bored.Unshaven",2,1703,-0.0796075927022875,0.0426443966997897,-0.163190610233875,0.00397542482930038,-7.65213449407699
"Fur_Brown+Mouth_Bored.Unshaven",2,1705,-0.0787027442788199,0.0497398261048526,-0.176192803444331,0.0187873148866912,-7.56853585721985
"Fur_Brown+Mouth_Bored.Unshaven",2,1706,-0.0748599212344373,0.0502277779069793,-0.173306365932117,0.0235865234632421,-7.21265474065789
"Fur_Brown+Mouth_Bored.Unshaven",2,1707,-0.075200444190175,0.0454024581207997,-0.164189262106942,0.0137883737265924,-7.24424558271194
"Fur_Brown+Mouth_Bored.Unshaven",2,1710,-0.0731221833883883,0.0399522997687482,-0.151428690935135,0.00518432415835812,-7.05127448148477
"Fur_Brown+Mouth_Bored.Unshaven",2,1711,-0.0759077445586799,0.0463474948671448,-0.166748834498284,0.014933345380924,-7.30982856582406
"Fur_Brown+Mouth_Bored.Unshaven",2,1712,-0.0812919487985222,0.0452711544908189,-0.170023411600527,0.00743951400348283,-7.80755025982632
"Fur_Brown+Mouth_Bored.Unshaven",2,1713,-0.075661681143441,0.0463838361081932,-0.1665739999155,0.0152506376286177,-7.28701809938633
"Fur_Brown+Mouth_Bored.Unshaven",2,1715,-0.0772136672750763,0.0460708207261602,-0.16751247589835,0.0130851413481976,-7.43079576218999
"Fur_Brown+Mouth_Bored.Unshaven",2,1717,-0.0735641114489667,0.0480856338957396,-0.167811953884616,0.0206837309866829,-7.09234205636117
"Fur_Brown+Mouth_Bored.Unshaven",2,1718,-0.0742736587093976,0.0440148651376106,-0.160542794379114,0.0119954769603192,-7.15824104853866
"Fur_Brown+Mouth_Bored.Unshaven",2,1719,-0.0766442889835298,0.0445504765559176,-0.163963223033128,0.0106746450660687,-7.37807385890197
"Fur_Brown+Mouth_Bored.Unshaven",2,1720,-0.0740470601961532,0.0405667013477381,-0.15355779483772,0.00546367444541353,-7.13720086024561
"Fur_Brown+Mouth_Bored.Unshaven",2,1721,-0.0722625669656777,0.0452049502102503,-0.160864269377768,0.016339135446413,-6.97133987893273
"Fur_Brown+Mouth_Bored.Unshaven",2,1722,-0.0746123292709482,0.0433224189545147,-0.159524270421797,0.0102996118799006,-7.18967849540872
"Fur_Brown+Mouth_Bored.Unshaven",2,1723,-0.0743787437698766,0.0466578956795537,-0.165828219301802,0.0170707317620487,-7.16799681779128
"Fur_Brown+Mouth_Bored.Unshaven",2,1724,-0.0776187791536286,0.0455695755996944,-0.16693514732903,0.0116975890217724,-7.46828905141367
"Fur_Brown+Mouth_Bored.Unshaven",2,1725,-0.0778326606819066,0.0474688944953724,-0.170871693892836,0.0152063725290233,-7.4880777588706
"Fur_Brown+Mouth_Bored.Unshaven",2,1727,-0.0745465511269553,0.0453319870223707,-0.163397245690802,0.0143041434368913,-7.18357340392818
"Fur_Brown+Mouth_Bored.Unshaven",2,1728,-0.0809794351811525,0.0444666860445908,-0.16813413982855,0.00617526946624536,-7.77873436141805
"Fur_Brown+Mouth_Bored.Unshaven",2,1729,-0.0724212131487147,0.0466816651640811,-0.163917276870314,0.0190748505728842,-6.98609735013479
"Fur_Brown+Mouth_Bored.Unshaven",2,1732,-0.0749425252847214,0.0469920251277729,-0.167046894535156,0.0171618439657135,-7.2203190346362
"Fur_Brown+Mouth_Bored.Unshaven",2,1733,-0.075160554806943,0.0428032257629195,-0.159054877302265,0.00873376768837913,-7.24054553908128
"Fur_Brown+Mouth_Bored.Unshaven",2,1736,-0.0752968771794018,0.0438023464955875,-0.161149476310753,0.0105557219519497,-7.25318986610946
"Fur_Brown+Mouth_Bored.Unshaven",2,1737,-0.0744616653086122,0.0470234030230537,-0.166627535233797,0.0177042046165731,-7.1756942711923
"Fur_Brown+Mouth_Bored.Unshaven",2,1739,-0.072139055803317,0.045047565003225,-0.160432283209638,0.0161541716030039,-6.95984909138266
"Fur_Brown+Mouth_Bored.Unshaven",2,1740,-0.0770790963381841,0.044487893848926,-0.164275368282079,0.0101171756057108,-7.41833779942729
"Fur_Brown+Mouth_Bored.Unshaven",2,1741,-0.0737231809235883,0.0498654345648304,-0.171459432670656,0.0240130708234793,-7.10711965333514
"Fur_Brown+Mouth_Bored.Unshaven",2,1744,-0.0773510849216655,0.0445865624982249,-0.164740747418186,0.0100385775748553,-7.44351553040266
"Fur_Brown+Mouth_Bored.Unshaven",2,1745,-0.0725511712927641,0.047299775634557,-0.165258731536496,0.0201563889509676,-6.99818447886653
"Fur_Brown+Mouth_Bored.Unshaven",2,1747,-0.0749144345524026,0.0501754872309861,-0.173258389525135,0.0234295204203301,-7.21771274884752
"Fur_Brown+Mouth_Bored.Unshaven",2,1749,-0.0732377115265088,0.0441247198422214,-0.159722162417263,0.0132467393642453,-7.06201205442675
"Fur_Brown+Mouth_Bored.Unshaven",2,1750,-0.0765263727073013,0.0474329273239052,-0.169494910262155,0.0164421648475528,-7.36715158232987
"Fur_Brown+Mouth_Bored.Unshaven",2,1751,-0.0803320525691717,0.0492048657804312,-0.176773589498817,0.0161094843604735,-7.71901258825581
"Fur_Brown+Mouth_Bored.Unshaven",2,1753,-0.0740607294882218,0.0451286750569976,-0.162512932599937,0.0143914736234934,-7.1384702202937
"Fur_Brown+Mouth_Bored.Unshaven",2,1754,-0.0753394810308573,0.0472950056591289,-0.16803769212275,0.0173587300610354,-7.25714115326076
"Fur_Brown+Mouth_Bored.Unshaven",2,1755,-0.0713131644299895,0.0492094677583367,-0.16776372123633,0.0251373923763505,-6.88297629345337
"Fur_Brown+Mouth_Bored.Unshaven",2,1756,-0.0732120177418444,0.0456034122785542,-0.162594705807811,0.0161706703241219,-7.05962409509961
"Fur_Brown+Mouth_Bored.Unshaven",2,1758,-0.0749035786178072,0.0493702304328051,-0.171669230266105,0.0218620730304908,-7.21670550493823
"Fur_Brown+Mouth_Bored.Unshaven",2,1759,-0.0773760486798661,0.0497046506801143,-0.17479716401289,0.0200450666531579,-7.445826059261
"Fur_Brown+Mouth_Bored.Unshaven",2,1760,-0.0782228222966604,0.0438638062003079,-0.164195882449264,0.00775023785594316,-7.52416531938794
"Fur_Brown+Mouth_Bored.Unshaven",2,1762,-0.0753227508828607,0.0454322710408226,-0.164370002122873,0.0137245003571515,-7.25558953852729
"Fur_Brown+Mouth_Bored.Unshaven",2,1763,-0.075181760610376,0.0402575786180476,-0.154086614701749,0.00372309348099731,-7.24251255698295
"Fur_Brown+Mouth_Bored.Unshaven",2,1765,-0.075863542700693,0.0461800456563843,-0.166376432187206,0.0146493467858203,-7.30573139747898
"Fur_Brown+Mouth_Bored.Unshaven",2,1769,-0.0765530908715441,0.0450555949076164,-0.164862056890472,0.011755875147384,-7.369626528925
"Fur_Brown+Mouth_Bored.Unshaven",2,1770,-0.0750070056784808,0.0448750322141429,-0.162962068818201,0.0129480574612393,-7.22630131212584
"Fur_Brown+Mouth_Bored.Unshaven",2,1771,-0.0750874707467079,0.0463910334926527,-0.166013896392307,0.0158389548988914,-7.23376605379095
"Fur_Brown+Mouth_Bored.Unshaven",2,1772,-0.0753276082362839,0.0456630121724643,-0.164827112094314,0.0141718956217462,-7.25604002981283
"Fur_Brown+Mouth_Bored.Unshaven",2,1773,-0.0776963582285298,0.0480667400510406,-0.171907168728569,0.0165144522715097,-7.47546729750365
"Fur_Brown+Mouth_Bored.Unshaven",2,1774,-0.0739855841955224,0.0511396064098616,-0.174219212758851,0.0262480443678064,-7.13149185126539
"Fur_Brown+Mouth_Bored.Unshaven",2,1776,-0.0804119207354039,0.0450095691429325,-0.168630676255552,0.00780683478474374,-7.72638260717962
"Fur_Brown+Mouth_Bored.Unshaven",2,1777,-0.0739126304754226,0.0469803067201789,-0.165994031646973,0.018168770696128,-7.12471650097533
"Fur_Brown+Mouth_Bored.Unshaven",2,1779,-0.0751089462880566,0.0430027441696746,-0.159394324860619,0.00917643228450558,-7.23575823749213
"Fur_Brown+Mouth_Bored.Unshaven",2,1780,-0.0739244976883131,0.0484196550882859,-0.168827021661353,0.0209780262847273,-7.12581866519705
"Fur_Brown+Mouth_Bored.Unshaven",2,1781,-0.0785631652688308,0.0463775682801036,-0.169463199097834,0.0123368685601722,-7.55563346453231
"Fur_Brown+Mouth_Bored.Unshaven",2,1782,-0.0766321685150928,0.0500488206558093,-0.174727857000479,0.0214635199702934,-7.37695123096623
"Fur_Brown+Mouth_Bored.Unshaven",2,1784,-0.0755692556603029,0.05053538928862,-0.174618618665998,0.0234801073453923,-7.27844866122988
"Fur_Brown+Mouth_Bored.Unshaven",2,1785,-0.0783480650077723,0.0467710751270784,-0.170019372256846,0.0133232422413013,-7.53574651839017
"Fur_Brown+Mouth_Bored.Unshaven",2,1786,-0.078299976617001,0.0490210096057381,-0.174381155444248,0.0177812022102457,-7.53129995432317
"Fur_Brown+Mouth_Bored.Unshaven",2,1787,-0.0749084378632453,0.0495857464182554,-0.172096500843026,0.0222796251165352,-7.21715636064332
"Fur_Brown+Mouth_Bored.Unshaven",2,1788,-0.0782524809906044,0.0474810059901876,-0.171315252731372,0.0148102907501632,-7.52690799119373
"Fur_Brown+Mouth_Bored.Unshaven",2,1789,-0.0770160863305255,0.0488465541524097,-0.172755332469249,0.0187231598081975,-7.41250404439243
"Fur_Brown+Mouth_Bored.Unshaven",2,1790,-0.0770449337609454,0.0481064880001525,-0.171333650241244,0.0172437827193536,-7.41517491721567
"Fur_Brown+Mouth_Bored.Unshaven",2,1791,-0.0789551087851705,0.0432083319941451,-0.163643439493695,0.00573322192335392,-7.59185933490676
"Fur_Brown+Mouth_Bored.Unshaven",2,1792,-0.0790901838796493,0.0437474174911295,-0.164835122162263,0.00665475440296454,-7.6043405302694
"Fur_Brown+Mouth_Bored.Unshaven",2,1794,-0.0746533502765354,0.0489216352848236,-0.17053975543479,0.0212330548817189,-7.19348559003976
"Fur_Brown+Mouth_Bored.Unshaven",2,1795,-0.0764043915282422,0.0475793054329336,-0.169659830176792,0.0168510471203077,-7.35585142907127
"Fur_Brown+Mouth_Bored.Unshaven",2,1797,-0.0801793794465071,0.0452107183155921,-0.168792387345068,0.00843362845205346,-7.70492268619779
"Fur_Brown+Mouth_Bored.Unshaven",2,1798,-0.0770976087644131,0.045416857176687,-0.16611464883072,0.0119194313018935,-7.42005169475469
"Fur_Brown+Mouth_Bored.Unshaven",2,1800,-0.0765918603701462,0.0461513239101581,-0.167048455234056,0.0138647344937637,-7.37321769244554
"Fur_Brown+Mouth_Bored.Unshaven",2,1801,-0.077362488287684,0.0478763813831117,-0.171200195798583,0.0164752192232149,-7.4445709798546
"Fur_Brown+Mouth_Bored.Unshaven",2,1803,-0.0805555809120501,0.0472155513854444,-0.173098061627521,0.0119868998034209,-7.73963769921684
"Fur_Brown+Mouth_Bored.Unshaven",2,1804,-0.075565161073878,0.0474755869609273,-0.168617311517295,0.0174869893695394,-7.27806900404719
"Fur_Brown+Mouth_Bored.Unshaven",2,1806,-0.0716995547268334,0.04724643795973,-0.164302573127904,0.0209034636742374,-6.91894885771213
"Fur_Brown+Mouth_Bored.Unshaven",2,1808,-0.0726173163309939,0.0510900426400877,-0.172753799905566,0.0275191672435779,-7.00433588406492
"Fur_Brown+Mouth_Bored.Unshaven",2,1811,-0.0777729562482694,0.0453942065228695,-0.166745601033094,0.0111996885365549,-7.48255422206033
"Fur_Brown+Mouth_Bored.Unshaven",2,1812,-0.0765025955567294,0.0503873587216779,-0.175261818651218,0.0222566275377593,-7.36494901095981
"Fur_Brown+Mouth_Bored.Unshaven",2,1814,-0.0768260468900081,0.0464026765716965,-0.167775292970533,0.0141231991905171,-7.39490709645801
"Fur_Brown+Mouth_Bored.Unshaven",2,1815,-0.0783920605740822,0.049059295919489,-0.174548280576281,0.0177641594281163,-7.53981444609946
"Fur_Brown+Mouth_Bored.Unshaven",2,1816,-0.0734011891041698,0.047257728705971,-0.166026337367873,0.0192239591595332,-7.07720408975638
"Fur_Brown+Mouth_Bored.Unshaven",2,1817,-0.0744390652668422,0.0466239974946449,-0.165822100356346,0.0169439698226618,-7.17359641429983
"Fur_Brown+Mouth_Bored.Unshaven",2,1818,-0.0753119322893355,0.0496218801864591,-0.172570817454795,0.0219469528761244,-7.25458616902125
"Fur_Brown+Mouth_Bored.Unshaven",2,1821,-0.0728831751514481,0.0462541500780262,-0.163541309304379,0.0177749590014832,-7.02905631541617
"Fur_Brown+Mouth_Bored.Unshaven",2,1823,-0.0773627867225802,0.0467197161812139,-0.16893343043776,0.014207856992599,-7.44459860162033
"Fur_Brown+Mouth_Bored.Unshaven",2,1824,-0.0764986468272792,0.0449491769098667,-0.164599033570618,0.0116017399160595,-7.36458321948363
"Fur_Brown+Mouth_Bored.Unshaven",2,1826,-0.0697339797485696,0.0464689073773775,-0.16081303820823,0.0213450787110904,-6.73581114614711
"Fur_Brown+Mouth_Bored.Unshaven",2,1827,-0.0809020372273037,0.0425096613074093,-0.164220973389826,0.00241689893521853,-7.77159634792601
"Fur_Brown+Mouth_Bored.Unshaven",2,1828,-0.0785378915732378,0.0437464984402004,-0.164281028516031,0.00720524536955497,-7.55329702422809
"Fur_Brown+Mouth_Bored.Unshaven",2,1829,-0.0786612610808155,0.044642015034579,-0.16615961054859,0.00883708838695933,-7.56470142495927
"Fur_Brown+Mouth_Bored.Unshaven",2,1830,-0.0768176710325211,0.0471883697504861,-0.169306875743474,0.0156715336784316,-7.39413144614891
"Fur_Brown+Mouth_Bored.Unshaven",2,1831,-0.0715299036114323,0.047449652276042,-0.164531222072475,0.0214714148496099,-6.9031562139812
"Fur_Brown+Mouth_Bored.Unshaven",2,1832,-0.0733248645680185,0.0491519246556568,-0.169662636893106,0.0230129077570688,-7.07011152979591
"Fur_Brown+Mouth_Bored.Unshaven",2,1833,-0.0766901932606239,0.0497800239183817,-0.174259040140652,0.0208786536194042,-7.38232550387945
"Fur_Brown+Mouth_Bored.Unshaven",2,1834,-0.0782065739078644,0.0439038380564743,-0.164258096498554,0.00784494868282522,-7.52266272386447
"Fur_Brown+Mouth_Bored.Unshaven",2,1836,-0.0745828193442957,0.0490846751328975,-0.170788782604775,0.0216231439161833,-7.18693962921686
"Fur_Brown+Mouth_Bored.Unshaven",2,1837,-0.0750930786227486,0.0434367573504409,-0.160229123029613,0.0100429657841156,-7.234286273873
"Fur_Brown+Mouth_Bored.Unshaven",2,1838,-0.0740461744402174,0.0485952943890131,-0.169292951442683,0.0212006025622483,-7.13711860643362
"Fur_Brown+Mouth_Bored.Unshaven",2,1839,-0.0732719207960213,0.0478889795771268,-0.16713432076719,0.0205904791751472,-7.06519134072349
"Fur_Brown+Mouth_Bored.Unshaven",2,1840,-0.0775826908759973,0.0446889142800651,-0.165172962864925,0.0100075811129304,-7.46494968108357
"Fur_Brown+Mouth_Bored.Unshaven",2,1841,-0.0770620869501664,0.0452890780948464,-0.165828680016065,0.0117045061157326,-7.41676302861868
"Fur_Brown+Mouth_Bored.Unshaven",2,1842,-0.0751566590818667,0.0521715233137112,-0.177412844776741,0.0270995266130073,-7.24018417304458
"Fur_Brown+Mouth_Bored.Unshaven",2,1843,-0.0749021684430386,0.04423605869474,-0.161604843484729,0.0118005065986518,-7.21657466418513
"Fur_Brown+Mouth_Bored.Unshaven",2,1844,-0.0772091740655476,0.0465090548933981,-0.168366921656608,0.0139485735255126,-7.430379828425
"Fur_Brown+Mouth_Bored.Unshaven",2,1845,-0.0734208260193334,0.0463081054399703,-0.164184712681675,0.0173430606430085,-7.07902878890063
"Fur_Brown+Mouth_Bored.Unshaven",2,1846,-0.0747912187328037,0.0464917310508177,-0.165915011592406,0.016332574126799,-7.20627979893391
"Fur_Brown+Mouth_Bored.Unshaven",2,1847,-0.0794911878598624,0.0440276718491473,-0.165785424684191,0.00680304896446629,-7.64138412965938
"Fur_Brown+Mouth_Bored.Unshaven",2,1849,-0.0759676829129618,0.0478137998401662,-0.169682730599688,0.017747364773764,-7.3153840956616
"Fur_Brown+Mouth_Bored.Unshaven",2,1850,-0.076278566178789,0.0463708276672907,-0.167165388406679,0.0146082560491007,-7.34419371329984
"Fur_Brown+Mouth_Bored.Unshaven",2,1853,-0.0763208707068121,0.0454277605072894,-0.165359281301099,0.0127175398874751,-7.34811339054278
"Fur_Brown+Mouth_Bored.Unshaven",2,1855,-0.0776889365214823,0.0414753492518649,-0.158980621055137,0.0036027480121729,-7.474780604979
"Fur_Brown+Mouth_Bored.Unshaven",2,1856,-0.0791620128769124,0.0445932563567623,-0.166564795336166,0.0082407695823416,-7.61097697949298
"Fur_Brown+Mouth_Bored.Unshaven",2,1857,-0.0750395678983169,0.0475705719936287,-0.168277889005829,0.0181987532091953,-7.22932218051416
"Fur_Brown+Mouth_Bored.Unshaven",2,1859,-0.0763259158382388,0.0448734778736557,-0.164277932470604,0.0116261007941264,-7.34858083030849
"Fur_Brown+Mouth_Bored.Unshaven",2,1861,-0.0792779288678093,0.0449701512373663,-0.167419425293047,0.00886356755742861,-7.62168572397504
"Fur_Brown+Mouth_Bored.Unshaven",2,1863,-0.0720907286031278,0.049775978329676,-0.169651646129293,0.0254701889230371,-6.95535261273382
"Fur_Brown+Mouth_Bored.Unshaven",2,1864,-0.0758123661421658,0.0480535754578169,-0.169997374039487,0.0183726417551553,-7.30098750242963
"Fur_Brown+Mouth_Bored.Unshaven",2,1865,-0.0747408996441072,0.047307263103991,-0.16746313532793,0.0179813360397151,-7.20161038601733
"Fur_Brown+Mouth_Bored.Unshaven",2,1866,-0.0763396735014887,0.0462694602717716,-0.167027815634161,0.0143484686311836,-7.34985548856488
"Fur_Brown+Mouth_Bored.Unshaven",2,1868,-0.071021108155789,0.0453804200754166,-0.159966731503606,0.0179245151920276,-6.85577691076315
"Fur_Brown+Mouth_Bored.Unshaven",2,1870,-0.0791530739387576,0.0462419587307402,-0.169787313051008,0.0114811651734931,-7.61015111603886
"Fur_Brown+Mouth_Bored.Unshaven",2,1871,-0.0767462502528434,0.0440211463806497,-0.163027697158917,0.0095351966532301,-7.38751722662052
"Fur_Brown+Mouth_Bored.Unshaven",2,1872,-0.0792589046647603,0.0421775236418681,-0.161926851002822,0.00340904167330108,-7.61992828345004
"Fur_Brown+Mouth_Bored.Unshaven",2,1875,-0.0753015155386182,0.0506056484573977,-0.174488586515118,0.0238855554378812,-7.25362005813335
"Fur_Brown+Mouth_Bored.Unshaven",2,1876,-0.0711749154078388,0.0473716723415599,-0.164023393197296,0.0216735623816186,-6.87010206607619
"Fur_Brown+Mouth_Bored.Unshaven",2,1880,-0.0773161113201339,0.0473056823957576,-0.170035248815819,0.015403026175551,-7.44027844018963
"Fur_Brown+Mouth_Bored.Unshaven",2,1881,-0.0773577020165546,0.0450597424385263,-0.165674797196066,0.0109593931629569,-7.44412798341666
"Fur_Brown+Mouth_Bored.Unshaven",2,1884,-0.0737255561425123,0.0482941059601513,-0.168382003824409,0.0209308915393843,-7.1073402940004
"Fur_Brown+Mouth_Bored.Unshaven",2,1885,-0.0686573909132551,0.0476056453284407,-0.161964455756999,0.0246496739304886,-6.63534989366423
"Fur_Brown+Mouth_Bored.Unshaven",2,1888,-0.0785628664845196,0.0491992444682527,-0.174993385642295,0.0178676526732556,-7.55560584360181
"Fur_Brown+Mouth_Bored.Unshaven",2,1890,-0.0770845872682689,0.0456999594502918,-0.166656507790841,0.012487333254303,-7.41884615746588
"Fur_Brown+Mouth_Bored.Unshaven",2,1891,-0.0773749993633329,0.0498426317178685,-0.175066557530355,0.0203165588036893,-7.44572894058511
"Fur_Brown+Mouth_Bored.Unshaven",2,1892,-0.0720989836044978,0.04712837367695,-0.16447059601132,0.0202726288023242,-6.95612069325522
"Fur_Brown+Mouth_Bored.Unshaven",2,1894,-0.0756280498271415,0.0431309626682037,-0.160164736656821,0.00890863700253777,-7.28389998733416
"Fur_Brown+Mouth_Bored.Unshaven",2,1896,-0.0778899356375986,0.0427493787041267,-0.161678717897687,0.00589884662248982,-7.49337622338183
"Fur_Brown+Mouth_Bored.Unshaven",2,1897,-0.074327847862079,0.0422260658542612,-0.157090936936431,0.00843524121227296,-7.1632719284789
"Fur_Brown+Mouth_Bored.Unshaven",2,1898,-0.0765562330470948,0.0469183449113559,-0.168516189073352,0.0154037229791628,-7.3699175893625
"Fur_Brown+Mouth_Bored.Unshaven",2,1899,-0.0780061067732336,0.0472988930442209,-0.170711937139907,0.0146997235934393,-7.50412219872156
"Fur_Brown+Mouth_Bored.Unshaven",2,1900,-0.0763333843378652,0.046783972946506,-0.168029971313017,0.0153632026372866,-7.34927279481399
"Fur_Brown+Mouth_Bored.Unshaven",2,1901,-0.078590096173989,0.0487108052224928,-0.174063274410075,0.0168830820620969,-7.55812304147646
"Fur_Brown+Mouth_Bored.Unshaven",2,1902,-0.0766676127897757,0.0484872800933997,-0.171702681772839,0.0183674561932876,-7.38023412956844
"Fur_Brown+Mouth_Bored.Unshaven",2,1903,-0.0762700659424524,0.0460843247828908,-0.166595342516918,0.0140552106320135,-7.34340611370107
"Fur_Brown+Mouth_Bored.Unshaven",2,1904,-0.0742466470400522,0.0493078459135193,-0.17089002503055,0.0223967309504456,-7.15573320377404
"Fur_Brown+Mouth_Bored.Unshaven",2,1905,-0.0734940606362639,0.0492679752391543,-0.170059292105006,0.0230711708324786,-7.08583357145623
"Fur_Brown+Mouth_Bored.Unshaven",2,1906,-0.0779611833439379,0.0504530009901692,-0.17684906528467,0.0209266985967937,-7.49996687335998
"Fur_Brown+Mouth_Bored.Unshaven",2,1907,-0.0719613987514125,0.0453219513802475,-0.160792423456698,0.0168696259538726,-6.94331838410861
"Fur_Brown+Mouth_Bored.Unshaven",2,1908,-0.0727411397829323,0.0502777066833524,-0.171285444882303,0.0258031653164385,-7.01585021532422
"Fur_Brown+Mouth_Bored.Unshaven",2,1911,-0.074739182237937,0.0471594099263897,-0.167171625693661,0.0176932612177867,-7.20145101335357
"Fur_Brown+Mouth_Bored.Unshaven",2,1912,-0.0765741129871152,0.0503490623188768,-0.175258275132114,0.0221100491578833,-7.37157379487361
"Fur_Brown+Mouth_Bored.Unshaven",2,1913,-0.0755030447114001,0.0438189196879708,-0.161388127299823,0.0103820378770226,-7.27230927608697
"Fur_Brown+Mouth_Bored.Unshaven",2,1914,-0.0734288275574688,0.043655377917747,-0.158993368276253,0.0121357131613152,-7.07977229662076
"Fur_Brown+Mouth_Bored.Unshaven",2,1915,-0.07456836305819,0.0474324752188114,-0.16753601448706,0.0183992883706803,-7.18559788736352
"Fur_Brown+Mouth_Bored.Unshaven",2,1917,-0.0761128919333117,0.0496369887178282,-0.173401389820255,0.0211756059536315,-7.32884176082775
"Fur_Brown+Mouth_Bored.Unshaven",2,1918,-0.0791623971357499,0.0420439555609972,-0.161568550035304,0.00324375576380474,-7.61101248078474
"Fur_Brown+Mouth_Bored.Unshaven",2,1919,-0.0754280196759454,0.0507923881344915,-0.174981100419549,0.0241250610676578,-7.26535211682549
"Fur_Brown+Mouth_Bored.Unshaven",2,1920,-0.0745771361957453,0.0453193671932031,-0.163403095894423,0.0142488235029328,-7.1864121573085
"Fur_Brown+Mouth_Bored.Unshaven",2,1922,-0.0753797251302546,0.0473389112051909,-0.168163991092429,0.0174045408319195,-7.26087343098899
"Fur_Brown+Mouth_Bored.Unshaven",2,1923,-0.0730144650845327,0.048421198514752,-0.167920014173447,0.0218910840043813,-7.04126166315415
"Fur_Brown+Mouth_Bored.Unshaven",2,1925,-0.0779098867596811,0.0484181606650096,-0.1728094816631,0.0169897081437377,-7.49522181591535
"Fur_Brown+Mouth_Bored.Unshaven",2,1928,-0.0759227791090685,0.0500696950763,-0.174059381458617,0.0222138232404796,-7.31122211040133
"Fur_Brown+Mouth_Bored.Unshaven",2,1929,-0.0749456442151553,0.0465068733034243,-0.166099115889867,0.0162078274595564,-7.22060840755554
"Fur_Brown+Mouth_Bored.Unshaven",2,1930,-0.0769492466585264,0.0525106148386612,-0.179870051742302,0.0259715584252497,-7.40631531970768
"Fur_Brown+Mouth_Bored.Unshaven",2,1932,-0.0779710956790278,0.0427532615465485,-0.161767488310263,0.00582529695220733,-7.5008837601399
"Fur_Brown+Mouth_Bored.Unshaven",2,1933,-0.0794056734513488,0.047317419069644,-0.172147814827851,0.0133364679251534,-7.6334857995464
"Fur_Brown+Mouth_Bored.Unshaven",2,1934,-0.0792693655054486,0.0454611041274999,-0.168373129595348,0.00983439858445122,-7.62089465160851
"Fur_Brown+Mouth_Bored.Unshaven",2,1936,-0.076552373450455,0.0443080952360663,-0.163396240113145,0.010291493212235,-7.36956007391775
"Fur_Brown+Mouth_Bored.Unshaven",2,1937,-0.0752501314449286,0.0469930835463521,-0.167356575195779,0.0168563123059215,-7.24885424701465
"Fur_Brown+Mouth_Bored.Unshaven",2,1938,-0.0806988769978045,0.049166247028388,-0.177064721173445,0.015666967177836,-7.75285730082361
"Fur_Brown+Mouth_Bored.Unshaven",2,1940,-0.0724400699491189,0.045145621107357,-0.160925487319539,0.0160453474213009,-6.98785127819509
"Fur_Brown+Mouth_Bored.Unshaven",2,1942,-0.0753287829724329,0.0489109191319961,-0.171194184471145,0.0205366185262796,-7.25614897943121
"Fur_Brown+Mouth_Bored.Unshaven",2,1944,-0.0768177900632006,0.044976187819565,-0.164971118189548,0.0113355380631468,-7.39414246908773
"Fur_Brown+Mouth_Bored.Unshaven",2,1948,-0.0724402911763279,0.0477078120120342,-0.165947602719915,0.0210670203672592,-6.98787185501087
"Fur_Brown+Mouth_Bored.Unshaven",2,1949,-0.0744707869308963,0.0455628312409167,-0.163773936163093,0.0148323623013004,-7.17654097558628
"Fur_Brown+Mouth_Bored.Unshaven",2,1950,-0.0725170790510952,0.0469697134358856,-0.164577717385431,0.0195435592832407,-6.99501378444841
"Fur_Brown+Mouth_Bored.Unshaven",2,1951,-0.0757069100323699,0.0491371994048706,-0.172015820865916,0.0206020008011765,-7.29121130971915
"Fur_Brown+Mouth_Bored.Unshaven",2,1954,-0.0772567538320649,0.0476482908463294,-0.17064740389087,0.0161338962267408,-7.43478416455988
"Fur_Brown+Mouth_Bored.Unshaven",2,1955,-0.0774187764941122,0.0456183823960041,-0.16683080599028,0.0119932530020557,-7.44978061232753
"Fur_Brown+Mouth_Bored.Unshaven",2,1959,-0.0754643438502225,0.0419559934420738,-0.157698090996687,0.00676940329624218,-7.26872056515829
"Fur_Brown+Mouth_Bored.Unshaven",2,1961,-0.078208834015987,0.0481364579725982,-0.17255629164228,0.0161386236103055,-7.52287173240942
"Fur_Brown+Mouth_Bored.Unshaven",2,1962,-0.0749615951171766,0.0481864065634429,-0.169406951981525,0.0194837617471714,-7.22208831073751
"Fur_Brown+Mouth_Bored.Unshaven",2,1963,-0.0760262407515362,0.0464369264611496,-0.16704261661539,0.0149901351123171,-7.32081134753244
"Fur_Brown+Mouth_Bored.Unshaven",2,1964,-0.0740490733512748,0.048351404957101,-0.168817827067193,0.0207196803646432,-7.13738780727712
"Fur_Brown+Mouth_Bored.Unshaven",2,1965,-0.078421065754358,0.0476003404471802,-0.171717733030831,0.0148756015221152,-7.54249623155676
"Fur_Brown+Mouth_Bored.Unshaven",2,1967,-0.0758279394175464,0.0449423206904821,-0.163914887970891,0.0122590091357985,-7.30243111843782
"Fur_Brown+Mouth_Bored.Unshaven",2,1968,-0.0747322130209236,0.0505950486490821,-0.173898508373124,0.0244340823312772,-7.20080427787354
"Fur_Brown+Mouth_Bored.Unshaven",2,1969,-0.076454492382756,0.0478787488645249,-0.170296840157225,0.0173878553917127,-7.36049286380949
"Fur_Brown+Mouth_Bored.Unshaven",2,1970,-0.0750660362488921,0.0457623704126415,-0.16476028225767,0.0146282097598853,-7.23177763484174
"Fur_Brown+Mouth_Bored.Unshaven",2,1972,-0.0774908314907773,0.0444317375043714,-0.164577036999345,0.00959537401779055,-7.45644907782584
"Fur_Brown+Mouth_Bored.Unshaven",2,1975,-0.0739204932079119,0.0492242602981774,-0.17040004339234,0.0225590569765158,-7.12544675161346
"Fur_Brown+Mouth_Bored.Unshaven",2,1976,-0.0763550655592799,0.0460410958674601,-0.166595613459502,0.0138854823409419,-7.35128155396849
"Fur_Brown+Mouth_Bored.Unshaven",2,1977,-0.0751482021282499,0.0434890698163886,-0.160386778968372,0.0100903747118717,-7.23939970426752
"Fur_Brown+Mouth_Bored.Unshaven",2,1979,-0.0792863623485975,0.041931604744397,-0.161472307647616,0.00289958295042061,-7.62246479142861
"Fur_Brown+Mouth_Bored.Unshaven",2,1980,-0.0774834843760966,0.0477568454217903,-0.171086901402806,0.0161199326506123,-7.4557691472465
"Fur_Brown+Mouth_Bored.Unshaven",2,1981,-0.0725785975694783,0.0495409769426826,-0.169678912377136,0.0245217172381795,-7.00073513741625
"Fur_Brown+Mouth_Bored.Unshaven",2,1982,-0.0741700016367603,0.0481026747749297,-0.168451244195623,0.020111240922102,-7.14861684478748
"Fur_Brown+Mouth_Bored.Unshaven",2,1983,-0.0737256173103332,0.045318100279092,-0.162549093857354,0.0150978592366871,-7.1073459760418
"Fur_Brown+Mouth_Bored.Unshaven",2,1984,-0.0703784340038076,0.0495245112458874,-0.167446476045747,0.0266896080381317,-6.7958962863736
"Fur_Brown+Mouth_Bored.Unshaven",2,1985,-0.074530797204957,0.0475194083589847,-0.167668837588567,0.0186072431786529,-7.18211116966548
"Fur_Brown+Mouth_Bored.Unshaven",2,1986,-0.0758369354799149,0.0445623622148183,-0.163179165420959,0.0115052944611289,-7.30326502779793
"Fur_Brown+Mouth_Bored.Unshaven",2,1987,-0.074367322587475,0.0451624480811107,-0.162885720826452,0.014151075651502,-7.16693656049554
"Fur_Brown+Mouth_Bored.Unshaven",2,1988,-0.077597499520947,0.0474585280347364,-0.17061621446903,0.0154212154271364,-7.46631998964291
"Fur_Brown+Mouth_Bored.Unshaven",2,1992,-0.0870569681094131,0.0441414503653762,-0.17357421082555,-0.000539725393275792,-8.33751242404803
"Fur_Brown+Mouth_Bored.Unshaven",2,1994,-0.0795074100990274,0.0462026338309394,-0.170064572407669,0.0110497522096138,-7.64288238106245
"Fur_Brown+Mouth_Bored.Unshaven",2,1995,-0.0734408517693494,0.0443196689398444,-0.160307402891444,0.0134256993527455,-7.0808895824094
"Fur_Brown+Mouth_Bored.Unshaven",2,1996,-0.0771135668776279,0.0497421860719745,-0.174608251578698,0.0203811178234421,-7.42152908426297
"Fur_Brown+Mouth_Bored.Unshaven",2,1997,-0.0806488423849053,0.0448426729661973,-0.168540481398652,0.0072427966288414,-7.74824163527704
"Fur_Brown+Mouth_Bored.Unshaven",2,1998,-0.0758604956711827,0.0440880774535813,-0.162273127480202,0.0105521361378366,-7.30544895487681
"Fur_Brown+Mouth_Bored.Unshaven",2,1999,-0.0739823437054426,0.0439838809438888,-0.160190750355465,0.0122260629445795,-7.13119091129841
"Fur_Brown+Mouth_Bored.Unshaven",2,2001,-0.0754119491881699,0.0490896083601968,-0.171627581574156,0.0208036831978158,-7.2638618138254
"Fur_Brown+Mouth_Bored.Unshaven",2,2002,-0.0760931145343419,0.0413789861377084,-0.15719592736425,0.00500969829556655,-7.32700894823419
"Fur_Brown+Mouth_Bored.Unshaven",2,2004,-0.0746153834977908,0.045741782413443,-0.164269277028139,0.0150385100325575,-7.18996195875106
"Fur_Brown+Mouth_Bored.Unshaven",2,2005,-0.0737198013355654,0.0485456569526378,-0.168869288962735,0.0214296862916046,-7.1068057131388
"Fur_Brown+Mouth_Bored.Unshaven",2,2006,-0.0759561376337219,0.0469449398388416,-0.167968219717851,0.0160559444504076,-7.3143140197126
"Fur_Brown+Mouth_Bored.Unshaven",2,2007,-0.0741039186131882,0.0479239031518485,-0.168034768790811,0.0198269315644349,-7.14248074190185
"Fur_Brown+Mouth_Bored.Unshaven",2,2008,-0.073544038556103,0.0450652642816528,-0.161871956548143,0.0147838794359366,-7.09047711217969
"Fur_Brown+Mouth_Bored.Unshaven",2,2009,-0.0764528932419662,0.04994209897831,-0.174339407239454,0.0214336207555214,-7.36034472007643
"Fur_Brown+Mouth_Bored.Unshaven",2,2010,-0.0762768264687119,0.0463981164905293,-0.167217134790149,0.0146634818527256,-7.34403251891973
"Fur_Brown+Mouth_Bored.Unshaven",2,2011,-0.0750993567065065,0.0449035853024844,-0.163110383899376,0.0129116704863629,-7.23486866296549
"Fur_Brown+Mouth_Bored.Unshaven",2,2012,-0.0762319321736138,0.0466260433615973,-0.167618977162345,0.015155112815117,-7.33987270119768
"Fur_Brown+Mouth_Bored.Unshaven",2,2013,-0.0780698989829885,0.0476369641847986,-0.171438348785194,0.0152985508192168,-7.51002252696024
"Fur_Brown+Mouth_Bored.Unshaven",2,2014,-0.0707116884645939,0.0415431082924953,-0.152136180717885,0.0107128037886969,-6.82695179471899
"Fur_Brown+Mouth_Bored.Unshaven",2,2015,-0.0763550244627585,0.0461519453355845,-0.166812837320504,0.014102788394987,-7.35127774642837
"Fur_Brown+Mouth_Bored.Unshaven",2,2016,-0.0792463044676907,0.0497869062631793,-0.176828640743522,0.0183360318081408,-7.6187642690077
"Fur_Brown+Mouth_Bored.Unshaven",2,2019,-0.0764920037049259,0.0486630872403044,-0.171871654695923,0.0188876472860708,-7.36396782903166
"Fur_Brown+Mouth_Bored.Unshaven",2,2024,-0.0808520659891257,0.0484629806880133,-0.175839508137632,0.0141353761593803,-7.76698746524551
"Fur_Brown+Mouth_Bored.Unshaven",2,2026,-0.0798492103917312,0.044115045797362,-0.166314700154561,0.00661627937109832,-7.67444467658968
"Fur_Brown+Mouth_Bored.Unshaven",2,2028,-0.0762782733213748,0.0488539898154136,-0.172032093359585,0.0194755467168358,-7.34416657835604
"Fur_Brown+Mouth_Bored.Unshaven",2,2029,-0.0710412222230493,0.0478915689705956,-0.164908697405417,0.022826252959318,-6.85765040108945
"Fur_Brown+Mouth_Bored.Unshaven",2,2032,-0.075491601105445,0.0448167139827233,-0.163332360511583,0.0123491583006927,-7.27124813086155
"Fur_Brown+Mouth_Bored.Unshaven",2,2034,-0.0744568004007275,0.0499254390615269,-0.17231066096132,0.0233970601598653,-7.17524268839702
"Fur_Brown+Mouth_Bored.Unshaven",2,2035,-0.0738826133925337,0.0439813470989294,-0.160086053706435,0.012320826921368,-7.12192861405029
"Fur_Brown+Mouth_Bored.Unshaven",2,2036,-0.0740802817429517,0.0441210568464941,-0.16055755316208,0.0123969896761767,-7.14028585482863
"Fur_Brown+Mouth_Bored.Unshaven",2,2039,-0.0777384840594281,0.0480186341197948,-0.171855006934226,0.0163780388153698,-7.47936488822701
"Fur_Brown+Mouth_Bored.Unshaven",2,2040,-0.0778910056558593,0.0460207828531073,-0.16809174004795,0.0123097287362311,-7.49347520710555
"Fur_Brown+Mouth_Bored.Unshaven",2,2042,-0.0760541974767136,0.0466102239972857,-0.167410236511394,0.0153018415579664,-7.32340231792157
"Fur_Brown+Mouth_Bored.Unshaven",2,2043,-0.0753941018014447,0.0457082259807401,-0.164982224723695,0.0141940211208059,-7.26220670133412
"Fur_Brown+Mouth_Bored.Unshaven",2,2045,-0.0743727110987533,0.0444168219545585,-0.161429682129688,0.0126842599321813,-7.16743679115713
"Fur_Brown+Mouth_Bored.Unshaven",2,2047,-0.0762217645754012,0.0492843364312404,-0.172819063980632,0.0203755348298299,-7.33893056546338
"Fur_Brown+Mouth_Bored.Unshaven",2,2048,-0.0724767668965463,0.0504167304415855,-0.171293558562054,0.0263400247689613,-6.99126447749946
"Fur_Brown+Mouth_Bored.Unshaven",2,2049,-0.0755483355032704,0.0507976796787447,-0.17511178767361,0.0240151166670692,-7.27650889152549
"Fur_Brown+Mouth_Bored.Unshaven",2,2050,-0.0764884002642813,0.046302137687679,-0.167240590132132,0.0142637896035695,-7.36363401998674
"Fur_Brown+Mouth_Bored.Unshaven",2,2051,-0.0735430223964655,0.0448986421353051,-0.161544360981663,0.0144583161887325,-7.09038270122463
"Fur_Brown+Mouth_Bored.Unshaven",2,2052,-0.0767663413548001,0.0477993239207931,-0.170453016239555,0.0169203335299545,-7.38937789476288
"Fur_Brown+Mouth_Bored.Unshaven",2,2055,-0.0765728860941016,0.0479330473515593,-0.170521658903158,0.0173758867149546,-7.37146014963492
"Fur_Brown+Mouth_Bored.Unshaven",2,2057,-0.0721351902191472,0.0476458394809698,-0.165521035601848,0.0212506551635535,-6.95948943615301
"Fur_Brown+Mouth_Bored.Unshaven",2,2058,-0.077821684629341,0.0420171448764828,-0.160175288587247,0.00453191932856518,-7.48706233757649
"Fur_Brown+Mouth_Bored.Unshaven",2,2059,-0.0751800929191954,0.0498332263114247,-0.172853216489588,0.0224930306511971,-7.24235786601022
"Fur_Brown+Mouth_Bored.Unshaven",2,2060,-0.0785148091988738,0.0455267300526775,-0.167747200102122,0.0107175817043741,-7.55116311019348
"Fur_Brown+Mouth_Bored.Unshaven",2,2062,-0.0751402561242936,0.0490749211647787,-0.17132710160726,0.0210465893586727,-7.23866262524217
"Fur_Brown+Mouth_Bored.Unshaven",2,2063,-0.0775130248213579,0.0485819224489452,-0.17273359282129,0.0177075431785746,-7.45850290465385
"Fur_Brown+Mouth_Bored.Unshaven",2,2065,-0.0763300623603176,0.046470485998727,-0.167412214917823,0.0147520901971873,-7.34896501066721
"Fur_Brown+Mouth_Bored.Unshaven",2,2066,-0.0743988218745194,0.0488711673326949,-0.170186309846601,0.0213886660975625,-7.1698606897538
"Fur_Brown+Mouth_Bored.Unshaven",2,2067,-0.073020769944079,0.0520691673409499,-0.175076337932341,0.0290347980441829,-7.04184775309536
"Fur_Brown+Mouth_Bored.Unshaven",2,2068,-0.0785207172425332,0.0434201707975498,-0.163624252005731,0.0065828175206644,-7.55170930034462
"Fur_Brown+Mouth_Bored.Unshaven",2,2069,-0.0740096494240068,0.0485176527616352,-0.169104248836812,0.0210849499887981,-7.1337267262415
"Fur_Brown+Mouth_Bored.Unshaven",2,2070,-0.076580700879799,0.0481043657224372,-0.170865257695776,0.017703855936178,-7.37218401899487
"Fur_Brown+Mouth_Bored.Unshaven",2,2072,-0.0750869836654484,0.0458175521207575,-0.164889385822133,0.0147154184912363,-7.23372086908587
"Fur_Brown+Mouth_Bored.Unshaven",2,2074,-0.0765797958664331,0.0427062523425199,-0.160284050457772,0.00712445872490594,-7.37210018954542
"Fur_Brown+Mouth_Bored.Unshaven",2,2075,-0.0746414295732831,0.0495292380532406,-0.171718736157635,0.0224358770110684,-7.19237926452753
"Fur_Brown+Mouth_Bored.Unshaven",2,2077,-0.0756861274370944,0.0488824986234665,-0.171495824739089,0.0201235698648999,-7.28928456046397
"Fur_Brown+Mouth_Bored.Unshaven",2,2078,-0.0726590852549991,0.0478522081254384,-0.166449413180858,0.0211312426708602,-7.0082201317712
"Fur_Brown+Mouth_Bored.Unshaven",2,2079,-0.0756618605180188,0.0482995019726364,-0.170328884384386,0.0190051633483484,-7.28703472973684
"Fur_Brown+Mouth_Bored.Unshaven",2,2080,-0.0752609152836994,0.0509580685445971,-0.17513872963111,0.0246168990637109,-7.2498544550232
"Fur_Brown+Mouth_Bored.Unshaven",2,2081,-0.0785686650265025,0.0468408453203323,-0.170376721854354,0.0132393918013488,-7.55614188474827
"Fur_Brown+Mouth_Bored.Unshaven",2,2084,-0.078146147966631,0.0485860218868893,-0.173374750864934,0.017082454931672,-7.51707452488242
"Fur_Brown+Mouth_Bored.Unshaven",2,2085,-0.0766117285172749,0.0465906403168904,-0.16792938353838,0.0147059265038304,-7.3750579967027
"Fur_Brown+Mouth_Bored.Unshaven",2,2089,-0.0741386874297239,0.0470582954054102,-0.166372946424328,0.0180955715648802,-7.14570923182718
"Fur_Brown+Mouth_Bored.Unshaven",2,2090,-0.075927096125937,0.0476239660868644,-0.169270069656191,0.0174158774043172,-7.31162224855529
"Fur_Brown+Mouth_Bored.Unshaven",2,2091,-0.0754190895513875,0.0481376163921341,-0.16976881767997,0.0189306385771954,-7.26452398117139
"Fur_Brown+Mouth_Bored.Unshaven",2,2095,-0.0788233185757901,0.0447565030436834,-0.16654606454141,0.00889942738982938,-7.57968004416204
"Fur_Brown+Mouth_Bored.Unshaven",2,2097,-0.0778637258531528,0.0449783633971094,-0.166021318111487,0.0102938664051816,-7.49095161293872
"Fur_Brown+Mouth_Bored.Unshaven",2,2098,-0.0756377965845744,0.0503114376160489,-0.17424821431203,0.0229726211428814,-7.28480366426714
"Fur_Brown+Mouth_Bored.Unshaven",2,2099,-0.0755224316462026,0.045304498385817,-0.164319248482404,0.0132743851899987,-7.27410696435553
"Fur_Brown+Mouth_Bored.Unshaven",2,2101,-0.0736324013835421,0.0491547326582452,-0.169975677393703,0.0227108746266186,-7.09868649761049
"Fur_Brown+Mouth_Bored.Unshaven",2,2103,-0.0731791634553549,0.0507464806057784,-0.172642265442681,0.0262839385319707,-7.05657055520252
"Fur_Brown+Mouth_Bored.Unshaven",2,2104,-0.0761383466897965,0.0432473048912449,-0.160903064276637,0.00862637089704349,-7.33120065257126
"Fur_Brown+Mouth_Bored.Unshaven",2,2105,-0.0749202196662762,0.0507598946658561,-0.174409613211354,0.0245691738788017,-7.21824950339213
"Fur_Brown+Mouth_Bored.Unshaven",2,2107,-0.0732666855398859,0.0440290104940397,-0.159563546108204,0.0130301750284318,-7.06470480192268
"Fur_Brown+Mouth_Bored.Unshaven",2,2108,-0.0788772934560841,0.0472499115204074,-0.171487120036083,0.0137325331239145,-7.58466828524732
"Fur_Brown+Mouth_Bored.Unshaven",2,2109,-0.0775007169478099,0.0474597669533955,-0.170521860176465,0.0155204262808453,-7.45736390860037
"Fur_Brown+Mouth_Bored.Unshaven",2,2111,-0.076405155437089,0.0511720088031831,-0.176702292691328,0.0238919818171499,-7.35592220072894
"Fur_Brown+Mouth_Bored.Unshaven",2,2112,-0.0717319619761933,0.0489146505412874,-0.167604677037117,0.02414075308473,-6.92196530966945
"Fur_Brown+Mouth_Bored.Unshaven",2,2114,-0.0777765484263902,0.0497748229077784,-0.175335201325636,0.0197821044728555,-7.48288656060794
"Fur_Brown+Mouth_Bored.Unshaven",2,2116,-0.0723980371291442,0.0477113422269327,-0.165912267893932,0.0211161936356439,-6.98394163312627
"Fur_Brown+Mouth_Bored.Unshaven",2,2117,-0.0738205396988405,0.0449251346271651,-0.161873803568084,0.014232724170403,-7.11616315015631
"Fur_Brown+Mouth_Bored.Unshaven",2,2119,-0.0740108716047365,0.0445946358797041,-0.161416357928957,0.0133946147194835,-7.13384022554178
"Fur_Brown+Mouth_Bored.Unshaven",2,2121,-0.0745754024915666,0.0433374985185748,-0.159516899587973,0.01036609460484,-7.18625124586394
"Fur_Brown+Mouth_Bored.Unshaven",2,2123,-0.0780265737586131,0.0432655053313767,-0.162826964208111,0.00677381669088528,-7.50601529112717
"Fur_Brown+Mouth_Bored.Unshaven",2,2124,-0.0772888623883717,0.0447906308501599,-0.165078498854685,0.0105007740779417,-7.43775625228962
"Fur_Brown+Mouth_Bored.Unshaven",2,2126,-0.0752799735592632,0.0500377423863355,-0.173353948636481,0.0227940015179544,-7.25162209601143
"Fur_Brown+Mouth_Bored.Unshaven",2,2130,-0.0742161681572943,0.0441966499579648,-0.160841602074905,0.0124092657603167,-7.15290337112677
"Fur_Brown+Mouth_Bored.Unshaven",2,2131,-0.0734332128552215,0.0480978478528723,-0.167704994646851,0.0208385689364082,-7.08017977859302
"Fur_Brown+Mouth_Bored.Unshaven",2,2134,-0.0737334730796822,0.0485673355051481,-0.168925450669772,0.021458504510408,-7.10807571643969
"Fur_Brown+Mouth_Bored.Unshaven",2,2135,-0.0701281544501239,0.0498135751222479,-0.16776276168973,0.0275064527894821,-6.77256628550534
"Fur_Brown+Mouth_Bored.Unshaven",2,2136,-0.0786081425885687,0.0411904166572137,-0.159341359236708,0.00212507405957012,-7.55979127085975
"Fur_Brown+Mouth_Bored.Unshaven",2,2137,-0.0737819639856074,0.045162189906958,-0.162299856203245,0.0147359282320302,-7.11258002079155
"Fur_Brown+Mouth_Bored.Unshaven",2,2138,-0.075188048464284,0.047300979016849,-0.167897967337308,0.01752187040874,-7.24309580067919
"Fur_Brown+Mouth_Bored.Unshaven",2,2140,-0.0785821411075292,0.0469167999272772,-0.170539068964992,0.0133747867499342,-7.55738765727656
"Fur_Brown+Mouth_Bored.Unshaven",2,2141,-0.074265608996048,0.0431819767176284,-0.1589022833626,0.0103710653705036,-7.15749369598425
"Fur_Brown+Mouth_Bored.Unshaven",2,2142,-0.0746875435318436,0.0490432536928611,-0.170812320769851,0.0214372337061642,-7.19665889262816
"Fur_Brown+Mouth_Bored.Unshaven",2,2143,-0.0779767531191995,0.041339743439855,-0.159002650261315,0.00304914402291617,-7.50140706687568
"Fur_Brown+Mouth_Bored.Unshaven",2,2146,-0.0771044959703868,0.0440713877868735,-0.163484416032659,0.00927542409188525,-7.42068930973201
"Fur_Brown+Mouth_Bored.Unshaven",2,2147,-0.0735876532943161,0.044865222602539,-0.161523489595293,0.0143481830066603,-7.09452924833088
"Fur_Brown+Mouth_Bored.Unshaven",2,2148,-0.0777208805824358,0.0466588568305563,-0.169172239970326,0.0137304788054546,-7.47773618902017
"Fur_Brown+Mouth_Bored.Unshaven",2,2149,-0.0757547145804775,0.0452983798890647,-0.164539539163044,0.0130301100020892,-7.29564310553725
"Fur_Brown+Mouth_Bored.Unshaven",2,2153,-0.0750792460576639,0.050200486298928,-0.173472199203563,0.0233137070882349,-7.23300307722533
"Fur_Brown+Mouth_Bored.Unshaven",2,2154,-0.0769447422297802,0.0468089685077002,-0.168690320504873,0.0148008360453122,-7.40589823711333
"Fur_Brown+Mouth_Bored.Unshaven",2,2155,-0.076732263154487,0.0449495804099663,-0.164833440758021,0.0113689144490468,-7.3862218376556
"Fur_Brown+Mouth_Bored.Unshaven",2,2158,-0.0717558497538763,0.0465161022272958,-0.162927410119376,0.0194157106116234,-6.92418871051316
"Fur_Brown+Mouth_Bored.Unshaven",2,2161,-0.0756307337865187,0.0510944749151575,-0.175775904620227,0.0245144370471901,-7.28414883324625
"Fur_Brown+Mouth_Bored.Unshaven",2,2162,-0.0765083835740731,0.0433648665207609,-0.161503521954764,0.00848675480661829,-7.36548518268987
"Fur_Brown+Mouth_Bored.Unshaven",2,2163,-0.0739426671861302,0.0419582880581214,-0.156180911780048,0.00829557740778772,-7.12750612710186
"Fur_Brown+Mouth_Bored.Unshaven",2,2164,-0.0764458142671649,0.0499615367361724,-0.174370426270063,0.0214787977357329,-7.35968892396992
"Fur_Brown+Mouth_Bored.Unshaven",2,2165,-0.0781608332042152,0.0508179505736305,-0.177764016328531,0.0214423499201006,-7.51843264864329
"Fur_Brown+Mouth_Bored.Unshaven",2,2166,-0.0765378755397164,0.0465212635940915,-0.167719552184136,0.0146438011047029,-7.368217116333
"Fur_Brown+Mouth_Bored.Unshaven",2,2167,-0.0820575803496539,0.0455997620009411,-0.171433113871498,0.00731795317219069,-7.87810869379516
"Fur_Brown+Mouth_Bored.Unshaven",2,2168,-0.0721464166566886,0.049951660923444,-0.170051672066639,0.0257588387532617,-6.96053394377062
"Fur_Brown+Mouth_Bored.Unshaven",2,2169,-0.075703832083833,0.047190458847208,-0.168197131424361,0.0167894672566948,-7.29092595639949
"Fur_Brown+Mouth_Bored.Unshaven",2,2171,-0.0761124036668547,0.0461055791008709,-0.166479338704562,0.0142545313708522,-7.3287965125986
"Fur_Brown+Mouth_Bored.Unshaven",2,2172,-0.0768937599360281,0.0467540352985155,-0.168531669121119,0.0147441492490623,-7.40117745708048
"Fur_Brown+Mouth_Bored.Unshaven",2,2173,-0.0751395947306882,0.0496802787151133,-0.17251294101231,0.0222337515509339,-7.23860127346652
"Fur_Brown+Mouth_Bored.Unshaven",2,2174,-0.0722564593354616,0.0448804328959488,-0.160222107811521,0.0157091891405981,-6.97077169254208
"Fur_Brown+Mouth_Bored.Unshaven",2,2175,-0.0765183262917174,0.0441269447475652,-0.163007137996945,0.0099704854135105,-7.36640621693602
"Fur_Brown+Mouth_Bored.Unshaven",2,2177,-0.0749522374425191,0.0490462509760788,-0.171082889355634,0.0211784144705953,-7.2212201211624
"Fur_Brown+Mouth_Bored.Unshaven",2,2178,-0.0768965923962249,0.0480463118721771,-0.171067363665692,0.0172741788732423,-7.40143973918814
"Fur_Brown+Mouth_Bored.Unshaven",2,2183,-0.076961535752371,0.0437401779781672,-0.162692284589579,0.00876921308483668,-7.40745320519633
"Fur_Brown+Mouth_Bored.Unshaven",2,2184,-0.0788228021053648,0.0459956960072959,-0.168974366279665,0.0113287620689351,-7.57963231178777
"Fur_Brown+Mouth_Bored.Unshaven",2,2185,-0.0728816906243649,0.0500375031145883,-0.170955196728958,0.0251918154802281,-7.02891829742988
"Fur_Brown+Mouth_Bored.Unshaven",2,2187,-0.0782112280687048,0.0456559221260941,-0.167696835435849,0.0112743792984396,-7.52309312726467
"Fur_Brown+Mouth_Bored.Unshaven",2,2189,-0.0734661788413276,0.0447833018282735,-0.161241450424744,0.0143090927420885,-7.08324292160538
"Fur_Brown+Mouth_Bored.Unshaven",2,2190,-0.0781129242856369,0.0485509334996204,-0.173272753944893,0.0170469053736191,-7.51400185062654
"Fur_Brown+Mouth_Bored.Unshaven",2,2191,-0.0747678715881814,0.0494874419440666,-0.171763257798552,0.0222275146221891,-7.20411330523772
"Fur_Brown+Mouth_Bored.Unshaven",2,2193,-0.0740686048828587,0.0462898797922912,-0.164796769275749,0.016659559510032,-7.1392015386076
"Fur_Brown+Mouth_Bored.Unshaven",2,2195,-0.0743008062327726,0.0447229467948023,-0.161957781950585,0.0133561694850399,-7.16076143814866
"Fur_Brown+Mouth_Bored.Unshaven",2,2196,-0.0760685475266081,0.0441658516232491,-0.162633616708176,0.0104965216549601,-7.32473222218024
"Fur_Brown+Mouth_Bored.Unshaven",2,2197,-0.0771364530192122,0.0482387600234879,-0.171684422665248,0.0174115166268241,-7.42364782401101
"Fur_Brown+Mouth_Bored.Unshaven",2,2198,-0.0782679567509049,0.0447386308953576,-0.165955673305806,0.009419759803996,-7.52833907152634
"Fur_Brown+Mouth_Bored.Unshaven",2,2199,-0.0754775393884947,0.0491360477949923,-0.17178419306668,0.0208291142896902,-7.26994419623186
"Fur_Brown+Mouth_Bored.Unshaven",2,2201,-0.0758473381020868,0.0444838804605356,-0.163035743804737,0.0113410676005631,-7.30422931189286
"Fur_Brown+Mouth_Bored.Unshaven",2,2202,-0.0770799140352673,0.0524593944145296,-0.179900327087745,0.0257404990172107,-7.41841350315147
"Fur_Brown+Mouth_Bored.Unshaven",2,2203,-0.0758000492878929,0.0511448171548119,-0.176043890911324,0.0244437923355385,-7.29984573516998
"Fur_Brown+Mouth_Bored.Unshaven",2,2205,-0.0819310131490685,0.0464353843833186,-0.172944366540373,0.00908234024223599,-7.86644834600669
"Fur_Brown+Mouth_Bored.Unshaven",2,2206,-0.0776642618180689,0.0493914473351112,-0.174471498594887,0.019142974958749,-7.47249754446537
"Fur_Brown+Mouth_Bored.Unshaven",2,2207,-0.0753186731336262,0.0463160534181742,-0.166098137833248,0.0154607915659953,-7.25521134930744
"Fur_Brown+Mouth_Bored.Unshaven",2,2210,-0.074303432171513,0.051424577639989,-0.175095604345891,0.0264887400028656,-7.16100522798173
"Fur_Brown+Mouth_Bored.Unshaven",2,2211,-0.0751158895137932,0.0502751516201156,-0.17365518668922,0.0234234076616333,-7.23640231832696
"Fur_Brown+Mouth_Bored.Unshaven",2,2212,-0.0734669367355253,0.0444731369941166,-0.160634285243994,0.0137004117729433,-7.08331334264976
"Fur_Brown+Mouth_Bored.Unshaven",2,2213,-0.0789338981273291,0.0426502854822459,-0.162528457672531,0.0046606614178729,-7.58989927666636
"Fur_Brown+Mouth_Bored.Unshaven",2,2216,-0.0741392329691277,0.0457732960650924,-0.163854893256709,0.0155764273184534,-7.1457598874878
"Fur_Brown+Mouth_Bored.Unshaven",2,2218,-0.0742744715629465,0.0463800774951138,-0.16517942345337,0.0166304803274765,-7.15831651526124
"Fur_Brown+Mouth_Bored.Unshaven",2,2221,-0.0745856351026535,0.0500780621998946,-0.172738637014447,0.02356736680914,-7.18720096799939
"Fur_Brown+Mouth_Bored.Unshaven",2,2222,-0.0757462226521112,0.0442237111194425,-0.162424696446218,0.0109322511419961,-7.29485586343666
"Fur_Brown+Mouth_Bored.Unshaven",2,2223,-0.0768810356076635,0.0456976545100066,-0.166448438447276,0.0126863672319494,-7.39999919175997
"Fur_Brown+Mouth_Bored.Unshaven",2,2224,-0.0772844078875424,0.0467298973126041,-0.168875006620247,0.0143061908451617,-7.43734393277974
"Fur_Brown+Mouth_Bored.Unshaven",2,2226,-0.0762789994766053,0.0483217798755751,-0.170989688032732,0.0184316890795219,-7.34423386084967
"Fur_Brown+Mouth_Bored.Unshaven",2,2227,-0.0708193990601236,0.0485033324189912,-0.165885930601346,0.0242471324810992,-6.83698697877098
"Fur_Brown+Mouth_Bored.Unshaven",2,2228,-0.0772038477739978,0.0451768507034119,-0.165750475152685,0.0113427796046895,-7.42988677432624
"Fur_Brown+Mouth_Bored.Unshaven",2,2229,-0.0762647351537736,0.0458887388245087,-0.166206663249811,0.0136771929422634,-7.34291217966283
"Fur_Brown+Mouth_Bored.Unshaven",2,2231,-0.0785350026657142,0.0485623697062979,-0.173717247290058,0.0166472419586296,-7.55302995386656
"Fur_Brown+Mouth_Bored.Unshaven",2,2232,-0.0741736013124212,0.045204936743974,-0.16277527733061,0.0144280747057679,-7.14895107904994
"Fur_Brown+Mouth_Bored.Unshaven",2,2233,-0.0732688720052594,0.0401094434560774,-0.151883381179171,0.0053456371686522,-7.06490800150548
"Fur_Brown+Mouth_Bored.Unshaven",2,2234,-0.0736877621785873,0.046551507083183,-0.164928716061626,0.0175531917044515,-7.10382944582656
"Fur_Brown+Mouth_Bored.Unshaven",2,2235,-0.080064591153374,0.0462171555961753,-0.170650216121878,0.0105210338151295,-7.69432768372886
"Fur_Brown+Mouth_Bored.Unshaven",2,2237,-0.0769550231114998,0.0447678353092588,-0.164699980317647,0.0107899340946475,-7.40685018122806
"Fur_Brown+Mouth_Bored.Unshaven",2,2238,-0.0752595735929187,0.0473701720885819,-0.168105110886539,0.017585963700702,-7.24973001292453
"Fur_Brown+Mouth_Bored.Unshaven",2,2239,-0.0763941758644535,0.0451920242710689,-0.164970543435748,0.0121821917068415,-7.3549050027633
"Fur_Brown+Mouth_Bored.Unshaven",2,2240,-0.0754012163329665,0.0455880184170298,-0.164753732430345,0.0139512997644118,-7.26286648494078
"Fur_Brown+Mouth_Bored.Unshaven",2,2241,-0.0785292199867833,0.0412179578005394,-0.159316417275841,0.00225797730227391,-7.55249536117496
"Fur_Brown+Mouth_Bored.Unshaven",2,2242,-0.076137543787665,0.0486356698427943,-0.171463456679542,0.0191883691042118,-7.33112624856487
"Fur_Brown+Mouth_Bored.Unshaven",2,2243,-0.0704937051504285,0.0486288598454864,-0.165806270447582,0.0248188601467249,-6.8066394110804
"Fur_Brown+Mouth_Bored.Unshaven",2,2246,-0.0743798076934454,0.0471372813002017,-0.166768879041841,0.01800926365495,-7.16809558389486
"Fur_Brown+Mouth_Bored.Unshaven",2,2247,-0.0756954866894772,0.0422624198199277,-0.158529829536536,0.00713885615758121,-7.29015225938784
"Fur_Brown+Mouth_Bored.Unshaven",2,2248,-0.077555809517748,0.0519411407234474,-0.179360445335705,0.0242488263002088,-7.46246217981177
"Fur_Brown+Mouth_Bored.Unshaven",2,2251,-0.0758663230120722,0.0462913757607459,-0.166597419503134,0.0148647734789897,-7.30598911605049
"Fur_Brown+Mouth_Bored.Unshaven",2,2256,-0.0778994072091059,0.0460162692741829,-0.168091294986504,0.0122924805682925,-7.49425240233443
"Fur_Brown+Mouth_Bored.Unshaven",2,2257,-0.0755550820578564,0.0436267052751233,-0.161063424397098,0.00995326028138539,-7.27713445350946
"Fur_Brown+Mouth_Bored.Unshaven",2,2258,-0.0760892921965006,0.049989867834613,-0.174069433152342,0.0218908487593408,-7.32665472007663
"Fur_Brown+Mouth_Bored.Unshaven",2,2259,-0.0754598700276569,0.0458326462960142,-0.165291856767845,0.014372116712531,-7.26830570093981
"Fur_Brown+Mouth_Bored.Unshaven",2,2260,-0.0750474174209934,0.044073658370846,-0.161431787827852,0.0113369529858646,-7.23005038319541
"Fur_Brown+Mouth_Bored.Unshaven",2,2262,-0.0751757729777593,0.0477014657700848,-0.168670645887125,0.0183190999316068,-7.24195715756294
"Fur_Brown+Mouth_Bored.Unshaven",2,2263,-0.076021570258452,0.0462725790275986,-0.166715825152545,0.0146726846356412,-7.32037848901196
"Fur_Brown+Mouth_Bored.Unshaven",2,2265,-0.0772289985249538,0.0475712440582129,-0.170468636879051,0.0160106398291434,-7.43221495291211
"Fur_Brown+Mouth_Bored.Unshaven",2,2267,-0.0739371633276534,0.0459084236797268,-0.163917673739918,0.0160433470846111,-7.12699496863253
"Fur_Brown+Mouth_Bored.Unshaven",2,2269,-0.0765474113311829,0.0466061613237466,-0.167895487525726,0.0148006648633604,-7.3691004294862
"Fur_Brown+Mouth_Bored.Unshaven",2,2270,-0.080079736958443,0.0449557152727248,-0.168192938892984,0.00803346497609767,-7.69572571686133
"Fur_Brown+Mouth_Bored.Unshaven",2,2271,-0.0790781409392933,0.0457459470300457,-0.168740197118183,0.0105839152395962,-7.60322780815305
"Fur_Brown+Mouth_Bored.Unshaven",2,2274,-0.0762341728700519,0.0453251155721858,-0.165071399391536,0.0126030536514322,-7.34008032418227
"Fur_Brown+Mouth_Bored.Unshaven",2,2276,-0.0713186315376857,0.0449306813692931,-0.1593827670215,0.0167455039461288,-6.88348537285873
"Fur_Brown+Mouth_Bored.Unshaven",2,2278,-0.0766176110227013,0.0489730613666095,-0.172604811301256,0.0193695892558534,-7.37560286182408
"Fur_Brown+Mouth_Bored.Unshaven",2,2280,-0.0774926007646273,0.0425537159731869,-0.160897884072074,0.00591268254281893,-7.45661281256563
"Fur_Brown+Mouth_Bored.Unshaven",2,2281,-0.0782512864757934,0.0456284418191646,-0.167683032441356,0.0111804594897693,-7.52679753064973
"Fur_Brown+Mouth_Bored.Unshaven",2,2282,-0.0749507135359995,0.0482979072054966,-0.169614611658773,0.0197131845867738,-7.22107873486713
"Fur_Brown+Mouth_Bored.Unshaven",2,2283,-0.0755575278952769,0.0487055576723913,-0.171020420933164,0.01990536514261,-7.27736123828642
"Fur_Brown+Mouth_Bored.Unshaven",2,2284,-0.0801465011423828,0.0411279520809589,-0.160757287221062,0.000464284936296536,-7.70188813069145
"Fur_Brown+Mouth_Bored.Unshaven",2,2288,-0.077332215199769,0.0474783337922877,-0.170389749432653,0.015725319033115,-7.44176899880277
"Fur_Brown+Mouth_Bored.Unshaven",2,2289,-0.0765657677199318,0.0428463537861847,-0.160544621140854,0.00741308570099011,-7.37080078268266
"Fur_Brown+Mouth_Bored.Unshaven",2,2290,-0.0764262541175963,0.0482842521147345,-0.171063388262476,0.0182108800272832,-7.35787684790702
"Fur_Brown+Mouth_Bored.Unshaven",2,2291,-0.0789742528136032,0.0424156612278387,-0.162108948820167,0.00416044319296061,-7.59362838204566
"Fur_Brown+Mouth_Bored.Unshaven",2,2293,-0.0789358558788886,0.0435995848196794,-0.16439104212546,0.006519330367683,-7.59008019250806
"Fur_Brown+Mouth_Bored.Unshaven",2,2294,-0.0789831815266614,0.0431039980301509,-0.163467017665757,0.00550065461243436,-7.59445344833919
"Fur_Brown+Mouth_Bored.Unshaven",2,2295,-0.0731295171603377,0.0440693174174968,-0.159505379298631,0.013246344977956,-7.05195614374112
"Fur_Brown+Mouth_Bored.Unshaven",2,2297,-0.0756186656350541,0.0464099121591626,-0.166582093467013,0.0153447621969047,-7.2830299175596
"Fur_Brown+Mouth_Bored.Unshaven",2,2298,-0.0744153118166178,0.0458339351636019,-0.164249824737278,0.015419201104042,-7.17139144075498
"Fur_Brown+Mouth_Bored.Unshaven",2,2299,-0.0766838768525816,0.044368122432627,-0.163645396820531,0.0102776431153674,-7.3817404910078
"Fur_Brown+Mouth_Bored.Unshaven",2,2300,-0.0712714934017304,0.0456730602675947,-0.160790691526216,0.0182477047227553,-6.8790959304783
"Fur_Brown+Mouth_Bored.Unshaven",2,2301,-0.0759693201875775,0.0476541635156656,-0.169371480678282,0.0174328403031271,-7.31553584570626
"Fur_Brown+Mouth_Bored.Unshaven",2,2303,-0.0741683758741702,0.0477943248867532,-0.167845252652206,0.0195085009038661,-7.1484658903596
"Fur_Brown+Mouth_Bored.Unshaven",2,2304,-0.0757259100787715,0.047591250013551,-0.169004760105331,0.0175529399477885,-7.29297276427219
"Fur_Brown+Mouth_Bored.Unshaven",2,2305,-0.0778397082542674,0.0439434538864423,-0.163968877871694,0.00828946136315944,-7.48872974103938
"Fur_Brown+Mouth_Bored.Unshaven",2,2306,-0.0785121004496258,0.0470481466425122,-0.17072646786895,0.0137022669696981,-7.55091268913691
"Fur_Brown+Mouth_Bored.Unshaven",2,2309,-0.0770589463233544,0.0445625747975943,-0.164401592926639,0.0102837002799304,-7.4164722587657
"Fur_Brown+Mouth_Bored.Unshaven",2,2312,-0.076625312748162,0.0423735769844172,-0.15967752363762,0.0064268981412957,-7.37631622675473
"Fur_Brown+Mouth_Bored.Unshaven",2,2313,-0.0783304050711591,0.0443954663120951,-0.165345519042865,0.00868470890054726,-7.53411359111604
"Fur_Brown+Mouth_Bored.Unshaven",2,2314,-0.0714220815350655,0.0502445969730833,-0.169901491602309,0.0270573285321778,-6.8931177778082
"Fur_Brown+Mouth_Bored.Unshaven",2,2315,-0.0784102448534133,0.0482752074038881,-0.173029651365034,0.0162091616582073,-7.54149575265386
"Fur_Brown+Mouth_Bored.Unshaven",2,2316,-0.0728831478633099,0.0503771041441198,-0.171622271985785,0.0258559762591648,-7.02905377841217
"Fur_Brown+Mouth_Bored.Unshaven",2,2318,-0.0763185056096506,0.0488385122379834,-0.172041989596098,0.0194049783767968,-7.34789425956961
"Fur_Brown+Mouth_Bored.Unshaven",2,2319,-0.0774707515130524,0.0460442626210785,-0.167717506250366,0.0127760032242616,-7.45459078672759
"Fur_Brown+Mouth_Bored.Unshaven",2,2320,-0.0793972831961856,0.045597112942531,-0.168767624563546,0.00997305817117516,-7.63271081767258
"Fur_Brown+Mouth_Bored.Unshaven",2,2322,-0.0765452581956213,0.0489921734959128,-0.17256991824761,0.0194794018563678,-7.36890098238752
"Fur_Brown+Mouth_Bored.Unshaven",2,2323,-0.0789015001027977,0.0436974156626311,-0.164548434801555,0.00674543459595929,-7.58690532345735
"Fur_Brown+Mouth_Bored.Unshaven",2,2324,-0.0732031052578919,0.0468320788131711,-0.164993979731707,0.0185877692159234,-7.05879576179956
"Fur_Brown+Mouth_Bored.Unshaven",2,2328,-0.0723780107138188,0.0455196590070424,-0.161596542367622,0.0168405209399843,-6.98207883625698
"Fur_Brown+Mouth_Bored.Unshaven",2,2331,-0.0755416768164931,0.0444652331598653,-0.162693533809829,0.0116101801768429,-7.27589147278571
"Fur_Brown+Mouth_Bored.Unshaven",2,2333,-0.07326443974644,0.0493079998180841,-0.169908119389885,0.0233792398970048,-7.06449608821148
"Fur_Brown+Mouth_Bored.Unshaven",2,2334,-0.0783885853404421,0.0438972366971815,-0.164427169266918,0.0076499985860337,-7.53949312479393
"Fur_Brown+Mouth_Bored.Unshaven",2,2335,-0.0778965839212225,0.0509379000733385,-0.177734868064966,0.0219417002225208,-7.49399123160942
"Fur_Brown+Mouth_Bored.Unshaven",2,2336,-0.0761342806359655,0.0470581891502233,-0.168368331370403,0.0160997700984722,-7.33082385547862
"Fur_Brown+Mouth_Bored.Unshaven",2,2337,-0.0756119096652657,0.0460429462192632,-0.165856084255022,0.0146322649244901,-7.2824035223949
"Fur_Brown+Mouth_Bored.Unshaven",2,2338,-0.0742716442946982,0.0502860949491213,-0.172832390394976,0.0242891018055795,-7.15805402654635
"Fur_Brown+Mouth_Bored.Unshaven",2,2339,-0.0734944094328343,0.0468584052744597,-0.165336883770775,0.0183480649051067,-7.08586597959318
"Fur_Brown+Mouth_Bored.Unshaven",2,2340,-0.0782222781355418,0.0450431365297071,-0.166506825733768,0.010062269462684,-7.52411499762061
"Fur_Brown+Mouth_Bored.Unshaven",2,2341,-0.0766705066419701,0.0492500896310195,-0.173200682318768,0.019859669034828,-7.38050215709334
"Fur_Brown+Mouth_Bored.Unshaven",2,2342,-0.0764584363580116,0.0471637243586447,-0.168899336100955,0.015982463384932,-7.36085823101282
"Fur_Brown+Mouth_Bored.Unshaven",2,2346,-0.0762816866709908,0.0476688854234009,-0.169712702100857,0.017149328758875,-7.3444828445697
"Fur_Brown+Mouth_Bored.Unshaven",2,2348,-0.0785493051224177,0.0462296502046493,-0.16915941952353,0.0120608092786949,-7.55435216319756
"Fur_Brown+Mouth_Bored.Unshaven",2,2349,-0.0760202737602622,0.0443682155147154,-0.162981976169104,0.01094142864858,-7.32025832997255
"Fur_Brown+Mouth_Bored.Unshaven",2,2350,-0.0746798273588418,0.0479038404244605,-0.168571354590785,0.0192116998731008,-7.1959428032303
"Fur_Brown+Mouth_Bored.Unshaven",2,2352,-0.0778694616760174,0.0453971586095809,-0.166847892550796,0.011108969198761,-7.49148222693189
"Fur_Brown+Mouth_Bored.Unshaven",2,2354,-0.0758480816227575,0.0457369155787751,-0.165492436157157,0.0137962729116417,-7.30429823308885
"Fur_Brown+Mouth_Bored.Unshaven",2,2355,-0.0731582696357369,0.0472831719669311,-0.165833286690922,0.019516747419448,-7.05462859166557
"Fur_Brown+Mouth_Bored.Unshaven",2,2356,-0.0739753620519494,0.0471360683728975,-0.166362056062829,0.0184113319589298,-7.13054253118964
"Fur_Brown+Mouth_Bored.Unshaven",2,2357,-0.0777146348538062,0.0463306477897256,-0.168522704521668,0.013093434814056,-7.4771583182636
"Fur_Brown+Mouth_Bored.Unshaven",2,2358,-0.0731757739019911,0.0457110879894557,-0.162769506361324,0.016417958557342,-7.05625551795469
"Fur_Brown+Mouth_Bored.Unshaven",2,2359,-0.079442018753003,0.0444237281780309,-0.166512525981944,0.00762848847593757,-7.6368428273613
"Fur_Brown+Mouth_Bored.Unshaven",2,2364,-0.0762897196214241,0.0499896247538049,-0.174269384138882,0.0216899448960336,-7.34522713875694
"Fur_Brown+Mouth_Bored.Unshaven",2,2365,-0.0739654880277603,0.0437252496158593,-0.159666977274845,0.011736001219324,-7.12962553139294
"Fur_Brown+Mouth_Bored.Unshaven",2,2366,-0.0755670577725484,0.0462751121741259,-0.166266277633835,0.0151321620887384,-7.27824486944364
"Fur_Brown+Mouth_Bored.Unshaven",2,2367,-0.0732190274941898,0.0497287819361486,-0.170687440089041,0.0242493851006615,-7.06027558183421
"Fur_Brown+Mouth_Bored.Unshaven",2,2369,-0.0753690846413159,0.0436265988114059,-0.160877218311672,0.0101390490290397,-7.25988663608858
"Fur_Brown+Mouth_Bored.Unshaven",2,2370,-0.0752447881059936,0.041165334646285,-0.155928844012712,0.00543926780072494,-7.24835864488219
"Fur_Brown+Mouth_Bored.Unshaven",2,2372,-0.0779007843407532,0.0446499027276005,-0.16541459368685,0.00961302500534381,-7.49437979483929
"Fur_Brown+Mouth_Bored.Unshaven",2,2374,-0.075569382433189,0.0491357076383014,-0.17187536940426,0.0207366045378818,-7.27846041580779
"Fur_Brown+Mouth_Bored.Unshaven",2,2376,-0.0737085727427854,0.0467802466358124,-0.165397856148978,0.0179807106634069,-7.10576264743206
"Fur_Brown+Mouth_Bored.Unshaven",2,2377,-0.0787660091242746,0.0438089141838019,-0.164631480924526,0.00709946267597723,-7.57438333454217
"Fur_Brown+Mouth_Bored.Unshaven",2,2378,-0.0755639658172386,0.0496822138658121,-0.17294110499423,0.0218131733597531,-7.27795817747732
"Fur_Brown+Mouth_Bored.Unshaven",2,2379,-0.0789222408060518,0.0505093352911576,-0.177920537976721,0.020076056364617,-7.58882201615398
"Fur_Brown+Mouth_Bored.Unshaven",2,2382,-0.073961871065526,0.0471089200114602,-0.166295354287988,0.0183716121569359,-7.12928962214833
"Fur_Brown+Mouth_Bored.Unshaven",2,2383,-0.0775317477990177,0.0477651894578216,-0.171151519136348,0.0160880235383126,-7.46023554081647
"Fur_Brown+Mouth_Bored.Unshaven",2,2384,-0.075815828047182,0.0483091179616467,-0.17050169925201,0.0188700431576455,-7.30130841705051
"Fur_Brown+Mouth_Bored.Unshaven",2,2385,-0.075906198313898,0.0522351413742335,-0.178287075407396,0.0264746787795996,-7.30968524401934
"Fur_Brown+Mouth_Bored.Unshaven",2,2386,-0.0731189583829935,0.0478232474294566,-0.166852523344728,0.0206146065787415,-7.05097472086017
"Fur_Brown+Mouth_Bored.Unshaven",2,2387,-0.0744417440333741,0.0508453496812743,-0.174098629408672,0.0252151413419235,-7.17384507422998
"Fur_Brown+Mouth_Bored.Unshaven",2,2389,-0.0758625146390381,0.0470950990886823,-0.168168908852855,0.0164438795747792,-7.30563610200682
"Fur_Brown+Mouth_Bored.Unshaven",2,2390,-0.0754637343668825,0.0438818528456166,-0.161472165944291,0.0105446972105261,-7.26866404697116
"Fur_Brown+Mouth_Bored.Unshaven",2,2391,-0.0756013921908266,0.0453791236918194,-0.164544474626793,0.0133416902451394,-7.28142836231579
"Fur_Brown+Mouth_Bored.Unshaven",2,2393,-0.077784916428848,0.0463558357143971,-0.168642354429066,0.0130725215713704,-7.4836607408014
"Fur_Brown+Mouth_Bored.Unshaven",2,2394,-0.0758519534650805,0.043194631323364,-0.160513430858874,0.00880952392871293,-7.3046571355353
"Fur_Brown+Mouth_Bored.Unshaven",2,2395,-0.0748995900072586,0.0496303381315427,-0.172175052745082,0.0223758727305651,-7.21633542777302
"Fur_Brown+Mouth_Bored.Unshaven",2,2396,-0.0783243999278373,0.0403006099196183,-0.157313595370289,0.000664795514614513,-7.53355831854854
"Fur_Brown+Mouth_Bored.Unshaven",2,2398,-0.0708626732156415,0.0458026259242907,-0.160635820027251,0.0189104735959682,-6.84101844225525
"Fur_Brown+Mouth_Bored.Unshaven",2,2399,-0.0717827592160599,0.0513211664504481,-0.172372245458938,0.0288067270268184,-6.92669329683857
"Fur_Brown+Mouth_Bored.Unshaven",2,2401,-0.075289242734375,0.04669767565988,-0.16681668702774,0.0162382015589897,-7.25248179298321
"Fur_Brown+Mouth_Bored.Unshaven",2,2402,-0.0748101610419816,0.0443607565789541,-0.161757243936732,0.0121369218527684,-7.20803750962413
"Fur_Brown+Mouth_Bored.Unshaven",2,2403,-0.078503809049408,0.0438096759458863,-0.164370773903345,0.00736315580452922,-7.55014615357642
"Fur_Brown+Mouth_Bored.Unshaven",2,2404,-0.0729136340263939,0.0495815092078612,-0.170093392073802,0.024266124021014,-7.03188806263731
"Fur_Brown+Mouth_Bored.Unshaven",2,2405,-0.0761664666060081,0.0471947646833137,-0.168668205385303,0.0163352721732868,-7.33380645480669
"Fur_Brown+Mouth_Bored.Unshaven",2,2406,-0.078390265865478,0.0425502650527436,-0.161788785368855,0.00500825363789939,-7.53964850686
"Fur_Brown+Mouth_Bored.Unshaven",2,2408,-0.0735299301176889,0.0473676770484974,-0.166370577132744,0.0193107168973659,-7.08916629465117
"Fur_Brown+Mouth_Bored.Unshaven",2,2410,-0.0755637114124975,0.0447548078271994,-0.163283134753808,0.0121557119288134,-7.27793458854728
"Fur_Brown+Mouth_Bored.Unshaven",2,2411,-0.0747957332372792,0.0471315222893137,-0.167173516924334,0.0175820504497756,-7.20669871565346
"Fur_Brown+Mouth_Bored.Unshaven",2,2412,-0.0777504288742905,0.0445706064571229,-0.165108817530251,0.00960795978167038,-7.48047002348404
"Fur_Brown+Mouth_Bored.Unshaven",2,2413,-0.0784277851793958,0.0455255436488444,-0.167657850731131,0.0108022803723393,-7.54311749073526
"Fur_Brown+Mouth_Bored.Unshaven",2,2415,-0.0751618102394752,0.0455199466071741,-0.164380905589536,0.014057285110586,-7.24066199224498
"Fur_Brown+Mouth_Bored.Unshaven",2,2416,-0.0754300037639043,0.0475052858998827,-0.168540364127674,0.0176803565998659,-7.26553611034119
"Fur_Brown+Mouth_Bored.Unshaven",2,2418,-0.0738137399912044,0.0481538711169331,-0.168195327380393,0.0205678473979846,-7.11553156507431
"Fur_Brown+Mouth_Bored.Unshaven",2,2419,-0.0769042610403644,0.0454375117847388,-0.165961784138452,0.0121532620577237,-7.40214984187184
"Fur_Brown+Mouth_Bored.Unshaven",2,2420,-0.072640962167359,0.0440451898659315,-0.158969534304585,0.0136876099698668,-7.00653481832334
"Fur_Brown+Mouth_Bored.Unshaven",2,2421,-0.0735773826811813,0.0520808940700681,-0.175655935058515,0.028501169696152,-7.09357504728259
"Fur_Brown+Mouth_Bored.Unshaven",2,2422,-0.077594045969335,0.0429168773567392,-0.161711125588544,0.00652303364987389,-7.46600041925132
"Fur_Brown+Mouth_Bored.Unshaven",2,2425,-0.0742817447488227,0.0469098454102166,-0.166225041752847,0.0176615522552019,-7.15899176762667
"Fur_Brown+Mouth_Bored.Unshaven",2,2426,-0.0778006365251058,0.0445123915142184,-0.165044923892974,0.00944365084276214,-7.48511509512866
"Fur_Brown+Mouth_Bored.Unshaven",2,2427,-0.0742084645675051,0.046621368400209,-0.165586346631915,0.0171694174969046,-7.15218811242619
"Fur_Brown+Mouth_Bored.Unshaven",2,2429,-0.0775603279597337,0.0479662291469234,-0.171574137087703,0.0164534811682361,-7.46288030436327
"Fur_Brown+Mouth_Bored.Unshaven",2,2431,-0.0719111396061226,0.0454002487263381,-0.160895627109745,0.0170733478975,-6.93864131729537
"Fur_Brown+Mouth_Bored.Unshaven",2,2433,-0.0749705886212217,0.0452880942309854,-0.163735253313953,0.0137940760715097,-7.2229227055095
"Fur_Brown+Mouth_Bored.Unshaven",2,2434,-0.0770507648859559,0.0479793004748091,-0.171090193816582,0.01698866404467,-7.41571478933076
"Fur_Brown+Mouth_Bored.Unshaven",2,2437,-0.0756761775753167,0.048457746345897,-0.170653360413275,0.0193010052626414,-7.28836209707084
"Fur_Brown+Mouth_Bored.Unshaven",2,2438,-0.0725477172645846,0.0481634302462155,-0.166948040547167,0.0218526060179977,-6.99786324742021
"Fur_Brown+Mouth_Bored.Unshaven",2,2439,-0.0774212679351271,0.0476685175121612,-0.170851562258963,0.0160090263887089,-7.4500111954528
"Fur_Brown+Mouth_Bored.Unshaven",2,2440,-0.076713572073999,0.0466657835848649,-0.168178507900334,0.0147513637523362,-7.38449076989596
"Fur_Brown+Mouth_Bored.Unshaven",2,2442,-0.0757201066353711,0.0492166921795182,-0.172184823307227,0.0207446100364845,-7.29243474272563
"Fur_Brown+Mouth_Bored.Unshaven",2,2443,-0.0738298774376767,0.050161763282553,-0.172146933471481,0.0244871785961271,-7.11703047111749
"Fur_Brown+Mouth_Bored.Unshaven",2,2444,-0.0737306089408581,0.0481033778872357,-0.16801322959984,0.0205520117181239,-7.10780966069189
"Fur_Brown+Mouth_Bored.Unshaven",2,2446,-0.0750765707062229,0.0472994236220953,-0.16778344100553,0.0176302995930839,-7.23275489257444
"Fur_Brown+Mouth_Bored.Unshaven",2,2448,-0.0752773661075217,0.0440780249262028,-0.161670294962879,0.0111155627478358,-7.25138025877666
"Fur_Brown+Mouth_Bored.Unshaven",2,2450,-0.075863428030143,0.0444890381663734,-0.163061942836235,0.0113350867759489,-7.30572076817561
"Fur_Brown+Mouth_Bored.Unshaven",2,2452,-0.0725763632461513,0.0439280205934502,-0.158675283609314,0.0135225571170111,-7.00052734675723
"Fur_Brown+Mouth_Bored.Unshaven",2,2454,-0.0765846506597927,0.047189357156047,-0.169075790685645,0.0159064893660593,-7.37254987776677
"Fur_Brown+Mouth_Bored.Unshaven",2,2455,-0.0739029472388006,0.0485434217192106,-0.169048053808453,0.0212421593308522,-7.12381716327463
"Fur_Brown+Mouth_Bored.Unshaven",2,2456,-0.0783017530346481,0.04535268110783,-0.167193008005995,0.0105895019366987,-7.53146421720783
"Fur_Brown+Mouth_Bored.Unshaven",2,2458,-0.079128067260824,0.0489517431930113,-0.175073483919126,0.0168173493974781,-7.60784072395598
"Fur_Brown+Mouth_Bored.Unshaven",2,2459,-0.0751966948309157,0.0480994476294184,-0.169471612184576,0.0190782225227443,-7.24389780741329
"Fur_Brown+Mouth_Bored.Unshaven",2,2462,-0.075770629560219,0.0444294017842698,-0.162852257057388,0.0113109979369498,-7.29711848175886
"Fur_Brown+Mouth_Bored.Unshaven",2,2463,-0.073213289273345,0.0471076120549807,-0.165544208901107,0.0191176303544173,-7.05974227164011
"Fur_Brown+Mouth_Bored.Unshaven",2,2464,-0.0783646548500324,0.0448641598947,-0.166298408243644,0.00956909854357957,-7.53728047304605
"Fur_Brown+Mouth_Bored.Unshaven",2,2466,-0.0712873664083113,0.050200528322325,-0.169680401920068,0.0271056691034457,-6.88057402747045
"Fur_Brown+Mouth_Bored.Unshaven",2,2467,-0.0756004313045072,0.0488144805087387,-0.171276813101635,0.0200759504926206,-7.28133927026594
"Fur_Brown+Mouth_Bored.Unshaven",2,2468,-0.0748929930371174,0.0449071695672241,-0.162911045388877,0.0131250593146419,-7.21572333468927
"Fur_Brown+Mouth_Bored.Unshaven",2,2470,-0.0769384953957229,0.0473476249167097,-0.169739840232474,0.0158628494410282,-7.40531981531828
"Fur_Brown+Mouth_Bored.Unshaven",2,2471,-0.074477313867096,0.0486532988532001,-0.169837779619368,0.0208831518851762,-7.17714682640399
"Fur_Brown+Mouth_Bored.Unshaven",2,2472,-0.0775459718753162,0.0425721490559177,-0.160987384024915,0.00589544027428247,-7.4615518241253
"Fur_Brown+Mouth_Bored.Unshaven",2,2474,-0.0782670798794582,0.0425513911325251,-0.161667806499207,0.005133646740291,-7.52825798573169
"Fur_Brown+Mouth_Bored.Unshaven",2,2475,-0.0759928829807703,0.0469766944182386,-0.168067204040518,0.0160814380789773,-7.31771972483807
"Fur_Brown+Mouth_Bored.Unshaven",2,2476,-0.0728815881834736,0.0491832709996073,-0.169280799342704,0.0235176229757568,-7.02890877338891
"Fur_Brown+Mouth_Bored.Unshaven",2,2477,-0.078788295589038,0.0511559735949137,-0.179054003835069,0.0214774126569928,-7.57644315183811
"Fur_Brown+Mouth_Bored.Unshaven",2,2479,-0.0730674135921923,0.0426298209398697,-0.156621862634337,0.0104870354499524,-7.04618355931832
"Fur_Brown+Mouth_Bored.Unshaven",2,2480,-0.0759234530023662,0.0450690297651986,-0.164258751342155,0.0124118453374231,-7.31128457272647
"Fur_Brown+Mouth_Bored.Unshaven",2,2482,-0.0735995680141806,0.0438260363418502,-0.159498599244207,0.0122994632158457,-7.09563618439434
"Fur_Brown+Mouth_Bored.Unshaven",2,2483,-0.0764579115576937,0.0487517015860009,-0.172011246666255,0.0190954235508681,-7.36080961394902
"Fur_Brown+Mouth_Bored.Unshaven",2,2484,-0.0809891510164046,0.0435839276701019,-0.166413649249804,0.00443534721699505,-7.77963036368902
"Fur_Brown+Mouth_Bored.Unshaven",2,2485,-0.0732460487165444,0.0471311043786969,-0.16562301329879,0.0191309158657015,-7.06278689286378
"Fur_Brown+Mouth_Bored.Unshaven",2,2486,-0.0725783627322651,0.0463280467775123,-0.163381334416189,0.0182246089516589,-7.00071329772549
"Fur_Brown+Mouth_Bored.Unshaven",2,2487,-0.0732553524844198,0.0502029993455044,-0.171653231201608,0.0251425262327689,-7.0636515550992
"Fur_Brown+Mouth_Bored.Unshaven",2,2488,-0.0755092003664432,0.0460264473028336,-0.165721037079997,0.0147026363471107,-7.2728800740072
"Fur_Brown+Mouth_Bored.Unshaven",2,2489,-0.0742870009042467,0.0466849234861517,-0.165789450937104,0.0172154491286107,-7.15947975311319
"Fur_Brown+Mouth_Bored.Unshaven",2,2490,-0.0766217277777544,0.0438253213766045,-0.162519357675899,0.00927590212039041,-7.37598417299415
"Fur_Brown+Mouth_Bored.Unshaven",2,2491,-0.0743497644066197,0.0466440944896933,-0.165772189606419,0.017072660793179,-7.1653065664685
"Fur_Brown+Mouth_Bored.Unshaven",2,2492,-0.0737358030324865,0.0485221467300501,-0.168839210623385,0.0213676045584116,-7.10829214998703
"Fur_Brown+Mouth_Bored.Unshaven",2,2493,-0.0727713568269552,0.0503128857667825,-0.171384612929849,0.0258418992759384,-7.01865987902162
"Fur_Brown+Mouth_Bored.Unshaven",2,2494,-0.075469661033709,0.0495972978795345,-0.172680364877597,0.0217410428101785,-7.26921363307512
"Fur_Brown+Mouth_Bored.Unshaven",2,2495,-0.0772292657283056,0.0489494744103871,-0.173170235572664,0.0187117041160532,-7.43223968733124
"Fur_Brown+Mouth_Bored.Unshaven",2,2499,-0.0729246023644805,0.0473190591749862,-0.165669958347453,0.0198207536184925,-7.03290776272809
"Fur_Brown+Mouth_Bored.Unshaven",2,2500,-0.0762921612361629,0.0464291221720327,-0.167293240693347,0.0147089182210213,-7.34545336573978
"Fur_Brown+Mouth_Bored.Unshaven",2,2501,-0.0741375634261112,0.0441470528725396,-0.160665787056289,0.0123906602040664,-7.14560486321025
"Fur_Brown+Mouth_Bored.Unshaven",2,2503,-0.0754628940068681,0.0485130990457807,-0.170548568136598,0.0196227801228622,-7.2685861192316
"Fur_Brown+Mouth_Bored.Unshaven",2,2504,-0.0767218102941029,0.0421118527483528,-0.159261041680874,0.0058174210926687,-7.3852537537032
"Fur_Brown+Mouth_Bored.Unshaven",2,2505,-0.0737003785321321,0.0458553040156749,-0.163576774402855,0.0161760173385908,-7.105001449364
"Fur_Brown+Mouth_Bored.Unshaven",2,2508,-0.0799380067449144,0.0470376439416921,-0.172131788870631,0.0122557753808022,-7.68264248523487
"Fur_Brown+Mouth_Bored.Unshaven",2,2510,-0.0742571156235263,0.0461620438374919,-0.16473472154501,0.0162204902979578,-7.15670514664365
"Fur_Brown+Mouth_Bored.Unshaven",2,2511,-0.0753046638765273,0.0477250900424023,-0.168845840359636,0.0182365126065812,-7.2539120546176
"Fur_Brown+Mouth_Bored.Unshaven",2,2512,-0.0775272743058934,0.0473740880692395,-0.170380486921603,0.015325938309816,-7.45982156389048
"Fur_Brown+Mouth_Bored.Unshaven",2,2513,-0.0759190235457601,0.0463117221743925,-0.166689999007569,0.0148519519160491,-7.31087401117433
"Fur_Brown+Mouth_Bored.Unshaven",2,2514,-0.0751835616759979,0.0519440343715479,-0.176993869044232,0.0266267456922359,-7.24267961915432
"Fur_Brown+Mouth_Bored.Unshaven",2,2517,-0.0724491694481235,0.043150340561667,-0.157023836948991,0.0121254980527438,-6.98869763829907
"Fur_Brown+Mouth_Bored.Unshaven",2,2519,-0.0722005501302363,0.0464583233660777,-0.163258863927749,0.0188577636672759,-6.96557035692477
"Fur_Brown+Mouth_Bored.Unshaven",2,2521,-0.0769058381197234,0.0459019141505559,-0.166873589854813,0.0130619136153662,-7.40229587591487
"Fur_Brown+Mouth_Bored.Unshaven",2,2523,-0.0769315705167784,0.0469191426024298,-0.168893090017541,0.015029948983984,-7.40467860614695
"Fur_Brown+Mouth_Bored.Unshaven",2,2525,-0.0746483822106306,0.0477812058664203,-0.168299545708814,0.0190027812875531,-7.19302452001447
"Fur_Brown+Mouth_Bored.Unshaven",2,2526,-0.0791482695279506,0.0482396730895096,-0.173698028783389,0.0154014897274882,-7.60970723618413
"Fur_Brown+Mouth_Bored.Unshaven",2,2527,-0.0814660872608899,0.0466132243875077,-0.172828007060405,0.00989583253862529,-7.82360311351579
"Fur_Brown+Mouth_Bored.Unshaven",2,2528,-0.0749008088053313,0.046928851111417,-0.166881356983709,0.017079739373046,-7.21644851225567
"Fur_Brown+Mouth_Bored.Unshaven",2,2530,-0.076034991990231,0.047044662666278,-0.168242530816136,0.0161725468356739,-7.32162240168551
"Fur_Brown+Mouth_Bored.Unshaven",2,2531,-0.0757060685746297,0.0433068480167428,-0.160587490687446,0.00917535353818622,-7.29113329915849
"Fur_Brown+Mouth_Bored.Unshaven",2,2533,-0.0786624712548589,0.0483920968342757,-0.173510981050039,0.0161860385403214,-7.56481328769062
"Fur_Brown+Mouth_Bored.Unshaven",2,2534,-0.074820068451028,0.0441597861045453,-0.161373249215937,0.0117331123138808,-7.20895683299868
"Fur_Brown+Mouth_Bored.Unshaven",2,2535,-0.0771111241412584,0.0462007815940655,-0.167664656065627,0.01344240778311,-7.42130293918882
"Fur_Brown+Mouth_Bored.Unshaven",2,2536,-0.0713589650264755,0.0527576606629024,-0.174763979925764,0.0320460498728132,-6.88724101101809
"Fur_Brown+Mouth_Bored.Unshaven",2,2537,-0.0775358754300832,0.0446249703538469,-0.165000817323623,0.00992906646345676,-7.46061751003473
"Fur_Brown+Mouth_Bored.Unshaven",2,2541,-0.074438368155596,0.0458877794825275,-0.16437841594135,0.0155016796301579,-7.17353170394739
"Fur_Brown+Mouth_Bored.Unshaven",2,2542,-0.0749246476072133,0.0485226401379941,-0.170029022277682,0.0201797270632551,-7.2186603345938
"Fur_Brown+Mouth_Bored.Unshaven",2,2543,-0.0778808299957002,0.0493536196359366,-0.174613924482136,0.0188522644907355,-7.4925338873575
"Fur_Brown+Mouth_Bored.Unshaven",2,2546,-0.0740260247920408,0.0474103797937867,-0.166950369187863,0.018898319603781,-7.1352474331932
"Fur_Brown+Mouth_Bored.Unshaven",2,2549,-0.0766754361715619,0.0437424999298995,-0.162410736034165,0.00905986369104121,-7.38095872652339
"Fur_Brown+Mouth_Bored.Unshaven",2,2550,-0.0755844806584469,0.0442980805225905,-0.162408718482724,0.0112397571658304,-7.27986033593051
"Fur_Brown+Mouth_Bored.Unshaven",2,2552,-0.0752378854504555,0.0484311085804932,-0.170162858268222,0.0196870873673112,-7.24771841004167
"Fur_Brown+Mouth_Bored.Unshaven",2,2554,-0.0773785249374744,0.0455021084686806,-0.166562657536088,0.0118056076611395,-7.44605524695463
"Fur_Brown+Mouth_Bored.Unshaven",2,2555,-0.0730212769912839,0.0448382605619037,-0.160904267692615,0.0148617137100474,-7.04189488725467
"Fur_Brown+Mouth_Bored.Unshaven",2,2556,-0.0747454024273064,0.0470647537817335,-0.166992319839504,0.0175015149848914,-7.20202823610625
"Fur_Brown+Mouth_Bored.Unshaven",2,2557,-0.0767048168491209,0.0423397929988113,-0.159690811126791,0.00628117742854931,-7.38367989673576
"Fur_Brown+Mouth_Bored.Unshaven",2,2561,-0.0734289153023011,0.0471980424889231,-0.16593707858059,0.0190792479759882,-7.07978044989019
"Fur_Brown+Mouth_Bored.Unshaven",2,2562,-0.0713718307915488,0.0465007211383631,-0.162513244222741,0.0197695826396429,-6.88843897019422
"Fur_Brown+Mouth_Bored.Unshaven",2,2564,-0.0762058503353986,0.0435248492273514,-0.161514554821007,0.00910285415021025,-7.33745592323161
"Fur_Brown+Mouth_Bored.Unshaven",2,2566,-0.0781555404715868,0.0464579256970069,-0.16921307483772,0.0129019938945467,-7.5179431671389
"Fur_Brown+Mouth_Bored.Unshaven",2,2568,-0.0768940084560688,0.0466638260212828,-0.168355107457783,0.0145670905456454,-7.40120046974075
"Fur_Brown+Mouth_Bored.Unshaven",2,2570,-0.0743492498100126,0.0470410807194492,-0.166549768020133,0.0178512684001077,-7.16525879403794
"Fur_Brown+Mouth_Bored.Unshaven",2,2572,-0.0731852044589033,0.0470785584208061,-0.165459178963683,0.0190887700458767,-7.05713202509367
"Fur_Brown+Mouth_Bored.Unshaven",2,2574,-0.0749398068365644,0.0459689173578314,-0.165038884857914,0.0151592711847852,-7.22006681754066
"Fur_Brown+Mouth_Bored.Unshaven",2,2576,-0.075686278305523,0.0458873088130973,-0.165625403579194,0.0142528469681476,-7.28929854758287
"Fur_Brown+Mouth_Bored.Unshaven",2,2577,-0.0750476673699259,0.0460256226188186,-0.16525788770281,0.0151625529629585,-7.23007357094238
"Fur_Brown+Mouth_Bored.Unshaven",2,2578,-0.0753779390149041,0.0492245813194722,-0.17185811840107,0.0211022403712613,-7.2607077880635
"Fur_Brown+Mouth_Bored.Unshaven",2,2579,-0.0759876157951308,0.0475311371619503,-0.169148644632553,0.0171734130422918,-7.31723154877671
"Fur_Brown+Mouth_Bored.Unshaven",2,2580,-0.072337981638301,0.0482745993712993,-0.166956196406048,0.0222802331294455,-6.97835534034266
"Fur_Brown+Mouth_Bored.Unshaven",2,2581,-0.0753995382180297,0.0460569315125656,-0.165671123982658,0.014872047546599,-7.26271086124124
"Fur_Brown+Mouth_Bored.Unshaven",2,2582,-0.0750298536348249,0.0402327750258694,-0.153886092685529,0.00382638541587922,-7.22842097732824
"Fur_Brown+Mouth_Bored.Unshaven",2,2583,-0.0774734116217685,0.0467776064748028,-0.169157520312382,0.0142106970688449,-7.45483696724983
"Fur_Brown+Mouth_Bored.Unshaven",2,2584,-0.0769001503518559,0.0517519413064878,-0.178333955312572,0.0245336546088602,-7.40176920017094
"Fur_Brown+Mouth_Bored.Unshaven",2,2585,-0.0745458420928088,0.0461779020969718,-0.165054530202874,0.0159628460172559,-7.18350759388904
"Fur_Brown+Mouth_Bored.Unshaven",2,2586,-0.0751193035110181,0.0487053915593873,-0.170581870967417,0.020343263945381,-7.23671901245143
"Fur_Brown+Mouth_Bored.Unshaven",2,2587,-0.077775422102904,0.0446983633554424,-0.165384214279571,0.00983337007376302,-7.48278235635151
"Fur_Brown+Mouth_Bored.Unshaven",2,2589,-0.0771152171580384,0.0462111445044862,-0.167689060386831,0.0134586260707545,-7.42168186457389
"Fur_Brown+Mouth_Bored.Unshaven",2,2590,-0.0750926714159557,0.0462899196550014,-0.165820913939758,0.015635571107847,-7.23424849903653
"Fur_Brown+Mouth_Bored.Unshaven",2,2593,-0.0751823874478669,0.0448320439730263,-0.163053193634998,0.0126884187392647,-7.24257070083542
"Fur_Brown+Mouth_Bored.Unshaven",2,2594,-0.0747783850958366,0.047654245611962,-0.168180706495282,0.0186239363036089,-7.20508891037434
"Fur_Brown+Mouth_Bored.Unshaven",2,2595,-0.0771144163301019,0.0500716627086913,-0.175254875239137,0.0210260425789331,-7.42160772524072
"Fur_Brown+Mouth_Bored.Unshaven",2,2598,-0.076918926333295,0.0423194489446487,-0.159865046264806,0.00602719359821655,-7.40350780651166
"Fur_Brown+Mouth_Bored.Unshaven",2,2600,-0.0778320738073219,0.0488476566738772,-0.173573480888121,0.0179093332734775,-7.48802346595873
"Fur_Brown+Mouth_Bored.Unshaven",2,2603,-0.0766826038638798,0.0514934369939935,-0.177609740372107,0.0242445326443474,-7.38162258893483
"Fur_Brown+Mouth_Bored.Unshaven",2,2604,-0.0811265772455472,0.0464200124385107,-0.172109801625028,0.00985664713393367,-7.79230299054267
"Fur_Brown+Mouth_Bored.Unshaven",2,2605,-0.0744654283400855,0.0450806456004174,-0.162823493716904,0.0138926370367327,-7.17604357131903
"Fur_Brown+Mouth_Bored.Unshaven",2,2606,-0.0786902942608445,0.0489521795133575,-0.174636566107025,0.0172559775853362,-7.56738507666617
"Fur_Brown+Mouth_Bored.Unshaven",2,2607,-0.074822765121927,0.0471384490838501,-0.167214125326273,0.0175685950824192,-7.20920705956708
"Fur_Brown+Mouth_Bored.Unshaven",2,2608,-0.075346755748067,0.0434562267449408,-0.160520960168151,0.00982744867201692,-7.25781582887804
"Fur_Brown+Mouth_Bored.Unshaven",2,2609,-0.0742486107456245,0.0494846809380632,-0.171238585384228,0.0227413638929794,-7.15591552239909
"Fur_Brown+Mouth_Bored.Unshaven",2,2610,-0.075916635414608,0.041807913213802,-0.15786014531366,0.00602687448444397,-7.31065265712079
"Fur_Brown+Mouth_Bored.Unshaven",2,2611,-0.0766830546548896,0.04870427492703,-0.172143433511868,0.0187773242020892,-7.3816643404573
"Fur_Brown+Mouth_Bored.Unshaven",2,2613,-0.0740692879203596,0.0440288346165865,-0.160365803768869,0.0122272279281498,-7.13926496599365
"Fur_Brown+Mouth_Bored.Unshaven",2,2614,-0.0729571102222154,0.0436596443623028,-0.158530013172329,0.0126157927278982,-7.03592987461511
"Fur_Brown+Mouth_Bored.Unshaven",2,2615,-0.0708391292426869,0.0460319330531473,-0.161061718026856,0.0193834595414819,-6.8388250838929
"Fur_Brown+Mouth_Bored.Unshaven",2,2616,-0.0749189351343951,0.0479947124405935,-0.168988571517958,0.0191507012491682,-7.21813032219908
"Fur_Brown+Mouth_Bored.Unshaven",2,2619,-0.0745795567167503,0.0472214723696729,-0.167133642561309,0.0179745291278085,-7.18663681427554
"Fur_Brown+Mouth_Bored.Unshaven",2,2620,-0.0776511929098118,0.0471619155743143,-0.170088547435468,0.0147861616158443,-7.4712883031228
"Fur_Brown+Mouth_Bored.Unshaven",2,2621,-0.0754088225396322,0.0460261580523584,-0.165620092322255,0.0148024472429903,-7.26357186006125
"Fur_Brown+Mouth_Bored.Unshaven",2,2622,-0.0764790170497318,0.0469292098384295,-0.168460268333054,0.01550223423359,-7.36276478901159
"Fur_Brown+Mouth_Bored.Unshaven",2,2623,-0.0731455483039357,0.0479296681777438,-0.167087697932314,0.0207966013244422,-7.05344619523569
"Fur_Brown+Mouth_Bored.Unshaven",2,2625,-0.0755605630758297,0.045667170461021,-0.165068217179431,0.0139470910277713,-7.27764266780929
"Fur_Brown+Mouth_Bored.Unshaven",2,2629,-0.0735438174067519,0.0476899243840861,-0.167016069199561,0.0199284343860569,-7.09045656529673
"Fur_Brown+Mouth_Bored.Unshaven",2,2630,-0.0772246690533499,0.049194447210399,-0.173645785585732,0.0191964474790322,-7.43181418244775
"Fur_Brown+Mouth_Bored.Unshaven",2,2632,-0.0739096153490336,0.0475278506844165,-0.16706420269049,0.0192449719924227,-7.12443646983499
"Fur_Brown+Mouth_Bored.Unshaven",2,2635,-0.0761507541302443,0.0497822894087577,-0.173724041371409,0.0214225331109208,-7.33235042804762
"Fur_Brown+Mouth_Bored.Unshaven",2,2638,-0.0755255410250861,0.0487310265990617,-0.171038353159247,0.0199872711090747,-7.27439528384105
"Fur_Brown+Mouth_Bored.Unshaven",2,2639,-0.0739426928753649,0.0470640693252786,-0.166188268752911,0.0183028830021812,-7.12750851292513
"Fur_Brown+Mouth_Bored.Unshaven",2,2641,-0.0767989495323066,0.0490778350783126,-0.172991506285799,0.0193936072211862,-7.39239770913189
"Fur_Brown+Mouth_Bored.Unshaven",2,2642,-0.0792751838692873,0.0465352485426338,-0.17048427101285,0.0119339032742749,-7.62143214529085
"Fur_Brown+Mouth_Bored.Unshaven",2,2644,-0.0744737451310934,0.0502814031552954,-0.173025295315472,0.0240778050532855,-7.17681556555492
"Fur_Brown+Mouth_Bored.Unshaven",2,2645,-0.0772835360680035,0.044249508627526,-0.164012572977955,0.00944550084194756,-7.43726323481243
"Fur_Brown+Mouth_Bored.Unshaven",2,2648,-0.0751450969635173,0.0425466520754138,-0.158536535031328,0.00824634110429377,-7.23911166687571
"Fur_Brown+Mouth_Bored.Unshaven",2,2649,-0.0739247200657282,0.0406615925519561,-0.153621441467562,0.00577200133610582,-7.12583931831513
"Fur_Brown+Mouth_Bored.Unshaven",2,2651,-0.0773771641257553,0.0465911666317707,-0.168695850724026,0.0139415224725152,-7.44592929837626
"Fur_Brown+Mouth_Bored.Unshaven",2,2655,-0.0784184836483591,0.0464153109824272,-0.169392493173916,0.0125555258771983,-7.54225749617342
"Fur_Brown+Mouth_Bored.Unshaven",2,2657,-0.074719120958468,0.0452020919949709,-0.163315221268611,0.0138769793516749,-7.19958933705429
"Fur_Brown+Mouth_Bored.Unshaven",2,2658,-0.0717873506949866,0.0494757739080262,-0.168759867554718,0.0251851661647448,-6.92712063998385
"Fur_Brown+Mouth_Bored.Unshaven",2,2659,-0.0757861130561112,0.0511546221523936,-0.176049172474803,0.0244769463625802,-7.29855383533186
"Fur_Brown+Mouth_Bored.Unshaven",2,2660,-0.0763997921259545,0.0462712246981928,-0.167091392534412,0.0142918082825033,-7.35542532038248
"Fur_Brown+Mouth_Bored.Unshaven",2,2661,-0.0778215664914068,0.0456391804551934,-0.167274360183586,0.0116312272007723,-7.4870514082885
"Fur_Brown+Mouth_Bored.Unshaven",2,2662,-0.077643449335095,0.0466743037623016,-0.169125084709206,0.0138381860390161,-7.47057179735617
"Fur_Brown+Mouth_Bored.Unshaven",2,2663,-0.0754025001457094,0.0469035890308508,-0.167333534646177,0.0165285343547582,-7.2629855419781
"Fur_Brown+Mouth_Bored.Unshaven",2,2664,-0.0755056429882646,0.0464577129834257,-0.166562760435779,0.0155514744592498,-7.27255020798748
"Fur_Brown+Mouth_Bored.Unshaven",2,2665,-0.0803559365687846,0.0469476926832429,-0.172373414227941,0.0116615410903716,-7.72121660100301
"Fur_Brown+Mouth_Bored.Unshaven",2,2666,-0.0738165516915572,0.0497033854975078,-0.171235187266672,0.0236020838835581,-7.11579272799981
"Fur_Brown+Mouth_Bored.Unshaven",2,2668,-0.0777395695854202,0.0482564827668659,-0.172322275808477,0.0168431366376369,-7.47946532172672
"Fur_Brown+Mouth_Bored.Unshaven",2,2671,-0.0751831058279788,0.0470285960374802,-0.16735915406144,0.0169929424054825,-7.24263733590393
"Fur_Brown+Mouth_Bored.Unshaven",2,2672,-0.0806469716531677,0.0441810794786451,-0.167241887431312,0.00594794412497662,-7.7480690568234
"Fur_Brown+Mouth_Bored.Unshaven",2,2673,-0.0750135405692461,0.0461757506063414,-0.165518011757675,0.0154909306191831,-7.22690757613172
"Fur_Brown+Mouth_Bored.Unshaven",2,2674,-0.0766824490110034,0.0455342286324496,-0.165929537130605,0.0125646391085978,-7.38160824671157
"Fur_Brown+Mouth_Bored.Unshaven",2,2675,-0.079059967468963,0.0464335282516676,-0.170069682842232,0.0119497479043056,-7.60154862289674
"Fur_Brown+Mouth_Bored.Unshaven",2,2676,-0.0752008351038866,0.0520912914833303,-0.177299766411214,0.0268980962034408,-7.24428184220108
"Fur_Brown+Mouth_Bored.Unshaven",2,2677,-0.0773597939052015,0.0488235434034223,-0.173053938975909,0.0183343511655062,-7.44432159979203
"Fur_Brown+Mouth_Bored.Unshaven",2,2678,-0.0725171122656412,0.0441708108674039,-0.159091901565753,0.0140576770344704,-6.99501687356675
"Fur_Brown+Mouth_Bored.Unshaven",2,2682,-0.0742593857006851,0.0439538983159837,-0.160409026400013,0.0118902549986428,-7.15691590784742
"Fur_Brown+Mouth_Bored.Unshaven",2,2683,-0.075668192956721,0.0444460131506359,-0.162782378731967,0.0114459928185254,-7.28762182704742
"Fur_Brown+Mouth_Bored.Unshaven",2,2684,-0.0765736038480159,0.0454827421179067,-0.165719778399113,0.0125725707030812,-7.37152663410812
"Fur_Brown+Mouth_Bored.Unshaven",2,2686,-0.0767111098571604,0.0435511803043686,-0.162071423253723,0.00864920353940213,-7.38426273014887
"Fur_Brown+Mouth_Bored.Unshaven",2,2687,-0.0737869084990407,0.0505395538195564,-0.172844433985371,0.0252706169872899,-7.11303930275196
"Fur_Brown+Mouth_Bored.Unshaven",2,2688,-0.0775903788647757,0.0469870513371392,-0.169684999485568,0.0145042417560171,-7.46566108677738
"Fur_Brown+Mouth_Bored.Unshaven",2,2689,-0.0740884863070394,0.0476686356596716,-0.167519012199996,0.0193420395859169,-7.1410477251791
"Fur_Brown+Mouth_Bored.Unshaven",2,2691,-0.0743950503681119,0.0481821477309717,-0.168832059920816,0.0200419591845926,-7.16951057962836
"Fur_Brown+Mouth_Bored.Unshaven",2,2692,-0.0745650159687322,0.0505016197936259,-0.173548190764239,0.0244181588267745,-7.18528722873677
"Fur_Brown+Mouth_Bored.Unshaven",2,2694,-0.0740068821839289,0.0472140658077683,-0.166546451167155,0.0185326867992969,-7.13346974261264
"Fur_Brown+Mouth_Bored.Unshaven",2,2695,-0.0796477853436168,0.0478614086743578,-0.173456146345358,0.0141605756581245,-7.6558461241222
"Fur_Brown+Mouth_Bored.Unshaven",2,2697,-0.076413665357144,0.0473640150823846,-0.169247134918618,0.0164198042043298,-7.35671059107
"Fur_Brown+Mouth_Bored.Unshaven",2,2698,-0.0753742318545326,0.0473640099095561,-0.168207691277262,0.0174592275681973,-7.26036398799728
"Fur_Brown+Mouth_Bored.Unshaven",2,2699,-0.0754870099654709,0.0429492743122985,-0.159667587617576,0.00869356768663417,-7.2708223992048
"Fur_Brown+Mouth_Bored.Unshaven",2,2700,-0.0747452551501447,0.0437910864091543,-0.160575784512087,0.0110852742117978,-7.20201456908335
"Fur_Brown+Mouth_Bored.Unshaven",2,2706,-0.0743887214330513,0.0440907120433029,-0.160806517037925,0.0120290741718223,-7.16892305963
"Fur_Brown+Mouth_Bored.Unshaven",2,2707,-0.0775088472863254,0.0471070390003436,-0.169838643726999,0.0148209491543481,-7.45811630850027
"Fur_Brown+Mouth_Bored.Unshaven",2,2710,-0.0740736911732006,0.0447808513063912,-0.161844159733727,0.0136967773873262,-7.13967385438878
"Fur_Brown+Mouth_Bored.Unshaven",2,2711,-0.0760583865414543,0.0489512799436211,-0.172002895230952,0.0198861221480431,-7.32379054537605
"Fur_Brown+Mouth_Bored.Unshaven",2,2714,-0.0735622594998604,0.0455649595169728,-0.162869580153127,0.0157450611534062,-7.09216999594775
"Fur_Brown+Mouth_Bored.Unshaven",2,2715,-0.0750505007628425,0.0472265590352642,-0.16761455647196,0.0175135549462753,-7.23033642422242
"Fur_Brown+Mouth_Bored.Unshaven",2,2716,-0.076942662658401,0.0421393038479959,-0.159535698200473,0.00565037288367093,-7.40570568086921
"Fur_Brown+Mouth_Bored.Unshaven",2,2717,-0.0739928174065084,0.0443423943565366,-0.16090391034532,0.0129182755323032,-7.13216358634938
"Fur_Brown+Mouth_Bored.Unshaven",2,2718,-0.0780949429749765,0.0431932797097832,-0.162753771206152,0.00656388525619851,-7.51233881621035
"Fur_Brown+Mouth_Bored.Unshaven",2,2719,-0.0755361565513279,0.0483076711548888,-0.17021919201491,0.0191468789122542,-7.27537960970662
"Fur_Brown+Mouth_Bored.Unshaven",2,2721,-0.0748023742173046,0.0482584177147882,-0.16938887293829,0.0197841245036803,-7.20731495206758
"Fur_Brown+Mouth_Bored.Unshaven",2,2722,-0.0729521118555291,0.0489676668459866,-0.168928738873663,0.0230245151626047,-7.03546520494268
"Fur_Brown+Mouth_Bored.Unshaven",2,2723,-0.0725402189617576,0.0482803966462165,-0.167169796388342,0.0220893584648268,-6.99716588662077
"Fur_Brown+Mouth_Bored.Unshaven",2,2725,-0.0788622171753865,0.0464226518446909,-0.169850614790981,0.0121261804402078,-7.58327499526283
"Fur_Brown+Mouth_Bored.Unshaven",2,2726,-0.0745137634029392,0.0475565591612872,-0.167724619359062,0.0186970925531838,-7.18053011465779
"Fur_Brown+Mouth_Bored.Unshaven",2,2728,-0.0762133499564883,0.0449252770751491,-0.16426689302378,0.0118401931108039,-7.33815085459553
"Fur_Brown+Mouth_Bored.Unshaven",2,2729,-0.0717915301677229,0.0472727230380448,-0.164446067322291,0.0208630069868449,-6.92750963473274
"Fur_Brown+Mouth_Bored.Unshaven",2,2730,-0.0756083232174072,0.0420575398886694,-0.158041101399199,0.0068244549643848,-7.28207099497327
"Fur_Brown+Mouth_Bored.Unshaven",2,2731,-0.0728637021267962,0.0455148928984427,-0.162072892207744,0.0163454879541516,-7.02724587231054
"Fur_Brown+Mouth_Bored.Unshaven",2,2734,-0.0760092271066398,0.0450209825721127,-0.164250352947981,0.012231898734701,-7.3192345233137
"Fur_Brown+Mouth_Bored.Unshaven",2,2738,-0.0744453308232767,0.0462236153825927,-0.165043616973158,0.0161529553266049,-7.17417802154805
"Fur_Brown+Mouth_Bored.Unshaven",2,2739,-0.0727440928024078,0.0504652273699632,-0.171655938447536,0.0261677528427201,-7.01612479892402
"Fur_Brown+Mouth_Bored.Unshaven",2,2740,-0.075489550818971,0.0439291421939313,-0.161590669519076,0.0106115678811345,-7.27105801016094
"Fur_Brown+Mouth_Bored.Unshaven",2,2741,-0.07538093897101,0.0438070473950879,-0.161242751865382,0.0104808739233622,-7.26098600145212
"Fur_Brown+Mouth_Bored.Unshaven",2,2742,-0.077446641189408,0.0381389161673881,-0.152198916877489,-0.00269436550132743,-7.45235946006075
"Fur_Brown+Mouth_Bored.Unshaven",2,2743,-0.0790072932389967,0.0516782791556175,-0.180296720384007,0.0222821339060137,-7.59668147743492
"Fur_Brown+Mouth_Bored.Unshaven",2,2744,-0.078908566488193,0.0499777437304234,-0.176864944199823,0.0190478112234368,-7.58755834769265
"Fur_Brown+Mouth_Bored.Unshaven",2,2745,-0.0762554872372369,0.0484494609076773,-0.171216430616284,0.0187054561418106,-7.34205529068592
"Fur_Brown+Mouth_Bored.Unshaven",2,2747,-0.0765798772259317,0.0474890000574925,-0.169658317338617,0.0164985628867537,-7.37210772570459
"Fur_Brown+Mouth_Bored.Unshaven",2,2748,-0.0775394894745059,0.0479296177197684,-0.171481540205252,0.0164025612562401,-7.46095195086955
"Fur_Brown+Mouth_Bored.Unshaven",2,2749,-0.0780122100205346,0.0479157542136667,-0.171927088279321,0.015902668238252,-7.50468672221539
"Fur_Brown+Mouth_Bored.Unshaven",2,2751,-0.0750717202136836,0.0448134535686846,-0.162906089208305,0.0127626487809382,-7.23230492465289
"Fur_Brown+Mouth_Bored.Unshaven",2,2752,-0.0766377646338246,0.0457083951151521,-0.166226219059523,0.0129506897918735,-7.37746955909413
"Fur_Brown+Mouth_Bored.Unshaven",2,2753,-0.0777691619435642,0.0489242965674016,-0.173660783215671,0.0181224593285429,-7.48220318201452
"Fur_Brown+Mouth_Bored.Unshaven",2,2754,-0.0752847121912129,0.0442364126100461,-0.161988080906903,0.0114186565244775,-7.25206159539694
"Fur_Brown+Mouth_Bored.Unshaven",2,2756,-0.0769379059713764,0.0475708716322476,-0.170176814370582,0.0163010024278288,-7.40526523774334
"Fur_Brown+Mouth_Bored.Unshaven",2,2758,-0.0759095209550827,0.0469844698134229,-0.167999081789392,0.0161800398792261,-7.30999322016492
"Fur_Brown+Mouth_Bored.Unshaven",2,2759,-0.0784237181671855,0.0489577622446568,-0.174380932166713,0.0175334958323419,-7.54274146670052
"Fur_Brown+Mouth_Bored.Unshaven",2,2760,-0.0762093299887091,0.0481730518438945,-0.170628511602742,0.0182098516253241,-7.33777835619889
"Fur_Brown+Mouth_Bored.Unshaven",2,2761,-0.0761956221928484,0.0448829583090526,-0.164166220478592,0.0117749760928946,-7.33650815267478
"Fur_Brown+Mouth_Bored.Unshaven",2,2762,-0.0751861965664244,0.0474515820691344,-0.168191297421928,0.017818904289079,-7.24292402420779
"Fur_Brown+Mouth_Bored.Unshaven",2,2764,-0.0744829036396221,0.0466206441528349,-0.165859366179179,0.0168935588999344,-7.17766568358831
"Fur_Brown+Mouth_Bored.Unshaven",2,2765,-0.0745819683121897,0.046602653863927,-0.165923169885487,0.0167592332611072,-7.18686064228902
"Fur_Brown+Mouth_Bored.Unshaven",2,2766,-0.0806041551065287,0.0475557798256237,-0.173813483564751,0.0126051733516938,-7.7441190631577
"Fur_Brown+Mouth_Bored.Unshaven",2,2767,-0.0727022989380341,0.0481572639907542,-0.167090536359912,0.0216859384838442,-7.01223856224507
"Fur_Brown+Mouth_Bored.Unshaven",2,2769,-0.0741722701744708,0.0461441009155325,-0.164614707968915,0.016270167619973,-7.14882748141272
"Fur_Brown+Mouth_Bored.Unshaven",2,2771,-0.0762182598949304,0.0488035738922673,-0.171873264723774,0.0194367449339136,-7.33860581745385
"Fur_Brown+Mouth_Bored.Unshaven",2,2773,-0.0739361350011481,0.0459449451622072,-0.163988227519074,0.0161159575167779,-7.12689946481072
"Fur_Brown+Mouth_Bored.Unshaven",2,2774,-0.0750056385448252,0.0482667064164382,-0.169608383121044,0.0195971060313937,-7.22617447799332
"Fur_Brown+Mouth_Bored.Unshaven",2,2776,-0.0747404742651186,0.0486162844435332,-0.170028391774444,0.0205474432442065,-7.20157091152381
"Fur_Brown+Mouth_Bored.Unshaven",2,2777,-0.0784014832985553,0.0499699107810679,-0.176342508429448,0.0195395418323379,-7.54068566884801
"Fur_Brown+Mouth_Bored.Unshaven",2,2778,-0.0732531968782592,0.0468147035616507,-0.165010015859095,0.0185036221025763,-7.06345122071803
"Fur_Brown+Mouth_Bored.Unshaven",2,2780,-0.0750032481787417,0.0469992453320501,-0.16712176902956,0.0171152726720765,-7.2259527143223
"Fur_Brown+Mouth_Bored.Unshaven",2,2782,-0.0765149164255592,0.0479906280687644,-0.170576547440337,0.017546714589219,-7.36609034824093
"Fur_Brown+Mouth_Bored.Unshaven",2,2785,-0.0724316945480688,0.0483322373034664,-0.167162879662863,0.0222994905667253,-6.98707226088473
"Fur_Brown+Mouth_Bored.Unshaven",2,2788,-0.0743618264866312,0.0446869128219278,-0.16194817561761,0.0132245226443473,-7.16642633921513
"Fur_Brown+Mouth_Bored.Unshaven",2,2792,-0.0770418627804879,0.0445366428067269,-0.164333682681673,0.0102499571206969,-7.4148905905906
"Fur_Brown+Mouth_Bored.Unshaven",2,2794,-0.0784649635706294,0.0466281126659526,-0.169856064395896,0.0129261372546377,-7.54655482498776
"Fur_Brown+Mouth_Bored.Unshaven",2,2795,-0.075587225105903,0.0494416200377405,-0.172492800379874,0.0213183501680683,-7.28011480113275
"Fur_Brown+Mouth_Bored.Unshaven",2,2796,-0.0740813298103267,0.0448681185203627,-0.162022842110238,0.0138601824895842,-7.14038317801449
"Fur_Brown+Mouth_Bored.Unshaven",2,2797,-0.0766605155792577,0.0457259440906173,-0.166283365996868,0.0129623348383522,-7.37957678525928
"Fur_Brown+Mouth_Bored.Unshaven",2,2799,-0.0715474004441059,0.048454116135092,-0.166517468068886,0.0234226671806744,-6.90478509962915
"Fur_Brown+Mouth_Bored.Unshaven",2,2800,-0.0735204449801583,0.044975995211488,-0.161673395594675,0.0146325056343581,-7.08828501843589
"Fur_Brown+Mouth_Bored.Unshaven",2,2801,-0.0759816442296281,0.0491938123198403,-0.172401516376515,0.0204382279172589,-7.31667808590142
"Fur_Brown+Mouth_Bored.Unshaven",2,2803,-0.103723645130337,0.0394029483122391,-0.180953423822325,-0.0264938664383479,-9.85256101618232
"Fur_Brown+Mouth_Bored.Unshaven",2,2804,-0.0789937260766408,0.0453603434821203,-0.167899999301596,0.00991254714831491,-7.59542781810603
"Fur_Brown+Mouth_Bored.Unshaven",2,2805,-0.074976762164087,0.0435228380566088,-0.16028152475504,0.0103280004268664,-7.22349546700511
"Fur_Brown+Mouth_Bored.Unshaven",2,2807,-0.0759935233577149,0.0511156754744832,-0.176180247287702,0.0241932005722722,-7.31777907641453
"Fur_Brown+Mouth_Bored.Unshaven",2,2808,-0.0760758724949228,0.0469643041582917,-0.168125908645175,0.015974163655329,-7.32541106309402
"Fur_Brown+Mouth_Bored.Unshaven",2,2809,-0.0770479321053999,0.0491951643139382,-0.173470454160719,0.019374589949919,-7.41545251799636
"Fur_Brown+Mouth_Bored.Unshaven",2,2810,-0.0720468819954835,0.0471254374318642,-0.164412739361937,0.0203189753709704,-6.95127283114481
"Fur_Brown+Mouth_Bored.Unshaven",2,2811,-0.0762029891100453,0.046701358231007,-0.167737651242819,0.0153316730227283,-7.3371907944319
"Fur_Brown+Mouth_Bored.Unshaven",2,2812,-0.075049505782106,0.0456477759456926,-0.164519146635663,0.0144201350714515,-7.2302441201483
"Fur_Brown+Mouth_Bored.Unshaven",2,2813,-0.0757791226797041,0.0474254629325223,-0.168733030027448,0.0171747846680396,-7.29790581506474
"Fur_Brown+Mouth_Bored.Unshaven",2,2814,-0.0772090964065136,0.046598869913508,-0.168542881436989,0.0141246886239621,-7.43037263955745
"Fur_Brown+Mouth_Bored.Unshaven",2,2815,-0.0758493916648865,0.0448978831768296,-0.163849242691472,0.0121504593616994,-7.30441966828379
"Fur_Brown+Mouth_Bored.Unshaven",2,2816,-0.0760709638526943,0.0480494967806721,-0.170247977542812,0.018106049837423,-7.32495615557677
"Fur_Brown+Mouth_Bored.Unshaven",2,2819,-0.0754974128876554,0.0474359947207809,-0.168471962540386,0.0174771367650752,-7.27178704860601
"Fur_Brown+Mouth_Bored.Unshaven",2,2820,-0.0772666992111656,0.0471547058163229,-0.169689922611159,0.0151565241888274,-7.43570475614508
"Fur_Brown+Mouth_Bored.Unshaven",2,2821,-0.0774411031813372,0.0470843642247129,-0.169726457061775,0.0148442506991002,-7.45184692906131
"Fur_Brown+Mouth_Bored.Unshaven",2,2823,-0.0738771689483962,0.0441339833953598,-0.160379776403301,0.012625438506509,-7.12142294320248
"Fur_Brown+Mouth_Bored.Unshaven",2,2824,-0.0773448162686992,0.0415387256734274,-0.158760718588617,0.0040710860512185,-7.44293532410318
"Fur_Brown+Mouth_Bored.Unshaven",2,2825,-0.0741645624785235,0.0500565286590472,-0.172275358650256,0.0239462336932089,-7.14811181004852
"Fur_Brown+Mouth_Bored.Unshaven",2,2826,-0.0747539044945457,0.0455703681395485,-0.164071826048061,0.0145640170589694,-7.20281720734791
"Fur_Brown+Mouth_Bored.Unshaven",2,2827,-0.0754545553429326,0.0448159757986389,-0.163293867908265,0.0123847572223997,-7.267812859911
"Fur_Brown+Mouth_Bored.Unshaven",2,2830,-0.0734727539441447,0.0491337776084818,-0.169774958056769,0.0228294501684796,-7.08385385682812
"Fur_Brown+Mouth_Bored.Unshaven",2,2833,-0.0763915683877029,0.0435352113939615,-0.161720582719867,0.00893744594446158,-7.3546634325171
"Fur_Brown+Mouth_Bored.Unshaven",2,2835,-0.0761661404984987,0.0447210314636284,-0.16381936216721,0.011487081170213,-7.33377623566018
"Fur_Brown+Mouth_Bored.Unshaven",2,2841,-0.0771469528574819,0.0436202421568748,-0.162642627484956,0.0083487217699926,-7.42461985563337
"Fur_Brown+Mouth_Bored.Unshaven",2,2842,-0.0747711709036931,0.047542821257383,-0.167955100568164,0.0184127587607777,-7.20441946764105
"Fur_Brown+Mouth_Bored.Unshaven",2,2843,-0.0781605197054721,0.0458393715675103,-0.168005687977792,0.011684648566848,-7.51840365578362
"Fur_Brown+Mouth_Bored.Unshaven",2,2846,-0.0727167575280655,0.0466604644313811,-0.164171267813572,0.0187377527574416,-7.01358302444609
"Fur_Brown+Mouth_Bored.Unshaven",2,2847,-0.0769310821222007,0.0500493984963275,-0.175027903175003,0.0211657389306013,-7.40463338308303
"Fur_Brown+Mouth_Bored.Unshaven",2,2849,-0.0775026928882558,0.0444197135925836,-0.16456533152972,0.00955994575320804,-7.45754676715733
"Fur_Brown+Mouth_Bored.Unshaven",2,2850,-0.0777214369087147,0.0439801832963831,-0.163922596169626,0.00847972235219617,-7.4777876615726
"Fur_Brown+Mouth_Bored.Unshaven",2,2853,-0.0740345777851628,0.0459809250096736,-0.164157190804123,0.0160880352337975,-7.13604170138649
"Fur_Brown+Mouth_Bored.Unshaven",2,2854,-0.0742469680684529,0.0491717385876055,-0.17062357570016,0.0221296395632539,-7.15576300941574
"Fur_Brown+Mouth_Bored.Unshaven",2,2859,-0.0767942223804352,0.0510929355720021,-0.176936376101559,0.0233479313406889,-7.39195993789672
"Fur_Brown+Mouth_Bored.Unshaven",2,2860,-0.0753979911867174,0.0470248710972097,-0.167566738537248,0.0167707561638136,-7.26256739364015
"Fur_Brown+Mouth_Bored.Unshaven",2,2861,-0.0751369840763191,0.0442782842262663,-0.161922421159801,0.011648453007163,-7.23835910519953
"Fur_Brown+Mouth_Bored.Unshaven",2,2863,-0.0753001389808356,0.0440305988421172,-0.161600112711385,0.0109998347497142,-7.25349238729436
"Fur_Brown+Mouth_Bored.Unshaven",2,2864,-0.0806083866850878,0.0427932847322396,-0.164483224760278,0.00326645139010188,-7.74450945033944
"Fur_Brown+Mouth_Bored.Unshaven",2,2867,-0.0797665889944219,0.0462885432291543,-0.170492133723564,0.0109589557347206,-7.66681629507207
"Fur_Brown+Mouth_Bored.Unshaven",2,2868,-0.0747052112921287,0.0453903942970829,-0.163670384114411,0.0142599615301538,-7.19829850532832
"Fur_Brown+Mouth_Bored.Unshaven",2,2869,-0.0710888571400895,0.0464562514686624,-0.162143110018668,0.0199653957384888,-6.86208712351324
"Fur_Brown+Mouth_Bored.Unshaven",2,2870,-0.0779294691381576,0.0425027259285189,-0.161234811958055,0.00537587368173935,-7.49703326175638
"Fur_Brown+Mouth_Bored.Unshaven",2,2872,-0.0784448798089265,0.0465540043989775,-0.169690728430922,0.0128009688130694,-7.54469799338022
"Fur_Brown+Mouth_Bored.Unshaven",2,2873,-0.0772617478857224,0.0438604677946568,-0.16322826476325,0.00870476899180497,-7.43524643906028
"Fur_Brown+Mouth_Bored.Unshaven",2,2874,-0.0794141347706698,0.0480956680591842,-0.173681644166671,0.0148533746253313,-7.63426733881118
"Fur_Brown+Mouth_Bored.Unshaven",2,2875,-0.0752886778448796,0.0463548503083757,-0.166144184449296,0.0155668287595368,-7.25242940086965
"Fur_Brown+Mouth_Bored.Unshaven",2,2876,-0.0760737250157105,0.044100554280262,-0.162510811405024,0.010363361373603,-7.32521204612708
"Fur_Brown+Mouth_Bored.Unshaven",2,2877,-0.0773620872575526,0.0447686821452478,-0.165108704262238,0.0103845297471331,-7.44453386233129
"Fur_Brown+Mouth_Bored.Unshaven",2,2878,-0.0766952600381854,0.0472068835489311,-0.16922075179409,0.0158302317177196,-7.38279477584553
"Fur_Brown+Mouth_Bored.Unshaven",2,2879,-0.073633560637041,0.0455803187559438,-0.162970985398691,0.0157038641246089,-7.09879419372079
"Fur_Brown+Mouth_Bored.Unshaven",2,2880,-0.0790883680547789,0.0461683461702196,-0.169578326548409,0.0114015904388516,-7.6041727557807
"Fur_Brown+Mouth_Bored.Unshaven",2,2881,-0.0742622227461132,0.0462572041845698,-0.16492634294787,0.0164018974556435,-7.15717930752103
"Fur_Brown+Mouth_Bored.Unshaven",2,2882,-0.0776060376758051,0.0461914744441803,-0.168141327586398,0.0129292522347882,-7.46711005315958
"Fur_Brown+Mouth_Bored.Unshaven",2,2883,-0.0765522086256423,0.0456871867741952,-0.166099094703065,0.0129946774517804,-7.36954480612158
"Fur_Brown+Mouth_Bored.Unshaven",2,2885,-0.0751196555477879,0.0488473826010527,-0.170860525445851,0.0206212143502753,-7.23675166853147
"Fur_Brown+Mouth_Bored.Unshaven",2,2886,-0.0769250135011427,0.0457057889322998,-0.16650835980845,0.0126583328061649,-7.40407145518623
"Fur_Brown+Mouth_Bored.Unshaven",2,2887,-0.0753506823372321,0.0492160070026086,-0.171814056062345,0.0211126913878808,-7.25817998861861
"Fur_Brown+Mouth_Bored.Unshaven",2,2889,-0.0725303747620721,0.0491225536503255,-0.16881057991671,0.0237498303925659,-6.99625034364406
"Fur_Brown+Mouth_Bored.Unshaven",2,2893,-0.0770737007505256,0.0507537385897907,-0.176551028386515,0.0224036268854641,-7.41783826560567
"Fur_Brown+Mouth_Bored.Unshaven",2,2894,-0.075352993843872,0.0457516575365338,-0.165026242615478,0.0143202549277342,-7.2583943617036
"Fur_Brown+Mouth_Bored.Unshaven",2,2898,-0.074837698888505,0.0462176518697394,-0.165424296553194,0.0157488987761842,-7.21059276526252
"Fur_Brown+Mouth_Bored.Unshaven",2,2899,-0.0751149711061548,0.043235569749906,-0.159856687815971,0.00962674560366103,-7.23631712349117
"Fur_Brown+Mouth_Bored.Unshaven",2,2901,-0.0762547367218811,0.0446974758449282,-0.16386178937794,0.0113523159341782,-7.34198574944949
"Fur_Brown+Mouth_Bored.Unshaven",2,2903,-0.0772622162735891,0.0445235176824254,-0.164528310931143,0.0100038783839647,-7.43528979525757
"Fur_Brown+Mouth_Bored.Unshaven",2,2905,-0.0781744039203029,0.0451765243932031,-0.166720391730981,0.0103715838903752,-7.5196876812213
"Fur_Brown+Mouth_Bored.Unshaven",2,2907,-0.0750179513694542,0.0455844049724525,-0.164363385115461,0.0143274823765527,-7.22731677880464
"Fur_Brown+Mouth_Bored.Unshaven",2,2910,-0.074191575281331,0.0474373452074699,-0.167168771887972,0.0187856213253099,-7.15061996591818
"Fur_Brown+Mouth_Bored.Unshaven",2,2914,-0.0758542769964218,0.0483773835953112,-0.170673948843232,0.018965394850388,-7.30487251581942
"Fur_Brown+Mouth_Bored.Unshaven",2,2915,-0.0777367725333661,0.0467311077907301,-0.169329743803197,0.0138561987364649,-7.47920653661324
"Fur_Brown+Mouth_Bored.Unshaven",2,2916,-0.0726676716073496,0.0499543864594647,-0.170578269067901,0.0252429258532013,-7.00901858853094
"Fur_Brown+Mouth_Bored.Unshaven",2,2917,-0.0776855118826741,0.0417172188177844,-0.159451260765532,0.0040802370001834,-7.47446373897935
"Fur_Brown+Mouth_Bored.Unshaven",2,2918,-0.0747756940034815,0.0468088725209883,-0.166521084144618,0.0169696961376555,-7.20483919036249
"Fur_Brown+Mouth_Bored.Unshaven",2,2919,-0.0728254910052299,0.0501731110642976,-0.171164788691253,0.0255138066807934,-7.02369321122507
"Fur_Brown+Mouth_Bored.Unshaven",2,2920,-0.0728685799561717,0.0458561203140293,-0.162746575771669,0.0170094158593257,-7.02769937643569
"Fur_Brown+Mouth_Bored.Unshaven",2,2921,-0.0760338116498747,0.0440772525812059,-0.162425226709038,0.0103576034092889,-7.32151300959172
"Fur_Brown+Mouth_Bored.Unshaven",2,2923,-0.0758032236103537,0.0473220472376045,-0.168554436196058,0.0169479889753511,-7.30013999488475
"Fur_Brown+Mouth_Bored.Unshaven",2,2924,-0.0755236776530964,0.0468583337316002,-0.167366011767033,0.01631865646084,-7.27422250138551
"Fur_Brown+Mouth_Bored.Unshaven",2,2925,-0.0710312411840492,0.0508939711051849,-0.170783424550212,0.0287209421821132,-6.85672073902607
"Fur_Brown+Mouth_Bored.Unshaven",2,2926,-0.0739859713863377,0.0510302098832457,-0.174005182757499,0.0260332399848239,-7.13152780909182
"Fur_Brown+Mouth_Bored.Unshaven",2,2927,-0.0741205658181534,0.0493569917774748,-0.170860269702004,0.0226191380656972,-7.1440265471908
"Fur_Brown+Mouth_Bored.Unshaven",2,2928,-0.0779986706392499,0.0458593163341511,-0.167882930654186,0.0118855893756864,-7.50343438442395
"Fur_Brown+Mouth_Bored.Unshaven",2,2932,-0.0745572656465466,0.0460643478880271,-0.16484338750708,0.0157288562139866,-7.18456788202164
"Fur_Brown+Mouth_Bored.Unshaven",2,2939,-0.0731431569679041,0.0473767058936298,-0.166001500519418,0.0197151865836102,-7.05322392852681
"Fur_Brown+Mouth_Bored.Unshaven",2,2940,-0.0761477573119208,0.0502070990551747,-0.174553671460063,0.0222581568362216,-7.33207271952128
"Fur_Brown+Mouth_Bored.Unshaven",2,2941,-0.0743776003874146,0.0477168651697221,-0.16790265612007,0.0191474553452407,-7.16789067524625
"Fur_Brown+Mouth_Bored.Unshaven",2,2942,-0.0788596973140162,0.0468112146194181,-0.170609677968076,0.0128902833400434,-7.58304211763412
"Fur_Brown+Mouth_Bored.Unshaven",2,2944,-0.0730920620236103,0.0440033465681305,-0.159338621297146,0.0131544972499254,-7.04847469685133
"Fur_Brown+Mouth_Bored.Unshaven",2,2947,-0.077170635906852,0.0485499796373316,-0.172328595996022,0.017987324182318,-7.42681229696983
"Fur_Brown+Mouth_Bored.Unshaven",2,2948,-0.0742972789113902,0.046724413865286,-0.165877130087351,0.0172825722645704,-7.1604339637398
"Fur_Brown+Mouth_Bored.Unshaven",2,2949,-0.0773357578682913,0.0493394905624124,-0.17404115937062,0.0193696436340369,-7.44209690135339
"Fur_Brown+Mouth_Bored.Unshaven",2,2951,-0.0761210419246315,0.0482867326389047,-0.170763037896885,0.0185209540476217,-7.32959702688528
"Fur_Brown+Mouth_Bored.Unshaven",2,2952,-0.0758772106020296,0.0463142411436887,-0.166653123243659,0.0148987020396003,-7.30699832493856
"Fur_Brown+Mouth_Bored.Unshaven",2,2954,-0.0762625586987406,0.0490758107817549,-0.17245114783098,0.019926030433499,-7.34271051545824
"Fur_Brown+Mouth_Bored.Unshaven",2,2957,-0.0756291885231857,0.0464073181744231,-0.166587532145055,0.0153291550986835,-7.28400556273037
"Fur_Brown+Mouth_Bored.Unshaven",2,2958,-0.0770817756417684,0.0469822574118415,-0.169167000168978,0.015003448885441,-7.41858585347435
"Fur_Brown+Mouth_Bored.Unshaven",2,2959,-0.074490513094148,0.04861222936529,-0.169770482650116,0.0207894564618204,-7.1783720082329
"Fur_Brown+Mouth_Bored.Unshaven",2,2960,-0.0767313127683286,0.0467466157106732,-0.168354679561248,0.0148920540245908,-7.38613381876093
"Fur_Brown+Mouth_Bored.Unshaven",2,2961,-0.0747769758446024,0.0449512384292094,-0.162881403165853,0.013327451476648,-7.20495813893921
"Fur_Brown+Mouth_Bored.Unshaven",2,2963,-0.0777364710392743,0.044942281209761,-0.165823342210406,0.0103504001318572,-7.47917864213643
"Fur_Brown+Mouth_Bored.Unshaven",2,2964,-0.0783304786105075,0.0424209887110784,-0.161475616484221,0.00481465926320622,-7.53412039099682
"Fur_Brown+Mouth_Bored.Unshaven",2,2966,-0.075287023675633,0.0475690333608983,-0.168522329062994,0.0179482817117276,-7.25227598056378
"Fur_Brown+Mouth_Bored.Unshaven",2,2968,-0.0759153654490056,0.046206876004442,-0.166480842417712,0.0146501115197008,-7.3105349447632
"Fur_Brown+Mouth_Bored.Unshaven",2,2969,-0.0766305500026762,0.0452181059040341,-0.165258037574583,0.0119969375692306,-7.37680131929042
"Fur_Brown+Mouth_Bored.Unshaven",2,2970,-0.0720636168844981,0.0479441081126815,-0.166034068785354,0.0219068350163575,-6.95282997823754
"Fur_Brown+Mouth_Bored.Unshaven",2,2971,-0.0775516593943901,0.0447419471776852,-0.165245875862653,0.010142557073873,-7.46207813681766
"Fur_Brown+Mouth_Bored.Unshaven",2,2972,-0.0791565316448442,0.043584177964489,-0.164581520455243,0.00626845716555424,-7.61047057242938
"Fur_Brown+Mouth_Bored.Unshaven",2,2973,-0.079038362251336,0.0464862385578108,-0.170151389824645,0.0120746653219732,-7.59955231268106
"Fur_Brown+Mouth_Bored.Unshaven",2,2974,-0.0778083013576097,0.0436481382778842,-0.163358652382263,0.0077420496670433,-7.48582420350796
"Fur_Brown+Mouth_Bored.Unshaven",2,2975,-0.0780548503081303,0.0491441736938975,-0.174377430748169,0.0182677301319088,-7.50863066488878
"Fur_Brown+Mouth_Bored.Unshaven",2,2976,-0.0738243250438111,0.0461540767968041,-0.164286315565547,0.016637665477925,-7.11651474685551
"Fur_Brown+Mouth_Bored.Unshaven",2,2977,-0.0739631513961532,0.0510013147056,-0.173925728219129,0.0259994254268228,-7.12940852728706
"Fur_Brown+Mouth_Bored.Unshaven",2,2978,-0.072560158868086,0.0437055324464073,-0.158223002463044,0.0131026847268724,-6.99902033593244
"Fur_Brown+Mouth_Bored.Unshaven",2,2979,-0.0769847224157585,0.0471362452671157,-0.169371763139305,0.0154023183077884,-7.40960009252137
"Fur_Brown+Mouth_Bored.Unshaven",2,2980,-0.0787613307323903,0.0446860113000721,-0.166345912880532,0.00882325141575103,-7.57395093027577
"Fur_Brown+Mouth_Bored.Unshaven",2,2981,-0.073950112588041,0.0465307638274508,-0.165150409689845,0.0172501845137626,-7.12819759757106
"Fur_Brown+Mouth_Bored.Unshaven",2,2982,-0.0757276468425376,0.0477002414959067,-0.169220120174515,0.0177648264894394,-7.29313377433814
"Fur_Brown+Mouth_Bored.Unshaven",2,2984,-0.0796863269297782,0.0433141306591958,-0.164582023021802,0.00520936916224557,-7.65940514569969
"Fur_Brown+Mouth_Bored.Unshaven",2,2985,-0.0784440889327943,0.047605205541224,-0.171750291793593,0.0148621139280047,-7.54462487265967
"Fur_Brown+Mouth_Bored.Unshaven",2,2986,-0.0741380788412657,0.0468781561390036,-0.166019264873713,0.0177431071911814,-7.14565272176033
"Fur_Brown+Mouth_Bored.Unshaven",2,2987,-0.0745881748585762,0.0455391239867851,-0.163844857872675,0.0146685081555226,-7.18743668955608
"Fur_Brown+Mouth_Bored.Unshaven",2,2988,-0.0756988714236672,0.0492801302263792,-0.172287926667371,0.0208901838200361,-7.29046605704817
"Fur_Brown+Mouth_Bored.Unshaven",2,2991,-0.0764913309706754,0.0454670905127465,-0.165606828375659,0.0126241664343078,-7.36390550957902
"Fur_Brown+Mouth_Bored.Unshaven",2,2992,-0.0753617902862852,0.0435927507386537,-0.160803581734046,0.0100800011614761,-7.25921015430886
"Fur_Brown+Mouth_Bored.Unshaven",2,2994,-0.0757286687204292,0.0470087580926142,-0.167865834581953,0.0164084971410947,-7.29322850938673
"Fur_Brown+Mouth_Bored.Unshaven",2,2995,-0.0744838902948916,0.0437431265010291,-0.160220418236909,0.0112526376471254,-7.17775726718841
"Fur_Brown+Mouth_Bored.Unshaven",2,2996,-0.0783136345034106,0.047857874437058,-0.172115068400044,0.0154877993932231,-7.53256287270042
"Fur_Brown+Mouth_Bored.Unshaven",2,3001,-0.074480969979779,0.0469166323324479,-0.166437569351377,0.0174756293918189,-7.17748619659436
"Fur_Brown+Mouth_Bored.Unshaven",2,3003,-0.0760561085657619,0.0440596093199734,-0.16241294283291,0.0103007257013859,-7.3235794309832
"Fur_Brown+Mouth_Bored.Unshaven",2,3005,-0.0745925249152427,0.0474542062866599,-0.167602769237096,0.0184177194066107,-7.18784042858771
"Fur_Brown+Mouth_Bored.Unshaven",2,3006,-0.0786675118146462,0.0459003572443736,-0.168632212013619,0.0112971883843261,-7.56527921160143
"Fur_Brown+Mouth_Bored.Unshaven",2,3007,-0.07571078920833,0.0463570109858681,-0.166570530740632,0.0151489523239715,-7.29157094272599
"Fur_Brown+Mouth_Bored.Unshaven",2,3009,-0.0790406185381844,0.0463239901082298,-0.169835639150315,0.0117544020739459,-7.59976079436077
"Fur_Brown+Mouth_Bored.Unshaven",2,3010,-0.0768948423956722,0.0452403676451243,-0.165565962980116,0.0117762781887714,-7.40127769151471
"Fur_Brown+Mouth_Bored.Unshaven",2,3012,-0.0747693556560682,0.047998940188287,-0.168847278425111,0.0193085671129744,-7.204251020531
"Fur_Brown+Mouth_Bored.Unshaven",2,3014,-0.0766070044826067,0.0412027695389603,-0.157364432778969,0.00415042381375544,-7.37462043223202
"Fur_Brown+Mouth_Bored.Unshaven",2,3015,-0.0717644184860758,0.0472805379070654,-0.164434272783924,0.0209054358117724,-6.92498624879739
"Fur_Brown+Mouth_Bored.Unshaven",2,3017,-0.0750569282271365,0.0478620608882449,-0.168866567568096,0.0187527111138236,-7.23093269600635
"Fur_Brown+Mouth_Bored.Unshaven",2,3018,-0.0776327776427119,0.0489479500953331,-0.173570759829565,0.0183052045441411,-7.46958434649313
"Fur_Brown+Mouth_Bored.Unshaven",2,3019,-0.0773137178437059,0.0441687094260143,-0.163884388318694,0.00925695263128215,-7.44005690041277
"Fur_Brown+Mouth_Bored.Unshaven",2,3020,-0.0755281408060934,0.045836630339884,-0.165367936272266,0.0143116546600792,-7.27463634979372
"Fur_Brown+Mouth_Bored.Unshaven",2,3021,-0.0759004754549641,0.0462390730539379,-0.166529058640682,0.0147281077307542,-7.30915478890559
"Fur_Brown+Mouth_Bored.Unshaven",2,3022,-0.0743837336031072,0.0476488193462351,-0.167775419521728,0.0190079523155137,-7.16846003284993
"Fur_Brown+Mouth_Bored.Unshaven",2,3023,-0.0740931547008616,0.043854503389747,-0.160047981344766,0.0118616719430426,-7.14148122632635
"Fur_Brown+Mouth_Bored.Unshaven",2,3024,-0.0759247577792789,0.04589385466967,-0.165876712931832,0.0140271973732742,-7.31140551074353
"Fur_Brown+Mouth_Bored.Unshaven",2,3026,-0.0762650786581625,0.0468473101611666,-0.168085806574049,0.0155556492577239,-7.34294400777369
"Fur_Brown+Mouth_Bored.Unshaven",2,3027,-0.075907244371775,0.0483521355400599,-0.170677430030293,0.0188629412867425,-7.30978220340249
"Fur_Brown+Mouth_Bored.Unshaven",2,3029,-0.0740272951167948,0.0422872071537586,-0.156910221138162,0.00885563090457196,-7.13536540151223
"Fur_Brown+Mouth_Bored.Unshaven",2,3030,-0.0783184724220992,0.0434370931211734,-0.163455174939599,0.00681823009540078,-7.53301022156045
"Fur_Brown+Mouth_Bored.Unshaven",2,3031,-0.0751785718358245,0.0482940978055209,-0.169835003534645,0.0194778598629963,-7.24221677379595
"Fur_Brown+Mouth_Bored.Unshaven",2,3034,-0.0756078659231773,0.0441064391867657,-0.162056486729238,0.0108407548828835,-7.28202859558963
"Fur_Brown+Mouth_Bored.Unshaven",2,3035,-0.0769533106978428,0.0457569070645353,-0.166636848544332,0.0127302271486465,-7.40669162331802
"Fur_Brown+Mouth_Bored.Unshaven",2,3037,-0.0757704153711118,0.0455654091267115,-0.165078617259466,0.0135377865172428,-7.2970986258093
"Fur_Brown+Mouth_Bored.Unshaven",2,3038,-0.0746288587128627,0.0480842356080402,-0.168873960504621,0.019616243078896,-7.19121258554825
"Fur_Brown+Mouth_Bored.Unshaven",2,3041,-0.0765723332851454,0.0446190838613602,-0.164025737653411,0.0108810710831205,-7.37140894373434
"Fur_Brown+Mouth_Bored.Unshaven",2,3042,-0.0751909514308448,0.0477770394677771,-0.168833948787688,0.0184520459259983,-7.24336507047952
"Fur_Brown+Mouth_Bored.Unshaven",2,3043,-0.0782554271601158,0.0448262113581354,-0.166114801422061,0.00960394710182952,-7.5271804321967
"Fur_Brown+Mouth_Bored.Unshaven",2,3044,-0.0730901072818594,0.0441577244428263,-0.159639247189799,0.0134590326260801,-7.04829300044642
"Fur_Brown+Mouth_Bored.Unshaven",2,3045,-0.0784438634766233,0.0439975692137398,-0.164679099135553,0.00779137218230669,-7.54460402802245
"Fur_Brown+Mouth_Bored.Unshaven",2,3046,-0.0703014988144522,0.0492934220028072,-0.166916605939954,0.0263136083110499,-6.78872533515998
"Fur_Brown+Mouth_Bored.Unshaven",2,3047,-0.0762801796365273,0.0456818153492545,-0.165816537721066,0.0132561784480115,-7.34434320940689
"Fur_Brown+Mouth_Bored.Unshaven",2,3048,-0.076981190039799,0.0460172188429196,-0.167174938971921,0.0132125588923236,-7.409273027841
"Fur_Brown+Mouth_Bored.Unshaven",2,3051,-0.074322096205669,0.0457427901070449,-0.163977964815477,0.0153337724041391,-7.16273796198121
"Fur_Brown+Mouth_Bored.Unshaven",2,3056,-0.0772881600984191,0.0431562972462159,-0.161874502701002,0.00729818250416416,-7.43769124673301
"Fur_Brown+Mouth_Bored.Unshaven",2,3058,-0.0759472216014392,0.0457312876664556,-0.165580545427692,0.0136861022248137,-7.31348762746018
"Fur_Brown+Mouth_Bored.Unshaven",2,3059,-0.0779194606969131,0.0460104299592833,-0.168099903417108,0.0122609820232821,-7.49610744661586
"Fur_Brown+Mouth_Bored.Unshaven",2,3060,-0.0753195078340073,0.0457244032383947,-0.164939338181261,0.0143003225132464,-7.25528876338557
"Fur_Brown+Mouth_Bored.Unshaven",2,3061,-0.0776317170380078,0.0447774955377338,-0.165395608291966,0.0101321742159503,-7.46948620824699
"Fur_Brown+Mouth_Bored.Unshaven",2,3062,-0.0751150987636238,0.0426196289764735,-0.158649571557512,0.00841937403026426,-7.23632896546739
"Fur_Brown+Mouth_Bored.Unshaven",2,3064,-0.0778849777232097,0.0475251003527465,-0.171034174414593,0.0152642189681735,-7.49291758232379
"Fur_Brown+Mouth_Bored.Unshaven",2,3065,-0.0737330417058107,0.0491611019729323,-0.170088801572758,0.0226227181611366,-7.10803564528204
"Fur_Brown+Mouth_Bored.Unshaven",2,3068,-0.0750182894372132,0.0497713812460541,-0.172570196679479,0.0225336178050528,-7.22734814225244
"Fur_Brown+Mouth_Bored.Unshaven",2,3070,-0.0784235378153093,0.0485715123309359,-0.173623701983944,0.016776626353325,-7.54272479185898
"Fur_Brown+Mouth_Bored.Unshaven",2,3071,-0.0744226889658305,0.0470800196378262,-0.16669952745597,0.0178541495243089,-7.17207624872556
"Fur_Brown+Mouth_Bored.Unshaven",2,3072,-0.0742681524921161,0.0464748276617657,-0.165358814709177,0.0168225097249448,-7.15772984023367
"Fur_Brown+Mouth_Bored.Unshaven",2,3073,-0.0739860467565387,0.0482181079601809,-0.168493538358493,0.0205214448454158,-7.13153480860698
"Fur_Brown+Mouth_Bored.Unshaven",2,3074,-0.0765375661010966,0.0465626165079015,-0.167800294456584,0.0147251622543903,-7.36818845247752
"Fur_Brown+Mouth_Bored.Unshaven",2,3075,-0.0767081249774884,0.0432601136005766,-0.161497947634619,0.00808169767964179,-7.38398628290481
"Fur_Brown+Mouth_Bored.Unshaven",2,3078,-0.0727794514353712,0.0469105717785907,-0.164724172121409,0.0191652692506665,-7.01941252351371
"Fur_Brown+Mouth_Bored.Unshaven",2,3081,-0.0719404179667028,0.0499264243366584,-0.169796209666553,0.0259153737331476,-6.94136596142422
"Fur_Brown+Mouth_Bored.Unshaven",2,3082,-0.071883736439259,0.047731478461721,-0.165437434224232,0.0216699613457141,-6.93609110641307
"Fur_Brown+Mouth_Bored.Unshaven",2,3083,-0.0766416440143246,0.0445018961243993,-0.163865360418147,0.010582072389498,-7.37782887643561
"Fur_Brown+Mouth_Bored.Unshaven",2,3084,-0.077413460007543,0.0499575548746768,-0.17533026756191,0.0205033475468235,-7.44928856902121
"Fur_Brown+Mouth_Bored.Unshaven",2,3086,-0.0784727322647387,0.0461954406763667,-0.169015795990417,0.0120703314609401,-7.54727306473277
"Fur_Brown+Mouth_Bored.Unshaven",2,3087,-0.0811112733245198,0.0469105150265118,-0.173055882776483,0.0108333361274433,-7.79089184043148
"Fur_Brown+Mouth_Bored.Unshaven",2,3089,-0.0726405666658727,0.0453213927790978,-0.161470496512904,0.016189363181159,-7.00649803926238
"Fur_Brown+Mouth_Bored.Unshaven",2,3091,-0.0760017179293039,0.0479135270605753,-0.169912230968031,0.0179087951094237,-7.31853856439707
"Fur_Brown+Mouth_Bored.Unshaven",2,3092,-0.0767742924332498,0.0466220907701062,-0.168153590342658,0.0146050054761584,-7.39011424615712
"Fur_Brown+Mouth_Bored.Unshaven",2,3094,-0.0770070670037094,0.0447592655999104,-0.164735227579534,0.010721093572115,-7.41166896374139
"Fur_Brown+Mouth_Bored.Unshaven",2,3097,-0.0735230914271848,0.0463380525155448,-0.164345674357653,0.0172994915032831,-7.08853090404237
"Fur_Brown+Mouth_Bored.Unshaven",2,3098,-0.0745205317158608,0.0490811386556034,-0.170719563480843,0.0216785000491218,-7.18115834374916
"Fur_Brown+Mouth_Bored.Unshaven",2,3099,-0.0765165644228085,0.0478363643576252,-0.170275838563754,0.0172427097181369,-7.36624300854344
"Fur_Brown+Mouth_Bored.Unshaven",2,3100,-0.0785964109078471,0.0463993661042684,-0.169539168472213,0.0123463466565189,-7.55870678548369
"Fur_Brown+Mouth_Bored.Unshaven",2,3101,-0.0775810084336293,0.0451744559660268,-0.166122942127042,0.0109609252597831,-7.46479399606342
"Fur_Brown+Mouth_Bored.Unshaven",2,3103,-0.0789083392414181,0.0451116360494702,-0.16732714589838,0.00951046741554352,-7.58753734726093
"Fur_Brown+Mouth_Bored.Unshaven",2,3106,-0.0753241876574981,0.0465167599618858,-0.166497037182794,0.0158486618677982,-7.25572279124826
"Fur_Brown+Mouth_Bored.Unshaven",2,3107,-0.0745518920894854,0.0484175101571284,-0.169450211997457,0.0203464278184863,-7.18406913166096
"Fur_Brown+Mouth_Bored.Unshaven",2,3108,-0.0749505979376584,0.0453462906543329,-0.163829327620151,0.0139281317448341,-7.22106800977713
"Fur_Brown+Mouth_Bored.Unshaven",2,3109,-0.07509882634085,0.04866078428372,-0.170473963536941,0.0202763108552412,-7.23481946351266
"Fur_Brown+Mouth_Bored.Unshaven",2,3110,-0.0747263080668811,0.047625958506872,-0.16807318674035,0.018620570606588,-7.20025630126973
"Fur_Brown+Mouth_Bored.Unshaven",2,3112,-0.0776243181803685,0.0428787662827401,-0.161666700094539,0.00641806373380203,-7.46880158561544
"Fur_Brown+Mouth_Bored.Unshaven",2,3113,-0.0759787121041915,0.0480549059125523,-0.170166327692794,0.0182089034844109,-7.31640632637727
"Fur_Brown+Mouth_Bored.Unshaven",2,3114,-0.0731337199762631,0.0460676018911454,-0.163426219682908,0.0171587797303818,-7.05234678643918
"Fur_Brown+Mouth_Bored.Unshaven",2,3115,-0.0772633386300903,0.047363518396561,-0.17009583468735,0.0155691574271694,-7.43539368580355
"Fur_Brown+Mouth_Bored.Unshaven",2,3116,-0.076814452988729,0.0475298435797245,-0.169972946404989,0.016344040427531,-7.393833435929
"Fur_Brown+Mouth_Bored.Unshaven",2,3117,-0.0749253672090984,0.0431343250405406,-0.159468644288558,0.00961790987036125,-7.2187271001967
"Fur_Brown+Mouth_Bored.Unshaven",2,3118,-0.0743937696163642,0.0481645075899704,-0.168796204492706,0.0200086652599777,-7.16939168674067
"Fur_Brown+Mouth_Bored.Unshaven",2,3119,-0.0771865845952828,0.042324583388623,-0.160142768036984,0.00576959884641828,-7.42828870612413
"Fur_Brown+Mouth_Bored.Unshaven",2,3120,-0.0786643382890783,0.0464094320244742,-0.169626825057048,0.0122981484788911,-7.56498586718618
"Fur_Brown+Mouth_Bored.Unshaven",2,3122,-0.0740920915957395,0.0472932752592054,-0.166786911103782,0.0186027279123031,-7.14138250790693
"Fur_Brown+Mouth_Bored.Unshaven",2,3126,-0.0749011641685608,0.0478095421587999,-0.168607866799809,0.0188055384626871,-7.2164814841123
"Fur_Brown+Mouth_Bored.Unshaven",2,3127,-0.0725452172568665,0.0463077783942525,-0.163308462909601,0.0182180283958685,-6.9976307410699
"Fur_Brown+Mouth_Bored.Unshaven",2,3128,-0.0766729367740057,0.0439468333741671,-0.162808730187373,0.00946285663936179,-7.38072723442867
"Fur_Brown+Mouth_Bored.Unshaven",2,3129,-0.075305918931922,0.0518814772953908,-0.176993614430888,0.0263817765670439,-7.25402845602257
"Fur_Brown+Mouth_Bored.Unshaven",2,3131,-0.0754968329255612,0.0461688852584096,-0.165987848032044,0.0149941821809216,-7.27173326974185
"Fur_Brown+Mouth_Bored.Unshaven",2,3133,-0.0731880609299197,0.0488745387225235,-0.168982156826066,0.0226060349662265,-7.05739751332305
"Fur_Brown+Mouth_Bored.Unshaven",2,3136,-0.07551043259485,0.0431423003028141,-0.160069341188366,0.00904847599866561,-7.27299433492805
"Fur_Brown+Mouth_Bored.Unshaven",2,3137,-0.0745891412695449,0.0471389336381722,-0.166981451200362,0.0178031686612727,-7.18752638459196
"Fur_Brown+Mouth_Bored.Unshaven",2,3139,-0.0783181358602186,0.0483433335730837,-0.173071069663463,0.0164347979430253,-7.53297910069125
"Fur_Brown+Mouth_Bored.Unshaven",2,3141,-0.0785599765762447,0.0486099388304907,-0.173835456684007,0.0167155035315171,-7.55533868739614
"Fur_Brown+Mouth_Bored.Unshaven",2,3142,-0.0740762937579974,0.0479312602542721,-0.168021563856371,0.019868976340376,-7.13991553094734
"Fur_Brown+Mouth_Bored.Unshaven",2,3143,-0.0711368375667323,0.0510479562321666,-0.171190831781779,0.0289171566483143,-6.866555813104
"Fur_Brown+Mouth_Bored.Unshaven",2,3144,-0.0733460163883393,0.0504711588587702,-0.172269487751529,0.0255774549748503,-7.07207714531102
"Fur_Brown+Mouth_Bored.Unshaven",2,3145,-0.0755463687345698,0.0432797051384872,-0.160374590806005,0.0092818533368651,-7.27632652568604
"Fur_Brown+Mouth_Bored.Unshaven",2,3146,-0.0748777773018103,0.0454609910550078,-0.163981319769626,0.0142257651660049,-7.21431154295418
"Fur_Brown+Mouth_Bored.Unshaven",2,3147,-0.0752608725012128,0.0480167027811043,-0.169373609952177,0.0188518649497517,-7.24985048694126
"Fur_Brown+Mouth_Bored.Unshaven",2,3148,-0.0717229819366414,0.0454743424053418,-0.160852693051111,0.0174067291778285,-6.92112946148356
"Fur_Brown+Mouth_Bored.Unshaven",2,3149,-0.0768118828703892,0.0425327592940096,-0.160176091086648,0.00655232534586972,-7.39359542681608
"Fur_Brown+Mouth_Bored.Unshaven",2,3150,-0.0748335998989142,0.0455625564569687,-0.164136210554573,0.0144690107567445,-7.21021242166862
"Fur_Brown+Mouth_Bored.Unshaven",2,3151,-0.0766076521929368,0.0488321860194359,-0.172318736791031,0.0191034324051575,-7.37468042662776
"Fur_Brown+Mouth_Bored.Unshaven",2,3152,-0.0724664548350585,0.0431740141342241,-0.157087522538138,0.0121546128680208,-6.99030536075462
"Fur_Brown+Mouth_Bored.Unshaven",2,3154,-0.0728968674166421,0.0455573162773966,-0.162189207320339,0.0163954724870552,-7.03032928951746
"Fur_Brown+Mouth_Bored.Unshaven",2,3156,-0.078594249608321,0.0456968186866808,-0.168160014234215,0.0109715150175735,-7.55850699194457
"Fur_Brown+Mouth_Bored.Unshaven",2,3157,-0.0749121120945878,0.0447659389949266,-0.162653352524644,0.0128291283354684,-7.21749726564919
"Fur_Brown+Mouth_Bored.Unshaven",2,3159,-0.0764366514449309,0.0461523307977606,-0.166895219808542,0.0140219169186799,-7.3588400733789
"Fur_Brown+Mouth_Bored.Unshaven",2,3160,-0.0789826266306424,0.0475673328370199,-0.172214598991201,0.0142493457299167,-7.59440217285505
"Fur_Brown+Mouth_Bored.Unshaven",2,3161,-0.0751006951187904,0.0492246068818684,-0.171580924607252,0.0213795343696717,-7.23499282087371
"Fur_Brown+Mouth_Bored.Unshaven",2,3162,-0.08085978685051,0.041654285609148,-0.16250218664444,0.000782612943420177,-7.76769958080127
"Fur_Brown+Mouth_Bored.Unshaven",2,3164,-0.0773696195318894,0.0409580298479032,-0.15764735803378,0.00290811897000089,-7.44523101286805
"Fur_Brown+Mouth_Bored.Unshaven",2,3165,-0.0751672983561806,0.0482986391122286,-0.169832631016149,0.0194980343037874,-7.24117106492055
"Fur_Brown+Mouth_Bored.Unshaven",2,3166,-0.0749007571724942,0.0469784800126077,-0.166978577997205,0.017177063652217,-7.21644372157755
"Fur_Brown+Mouth_Bored.Unshaven",2,3167,-0.0792985815380282,0.04697563656548,-0.171370829206369,0.0127736661303125,-7.62359356313411
"Fur_Brown+Mouth_Bored.Unshaven",2,3168,-0.0797038478729442,0.0473989161448917,-0.172605723516932,0.0131980277710436,-7.66102302584062
"Fur_Brown+Mouth_Bored.Unshaven",2,3169,-0.0740575282154085,0.0519998897130068,-0.175977312052902,0.0278622556220848,-7.1381729447272
"Fur_Brown+Mouth_Bored.Unshaven",2,3170,-0.0750089987474666,0.0424459468397727,-0.158203054553421,0.00818505705848782,-7.22648621632314
"Fur_Brown+Mouth_Bored.Unshaven",2,3171,-0.0735437358258154,0.0450517830197586,-0.161845230544542,0.0147577588929114,-7.09044898564886
"Fur_Brown+Mouth_Bored.Unshaven",2,3172,-0.072461565006976,0.0459441034504978,-0.162512007769952,0.0175888777559996,-6.98985055822587
"Fur_Brown+Mouth_Bored.Unshaven",2,3173,-0.0740711955215543,0.050064760312052,-0.172198125733176,0.0240557346900676,-7.13944210707379
"Fur_Brown+Mouth_Bored.Unshaven",2,3176,-0.0720850698381078,0.0468126019538577,-0.163837769667669,0.0196676299914533,-6.95482609344817
"Fur_Brown+Mouth_Bored.Unshaven",2,3179,-0.0728188323793,0.0458337463575298,-0.162652975240058,0.0170153104814583,-7.02307411471665
"Fur_Brown+Mouth_Bored.Unshaven",2,3181,-0.0734102037291087,0.0479652586342736,-0.167422110652285,0.0206017031940677,-7.07804175013418
"Fur_Brown+Mouth_Bored.Unshaven",2,3182,-0.0759382125486883,0.0478098961052328,-0.169645608914945,0.0177691838175679,-7.31265260601957
"Fur_Brown+Mouth_Bored.Unshaven",2,3183,-0.07533511373916,0.0425258215043188,-0.158685723887625,0.00801549640930474,-7.25673611725888
"Fur_Brown+Mouth_Bored.Unshaven",2,3184,-0.0756329571411521,0.0455480941851106,-0.164907221743969,0.0136413074616647,-7.28435497323438
"Fur_Brown+Mouth_Bored.Unshaven",2,3186,-0.0775916287245341,0.0470523114387429,-0.16981415914447,0.0146309016954019,-7.46577674165158
"Fur_Brown+Mouth_Bored.Unshaven",2,3187,-0.0778638093623983,0.0451230194507572,-0.166304927485882,0.0105773087610858,-7.49095933829923
"Fur_Brown+Mouth_Bored.Unshaven",2,3188,-0.0755603977474019,0.0480142949717729,-0.169668415892077,0.018547620397273,-7.27762733816646
"Fur_Brown+Mouth_Bored.Unshaven",2,3189,-0.075961312877777,0.0506964982659914,-0.17532644947912,0.0234038237235661,-7.31479368951675
"Fur_Brown+Mouth_Bored.Unshaven",2,3192,-0.0762476141395084,0.0514216211184665,-0.177033991531703,0.0245387632526859,-7.34132578276015
"Fur_Brown+Mouth_Bored.Unshaven",2,3193,-0.0767827561323611,0.0453781140613548,-0.165723859692617,0.0121583474278944,-7.39089806504787
"Fur_Brown+Mouth_Bored.Unshaven",2,3194,-0.0774250746131466,0.0466617653072502,-0.168882134615357,0.0140319853890639,-7.45036350279034
"Fur_Brown+Mouth_Bored.Unshaven",2,3195,-0.0722278210214203,0.046180914862026,-0.162742414150991,0.0182867721081508,-6.96810745413732
"Fur_Brown+Mouth_Bored.Unshaven",2,3196,-0.0760449262546233,0.0506177033908967,-0.175255624900781,0.0231657723915342,-7.32254308861884
"Fur_Brown+Mouth_Bored.Unshaven",2,3199,-0.0800905429973038,0.0463043126370009,-0.170846995765826,0.010665909771218,-7.69672315504706
"Fur_Brown+Mouth_Bored.Unshaven",2,3200,-0.0760407728746993,0.0489683230436077,-0.17201868604017,0.0199371402907719,-7.32215816313052
"Fur_Brown+Mouth_Bored.Unshaven",2,3202,-0.0756881546486474,0.0446420571454236,-0.163186586653678,0.0118102773563829,-7.28947250450689
"Fur_Brown+Mouth_Bored.Unshaven",2,3206,-0.0796787094715345,0.0452359622871953,-0.168341195554437,0.00898377661136822,-7.65870174239512
"Fur_Brown+Mouth_Bored.Unshaven",2,3208,-0.0793899843400573,0.0454584095553345,-0.168488467068513,0.00970849838839831,-7.63203663965751
"Fur_Brown+Mouth_Bored.Unshaven",2,3209,-0.0776661203806113,0.0451370070467619,-0.166134654192265,0.0108024134310421,-7.47266951245576
"Fur_Brown+Mouth_Bored.Unshaven",2,3211,-0.0762951476786288,0.0482803316754516,-0.170924597762514,0.0183343024052563,-7.34573007279934
"Fur_Brown+Mouth_Bored.Unshaven",2,3215,-0.0806854718849716,0.0465219143892086,-0.171868424087821,0.0104974803178774,-7.75162070917891
"Fur_Brown+Mouth_Bored.Unshaven",2,3216,-0.0765495259855046,0.0463859855893367,-0.167466057740605,0.0143670057695954,-7.36929631161118
"Fur_Brown+Mouth_Bored.Unshaven",2,3217,-0.0774440018906293,0.0452196573434567,-0.166074530283805,0.0111865265025458,-7.45211519886377
"Fur_Brown+Mouth_Bored.Unshaven",2,3219,-0.0727592972706807,0.0451700303616574,-0.161292556779529,0.0157739622381679,-7.01753855855665
"Fur_Brown+Mouth_Bored.Unshaven",2,3222,-0.0760603096448522,0.0435102466747491,-0.16134039312736,0.00921977383765613,-7.32396877113798
"Fur_Brown+Mouth_Bored.Unshaven",2,3223,-0.0739463481444033,0.0468728080622631,-0.165817051946439,0.0179243556576324,-7.12784798624734
"Fur_Brown+Mouth_Bored.Unshaven",2,3225,-0.0757042926183613,0.0467084097964968,-0.167252775819495,0.0158441905827724,-7.29096865211934
"Fur_Brown+Mouth_Bored.Unshaven",2,3226,-0.0714285752214924,0.0522691318842275,-0.173876073714578,0.0310189232715936,-6.89372238274247
"Fur_Brown+Mouth_Bored.Unshaven",2,3227,-0.0746037357762695,0.0449948050253481,-0.162793553625952,0.0135860820734127,-7.1888809269778
"Fur_Brown+Mouth_Bored.Unshaven",2,3231,-0.0795761370191505,0.0407352853155906,-0.159417296237708,0.000265022199407064,-7.64922958319353
"Fur_Brown+Mouth_Bored.Unshaven",2,3233,-0.0830791459367742,0.045996996313537,-0.173233258711307,0.00707496683775838,-7.9721691951083
"Fur_Brown+Mouth_Bored.Unshaven",2,3236,-0.0774847205191322,0.0485075812169441,-0.172559579704343,0.0175901386660782,-7.45588354508225
"Fur_Brown+Mouth_Bored.Unshaven",2,3237,-0.0776290161890081,0.0457868186346075,-0.167371180712839,0.0121131483348226,-7.46923629696388
"Fur_Brown+Mouth_Bored.Unshaven",2,3238,-0.077784040515881,0.0475637151486274,-0.171008922207191,0.0154408411754287,-7.4835797045047
"Fur_Brown+Mouth_Bored.Unshaven",2,3241,-0.0761393538322085,0.0522482890213934,-0.17854600031414,0.0262672926497224,-7.33129398320235
"Fur_Brown+Mouth_Bored.Unshaven",2,3242,-0.0773186737873524,0.0476289891540597,-0.17067149252931,0.0160341449546047,-7.440515621138
"Fur_Brown+Mouth_Bored.Unshaven",2,3243,-0.0737313029176507,0.0529770695677618,-0.177566359270464,0.0301037534351624,-7.10787412569384
"Fur_Brown+Mouth_Bored.Unshaven",2,3244,-0.0772359740661285,0.0498786590617715,-0.174998145827201,0.0205261976949437,-7.43286066105607
"Fur_Brown+Mouth_Bored.Unshaven",2,3245,-0.0743875548769787,0.0464821227294449,-0.165492515426691,0.0167174056727332,-7.1688147669103
"Fur_Brown+Mouth_Bored.Unshaven",2,3246,-0.0734481095778895,0.0473016082401396,-0.166159261728563,0.0192630425727841,-7.08156396907524
"Fur_Brown+Mouth_Bored.Unshaven",2,3252,-0.079539541196482,0.0442321307752107,-0.166234517515895,0.00715543512293088,-7.64584986893472
"Fur_Brown+Mouth_Bored.Unshaven",2,3253,-0.0766955930664296,0.0471549224310547,-0.169119241031297,0.0157280548984377,-7.38282561998563
"Fur_Brown+Mouth_Bored.Unshaven",2,3254,-0.078732970680541,0.0422086102674763,-0.161461846804795,0.00399590544371257,-7.5713296855628
"Fur_Brown+Mouth_Bored.Unshaven",2,3255,-0.0768771398366232,0.0453037338144617,-0.165672458112968,0.0119181784397218,-7.39963844265578
"Fur_Brown+Mouth_Bored.Unshaven",2,3256,-0.0753357860580089,0.0486395611760791,-0.170669325963124,0.0199977538471061,-7.25679847028233
"Fur_Brown+Mouth_Bored.Unshaven",2,3257,-0.0757264253637167,0.0502834238547428,-0.174281936119013,0.0228290853915792,-7.29302053479532
"Fur_Brown+Mouth_Bored.Unshaven",2,3258,-0.0765627936676973,0.0477885329508614,-0.170228318251386,0.017102730915991,-7.3705252981961
"Fur_Brown+Mouth_Bored.Unshaven",2,3259,-0.0747628765613435,0.048145114731025,-0.169127301434152,0.0196015483114656,-7.20364978613559
"Fur_Brown+Mouth_Bored.Unshaven",2,3260,-0.0728233543334877,0.0497051183772475,-0.170245386352893,0.0245986776859174,-7.02349455116542
"Fur_Brown+Mouth_Bored.Unshaven",2,3262,-0.0722684890787898,0.0480804627663439,-0.166506196100824,0.0219692179432442,-6.97189080354931
"Fur_Brown+Mouth_Bored.Unshaven",2,3263,-0.0780115042092753,0.0443724936625481,-0.164981591787869,0.00895858336931897,-7.5046214379588
"Fur_Brown+Mouth_Bored.Unshaven",2,3264,-0.0742819734279047,0.0467320392771397,-0.165876770411098,0.0173128235552891,-7.15901299842077
"Fur_Brown+Mouth_Bored.Unshaven",2,3266,-0.0729545944224515,0.0469415716640201,-0.164960074883931,0.0190508860390279,-7.03569599533526
"Fur_Brown+Mouth_Bored.Unshaven",2,3268,-0.0765866418304812,0.0411961758364347,-0.157331146469893,0.0041578628089308,-7.37273431464677
"Fur_Brown+Mouth_Bored.Unshaven",2,3269,-0.0787279007265865,0.0473990561286664,-0.171630050738773,0.0141742492855997,-7.57086107527232
"Fur_Brown+Mouth_Bored.Unshaven",2,3270,-0.0799126481716245,0.0445618551068991,-0.167253884181147,0.00742858783789765,-7.68030141907549
"Fur_Brown+Mouth_Bored.Unshaven",2,3272,-0.074928504270025,0.0476204611486127,-0.168264608121306,0.0184075995812559,-7.21901816024609
"Fur_Brown+Mouth_Bored.Unshaven",2,3273,-0.0745291173777807,0.0428990638331117,-0.15861128249068,0.00955304773511834,-7.18195525152242
"Fur_Brown+Mouth_Bored.Unshaven",2,3274,-0.077031430085,0.0479689125327366,-0.171050498649164,0.0169876384791637,-7.41392467329887
"Fur_Brown+Mouth_Bored.Unshaven",2,3276,-0.0749843925100812,0.0452213323961937,-0.163618204006621,0.0136494189864585,-7.22420338113401
"Fur_Brown+Mouth_Bored.Unshaven",2,3277,-0.0766588443039217,0.0447590889763782,-0.164386658697623,0.0110689700897795,-7.37942199090099
"Fur_Brown+Mouth_Bored.Unshaven",2,3278,-0.0774038630291271,0.0460543414882861,-0.167670372346168,0.0128626462879137,-7.44840035757917
"Fur_Brown+Mouth_Bored.Unshaven",2,3279,-0.072481672054547,0.0490956557115749,-0.168709157249234,0.0237458131401398,-6.99172069892372
"Fur_Brown+Mouth_Bored.Unshaven",2,3281,-0.0753405168056812,0.0442645058820097,-0.16209894833442,0.0114179147230579,-7.25723721392929
"Fur_Brown+Mouth_Bored.Unshaven",2,3283,-0.0812477286268255,0.0451360285859307,-0.16971434465525,0.00721888740159868,-7.8034734037307
"Fur_Brown+Mouth_Bored.Unshaven",2,3285,-0.0805146243986723,0.0457689810359924,-0.170221827229217,0.00919257843187275,-7.73585895907253
"Fur_Brown+Mouth_Bored.Unshaven",2,3286,-0.0770066551115137,0.041402730592733,-0.15815600707327,0.00414269685024296,-7.41163082732258
"Fur_Brown+Mouth_Bored.Unshaven",2,3288,-0.0750206559795894,0.0483138215016437,-0.169715746122811,0.0196744341636322,-7.22756769240464
"Fur_Brown+Mouth_Bored.Unshaven",2,3289,-0.0743168234296283,0.0505904441387464,-0.173474093941571,0.0248404470823146,-7.16224845059972
"Fur_Brown+Mouth_Bored.Unshaven",2,3290,-0.0775369947817943,0.0455656915860768,-0.166845750290505,0.0117717607269163,-7.46072109409289
"Fur_Brown+Mouth_Bored.Unshaven",2,3291,-0.0781926441417117,0.0430301829036582,-0.162531802632882,0.00614651434945829,-7.52137452720968
"Fur_Brown+Mouth_Bored.Unshaven",2,3292,-0.0763371339611993,0.0509217678124119,-0.176143798873527,0.023469530951128,-7.34962019949131
"Fur_Brown+Mouth_Bored.Unshaven",2,3294,-0.0780904821759025,0.046641056445776,-0.169506952809623,0.0133259884578184,-7.51192624641679
"Fur_Brown+Mouth_Bored.Unshaven",2,3296,-0.0772162766025875,0.0494718935566594,-0.17418118797364,0.0197486347684649,-7.43103730524617
"Fur_Brown+Mouth_Bored.Unshaven",2,3297,-0.0748237673152342,0.0479385699070059,-0.168783364332966,0.0191358297024975,-7.20930005383214
"Fur_Brown+Mouth_Bored.Unshaven",2,3299,-0.075645148643015,0.0469268406202395,-0.167621756258684,0.0163314589726544,-7.28548530930319
"Fur_Brown+Mouth_Bored.Unshaven",2,3301,-0.0760855306358206,0.0462584275862043,-0.166752048704781,0.0145809874331397,-7.32630612300931
"Fur_Brown+Mouth_Bored.Unshaven",2,3302,-0.0774955636919082,0.0465793011021296,-0.168790993852082,0.0137998664682658,-7.45688701148599
"Fur_Brown+Mouth_Bored.Unshaven",2,3303,-0.0757919538909259,0.051169927445811,-0.176085011684716,0.0245011039028637,-7.29909528758472
"Fur_Brown+Mouth_Bored.Unshaven",2,3304,-0.0744944151552221,0.0453631547635293,-0.16340619849174,0.0144173681812953,-7.17873420318766
"Fur_Brown+Mouth_Bored.Unshaven",2,3305,-0.0772349954628199,0.046811439593564,-0.168985417066205,0.0145154261405654,-7.43277007450293
"Fur_Brown+Mouth_Bored.Unshaven",2,3306,-0.0750536726590852,0.0435003748250973,-0.160314407316276,0.0102070619981055,-7.23063067950307
"Fur_Brown+Mouth_Bored.Unshaven",2,3307,-0.0751057747678768,0.0452367720103093,-0.163769847908083,0.0135582983723294,-7.23546403336087
"Fur_Brown+Mouth_Bored.Unshaven",2,3308,-0.0794125630587733,0.0460637085878498,-0.169697431890959,0.0108723057734124,-7.63412216637624
"Fur_Brown+Mouth_Bored.Unshaven",2,3309,-0.0738162845997886,0.0489615313415004,-0.169780886029129,0.0221483168295522,-7.11576791938931
"Fur_Brown+Mouth_Bored.Unshaven",2,3311,-0.0737831685350318,0.048153591372184,-0.168164207624513,0.020597870554449,-7.11269190821243
"Fur_Brown+Mouth_Bored.Unshaven",2,3312,-0.0788976241297971,0.0479458827870118,-0.17287155439234,0.0150763061327461,-7.58654713210332
"Fur_Brown+Mouth_Bored.Unshaven",2,3314,-0.0780111399907758,0.0508687937522762,-0.177713975745237,0.0216916957636856,-7.50458774942468
"Fur_Brown+Mouth_Bored.Unshaven",2,3316,-0.0723541294609041,0.0504768759521711,-0.171288806327159,0.0265805474053512,-6.97985742523113
"Fur_Brown+Mouth_Bored.Unshaven",2,3318,-0.0769579896246144,0.0463940961567505,-0.167890418091845,0.0139744388426165,-7.40712485961391
"Fur_Brown+Mouth_Bored.Unshaven",2,3319,-0.0713787625841516,0.0486596217821227,-0.166751621277112,0.0239940961088088,-6.88908439798721
"Fur_Brown+Mouth_Bored.Unshaven",2,3321,-0.0746592658986288,0.0472719352732825,-0.167312259034262,0.0179937272370049,-7.19403459668295
"Fur_Brown+Mouth_Bored.Unshaven",2,3322,-0.0793444833170064,0.0433801321139962,-0.164369542260439,0.00568057562642608,-7.62783370720935
"Fur_Brown+Mouth_Bored.Unshaven",2,3323,-0.0746687057246792,0.0460518322810188,-0.164930296995476,0.0155928855461177,-7.19491066471782
"Fur_Brown+Mouth_Bored.Unshaven",2,3324,-0.076930823314844,0.0464715033928399,-0.16801496996481,0.0141533233351222,-7.40460941871785
"Fur_Brown+Mouth_Bored.Unshaven",2,3325,-0.0746659624505697,0.0440927637699668,-0.161087779439705,0.0117558545385652,-7.19465607456982
"Fur_Brown+Mouth_Bored.Unshaven",2,3327,-0.076154714413016,0.0452105513995514,-0.164767395156137,0.0124579663301047,-7.33271741741703
"Fur_Brown+Mouth_Bored.Unshaven",2,3329,-0.075193817270514,0.0460348224515966,-0.165422069275643,0.0150344347346153,-7.24363089574258
"Fur_Brown+Mouth_Bored.Unshaven",2,3331,-0.0766690055577879,0.0479599982715184,-0.170670602169964,0.0173325910543882,-7.38036312732581
"Fur_Brown+Mouth_Bored.Unshaven",2,3332,-0.0758741556157436,0.0476913722858023,-0.169349245295916,0.017600934064429,-7.30671514865709
"Fur_Brown+Mouth_Bored.Unshaven",2,3333,-0.0747598625637847,0.0509675210218694,-0.174656203766649,0.0251364786390792,-7.20337009774109
"Fur_Brown+Mouth_Bored.Unshaven",2,3334,-0.0763111786925752,0.0458328235843347,-0.166143512917871,0.0135211555327209,-7.34721540278702
"Fur_Brown+Mouth_Bored.Unshaven",2,3335,-0.0771038889376345,0.0463217831775545,-0.167894583965641,0.0136868060903724,-7.42063311104119
"Fur_Brown+Mouth_Bored.Unshaven",2,3338,-0.0794980641494022,0.0438493364138377,-0.165442763520524,0.00644663522171968,-7.64201921206009
"Fur_Brown+Mouth_Bored.Unshaven",2,3342,-0.0780199756089859,0.0449661489100379,-0.16615362747266,0.0101136762546883,-7.50540499996305
"Fur_Brown+Mouth_Bored.Unshaven",2,3343,-0.0787424167891221,0.0418283892455853,-0.160726059710469,0.00324122613222515,-7.57220277269495
"Fur_Brown+Mouth_Bored.Unshaven",2,3346,-0.078169543813166,0.0424188540477335,-0.161310497746724,0.00497141012039168,-7.51923821590315
"Fur_Brown+Mouth_Bored.Unshaven",2,3348,-0.0794082651321844,0.0484541060038345,-0.1743783128997,0.0155617826353313,-7.6337251837609
"Fur_Brown+Mouth_Bored.Unshaven",2,3351,-0.0800425327480046,0.0457868530964306,-0.169784764817008,0.00969969932099933,-7.69229154533411
"Fur_Brown+Mouth_Bored.Unshaven",2,3352,-0.0770160642341081,0.0458551810819289,-0.166892219154689,0.0128600906864725,-7.41250199854045
"Fur_Brown+Mouth_Bored.Unshaven",2,3353,-0.0810691497101499,0.0428904640797337,-0.165134459306428,0.00299615988612818,-7.78700757770895
"Fur_Brown+Mouth_Bored.Unshaven",2,3354,-0.0763219053906275,0.0470635021332619,-0.168566369571821,0.0159225587905659,-7.34820925590072
"Fur_Brown+Mouth_Bored.Unshaven",2,3356,-0.078427513954302,0.0453529021272343,-0.167319202123681,0.0104641742150773,-7.54309241410524
"Fur_Brown+Mouth_Bored.Unshaven",2,3359,-0.0760920364971163,0.0479288619701377,-0.170032605958586,0.0178485329643535,-7.32690904324617
"Fur_Brown+Mouth_Bored.Unshaven",2,3361,-0.074523444528501,0.050079014778795,-0.172678313494939,0.0236314244379373,-7.18142870725064
"Fur_Brown+Mouth_Bored.Unshaven",2,3362,-0.0725524061238322,0.0454559557365636,-0.161646079367497,0.0165412671198325,-6.99829932032683
"Fur_Brown+Mouth_Bored.Unshaven",2,3364,-0.0767122617192549,0.0465232184939824,-0.16789776996746,0.0144732465289505,-7.38436941064454
"Fur_Brown+Mouth_Bored.Unshaven",2,3366,-0.0786633889281137,0.0470176529268284,-0.170817988664697,0.0134912108084699,-7.56489811295035
"Fur_Brown+Mouth_Bored.Unshaven",2,3367,-0.0758690525821987,0.0468081544070776,-0.167613035220071,0.0158749300556734,-7.3062421305082
"Fur_Brown+Mouth_Bored.Unshaven",2,3368,-0.0747109787735358,0.0435402753687211,-0.160049918496229,0.0106279609491576,-7.19883373587277
"Fur_Brown+Mouth_Bored.Unshaven",2,3369,-0.0737503210666662,0.0442943435835931,-0.160567234490509,0.0130665923571762,-7.10964074518711
"Fur_Brown+Mouth_Bored.Unshaven",2,3371,-0.0746558245093859,0.0483044450772639,-0.169332536860823,0.0200208878420514,-7.19371521468237
"Fur_Brown+Mouth_Bored.Unshaven",2,3372,-0.0786030867710135,0.0492313664530332,-0.175096565018958,0.0178903914769316,-7.55932390884819
"Fur_Brown+Mouth_Bored.Unshaven",2,3375,-0.0774496532669804,0.0485786634464983,-0.172663833622117,0.0177645270881563,-7.45263822031338
"Fur_Brown+Mouth_Bored.Unshaven",2,3378,-0.0725256224944836,0.0485050231639991,-0.167595467895922,0.0225442229069546,-6.99580836388876
"Fur_Brown+Mouth_Bored.Unshaven",2,3379,-0.0743730388993157,0.0435719515913348,-0.159774064018332,0.0110279862197005,-7.16746722171857
"Fur_Brown+Mouth_Bored.Unshaven",2,3380,-0.0716669913193289,0.046382797449926,-0.162577274321184,0.0192432916825261,-6.91591777216186
"Fur_Brown+Mouth_Bored.Unshaven",2,3381,-0.074433377697999,0.0503992793632104,-0.173215965249891,0.0243492098538933,-7.17306845623756
"Fur_Brown+Mouth_Bored.Unshaven",2,3382,-0.0745151186544883,0.0475040218974733,-0.167623001573536,0.0185927642645594,-7.1806559083029
"Fur_Brown+Mouth_Bored.Unshaven",2,3383,-0.073289632929697,0.0454487795380107,-0.162369240824198,0.015789974964804,-7.06683739989994
"Fur_Brown+Mouth_Bored.Unshaven",2,3384,-0.0777377874166952,0.0440112048652746,-0.163999748952633,0.00852417411924308,-7.47930043437647
"Fur_Brown+Mouth_Bored.Unshaven",2,3386,-0.0725046395400737,0.0445466927562602,-0.159816157342344,0.0148068782621962,-6.99385684070144
"Fur_Brown+Mouth_Bored.Unshaven",2,3387,-0.0767145177364682,0.0428923780497893,-0.160783578714055,0.00735454324111891,-7.38457835286568
"Fur_Brown+Mouth_Bored.Unshaven",2,3389,-0.0739582523466032,0.0492496495162532,-0.17048756539846,0.0225710607052531,-7.12895354854323
"Fur_Brown+Mouth_Bored.Unshaven",2,3390,-0.075798571082091,0.0493555606795638,-0.172535470014036,0.020938327849854,-7.29970870516282
"Fur_Brown+Mouth_Bored.Unshaven",2,3391,-0.0794355157431441,0.0457319709280976,-0.169070178762215,0.0101991472759272,-7.63624218688662
"Fur_Brown+Mouth_Bored.Unshaven",2,3393,-0.0751760828196305,0.0470404405838355,-0.167375346363948,0.0170231807246872,-7.24198589788404
"Fur_Brown+Mouth_Bored.Unshaven",2,3395,-0.0769716151787364,0.0501379892873677,-0.175242074181977,0.0212988438245042,-7.40838648025028
"Fur_Brown+Mouth_Bored.Unshaven",2,3396,-0.0752404610292816,0.0449761687328112,-0.163393751745592,0.0129128296870283,-7.24795730054657
"Fur_Brown+Mouth_Bored.Unshaven",2,3398,-0.0771045252282047,0.0463634913306531,-0.167976968236285,0.0137679177798754,-7.42069201840059
"Fur_Brown+Mouth_Bored.Unshaven",2,3399,-0.0751781706070371,0.0445810998441114,-0.162557126301495,0.0122007850874211,-7.24217955669559
"Fur_Brown+Mouth_Bored.Unshaven",2,3400,-0.0758593770082146,0.0445906223952555,-0.163256996902915,0.0115382428864863,-7.30534526085721
"Fur_Brown+Mouth_Bored.Unshaven",2,3401,-0.0771398251489345,0.0454037817001126,-0.166131237281155,0.0118515869832862,-7.42396000295342
"Fur_Brown+Mouth_Bored.Unshaven",2,3402,-0.0753569414352759,0.0471766838684817,-0.1678232418175,0.0171093589469482,-7.25876046694618
"Fur_Brown+Mouth_Bored.Unshaven",2,3403,-0.0714627343736989,0.0476887526837464,-0.164932689633842,0.022007220886444,-6.89690275993118
"Fur_Brown+Mouth_Bored.Unshaven",2,3404,-0.0741792543190071,0.0485329945925074,-0.169303923720322,0.0209454150823075,-7.1494759651574
"Fur_Brown+Mouth_Bored.Unshaven",2,3405,-0.0778931497572215,0.0429353096854063,-0.162046356740618,0.00626005722617481,-7.49367355025875
"Fur_Brown+Mouth_Bored.Unshaven",2,3406,-0.0750770464171623,0.0404354804086058,-0.15433058801803,0.00417649518370503,-7.23279902295726
"Fur_Brown+Mouth_Bored.Unshaven",2,3407,-0.0761857860988978,0.0469802299706047,-0.168267036841283,0.0158954646434874,-7.33559670138062
"Fur_Brown+Mouth_Bored.Unshaven",2,3409,-0.075121708972459,0.0487819134230824,-0.1707342592817,0.0204908413367825,-7.23694215067859
"Fur_Brown+Mouth_Bored.Unshaven",2,3410,-0.0786609941221473,0.0449419476688302,-0.166747211553055,0.00942522330875994,-7.56467674855178
"Fur_Brown+Mouth_Bored.Unshaven",2,3412,-0.0759218700621589,0.0469534428732678,-0.167950618093764,0.0161068779694459,-7.31113785191594
"Fur_Brown+Mouth_Bored.Unshaven",2,3414,-0.0802365805794867,0.0450422593114957,-0.168519408830018,0.00804624767104486,-7.71020191819811
"Fur_Brown+Mouth_Bored.Unshaven",2,3416,-0.0782843471392107,0.0425837861160993,-0.161748567926765,0.00517987364834403,-7.52985470553529
"Fur_Brown+Mouth_Bored.Unshaven",2,3419,-0.0750934098194921,0.0476168367778624,-0.168422409904102,0.0182355902651182,-7.23431699757021
"Fur_Brown+Mouth_Bored.Unshaven",2,3420,-0.0782160317751494,0.0463377174611591,-0.169037957999021,0.0126058944487225,-7.52353735811121
"Fur_Brown+Mouth_Bored.Unshaven",2,3421,-0.075069425957776,0.0429116384434133,-0.159176237306866,0.009037385391314,-7.23209209157627
"Fur_Brown+Mouth_Bored.Unshaven",2,3423,-0.0748713453786525,0.0466753818807725,-0.166355093864967,0.0166124031076615,-7.21371475061662
"Fur_Brown+Mouth_Bored.Unshaven",2,3426,-0.0792099532163728,0.0473570429375713,-0.172029757374013,0.013609850941267,-7.61540603445294
"Fur_Brown+Mouth_Bored.Unshaven",2,3427,-0.077974300839291,0.0455630950176526,-0.16727796707389,0.011329365395308,-7.50118023415653
"Fur_Brown+Mouth_Bored.Unshaven",2,3428,-0.0791499458647109,0.0467121500852678,-0.170705760031836,0.0124058683024139,-7.60986211329837
"Fur_Brown+Mouth_Bored.Unshaven",2,3432,-0.0744911957234765,0.045984901469234,-0.164621602603175,0.0156392111562221,-7.17843537097685
"Fur_Brown+Mouth_Bored.Unshaven",2,3433,-0.0788495532190334,0.0436235564150394,-0.164351723792511,0.0066526173544439,-7.58210462648035
"Fur_Brown+Mouth_Bored.Unshaven",2,3436,-0.0757805423567165,0.0467801687558345,-0.167469673118152,0.0159085884047191,-7.29803742200343
"Fur_Brown+Mouth_Bored.Unshaven",2,3437,-0.0746685319067203,0.0450967750231405,-0.163058210952076,0.0137211471386351,-7.19489453352522
"Fur_Brown+Mouth_Bored.Unshaven",2,3438,-0.0774390005937239,0.050672993958974,-0.176758068753313,0.021880067565865,-7.45165233825646
"Fur_Brown+Mouth_Bored.Unshaven",2,3439,-0.0767861514276519,0.0494483091411092,-0.173704837344226,0.0201325344889221,-7.39121249976176
"Fur_Brown+Mouth_Bored.Unshaven",2,3440,-0.0741245836796552,0.0435233649334498,-0.159430378949217,0.0111812115899063,-7.14439962888225
"Fur_Brown+Mouth_Bored.Unshaven",2,3444,-0.0795436839608709,0.0491956216190369,-0.175967102334183,0.0168797344124415,-7.64623246962653
"Fur_Brown+Mouth_Bored.Unshaven",2,3445,-0.0742598650043109,0.0472793519757212,-0.166927394876724,0.0184076648681026,-7.15696040786359
"Fur_Brown+Mouth_Bored.Unshaven",2,3446,-0.0742531051204769,0.0485359868247629,-0.169383639297012,0.0208774290560583,-7.15633279757987
"Fur_Brown+Mouth_Bored.Unshaven",2,3448,-0.0784888249820936,0.0455400908038683,-0.167747402957676,0.0107697529934883,-7.5487608683646
"Fur_Brown+Mouth_Bored.Unshaven",2,3449,-0.0775745810104399,0.0432893471203097,-0.162421701366247,0.00727253934536716,-7.46419923122311
"Fur_Brown+Mouth_Bored.Unshaven",2,3450,-0.0746616971924724,0.0457388007190206,-0.164309746601753,0.0149863522168079,-7.19426023498099
"Fur_Brown+Mouth_Bored.Unshaven",2,3451,-0.07732871208501,0.0436628739211612,-0.162907944970486,0.0082505208004658,-7.44144475612976
"Fur_Brown+Mouth_Bored.Unshaven",2,3452,-0.0760530417437212,0.0448977505281034,-0.164052632778804,0.0119465492913615,-7.32329520845811
"Fur_Brown+Mouth_Bored.Unshaven",2,3453,-0.0729714590345971,0.0470737952742931,-0.165236097772212,0.0192931797030174,-7.03726378904552
"Fur_Brown+Mouth_Bored.Unshaven",2,3454,-0.0708579226188857,0.0498104629628665,-0.168486430026104,0.0267705847883326,-6.84057588044849
"Fur_Brown+Mouth_Bored.Unshaven",2,3455,-0.0771156546581251,0.0451478520322307,-0.165605444641297,0.0113741353250472,-7.42172236758724
"Fur_Brown+Mouth_Bored.Unshaven",2,3456,-0.077347117907584,0.0442130826952435,-0.164004759990261,0.00931052417509327,-7.44314835679714
"Fur_Brown+Mouth_Bored.Unshaven",2,3458,-0.0785244578156068,0.0452553717453107,-0.167224986436416,0.0101760708052022,-7.55205510928475
"Fur_Brown+Mouth_Bored.Unshaven",2,3459,-0.0753270644638183,0.0462860093287342,-0.166047642748137,0.0153935138205007,-7.25598959818733
"Fur_Brown+Mouth_Bored.Unshaven",2,3460,-0.0756336999715688,0.0481351121692159,-0.169978519823232,0.0187111198800944,-7.28442384521003
"Fur_Brown+Mouth_Bored.Unshaven",2,3461,-0.0766871830967863,0.0506586755251234,-0.175978187126028,0.0226038209324556,-7.38204670908534
"Fur_Brown+Mouth_Bored.Unshaven",2,3463,-0.0751818466094274,0.0478001546020368,-0.16887014962942,0.0185064564105648,-7.24252053403854
"Fur_Brown+Mouth_Bored.Unshaven",2,3464,-0.0783679426161966,0.0448812768790273,-0.16633524529909,0.00959936006669691,-7.53758446834703
"Fur_Brown+Mouth_Bored.Unshaven",2,3465,-0.0798015844111579,0.0467107837440502,-0.171354720549496,0.0117515517271805,-7.67004747677578
"Fur_Brown+Mouth_Bored.Unshaven",2,3467,-0.0736202321173227,0.0490751448601515,-0.16980751604322,0.0225670518085742,-7.09755594991539
"Fur_Brown+Mouth_Bored.Unshaven",2,3468,-0.0750762667235148,0.0440681221251146,-0.161449786088739,0.0112972526417097,-7.23272669293178
"Fur_Brown+Mouth_Bored.Unshaven",2,3470,-0.077928786308905,0.0445252842834852,-0.165198343504536,0.00934077088672598,-7.49697009800316
"Fur_Brown+Mouth_Bored.Unshaven",2,3471,-0.0721646946926941,0.0458094630515809,-0.161951242273793,0.0176218528884044,-6.9622345069396
"Fur_Brown+Mouth_Bored.Unshaven",2,3472,-0.0751633956278151,0.0469171457175687,-0.16712100123425,0.0167942099786197,-7.24080905170129
"Fur_Brown+Mouth_Bored.Unshaven",2,3475,-0.0757049298512242,0.0451376350874317,-0.16417469462259,0.0127648349201419,-7.29102772934199
"Fur_Brown+Mouth_Bored.Unshaven",2,3476,-0.0759584913550892,0.0451753213608125,-0.164502121222282,0.0125851385121033,-7.31453217573539
"Fur_Brown+Mouth_Bored.Unshaven",2,3477,-0.0770407693955758,0.0500040192377968,-0.175048647101658,0.0209671083105059,-7.41478935937354
"Fur_Brown+Mouth_Bored.Unshaven",2,3478,-0.0782433997425052,0.0458242053922975,-0.168058842311408,0.011572042826398,-7.5260682162896
"Fur_Brown+Mouth_Bored.Unshaven",2,3480,-0.0772315496356392,0.0444523049472725,-0.164358067332293,0.00989496806101486,-7.43245110327644
"Fur_Brown+Mouth_Bored.Unshaven",2,3481,-0.0765792470004131,0.0452977134023311,-0.165362765268982,0.0122042712681558,-7.37204934922475
"Fur_Brown+Mouth_Bored.Unshaven",2,3482,-0.0781945504825025,0.0481888060827777,-0.172644610404747,0.0162555094397419,-7.52155082281765
"Fur_Brown+Mouth_Bored.Unshaven",2,3483,-0.0776360768129026,0.0468251827293657,-0.169413434962459,0.0141412813366541,-7.46988961957862
"Fur_Brown+Mouth_Bored.Unshaven",2,3484,-0.0736462726739119,0.0461317936383935,-0.164064588205163,0.0167720428573393,-7.09997514976816
"Fur_Brown+Mouth_Bored.Unshaven",2,3485,-0.0700795380263626,0.0477729171409846,-0.163714455622692,0.0235553795699672,-6.76803379090576
"Fur_Brown+Mouth_Bored.Unshaven",2,3486,-0.0814595221375516,0.0490113382110926,-0.177521745031293,0.01460270075619,-7.82299796211491
"Fur_Brown+Mouth_Bored.Unshaven",2,3489,-0.0742562931222812,0.051907905413991,-0.175995787733704,0.0274832014891412,-7.15662878288663
"Fur_Brown+Mouth_Bored.Unshaven",2,3490,-0.076578307353099,0.0470288722823718,-0.168754897026548,0.0155982823203497,-7.37196231157883
"Fur_Brown+Mouth_Bored.Unshaven",2,3491,-0.0748381560839501,0.0467042732996404,-0.166378531751245,0.0167022195833452,-7.21063518814716
"Fur_Brown+Mouth_Bored.Unshaven",2,3492,-0.0776264385021458,0.0397298046705662,-0.155496855656456,0.000243978652163857,-7.46899778132252
"Fur_Brown+Mouth_Bored.Unshaven",2,3493,-0.0771510454005127,0.0524033239686079,-0.179861560378984,0.0255594695779588,-7.42499872358494
"Fur_Brown+Mouth_Bored.Unshaven",2,3494,-0.0736206321378591,0.0482629717822225,-0.168216056831015,0.020974792555297,-7.09759311279345
"Fur_Brown+Mouth_Bored.Unshaven",2,3495,-0.07351114108324,0.0467688688742944,-0.165178124076857,0.0181558419103769,-7.08742057339586
"Fur_Brown+Mouth_Bored.Unshaven",2,3496,-0.0728019856320707,0.0448224413455089,-0.160653970669268,0.0150499994051267,-7.02150774275401
"Fur_Brown+Mouth_Bored.Unshaven",2,3497,-0.0748093350889642,0.0462308585822717,-0.165421817910217,0.0158031477322883,-7.20796086779107
"Fur_Brown+Mouth_Bored.Unshaven",2,3499,-0.0760430278553979,0.0454297137761941,-0.165085266856738,0.0129992111459425,-7.32236714963943
"Fur_Brown+Mouth_Bored.Unshaven",2,3501,-0.0797277017297319,0.0480823811167993,-0.173969168718659,0.0145137652591946,-7.66322564030275
"Fur_Brown+Mouth_Bored.Unshaven",2,3502,-0.0765705282225939,0.0486083353163993,-0.171842865442737,0.0187018089975488,-7.37124174318252
"Fur_Brown+Mouth_Bored.Unshaven",2,3503,-0.0783584276855951,0.0469018853464384,-0.170286122964614,0.0135692675934243,-7.5367046906945
"Fur_Brown+Mouth_Bored.Unshaven",2,3505,-0.074994695132075,0.0460131345525392,-0.165180438855052,0.0151910485909018,-7.22515921017297
"Fur_Brown+Mouth_Bored.Unshaven",2,3507,-0.0743991094424047,0.0494779053430695,-0.171375803914821,0.0225775850300114,-7.16988738471681
"Fur_Brown+Mouth_Bored.Unshaven",2,3509,-0.076828070628544,0.045374700460631,-0.165762483531381,0.0121063422742926,-7.39509450476351
"Fur_Brown+Mouth_Bored.Unshaven",2,3510,-0.0776077843820462,0.0436470638036489,-0.163156029437198,0.00794046067310565,-7.4672716807948
"Fur_Brown+Mouth_Bored.Unshaven",2,3511,-0.076221170994379,0.0460881486372494,-0.166553942323388,0.0141116003346299,-7.33887556359473
"Fur_Brown+Mouth_Bored.Unshaven",2,3512,-0.0765957692036192,0.0427826271313935,-0.16044971838115,0.007258179973912,-7.3735797544051
"Fur_Brown+Mouth_Bored.Unshaven",2,3515,-0.072187566302131,0.0480332805681752,-0.166332796215754,0.0219576636114925,-6.9643624060405
"Fur_Brown+Mouth_Bored.Unshaven",2,3517,-0.0747153967387481,0.0455992814118222,-0.16408998830592,0.0146591948284235,-7.19924372729132
"Fur_Brown+Mouth_Bored.Unshaven",2,3519,-0.0752383019623602,0.0436468835278594,-0.160786193676965,0.0103095897522442,-7.24775704246309
"Fur_Brown+Mouth_Bored.Unshaven",2,3520,-0.0786698706839964,0.0484124065872227,-0.173558187594953,0.01621844622696,-7.56549725277403
"Fur_Brown+Mouth_Bored.Unshaven",2,3521,-0.0772025631248197,0.0463317993155912,-0.168012889783378,0.0136077635337391,-7.42976785412999
"Fur_Brown+Mouth_Bored.Unshaven",2,3522,-0.0757226487195425,0.0465002499825122,-0.166863138685266,0.0154178412461815,-7.29267041286028
"Fur_Brown+Mouth_Bored.Unshaven",2,3523,-0.0720536247650997,0.050534050731515,-0.171100364198869,0.0269931146686698,-6.95190023515996
"Fur_Brown+Mouth_Bored.Unshaven",2,3524,-0.0797340445598752,0.0440895917796742,-0.166149644448037,0.00668155532828631,-7.66381131492108
"Fur_Brown+Mouth_Bored.Unshaven",2,3525,-0.0797089020144093,0.0445175755732965,-0.16696335013807,0.00754554610925195,-7.66148971891362
"Fur_Brown+Mouth_Bored.Unshaven",2,3526,-0.0707665198648332,0.0451131621558025,-0.159188317690206,0.0176552779605397,-6.83206046335765
"Fur_Brown+Mouth_Bored.Unshaven",2,3527,-0.0765967654810601,0.0474819121268227,-0.169661313249633,0.0164677822875123,-7.37367203597207
"Fur_Brown+Mouth_Bored.Unshaven",2,3528,-0.0709434527713002,0.0477398204356271,-0.164513500825129,0.0226265952825289,-6.84854347945243
"Fur_Brown+Mouth_Bored.Unshaven",2,3529,-0.0801136973993542,0.0493775829864265,-0.17689376005275,0.0166663652540417,-7.69886035748679
"Fur_Brown+Mouth_Bored.Unshaven",2,3530,-0.076170511994086,0.043081582019495,-0.160610412752296,0.00826938876412416,-7.33418132476303
"Fur_Brown+Mouth_Bored.Unshaven",2,3531,-0.0728399236391888,0.049334407294369,-0.169535361936152,0.0238555146577744,-7.02503509454432
"Fur_Brown+Mouth_Bored.Unshaven",2,3532,-0.0748803925872204,0.0487019082674142,-0.170336132791352,0.0205753476169114,-7.21455420369415
"Fur_Brown+Mouth_Bored.Unshaven",2,3535,-0.0763762430982484,0.0459285940197121,-0.166396287376884,0.0136438011803872,-7.35324360503799
"Fur_Brown+Mouth_Bored.Unshaven",2,3538,-0.0774397402356146,0.0466976001154651,-0.168967036461926,0.0140875559906971,-7.45172079086599
"Fur_Brown+Mouth_Bored.Unshaven",2,3539,-0.0754330027446073,0.0488921003048418,-0.171261519342097,0.0203955138528826,-7.26581421879188
"Fur_Brown+Mouth_Bored.Unshaven",2,3540,-0.0749344824279167,0.0441009223843342,-0.161372290301212,0.0115033254453783,-7.21957281794696
"Fur_Brown+Mouth_Bored.Unshaven",2,3541,-0.0789361062878581,0.0486197141021894,-0.174230745928149,0.0163585333524331,-7.59010333277796
"Fur_Brown+Mouth_Bored.Unshaven",2,3542,-0.0795501663656788,0.044336696439522,-0.166450091387142,0.00734975865578447,-7.64683114219278
"Fur_Brown+Mouth_Bored.Unshaven",2,3543,-0.0746340704978094,0.0486193305210357,-0.169927958319039,0.0206598173234205,-7.19169628372894
"Fur_Brown+Mouth_Bored.Unshaven",2,3544,-0.0786489770920242,0.0406095964026329,-0.158243786041185,0.000945831857136176,-7.56356594381355
"Fur_Brown+Mouth_Bored.Unshaven",2,3545,-0.0759804327413375,0.0438112589123109,-0.161850500209467,0.00988963472679194,-7.31656580107416
"Fur_Brown+Mouth_Bored.Unshaven",2,3546,-0.0739753348813078,0.045396213694477,-0.162951913722483,0.0150012439598672,-7.13054000786687
"Fur_Brown+Mouth_Bored.Unshaven",2,3547,-0.0760350900700671,0.0510731481556449,-0.176138460455131,0.0240682803149968,-7.32163149156515
"Fur_Brown+Mouth_Bored.Unshaven",2,3548,-0.0774557835181903,0.0504723026843263,-0.17638149677947,0.0214699297430893,-7.45320555715094
"Fur_Brown+Mouth_Bored.Unshaven",2,3549,-0.0762582419314463,0.0486034959166753,-0.17152109392813,0.0190046100652372,-7.34231053463811
"Fur_Brown+Mouth_Bored.Unshaven",2,3551,-0.0751901887334606,0.0464945645130313,-0.166319535179002,0.0159391577120807,-7.24329432520971
"Fur_Brown+Mouth_Bored.Unshaven",2,3552,-0.0777794169808352,0.0443648021358992,-0.164734429167198,0.00917559520552715,-7.48315195060428
"Fur_Brown+Mouth_Bored.Unshaven",2,3553,-0.0775407743121758,0.0453021038845459,-0.166332897925886,0.0112513493015341,-7.46107084844805
"Fur_Brown+Mouth_Bored.Unshaven",2,3554,-0.0771369624061436,0.0479483215646722,-0.171115672672901,0.0168417478606139,-7.42369498118297
"Fur_Brown+Mouth_Bored.Unshaven",2,3555,-0.0737981135370727,0.0500704263132156,-0.171936149110975,0.02433992203683,-7.11408009884815
"Fur_Brown+Mouth_Bored.Unshaven",2,3556,-0.0755139572182725,0.0430875711860672,-0.159965596742964,0.00893768230641927,-7.27332116212814
"Fur_Brown+Mouth_Bored.Unshaven",2,3557,-0.076922380328452,0.0454077327073189,-0.165921536434797,0.012076775777893,-7.40382763379491
"Fur_Brown+Mouth_Bored.Unshaven",2,3558,-0.0741071112527197,0.0489220868131101,-0.169994401406416,0.0217801789009761,-7.14277720201538
"Fur_Brown+Mouth_Bored.Unshaven",2,3560,-0.077417671993562,0.0487932633559966,-0.173052468171315,0.0182171241841913,-7.44967839050283
"Fur_Brown+Mouth_Bored.Unshaven",2,3561,-0.0765456811982606,0.0476724304583746,-0.169983644896675,0.0168922825001537,-7.36894016557859
"Fur_Brown+Mouth_Bored.Unshaven",2,3565,-0.0727869402721869,0.0485844216126096,-0.168012406632902,0.0224385260885278,-7.02010883735306
"Fur_Brown+Mouth_Bored.Unshaven",2,3567,-0.0730183629277047,0.046200904992526,-0.163572136713056,0.0175354108576462,-7.04162400103149
"Fur_Brown+Mouth_Bored.Unshaven",2,3569,-0.0760848958527807,0.0467882075354217,-0.167789782622207,0.0156199909166459,-7.32624729530151
"Fur_Brown+Mouth_Bored.Unshaven",2,3570,-0.073866192162635,0.0448560990716234,-0.161784146343017,0.0140517620177469,-7.12040342936484
"Fur_Brown+Mouth_Bored.Unshaven",2,3571,-0.0747684375036011,0.0487350878212633,-0.170289209633277,0.020752334626075,-7.20416581984602
"Fur_Brown+Mouth_Bored.Unshaven",2,3575,-0.0743898525689324,0.0457948460817452,-0.164147750889153,0.0153680457512882,-7.16902806413261
"Fur_Brown+Mouth_Bored.Unshaven",2,3576,-0.0770305302993786,0.0508465745524375,-0.176689816422156,0.0226287558233989,-7.41384136564206
"Fur_Brown+Mouth_Bored.Unshaven",2,3577,-0.0744283435780217,0.0492946719148127,-0.171045900531055,0.0221892133750111,-7.17260115315083
"Fur_Brown+Mouth_Bored.Unshaven",2,3579,-0.0773675240106235,0.0476024170787329,-0.17066826148494,0.015933213463693,-7.44503706217816
"Fur_Brown+Mouth_Bored.Unshaven",2,3580,-0.0768040222917968,0.047345693179722,-0.169601580924052,0.0159935363404585,-7.39286748403375
"Fur_Brown+Mouth_Bored.Unshaven",2,3581,-0.071366079400161,0.0443551106395444,-0.158302096253668,0.0155699374533461,-6.887903447624
"Fur_Brown+Mouth_Bored.Unshaven",2,3582,-0.0713888259702071,0.0473900007867245,-0.164273227512187,0.021495575571773,-6.89002140436216
"Fur_Brown+Mouth_Bored.Unshaven",2,3583,-0.0694572419023123,0.0489821756983918,-0.16546230627116,0.0265478224665357,-6.70999784379666
"Fur_Brown+Mouth_Bored.Unshaven",2,3584,-0.0794233492301287,0.0480758091774653,-0.173651935217961,0.0148052367577034,-7.63511843518898
"Fur_Brown+Mouth_Bored.Unshaven",2,3585,-0.0779007326659224,0.0495141702382343,-0.174948506332862,0.0191470410010169,-7.49437501462689
"Fur_Brown+Mouth_Bored.Unshaven",2,3587,-0.0727434332613568,0.0477329737900352,-0.166300061889826,0.0208131953671122,-7.01606347222102
"Fur_Brown+Mouth_Bored.Unshaven",2,3588,-0.0743144891883226,0.0471063494755773,-0.166642934160454,0.0180139557838088,-7.1620317446324
"Fur_Brown+Mouth_Bored.Unshaven",2,3589,-0.0745354502720896,0.0433996522174259,-0.159598768618244,0.0105278680740652,-7.18254305652852
"Fur_Brown+Mouth_Bored.Unshaven",2,3590,-0.0760395925510146,0.045882949156798,-0.165970172898339,0.0138909877963095,-7.32204877321421
"Fur_Brown+Mouth_Bored.Unshaven",2,3591,-0.0793447069443719,0.0493428086729486,-0.176056611943351,0.0173671980546074,-7.62785436415123
"Fur_Brown+Mouth_Bored.Unshaven",2,3592,-0.0749278997697128,0.0492899220073146,-0.171536146904049,0.0216803473646238,-7.21896207409665
"Fur_Brown+Mouth_Bored.Unshaven",2,3593,-0.0755973503901505,0.0454534861428396,-0.164686183230116,0.0134914824498151,-7.28105361157292
"Fur_Brown+Mouth_Bored.Unshaven",2,3594,-0.0750070538087843,0.0473801109880036,-0.167872071345271,0.0178579637277027,-7.226305777352
"Fur_Brown+Mouth_Bored.Unshaven",2,3596,-0.0808373071251047,0.0464337019472337,-0.171847362941683,0.0101727486914734,-7.76562620070993
"Fur_Brown+Mouth_Bored.Unshaven",2,3597,-0.0765390022833794,0.0470483219422376,-0.168753713290165,0.0156757087234064,-7.36832148854856
"Fur_Brown+Mouth_Bored.Unshaven",2,3598,-0.0761140887981424,0.0488898594637751,-0.171938213347142,0.0197100357508569,-7.32895267561149
"Fur_Brown+Mouth_Bored.Unshaven",2,3599,-0.0736084449340709,0.0457960103717955,-0.16336862526279,0.0161517353946483,-7.09646088532898
"Fur_Brown+Mouth_Bored.Unshaven",2,3601,-0.0739965807412083,0.0468179394318909,-0.165759742027714,0.0177665805452979,-7.13251307844303
"Fur_Brown+Mouth_Bored.Unshaven",2,3603,-0.0736481041953416,0.0488453318494445,-0.169384954620253,0.0220887462295695,-7.10014529799868
"Fur_Brown+Mouth_Bored.Unshaven",2,3604,-0.0820125372324977,0.0460412473586585,-0.172253382055468,0.00822830759047284,-7.87395914319877
"Fur_Brown+Mouth_Bored.Unshaven",2,3605,-0.0736946813504026,0.0459544968246458,-0.163765495126708,0.0163761324259031,-7.10447220816791
"Fur_Brown+Mouth_Bored.Unshaven",2,3606,-0.075081854370679,0.0421126655491163,-0.157622678846947,0.00745897010558894,-7.23324504227522
"Fur_Brown+Mouth_Bored.Unshaven",2,3607,-0.0786890847023957,0.0466356960857286,-0.170095049030424,0.0127168796256324,-7.56727327394824
"Fur_Brown+Mouth_Bored.Unshaven",2,3613,-0.0755727765262956,0.0430820614032545,-0.160013616876674,0.0088680638240831,-7.27877512081206
"Fur_Brown+Mouth_Bored.Unshaven",2,3614,-0.0742769353586384,0.0539976848460966,-0.180112397656988,0.0315585269397109,-7.15854525791926
"Fur_Brown+Mouth_Bored.Unshaven",2,3615,-0.0788428359861435,0.048908275723957,-0.174703056405099,0.0170173844328123,-7.58148383186892
"Fur_Brown+Mouth_Bored.Unshaven",2,3616,-0.0775672235654228,0.0466433446246391,-0.168988179029715,0.0138537318988697,-7.46351840165226
"Fur_Brown+Mouth_Bored.Unshaven",2,3617,-0.0742434034230506,0.0511621563748642,-0.174521229917785,0.0260344230716832,-7.15543205204335
"Fur_Brown+Mouth_Bored.Unshaven",2,3618,-0.0786540203894398,0.0450495021113065,-0.166951044527601,0.00964300374872096,-7.56403212706698
"Fur_Brown+Mouth_Bored.Unshaven",2,3620,-0.0773921907715984,0.0482883292011877,-0.172037316005926,0.0172529344627295,-7.44732006516874
"Fur_Brown+Mouth_Bored.Unshaven",2,3621,-0.0806042918911503,0.0462916666939171,-0.171335958611228,0.0101273748289271,-7.74413168234259
"Fur_Brown+Mouth_Bored.Unshaven",2,3623,-0.0794362819082141,0.0492352280252891,-0.175937328837781,0.0170647650213526,-7.63631295274448
"Fur_Brown+Mouth_Bored.Unshaven",2,3624,-0.0712794854068459,0.0491202432254611,-0.16755516212875,0.0249961913150579,-6.87984015024607
"Fur_Brown+Mouth_Bored.Unshaven",2,3625,-0.0757916771800987,0.0469231361894002,-0.167761024111323,0.0161776697511258,-7.29906963623715
"Fur_Brown+Mouth_Bored.Unshaven",2,3626,-0.0781207239827521,0.0460298911852794,-0.1683393107059,0.0120978627403955,-7.5147232105863
"Fur_Brown+Mouth_Bored.Unshaven",2,3627,-0.0754727579580346,0.0453225353799093,-0.164304927302657,0.0133594113865876,-7.26950081285846
"Fur_Brown+Mouth_Bored.Unshaven",2,3628,-0.0776562369758719,0.0443711823370126,-0.164623754356417,0.00931128040467269,-7.47175502287998
"Fur_Brown+Mouth_Bored.Unshaven",2,3629,-0.0729799860179665,0.0471162308352181,-0.165327798454994,0.0193678264190609,-7.03805647737155
"Fur_Brown+Mouth_Bored.Unshaven",2,3630,-0.0742422673631876,0.0445628271361518,-0.161585408550045,0.0131008738236699,-7.15532657499629
"Fur_Brown+Mouth_Bored.Unshaven",2,3631,-0.0753164005212202,0.0472770331684746,-0.16797938553143,0.0173465844889899,-7.25500057611066
"Fur_Brown+Mouth_Bored.Unshaven",2,3632,-0.0764447212390451,0.0433691100095376,-0.161448176857739,0.00855873437964862,-7.35958766544954
"Fur_Brown+Mouth_Bored.Unshaven",2,3633,-0.0755976631001772,0.049078209761205,-0.171790954232139,0.0205956280317846,-7.2810826057126
"Fur_Brown+Mouth_Bored.Unshaven",2,3636,-0.074424031930264,0.042621221691781,-0.157961626446155,0.0091135625856269,-7.17220091324188
"Fur_Brown+Mouth_Bored.Unshaven",2,3637,-0.0754277626389679,0.0501238587684615,-0.173670525825153,0.0228150005472167,-7.26532828058882
"Fur_Brown+Mouth_Bored.Unshaven",2,3639,-0.0766599710881701,0.046272113049712,-0.167353312665605,0.0140333704892654,-7.37952635425058
"Fur_Brown+Mouth_Bored.Unshaven",2,3643,-0.0774605264440859,0.0450307366874704,-0.165720770351528,0.0107997174633562,-7.45364449869792
"Fur_Brown+Mouth_Bored.Unshaven",2,3644,-0.076762642768056,0.0449650043677675,-0.16489405132888,0.0113687657927684,-7.38903536571017
"Fur_Brown+Mouth_Bored.Unshaven",2,3645,-0.0760754073418367,0.047854741145218,-0.169870699986464,0.0177198853027906,-7.32536795521295
"Fur_Brown+Mouth_Bored.Unshaven",2,3646,-0.0792531849593025,0.0436285055444221,-0.16476505582637,0.00625868590776486,-7.61939989513853
"Fur_Brown+Mouth_Bored.Unshaven",2,3648,-0.0736466028078961,0.0448735301908897,-0.16159872198204,0.0143055163662477,-7.10000581921842
"Fur_Brown+Mouth_Bored.Unshaven",2,3649,-0.0771790438805965,0.0465918393425478,-0.16849904899199,0.0141409612307972,-7.42759064662931
"Fur_Brown+Mouth_Bored.Unshaven",2,3651,-0.0754417857820422,0.044687145370456,-0.163028590708136,0.0121450191440515,-7.26662870304026
"Fur_Brown+Mouth_Bored.Unshaven",2,3652,-0.072949929187565,0.0469692116091105,-0.165009583941422,0.0191097255662916,-7.03526229400935
"Fur_Brown+Mouth_Bored.Unshaven",2,3653,-0.0784297133134201,0.0468542868440945,-0.170264115527845,0.0134046889010051,-7.54329575982435
"Fur_Brown+Mouth_Bored.Unshaven",2,3655,-0.0761555855070727,0.0463547372701125,-0.167010870556493,0.0146996995423477,-7.33279813930098
"Fur_Brown+Mouth_Bored.Unshaven",2,3656,-0.0758314534111925,0.0500916483568653,-0.174011084190648,0.0223481773682634,-7.30275685653357
"Fur_Brown+Mouth_Bored.Unshaven",2,3657,-0.0747024971678451,0.0491146682956135,-0.170967247027248,0.0215622526915574,-7.19804662963491
"Fur_Brown+Mouth_Bored.Unshaven",2,3658,-0.0753083374394008,0.0462843465628905,-0.166025656702666,0.0154089818238646,-7.25425276257713
"Fur_Brown+Mouth_Bored.Unshaven",2,3660,-0.0754043415169321,0.041130296541442,-0.156019722738158,0.00521103970429422,-7.26315630509058
"Fur_Brown+Mouth_Bored.Unshaven",2,3661,-0.0750956371883312,0.0441624602072464,-0.161654059194534,0.0114627848178718,-7.23452362073176
"Fur_Brown+Mouth_Bored.Unshaven",2,3662,-0.0785291351997973,0.0461480076554179,-0.168979230204416,0.0119209598048217,-7.55248752282934
"Fur_Brown+Mouth_Bored.Unshaven",2,3663,-0.0734323136042893,0.0463961009532791,-0.164368671472716,0.0175040442641377,-7.0800962203205
"Fur_Brown+Mouth_Bored.Unshaven",2,3666,-0.074262658296844,0.0471840665252856,-0.166743428686404,0.0182181120927158,-7.15721974527064
"Fur_Brown+Mouth_Bored.Unshaven",2,3667,-0.0761323657707147,0.0538449985637026,-0.181668562955572,0.0294038314141423,-7.3306464063235
"Fur_Brown+Mouth_Bored.Unshaven",2,3668,-0.0764075146659824,0.049921775336126,-0.174254194324789,0.0214391649928246,-7.35614076905626
"Fur_Brown+Mouth_Bored.Unshaven",2,3669,-0.0758045641178202,0.0482100856411655,-0.170296331974505,0.0186872037388642,-7.30026425965594
"Fur_Brown+Mouth_Bored.Unshaven",2,3670,-0.072675028806801,0.0466567262837452,-0.164122212322942,0.0187721547093395,-7.00970273921163
"Fur_Brown+Mouth_Bored.Unshaven",2,3671,-0.077460454548834,0.0454153449254254,-0.166474530602668,0.0115536215049999,-7.45363784505414
"Fur_Brown+Mouth_Bored.Unshaven",2,3673,-0.0776696390684037,0.0485997633486721,-0.172925175231801,0.0175858970949935,-7.47299508667123
"Fur_Brown+Mouth_Bored.Unshaven",2,3674,-0.0742575049635706,0.046941617632026,-0.166263075522341,0.0177480655952003,-7.15674129424914
"Fur_Brown+Mouth_Bored.Unshaven",2,3675,-0.0738329374340464,0.0462141517479504,-0.164412674860029,0.0167467999919365,-7.1173146922322
"Fur_Brown+Mouth_Bored.Unshaven",2,3676,-0.0731974580904631,0.0505327536286114,-0.172241655202542,0.0258467390216152,-7.05827090577623
"Fur_Brown+Mouth_Bored.Unshaven",2,3677,-0.0731624301868081,0.0459562625408933,-0.163236704766959,0.0169118443933427,-7.05501529482571
"Fur_Brown+Mouth_Bored.Unshaven",2,3678,-0.0744544793493586,0.049198140666145,-0.170882835055003,0.0219738763562855,-7.17502723711696
"Fur_Brown+Mouth_Bored.Unshaven",2,3679,-0.0779131350995237,0.0483191960094941,-0.172618759278132,0.0167924890790847,-7.49552230238393
"Fur_Brown+Mouth_Bored.Unshaven",2,3681,-0.0755926028973311,0.043721136851516,-0.161286031126303,0.0101008253316403,-7.28061342799584
"Fur_Brown+Mouth_Bored.Unshaven",2,3682,-0.074838672160847,0.047959438017466,-0.16883917067508,0.0191618263533863,-7.21068307458226
"Fur_Brown+Mouth_Bored.Unshaven",2,3683,-0.0771835559297161,0.0481256588299962,-0.171509847236509,0.0171427353770765,-7.42800833694511
"Fur_Brown+Mouth_Bored.Unshaven",2,3684,-0.0767818115020237,0.0473619194435647,-0.169611173611411,0.0160475506073631,-7.39081058363934
"Fur_Brown+Mouth_Bored.Unshaven",2,3685,-0.0749348418906152,0.0460560901309514,-0.16520477854728,0.0153350947660495,-7.21960616904369
"Fur_Brown+Mouth_Bored.Unshaven",2,3686,-0.0754603553148641,0.04889516627971,-0.171294881223096,0.0203741705933675,-7.26835070243383
"Fur_Brown+Mouth_Bored.Unshaven",2,3687,-0.0778960624722009,0.0458434285361216,-0.167749182402999,0.0119570574585974,-7.49394299442907
"Fur_Brown+Mouth_Bored.Unshaven",2,3690,-0.0765742291884612,0.0471038808133413,-0.16889783558261,0.0157493772056877,-7.37158455842079
"Fur_Brown+Mouth_Bored.Unshaven",2,3691,-0.073568091454083,0.0426723239920862,-0.157205846478572,0.0100696635704058,-7.09271182857928
"Fur_Brown+Mouth_Bored.Unshaven",2,3692,-0.0761178078282561,0.0498916970959004,-0.173905534136221,0.0216699184797087,-7.32929732138629
"Fur_Brown+Mouth_Bored.Unshaven",2,3696,-0.0738245715701665,0.0487501199457531,-0.169374806663843,0.0217256635235095,-7.11653764507979
"Fur_Brown+Mouth_Bored.Unshaven",2,3698,-0.0735193506344611,0.0452920060857024,-0.162291682562438,0.0152529812935156,-7.08818334084475
"Fur_Brown+Mouth_Bored.Unshaven",2,3700,-0.0788758531086084,0.0440791757164255,-0.165271037512802,0.00751933129558562,-7.5845351749617
"Fur_Brown+Mouth_Bored.Unshaven",2,3701,-0.0760508670536762,0.0480817323178611,-0.170291062396684,0.0181893282893316,-7.32309366513165
"Fur_Brown+Mouth_Bored.Unshaven",2,3702,-0.0730337169536178,0.0490663301280521,-0.1692037240046,0.0231362900973643,-7.04305127538818
"Fur_Brown+Mouth_Bored.Unshaven",2,3703,-0.0764848087443324,0.0455623963381033,-0.165787105567015,0.01281748807835,-7.36330131403288
"Fur_Brown+Mouth_Bored.Unshaven",2,3704,-0.0743787049216181,0.0452114902269839,-0.162993225766507,0.0142358159232704,-7.16799321142955
"Fur_Brown+Mouth_Bored.Unshaven",2,3705,-0.0764884157165834,0.0421587371568321,-0.159119540543974,0.00614270911080754,-7.36363545143185
"Fur_Brown+Mouth_Bored.Unshaven",2,3706,-0.0765256440163849,0.0456172569465119,-0.165935467631548,0.0128841795987784,-7.36708408159007
"Fur_Brown+Mouth_Bored.Unshaven",2,3707,-0.0755270983826557,0.0520334491674159,-0.177512658750791,0.0264584619854795,-7.27453969065099
"Fur_Brown+Mouth_Bored.Unshaven",2,3708,-0.0794031728516522,0.0493048165455823,-0.176040613280994,0.0172342675776891,-7.63325482758023
"Fur_Brown+Mouth_Bored.Unshaven",2,3709,-0.0757856882640858,0.0487956503471553,-0.17142516294451,0.0198537864163385,-7.29851445648842
"Fur_Brown+Mouth_Bored.Unshaven",2,3711,-0.0797764319002744,0.0441312597987329,-0.166273701105791,0.00672083730524208,-7.66772511743361
"Fur_Brown+Mouth_Bored.Unshaven",2,3712,-0.0764946235723782,0.0461454866364982,-0.166939777379915,0.0139505302351582,-7.36421052283934
"Fur_Brown+Mouth_Bored.Unshaven",2,3713,-0.0731649718920875,0.0455863081532832,-0.162514135872523,0.0161841920883475,-7.0552515332838
"Fur_Brown+Mouth_Bored.Unshaven",2,3714,-0.0740417678366721,0.049323049477519,-0.170714944812609,0.0226314091392652,-7.13670939562964
"Fur_Brown+Mouth_Bored.Unshaven",2,3715,-0.0738096293426187,0.0480667998240314,-0.16802055699772,0.0204012983124829,-7.11514974888074
"Fur_Brown+Mouth_Bored.Unshaven",2,3716,-0.0769397433595374,0.0413386326052159,-0.157963463265761,0.00408397654668574,-7.40543537005647
"Fur_Brown+Mouth_Bored.Unshaven",2,3717,-0.0754426559755906,0.0470296857084551,-0.167620839964163,0.0167355280129814,-7.26670939898657
"Fur_Brown+Mouth_Bored.Unshaven",2,3718,-0.0765774399307853,0.0445948037102883,-0.16398325520295,0.0108283753413798,-7.37188196391721
"Fur_Brown+Mouth_Bored.Unshaven",2,3720,-0.0741369335816577,0.0457075379404464,-0.163723707944933,0.0154498407816172,-7.14554637936607
"Fur_Brown+Mouth_Bored.Unshaven",2,3721,-0.0764804491170792,0.0439109677295178,-0.162545945866934,0.00958504763277569,-7.3628974516763
"Fur_Brown+Mouth_Bored.Unshaven",2,3724,-0.0773756806739547,0.0466778279887099,-0.168864223531826,0.0141128621839167,-7.44579199877159
"Fur_Brown+Mouth_Bored.Unshaven",2,3728,-0.0796426887933465,0.0479045796160958,-0.173535664840894,0.0142502872542012,-7.65537548630049
"Fur_Brown+Mouth_Bored.Unshaven",2,3730,-0.0775088057607072,0.0446994647971103,-0.165119756763043,0.0101021452416291,-7.45811246564126
"Fur_Brown+Mouth_Bored.Unshaven",2,3731,-0.0755734411492053,0.0482824876657927,-0.170207116974159,0.0190602346757484,-7.27883674544185
"Fur_Brown+Mouth_Bored.Unshaven",2,3734,-0.0724704764213993,0.0474146085284613,-0.165403109137183,0.0204621562943848,-6.99067940652002
"Fur_Brown+Mouth_Bored.Unshaven",2,3737,-0.0766978622725457,0.0438049600167425,-0.162555583905361,0.00915985936026963,-7.38303578720574
"Fur_Brown+Mouth_Bored.Unshaven",2,3739,-0.0775906127514311,0.0457831109299576,-0.167325510174148,0.0121442846712858,-7.46568272932189
"Fur_Brown+Mouth_Bored.Unshaven",2,3742,-0.0766383976702482,0.0429417813006967,-0.160804289019614,0.00752749367911733,-7.37752819251098
"Fur_Brown+Mouth_Bored.Unshaven",2,3743,-0.0756003793368552,0.0479575294698208,-0.169597137097704,0.0183963784239936,-7.28133445189472
"Fur_Brown+Mouth_Bored.Unshaven",2,3744,-0.0777959718368908,0.0506514567877094,-0.177072827140801,0.0214808834670196,-7.4846835410288
"Fur_Brown+Mouth_Bored.Unshaven",2,3745,-0.0714913567319613,0.0466029690171183,-0.162833176005513,0.0198504625415906,-6.89956755199923
"Fur_Brown+Mouth_Bored.Unshaven",2,3747,-0.0770243855696695,0.0486504071978708,-0.172379183677496,0.0183304125381573,-7.41327244697453
"Fur_Brown+Mouth_Bored.Unshaven",2,3748,-0.0755334431246571,0.0473252223039393,-0.168290878840378,0.017223992591064,-7.27512800790726
"Fur_Brown+Mouth_Bored.Unshaven",2,3749,-0.075730647344141,0.0450947879934788,-0.164116431811359,0.0126551371230773,-7.29341194102158
"Fur_Brown+Mouth_Bored.Unshaven",2,3750,-0.0711417311856699,0.0451712249109888,-0.159677332011208,0.0173938696398682,-6.86701157157504
"Fur_Brown+Mouth_Bored.Unshaven",2,3751,-0.0761946541168639,0.0505142267882826,-0.175202538621898,0.0228132303881701,-7.33641844733025
"Fur_Brown+Mouth_Bored.Unshaven",2,3752,-0.0787577644283914,0.0490069076758206,-0.174811303473,0.0172957746162169,-7.57362131029962
"Fur_Brown+Mouth_Bored.Unshaven",2,3753,-0.0767757238207061,0.0478125469686213,-0.170488315879204,0.0169368682377915,-7.39024680669105
"Fur_Brown+Mouth_Bored.Unshaven",2,3755,-0.0736056580336512,0.05092240447842,-0.173413570811354,0.026202254744052,-7.09620197205605
"Fur_Brown+Mouth_Bored.Unshaven",2,3756,-0.0805010796241031,0.0459820899613073,-0.170625975948265,0.00962381670005925,-7.73460925361784
"Fur_Brown+Mouth_Bored.Unshaven",2,3757,-0.0765455329739615,0.0448909834857575,-0.164531860606046,0.0114407946581232,-7.36892643540366
"Fur_Brown+Mouth_Bored.Unshaven",2,3760,-0.0726892748499223,0.0494340564689835,-0.16958002552913,0.0242014758292854,-7.01102747356014
"Fur_Brown+Mouth_Bored.Unshaven",2,3761,-0.0743569132359799,0.0446761167508713,-0.161922102067688,0.013208275595728,-7.16597022347837
"Fur_Brown+Mouth_Bored.Unshaven",2,3762,-0.0770743786836247,0.0431429672455655,-0.161634594484933,0.00748583711768369,-7.41790103009622
"Fur_Brown+Mouth_Bored.Unshaven",2,3763,-0.0742662867951332,0.04637207080835,-0.165155545579499,0.0166229719892328,-7.15755662452877
"Fur_Brown+Mouth_Bored.Unshaven",2,3764,-0.0727184190181768,0.0466520052199354,-0.16415634924925,0.0187195112128967,-7.01373752033004
"Fur_Brown+Mouth_Bored.Unshaven",2,3765,-0.0781041425815451,0.0474382311457934,-0.1710830756273,0.01487479046421,-7.51318966239196
"Fur_Brown+Mouth_Bored.Unshaven",2,3766,-0.0733367472825745,0.0501988930590869,-0.171726577678385,0.0250530831132358,-7.07121578257355
"Fur_Brown+Mouth_Bored.Unshaven",2,3767,-0.0761951831254474,0.0485752939019413,-0.171402759173252,0.0190123929223576,-7.33646746714731
"Fur_Brown+Mouth_Bored.Unshaven",2,3773,-0.0772768609830613,0.0469894360515398,-0.169376155644079,0.0148224336779567,-7.43664536861989
"Fur_Brown+Mouth_Bored.Unshaven",2,3774,-0.0744655465657874,0.0428609563683564,-0.158473021047766,0.0095419279161912,-7.17605454549579
"Fur_Brown+Mouth_Bored.Unshaven",2,3775,-0.0780387617910225,0.0421321784279928,-0.160617831509888,0.00454030792784334,-7.5071426039406
"Fur_Brown+Mouth_Bored.Unshaven",2,3778,-0.0753033877182658,0.0492472921852022,-0.171828080401262,0.0212213049647306,-7.25379369585571
"Fur_Brown+Mouth_Bored.Unshaven",2,3779,-0.0760450098561199,0.0477613493875307,-0.16965725465568,0.0175672349434403,-7.32255083659262
"Fur_Brown+Mouth_Bored.Unshaven",2,3780,-0.0774355119058274,0.048713206681155,-0.172913397000891,0.0180423731892363,-7.45132946539293
"Fur_Brown+Mouth_Bored.Unshaven",2,3781,-0.0776097176008967,0.048474859135125,-0.172620441505742,0.0174010063039482,-7.46745056663656
"Fur_Brown+Mouth_Bored.Unshaven",2,3783,-0.0749216200175732,0.0472683003273601,-0.167567488659199,0.0177242486240526,-7.21837943034579
"Fur_Brown+Mouth_Bored.Unshaven",2,3784,-0.0758900737066456,0.0448319150799308,-0.16376062726331,0.0119804798500187,-7.30819063704785
"Fur_Brown+Mouth_Bored.Unshaven",2,3788,-0.0760209941235675,0.0493637201363624,-0.172773885590838,0.0207318973437028,-7.32032509303354
"Fur_Brown+Mouth_Bored.Unshaven",2,3789,-0.0750821411065382,0.0491443833801161,-0.171405132531566,0.0212408503184893,-7.2332716418266
"Fur_Brown+Mouth_Bored.Unshaven",2,3790,-0.0781033032679512,0.0461984175752475,-0.168652201715436,0.012445595179534,-7.51311203692221
"Fur_Brown+Mouth_Bored.Unshaven",2,3791,-0.0760771375458982,0.0428700370793796,-0.160102410221482,0.0079481351296859,-7.32552830109899
"Fur_Brown+Mouth_Bored.Unshaven",2,3793,-0.0758235874612735,0.0493321281431108,-0.172514558621771,0.0208673836992236,-7.30202770179362
"Fur_Brown+Mouth_Bored.Unshaven",2,3795,-0.0770397546685345,0.0430744944600371,-0.161465763810207,0.00738625447313813,-7.41469541060902
"Fur_Brown+Mouth_Bored.Unshaven",2,3798,-0.078908027952358,0.0437907588960735,-0.164737915388662,0.00692185948394615,-7.58750858026781
"Fur_Brown+Mouth_Bored.Unshaven",2,3799,-0.0762450378977589,0.0459644912522934,-0.166335440752254,0.0138453649567362,-7.34108707130771
"Fur_Brown+Mouth_Bored.Unshaven",2,3800,-0.0782210788259093,0.0407705532265911,-0.158131363150028,0.00168920549820924,-7.52400409033445
"Fur_Brown+Mouth_Bored.Unshaven",2,3801,-0.0758881263149507,0.0476941972503744,-0.169368752925685,0.0175925002957832,-7.30801012961235
"Fur_Brown+Mouth_Bored.Unshaven",2,3803,-0.0766249550671765,0.0469895974974623,-0.168724566162203,0.0154746560278496,-7.37628309701831
"Fur_Brown+Mouth_Bored.Unshaven",2,3804,-0.0741168220330481,0.0461526697685575,-0.164576054779421,0.0163424107133246,-7.14367891372971
"Fur_Brown+Mouth_Bored.Unshaven",2,3805,-0.0739836829885835,0.0489418372080439,-0.16990968391635,0.0219423179391825,-7.13131528884545
"Fur_Brown+Mouth_Bored.Unshaven",2,3806,-0.0757195609271042,0.0478306335488224,-0.169467602682796,0.0180284808285876,-7.29238415142706
"Fur_Brown+Mouth_Bored.Unshaven",2,3808,-0.0747138832821276,0.0470883217900305,-0.167006993990587,0.0175792274263322,-7.19910327726606
"Fur_Brown+Mouth_Bored.Unshaven",2,3809,-0.0769963567777343,0.0440063850862101,-0.163248871546706,0.00925615799123741,-7.41067731648297
"Fur_Brown+Mouth_Bored.Unshaven",2,3810,-0.0730360213874588,0.0475225861324597,-0.16618029020708,0.0201082474321623,-7.04326548827976
"Fur_Brown+Mouth_Bored.Unshaven",2,3811,-0.0779489443092175,0.0441328063795892,-0.164449244813212,0.0085513561947774,-7.4988347553149
"Fur_Brown+Mouth_Bored.Unshaven",2,3819,-0.0779491994263504,0.0468729677290702,-0.169820216175328,0.0139218173226272,-7.49885835394395
"Fur_Brown+Mouth_Bored.Unshaven",2,3820,-0.0741019057649128,0.0506979869510678,-0.173469960189006,0.02526614865918,-7.14229383361624
"Fur_Brown+Mouth_Bored.Unshaven",2,3821,-0.0764741410487075,0.0449506663965552,-0.164577447185956,0.0116291650885406,-7.36231308865657
"Fur_Brown+Mouth_Bored.Unshaven",2,3822,-0.0756923566232732,0.0479525790173304,-0.169679411497241,0.0182946982506944,-7.2898620709725
"Fur_Brown+Mouth_Bored.Unshaven",2,3823,-0.0777618402882956,0.0471365395240201,-0.170149457755375,0.0146257771787837,-7.48152579612023
"Fur_Brown+Mouth_Bored.Unshaven",2,3824,-0.070825080481131,0.0460014149779154,-0.160987853837845,0.0193376928755831,-6.83751627556669
"Fur_Brown+Mouth_Bored.Unshaven",2,3825,-0.0768083489784335,0.0498230737821876,-0.174461573591521,0.0208448756346542,-7.39326816520965
"Fur_Brown+Mouth_Bored.Unshaven",2,3826,-0.0766757252693158,0.0478979671830854,-0.170555740948163,0.0172042904095315,-7.38098550247632
"Fur_Brown+Mouth_Bored.Unshaven",2,3828,-0.0756721810027665,0.0456958673728102,-0.165236081053474,0.0138917190479414,-7.2879915675433
"Fur_Brown+Mouth_Bored.Unshaven",2,3829,-0.0753215282029242,0.0488526365045264,-0.171072695751796,0.0204296393459475,-7.25547614172807
"Fur_Brown+Mouth_Bored.Unshaven",2,3830,-0.0787499141291035,0.0444250231146613,-0.16582295943384,0.00832313117563258,-7.57289573271681
"Fur_Brown+Mouth_Bored.Unshaven",2,3832,-0.0759236817400527,0.0469326841986734,-0.167911742769452,0.0160643792893472,-7.31130577412638
"Fur_Brown+Mouth_Bored.Unshaven",2,3833,-0.0782732372933908,0.0473277869498183,-0.171035699715035,0.0144892251282531,-7.52882737077137
"Fur_Brown+Mouth_Bored.Unshaven",2,3834,-0.0787363736649663,0.0432936890910942,-0.163592004283511,0.00611925695357821,-7.57164421835316
"Fur_Brown+Mouth_Bored.Unshaven",2,3835,-0.0736652329951,0.047837155774416,-0.167426058312955,0.0200955923227552,-7.10173654737932
"Fur_Brown+Mouth_Bored.Unshaven",2,3836,-0.0798924273786962,0.0475001871662353,-0.172992794224517,0.013207939467125,-7.67843462269329
"Fur_Brown+Mouth_Bored.Unshaven",2,3837,-0.0762412901630423,0.044022649921867,-0.162525684009902,0.0100431036838171,-7.34073980963219
"Fur_Brown+Mouth_Bored.Unshaven",2,3841,-0.0761317010426252,0.0486579021748973,-0.171501189305424,0.0192377872201736,-7.33058480638066
"Fur_Brown+Mouth_Bored.Unshaven",2,3842,-0.0779036903194398,0.0455277418875865,-0.167138064419109,0.0113306837802296,-7.49464861380941
"Fur_Brown+Mouth_Bored.Unshaven",2,3843,-0.0735697991816344,0.0465667831788664,-0.164840694212213,0.0177010958489438,-7.09287048877953
"Fur_Brown+Mouth_Bored.Unshaven",2,3844,-0.0753198683150443,0.0430713541856237,-0.159739722518867,0.0090999858887781,-7.25532219608922
"Fur_Brown+Mouth_Bored.Unshaven",2,3845,-0.078229298862801,0.0473253882557834,-0.170987059844136,0.0145284621185345,-7.52476424330818
"Fur_Brown+Mouth_Bored.Unshaven",2,3846,-0.0752067692428581,0.0458475524342619,-0.165067972014011,0.0146544335282952,-7.24483226588989
"Fur_Brown+Mouth_Bored.Unshaven",2,3847,-0.0741752580965259,0.0440171792672411,-0.160448929460319,0.0120984132672667,-7.14910491306446
"Fur_Brown+Mouth_Bored.Unshaven",2,3848,-0.0768693770190492,0.0456117424935681,-0.166268392306443,0.0125296382683442,-7.39891960015161
"Fur_Brown+Mouth_Bored.Unshaven",2,3849,-0.0783672341761841,0.0439787357712394,-0.164565556287813,0.00783108793544507,-7.53751896424901
"Fur_Brown+Mouth_Bored.Unshaven",2,3850,-0.0776103720959487,0.0498957425786726,-0.175406027550147,0.0201852833582496,-7.4675111287125
"Fur_Brown+Mouth_Bored.Unshaven",2,3852,-0.0786442625536163,0.0491101524027308,-0.174900161262969,0.0176116361557361,-7.56313014766762
"Fur_Brown+Mouth_Bored.Unshaven",2,3853,-0.0758016597699143,0.0433841257309283,-0.160834546202534,0.00923122666270507,-7.2999950269816
"Fur_Brown+Mouth_Bored.Unshaven",2,3854,-0.0766878547114399,0.0432110898261767,-0.161381590770746,0.00800588134786641,-7.38210891263907
"Fur_Brown+Mouth_Bored.Unshaven",2,3856,-0.0718744034238445,0.0501006560302538,-0.170071689243142,0.0263228823954528,-6.93522253546364
"Fur_Brown+Mouth_Bored.Unshaven",2,3857,-0.0773636633692907,0.0439351910457069,-0.163476637818876,0.00874931108029479,-7.44467973997295
"Fur_Brown+Mouth_Bored.Unshaven",2,3858,-0.0759250465914343,0.0426695330150774,-0.159557331300986,0.00770723811811737,-7.31143228033242
"Fur_Brown+Mouth_Bored.Unshaven",2,3860,-0.07605719994927,0.0400823567804455,-0.154618619238943,0.0025042193404031,-7.323680576445
"Fur_Brown+Mouth_Bored.Unshaven",2,3861,-0.0739827314942905,0.0469299720474266,-0.165965476707247,0.0180000137186656,-7.13122692477991
"Fur_Brown+Mouth_Bored.Unshaven",2,3862,-0.0711738427407718,0.0500169613521181,-0.169207086990923,0.0268594015093796,-6.87000216864815
"Fur_Brown+Mouth_Bored.Unshaven",2,3864,-0.0770746378569108,0.045987658330791,-0.167210448185261,0.0130611724714397,-7.41792502489993
"Fur_Brown+Mouth_Bored.Unshaven",2,3865,-0.0758829961855381,0.0498341472526884,-0.173557924800807,0.021791932429731,-7.30753460648906
"Fur_Brown+Mouth_Bored.Unshaven",2,3867,-0.0817834758412533,0.0450566903951163,-0.170094589015681,0.00652763733317459,-7.85285420703953
"Fur_Brown+Mouth_Bored.Unshaven",2,3869,-0.0769255326606085,0.0503929026598216,-0.175695621873859,0.0218445565526418,-7.40411952722655
"Fur_Brown+Mouth_Bored.Unshaven",2,3870,-0.073500933631589,0.0491406586473356,-0.169816624580367,0.0228147573171889,-7.08647216789319
"Fur_Brown+Mouth_Bored.Unshaven",2,3872,-0.0768581081902202,0.0483039090132739,-0.171533769856237,0.0178175534757967,-7.39787608854763
"Fur_Brown+Mouth_Bored.Unshaven",2,3873,-0.0750795267038882,0.0495349778920567,-0.172168083372319,0.0220090299645429,-7.2330291119291
"Fur_Brown+Mouth_Bored.Unshaven",2,3874,-0.0753251895590954,0.0468890351669021,-0.167227698486224,0.0165773193680328,-7.2558157118412
"Fur_Brown+Mouth_Bored.Unshaven",2,3875,-0.074271936527932,0.0466776953744184,-0.165760219461792,0.017216346405928,-7.15808115804448
"Fur_Brown+Mouth_Bored.Unshaven",2,3876,-0.0748775690475987,0.0480683173211075,-0.169091470996969,0.019336332901772,-7.21429221994176
"Fur_Brown+Mouth_Bored.Unshaven",2,3877,-0.072840215219841,0.0422520526342994,-0.155654238383068,0.00997380794338576,-7.02506220424127
"Fur_Brown+Mouth_Bored.Unshaven",2,3878,-0.0738085153669229,0.0441834999104018,-0.16040817519131,0.0127911444574647,-7.11504627735742
"Fur_Brown+Mouth_Bored.Unshaven",2,3880,-0.0781411816027544,0.0498541243421508,-0.17585526531337,0.0195729021078612,-7.51661521988161
"Fur_Brown+Mouth_Bored.Unshaven",2,3881,-0.0770466672452355,0.046637732275296,-0.168456622504816,0.0143632880143446,-7.41533541141635
"Fur_Brown+Mouth_Bored.Unshaven",2,3882,-0.0776525023950243,0.0471880818970391,-0.170141142913221,0.0148361381231722,-7.47140946802317
"Fur_Brown+Mouth_Bored.Unshaven",2,3884,-0.0746787009506022,0.0474653344232968,-0.167710756420264,0.0183533545190596,-7.19583826791673
"Fur_Brown+Mouth_Bored.Unshaven",2,3891,-0.0789047508877944,0.0485861957399181,-0.174133694538034,0.0163241927624452,-7.58720573807073
"Fur_Brown+Mouth_Bored.Unshaven",2,3892,-0.0777431255851551,0.0458749001781636,-0.167657929934356,0.0121716787640456,-7.47979432413854
"Fur_Brown+Mouth_Bored.Unshaven",2,3894,-0.075534646304286,0.049851820054069,-0.173244213610261,0.0221749210016893,-7.27523957251722
"Fur_Brown+Mouth_Bored.Unshaven",2,3895,-0.0742624632944674,0.0464476437632767,-0.16529984507049,0.016774918481555,-7.15720164070606
"Fur_Brown+Mouth_Bored.Unshaven",2,3896,-0.0798227226780289,0.0452833414416317,-0.168578071903627,0.00893262654756914,-7.67199915132483
"Fur_Brown+Mouth_Bored.Unshaven",2,3897,-0.0771858713943474,0.050628090552954,-0.176416928878137,0.0220451860894424,-7.4282226838695
"Fur_Brown+Mouth_Bored.Unshaven",2,3898,-0.0709415188183014,0.0465825718407054,-0.162243359626084,0.0203603219894812,-6.84836332873955
"Fur_Brown+Mouth_Bored.Unshaven",2,3902,-0.0720642341963354,0.0475328980447687,-0.165228714364082,0.0211002459714112,-6.95288741733929
"Fur_Brown+Mouth_Bored.Unshaven",2,3903,-0.0758847762650845,0.0477776182920451,-0.169528908117493,0.0177593555873239,-7.30769960630395
"Fur_Brown+Mouth_Bored.Unshaven",2,3908,-0.073509278570036,0.0438917730965544,-0.159537153839283,0.0125185966992106,-7.0872475223287
"Fur_Brown+Mouth_Bored.Unshaven",2,3909,-0.0750076948692611,0.0436071116585976,-0.160477633720112,0.0104622439815901,-7.22636525088159
"Fur_Brown+Mouth_Bored.Unshaven",2,3910,-0.0760263313032153,0.0451526152683863,-0.164525457229252,0.0124727946228218,-7.32081973978821
"Fur_Brown+Mouth_Bored.Unshaven",2,3918,-0.0755995464357468,0.0484395903158565,-0.170541143454826,0.0193420505833319,-7.28125722638326
"Fur_Brown+Mouth_Bored.Unshaven",2,3922,-0.0752873497914117,0.0445480196021809,-0.162601468211686,0.0120267686288628,-7.25230622705509
"Fur_Brown+Mouth_Bored.Unshaven",2,3924,-0.0720444725173552,0.0466120069484559,-0.163404006136329,0.0193150611016184,-6.95104863200172
"Fur_Brown+Mouth_Bored.Unshaven",2,3925,-0.0746987544894383,0.0441836916665387,-0.161298790155854,0.0119012811769776,-7.19769930111797
"Fur_Brown+Mouth_Bored.Unshaven",2,3926,-0.0725490600893497,0.0453564586385067,-0.161447719020823,0.0163495988421235,-6.9979881329088
"Fur_Brown+Mouth_Bored.Unshaven",2,3930,-0.0743745485921196,0.0462629229987024,-0.165049877669576,0.016300780485337,-7.16760737021949
"Fur_Brown+Mouth_Bored.Unshaven",2,3931,-0.076533249648287,0.0470969415038838,-0.168843254995899,0.0157767556993253,-7.36778861077136
"Fur_Brown+Mouth_Bored.Unshaven",2,3933,-0.0771836397285693,0.047289786515863,-0.169871621299661,0.0155043418425222,-7.42801609437153
"Fur_Brown+Mouth_Bored.Unshaven",2,3935,-0.0760356826042332,0.0468503298716554,-0.167862329152678,0.0157909639442114,-7.32168640664869
"Fur_Brown+Mouth_Bored.Unshaven",2,3936,-0.0761188092743114,0.041602409805438,-0.15765953249297,0.00542191394434716,-7.32939012604945
"Fur_Brown+Mouth_Bored.Unshaven",2,3940,-0.0757303816979843,0.0460576614687062,-0.166003398176648,0.0145426347806798,-7.29338731386948
"Fur_Brown+Mouth_Bored.Unshaven",2,3941,-0.0786823552531753,0.0488393088300462,-0.174407400560066,0.0170426900537152,-7.56665125051449
"Fur_Brown+Mouth_Bored.Unshaven",2,3943,-0.07445284243933,0.0492318048252356,-0.170947179896792,0.0220414950181316,-7.17487529086378
"Fur_Brown+Mouth_Bored.Unshaven",2,3946,-0.0763377487331378,0.0446067342268201,-0.163766947817705,0.0110914503514296,-7.3496771583274
"Fur_Brown+Mouth_Bored.Unshaven",2,3947,-0.0747503266696798,0.0443939126316187,-0.161762395427653,0.0122617420882929,-7.20248519468589
"Fur_Brown+Mouth_Bored.Unshaven",2,3949,-0.0749201305651266,0.0476078536629439,-0.168231523744497,0.0183912626142435,-7.21824123643112
"Fur_Brown+Mouth_Bored.Unshaven",2,3950,-0.0765685363799673,0.0455318195648715,-0.165810902727116,0.0126738299671808,-7.37105724108963
"Fur_Brown+Mouth_Bored.Unshaven",2,3952,-0.0769615460970711,0.0467623479293501,-0.168615748038597,0.0146926558444551,-7.40745416303845
"Fur_Brown+Mouth_Bored.Unshaven",2,3953,-0.0795970894841694,0.047938512507757,-0.173556573999373,0.0143623950310343,-7.65116453920903
"Fur_Brown+Mouth_Bored.Unshaven",2,3956,-0.0761561388437471,0.0463426519531188,-0.16698773667186,0.0146754589843656,-7.3328494154481
"Fur_Brown+Mouth_Bored.Unshaven",2,3958,-0.0780554763510781,0.0499179623023176,-0.175894682463621,0.0197837297614644,-7.50868856844017
"Fur_Brown+Mouth_Bored.Unshaven",2,3959,-0.079122171786078,0.0446702941182025,-0.166675948257755,0.00843160468559881,-7.60729602670862
"Fur_Brown+Mouth_Bored.Unshaven",2,3960,-0.0763163066630473,0.0445421252070448,-0.163618872068855,0.0109862587427605,-7.3476905223124
"Fur_Brown+Mouth_Bored.Unshaven",2,3963,-0.0781551422625869,0.0452788038424184,-0.166901597793727,0.0105913132685532,-7.5179063399442
"Fur_Brown+Mouth_Bored.Unshaven",2,3964,-0.076947107775839,0.0448093207845471,-0.164773376513551,0.0108791609618733,-7.40611727246675
"Fur_Brown+Mouth_Bored.Unshaven",2,3966,-0.0742418204168746,0.0498034318706835,-0.171856546883414,0.023372906049665,-7.15528507840254
"Fur_Brown+Mouth_Bored.Unshaven",2,3967,-0.0720133010059675,0.0507875609320973,-0.171556920432878,0.0275303184209431,-6.94814811034795
"Fur_Brown+Mouth_Bored.Unshaven",2,3969,-0.0766600988639532,0.0494024884089321,-0.17348897614546,0.0201687784175538,-7.37953818890337
"Fur_Brown+Mouth_Bored.Unshaven",2,3970,-0.0717180840981348,0.0457347180594461,-0.161358131494649,0.0179219632983796,-6.92067357509084
"Fur_Brown+Mouth_Bored.Unshaven",2,3972,-0.0727281455882572,0.0500042724921476,-0.170736519672867,0.0252802284963521,-7.01464195333004
"Fur_Brown+Mouth_Bored.Unshaven",2,3973,-0.0742603733111502,0.0473895513149777,-0.167143893888507,0.0186231472662061,-7.1570076006036
"Fur_Brown+Mouth_Bored.Unshaven",2,3974,-0.074106860221195,0.0439846987696883,-0.160316869809784,0.012103149367394,-7.14275389192224
"Fur_Brown+Mouth_Bored.Unshaven",2,3975,-0.0774958772821888,0.0461414780954933,-0.167933174349356,0.0129414197849781,-7.4569160321022
"Fur_Brown+Mouth_Bored.Unshaven",2,3976,-0.0749107490878584,0.0483253847764007,-0.169628503249604,0.0198070050738871,-7.2173708023874
"Fur_Brown+Mouth_Bored.Unshaven",2,3977,-0.0761960879609806,0.0489288892788575,-0.172096710947541,0.0197045350255802,-7.33655131236625
"Fur_Brown+Mouth_Bored.Unshaven",2,3978,-0.0752987983786812,0.0465475730634028,-0.166532041582951,0.0159344448255883,-7.25336805104309
"Fur_Brown+Mouth_Bored.Unshaven",2,3979,-0.0743201035358805,0.0455033996391049,-0.163506766828526,0.0148665597567652,-7.16255296778958
"Fur_Brown+Mouth_Bored.Unshaven",2,3980,-0.0755528755551041,0.0518983126214893,-0.177273568293223,0.0261678171830148,-7.27692986002572
"Fur_Brown+Mouth_Bored.Unshaven",2,3981,-0.0740075507747429,0.0484360097622258,-0.168942129908705,0.0209270283592198,-7.13353183230094
"Fur_Brown+Mouth_Bored.Unshaven",2,3983,-0.0741526780186995,0.0512545197501605,-0.174611536729014,0.0263061806916151,-7.14700830895649
"Fur_Brown+Mouth_Bored.Unshaven",2,3984,-0.0761498783234521,0.0508766818786867,-0.175868174805678,0.0235684181587739,-7.33226926905518
"Fur_Brown+Mouth_Bored.Unshaven",2,3985,-0.0782856024751631,0.0461753950565964,-0.168789376786092,0.0122181718357658,-7.52997078656035
"Fur_Brown+Mouth_Bored.Unshaven",2,3986,-0.0733518475079051,0.0470437407867599,-0.165557579449955,0.0188538844341443,-7.07261901756033
"Fur_Brown+Mouth_Bored.Unshaven",2,3988,-0.0785048822398135,0.0446198558920618,-0.165959799788255,0.00895003530862766,-7.55024536981932
"Fur_Brown+Mouth_Bored.Unshaven",2,3989,-0.0748298203071515,0.0459396306429568,-0.164871496367347,0.0152118557530438,-7.20986171348905
"Fur_Brown+Mouth_Bored.Unshaven",2,3990,-0.0749613361630466,0.0455060028853949,-0.164153101818421,0.0142304294923273,-7.22206428551099
"Fur_Brown+Mouth_Bored.Unshaven",2,3991,-0.0730420319822953,0.0475460615812736,-0.166232312681592,0.020148248717001,-7.04382421186911
"Fur_Brown+Mouth_Bored.Unshaven",2,3992,-0.0757375562232584,0.03977585344553,-0.153698228976497,0.00222311652998043,-7.2940524374193
"Fur_Brown+Mouth_Bored.Unshaven",2,3993,-0.0740815399685511,0.0456137060706226,-0.163484403866971,0.0153213239298693,-7.14040269322462
"Fur_Brown+Mouth_Bored.Unshaven",2,3994,-0.0762542942404139,0.045605736169737,-0.165641537133098,0.0131329486522706,-7.34194474998632
"Fur_Brown+Mouth_Bored.Unshaven",2,3996,-0.0799696749041157,0.047709046669431,-0.173479406376201,0.0135400565679692,-7.68556595971892
"Fur_Brown+Mouth_Bored.Unshaven",2,3997,-0.0790818970291096,0.0466914168591926,-0.170597074073127,0.0124332800149079,-7.60357485807637
"Fur_Brown+Mouth_Bored.Unshaven",2,3999,-0.0774743760735998,0.0475567022903348,-0.170685512562656,0.0157367604154565,-7.45492622255877
"Fur_Brown+Mouth_Bored.Unshaven",2,4000,-0.0765513606852234,0.0467246980521274,-0.168131768867393,0.0150290474969462,-7.3694662609813
"Fur_Brown+Mouth_Bored.Unshaven",2,4001,-0.0739510902059274,0.0457556613463991,-0.16363218644487,0.0157300060330149,-7.12828839066185
"Fur_Brown+Mouth_Bored.Unshaven",2,4003,-0.0740106359799441,0.0472160630616865,-0.16655411958085,0.0185328476209615,-7.13381834396958
"Fur_Brown+Mouth_Bored.Unshaven",2,4004,-0.0784963952560607,0.0443690072372093,-0.165459649440991,0.0084668589288695,-7.54946074692429
"Fur_Brown+Mouth_Bored.Unshaven",2,4008,-0.0751412129126228,0.0483768558657075,-0.169959850409409,0.0196774245841638,-7.23875137816472
"Fur_Brown+Mouth_Bored.Unshaven",2,4009,-0.077121635133898,0.0487224934575809,-0.172617722310756,0.0183744520429605,-7.42227602807813
"Fur_Brown+Mouth_Bored.Unshaven",2,4011,-0.0745631350199101,0.0451664170898265,-0.16308931251597,0.0139630424761499,-7.18511264884792
"Fur_Brown+Mouth_Bored.Unshaven",2,4012,-0.0732405640536755,0.0459253220061893,-0.163254195185807,0.0167730670784555,-7.06227716218407
"Fur_Brown+Mouth_Bored.Unshaven",2,4015,-0.0782815868113753,0.0487450359191326,-0.173821857212875,0.0172586835901245,-7.52959945726701
"Fur_Brown+Mouth_Bored.Unshaven",2,4016,-0.0794195788647249,0.0461682215588446,-0.16990929312006,0.0110701353906105,-7.63477018517849
"Fur_Brown+Mouth_Bored.Unshaven",2,4018,-0.0787105911859513,0.0452548854190686,-0.167410166607326,0.00998898423542327,-7.56926115548931
"Fur_Brown+Mouth_Bored.Unshaven",2,4019,-0.0731466459459069,0.0471826522355946,-0.165624644327672,0.0193313524358585,-7.05354821721824
"Fur_Brown+Mouth_Bored.Unshaven",2,4021,-0.0761065273603456,0.0495029536859138,-0.173132316584737,0.0209192618640453,-7.32825194660233
"Fur_Brown+Mouth_Bored.Unshaven",2,4022,-0.0674783955651491,0.0481877354608071,-0.161926357068331,0.0269695659380328,-6.52520849016847
"Fur_Brown+Mouth_Bored.Unshaven",2,4025,-0.0783694816117509,0.0479601324890112,-0.172371341290213,0.015632378066711,-7.53772676748398
"Fur_Brown+Mouth_Bored.Unshaven",2,4026,-0.0780594328864963,0.0449030139292009,-0.16606934018773,0.00995047441473748,-7.50905451286578
"Fur_Brown+Mouth_Bored.Unshaven",2,4027,-0.0717733087746489,0.0425068604333918,-0.155086755224097,0.011540137674799,-6.9258137088504
"Fur_Brown+Mouth_Bored.Unshaven",2,4028,-0.0731644487338106,0.0451654011762403,-0.161688635039242,0.0153597375716204,-7.05520290845663
"Fur_Brown+Mouth_Bored.Unshaven",2,4030,-0.0758337410214842,0.0452744402682816,-0.164571643947316,0.0129041619043478,-7.30296891145844
"Fur_Brown+Mouth_Bored.Unshaven",2,4031,-0.0748244218234729,0.0452496420608645,-0.163513720262767,0.0138648766158215,-7.20936078608986
"Fur_Brown+Mouth_Bored.Unshaven",2,4032,-0.075439095446858,0.0468425195802655,-0.167250433824178,0.0163722429304624,-7.26637921885311
"Fur_Brown+Mouth_Bored.Unshaven",2,4033,-0.0755704876172151,0.0474982116819138,-0.168666982513766,0.017526007279336,-7.27856289011558
"Fur_Brown+Mouth_Bored.Unshaven",2,4034,-0.0765430690294096,0.0461887410901909,-0.167073001566184,0.0139868635073646,-7.36869819729342
"Fur_Brown+Mouth_Bored.Unshaven",2,4036,-0.0767048365262753,0.0502417720717399,-0.175178709786885,0.0217690367343348,-7.38368171916137
"Fur_Brown+Mouth_Bored.Unshaven",2,4037,-0.080642437759699,0.0421205059073835,-0.163198629338171,0.00191375381877258,-7.74765079544805
"Fur_Brown+Mouth_Bored.Unshaven",2,4038,-0.0737678497287314,0.0472875535765592,-0.166451454738787,0.0189157552813246,-7.11126897463321
"Fur_Brown+Mouth_Bored.Unshaven",2,4039,-0.0744463598940654,0.0476755826045963,-0.167890501799074,0.0189977820109434,-7.17427354584074
"Fur_Brown+Mouth_Bored.Unshaven",2,4040,-0.0721978219771212,0.0430635462814783,-0.156602372688819,0.0122067287345763,-6.9653165444095
"Fur_Brown+Mouth_Bored.Unshaven",2,4041,-0.0748923507749741,0.0481765243621769,-0.169318338524841,0.0195336369748926,-7.21566374284174
"Fur_Brown+Mouth_Bored.Unshaven",2,4042,-0.0728565543306131,0.0469340513138263,-0.164847294905713,0.0191341862444865,-7.02658131963841
"Fur_Brown+Mouth_Bored.Unshaven",2,4044,-0.0771890492378321,0.0461163007408777,-0.167576998689952,0.0131989002142882,-7.42851686202148
"Fur_Brown+Mouth_Bored.Unshaven",2,4049,-0.075431485994426,0.0485974450820497,-0.170682478355243,0.0198195063663915,-7.26567356409211
"Fur_Brown+Mouth_Bored.Unshaven",2,4050,-0.0746614789249906,0.0468758139941445,-0.166538074353514,0.0172151165035326,-7.19423997850367
"Fur_Brown+Mouth_Bored.Unshaven",2,4051,-0.0749404200455536,0.0509900318123575,-0.174880882397774,0.0250000423066671,-7.22012371101226
"Fur_Brown+Mouth_Bored.Unshaven",2,4052,-0.0774638402531968,0.0463417568068915,-0.168293683594704,0.0133660030883106,-7.45395117914582
"Fur_Brown+Mouth_Bored.Unshaven",2,4055,-0.0741557439708658,0.048383767031581,-0.168987927352764,0.0206764394110328,-7.14729299135111
"Fur_Brown+Mouth_Bored.Unshaven",2,4056,-0.0717008525529611,0.044223197425453,-0.158378319506849,0.0149766144009269,-6.9190696606539
"Fur_Brown+Mouth_Bored.Unshaven",2,4057,-0.0754441241135264,0.0502440726799067,-0.173922506566144,0.0230342583390908,-7.26684554414848
"Fur_Brown+Mouth_Bored.Unshaven",2,4058,-0.0754170125167068,0.0465718583945315,-0.166697854969989,0.0158638299365751,-7.26433136617152
"Fur_Brown+Mouth_Bored.Unshaven",2,4059,-0.0749328744569503,0.047711828437772,-0.168448058194983,0.0185823092810828,-7.21942362959386
"Fur_Brown+Mouth_Bored.Unshaven",2,4060,-0.0773656553407841,0.047766005983073,-0.170987027067607,0.0162557163860389,-7.44486410734884
"Fur_Brown+Mouth_Bored.Unshaven",2,4061,-0.0711668189361028,0.0474723474226044,-0.164212619884407,0.0218789820122017,-6.86934803943732
"Fur_Brown+Mouth_Bored.Unshaven",2,4062,-0.0752021092458006,0.0457075430771898,-0.164788893677093,0.0143846751854915,-7.24440002607406
"Fur_Brown+Mouth_Bored.Unshaven",2,4063,-0.0758763204837293,0.0510000495763674,-0.175836417653409,0.0240837766859508,-7.30691581716475
"Fur_Brown+Mouth_Bored.Unshaven",2,4064,-0.0741507143200203,0.0481414932111767,-0.168508041013927,0.0202066123738861,-7.14682597348032
"Fur_Brown+Mouth_Bored.Unshaven",2,4065,-0.0769861825389688,0.0494482554200328,-0.173904763162233,0.0199323980842955,-7.40973528581463
"Fur_Brown+Mouth_Bored.Unshaven",2,4066,-0.0776123769791441,0.0465255527526188,-0.168802460374277,0.0135777064159888,-7.46769664535849
"Fur_Brown+Mouth_Bored.Unshaven",2,4067,-0.0762721818312097,0.0495899344534036,-0.173468453359881,0.0209240896974614,-7.34360216453894
"Fur_Brown+Mouth_Bored.Unshaven",2,4068,-0.0754092458185682,0.0452232802514871,-0.164046875111483,0.0132283834743464,-7.26361111342958
"Fur_Brown+Mouth_Bored.Unshaven",2,4069,-0.0751558189866336,0.0476029870753169,-0.168457673654255,0.0181460356809876,-7.24010624593274
"Fur_Brown+Mouth_Bored.Unshaven",2,4070,-0.0730717154070788,0.0483117907460811,-0.167762825269398,0.0216193944552403,-7.04658342856956
"Fur_Brown+Mouth_Bored.Unshaven",2,4071,-0.0790122546093069,0.0500069810153231,-0.17702593739934,0.0190014281807263,-7.59713992337875
"Fur_Brown+Mouth_Bored.Unshaven",2,4072,-0.0772319278783646,0.0496492276319756,-0.174544414037037,0.0200805582803076,-7.4324861162718
"Fur_Brown+Mouth_Bored.Unshaven",2,4074,-0.0733369444388956,0.0475905911768546,-0.166614503145531,0.0199406142677394,-7.07123410406897
"Fur_Brown+Mouth_Bored.Unshaven",2,4076,-0.076563425164922,0.0445415844003477,-0.163864930589603,0.0107380802597594,-7.37058379343383
"Fur_Brown+Mouth_Bored.Unshaven",2,4078,-0.0755376763066827,0.045121493112659,-0.163975802807494,0.0129004501941289,-7.27552052833791
"Fur_Brown+Mouth_Bored.Unshaven",2,4081,-0.0794190829130366,0.0480291986585779,-0.173556312283849,0.0147181464577762,-7.63472437647545
"Fur_Brown+Mouth_Bored.Unshaven",2,4083,-0.0738892074641732,0.04597668366916,-0.164003507455727,0.0162250925273803,-7.1225410566875
"Fur_Brown+Mouth_Bored.Unshaven",2,4084,-0.0722579603044461,0.0484351303869995,-0.167190815862965,0.0226748952540729,-6.97091132642362
"Fur_Brown+Mouth_Bored.Unshaven",2,4085,-0.0744120635284841,0.048664582165873,-0.169794644573595,0.0209705175166269,-7.17108990619759
"Fur_Brown+Mouth_Bored.Unshaven",2,4086,-0.0741163583904634,0.0455352216441904,-0.163365392813077,0.0151326760321497,-7.14363586157503
"Fur_Brown+Mouth_Bored.Unshaven",2,4087,-0.0717136759642308,0.049079424574291,-0.167909348129841,0.0244819962013795,-6.92026326805193
"Fur_Brown+Mouth_Bored.Unshaven",2,4088,-0.078363017127863,0.0453002554147709,-0.167151517740814,0.010425483485088,-7.53712904467644
"Fur_Brown+Mouth_Bored.Unshaven",2,4091,-0.0735301130953304,0.0479262197856931,-0.167465503875289,0.0204052776846281,-7.08918329525484
"Fur_Brown+Mouth_Bored.Unshaven",2,4093,-0.0742395625807366,0.0499031528225389,-0.172049742112913,0.0235706169514396,-7.15507545001333
"Fur_Brown+Mouth_Bored.Unshaven",2,4094,-0.0748308801624109,0.048176695587741,-0.169257203514383,0.0195954431895614,-7.20996005755302
"Fur_Brown+Mouth_Bored.Unshaven",2,4095,-0.0776791749022333,0.0472583498381766,-0.170305540585059,0.0149471907805928,-7.473877404608
"Fur_Brown+Mouth_Bored.Unshaven",2,4096,-0.0794685584866021,0.047188802299773,-0.171958610994157,0.013021494020953,-7.63929408841898
"Fur_Brown+Mouth_Bored.Unshaven",2,4097,-0.0752913143221245,0.0456138900078745,-0.164694538737558,0.0141119100933095,-7.25267392740672
"Fur_Brown+Mouth_Bored.Unshaven",2,4098,-0.0789455939095194,0.0461864691810432,-0.169471073504364,0.0115798856853253,-7.59098007875617
"Fur_Brown+Mouth_Bored.Unshaven",2,4099,-0.0718935759691153,0.0481914784847327,-0.166348873799191,0.0225617218609608,-6.93700680701813
"Fur_Brown+Mouth_Bored.Unshaven",2,4101,-0.0719838588851409,0.0467823682121454,-0.163677300580946,0.019709582810664,-6.94540842615062
"Fur_Brown+Mouth_Bored.Unshaven",2,4102,-0.0792673679770327,0.0433370507394123,-0.164207987426281,0.00567325147221538,-7.62071012153624
"Fur_Brown+Mouth_Bored.Unshaven",2,4103,-0.0757555226081303,0.0467824812371286,-0.167449185832902,0.0159381406166418,-7.2957180131909
"Fur_Brown+Mouth_Bored.Unshaven",2,4104,-0.0766649040497738,0.0482932184426815,-0.171319612197429,0.0179898040978819,-7.37998324636386
"Fur_Brown+Mouth_Bored.Unshaven",2,4107,-0.0747333314920935,0.0419025570971307,-0.15686234340247,0.00739568041828269,-7.20090807104049
"Fur_Brown+Mouth_Bored.Unshaven",2,4108,-0.0760258719530501,0.0457268815982248,-0.165650559885571,0.0135988159794706,-7.32077716758167
"Fur_Brown+Mouth_Bored.Unshaven",2,4113,-0.0779464257746019,0.0439352863565695,-0.164059587033478,0.00816673548427439,-7.49860178763487
"Fur_Brown+Mouth_Bored.Unshaven",2,4115,-0.0785042041801138,0.0438685929361633,-0.164486646334994,0.00747823797476621,-7.5501826833452
"Fur_Brown+Mouth_Bored.Unshaven",2,4117,-0.0788193328107721,0.0489756918612304,-0.174811688858784,0.0171730232372395,-7.5793116777497
"Fur_Brown+Mouth_Bored.Unshaven",2,4118,-0.0763060671566419,0.0512407233184411,-0.176737884860786,0.0241257505475027,-7.34674180353883
"Fur_Brown+Mouth_Bored.Unshaven",2,4119,-0.0758226634189501,0.0436374454246504,-0.161352056451265,0.00970672961336469,-7.30194204490435
"Fur_Brown+Mouth_Bored.Unshaven",2,4120,-0.0739022778149313,0.0414932766663025,-0.155229100080884,0.00742454445102161,-7.12375498972013
"Fur_Brown+Mouth_Bored.Unshaven",2,4121,-0.0756709963267457,0.047278872097277,-0.168337585637409,0.0169955929839172,-7.28788173378501
"Fur_Brown+Mouth_Bored.Unshaven",2,4122,-0.0783658547916229,0.0410641623102925,-0.158851612919796,0.00211990333655052,-7.53739142284222
"Fur_Brown+Mouth_Bored.Unshaven",2,4123,-0.0754138228558089,0.0454881779044193,-0.164570651548471,0.013743005836853,-7.2640355703637
"Fur_Brown+Mouth_Bored.Unshaven",2,4125,-0.0757707115730986,0.0489462862213287,-0.171705432566903,0.0201640094207056,-7.2971260845888
"Fur_Brown+Mouth_Bored.Unshaven",2,4127,-0.0754284164642721,0.0467596445855104,-0.167077319851872,0.0162204869233283,-7.26538891284394
"Fur_Brown+Mouth_Bored.Unshaven",2,4128,-0.0771945755946249,0.0457837991572781,-0.16693082194289,0.0125416707536402,-7.42902844365255
"Fur_Brown+Mouth_Bored.Unshaven",2,4130,-0.0736612127647189,0.0482311331530091,-0.168194233744617,0.020871808215179,-7.1013630742075
"Fur_Brown+Mouth_Bored.Unshaven",2,4131,-0.0754579741374019,0.047057252902302,-0.167690189825914,0.01677424155111,-7.2681298916576
"Fur_Brown+Mouth_Bored.Unshaven",2,4132,-0.0765523108533439,0.0496610065094387,-0.173887883611844,0.0207832619051559,-7.36955427551963
"Fur_Brown+Mouth_Bored.Unshaven",2,4133,-0.0757452800132107,0.0472793579944512,-0.168412821682335,0.0169222616559137,-7.29476847592033
"Fur_Brown+Mouth_Bored.Unshaven",2,4134,-0.0761867376299764,0.0492709805005464,-0.172757859411047,0.0203843841510946,-7.33568487439828
"Fur_Brown+Mouth_Bored.Unshaven",2,4135,-0.0759276641622407,0.0431729690066796,-0.160546683415333,0.00869135509085138,-7.31167489890383
"Fur_Brown+Mouth_Bored.Unshaven",2,4138,-0.0748418331572137,0.0491561910387739,-0.17118796759321,0.021504301278783,-7.21097638081236
"Fur_Brown+Mouth_Bored.Unshaven",2,4139,-0.075283631494175,0.0446833651440582,-0.162863027176529,0.0122957641881792,-7.25196136292048
"Fur_Brown+Mouth_Bored.Unshaven",2,4141,-0.0761323064192773,0.0455603846275193,-0.165430660289215,0.0131660474506605,-7.330640906264
"Fur_Brown+Mouth_Bored.Unshaven",2,4143,-0.0754203045349428,0.050530387274705,-0.174459863593365,0.0236192545234789,-7.26463665318129
"Fur_Brown+Mouth_Bored.Unshaven",2,4144,-0.0767897359243531,0.0454078883271984,-0.165789197045662,0.0122097251969558,-7.39154445506011
"Fur_Brown+Mouth_Bored.Unshaven",2,4145,-0.0766761036550004,0.0483948305429547,-0.171529971519192,0.0181777642091908,-7.3810205481789
"Fur_Brown+Mouth_Bored.Unshaven",2,4147,-0.0799060024624184,0.0461900485872318,-0.170438497693393,0.0106264927685559,-7.67968788716604
"Fur_Brown+Mouth_Bored.Unshaven",2,4148,-0.0739949708886971,0.046667441493353,-0.165463156215669,0.0174732144382748,-7.13236357536566
"Fur_Brown+Mouth_Bored.Unshaven",2,4149,-0.0767695658922139,0.0480426230981591,-0.170933107164606,0.017393975380178,-7.38967652069732
"Fur_Brown+Mouth_Bored.Unshaven",2,4154,-0.0749283760043532,0.0495791085684521,-0.172103428798519,0.022246676789813,-7.21900625963036
"Fur_Brown+Mouth_Bored.Unshaven",2,4155,-0.0770622155658425,0.0506391306169499,-0.176314911575064,0.0221904804433793,-7.41677493627353
"Fur_Brown+Mouth_Bored.Unshaven",2,4156,-0.076697565049645,0.0453012993524177,-0.165488111780384,0.0120929816810936,-7.38300825931889
"Fur_Brown+Mouth_Bored.Unshaven",2,4157,-0.0787478260521931,0.0461520068024012,-0.169205759384899,0.0117101072805132,-7.572702737613
"Fur_Brown+Mouth_Bored.Unshaven",2,4158,-0.0722251185772799,0.0491260896256917,-0.168512254243636,0.0240620170890758,-6.96785604030472
"Fur_Brown+Mouth_Bored.Unshaven",2,4160,-0.078460841434574,0.0468119582911143,-0.170212279685158,0.0132905968160101,-7.54617371852247
"Fur_Brown+Mouth_Bored.Unshaven",2,4161,-0.0770182123920839,0.0512739749150825,-0.177515203225646,0.0234787784414778,-7.41270089089912
"Fur_Brown+Mouth_Bored.Unshaven",2,4164,-0.0756921865414044,0.0468135603065813,-0.167446764742304,0.016062391659495,-7.28984630265764
"Fur_Brown+Mouth_Bored.Unshaven",2,4165,-0.0717712442279608,0.0465383172191951,-0.162986345977583,0.0194438575216616,-6.92562155264899
"Fur_Brown+Mouth_Bored.Unshaven",2,4166,-0.0712326943549324,0.0451051845398411,-0.159638856053021,0.0171734673431562,-6.875482858072
"Fur_Brown+Mouth_Bored.Unshaven",2,4168,-0.073587612674332,0.0453007359499518,-0.162377055136238,0.0152018297875736,-7.09452547451206
"Fur_Brown+Mouth_Bored.Unshaven",2,4169,-0.0747165712689966,0.0465717488809768,-0.165997199075711,0.0165640565377179,-7.19935272452263
"Fur_Brown+Mouth_Bored.Unshaven",2,4170,-0.0758937314908419,0.0469500644469369,-0.167915857806838,0.0161283948251544,-7.30852968306318
"Fur_Brown+Mouth_Bored.Unshaven",2,4172,-0.0795615857402696,0.0451696483205477,-0.168094096448543,0.00897092496800385,-7.64788575160111
"Fur_Brown+Mouth_Bored.Unshaven",2,4176,-0.0789910280933234,0.0429588239605121,-0.163190323055927,0.00520826686928044,-7.59517851177551
"Fur_Brown+Mouth_Bored.Unshaven",2,4177,-0.0762196970165745,0.0467425783237852,-0.167835150531194,0.0153957564980445,-7.33873898305332
"Fur_Brown+Mouth_Bored.Unshaven",2,4178,-0.0780629697287692,0.052558748056306,-0.181078115919129,0.0249521764615906,-7.50938163817315
"Fur_Brown+Mouth_Bored.Unshaven",2,4179,-0.0767790897967214,0.040146195989582,-0.155465633936302,0.0019074543428593,-7.39055852837445
"Fur_Brown+Mouth_Bored.Unshaven",2,4180,-0.074105223791815,0.0492109199571509,-0.170558626907831,0.0223481793242007,-7.14260193747224
"Fur_Brown+Mouth_Bored.Unshaven",2,4181,-0.0756588980145794,0.0454205337998075,-0.164683144262202,0.0133653482330433,-7.28676006685149
"Fur_Brown+Mouth_Bored.Unshaven",2,4184,-0.0743036706254826,0.0470202394183841,-0.166463339885515,0.0178559986345503,-7.16102736580593
"Fur_Brown+Mouth_Bored.Unshaven",2,4185,-0.0816225464601493,0.0471963251278787,-0.174127343710791,0.0108822507904929,-7.83802383060692
"Fur_Brown+Mouth_Bored.Unshaven",2,4186,-0.0737167901337834,0.0447913247406837,-0.161507786625523,0.0140742063579566,-7.10652599256548
"Fur_Brown+Mouth_Bored.Unshaven",2,4188,-0.0744641368858176,0.0479065641952169,-0.168361002708443,0.0194327289368074,-7.17592369334693
"Fur_Brown+Mouth_Bored.Unshaven",2,4190,-0.0774977923881246,0.0478236724166041,-0.171232190324669,0.0162366055484195,-7.45709326174192
"Fur_Brown+Mouth_Bored.Unshaven",2,4191,-0.0732301019249282,0.0458151265926127,-0.163027750046449,0.0165675461965926,-7.06130483067594
"Fur_Brown+Mouth_Bored.Unshaven",2,4194,-0.0731612463236052,0.0443990546111922,-0.160183393361542,0.0138609007143315,-7.05490526061329
"Fur_Brown+Mouth_Bored.Unshaven",2,4196,-0.0785150004838719,0.0468538695823984,-0.170348584865373,0.013318583897629,-7.55118079426737
"Fur_Brown+Mouth_Bored.Unshaven",2,4199,-0.0753282288139097,0.0453296494050948,-0.164174341647896,0.0135178840200761,-7.25609758462146
"Fur_Brown+Mouth_Bored.Unshaven",2,4202,-0.0728337151841374,0.0473073329517442,-0.165556087769556,0.0198886574012813,-7.02445786186193
"Fur_Brown+Mouth_Bored.Unshaven",2,4203,-0.0713297791083203,0.0486715842654291,-0.166726084268561,0.0240665260519208,-6.88452338999709
"Fur_Brown+Mouth_Bored.Unshaven",2,4204,-0.0806969562581386,0.042702299132742,-0.164393462558313,0.00299955004203578,-7.75268011790741
"Fur_Brown+Mouth_Bored.Unshaven",2,4205,-0.0745188540482475,0.0487847148761927,-0.170136895205585,0.0210991871090901,-7.18100262445399
"Fur_Brown+Mouth_Bored.Unshaven",2,4206,-0.0776921009325879,0.0409648108665846,-0.157983130231094,0.00259892836591791,-7.47507339234756
"Fur_Brown+Mouth_Bored.Unshaven",2,4207,-0.0736351652647203,0.0487588602443867,-0.169202531343718,0.0219322008142776,-7.09894326544747
"Fur_Brown+Mouth_Bored.Unshaven",2,4208,-0.0793666824880464,0.0498317848866124,-0.177036980865807,0.0183036158897138,-7.62988426996775
"Fur_Brown+Mouth_Bored.Unshaven",2,4209,-0.0751899164867153,0.0459868423197352,-0.165324127433396,0.0149442944599658,-7.24326907249505
"Fur_Brown+Mouth_Bored.Unshaven",2,4211,-0.0742115555512332,0.0432736094204006,-0.159027830015218,0.0106047189127519,-7.15247510305839
"Fur_Brown+Mouth_Bored.Unshaven",2,4213,-0.0771167867749809,0.0405603750770957,-0.156615121926088,0.00238154837612661,-7.4218271769565
"Fur_Brown+Mouth_Bored.Unshaven",2,4214,-0.0790944504822378,0.0462522554699131,-0.169748871203268,0.011559970238792,-7.60473474498828
"Fur_Brown+Mouth_Bored.Unshaven",2,4215,-0.0737590071505356,0.0490456975689899,-0.169888574385756,0.0223705600846846,-7.11044759513406
"Fur_Brown+Mouth_Bored.Unshaven",2,4216,-0.0754768867010021,0.0443233355723298,-0.162350624422768,0.0113968510207643,-7.2698836724645
"Fur_Brown+Mouth_Bored.Unshaven",2,4217,-0.076599056859494,0.0421201538327443,-0.159154558371673,0.0059564446526849,-7.3738842776992
"Fur_Brown+Mouth_Bored.Unshaven",2,4219,-0.0737545253786457,0.0447879744325869,-0.161538955266516,0.0140299045092247,-7.11003128441633
"Fur_Brown+Mouth_Bored.Unshaven",2,4220,-0.0757476152078372,0.0462044687779299,-0.16630837401258,0.0148131435969053,-7.29498496042607
"Fur_Brown+Mouth_Bored.Unshaven",2,4221,-0.0776368754259574,0.041085452120763,-0.158164361582653,0.00289061073073817,-7.46996351530322
"Fur_Brown+Mouth_Bored.Unshaven",2,4222,-0.0787522324189478,0.0460515579748054,-0.169013286049566,0.0115088212116708,-7.5731100052856
"Fur_Brown+Mouth_Bored.Unshaven",2,4223,-0.0791111544606992,0.0473713655714169,-0.171959030980676,0.0137367220592779,-7.60627810061891
"Fur_Brown+Mouth_Bored.Unshaven",2,4227,-0.0746292510466578,0.0437722301748216,-0.160422822189308,0.0111643200959925,-7.19124899756488
"Fur_Brown+Mouth_Bored.Unshaven",2,4228,-0.0777473133639805,0.0524646531026172,-0.18057803344511,0.0250834067171492,-7.48018177748551
"Fur_Brown+Mouth_Bored.Unshaven",2,4230,-0.075138388649278,0.0449012312400768,-0.163144801879828,0.0128680245812725,-7.23848939560046
"Fur_Brown+Mouth_Bored.Unshaven",2,4231,-0.0774863244016746,0.0461095375370255,-0.167861017974245,0.0128883691708953,-7.456031974856
"Fur_Brown+Mouth_Bored.Unshaven",2,4232,-0.0826967923152602,0.0471207598194125,-0.175053481561309,0.00965989693078835,-7.93697529289075
"Fur_Brown+Mouth_Bored.Unshaven",2,4234,-0.0789845977511471,0.0446422501418644,-0.166483408029201,0.00851421252690715,-7.59458431524417
"Fur_Brown+Mouth_Bored.Unshaven",2,4237,-0.0768499790738855,0.0466869083410492,-0.168356319422342,0.0146563612745709,-7.39712331204981
"Fur_Brown+Mouth_Bored.Unshaven",2,4238,-0.0771701232021448,0.0458281867095656,-0.166993369152893,0.0126531227486038,-7.42676483424857
"Fur_Brown+Mouth_Bored.Unshaven",2,4239,-0.0752535462400142,0.0471976703228681,-0.167760980072836,0.0172538875928073,-7.24917097263057
"Fur_Brown+Mouth_Bored.Unshaven",2,4241,-0.0760256306686056,0.0482785914600254,-0.170651669930255,0.0186004085930442,-7.32075480552418
"Fur_Brown+Mouth_Bored.Unshaven",2,4243,-0.0747410021819841,0.0466956509423675,-0.166264478029024,0.0167824736650561,-7.2016199013667
"Fur_Brown+Mouth_Bored.Unshaven",2,4244,-0.0733917435359174,0.0469859544120358,-0.165484214183508,0.0187007271116728,-7.07632637700016
"Fur_Brown+Mouth_Bored.Unshaven",2,4245,-0.0787758376505496,0.0470583968992283,-0.171010295573037,0.0134586202719378,-7.57529173767991
"Fur_Brown+Mouth_Bored.Unshaven",2,4246,-0.0722429932150252,0.0492365753022185,-0.168746680807373,0.024260694377323,-6.96951894131476
"Fur_Brown+Mouth_Bored.Unshaven",2,4247,-0.0735924381663931,0.0457714131050372,-0.163304407852266,0.0161195315194797,-7.09497378806014
"Fur_Brown+Mouth_Bored.Unshaven",2,4249,-0.0744739916339618,0.0462900211290722,-0.165202433046943,0.0162544497790197,-7.17683844673331
"Fur_Brown+Mouth_Bored.Unshaven",2,4251,-0.0716523632513391,0.0469072304809393,-0.16359053499398,0.0202858084913019,-6.91455612191914
"Fur_Brown+Mouth_Bored.Unshaven",2,4252,-0.0752616826239731,0.0473251902777895,-0.16801905556844,0.0174956903204942,-7.24992562591796
"Fur_Brown+Mouth_Bored.Unshaven",2,4254,-0.0753137951182923,0.0453249206638361,-0.164150639619411,0.0135230493828264,-7.25475893770283
"Fur_Brown+Mouth_Bored.Unshaven",2,4258,-0.072561453714487,0.0470641668057906,-0.164807220653837,0.0196843132248627,-6.99914075783827
"Fur_Brown+Mouth_Bored.Unshaven",2,4259,-0.0749663811558719,0.0446878470115136,-0.162554561298439,0.0126217989866947,-7.22253234835033
"Fur_Brown+Mouth_Bored.Unshaven",2,4261,-0.07481882008562,0.0483668075925422,-0.169617762967003,0.0199801227957627,-7.20884099579792
"Fur_Brown+Mouth_Bored.Unshaven",2,4262,-0.0747432163934626,0.0461621885886597,-0.165221106027236,0.0157346732403105,-7.20182537637761
"Fur_Brown+Mouth_Bored.Unshaven",2,4267,-0.0798689402655348,0.0470611062082127,-0.172108708433632,0.0123708279025621,-7.6762662301755
"Fur_Brown+Mouth_Bored.Unshaven",2,4269,-0.0732467125032003,0.051339198481493,-0.173871541526927,0.027378116520526,-7.06284858332521
"Fur_Brown+Mouth_Bored.Unshaven",2,4270,-0.0788372769499632,0.0503137675709075,-0.177452261388942,0.0197777074890155,-7.58097007256581
"Fur_Brown+Mouth_Bored.Unshaven",2,4271,-0.0736918923254886,0.0468918475655691,-0.165599913554004,0.0182161289030269,-7.1042131198652
"Fur_Brown+Mouth_Bored.Unshaven",2,4272,-0.0761691503147995,0.0444161124496673,-0.163224730716147,0.0108864300865484,-7.33405514355128
"Fur_Brown+Mouth_Bored.Unshaven",2,4273,-0.0797930230480644,0.0466088778024491,-0.171146423540865,0.0115603774447357,-7.66925700314407
"Fur_Brown+Mouth_Bored.Unshaven",2,4276,-0.0741116559084985,0.0475986121960369,-0.167404935812731,0.0191816239957338,-7.14319920517065
"Fur_Brown+Mouth_Bored.Unshaven",2,4278,-0.0744552797341604,0.0474731564102995,-0.167502666298347,0.0185921068300267,-7.17510153278464
"Fur_Brown+Mouth_Bored.Unshaven",2,4279,-0.0759227613281965,0.0451295722928578,-0.164376723022198,0.0125312003658049,-7.31122046231402
"Fur_Brown+Mouth_Bored.Unshaven",2,4285,-0.075573500316845,0.0470047162726225,-0.167702744211185,0.0165557435774951,-7.27884223153407
"Fur_Brown+Mouth_Bored.Unshaven",2,4295,-0.0741378676646696,0.0455106437946702,-0.163338729502223,0.0150629941728839,-7.14563311309328
"Fur_Brown+Mouth_Bored.Unshaven",2,4296,-0.0797190945393475,0.0448184172714688,-0.167563192391426,0.0081250033127313,-7.66243087668602
"Fur_Brown+Mouth_Bored.Unshaven",2,4297,-0.07787991899426,0.0434138964836284,-0.162971156102172,0.00721131811365169,-7.49244961288426
"Fur_Brown+Mouth_Bored.Unshaven",2,4299,-0.0776137531183118,0.0463348599922312,-0.168430078703085,0.0132025724664615,-7.4678239825978
"Fur_Brown+Mouth_Bored.Unshaven",2,4300,-0.0749270746315858,0.047837016143286,-0.168687626272426,0.0188334770092547,-7.21888551689321
"Fur_Brown+Mouth_Bored.Unshaven",2,4301,-0.076238302495968,0.0453625885365606,-0.165148976027627,0.0126723710356907,-7.34046297419785
"Fur_Brown+Mouth_Bored.Unshaven",2,4302,-0.0794594536613695,0.0458752714467007,-0.169374985696903,0.0104560783741639,-7.63845315650503
"Fur_Brown+Mouth_Bored.Unshaven",2,4303,-0.0764495867615938,0.0503067212944948,-0.175050760498804,0.0221515869756161,-7.36003840836813
"Fur_Brown+Mouth_Bored.Unshaven",2,4304,-0.0808866228685835,0.0443554604543359,-0.167823325359082,0.00605007962191488,-7.77017469527103
"Fur_Brown+Mouth_Bored.Unshaven",2,4305,-0.0775001739930816,0.050212840188499,-0.17591734076254,0.0209169927763764,-7.45731366212489
"Fur_Brown+Mouth_Bored.Unshaven",2,4306,-0.0736650350422762,0.0423715260055099,-0.156713226013076,0.00938315592852333,-7.10171815790391
"Fur_Brown+Mouth_Bored.Unshaven",2,4307,-0.0775026809683936,0.046179652528295,-0.168014799923852,0.0130094379870645,-7.45754566406404
"Fur_Brown+Mouth_Bored.Unshaven",2,4308,-0.0718432685192838,0.0504015617743281,-0.170630329596967,0.0269437925583992,-6.93232492739118
"Fur_Brown+Mouth_Bored.Unshaven",2,4309,-0.0762513425447041,0.0457678524366329,-0.165956333320505,0.0134536482310964,-7.34167125119851
"Fur_Brown+Mouth_Bored.Unshaven",2,4310,-0.0764224601526088,0.0460971864931267,-0.166772945679137,0.0139280253739196,-7.35752536626865
"Fur_Brown+Mouth_Bored.Unshaven",2,4311,-0.0721649430954569,0.0511229918284403,-0.1723660070792,0.028036120888286,-6.96225761777472
"Fur_Brown+Mouth_Bored.Unshaven",2,4313,-0.0790187580545581,0.0470083929454376,-0.171155208227616,0.0131176921184995,-7.59774085836624
"Fur_Brown+Mouth_Bored.Unshaven",2,4314,-0.0751104819897568,0.0463592306462515,-0.16597457405641,0.0157536100768962,-7.23590069558653
"Fur_Brown+Mouth_Bored.Unshaven",2,4315,-0.0788008316145628,0.0445134946456489,-0.166047281120035,0.00844561789090903,-7.57760176864362
"Fur_Brown+Mouth_Bored.Unshaven",2,4316,-0.0755056965008234,0.045381780418748,-0.164453986121569,0.0134425931199226,-7.27255517007045
"Fur_Brown+Mouth_Bored.Unshaven",2,4317,-0.076325658733586,0.0434003923955075,-0.161390427828781,0.00873911036160877,-7.34855700919448
"Fur_Brown+Mouth_Bored.Unshaven",2,4318,-0.0711083304006576,0.0458833985285636,-0.161039791516642,0.0188231307153271,-6.86390080470025
"Fur_Brown+Mouth_Bored.Unshaven",2,4319,-0.0724991781422181,0.0449285328338665,-0.160559102496596,0.0155607462121602,-6.99334889576359
"Fur_Brown+Mouth_Bored.Unshaven",2,4320,-0.0734299980299999,0.0475471393718829,-0.16662239119889,0.0197623951388905,-7.07988105713122
"Fur_Brown+Mouth_Bored.Unshaven",2,4321,-0.0776668678163736,0.0482654721156177,-0.172267193162984,0.0169334575302371,-7.47273867066572
"Fur_Brown+Mouth_Bored.Unshaven",2,4322,-0.0748847778338772,0.0473342579533937,-0.167659923422529,0.0178903677547745,-7.21496108986798
"Fur_Brown+Mouth_Bored.Unshaven",2,4323,-0.0796248904862534,0.0443113329725429,-0.166475103112437,0.00722532213993059,-7.65373189368845
"Fur_Brown+Mouth_Bored.Unshaven",2,4325,-0.0734088921065416,0.0439197448094051,-0.159491591932976,0.0126738077198924,-7.07791987151682
"Fur_Brown+Mouth_Bored.Unshaven",2,4326,-0.0774238706026015,0.0437502743021391,-0.163174408234794,0.00832666702959112,-7.45025207198496
"Fur_Brown+Mouth_Bored.Unshaven",2,4329,-0.0712796098439935,0.0476105792591345,-0.164596345191897,0.0220371255039101,-6.87985173785243
"Fur_Brown+Mouth_Bored.Unshaven",2,4332,-0.079182083053647,0.0444302790459675,-0.166265429983743,0.00790126387644927,-7.61283122490576
"Fur_Brown+Mouth_Bored.Unshaven",2,4333,-0.0778631537613164,0.0457331492502165,-0.167500126291741,0.011773818769108,-7.4908986892522
"Fur_Brown+Mouth_Bored.Unshaven",2,4335,-0.0765311021821604,0.0498477239827292,-0.17423264118831,0.0211704368239888,-7.36758968602158
"Fur_Brown+Mouth_Bored.Unshaven",2,4337,-0.0736331563976416,0.0460836387003244,-0.163957088250277,0.0166907754549942,-7.09875663938556
"Fur_Brown+Mouth_Bored.Unshaven",2,4338,-0.0741676473596336,0.0483364094261998,-0.168907009834985,0.020571715115718,-7.14839824664262
"Fur_Brown+Mouth_Bored.Unshaven",2,4339,-0.0750575828738246,0.0445419392696141,-0.162359783842268,0.0122446180946191,-7.23099342694915
"Fur_Brown+Mouth_Bored.Unshaven",2,4340,-0.0772282089089864,0.0463340455106215,-0.168042938109804,0.0135865202918317,-7.4321418598821
"Fur_Brown+Mouth_Bored.Unshaven",2,4342,-0.0743630788196513,0.0470361995031431,-0.166554029845812,0.0178278722065092,-7.166542597692
"Fur_Brown+Mouth_Bored.Unshaven",2,4344,-0.0755843804154241,0.0431147804990238,-0.160089350193511,0.00892058936266245,-7.27985104138298
"Fur_Brown+Mouth_Bored.Unshaven",2,4346,-0.0792583940144693,0.0449644795253799,-0.167388773884214,0.00887198585527535,-7.61988110952748
"Fur_Brown+Mouth_Bored.Unshaven",2,4349,-0.0762303488401331,0.0485586143062447,-0.171405232880373,0.0189445352001065,-7.33972598919966
"Fur_Brown+Mouth_Bored.Unshaven",2,4350,-0.0744837386796686,0.0469172633829993,-0.166441574910347,0.01747409755101,-7.1777431939223
"Fur_Brown+Mouth_Bored.Unshaven",2,4351,-0.0773096111109131,0.0433985151043281,-0.162370700715396,0.00775147849357004,-7.43967678067862
"Fur_Brown+Mouth_Bored.Unshaven",2,4355,-0.0741459247578316,0.0476094062441749,-0.167460360996414,0.0191685114807511,-7.14638124636389
"Fur_Brown+Mouth_Bored.Unshaven",2,4356,-0.0765696744620348,0.0462953404299478,-0.167308541704732,0.0141691927806628,-7.37116266036832
"Fur_Brown+Mouth_Bored.Unshaven",2,4357,-0.0802521254282323,0.0473359911412485,-0.173030668065079,0.0125264172086147,-7.71163653799956
"Fur_Brown+Mouth_Bored.Unshaven",2,4359,-0.0726455428612787,0.0456892173525064,-0.162196408872191,0.0169053231496338,-7.00696079194824
"Fur_Brown+Mouth_Bored.Unshaven",2,4361,-0.079193564836861,0.0464044542160166,-0.170146295100254,0.0117591654265316,-7.61389198825965
"Fur_Brown+Mouth_Bored.Unshaven",2,4362,-0.0779332214142661,0.044741527408632,-0.165626615135185,0.00976017230665255,-7.49738035777724
"Fur_Brown+Mouth_Bored.Unshaven",2,4363,-0.0746930394641223,0.0468247725012547,-0.166469593566582,0.0170835146383369,-7.19716893210455
"Fur_Brown+Mouth_Bored.Unshaven",2,4364,-0.0755950023157641,0.0427705445445647,-0.159425269623111,0.0082352649915826,-7.28083590033417
"Fur_Brown+Mouth_Bored.Unshaven",2,4365,-0.0707867748798992,0.0451439941646897,-0.159269003442691,0.0176954536828927,-6.83394756226495
"Fur_Brown+Mouth_Bored.Unshaven",2,4367,-0.0748415228285022,0.0483686448518795,-0.169644066738186,0.0199610210811815,-7.21094758570976
"Fur_Brown+Mouth_Bored.Unshaven",2,4368,-0.074128548468674,0.0454791734855008,-0.163267728500256,0.0150106315629075,-7.14476778101711
"Fur_Brown+Mouth_Bored.Unshaven",2,4369,-0.0758601681630855,0.0424721021057839,-0.159105488290422,0.00738515196425102,-7.3054185966558
"Fur_Brown+Mouth_Bored.Unshaven",2,4370,-0.0758518203494296,0.0465538707635279,-0.167097407045944,0.015393766347085,-7.30464479633357
"Fur_Brown+Mouth_Bored.Unshaven",2,4371,-0.0779708505981284,0.0466941153262286,-0.169491316637536,0.0135496154412798,-7.50086109037053
"Fur_Brown+Mouth_Bored.Unshaven",2,4373,-0.0718449286476914,0.0464570945170377,-0.162900833901085,0.0192109766057024,-6.93247943155415
"Fur_Brown+Mouth_Bored.Unshaven",2,4374,-0.0703277360481135,0.0493827592539111,-0.167117944185779,0.0264624720895522,-6.79117090907055
"Fur_Brown+Mouth_Bored.Unshaven",2,4377,-0.0778298663882058,0.0474796230470897,-0.170889927560502,0.01523019478409,-7.48781925302786
"Fur_Brown+Mouth_Bored.Unshaven",2,4378,-0.0764112520166181,0.0473570212990046,-0.169231013762667,0.016408509729431,-7.35648701099544
"Fur_Brown+Mouth_Bored.Unshaven",2,4379,-0.076601950626521,0.0496062809662084,-0.173830261320289,0.0206263600672475,-7.37415231571089
"Fur_Brown+Mouth_Bored.Unshaven",2,4380,-0.0741266040663957,0.0507352487906227,-0.173567691696016,0.0253144835632247,-7.14458723291651
"Fur_Brown+Mouth_Bored.Unshaven",2,4381,-0.079159096118171,0.0428769877591432,-0.163197992126092,0.00487979988974968,-7.61070750260948
"Fur_Brown+Mouth_Bored.Unshaven",2,4382,-0.0782260544763498,0.0474223804228144,-0.171173920105066,0.0147218111523664,-7.52446421741951
"Fur_Brown+Mouth_Bored.Unshaven",2,4384,-0.075147029011812,0.044584223946886,-0.162532107947709,0.0122380499240845,-7.2392908852187
"Fur_Brown+Mouth_Bored.Unshaven",2,4385,-0.074556233523416,0.0471937852617507,-0.167056052636447,0.0179435855896155,-7.18447208501785
"Fur_Brown+Mouth_Bored.Unshaven",2,4386,-0.0775243617953428,0.0443817827413534,-0.164512655968395,0.00946393237770982,-7.45955203925193
"Fur_Brown+Mouth_Bored.Unshaven",2,4388,-0.077718968580772,0.04798229933667,-0.171764275280645,0.0163263381191012,-7.4775592861287
"Fur_Brown+Mouth_Bored.Unshaven",2,4389,-0.0800816171932829,0.039706522768992,-0.157906401820507,-0.00225683256605859,-7.69589927041054
"Fur_Brown+Mouth_Bored.Unshaven",2,4391,-0.0769120609362046,0.0450911741496144,-0.165290762269449,0.0114666403970396,-7.40287209264135
"Fur_Brown+Mouth_Bored.Unshaven",2,4394,-0.0754180310944226,0.0500047156947905,-0.173427273856212,0.0225912116673668,-7.26442582460896
"Fur_Brown+Mouth_Bored.Unshaven",2,4395,-0.0760460586596758,0.0479522576932195,-0.170032483738386,0.0179403664190344,-7.32264803697987
"Fur_Brown+Mouth_Bored.Unshaven",2,4396,-0.0744908318147037,0.0461532863110181,-0.164951272984299,0.0159696093548918,-7.17840159238904
"Fur_Brown+Mouth_Bored.Unshaven",2,4397,-0.071596864046334,0.050115609239142,-0.169823458155052,0.0266297300623843,-6.90938981042458
"Fur_Brown+Mouth_Bored.Unshaven",2,4398,-0.0730213543523707,0.0445083212031218,-0.160257663910489,0.0142149552057481,-7.04190207859444
"Fur_Brown+Mouth_Bored.Unshaven",2,4401,-0.0737671175639302,0.0478936031502014,-0.167638579738325,0.0201043446104646,-7.11120096474903
"Fur_Brown+Mouth_Bored.Unshaven",2,4402,-0.079949955105915,0.0455057678336706,-0.169141260059909,0.00924134984807935,-7.68374551975934
"Fur_Brown+Mouth_Bored.Unshaven",2,4403,-0.0773472512742492,0.0455193246227064,-0.166565127534754,0.0118706249862554,-7.44316070079496
"Fur_Brown+Mouth_Bored.Unshaven",2,4404,-0.0784264480555973,0.0434185332841335,-0.163526773292499,0.00667387718130436,-7.54299386435467
"Fur_Brown+Mouth_Bored.Unshaven",2,4405,-0.0779662408802429,0.0468430978603296,-0.169778712686489,0.013846230926003,-7.50043469445272
"Fur_Brown+Mouth_Bored.Unshaven",2,4406,-0.0752306459363033,0.0447538836422008,-0.162948257875017,0.0124869660024103,-7.24704692615584
"Fur_Brown+Mouth_Bored.Unshaven",2,4409,-0.0757061449070817,0.0456471542568881,-0.165174567250582,0.0137622774364189,-7.29114037585334
"Fur_Brown+Mouth_Bored.Unshaven",2,4410,-0.0748338217082542,0.0449810140349414,-0.162996609216739,0.0133289658002309,-7.21023300330788
"Fur_Brown+Mouth_Bored.Unshaven",2,4411,-0.0746484839154299,0.0471332609751318,-0.167029675426688,0.0177327075958285,-7.1930339589288
"Fur_Brown+Mouth_Bored.Unshaven",2,4412,-0.0763796634646391,0.0424969548689815,-0.159673695007843,0.00691436807856462,-7.35356049034783
"Fur_Brown+Mouth_Bored.Unshaven",2,4413,-0.069476398120598,0.046485616330014,-0.160588206127425,0.0216354098862295,-6.71178491032506
"Fur_Brown+Mouth_Bored.Unshaven",2,4414,-0.076298452605608,0.0412907338502733,-0.157228290952144,0.0046313857409276,-7.34603628788975
"Fur_Brown+Mouth_Bored.Unshaven",2,4415,-0.078501629497031,0.0397506715633303,-0.156412945761158,-0.00059031323290358,-7.54994465405813
"Fur_Brown+Mouth_Bored.Unshaven",2,4416,-0.0723269198739705,0.0485781734189126,-0.167540139775039,0.0228863000270983,-6.97732635114059
"Fur_Brown+Mouth_Bored.Unshaven",2,4418,-0.0750853368377365,0.0488849640230136,-0.170899866322843,0.0207291926473702,-7.23356809888087
"Fur_Brown+Mouth_Bored.Unshaven",2,4420,-0.0752652062751182,0.0429178699359943,-0.159384231349667,0.00885381879943062,-7.25025244424794
"Fur_Brown+Mouth_Bored.Unshaven",2,4421,-0.0768270537714473,0.047851630947675,-0.17061625042889,0.0169621428859956,-7.39500033876028
"Fur_Brown+Mouth_Bored.Unshaven",2,4423,-0.0748192798350927,0.0498026796982388,-0.172432532043641,0.0227939723734554,-7.20888365647453
"Fur_Brown+Mouth_Bored.Unshaven",2,4425,-0.0722173840147617,0.0453406717694689,-0.161085100682921,0.0166503326533974,-6.9671364745883
"Fur_Brown+Mouth_Bored.Unshaven",2,4426,-0.0743401121504749,0.0463201511388782,-0.165127608382676,0.0164473840817265,-7.16441049790382
"Fur_Brown+Mouth_Bored.Unshaven",2,4428,-0.0753906237418183,0.0449064801985946,-0.163407324931064,0.0126260774474271,-7.26188415319847
"Fur_Brown+Mouth_Bored.Unshaven",2,4429,-0.0786049924699396,0.0468207212207165,-0.170373606062544,0.0131636211226648,-7.55950007277749
"Fur_Brown+Mouth_Bored.Unshaven",2,4432,-0.0749017032270338,0.0458124230697268,-0.164694052443698,0.0148906459896307,-7.21653149984064
"Fur_Brown+Mouth_Bored.Unshaven",2,4433,-0.0763639485225715,0.0458393679722164,-0.166209109748116,0.0134812127029726,-7.35210454547816
"Fur_Brown+Mouth_Bored.Unshaven",2,4434,-0.0750427656492702,0.0496672264062376,-0.172390529405496,0.0223049981069555,-7.22961883756328
"Fur_Brown+Mouth_Bored.Unshaven",2,4436,-0.0734158516187233,0.0461068836963452,-0.16378534366356,0.0169536404261132,-7.07856656161511
"Fur_Brown+Mouth_Bored.Unshaven",2,4437,-0.0759832320594081,0.0491695183476955,-0.172355488020891,0.0203890239020751,-7.31682525112323
"Fur_Brown+Mouth_Bored.Unshaven",2,4438,-0.0805369507209491,0.0454544107768834,-0.169627595843641,0.00855369440174233,-7.73791885502497
"Fur_Brown+Mouth_Bored.Unshaven",2,4439,-0.0779781991417296,0.0472782961669261,-0.170643659628905,0.0146872613454455,-7.50154082182836
"Fur_Brown+Mouth_Bored.Unshaven",2,4440,-0.0764712778557811,0.0475232246643785,-0.169616798197963,0.0166742424864008,-7.36204784870696
"Fur_Brown+Mouth_Bored.Unshaven",2,4442,-0.0737302614398113,0.0468399429488152,-0.165536549619489,0.0180760267398665,-7.1077773805529
"Fur_Brown+Mouth_Bored.Unshaven",2,4444,-0.0768625053018785,0.0426045100198596,-0.160367344940803,0.00664233433704631,-7.39828326953106
"Fur_Brown+Mouth_Bored.Unshaven",2,4446,-0.0735479230176047,0.0519233163536987,-0.175317623070854,0.0282217770356448,-7.09083801494353
"Fur_Brown+Mouth_Bored.Unshaven",2,4448,-0.072994057305459,0.0513802393852429,-0.173699326500535,0.0277112118896171,-7.03936456240146
"Fur_Brown+Mouth_Bored.Unshaven",2,4449,-0.0774485131680348,0.0466546913627696,-0.168891708239063,0.0139946819029937,-7.45253270710364
"Fur_Brown+Mouth_Bored.Unshaven",2,4450,-0.0754437310982852,0.048101708411866,-0.169723079585543,0.0188356173889722,-7.26680909859825
"Fur_Brown+Mouth_Bored.Unshaven",2,4451,-0.0751758954198236,0.0431734709952001,-0.159795898570416,0.0094441077307686,-7.24196851504849
"Fur_Brown+Mouth_Bored.Unshaven",2,4452,-0.0742173846758416,0.0451040193981533,-0.162621262696222,0.0141864933445389,-7.15301632127318
"Fur_Brown+Mouth_Bored.Unshaven",2,4453,-0.0721343325507475,0.0476340383062646,-0.165497047631026,0.0212283825295311,-6.959409638213
"Fur_Brown+Mouth_Bored.Unshaven",2,4454,-0.0749275486151493,0.0461818082175746,-0.165443892721596,0.0155887954912969,-7.21892949360605
"Fur_Brown+Mouth_Bored.Unshaven",2,4458,-0.0771777245878135,0.0442933292284608,-0.163992649875597,0.00963720069996965,-7.42746851643719
"Fur_Brown+Mouth_Bored.Unshaven",2,4460,-0.0750102814236082,0.0432175590481692,-0.15971669715802,0.00969613431080339,-7.22660521461952
"Fur_Brown+Mouth_Bored.Unshaven",2,4461,-0.076508066655927,0.0432833176116334,-0.161343369174729,0.00832723586287443,-7.36545582512652
"Fur_Brown+Mouth_Bored.Unshaven",2,4462,-0.0727941145234302,0.0451958452389702,-0.161377971191812,0.0157897421449514,-7.02077589606
"Fur_Brown+Mouth_Bored.Unshaven",2,4463,-0.0750731675738931,0.0456992708660178,-0.164643738471288,0.0144974033235017,-7.2324391928263
"Fur_Brown+Mouth_Bored.Unshaven",2,4465,-0.0737463571483099,0.0428655486766976,-0.157762832554637,0.0102701182580174,-7.10927253465715
"Fur_Brown+Mouth_Bored.Unshaven",2,4468,-0.0774871039877598,0.0486987907810192,-0.172936733918558,0.0179625259430378,-7.45610412081762
"Fur_Brown+Mouth_Bored.Unshaven",2,4469,-0.0749247792350737,0.049981220060308,-0.172887970553277,0.02303841208313,-7.21867254720222
"Fur_Brown+Mouth_Bored.Unshaven",2,4470,-0.0724822218979933,0.0473698031701454,-0.165327036111478,0.0203625923154916,-6.99177183890249
"Fur_Brown+Mouth_Bored.Unshaven",2,4473,-0.0776663217289828,0.0453202772901758,-0.166494065217727,0.0111614217597618,-7.4726881426812
"Fur_Brown+Mouth_Bored.Unshaven",2,4474,-0.0766761017822016,0.0477605237549666,-0.170286728341936,0.0169345247775329,-7.38102037472218
"Fur_Brown+Mouth_Bored.Unshaven",2,4475,-0.0771575824985503,0.0472544914024306,-0.169776385647314,0.0154612206502137,-7.42560389346608
"Fur_Brown+Mouth_Bored.Unshaven",2,4477,-0.0761051040372322,0.0446301277296219,-0.163580154387291,0.0113699463128267,-7.3281200446675
"Fur_Brown+Mouth_Bored.Unshaven",2,4478,-0.0753337726162755,0.0504108436663165,-0.174139026202256,0.0234714809697048,-7.2566117370619
"Fur_Brown+Mouth_Bored.Unshaven",2,4480,-0.0751837018210526,0.0470011329007834,-0.167305922306588,0.0169385186644828,-7.24269261863315
"Fur_Brown+Mouth_Bored.Unshaven",2,4482,-0.070649475691438,0.0424751058715769,-0.153900683199729,0.0126017318168526,-6.82115506069318
"Fur_Brown+Mouth_Bored.Unshaven",2,4483,-0.0794499851854318,0.0446616971409102,-0.166986911581616,0.00808694121075229,-7.63757862928096
"Fur_Brown+Mouth_Bored.Unshaven",2,4486,-0.0736727961339198,0.0466738312988217,-0.16515350547961,0.0178079132117707,-7.10243914718499
"Fur_Brown+Mouth_Bored.Unshaven",2,4488,-0.0737890099126071,0.0477065185047108,-0.16729378618184,0.019715766356626,-7.11323449646621
"Fur_Brown+Mouth_Bored.Unshaven",2,4490,-0.077910060067204,0.0440386538624395,-0.164225821637585,0.00840570150317735,-7.49523784768793
"Fur_Brown+Mouth_Bored.Unshaven",2,4492,-0.0750256272726661,0.0462372582542991,-0.165650653451092,0.0155993989057601,-7.2280288902087
"Fur_Brown+Mouth_Bored.Unshaven",2,4495,-0.0813544299301169,0.0451129958428808,-0.169775901782163,0.00706704192192949,-7.81331036845965
"Fur_Brown+Mouth_Bored.Unshaven",2,4497,-0.0758189878250691,0.0429278075336527,-0.159957490591028,0.00831951494089014,-7.30160132386357
"Fur_Brown+Mouth_Bored.Unshaven",2,4500,-0.0777387701617853,0.0481710439107602,-0.172154016226875,0.0166764759033046,-7.47939135859502
"Fur_Brown+Mouth_Bored.Unshaven",2,4501,-0.0717593386825533,0.0439741111477077,-0.15794859653206,0.0144299191669538,-6.92451344481381
"Fur_Brown+Mouth_Bored.Unshaven",2,4503,-0.0732017928148502,0.0474090082094212,-0.166123448905316,0.0197198632756153,-7.05867378168273
"Fur_Brown+Mouth_Bored.Unshaven",2,4504,-0.0767673428498484,0.04653987408748,-0.167985496061309,0.0144508103616125,-7.3894706437959
"Fur_Brown+Mouth_Bored.Unshaven",2,4506,-0.0753576160190093,0.0447320763158659,-0.163032485598106,0.0123172535600879,-7.25882302865668
"Fur_Brown+Mouth_Bored.Unshaven",2,4507,-0.0723749997864092,0.0510837099133365,-0.172499071216549,0.0277490716437302,-6.98179876562693
"Fur_Brown+Mouth_Bored.Unshaven",2,4508,-0.0773006578457597,0.0492142306957687,-0.173760550009466,0.0191592343179471,-7.43884805985228
"Fur_Brown+Mouth_Bored.Unshaven",2,4509,-0.0787419805075027,0.048497676158624,-0.173797425778406,0.0163134647634004,-7.5721624481371
"Fur_Brown+Mouth_Bored.Unshaven",2,4510,-0.0766253535110719,0.0452740361388368,-0.165362464343192,0.0121117573210482,-7.37632000236552
"Fur_Brown+Mouth_Bored.Unshaven",2,4511,-0.0731618580435114,0.0480789415294813,-0.167396583441295,0.0210728673542719,-7.05496211696053
"Fur_Brown+Mouth_Bored.Unshaven",2,4512,-0.0764175557869502,0.0458664095859297,-0.166315718575372,0.0134806070014721,-7.35707101258337
"Fur_Brown+Mouth_Bored.Unshaven",2,4513,-0.0749914364402234,0.0483560711585227,-0.169769335910928,0.019786463030481,-7.22485688506267
"Fur_Brown+Mouth_Bored.Unshaven",2,4514,-0.0766514271218838,0.0432868064815423,-0.161493567825707,0.00819071358193914,-7.37873500466569
"Fur_Brown+Mouth_Bored.Unshaven",2,4520,-0.0775796101735661,0.0396548607738112,-0.155303137290236,0.000143916943103797,-7.46466460768996
"Fur_Brown+Mouth_Bored.Unshaven",2,4524,-0.0756164024571796,0.0484526475748222,-0.170583591703831,0.0193507867894719,-7.28282008232687
"Fur_Brown+Mouth_Bored.Unshaven",2,4526,-0.0768159435763137,0.0465894188552328,-0.16813120453257,0.0144993173799425,-7.39397147342827
"Fur_Brown+Mouth_Bored.Unshaven",2,4527,-0.076091170671379,0.0502536100287905,-0.174588246327808,0.0224059049850505,-7.32682880446412
"Fur_Brown+Mouth_Bored.Unshaven",2,4528,-0.073507900870665,0.051502817692601,-0.174453423548163,0.027437621806833,-7.08711951639988
"Fur_Brown+Mouth_Bored.Unshaven",2,4529,-0.0801075899430588,0.0466352177037568,-0.171512616642422,0.0112974367563045,-7.69829663058893
"Fur_Brown+Mouth_Bored.Unshaven",2,4530,-0.075288930966827,0.0442105042829922,-0.161941519361492,0.0113636574278377,-7.25245287731236
"Fur_Brown+Mouth_Bored.Unshaven",2,4531,-0.0765117216136234,0.0485749818962925,-0.171718686130357,0.0186952429031099,-7.36579439984796
"Fur_Brown+Mouth_Bored.Unshaven",2,4532,-0.0745239103802918,0.0467349384678102,-0.1661243897772,0.0170765690166162,-7.18147194693821
"Fur_Brown+Mouth_Bored.Unshaven",2,4533,-0.0750895213704454,0.0454352647336163,-0.164142640248333,0.0139635975074426,-7.23395628223726
"Fur_Brown+Mouth_Bored.Unshaven",2,4534,-0.0780365367053262,0.0474999657801234,-0.171136469634368,0.0150633962237157,-7.50693679917763
"Fur_Brown+Mouth_Bored.Unshaven",2,4536,-0.0793581274685073,0.0484009407221942,-0.174223971284008,0.0155077163469934,-7.62909403844262
"Fur_Brown+Mouth_Bored.Unshaven",2,4537,-0.0763024332483383,0.0471453279717804,-0.168707276073028,0.0161024095763514,-7.34640510948276
"Fur_Brown+Mouth_Bored.Unshaven",2,4538,-0.0737898101809607,0.0457894930496338,-0.163537216558243,0.0159575961963215,-7.11330883077538
"Fur_Brown+Mouth_Bored.Unshaven",2,4539,-0.0760064612349331,0.0491087560642662,-0.172259623120895,0.0202467006510286,-7.31897817985221
"Fur_Brown+Mouth_Bored.Unshaven",2,4541,-0.073346394473292,0.0474314943365491,-0.166312123372928,0.0196193344263443,-7.07211227995369
"Fur_Brown+Mouth_Bored.Unshaven",2,4544,-0.0784020600404782,0.0484256661174359,-0.173316365630653,0.0165122455496963,-7.54073899399538
"Fur_Brown+Mouth_Bored.Unshaven",2,4546,-0.0723396407879145,0.0456120198167939,-0.161739199628831,0.0170599180530016,-6.9785096770404
"Fur_Brown+Mouth_Bored.Unshaven",2,4547,-0.0746767026731365,0.0455313765919765,-0.163918200793411,0.0145647954471375,-7.19565281926633
"Fur_Brown+Mouth_Bored.Unshaven",2,4549,-0.0759132948282757,0.0459062831076036,-0.165889609719179,0.0140630200626274,-7.31034301983672
"Fur_Brown+Mouth_Bored.Unshaven",2,4550,-0.0760585790236855,0.0502172578086245,-0.17448440432859,0.0223672462812185,-7.32380838389791
"Fur_Brown+Mouth_Bored.Unshaven",2,4552,-0.0779349642083245,0.0462376337574068,-0.168560726372842,0.0126907979561929,-7.49754157065265
"Fur_Brown+Mouth_Bored.Unshaven",2,4553,-0.073894274122479,0.0432675538924607,-0.158698679751702,0.010910131506744,-7.12301163384416
"Fur_Brown+Mouth_Bored.Unshaven",2,4554,-0.0761571079369927,0.0481242647614772,-0.170480666869488,0.0181664509955027,-7.3329392185143
"Fur_Brown+Mouth_Bored.Unshaven",2,4555,-0.079378238268305,0.0495156212708436,-0.176428855959159,0.0176723794225485,-7.63095167256024
"Fur_Brown+Mouth_Bored.Unshaven",2,4556,-0.0763712240765114,0.047711444910069,-0.169885656100247,0.0171432079472239,-7.35277860778686
"Fur_Brown+Mouth_Bored.Unshaven",2,4557,-0.0743914490922453,0.0477075507199756,-0.167898248503397,0.0191153503189069,-7.16917627082516
"Fur_Brown+Mouth_Bored.Unshaven",2,4558,-0.0767788152319866,0.0458954365473686,-0.166733870864829,0.0131762404008558,-7.39053310108423
"Fur_Brown+Mouth_Bored.Unshaven",2,4559,-0.0751624440160379,0.0525218488609964,-0.178105267783591,0.0277803797515151,-7.24072078092074
"Fur_Brown+Mouth_Bored.Unshaven",2,4561,-0.07282612965453,0.0508700788905789,-0.172531484280065,0.0268792249710047,-7.02375259045935
"Fur_Brown+Mouth_Bored.Unshaven",2,4562,-0.0777024604181062,0.0490485435811416,-0.173837605837144,0.0184326850009312,-7.47603189802001
"Fur_Brown+Mouth_Bored.Unshaven",2,4563,-0.074786387630925,0.0513520774884791,-0.175436459508344,0.0258636842464941,-7.20583150193503
"Fur_Brown+Mouth_Bored.Unshaven",2,4564,-0.0768838001394234,0.0472567905540716,-0.169507109625404,0.0157395093465569,-7.40025518704931
"Fur_Brown+Mouth_Bored.Unshaven",2,4565,-0.0770138470685117,0.0490256924272694,-0.17310420422596,0.0190765100889363,-7.41229671649766
"Fur_Brown+Mouth_Bored.Unshaven",2,4566,-0.0757207439214336,0.0467879610387908,-0.167425147557464,0.0159836597145963,-7.29249382394602
"Fur_Brown+Mouth_Bored.Unshaven",2,4568,-0.0758344177373575,0.0442720943921526,-0.162607722745977,0.0109388872712617,-7.30303164098955
"Fur_Brown+Mouth_Bored.Unshaven",2,4570,-0.0781490388007485,0.0478444719740994,-0.171924203869983,0.0156261262684863,-7.51734187729223
"Fur_Brown+Mouth_Bored.Unshaven",2,4571,-0.0756096756194943,0.0526490332811899,-0.178801780850627,0.0275824296116378,-7.28219638680918
"Fur_Brown+Mouth_Bored.Unshaven",2,4572,-0.0759258999999571,0.0431486273385611,-0.160497209583537,0.00864540958362267,-7.31151138151233
"Fur_Brown+Mouth_Bored.Unshaven",2,4573,-0.0740555373312453,0.0455983245625164,-0.163428253473777,0.0153171788112869,-7.13798806740231
"Fur_Brown+Mouth_Bored.Unshaven",2,4574,-0.0731890425867705,0.0451524721391747,-0.161687887979553,0.0153098028060119,-7.05748875102072
"Fur_Brown+Mouth_Bored.Unshaven",2,4575,-0.0782778164740529,0.0467574704351515,-0.16992245852695,0.0133668255788442,-7.52925081200737
"Fur_Brown+Mouth_Bored.Unshaven",2,4577,-0.0749777706152316,0.0429149282686024,-0.159091030021692,0.0091354887912292,-7.22358902753013
"Fur_Brown+Mouth_Bored.Unshaven",2,4578,-0.0750938174745029,0.047194227587234,-0.167594503545481,0.0174068685964757,-7.23435481395801
"Fur_Brown+Mouth_Bored.Unshaven",2,4579,-0.0778623772161031,0.0432130352800274,-0.162559926364957,0.00683517193275059,-7.49082685172451
"Fur_Brown+Mouth_Bored.Unshaven",2,4580,-0.0797696045928588,0.0486313571887812,-0.17508706468287,0.0155478554971523,-7.66709473445669
"Fur_Brown+Mouth_Bored.Unshaven",2,4581,-0.0734004739604095,0.0476836482535084,-0.166860424537286,0.020059476616467,-7.07713763657493
"Fur_Brown+Mouth_Bored.Unshaven",2,4582,-0.0767573643464009,0.0512059782781285,-0.177121081771533,0.0236063530787309,-7.38854652469879
"Fur_Brown+Mouth_Bored.Unshaven",2,4583,-0.0751181434802306,0.0444167350798864,-0.162174944236808,0.0119386572763467,-7.23661140412711
"Fur_Brown+Mouth_Bored.Unshaven",2,4584,-0.0752490006990615,0.0466795987319417,-0.166741014213667,0.0162430128155442,-7.24874936898062
"Fur_Brown+Mouth_Bored.Unshaven",2,4585,-0.073994772550779,0.0457077190297632,-0.163581901849115,0.0155923567475568,-7.13234515619018
"Fur_Brown+Mouth_Bored.Unshaven",2,4586,-0.076235669604238,0.0488503532658818,-0.171982362005366,0.0195110227968904,-7.34021901134795
"Fur_Brown+Mouth_Bored.Unshaven",2,4587,-0.0745209227375806,0.0490199312900262,-0.170599988066032,0.0215581425908708,-7.18119463792517
"Fur_Brown+Mouth_Bored.Unshaven",2,4588,-0.0758869410935634,0.0433532577132216,-0.160859326211478,0.00908544402435085,-7.30790026901843
"Fur_Brown+Mouth_Bored.Unshaven",2,4589,-0.0763844208133304,0.0496515634354572,-0.173701485146826,0.0209326435201656,-7.35400124071719
"Fur_Brown+Mouth_Bored.Unshaven",2,4590,-0.0768828931917027,0.0465933341511775,-0.168205828128011,0.0144400417446051,-7.40017120388373
"Fur_Brown+Mouth_Bored.Unshaven",2,4593,-0.0760749567091863,0.0458247991597767,-0.165891563062349,0.0137416496439759,-7.32532619298848
"Fur_Brown+Mouth_Bored.Unshaven",2,4594,-0.0760614271616601,0.0462723208618278,-0.166755176050843,0.0146323217275223,-7.3240723381027
"Fur_Brown+Mouth_Bored.Unshaven",2,4595,-0.0746821166818761,0.0506648820080682,-0.17398528541769,0.0246210520539375,-7.19615526145292
"Fur_Brown+Mouth_Bored.Unshaven",2,4596,-0.0753917027785119,0.0461820042589548,-0.165908431126063,0.0151250255690396,-7.26198422097438
"Fur_Brown+Mouth_Bored.Unshaven",2,4597,-0.0727311222394562,0.0472087747638645,-0.165260320776631,0.0197980762977182,-7.01491873789561
"Fur_Brown+Mouth_Bored.Unshaven",2,4598,-0.074440826586484,0.0447979544325682,-0.162244817274318,0.0133631641013496,-7.17375991112376
"Fur_Brown+Mouth_Bored.Unshaven",2,4599,-0.0744909432387664,0.050065974592737,-0.172620253440531,0.0236383669629982,-7.17841193494807
"Fur_Brown+Mouth_Bored.Unshaven",2,4600,-0.078879422642022,0.0453794795807858,-0.167823202620362,0.0100643573363182,-7.58486505446258
"Fur_Brown+Mouth_Bored.Unshaven",2,4605,-0.0773962941052427,0.0421383691022986,-0.159987497545748,0.00519490933526255,-7.447699838915
"Fur_Brown+Mouth_Bored.Unshaven",2,4607,-0.0762506506804941,0.0445010892439283,-0.163472785598593,0.0109714842376053,-7.34160714419492
"Fur_Brown+Mouth_Bored.Unshaven",2,4608,-0.0745297741935709,0.0431946696879088,-0.159191326781872,0.0101317783947303,-7.18201621585982
"Fur_Brown+Mouth_Bored.Unshaven",2,4609,-0.0766848549212804,0.0488014425541181,-0.172335682327352,0.018965972484791,-7.38183107798407
"Fur_Brown+Mouth_Bored.Unshaven",2,4610,-0.0732096019518175,0.0470878773502223,-0.165501841558253,0.0190826376546182,-7.0593995703952
"Fur_Brown+Mouth_Bored.Unshaven",2,4613,-0.0732809306627875,0.0509097248441529,-0.173063991357327,0.0265021300317522,-7.06602866719535
"Fur_Brown+Mouth_Bored.Unshaven",2,4614,-0.0783781842355517,0.0466908390878858,-0.169892228847808,0.0131358603767045,-7.53853142836235
"Fur_Brown+Mouth_Bored.Unshaven",2,4616,-0.0791019027173781,0.0423533596254381,-0.162114487583237,0.00391068214848053,-7.6054232936652
"Fur_Brown+Mouth_Bored.Unshaven",2,4617,-0.0766720301732849,0.0470011477158882,-0.168794279696426,0.015450219349856,-7.38064326569116
"Fur_Brown+Mouth_Bored.Unshaven",2,4618,-0.0737708972373165,0.0485577956163545,-0.168944176645371,0.0214023821707384,-7.11155205340713
"Fur_Brown+Mouth_Bored.Unshaven",2,4619,-0.073693971918414,0.0451701377630898,-0.16222744193407,0.0148394980972421,-7.10440630508552
"Fur_Brown+Mouth_Bored.Unshaven",2,4620,-0.0721470839334259,0.0468449824620844,-0.163963249559111,0.0196690816922596,-6.96059602682125
"Fur_Brown+Mouth_Bored.Unshaven",2,4621,-0.078742684911939,0.0430640974597693,-0.163148315933087,0.00566294610920878,-7.57222755469298
"Fur_Brown+Mouth_Bored.Unshaven",2,4623,-0.0759999389461684,0.0500223996445878,-0.17404384224956,0.0220439643572237,-7.31837368549354
"Fur_Brown+Mouth_Bored.Unshaven",2,4624,-0.0752233607435536,0.0489498744231272,-0.171165114612883,0.0207183931257757,-7.24637120055321
"Fur_Brown+Mouth_Bored.Unshaven",2,4625,-0.0806246301299318,0.0457263355065849,-0.170248247722838,0.00899898746297458,-7.74600798514102
"Fur_Brown+Mouth_Bored.Unshaven",2,4626,-0.0762573090678569,0.046336314364677,-0.167076485222624,0.0145618670869101,-7.342224097613
"Fur_Brown+Mouth_Bored.Unshaven",2,4627,-0.0728769960029927,0.0467163486229484,-0.164441039303971,0.0186870472979861,-7.0284818323782
"Fur_Brown+Mouth_Bored.Unshaven",2,4628,-0.0755934966301766,0.0473297665096725,-0.168359838989135,0.0171728457287815,-7.28069629432
"Fur_Brown+Mouth_Bored.Unshaven",2,4629,-0.0722002896510129,0.0475647114693262,-0.165427124130892,0.0210265448288665,-6.96554612338562
"Fur_Brown+Mouth_Bored.Unshaven",2,4630,-0.0731770297041114,0.0438313339872802,-0.159086444319181,0.0127323849109579,-7.05637223683279
"Fur_Brown+Mouth_Bored.Unshaven",2,4631,-0.0753768333499203,0.0470741891606658,-0.167642244104825,0.0168885774049847,-7.2606052494188
"Fur_Brown+Mouth_Bored.Unshaven",2,4632,-0.0768857617652061,0.0491581564172886,-0.173235748343092,0.0194642248126795,-7.40043683291803
"Fur_Brown+Mouth_Bored.Unshaven",2,4636,-0.0737457371526498,0.049051430028182,-0.169886540007887,0.022395065702587,-7.10921494279141
"Fur_Brown+Mouth_Bored.Unshaven",2,4639,-0.0815379619864409,0.0463717334673346,-0.172426559582417,0.00935063560953488,-7.83022802865945
"Fur_Brown+Mouth_Bored.Unshaven",2,4641,-0.0755915744361414,0.0438529588246724,-0.161543373732499,0.0103602248602165,-7.28051806965617
"Fur_Brown+Mouth_Bored.Unshaven",2,4642,-0.0771384824812743,0.0480658558835161,-0.171347560012966,0.0170705950504172,-7.42383570401497
"Fur_Brown+Mouth_Bored.Unshaven",2,4643,-0.0797992485618151,0.0498967831347317,-0.177596943505889,0.017998446382259,-7.66983180766498
"Fur_Brown+Mouth_Bored.Unshaven",2,4644,-0.0754398850522116,0.0432331678053068,-0.160176893950613,0.00929712384618966,-7.26645244178764
"Fur_Brown+Mouth_Bored.Unshaven",2,4645,-0.0734509023502482,0.0487018493572937,-0.168906527090544,0.0220047223900475,-7.08182346875265
"Fur_Brown+Mouth_Bored.Unshaven",2,4647,-0.0746013645526441,0.049904117447856,-0.172413434750442,0.0232107056451537,-7.18866085079863
"Fur_Brown+Mouth_Bored.Unshaven",2,4648,-0.0747146257153829,0.0473196659536884,-0.167461170984612,0.0180319195538463,-7.19917217571233
"Fur_Brown+Mouth_Bored.Unshaven",2,4650,-0.0727143006934434,0.0499334690201337,-0.170583899972905,0.0251552985860187,-7.01335457191685
"Fur_Brown+Mouth_Bored.Unshaven",2,4652,-0.0756030529412032,0.0423136834066945,-0.158537872418324,0.00733176653591802,-7.28158234459069
"Fur_Brown+Mouth_Bored.Unshaven",2,4653,-0.0748387627580391,0.04230108818112,-0.157748895593034,0.00807137007695619,-7.21069148103345
"Fur_Brown+Mouth_Bored.Unshaven",2,4654,-0.0755155220687389,0.0459961023607141,-0.165667882695739,0.0146368385582608,-7.27346626540124
"Fur_Brown+Mouth_Bored.Unshaven",2,4655,-0.0754810769323554,0.0478163904265487,-0.169201202168391,0.01823904830368,-7.27027223229124
"Fur_Brown+Mouth_Bored.Unshaven",2,4656,-0.0745640943389606,0.0432308221056906,-0.159296505666114,0.0101683169881929,-7.18520168789483
"Fur_Brown+Mouth_Bored.Unshaven",2,4658,-0.0747820347317626,0.0492284555914013,-0.171269807690909,0.0217057382273839,-7.20542757739759
"Fur_Brown+Mouth_Bored.Unshaven",2,4659,-0.077232680009994,0.0448668972007184,-0.165171798523402,0.010706438503414,-7.43255573920066
"Fur_Brown+Mouth_Bored.Unshaven",2,4660,-0.0750888320324971,0.0450495908934057,-0.163386030183572,0.0132083661185781,-7.23389233506098
"Fur_Brown+Mouth_Bored.Unshaven",2,4661,-0.0778184184750577,0.0437469942859148,-0.163562527275451,0.00792569032533534,-7.48676017555543
"Fur_Brown+Mouth_Bored.Unshaven",2,4662,-0.0789350506667396,0.0416772961414128,-0.160622551103909,0.00275244977042946,-7.590005782888
"Fur_Brown+Mouth_Bored.Unshaven",2,4665,-0.0757202152932815,0.0482289747573217,-0.170249005817632,0.018808575231069,-7.29244481613539
"Fur_Brown+Mouth_Bored.Unshaven",2,4666,-0.0747647400625632,0.044885469101013,-0.162740259500549,0.0132107793754222,-7.20382271208627
"Fur_Brown+Mouth_Bored.Unshaven",2,4667,-0.0757630521246358,0.0507702530266194,-0.17527274805681,0.0237466438075383,-7.29641602898438
"Fur_Brown+Mouth_Bored.Unshaven",2,4669,-0.0769806623680926,0.0489248401680725,-0.172873349097515,0.0189120243613295,-7.40922417032122
"Fur_Brown+Mouth_Bored.Unshaven",2,4671,-0.0763048317595907,0.0430543178050359,-0.160691294657461,0.00808163113827969,-7.34662733990616
"Fur_Brown+Mouth_Bored.Unshaven",2,4672,-0.074799660044082,0.0448197657835931,-0.162646400979924,0.0130470808917604,-7.20706309630478
"Fur_Brown+Mouth_Bored.Unshaven",2,4673,-0.0726221354222342,0.0491719535882805,-0.168999164455264,0.0237548936107956,-7.0047840375754
"Fur_Brown+Mouth_Bored.Unshaven",2,4674,-0.0748913791206126,0.0467543206334839,-0.166529847562241,0.0167470893210159,-7.21557358849294
"Fur_Brown+Mouth_Bored.Unshaven",2,4675,-0.0754697340516566,0.0505515572962184,-0.174550786352245,0.0236113182489315,-7.26922040408657
"Fur_Brown+Mouth_Bored.Unshaven",2,4676,-0.0765434410249582,0.0460353855687202,-0.16677279673965,0.0136859146897334,-7.36873265571895
"Fur_Brown+Mouth_Bored.Unshaven",2,4677,-0.0759666119833868,0.0456602892091455,-0.165460778833312,0.0135275548665383,-7.31528483691214
"Fur_Brown+Mouth_Bored.Unshaven",2,4678,-0.0769253038969071,0.0475376548235431,-0.170099107351052,0.0162484995572374,-7.40409834464778
"Fur_Brown+Mouth_Bored.Unshaven",2,4681,-0.0800101407555866,0.0476688068955351,-0.173441002270835,0.0134207207596622,-7.68930146631468
"Fur_Brown+Mouth_Bored.Unshaven",2,4682,-0.0752774396407074,0.0473125101814401,-0.16800995959633,0.0174550803149153,-7.25138707887788
"Fur_Brown+Mouth_Bored.Unshaven",2,4684,-0.0714051247872123,0.0460341178197597,-0.161631995713941,0.0188217461395166,-6.89153897449731
"Fur_Brown+Mouth_Bored.Unshaven",2,4686,-0.0744097299977146,0.0489032720874719,-0.17026014328916,0.0214406832937302,-7.17087328682685
"Fur_Brown+Mouth_Bored.Unshaven",2,4687,-0.0792042018324261,0.0426003655030645,-0.162700918218433,0.00429251455358044,-7.61487469365432
"Fur_Brown+Mouth_Bored.Unshaven",2,4689,-0.0735430928169473,0.0472845192996813,-0.166220750644323,0.0191345650104282,-7.09038924396441
"Fur_Brown+Mouth_Bored.Unshaven",2,4690,-0.0748488786490691,0.0504332235412795,-0.173697996789977,0.0240002394918387,-7.21163012281958
"Fur_Brown+Mouth_Bored.Unshaven",2,4691,-0.0778373065383864,0.0474222959112659,-0.170785006524468,0.0151103934476947,-7.48850755498562
"Fur_Brown+Mouth_Bored.Unshaven",2,4692,-0.0762529322522295,0.0463739448689591,-0.167145864195389,0.0146399996909304,-7.34181855072394
"Fur_Brown+Mouth_Bored.Unshaven",2,4694,-0.0761610316555977,0.0442718125505035,-0.162933784254585,0.0106117209433891,-7.33330281727144
"Fur_Brown+Mouth_Bored.Unshaven",2,4695,-0.0727382458041477,0.051006139300813,-0.172710278833741,0.0272337872254457,-7.01558112077807
"Fur_Brown+Mouth_Bored.Unshaven",2,4696,-0.0795920563615969,0.04529360144842,-0.1683675152005,0.00918340247730633,-7.65069973503102
"Fur_Brown+Mouth_Bored.Unshaven",2,4697,-0.076746378157891,0.0478134434857983,-0.170460727390056,0.0169679710742737,-7.38752907222378
"Fur_Brown+Mouth_Bored.Unshaven",2,4698,-0.0755250584496487,0.0447907055612706,-0.163314841349739,0.0122647244504417,-7.274350536731
"Fur_Brown+Mouth_Bored.Unshaven",2,4699,-0.0785354607232406,0.0526389978422962,-0.181707896494141,0.0246369750476599,-7.55307229988728
"Fur_Brown+Mouth_Bored.Unshaven",2,4700,-0.0743524299778759,0.0485226145680629,-0.169456754531279,0.0207518945755273,-7.16555402362908
"Fur_Brown+Mouth_Bored.Unshaven",2,4701,-0.0786772936421132,0.0443910914780789,-0.165683832939148,0.00832924565492156,-7.56618338766989
"Fur_Brown+Mouth_Bored.Unshaven",2,4703,-0.0778696933480763,0.0473883536849407,-0.17075086657056,0.0150114798744074,-7.49150365856819
"Fur_Brown+Mouth_Bored.Unshaven",2,4705,-0.0752057747789677,0.0455923431381957,-0.164566767329831,0.0141552177718959,-7.24474002417906
"Fur_Brown+Mouth_Bored.Unshaven",2,4706,-0.0758319512714848,0.0448796395009789,-0.163796044693403,0.0121321421504339,-7.30280300679863
"Fur_Brown+Mouth_Bored.Unshaven",2,4707,-0.0726132003782406,0.0476928749511349,-0.166091235282465,0.0208648345259838,-7.00395311751743
"Fur_Brown+Mouth_Bored.Unshaven",2,4711,-0.0794855642560518,0.0484960675189425,-0.174537856593179,0.0155667280810755,-7.64086473993482
"Fur_Brown+Mouth_Bored.Unshaven",2,4712,-0.0762786375267171,0.0418018384582154,-0.158210240904819,0.00565296585138507,-7.34420032409941
"Fur_Brown+Mouth_Bored.Unshaven",2,4714,-0.0713507807220506,0.0419655565907454,-0.153603271639911,0.0109017101958103,-6.88647894473419
"Fur_Brown+Mouth_Bored.Unshaven",2,4715,-0.0733099518642343,0.0486378830876955,-0.168640202716118,0.0220202989876488,-7.06872568356314
"Fur_Brown+Mouth_Bored.Unshaven",2,4716,-0.0768547119901644,0.0421036714373125,-0.159377908007297,0.00566848402696814,-7.3975615926752
"Fur_Brown+Mouth_Bored.Unshaven",2,4717,-0.0748031182814493,0.0465551975925426,-0.166051305562833,0.0164450689999343,-7.20738399575171
"Fur_Brown+Mouth_Bored.Unshaven",2,4718,-0.0765272418170373,0.0468692200702108,-0.16839091315465,0.015336429520576,-7.36723209040531
"Fur_Brown+Mouth_Bored.Unshaven",2,4719,-0.0773939787032673,0.0485333150356704,-0.172519276173181,0.0177313187666468,-7.4474855428883
"Fur_Brown+Mouth_Bored.Unshaven",2,4720,-0.0737387849698813,0.0482363369740964,-0.16828200543911,0.0208044354993477,-7.10856914683134
"Fur_Brown+Mouth_Bored.Unshaven",2,4722,-0.0748984545326936,0.0469399520353905,-0.166900760522059,0.0171038514566719,-7.21623007422204
"Fur_Brown+Mouth_Bored.Unshaven",2,4727,-0.0756892867695284,0.049419167965395,-0.172550855981703,0.0211722824426459,-7.28957746397154
"Fur_Brown+Mouth_Bored.Unshaven",2,4728,-0.0731120750201863,0.0504675265222145,-0.172028427003727,0.025804276963354,-7.0503349167946
"Fur_Brown+Mouth_Bored.Unshaven",2,4729,-0.079355843084313,0.048256276168082,-0.173938144373754,0.0152264582051277,-7.62888302756402
"Fur_Brown+Mouth_Bored.Unshaven",2,4730,-0.0733052349732543,0.0465474941662432,-0.164538323539091,0.0179278535925823,-7.06828733583973
"Fur_Brown+Mouth_Bored.Unshaven",2,4731,-0.075712374584144,0.0499246437603888,-0.173564676354506,0.022139927186218,-7.29171792031067
"Fur_Brown+Mouth_Bored.Unshaven",2,4732,-0.0735875778673575,0.0442769208977905,-0.160370342827027,0.013195187092312,-7.09452224075352
"Fur_Brown+Mouth_Bored.Unshaven",2,4733,-0.0723627828370003,0.0445445576537597,-0.159670115838369,0.0149445501643687,-6.98066236002666
"Fur_Brown+Mouth_Bored.Unshaven",2,4734,-0.0737433196754421,0.0452745714501311,-0.162481479717699,0.0149948403668148,-7.10899038116429
"Fur_Brown+Mouth_Bored.Unshaven",2,4735,-0.0747945562080157,0.0507134306699833,-0.174192880321183,0.0246037679051515,-7.20658949515812
"Fur_Brown+Mouth_Bored.Unshaven",2,4736,-0.0772408792466204,0.0472933557483922,-0.169935856513469,0.0154540980202283,-7.43331471846853
"Fur_Brown+Mouth_Bored.Unshaven",2,4738,-0.0752890820156164,0.0464078442322967,-0.166248456710918,0.0156702926796852,-7.25246688671603
"Fur_Brown+Mouth_Bored.Unshaven",2,4739,-0.0736387115754957,0.0447956350015538,-0.161438156178541,0.0141607330275497,-7.09927272088183
"Fur_Brown+Mouth_Bored.Unshaven",2,4740,-0.076840676788848,0.0474240351028184,-0.169791785590372,0.016110432012676,-7.39626188968898
"Fur_Brown+Mouth_Bored.Unshaven",2,4741,-0.0735198098324183,0.0452705238839919,-0.162250036645042,0.0152104169802059,-7.08822600575136
"Fur_Brown+Mouth_Bored.Unshaven",2,4743,-0.0715490376040527,0.0446254867116228,-0.159014991558833,0.0159169163507279,-6.90493751126145
"Fur_Brown+Mouth_Bored.Unshaven",2,4744,-0.0756167497126019,0.0438422817047242,-0.161547621853861,0.0103141224286575,-7.28285227886475
"Fur_Brown+Mouth_Bored.Unshaven",2,4746,-0.0752342811010592,0.0462557600153291,-0.165895570731104,0.015427008528986,-7.24738409780903
"Fur_Brown+Mouth_Bored.Unshaven",2,4750,-0.0745373266185904,0.0436001722146587,-0.159993664159321,0.0109190109221407,-7.18271721407568
"Fur_Brown+Mouth_Bored.Unshaven",2,4751,-0.0794984987361152,0.0467021607440966,-0.171034733794544,0.0120377363223141,-7.64205934960266
"Fur_Brown+Mouth_Bored.Unshaven",2,4753,-0.0757224510083879,0.0454301678633973,-0.164765580020647,0.0133206780038708,-7.29265208358529
"Fur_Brown+Mouth_Bored.Unshaven",2,4755,-0.0747672373402555,0.0448369609390345,-0.162647680780763,0.0131132061002521,-7.20405444962039
"Fur_Brown+Mouth_Bored.Unshaven",2,4756,-0.072510215518491,0.0473763170398532,-0.165367796916603,0.0203473658796212,-6.99437543950252
"Fur_Brown+Mouth_Bored.Unshaven",2,4757,-0.0746912129165646,0.0469066356002551,-0.166628218693065,0.0172457928599355,-7.19699942316531
"Fur_Brown+Mouth_Bored.Unshaven",2,4758,-0.0740797955272103,0.0485764562130923,-0.169289649704871,0.0211300586504506,-7.14024070496291
"Fur_Brown+Mouth_Bored.Unshaven",2,4760,-0.0773283533654405,0.0458054646966386,-0.167107064170852,0.0124503574399712,-7.44141155355871
"Fur_Brown+Mouth_Bored.Unshaven",2,4762,-0.0744734418652214,0.045506831928102,-0.163666832444301,0.0147199487138585,-7.17678741544668
"Fur_Brown+Mouth_Bored.Unshaven",2,4763,-0.0737626433119547,0.0477524111296805,-0.167357369126129,0.0198320825022191,-7.11078535592669
"Fur_Brown+Mouth_Bored.Unshaven",2,4764,-0.0764577202039351,0.0468744886251629,-0.168331717909254,0.0154162775013841,-7.36079188709005
"Fur_Brown+Mouth_Bored.Unshaven",2,4765,-0.0750883494225074,0.0520628051656011,-0.177131447547085,0.0269547487020707,-7.2338475651999
"Fur_Brown+Mouth_Bored.Unshaven",2,4766,-0.0762465074588209,0.0507426661924282,-0.17570213319598,0.0232091182783385,-7.34122323913813
"Fur_Brown+Mouth_Bored.Unshaven",2,4767,-0.0765252088276754,0.0477930077558903,-0.17019950402922,0.0171490863738697,-7.36704376878216
"Fur_Brown+Mouth_Bored.Unshaven",2,4768,-0.0726540043204104,0.051929721607642,-0.174436258671389,0.029128250030568,-7.00774764542007
"Fur_Brown+Mouth_Bored.Unshaven",2,4769,-0.0767505791883157,0.0482362140972095,-0.171293558818846,0.0177924004422148,-7.38791813921461
"Fur_Brown+Mouth_Bored.Unshaven",2,4770,-0.0774999770790141,0.0528318264007267,-0.181050356824438,0.0260504026664102,-7.45729543916631
"Fur_Brown+Mouth_Bored.Unshaven",2,4774,-0.0744591234688167,0.0491568962142393,-0.170806640048726,0.0218883931110923,-7.17545832637815
"Fur_Brown+Mouth_Bored.Unshaven",2,4775,-0.0777505682721636,0.0473942645415489,-0.1706433267736,0.0151421902292722,-7.48048292050885
"Fur_Brown+Mouth_Bored.Unshaven",2,4778,-0.0779457095472629,0.0489960935960709,-0.173978052995562,0.018086633901036,-7.49853553558086
"Fur_Brown+Mouth_Bored.Unshaven",2,4780,-0.0743886172295922,0.0460722814755273,-0.164690288921626,0.0159130544624414,-7.16891338631015
"Fur_Brown+Mouth_Bored.Unshaven",2,4783,-0.0781321193395458,0.0471580412199513,-0.17056188013065,0.0142976414515587,-7.51577710730871
"Fur_Brown+Mouth_Bored.Unshaven",2,4784,-0.0749411537318878,0.047175412983675,-0.167404963179891,0.0175226557161152,-7.2201917823146
"Fur_Brown+Mouth_Bored.Unshaven",2,4785,-0.0763424263279329,0.046522060546789,-0.167525664999639,0.0148408123437736,-7.35011053798169
"Fur_Brown+Mouth_Bored.Unshaven",2,4786,-0.078267057936809,0.0499899030334218,-0.176247267882316,0.0197131520086977,-7.52825595665667
"Fur_Brown+Mouth_Bored.Unshaven",2,4788,-0.0745746410365431,0.0461819628073818,-0.165091288139011,0.0159420060659252,-7.18618057234179
"Fur_Brown+Mouth_Bored.Unshaven",2,4789,-0.0768632450690592,0.0459809095048156,-0.166985827698498,0.0132593375603794,-7.39835177321664
"Fur_Brown+Mouth_Bored.Unshaven",2,4791,-0.0755286531738447,0.046935193785778,-0.16752163299397,0.0164643266462801,-7.27468385926762
"Fur_Brown+Mouth_Bored.Unshaven",2,4793,-0.0743666353619923,0.049152457360307,-0.170705451788194,0.0219721810642094,-7.16687276322678
"Fur_Brown+Mouth_Bored.Unshaven",2,4794,-0.0769310265491176,0.0450286659824556,-0.165187211874731,0.0113251587764954,-7.40462823727287
"Fur_Brown+Mouth_Bored.Unshaven",2,4795,-0.0745340293568213,0.0494781159792297,-0.171511136676111,0.0224430779624689,-7.18241117069309
"Fur_Brown+Mouth_Bored.Unshaven",2,4797,-0.0757766048812686,0.0470705610385903,-0.168034904516906,0.0164816947543684,-7.2976724095832
"Fur_Brown+Mouth_Bored.Unshaven",2,4799,-0.0736205586356982,0.0464117540296403,-0.164587596533793,0.0173464792623968,-7.09758628426554
"Fur_Brown+Mouth_Bored.Unshaven",2,4801,-0.0772630255092698,0.0476254692775904,-0.170608945293347,0.0160828942748073,-7.43536470189354
"Fur_Brown+Mouth_Bored.Unshaven",2,4803,-0.0757611348565151,0.0493586337789854,-0.172504057063326,0.0209817873502962,-7.29623829118777
"Fur_Brown+Mouth_Bored.Unshaven",2,4804,-0.0798315657679996,0.0467319944276211,-0.171426274846137,0.0117631433101378,-7.67281561253312
"Fur_Brown+Mouth_Bored.Unshaven",2,4807,-0.0730986293738307,0.0449179458840696,-0.161137803306607,0.0149405445589456,-7.04908514006701
"Fur_Brown+Mouth_Bored.Unshaven",2,4808,-0.0776542691290211,0.0468933644748743,-0.169565263499775,0.0142567252417325,-7.47157294128533
"Fur_Brown+Mouth_Bored.Unshaven",2,4809,-0.078172555407154,0.046527620817795,-0.169366692210032,0.0130215813957242,-7.51951672998996
"Fur_Brown+Mouth_Bored.Unshaven",2,4810,-0.0729984395452125,0.0475527682955425,-0.166201865404476,0.0202049863140508,-7.03977193730098
"Fur_Brown+Mouth_Bored.Unshaven",2,4811,-0.0747369760785787,0.0415899711408324,-0.15625331951461,0.00677936735745274,-7.20124628474045
"Fur_Brown+Mouth_Bored.Unshaven",2,4815,-0.0761734124114527,0.0465568071343959,-0.167424754394869,0.0150779295719634,-7.33445009392305
"Fur_Brown+Mouth_Bored.Unshaven",2,4817,-0.0726770082240833,0.0489654727605537,-0.168649334834768,0.0232953183866019,-7.00988680563095
"Fur_Brown+Mouth_Bored.Unshaven",2,4818,-0.078369519767642,0.0446646818868555,-0.165912296265879,0.0091732567305948,-7.53773029546434
"Fur_Brown+Mouth_Bored.Unshaven",2,4819,-0.0759577670462486,0.0486864481325292,-0.171383205386006,0.0194676712935087,-7.31446504280734
"Fur_Brown+Mouth_Bored.Unshaven",2,4821,-0.0742154236757676,0.042655636019052,-0.15782047027311,0.00938962292157443,-7.15283424815278
"Fur_Brown+Mouth_Bored.Unshaven",2,4822,-0.076898130073352,0.0446946615043281,-0.164499666621835,0.0107034064751311,-7.40158212576678
"Fur_Brown+Mouth_Bored.Unshaven",2,4825,-0.0751339676402786,0.0474197455031176,-0.168076668826389,0.0178087335458319,-7.23807929522076
"Fur_Brown+Mouth_Bored.Unshaven",2,4826,-0.0792743826088419,0.0431607332288796,-0.163869419737446,0.00532065451976219,-7.62135812596877
"Fur_Brown+Mouth_Bored.Unshaven",2,4830,-0.0736365108915944,0.0459048743939587,-0.163610064703753,0.0163370429205646,-7.09906827552194
"Fur_Brown+Mouth_Bored.Unshaven",2,4831,-0.0770593933924449,0.0464302505670648,-0.168062684503892,0.0139438977190022,-7.41651364999
"Fur_Brown+Mouth_Bored.Unshaven",2,4833,-0.0787992798153375,0.0469200581250707,-0.170762593740476,0.013164034109801,-7.57745834752636
"Fur_Brown+Mouth_Bored.Unshaven",2,4834,-0.0733873494371304,0.04794111021709,-0.167351925462627,0.0205772265883659,-7.07591806030152
"Fur_Brown+Mouth_Bored.Unshaven",2,4835,-0.0796548782153059,0.0464982839510254,-0.170791514759316,0.0114817583287038,-7.65650110703402
"Fur_Brown+Mouth_Bored.Unshaven",2,4837,-0.0771603212737226,0.0455242453960144,-0.166387842249911,0.0120671997024655,-7.42585743357653
"Fur_Brown+Mouth_Bored.Unshaven",2,4838,-0.0780222448895395,0.0455289093835784,-0.167258907281353,0.0112144175022742,-7.50561489591064
"Fur_Brown+Mouth_Bored.Unshaven",2,4839,-0.0729320236811383,0.0451062211504897,-0.161340217136098,0.0154761697738214,-7.03359769839823
"Fur_Brown+Mouth_Bored.Unshaven",2,4841,-0.0785613308398935,0.0465882489068014,-0.169874298697224,0.0127516370174372,-7.5554638817557
"Fur_Brown+Mouth_Bored.Unshaven",2,4843,-0.0767314308287468,0.0437908687500962,-0.162561533578935,0.00909867192144169,-7.38614475279206
"Fur_Brown+Mouth_Bored.Unshaven",2,4844,-0.0775365105901108,0.0434382208278326,-0.162675423412663,0.00760240223244119,-7.4606762873328
"Fur_Brown+Mouth_Bored.Unshaven",2,4845,-0.0771131550151692,0.0417492229514743,-0.158941632000059,0.00471532196972053,-7.42149095465846
"Fur_Brown+Mouth_Bored.Unshaven",2,4846,-0.0763683718970243,0.0468679661625604,-0.168229585575643,0.015492841781594,-7.35251436090563
"Fur_Brown+Mouth_Bored.Unshaven",2,4847,-0.0776116501503833,0.0451186707980345,-0.166044244914531,0.0108209446137643,-7.46762939019466
"Fur_Brown+Mouth_Bored.Unshaven",2,4849,-0.0763583499832668,0.0459126815085204,-0.166347205739967,0.0136305057734331,-7.351585851142
"Fur_Brown+Mouth_Bored.Unshaven",2,4850,-0.0746918890679039,0.0493433996549726,-0.17140495239165,0.0220211742558423,-7.19706217201722
"Fur_Brown+Mouth_Bored.Unshaven",2,4851,-0.0795117434675649,0.0460501790228188,-0.16977009435229,0.01074660741716,-7.64328259762301
"Fur_Brown+Mouth_Bored.Unshaven",2,4852,-0.0759374870090091,0.0469782444714614,-0.168014846173073,0.0161398721550553,-7.31258535764686
"Fur_Brown+Mouth_Bored.Unshaven",2,4853,-0.075207468944682,0.0512363535823356,-0.17563072196606,0.0252157840766957,-7.24489716682722
"Fur_Brown+Mouth_Bored.Unshaven",2,4854,-0.0754958382210315,0.0416358312098701,-0.157102067392377,0.00611039095031383,-7.27164103246903
"Fur_Brown+Mouth_Bored.Unshaven",2,4855,-0.0756405452183785,0.045567929207101,-0.164953686464297,0.0136725960275395,-7.28505850403971
"Fur_Brown+Mouth_Bored.Unshaven",2,4856,-0.0699680024880071,0.0469453889654369,-0.161980964860263,0.0220449598842492,-6.75763453343007
"Fur_Brown+Mouth_Bored.Unshaven",2,4858,-0.0772175263285096,0.0441581088535552,-0.163767419681478,0.00933236702445855,-7.43115299100614
"Fur_Brown+Mouth_Bored.Unshaven",2,4860,-0.0756675165440426,0.0424877383477658,-0.158943483705664,0.00760845061757838,-7.28755911519817
"Fur_Brown+Mouth_Bored.Unshaven",2,4861,-0.0776544948151509,0.0463943306851897,-0.168587382958123,0.0132783933278209,-7.47159382366558
"Fur_Brown+Mouth_Bored.Unshaven",2,4862,-0.0779159467482747,0.0513060238091017,-0.178475753414114,0.0226438599175647,-7.49578239211747
"Fur_Brown+Mouth_Bored.Unshaven",2,4864,-0.0765684616897174,0.0486006952900675,-0.17182582445825,0.0186889010788149,-7.37105032261048
"Fur_Brown+Mouth_Bored.Unshaven",2,4865,-0.0750397089524045,0.0466373453273439,-0.166448905793999,0.0163694878891896,-7.22933526619656
"Fur_Brown+Mouth_Bored.Unshaven",2,4867,-0.0756285718001843,0.0414866210777539,-0.156942349112582,0.00568520551221342,-7.28394838262637
"Fur_Brown+Mouth_Bored.Unshaven",2,4868,-0.0761662672623203,0.0461050413009471,-0.166532148212177,0.0141996136875359,-7.3337879823841
"Fur_Brown+Mouth_Bored.Unshaven",2,4869,-0.0767765385576313,0.0455946201700864,-0.166141994091001,0.0125889169757379,-7.39032225924587
"Fur_Brown+Mouth_Bored.Unshaven",2,4870,-0.0765218075259685,0.0474188402920234,-0.169462734498334,0.0164191194463974,-7.36672869561419
"Fur_Brown+Mouth_Bored.Unshaven",2,4871,-0.0750322339496113,0.0477185508565334,-0.168560593628417,0.0184961257291942,-7.22864180262673
"Fur_Brown+Mouth_Bored.Unshaven",2,4872,-0.0763254445979427,0.0439297721203459,-0.162427797953821,0.00977690875793537,-7.34853716921601
"Fur_Brown+Mouth_Bored.Unshaven",2,4873,-0.0785551130855267,0.0473893636165185,-0.171438265773903,0.0143280396028495,-7.55488908255059
"Fur_Brown+Mouth_Bored.Unshaven",2,4874,-0.0745023435892089,0.0495137487763679,-0.17154929119089,0.0225446040124723,-7.17947012754874
"Fur_Brown+Mouth_Bored.Unshaven",2,4875,-0.078855616129266,0.0441034614384451,-0.165298400548618,0.00758716829008652,-7.58266494618529
"Fur_Brown+Mouth_Bored.Unshaven",2,4876,-0.0766644520989216,0.0499393464899366,-0.174545571219197,0.0212166670213541,-7.37994138665892
"Fur_Brown+Mouth_Bored.Unshaven",2,4877,-0.0733169806616995,0.0490405812642249,-0.16943651993958,0.0228025586161813,-7.0693788763729
"Fur_Brown+Mouth_Bored.Unshaven",2,4878,-0.0732259873424426,0.0463400000901028,-0.164052387519044,0.0176004128341588,-7.06092242596185
"Fur_Brown+Mouth_Bored.Unshaven",2,4880,-0.0823878863446497,0.0434108282739633,-0.167473109761618,0.0026973370723184,-7.90853208197361
"Fur_Brown+Mouth_Bored.Unshaven",2,4881,-0.0759564800436852,0.0476272895569048,-0.169305967575219,0.0173930074878482,-7.3143457562095
"Fur_Brown+Mouth_Bored.Unshaven",2,4882,-0.0744604673528776,0.0468157445135221,-0.166219326599381,0.0172983918936257,-7.17558307171634
"Fur_Brown+Mouth_Bored.Unshaven",2,4884,-0.0773691817705967,0.0459826481912397,-0.167495172225426,0.0127568086842331,-7.44519049596386
"Fur_Brown+Mouth_Bored.Unshaven",2,4885,-0.0760273345093685,0.0502396620908254,-0.174497072207386,0.0224424031886494,-7.32091271606549
"Fur_Brown+Mouth_Bored.Unshaven",2,4886,-0.075790424358885,0.0471916415978022,-0.168286041890577,0.0167051931728074,-7.2989534984723
"Fur_Brown+Mouth_Bored.Unshaven",2,4887,-0.0766048874676837,0.0429646771771248,-0.160815654734848,0.00760587979948095,-7.37442434271366
"Fur_Brown+Mouth_Bored.Unshaven",2,4888,-0.0790254913506572,0.045781966100577,-0.168758144907788,0.0107071622064737,-7.59836302804263
"Fur_Brown+Mouth_Bored.Unshaven",2,4889,-0.0792282148522395,0.0469249222259956,-0.171201062415191,0.0127446327107119,-7.61709311286319
"Fur_Brown+Mouth_Bored.Unshaven",2,4891,-0.076085114317332,0.0470877334545143,-0.16837707188818,0.0162068432535161,-7.3262675412291
"Fur_Brown+Mouth_Bored.Unshaven",2,4893,-0.0718776989138877,0.0507235451695836,-0.171295847446272,0.0275404496184961,-6.9355292290058
"Fur_Brown+Mouth_Bored.Unshaven",2,4895,-0.0763772360005302,0.0459913066616186,-0.166520197057303,0.0137657250562423,-7.35333559416814
"Fur_Brown+Mouth_Bored.Unshaven",2,4896,-0.0785456191363079,0.043656040404709,-0.164111458329537,0.00702022005692164,-7.55401140919573
"Fur_Brown+Mouth_Bored.Unshaven",2,4897,-0.0742745039787057,0.0445577463796792,-0.161607686882877,0.0130586789254655,-7.15831952479485
"Fur_Brown+Mouth_Bored.Unshaven",2,4898,-0.0787368530819347,0.047697917824582,-0.172224772018115,0.0147510658542461,-7.57168853006466
"Fur_Brown+Mouth_Bored.Unshaven",2,4899,-0.0792596334289458,0.0461037764311465,-0.169623035233993,0.0111037683761012,-7.61999560671323
"Fur_Brown+Mouth_Bored.Unshaven",2,4901,-0.0761053537794268,0.0463412425484077,-0.166934189174306,0.0147234816154524,-7.32814318874327
"Fur_Brown+Mouth_Bored.Unshaven",2,4903,-0.0744478393900305,0.0474338718509348,-0.167418228217863,0.0185225494378016,-7.17441088102689
"Fur_Brown+Mouth_Bored.Unshaven",2,4904,-0.0764380355577291,0.046726751803666,-0.168022469092914,0.0151463979774563,-7.35896829910525
"Fur_Brown+Mouth_Bored.Unshaven",2,4905,-0.0728888474182538,0.0421849595039058,-0.155571368045909,0.00979367320940153,-7.02958366991827
"Fur_Brown+Mouth_Bored.Unshaven",2,4906,-0.0766523966286106,0.0486274879068479,-0.171962272926032,0.0186574796688112,-7.37882480156162
"Fur_Brown+Mouth_Bored.Unshaven",2,4909,-0.0778209158287294,0.041092051210453,-0.158361336201217,0.00271950454375848,-7.48699121354609
"Fur_Brown+Mouth_Bored.Unshaven",2,4910,-0.0748522856582002,0.0423669281856765,-0.157891464902126,0.00818689358572572,-7.21194625310447
"Fur_Brown+Mouth_Bored.Unshaven",2,4911,-0.0790455736366619,0.046222223517087,-0.169641131730152,0.0115499844568287,-7.60021864551103
"Fur_Brown+Mouth_Bored.Unshaven",2,4913,-0.0734689728073869,0.046297353681609,-0.16421178602334,0.0172738404085668,-7.08350252750832
"Fur_Brown+Mouth_Bored.Unshaven",2,4914,-0.0797736968319316,0.043713694939726,-0.165452538913795,0.00590514524993149,-7.66747258200621
"Fur_Brown+Mouth_Bored.Unshaven",2,4915,-0.0749386619422717,0.0483308105594441,-0.169667050638782,0.0197897267542388,-7.21996059426387
"Fur_Brown+Mouth_Bored.Unshaven",2,4916,-0.0742186805402756,0.0456266968751305,-0.163647006415531,0.0152096453349801,-7.15313663829917
"Fur_Brown+Mouth_Bored.Unshaven",2,4917,-0.0761233421836235,0.0467249957002801,-0.167704333756173,0.0154576493889255,-7.32981019256784
"Fur_Brown+Mouth_Bored.Unshaven",2,4918,-0.0746847103526338,0.0458452197906807,-0.164541341142368,0.0151719204371004,-7.19639596375907
"Fur_Brown+Mouth_Bored.Unshaven",2,4920,-0.0772520921075145,0.0441908416591367,-0.163866141759422,0.00936195754439345,-7.43435265001491
"Fur_Brown+Mouth_Bored.Unshaven",2,4921,-0.076978561720372,0.0464836880959082,-0.168086590388352,0.014129466947608,-7.40902966951474
"Fur_Brown+Mouth_Bored.Unshaven",2,4922,-0.0765141616400816,0.045702011194815,-0.166090103581919,0.0130617803017557,-7.36602042948481
"Fur_Brown+Mouth_Bored.Unshaven",2,4924,-0.072743700285614,0.0475342862733478,-0.165910901381376,0.0204235008101476,-7.0160883011843
"Fur_Brown+Mouth_Bored.Unshaven",2,4926,-0.0760603414927034,0.0468537401383715,-0.167893672163912,0.0157729891785047,-7.3239717226704
"Fur_Brown+Mouth_Bored.Unshaven",2,4927,-0.0732755987463158,0.0446003219667012,-0.16069222980105,0.0141410323084186,-7.06553314970179
"Fur_Brown+Mouth_Bored.Unshaven",2,4929,-0.0774732722762755,0.0452680611061496,-0.166198672044329,0.0112521274917776,-7.45482407149758
"Fur_Brown+Mouth_Bored.Unshaven",2,4930,-0.0748428844644764,0.0445678630695334,-0.162195896080762,0.012510127151809,-7.21107393053552
"Fur_Brown+Mouth_Bored.Unshaven",2,4931,-0.0761353247192006,0.0456543113491342,-0.165617774963504,0.0133471255251024,-7.33092060976134
"Fur_Brown+Mouth_Bored.Unshaven",2,4932,-0.0753948034805963,0.0484670219060764,-0.170390166416506,0.0196005594553135,-7.26227177348741
"Fur_Brown+Mouth_Bored.Unshaven",2,4934,-0.077532017420053,0.0461641204390029,-0.168013693480499,0.0129496586403928,-7.4602604914802
"Fur_Brown+Mouth_Bored.Unshaven",2,4938,-0.0741416521693356,0.0442903978964856,-0.160950832046447,0.0126675277077763,-7.14598452021307
"Fur_Brown+Mouth_Bored.Unshaven",2,4939,-0.0754362128485966,0.049033249132727,-0.171541381148742,0.0206689554515485,-7.2661119046938
"Fur_Brown+Mouth_Bored.Unshaven",2,4940,-0.075300301524539,0.0453892446147734,-0.164263220969495,0.0136626179204169,-7.25350746265395
"Fur_Brown+Mouth_Bored.Unshaven",2,4941,-0.081017563016527,0.0474318841146908,-0.173984055881321,0.0119489298482669,-7.7822504916207
"Fur_Brown+Mouth_Bored.Unshaven",2,4942,-0.0754402007124702,0.0455823689827444,-0.164781643918649,0.0139012424937089,-7.26648171407862
"Fur_Brown+Mouth_Bored.Unshaven",2,4943,-0.0748052059243625,0.0446526500009423,-0.162324399926209,0.0127139880774845,-7.20757771339672
"Fur_Brown+Mouth_Bored.Unshaven",2,4944,-0.0741062594857799,0.0497062058572851,-0.171530422966059,0.023317903994499,-7.1426981092692
"Fur_Brown+Mouth_Bored.Unshaven",2,4945,-0.07179903838592,0.0519368915880015,-0.173595345898403,0.0299972691265629,-6.92820844067515
"Fur_Brown+Mouth_Bored.Unshaven",2,4947,-0.0760908471377014,0.0488840912816931,-0.17190366604982,0.019721971774417,-7.32679882156738
"Fur_Brown+Mouth_Bored.Unshaven",2,4948,-0.0788436147633159,0.0469119032809783,-0.170790945194033,0.0131037156674016,-7.5815558052716
"Fur_Brown+Mouth_Bored.Unshaven",2,4949,-0.0747863385851599,0.0467787320757253,-0.166472653453581,0.0168999762832617,-7.20582695077394
"Fur_Brown+Mouth_Bored.Unshaven",2,4952,-0.0779144308255954,0.0425361067902578,-0.161285200134501,0.00545633848330991,-7.49564216276978
"Fur_Brown+Mouth_Bored.Unshaven",2,4953,-0.0757508073931685,0.0489957724577383,-0.171782521410336,0.0202809066239986,-7.29528089154289
"Fur_Brown+Mouth_Bored.Unshaven",2,4954,-0.0786365650455097,0.0482749463385348,-0.173255459869038,0.0159823297780185,-7.56241861137406
"Fur_Brown+Mouth_Bored.Unshaven",2,4956,-0.0743833423908104,0.0427700215561808,-0.158212584640925,0.00944589985930396,-7.16842371600287
"Fur_Brown+Mouth_Bored.Unshaven",2,4957,-0.0750813436288786,0.0455354272448017,-0.16433078102869,0.0141680937709327,-7.23319766240368
"Fur_Brown+Mouth_Bored.Unshaven",2,4958,-0.0734718234127536,0.0483893915054613,-0.168315030763458,0.0213713839379505,-7.08376739539717
"Fur_Brown+Mouth_Bored.Unshaven",2,4959,-0.0770207808852877,0.0515236052674275,-0.178007047209446,0.0239654854388701,-7.41293870044223
"Fur_Brown+Mouth_Bored.Unshaven",2,4961,-0.0734244234002732,0.0479874877566915,-0.167479899403389,0.020631052602842,-7.07936306043013
"Fur_Brown+Mouth_Bored.Unshaven",2,4968,-0.0734966056143622,0.0476882499079035,-0.166965575433853,0.0199723642051287,-7.08607003567392
"Fur_Brown+Mouth_Bored.Unshaven",2,4969,-0.0768389923936368,0.0489550805579823,-0.172790950287282,0.0191129655000085,-7.3961059082646
"Fur_Brown+Mouth_Bored.Unshaven",2,4971,-0.0801173597367962,0.0428556489954536,-0.164114431767885,0.00387971229429282,-7.69919839478743
"Fur_Brown+Mouth_Bored.Unshaven",2,4972,-0.0762939377772961,0.0447460375741885,-0.163996171422706,0.0114082958681133,-7.34561797020685
"Fur_Brown+Mouth_Bored.Unshaven",2,4973,-0.0755078454206329,0.0451793995419229,-0.164059468522802,0.0130437776815359,-7.27275443369944
"Fur_Brown+Mouth_Bored.Unshaven",2,4978,-0.0736327183149991,0.04743652528877,-0.166608307880988,0.0193428712509902,-7.09871594095447
"Fur_Brown+Mouth_Bored.Unshaven",2,4979,-0.0754284294465894,0.0437526773968584,-0.161183677144432,0.0103268182512531,-7.26539011675408
"Fur_Brown+Mouth_Bored.Unshaven",2,4980,-0.0725144964329066,0.0463114604132531,-0.163284958842883,0.0182559659770694,-6.99477358776921
"Fur_Brown+Mouth_Bored.Unshaven",2,4981,-0.075851413262615,0.0426725060535392,-0.159489525127552,0.00778669860232178,-7.30460706126901
"Fur_Brown+Mouth_Bored.Unshaven",2,4984,-0.0762663033490342,0.0484421781959243,-0.171212972613046,0.0186803659149774,-7.34305748395487
"Fur_Brown+Mouth_Bored.Unshaven",2,4985,-0.0763167417513549,0.0490850864526306,-0.172523511198511,0.0198900276958011,-7.34773083424015
"Fur_Brown+Mouth_Bored.Unshaven",2,4986,-0.0774416156396362,0.0473706968887702,-0.170288181541626,0.0154049502623533,-7.45189435611826
"Fur_Brown+Mouth_Bored.Unshaven",2,4988,-0.0769562257403584,0.0492379424787632,-0.173462592998734,0.0195501415180175,-7.40696153635518
"Fur_Brown+Mouth_Bored.Unshaven",2,4989,-0.0761916861830526,0.0475833781640289,-0.169455107384549,0.0170717350184441,-7.33614342754537
"Fur_Brown+Mouth_Bored.Unshaven",2,4990,-0.0760117581771112,0.0516164578701752,-0.177180015602655,0.0251564992484321,-7.31946910456559
"Fur_Brown+Mouth_Bored.Unshaven",2,4991,-0.0764814972082609,0.0509746555985568,-0.176391822181432,0.0234288277649104,-7.36299454375569
"Fur_Brown+Mouth_Bored.Unshaven",2,4992,-0.0762176265291917,0.0498007686875821,-0.173827133156853,0.0213918800984691,-7.33854712888289
"Fur_Brown+Mouth_Bored.Unshaven",2,4993,-0.0744288035061834,0.0487520976210298,-0.169982914843402,0.0211253078310351,-7.17264384707591
"Fur_Brown+Mouth_Bored.Unshaven",2,4994,-0.0767158800899045,0.0447357506011954,-0.164397951268247,0.0109661910884385,-7.38470452771767
"Fur_Brown+Mouth_Bored.Unshaven",2,4995,-0.076418072011546,0.0451976297529524,-0.165005426327333,0.0121692823042408,-7.3571188371296
"Fur_Brown+Mouth_Bored.Unshaven",2,4996,-0.0784284711660161,0.0425290246724208,-0.161785359523961,0.0049284171919287,-7.54318091489787
"Fur_Brown+Mouth_Bored.Unshaven",2,4997,-0.0760484228143732,0.0425565066513575,-0.159459175851034,0.0073623302222876,-7.32286714031787
"Fur_Brown+Mouth_Bored.Unshaven",2,4998,-0.0757450945851036,0.0453897962637617,-0.164709095262076,0.0132189060918693,-7.29475128576315
"Fur_Brown+Mouth_Bored.Unshaven",2,4999,-0.074517354220942,0.0508452744295668,-0.174174092102893,0.025139383661009,-7.18086341188285
"Fur_Brown+Mouth_Bored.Unshaven",2,5000,-0.0726977713277764,0.0472529702134915,-0.16531359294622,0.019918050290667,-7.01181754894945
"Fur_Brown+Mouth_Bored.Unshaven",2,5001,-0.0758356662371448,0.0490831386447982,-0.172038617980949,0.0203672855066597,-7.30314737306259
"Fur_Brown+Mouth_Bored.Unshaven",2,5004,-0.0765695332216757,0.0473893390214567,-0.169452637703731,0.0163135712603796,-7.37114957743715
"Fur_Brown+Mouth_Bored.Unshaven",2,5007,-0.0766394401764166,0.0453084845801166,-0.165444069953445,0.0121651896006119,-7.37762475195884
"Fur_Brown+Mouth_Bored.Unshaven",2,5008,-0.0766723133882286,0.0505442202879537,-0.175738985152618,0.0223943583761605,-7.38066949687336
"Fur_Brown+Mouth_Bored.Unshaven",2,5009,-0.0769208870211582,0.0455518528830202,-0.166202518671878,0.0123607446295614,-7.40368935915209
"Fur_Brown+Mouth_Bored.Unshaven",2,5010,-0.0744806921285556,0.048342317877423,-0.169231635168305,0.0202702509111936,-7.17746040574175
"Fur_Brown+Mouth_Bored.Unshaven",2,5011,-0.0739284051468524,0.0502187278202106,-0.172357111674465,0.0245003013807603,-7.12618156650098
"Fur_Brown+Mouth_Bored.Unshaven",2,5012,-0.0735095880748426,0.0479949522744853,-0.167579694532834,0.0205605183831486,-7.08727627926774
"Fur_Brown+Mouth_Bored.Unshaven",2,5013,-0.0755637565973446,0.0502052818088413,-0.173966108942674,0.0228385957479844,-7.27793877817953
"Fur_Brown+Mouth_Bored.Unshaven",2,5014,-0.0764853228172313,0.048183163962507,-0.170924324183745,0.0179536785492823,-7.36334893603687
"Fur_Brown+Mouth_Bored.Unshaven",2,5016,-0.0784590387160037,0.0449182348257944,-0.166498778974561,0.00958070154255336,-7.54600705014271
"Fur_Brown+Mouth_Bored.Unshaven",2,5017,-0.0746195776391444,0.048242477223207,-0.16917483299663,0.0199356777183413,-7.19035121635333
"Fur_Brown+Mouth_Bored.Unshaven",2,5019,-0.0762620178771319,0.0440588342301381,-0.162617332968203,0.0100932972139388,-7.34266040438033
"Fur_Brown+Mouth_Bored.Unshaven",2,5020,-0.0763595169036587,0.0486098716014136,-0.171634865242429,0.018915831435112,-7.35169396440266
"Fur_Brown+Mouth_Bored.Unshaven",2,5022,-0.0773023295731032,0.0460116781594191,-0.167485218765565,0.0128805596193583,-7.43900279673159
"Fur_Brown+Mouth_Bored.Unshaven",2,5023,-0.0783499856305861,0.0479279855100531,-0.17228883723029,0.015588865969118,-7.53592410717432
"Fur_Brown+Mouth_Bored.Unshaven",2,5024,-0.0742621988220961,0.0472836206652775,-0.16693809532604,0.0184136976818478,-7.15717708634778
"Fur_Brown+Mouth_Bored.Unshaven",2,5025,-0.0775575940710645,0.044153331028519,-0.164098122886962,0.00898293474483271,-7.46262731783444
"Fur_Brown+Mouth_Bored.Unshaven",2,5026,-0.0747600763095795,0.0452670987816066,-0.163483589921528,0.0139634373023694,-7.20338993262838
"Fur_Brown+Mouth_Bored.Unshaven",2,5027,-0.0765248708278325,0.0515581652353966,-0.17757887468921,0.0245291330335448,-7.36701245885222
"Fur_Brown+Mouth_Bored.Unshaven",2,5029,-0.0790516214674353,0.0493724612062089,-0.175821645431605,0.0177184024967341,-7.60077746206234
"Fur_Brown+Mouth_Bored.Unshaven",2,5030,-0.0746986401664839,0.0446089175831017,-0.162132118629363,0.0127348382963954,-7.19768869168416
"Fur_Brown+Mouth_Bored.Unshaven",2,5032,-0.0740849792285902,0.0476053854089928,-0.167391534630216,0.0192215761730357,-7.14072206097769
"Fur_Brown+Mouth_Bored.Unshaven",2,5034,-0.0758871424400094,0.0486789020503574,-0.17129779045871,0.0195235055786912,-7.3079189322414
"Fur_Brown+Mouth_Bored.Unshaven",2,5035,-0.071859159848061,0.0485874736692095,-0.167090608239712,0.0233722885435896,-6.93380388466296
"Fur_Brown+Mouth_Bored.Unshaven",2,5037,-0.0739988949828573,0.0417177441495875,-0.155765673516049,0.00776788355033423,-7.13272799600042
"Fur_Brown+Mouth_Bored.Unshaven",2,5038,-0.0744539351110332,0.0463328962063828,-0.165266411675543,0.0163585414534771,-7.17497671819548
"Fur_Brown+Mouth_Bored.Unshaven",2,5040,-0.0745151280931219,0.0508263407144273,-0.174134755893399,0.0251044997071556,-7.18065678439067
"Fur_Brown+Mouth_Bored.Unshaven",2,5041,-0.0733540662490153,0.0461696322449707,-0.163846545449158,0.0171384129511273,-7.07282519913205
"Fur_Brown+Mouth_Bored.Unshaven",2,5042,-0.0756294155410091,0.0471596125777351,-0.16806225619337,0.0168034251113517,-7.28402661091123
"Fur_Brown+Mouth_Bored.Unshaven",2,5044,-0.0763569778370791,0.0456005706516579,-0.165734096314329,0.0130201406401703,-7.3514587238865
"Fur_Brown+Mouth_Bored.Unshaven",2,5045,-0.0734202400069076,0.0481901404821891,-0.167872915351998,0.021032435338183,-7.07897433604094
"Fur_Brown+Mouth_Bored.Unshaven",2,5046,-0.0790925794004544,0.0476745214480552,-0.172534641438643,0.0143494826377338,-7.60456186572885
"Fur_Brown+Mouth_Bored.Unshaven",2,5047,-0.0750543137777832,0.045940933406539,-0.1650985432546,0.0149899156990332,-7.23069015566128
"Fur_Brown+Mouth_Bored.Unshaven",2,5050,-0.0759239456950105,0.0462858428285668,-0.166644197639002,0.0147963062489805,-7.31133023976352
"Fur_Brown+Mouth_Bored.Unshaven",2,5051,-0.0764254477281395,0.0501472471956197,-0.174714052231554,0.021863156775275,-7.35780214224553
"Fur_Brown+Mouth_Bored.Unshaven",2,5053,-0.0782735861581332,0.0479302002926628,-0.172216778731752,0.0156696064154857,-7.52885963069757
"Fur_Brown+Mouth_Bored.Unshaven",2,5056,-0.0762950057165024,0.0477514047535249,-0.169887759033411,0.0172977476004065,-7.34571691940122
"Fur_Brown+Mouth_Bored.Unshaven",2,5058,-0.0754960873179762,0.0500299065865592,-0.173554704227632,0.0225625295916798,-7.27166413081706
"Fur_Brown+Mouth_Bored.Unshaven",2,5059,-0.0777670291867662,0.0430716164360132,-0.162187397401352,0.00665333902781971,-7.48200586384401
"Fur_Brown+Mouth_Bored.Unshaven",2,5062,-0.0749691074265904,0.0421649498727025,-0.157612409177087,0.00767419432390637,-7.22278528449895
"Fur_Brown+Mouth_Bored.Unshaven",2,5063,-0.0759325434300217,0.0487894073423398,-0.171559781821008,0.0196946949609643,-7.31212714895885
"Fur_Brown+Mouth_Bored.Unshaven",2,5065,-0.0775516897989973,0.0463678098302886,-0.168432597066363,0.0133292174683684,-7.46208095039679
"Fur_Brown+Mouth_Bored.Unshaven",2,5066,-0.0720518784874397,0.0479487523804114,-0.166031433153046,0.0219276761781666,-6.95173774720016
"Fur_Brown+Mouth_Bored.Unshaven",2,5067,-0.0746023258134944,0.0469215035742077,-0.166568472818942,0.0173638211919528,-7.18875006666253
"Fur_Brown+Mouth_Bored.Unshaven",2,5068,-0.0772980599488264,0.0486507565546908,-0.17265354279602,0.0180574228983676,-7.43860759520717
"Fur_Brown+Mouth_Bored.Unshaven",2,5070,-0.073325694939118,0.048225842513392,-0.167848346265366,0.0211969563871303,-7.07018869605754
"Fur_Brown+Mouth_Bored.Unshaven",2,5071,-0.0760797246725742,0.0447647169428572,-0.163818569880574,0.011659120535426,-7.32576806138676
"Fur_Brown+Mouth_Bored.Unshaven",2,5072,-0.0793366734682257,0.0474511442963845,-0.172340916289139,0.0136675693526879,-7.62711229174199
"Fur_Brown+Mouth_Bored.Unshaven",2,5076,-0.0771041940087248,0.0457658562084648,-0.166805272177316,0.0125968841598662,-7.42066135432528
"Fur_Brown+Mouth_Bored.Unshaven",2,5077,-0.0774134230867266,0.0470931920694479,-0.169716079542844,0.0148892333693913,-7.44928515197332
"Fur_Brown+Mouth_Bored.Unshaven",2,5078,-0.0742542078014526,0.0474397618772542,-0.167236141080871,0.0187277254779657,-7.15643517446896
"Fur_Brown+Mouth_Bored.Unshaven",2,5079,-0.0733757015637918,0.0495439479789816,-0.170481839602596,0.023730436475012,-7.07483568606132
"Fur_Brown+Mouth_Bored.Unshaven",2,5082,-0.0794204332980307,0.0458789011150951,-0.169343079483617,0.0105022128875557,-7.63484910507343
"Fur_Brown+Mouth_Bored.Unshaven",2,5083,-0.0750231659202328,0.0471883084143396,-0.167512250412338,0.0174659185718728,-7.22780054541085
"Fur_Brown+Mouth_Bored.Unshaven",2,5084,-0.0733311027800661,0.0483633969670212,-0.168123360835428,0.0214611552752954,-7.07069124433756
"Fur_Brown+Mouth_Bored.Unshaven",2,5085,-0.0754689182295232,0.0499200737742086,-0.173312262826972,0.0223744263679256,-7.26914475223327
"Fur_Brown+Mouth_Bored.Unshaven",2,5086,-0.0760867681086272,0.0466328707007122,-0.167487194682023,0.0153136584647687,-7.32642080411441
"Fur_Brown+Mouth_Bored.Unshaven",2,5088,-0.0745594613854382,0.0431716447492436,-0.159175885093956,0.0100569623230793,-7.18477168025195
"Fur_Brown+Mouth_Bored.Unshaven",2,5090,-0.0745395613775322,0.0426825608734532,-0.1581973806895,0.0091182579344361,-7.18292463809657
"Fur_Brown+Mouth_Bored.Unshaven",2,5091,-0.0744210670135602,0.0428030920524219,-0.158315127436307,0.00947299340918663,-7.17192568614178
"Fur_Brown+Mouth_Bored.Unshaven",2,5092,-0.0747328023865413,0.0493722288324621,-0.171502370898167,0.0220367661250844,-7.20085897051272
"Fur_Brown+Mouth_Bored.Unshaven",2,5094,-0.0734428546401903,0.0439771347486381,-0.159638038747521,0.0127523294671404,-7.08107568719986
"Fur_Brown+Mouth_Bored.Unshaven",2,5096,-0.0768907382362738,0.0449489837188894,-0.164990746325297,0.0112092698527493,-7.40089765081841
"Fur_Brown+Mouth_Bored.Unshaven",2,5097,-0.0756822080284753,0.0444078997177228,-0.162721691475212,0.0113572754182614,-7.28892118857469
"Fur_Brown+Mouth_Bored.Unshaven",2,5098,-0.073850657294167,0.0484097437060283,-0.168733754957982,0.0210324403696485,-7.11896054584129
"Fur_Brown+Mouth_Bored.Unshaven",2,5099,-0.0744354273423593,0.045298825562726,-0.163221125445302,0.0143502707605837,-7.17325871823931
"Fur_Brown+Mouth_Bored.Unshaven",2,5100,-0.0773029313842787,0.0453547496224075,-0.166198240644197,0.0115923778756401,-7.43905850095735
"Fur_Brown+Mouth_Bored.Unshaven",2,5101,-0.0749032490674902,0.0455549346161101,-0.164190920915066,0.0143844227800856,-7.21667492816908
"Fur_Brown+Mouth_Bored.Unshaven",2,5102,-0.0753782706304437,0.0475829923918158,-0.168640935718403,0.0178843944575153,-7.26073854184883
"Fur_Brown+Mouth_Bored.Unshaven",2,5103,-0.0749926396264808,0.0477228016803677,-0.168529330920001,0.0185440516670399,-7.22496851077273
"Fur_Brown+Mouth_Bored.Unshaven",2,5104,-0.072506345897348,0.0485426493277134,-0.167649938579666,0.0226372467849703,-6.99401554227497
"Fur_Brown+Mouth_Bored.Unshaven",2,5107,-0.0771829081140719,0.0447516414077999,-0.16489612527336,0.0105303090452159,-7.42794836734127
"Fur_Brown+Mouth_Bored.Unshaven",2,5108,-0.0766137420084356,0.0473667532665148,-0.169452578410805,0.0162250943939335,-7.37524449601694
"Fur_Brown+Mouth_Bored.Unshaven",2,5111,-0.0770822904346552,0.0427061828063997,-0.160786408735199,0.00662182786588826,-7.41863351371553
"Fur_Brown+Mouth_Bored.Unshaven",2,5112,-0.076128161353024,0.044999506910366,-0.164327194897341,0.0120708721912934,-7.3302567848348
"Fur_Brown+Mouth_Bored.Unshaven",2,5114,-0.0741553615923286,0.0462263122945334,-0.164758933689614,0.0164482105049568,-7.14725748646204
"Fur_Brown+Mouth_Bored.Unshaven",2,5115,-0.0721315527871993,0.0491294665734117,-0.168425307271086,0.0241622016966876,-6.95915100701193
"Fur_Brown+Mouth_Bored.Unshaven",2,5116,-0.076497841873722,0.0501611509528477,-0.174813697741304,0.0218180139938595,-7.36450865224536
"Fur_Brown+Mouth_Bored.Unshaven",2,5117,-0.077281604365969,0.0465921491458673,-0.168602216691869,0.0140390079599309,-7.43708443101281
"Fur_Brown+Mouth_Bored.Unshaven",2,5120,-0.0767362677874224,0.0465399875233389,-0.167954643333167,0.0144821077583219,-7.38659272109927
"Fur_Brown+Mouth_Bored.Unshaven",2,5121,-0.0774187661775634,0.0497665386426115,-0.174961181917082,0.0201236495619552,-7.44977965752867
"Fur_Brown+Mouth_Bored.Unshaven",2,5122,-0.0756219156955731,0.0458485801650682,-0.165485132819107,0.0142413014279606,-7.28333125283382
"Fur_Brown+Mouth_Bored.Unshaven",2,5124,-0.0757934151445638,0.0471872039917839,-0.16828033496846,0.0166935046793326,-7.29923074702
"Fur_Brown+Mouth_Bored.Unshaven",2,5125,-0.0805196665701526,0.0463685922385515,-0.171402107357714,0.0103627742174084,-7.73632416952031
"Fur_Brown+Mouth_Bored.Unshaven",2,5128,-0.0744430265993098,0.0516508343685879,-0.175678661961742,0.0267926087631225,-7.17396412981788
"Fur_Brown+Mouth_Bored.Unshaven",2,5129,-0.0741979517064979,0.0492648188710265,-0.17075699669371,0.0223610932807141,-7.1512120111542
"Fur_Brown+Mouth_Bored.Unshaven",2,5130,-0.0782008090545244,0.044371624957031,-0.165169193970305,0.00876757586125637,-7.52212960404113
"Fur_Brown+Mouth_Bored.Unshaven",2,5131,-0.0779222755860342,0.0442395022305099,-0.164631699957834,0.00878714878576527,-7.49636783445019
"Fur_Brown+Mouth_Bored.Unshaven",2,5132,-0.0772718051466769,0.046557064564774,-0.168523651693634,0.0139800414002802,-7.43617738226065
"Fur_Brown+Mouth_Bored.Unshaven",2,5133,-0.072416076318583,0.0500544602611263,-0.17052281843039,0.0256906657932245,-6.9856195522898
"Fur_Brown+Mouth_Bored.Unshaven",2,5134,-0.0782305586643028,0.0442163978614987,-0.16489469847284,0.00843358114423465,-7.52488074367568
"Fur_Brown+Mouth_Bored.Unshaven",2,5136,-0.0771469537121055,0.0428909115535253,-0.161213140357015,0.00691923293280421,-7.42461993475048
"Fur_Brown+Mouth_Bored.Unshaven",2,5137,-0.0808349991057674,0.0514677752677524,-0.181711838630562,0.0200418404190273,-7.76541332174597
"Fur_Brown+Mouth_Bored.Unshaven",2,5138,-0.0774362616211014,0.0500048410536521,-0.17544575008626,0.0205732268440568,-7.45139885051881
"Fur_Brown+Mouth_Bored.Unshaven",2,5140,-0.0738144721887679,0.0496620131988069,-0.17115201805843,0.0235230736808936,-7.11559957483089
"Fur_Brown+Mouth_Bored.Unshaven",2,5141,-0.0824113753981995,0.0489683303659448,-0.178389302915451,0.0135665521190523,-7.91069519799014
"Fur_Brown+Mouth_Bored.Unshaven",2,5142,-0.0778062424815165,0.0442273426422789,-0.164491834060383,0.00887934909735008,-7.48563372808705
"Fur_Brown+Mouth_Bored.Unshaven",2,5143,-0.0711430932379531,0.0457384551456538,-0.160790465323435,0.0185042788475283,-6.86713842348818
"Fur_Brown+Mouth_Bored.Unshaven",2,5145,-0.0782285437866228,0.043357717242708,-0.16320966958233,0.00675258200908486,-7.52469441743422
"Fur_Brown+Mouth_Bored.Unshaven",2,5146,-0.0717346039175682,0.0449951979074655,-0.1599251918162,0.0164559839810641,-6.92221121605556
"Fur_Brown+Mouth_Bored.Unshaven",2,5147,-0.0737550031870422,0.0424929182185409,-0.157041122895382,0.00953111652129805,-7.11007566801273
"Fur_Brown+Mouth_Bored.Unshaven",2,5150,-0.0811004746724309,0.0485912125378735,-0.176339251246663,0.0141383019018012,-7.78989610097672
"Fur_Brown+Mouth_Bored.Unshaven",2,5151,-0.0751445351781931,0.0486306947501329,-0.170460696888454,0.0201716265320675,-7.23905955515535
"Fur_Brown+Mouth_Bored.Unshaven",2,5153,-0.0781602618881649,0.0442798765088771,-0.164948819845564,0.00862829606923425,-7.51837981242441
"Fur_Brown+Mouth_Bored.Unshaven",2,5154,-0.0754548843801903,0.0454500420800601,-0.164536966857108,0.0136271980967276,-7.26784337225055
"Fur_Brown+Mouth_Bored.Unshaven",2,5155,-0.0709560512216049,0.0460281270801376,-0.161171180298674,0.0192590778554648,-6.8497170360557
"Fur_Brown+Mouth_Bored.Unshaven",2,5158,-0.0723948148930024,0.0475627187250763,-0.165617743594152,0.0208281138081471,-6.98364191293835
"Fur_Brown+Mouth_Bored.Unshaven",2,5160,-0.081396645296995,0.0421378684157678,-0.1639868673919,0.00119357679790991,-7.81720198124021
"Fur_Brown+Mouth_Bored.Unshaven",2,5162,-0.0769718671721176,0.0464350304843384,-0.167984526921421,0.0140407925771858,-7.40840981272111
"Fur_Brown+Mouth_Bored.Unshaven",2,5163,-0.0706618237816533,0.0477945294929693,-0.164339101587873,0.0230154540245666,-6.82230563437294
"Fur_Brown+Mouth_Bored.Unshaven",2,5164,-0.0790885319747795,0.0453564962904134,-0.16798726470399,0.00981020075443075,-7.6041879013035
"Fur_Brown+Mouth_Bored.Unshaven",2,5165,-0.0781532000492465,0.0470801452407829,-0.170430284721181,0.014123884622688,-7.51772671981372
"Fur_Brown+Mouth_Bored.Unshaven",2,5166,-0.076169517415336,0.0519456724521809,-0.177983035421611,0.0256440005909386,-7.3340891612631
"Fur_Brown+Mouth_Bored.Unshaven",2,5168,-0.0790837537642491,0.0495214024571499,-0.176145702580263,0.0179781950517648,-7.60374641360642
"Fur_Brown+Mouth_Bored.Unshaven",2,5169,-0.074490407406849,0.0428296766908953,-0.158436573721004,0.00945575890730574,-7.17836219816523
"Fur_Brown+Mouth_Bored.Unshaven",2,5170,-0.0787205916479676,0.0446730138419541,-0.166279698778198,0.0088385154822625,-7.57018550096032
"Fur_Brown+Mouth_Bored.Unshaven",2,5174,-0.074370903240978,0.0455944814452173,-0.163736086873604,0.0149942803916479,-7.16726896293424
"Fur_Brown+Mouth_Bored.Unshaven",2,5176,-0.0776605212506025,0.0457167570273024,-0.167265365024115,0.0119443225229102,-7.47215143845262
"Fur_Brown+Mouth_Bored.Unshaven",2,5177,-0.0751862548207471,0.0473436880368006,-0.167979883372876,0.017607373731382,-7.24292942770827
"Fur_Brown+Mouth_Bored.Unshaven",2,5178,-0.0774797244396583,0.0456907277184146,-0.167033550767751,0.0120741018884344,-7.45542118616661
"Fur_Brown+Mouth_Bored.Unshaven",2,5179,-0.0763950198261262,0.0467248288117868,-0.167975684297228,0.0151856446449759,-7.35498319163965
"Fur_Brown+Mouth_Bored.Unshaven",2,5180,-0.0778781339590102,0.045375017880152,-0.166813169004108,0.0110569010860876,-7.49228448349856
"Fur_Brown+Mouth_Bored.Unshaven",2,5181,-0.0757733407710521,0.0468196427176996,-0.167539840497743,0.0159931589556391,-7.29736981847476
"Fur_Brown+Mouth_Bored.Unshaven",2,5183,-0.0744485491048304,0.0436952459374708,-0.160091231142273,0.0111941329326124,-7.17447676069792
"Fur_Brown+Mouth_Bored.Unshaven",2,5185,-0.0775344771953085,0.0470657606770679,-0.169783368122362,0.0147144137317446,-7.46048811816165
"Fur_Brown+Mouth_Bored.Unshaven",2,5186,-0.0740537211547686,0.0490455506668022,-0.170183000461701,0.0220755581521637,-7.13781941344751
"Fur_Brown+Mouth_Bored.Unshaven",2,5187,-0.0731094635185738,0.0444278427270112,-0.160188035263516,0.0139691082263681,-7.05009217827739
"Fur_Brown+Mouth_Bored.Unshaven",2,5188,-0.0753070174612313,0.0418320089747776,-0.157297755051795,0.00668372012933278,-7.25413034013466
"Fur_Brown+Mouth_Bored.Unshaven",2,5189,-0.0778121700906871,0.0450101745822242,-0.166032112271846,0.0104077720904722,-7.48618211546767
"Fur_Brown+Mouth_Bored.Unshaven",2,5190,-0.0749162673370739,0.0435285996545864,-0.160232322660063,0.0103997879859155,-7.21788279864553
"Fur_Brown+Mouth_Bored.Unshaven",2,5191,-0.0751695960132502,0.0496377467177258,-0.172459579579993,0.0221203875534924,-7.24138419265478
"Fur_Brown+Mouth_Bored.Unshaven",2,5193,-0.0783068190946025,0.0456998277514975,-0.167878481487538,0.0112648432983327,-7.53193266716741
"Fur_Brown+Mouth_Bored.Unshaven",2,5194,-0.0758295465475286,0.0497856327903291,-0.173409386816574,0.0217502937215164,-7.30258009536033
"Fur_Brown+Mouth_Bored.Unshaven",2,5195,-0.075107076318504,0.0462675966469493,-0.165791565746525,0.0155774131095166,-7.23558477102227
"Fur_Brown+Mouth_Bored.Unshaven",2,5196,-0.0783101935716939,0.041949121085483,-0.16053047089924,0.00391008375585276,-7.53224469801583
"Fur_Brown+Mouth_Bored.Unshaven",2,5197,-0.0746052496530335,0.0500665256567202,-0.172735639940205,0.0235251406341381,-7.18902143146806
"Fur_Brown+Mouth_Bored.Unshaven",2,5199,-0.074634688853791,0.0425451096792977,-0.158023103825215,0.00875372611763245,-7.19175367228094
"Fur_Brown+Mouth_Bored.Unshaven",2,5203,-0.0733346841492544,0.0460090748762213,-0.163512470906648,0.0168431026081392,-7.07102405790466
"Fur_Brown+Mouth_Bored.Unshaven",2,5204,-0.0749169808539484,0.0502334745157557,-0.17337459090483,0.0235406291969327,-7.21794900022819
"Fur_Brown+Mouth_Bored.Unshaven",2,5205,-0.0754483670012808,0.0425982519186566,-0.158940940761848,0.00804420675928624,-7.26723899967925
"Fur_Brown+Mouth_Bored.Unshaven",2,5206,-0.0734488477617042,0.0465538347589885,-0.164694363889322,0.0177966683659132,-7.08163255993549
"Fur_Brown+Mouth_Bored.Unshaven",2,5207,-0.0750301745224583,0.0451910637056805,-0.163604659385592,0.0135443103406755,-7.22845074657591
"Fur_Brown+Mouth_Bored.Unshaven",2,5208,-0.0787905385470195,0.041387701830012,-0.159910434133843,0.00232935703980408,-7.57665045376014
"Fur_Brown+Mouth_Bored.Unshaven",2,5209,-0.0770127020965665,0.0457901616786879,-0.166761418986795,0.0127360147936618,-7.41219070611423
"Fur_Brown+Mouth_Bored.Unshaven",2,5210,-0.0770966219959466,0.0427157454729559,-0.16081948312294,0.00662623913104708,-7.419960339736
"Fur_Brown+Mouth_Bored.Unshaven",2,5211,-0.0764754692533281,0.0473316083185105,-0.169245421557609,0.0162944830509526,-7.36243613037865
"Fur_Brown+Mouth_Bored.Unshaven",2,5212,-0.0751745087973382,0.044471432249767,-0.162338516006882,0.011989498412205,-7.24183989458715
"Fur_Brown+Mouth_Bored.Unshaven",2,5213,-0.0796136590338643,0.045353061399573,-0.168505659377027,0.00927834130929876,-7.65269470515034
"Fur_Brown+Mouth_Bored.Unshaven",2,5214,-0.0749430418866132,0.0497932134165642,-0.172537740183079,0.0226516564098525,-7.22036696478253
"Fur_Brown+Mouth_Bored.Unshaven",2,5215,-0.0775912327347417,0.0481119320215105,-0.171890619496902,0.0167081540274189,-7.46574009903648
"Fur_Brown+Mouth_Bored.Unshaven",2,5217,-0.0745148480128523,0.0452813991456714,-0.163266390338368,0.0142366943126637,-7.18063078752036
"Fur_Brown+Mouth_Bored.Unshaven",2,5221,-0.0771722527458992,0.0462052433366578,-0.167734529685749,0.0133900241939501,-7.42696197279343
"Fur_Brown+Mouth_Bored.Unshaven",2,5222,-0.0759566835828973,0.0472277867474454,-0.16852314560789,0.0166097784420956,-7.31436462137262
"Fur_Brown+Mouth_Bored.Unshaven",2,5234,-0.0763374774773619,0.0424195537532202,-0.159479802833674,0.00680484787894978,-7.34965202638878
"Fur_Brown+Mouth_Bored.Unshaven",2,5236,-0.0771127093708624,0.0493876280800904,-0.17391246040784,0.0196870416661147,-7.42144969756379
"Fur_Brown+Mouth_Bored.Unshaven",2,5237,-0.0746040581294855,0.0490767412537087,-0.170794470986754,0.0215863547277835,-7.18891084493569
"Fur_Brown+Mouth_Bored.Unshaven",2,5238,-0.0767674612895215,0.0488467327614291,-0.172507057501923,0.0189721349228795,-7.38948161255608
"Fur_Brown+Mouth_Bored.Unshaven",2,5239,-0.0762891358186936,0.0467774174761377,-0.167972874071924,0.0153946024345363,-7.34517304663176
"Fur_Brown+Mouth_Bored.Unshaven",2,5240,-0.0775581215873951,0.0504590977695698,-0.176457953215752,0.0213417100409617,-7.46267613279684
"Fur_Brown+Mouth_Bored.Unshaven",2,5241,-0.0750132223271929,0.0488184808331582,-0.170697444760183,0.0206710001057971,-7.22687805182761
"Fur_Brown+Mouth_Bored.Unshaven",2,5243,-0.0744551384180241,0.048854057807314,-0.17020909172036,0.0212988148843115,-7.17508841512772
"Fur_Brown+Mouth_Bored.Unshaven",2,5244,-0.0779991248379263,0.0465095794342147,-0.169157900528987,0.0131596508531346,-7.50347639623209
"Fur_Brown+Mouth_Bored.Unshaven",2,5245,-0.0735054335576192,0.0426815161372256,-0.157161205186581,0.010150338071343,-7.08689027095493
"Fur_Brown+Mouth_Bored.Unshaven",2,5246,-0.0755551345624195,0.0487623187713723,-0.171129279354309,0.0200190102294703,-7.27713932188288
"Fur_Brown+Mouth_Bored.Unshaven",2,5247,-0.075603812757574,0.0437192494398581,-0.161293541659696,0.0100859161445478,-7.28165279353554
"Fur_Brown+Mouth_Bored.Unshaven",2,5248,-0.0771617217091044,0.0494036261207908,-0.173992828905854,0.0196693854876457,-7.42598707759045
"Fur_Brown+Mouth_Bored.Unshaven",2,5249,-0.0771413173753799,0.0442969448616877,-0.163963329304288,0.00968069455352795,-7.42409814726545
"Fur_Brown+Mouth_Bored.Unshaven",2,5250,-0.0729958927277814,0.0407770466720951,-0.152918904205088,0.0069271187495251,-7.03953518427026
"Fur_Brown+Mouth_Bored.Unshaven",2,5251,-0.0743540371062781,0.0490781586327737,-0.170547228026515,0.0218391538139584,-7.16570322038403
"Fur_Brown+Mouth_Bored.Unshaven",2,5252,-0.0807469891736245,0.045075757933629,-0.169095474723537,0.00760149637628829,-7.75729540480777
"Fur_Brown+Mouth_Bored.Unshaven",2,5253,-0.077178755984014,0.0448051009396935,-0.164996753825813,0.0106392418577853,-7.42756399534519
"Fur_Brown+Mouth_Bored.Unshaven",2,5255,-0.0752836243109216,0.049265875090887,-0.17184473948906,0.0212774908672169,-7.25196069668781
"Fur_Brown+Mouth_Bored.Unshaven",2,5258,-0.0789869838876232,0.0488193046586526,-0.174672821018582,0.0166988532433359,-7.59480480691406
"Fur_Brown+Mouth_Bored.Unshaven",2,5259,-0.0735202799720268,0.046747168642105,-0.165144730510552,0.0181041705664989,-7.08826968724614
"Fur_Brown+Mouth_Bored.Unshaven",2,5260,-0.0738808841868336,0.042583850406416,-0.157345230983409,0.00958346260974176,-7.12176800862098
"Fur_Brown+Mouth_Bored.Unshaven",2,5262,-0.0748583918771835,0.048521113066768,-0.169959773488049,0.0202429897336818,-7.21251283554984
"Fur_Brown+Mouth_Bored.Unshaven",2,5264,-0.0724266569277118,0.0481886553029485,-0.166876421321491,0.0220231074660673,-6.98660369588625
"Fur_Brown+Mouth_Bored.Unshaven",2,5265,-0.0763771326114575,0.047726573766564,-0.169921217193923,0.0171669519710079,-7.35332601551493
"Fur_Brown+Mouth_Bored.Unshaven",2,5268,-0.0759144863721813,0.0438308360869329,-0.16182292510257,0.00999395235820712,-7.3104534635668
"Fur_Brown+Mouth_Bored.Unshaven",2,5269,-0.077922952114921,0.0469743060861924,-0.169992592043858,0.0141466878140161,-7.49643041580831
"Fur_Brown+Mouth_Bored.Unshaven",2,5271,-0.0764961686864519,0.0429544696729222,-0.160686929245379,0.00769459187247558,-7.3643536555908
"Fur_Brown+Mouth_Bored.Unshaven",2,5272,-0.0686348075064341,0.0425321388735649,-0.151997799698621,0.0147281846857531,-6.63324137797954
"Fur_Brown+Mouth_Bored.Unshaven",2,5273,-0.0734926641611002,0.045526246384759,-0.162724107075228,0.0157387787530275,-7.08570381903986
"Fur_Brown+Mouth_Bored.Unshaven",2,5275,-0.0739150800062295,0.0449868370724823,-0.162089280668295,0.0142591206558357,-7.12494400156482
"Fur_Brown+Mouth_Bored.Unshaven",2,5276,-0.0770592088016173,0.043415056562503,-0.162152719664123,0.00803430206088859,-7.41649655992606
"Fur_Brown+Mouth_Bored.Unshaven",2,5277,-0.0778773423820393,0.0456516415863249,-0.167354559891236,0.0115998751271576,-7.49221125649234
"Fur_Brown+Mouth_Bored.Unshaven",2,5278,-0.0774680350254973,0.0473797630560243,-0.170332370615305,0.0153963005643103,-7.45433938793372
"Fur_Brown+Mouth_Bored.Unshaven",2,5279,-0.0784454743336635,0.050442142970816,-0.177312074556463,0.0204211258891358,-7.544752960328
"Fur_Brown+Mouth_Bored.Unshaven",2,5280,-0.074756810317287,0.0458384574852917,-0.164600186988459,0.0150865663538847,-7.20308685912022
"Fur_Brown+Mouth_Bored.Unshaven",2,5281,-0.0806124237167902,0.0483893214164029,-0.17545549369294,0.0142306462593595,-7.74488188792773
"Fur_Brown+Mouth_Bored.Unshaven",2,5282,-0.0768733075947292,0.0430574102572814,-0.161265831699001,0.00751921650954232,-7.39928357499086
"Fur_Brown+Mouth_Bored.Unshaven",2,5283,-0.0747899972948328,0.0500637904301955,-0.172915026538016,0.0233350319483503,-7.20616645709139
"Fur_Brown+Mouth_Bored.Unshaven",2,5285,-0.0767453611350022,0.0506988031684132,-0.176115015345092,0.0226242930750876,-7.38743488317316
"Fur_Brown+Mouth_Bored.Unshaven",2,5286,-0.07494789487308,0.0534123284352134,-0.179636058606098,0.0297402688599383,-7.22081722199349
"Fur_Brown+Mouth_Bored.Unshaven",2,5288,-0.0750707538946397,0.04615758539818,-0.165539621275072,0.0153981134857931,-7.23221528141916
"Fur_Brown+Mouth_Bored.Unshaven",2,5289,-0.0783431480863437,0.0451683129591548,-0.166873041486287,0.0101867453135998,-7.53529187780313
"Fur_Brown+Mouth_Bored.Unshaven",2,5293,-0.0760121146475736,0.0480574428006031,-0.170204702536756,0.0181804732416086,-7.3195021424314
"Fur_Brown+Mouth_Bored.Unshaven",2,5294,-0.0767207624179488,0.0471068059674324,-0.169050102114116,0.0156085772782187,-7.38515670486826
"Fur_Brown+Mouth_Bored.Unshaven",2,5295,-0.0780902570381448,0.0450938942257706,-0.166474289720655,0.0102937756443654,-7.51190542385691
"Fur_Brown+Mouth_Bored.Unshaven",2,5296,-0.0745044424220005,0.0502226396573225,-0.172940816150353,0.0239319313063516,-7.17966494211613
"Fur_Brown+Mouth_Bored.Unshaven",2,5297,-0.0730452147340722,0.0485410766274333,-0.168185724923841,0.022095295455697,-7.04412006783195
"Fur_Brown+Mouth_Bored.Unshaven",2,5299,-0.073709497017569,0.0434624875068572,-0.158895972531009,0.0114769784958712,-7.1058485071935
"Fur_Brown+Mouth_Bored.Unshaven",2,5300,-0.0746548031810847,0.0483541065346147,-0.169428851988929,0.02011924562676,-7.1936204289488
"Fur_Brown+Mouth_Bored.Unshaven",2,5304,-0.0784313670827776,0.044093677900713,-0.164854975768175,0.0079922416026198,-7.54344866176229
"Fur_Brown+Mouth_Bored.Unshaven",2,5305,-0.0708269797400522,0.0508669217110009,-0.170526146293614,0.0288721868135097,-6.83769321507699
"Fur_Brown+Mouth_Bored.Unshaven",2,5307,-0.0769988330731365,0.0464629132305725,-0.168066143005059,0.0140684768587856,-7.41090659471314
"Fur_Brown+Mouth_Bored.Unshaven",2,5308,-0.0742037202301904,0.0485796243042346,-0.16941978386649,0.0210123434061094,-7.15174761004271
"Fur_Brown+Mouth_Bored.Unshaven",2,5309,-0.0733298335300909,0.0483680820799153,-0.168131274406725,0.0214716073465431,-7.07057329373987
"Fur_Brown+Mouth_Bored.Unshaven",2,5310,-0.0773211283626828,0.046087969548741,-0.167653548678215,0.0130112919528495,-7.44074281508612
"Fur_Brown+Mouth_Bored.Unshaven",2,5311,-0.0748011069633148,0.0491776503470484,-0.17118930164353,0.0215870877169001,-7.20719736009271
"Fur_Brown+Mouth_Bored.Unshaven",2,5312,-0.0764356512342189,0.0462372912194358,-0.167060742024313,0.0141894395558752,-7.35874741265203
"Fur_Brown+Mouth_Bored.Unshaven",2,5313,-0.0775587141739236,0.0487047956964701,-0.173020113739005,0.0179026853911578,-7.4627309691521
"Fur_Brown+Mouth_Bored.Unshaven",2,5315,-0.0766590416382523,0.0467542916407539,-0.16829745325413,0.0149793699776253,-7.37944026811895
"Fur_Brown+Mouth_Bored.Unshaven",2,5316,-0.0765261968784717,0.0510232758009095,-0.176531817448254,0.023479423691311,-7.36713529480311
"Fur_Brown+Mouth_Bored.Unshaven",2,5317,-0.0785615266241817,0.0441836036967141,-0.165161389869741,0.00803833662137798,-7.55548198094164
"Fur_Brown+Mouth_Bored.Unshaven",2,5318,-0.0737335454009402,0.0490854509379998,-0.16994102923942,0.0224739384375394,-7.10808243450026
"Fur_Brown+Mouth_Bored.Unshaven",2,5322,-0.0716235557428655,0.0500864207065214,-0.169792940327647,0.0265458288419164,-6.91187452358094
"Fur_Brown+Mouth_Bored.Unshaven",2,5323,-0.0771386767548183,0.0429648500841146,-0.161349782919683,0.00707242941004634,-7.42385368911274
"Fur_Brown+Mouth_Bored.Unshaven",2,5324,-0.0744214345664019,0.0457706411641056,-0.164131891248049,0.015289022115245,-7.17195980535802
"Fur_Brown+Mouth_Bored.Unshaven",2,5325,-0.0740885748292377,0.0495742766885503,-0.171254157138796,0.0230770074803209,-7.14105594525731
"Fur_Brown+Mouth_Bored.Unshaven",2,5326,-0.0719852925426112,0.0469578435283621,-0.164022665858201,0.0200520807729784,-6.94554183446534
"Fur_Brown+Mouth_Bored.Unshaven",2,5327,-0.0757102164047897,0.0441637582020063,-0.162271182480722,0.0108507496711427,-7.2915178389944
"Fur_Brown+Mouth_Bored.Unshaven",2,5328,-0.0728260044500569,0.04771997741557,-0.166357160184574,0.0207051512844603,-7.02374094941657
"Fur_Brown+Mouth_Bored.Unshaven",2,5329,-0.0746623069717355,0.0483393678977355,-0.169407468051297,0.0200828541078261,-7.19431682597934
"Fur_Brown+Mouth_Bored.Unshaven",2,5330,-0.0754106210045701,0.0460922612220089,-0.165751452999708,0.0149302109905674,-7.26373864312575
"Fur_Brown+Mouth_Bored.Unshaven",2,5331,-0.0767806203616489,0.0458903534924993,-0.166725713206948,0.0131644724836498,-7.39070027302905
"Fur_Brown+Mouth_Bored.Unshaven",2,5332,-0.0759597566755238,0.0434997810520713,-0.161219327537584,0.00929981418653585,-7.31464945247763
"Fur_Brown+Mouth_Bored.Unshaven",2,5333,-0.0771075482648551,0.0439525516300891,-0.16325454945983,0.0090394529301196,-7.42097188861865
"Fur_Brown+Mouth_Bored.Unshaven",2,5334,-0.0793779555045329,0.0395941750327364,-0.156982538568696,-0.00177337244036953,-7.63092555393601
"Fur_Brown+Mouth_Bored.Unshaven",2,5336,-0.0746053500363166,0.0441610512550694,-0.161161010496253,0.0119503104236194,-7.18903074813833
"Fur_Brown+Mouth_Bored.Unshaven",2,5337,-0.0795040181280081,0.0466323178664842,-0.170903361146317,0.011895324890301,-7.64256910786476
"Fur_Brown+Mouth_Bored.Unshaven",2,5338,-0.077898141235174,0.0488217963534572,-0.17358886208795,0.017792579617602,-7.4941352923953
"Fur_Brown+Mouth_Bored.Unshaven",2,5339,-0.0767110545147072,0.049705457065901,-0.174133750363873,0.0207116413344588,-7.38425760456662
"Fur_Brown+Mouth_Bored.Unshaven",2,5344,-0.0762082617123686,0.0463723269869131,-0.167098022606718,0.0146814991819811,-7.33767936728699
"Fur_Brown+Mouth_Bored.Unshaven",2,5345,-0.073387458017493,0.0478644899188616,-0.167201858258462,0.0204269422234757,-7.07592815003149
"Fur_Brown+Mouth_Bored.Unshaven",2,5348,-0.0752933769297391,0.0480905965049351,-0.169550946079412,0.0189641922199337,-7.25286522855042
"Fur_Brown+Mouth_Bored.Unshaven",2,5349,-0.0784165324267417,0.0473753523948025,-0.171272223120555,0.0144391582670713,-7.54207709045155
"Fur_Brown+Mouth_Bored.Unshaven",2,5350,-0.0759860178835531,0.0485578070851048,-0.171159319770359,0.0191872840032524,-7.31708344978963
"Fur_Brown+Mouth_Bored.Unshaven",2,5351,-0.0767297827105386,0.0466369524104654,-0.168138209435051,0.0146786440139735,-7.3859921140851
"Fur_Brown+Mouth_Bored.Unshaven",2,5352,-0.0726487450960911,0.046462790180323,-0.163715813849524,0.018418323657342,-7.00725857701892
"Fur_Brown+Mouth_Bored.Unshaven",2,5355,-0.0763419731565743,0.0452919513087004,-0.165114197721627,0.0124302514084785,-7.3500685516959
"Fur_Brown+Mouth_Bored.Unshaven",2,5356,-0.0755210974048784,0.0461765855029043,-0.166027204990571,0.0149850101808141,-7.27398324555469
"Fur_Brown+Mouth_Bored.Unshaven",2,5357,-0.0794065210469404,0.0468847518998922,-0.171300634770729,0.0124875926768483,-7.63356408896346
"Fur_Brown+Mouth_Bored.Unshaven",2,5359,-0.0751943972742617,0.0523628201217119,-0.177825524712817,0.0274367301642936,-7.24368469476868
"Fur_Brown+Mouth_Bored.Unshaven",2,5360,-0.0718127600657145,0.0486315529998712,-0.167130603945462,0.0235050838140331,-6.92948553323488
"Fur_Brown+Mouth_Bored.Unshaven",2,5362,-0.08034272562827,0.0470341211837271,-0.172529603148375,0.0118441518918351,-7.71999750343207
"Fur_Brown+Mouth_Bored.Unshaven",2,5363,-0.0769393485350432,0.0473255976311385,-0.169697519892075,0.0158188228219882,-7.40539881144711
"Fur_Brown+Mouth_Bored.Unshaven",2,5365,-0.0766368332758905,0.045625360127782,-0.166062539126343,0.0127888725745622,-7.37738329432536
"Fur_Brown+Mouth_Bored.Unshaven",2,5367,-0.0762105943211996,0.0436897186995788,-0.161842442972374,0.00942125432997482,-7.3378955119823
"Fur_Brown+Mouth_Bored.Unshaven",2,5368,-0.0752006485653553,0.0463527811700778,-0.166052099658708,0.0156508025279972,-7.24426453968403
"Fur_Brown+Mouth_Bored.Unshaven",2,5370,-0.0772985433239055,0.0472056238211963,-0.16982156601345,0.0152244793656393,-7.43865233706672
"Fur_Brown+Mouth_Bored.Unshaven",2,5371,-0.0715294120992878,0.0435270267801907,-0.156842384588462,0.0137835603898859,-6.90311045574061
"Fur_Brown+Mouth_Bored.Unshaven",2,5372,-0.0768174719747958,0.0499808845299363,-0.174780005653471,0.0211450617038793,-7.39411301223354
"Fur_Brown+Mouth_Bored.Unshaven",2,5374,-0.0759169134020816,0.048855340384626,-0.171673380555949,0.0198395537517854,-7.31067842359471
"Fur_Brown+Mouth_Bored.Unshaven",2,5375,-0.0750685697260281,0.0446493311192497,-0.162581258719758,0.0124441192677013,-7.23201266071433
"Fur_Brown+Mouth_Bored.Unshaven",2,5376,-0.0768232346655702,0.0476603335957432,-0.170237488513227,0.0165910191820865,-7.39464666978649
"Fur_Brown+Mouth_Bored.Unshaven",2,5378,-0.0750582028896035,0.0452675903949032,-0.163782680063614,0.0136662742844067,-7.23105094517918
"Fur_Brown+Mouth_Bored.Unshaven",2,5379,-0.0742331267799158,0.0459619040841236,-0.164318458784798,0.0158522052249664,-7.15447791664889
"Fur_Brown+Mouth_Bored.Unshaven",2,5380,-0.0774092354489317,0.0481031815291852,-0.171691471246135,0.0168730003482712,-7.44889758229038
"Fur_Brown+Mouth_Bored.Unshaven",2,5382,-0.0775972554782636,0.0444334627855228,-0.164686842537888,0.00949233158136113,-7.46629740747258
"Fur_Brown+Mouth_Bored.Unshaven",2,5383,-0.079597829885574,0.043945159585736,-0.165730342673616,0.00653468290246853,-7.6512329143912
"Fur_Brown+Mouth_Bored.Unshaven",2,5384,-0.0776407311461262,0.0457152878729531,-0.167242695377114,0.0119612330848619,-7.47032028454332
"Fur_Brown+Mouth_Bored.Unshaven",2,5385,-0.0771056572378367,0.0472131981761844,-0.169643525663158,0.0154322111874847,-7.42079681900963
"Fur_Brown+Mouth_Bored.Unshaven",2,5386,-0.0734449564395239,0.0467797763215948,-0.16513331802985,0.018243405150802,-7.08127098392781
"Fur_Brown+Mouth_Bored.Unshaven",2,5390,-0.0738873942400833,0.0463681329190717,-0.164768934761464,0.0169941462812972,-7.12237264888886
"Fur_Brown+Mouth_Bored.Unshaven",2,5391,-0.0764526936052998,0.0439063651394572,-0.162509169278636,0.00960378206803629,-7.36032622580262
"Fur_Brown+Mouth_Bored.Unshaven",2,5392,-0.0778292048410086,0.0460635296773517,-0.168113723008618,0.0124553133266008,-7.48775805183374
"Fur_Brown+Mouth_Bored.Unshaven",2,5393,-0.0809890583166597,0.0431681353677272,-0.165598603637405,0.00362048700408558,-7.77962181488389
"Fur_Brown+Mouth_Bored.Unshaven",2,5395,-0.0776432744451646,0.0425309484813237,-0.161003933468559,0.00571738457822993,-7.4705556148895
"Fur_Brown+Mouth_Bored.Unshaven",2,5396,-0.0741147700830591,0.0469984515343397,-0.166231735090365,0.0180021949242467,-7.1434883770072
"Fur_Brown+Mouth_Bored.Unshaven",2,5397,-0.0718935463463046,0.0451694238480061,-0.160425617088397,0.0166385243957875,-6.93700405023066
"Fur_Brown+Mouth_Bored.Unshaven",2,5398,-0.0783691185064631,0.0473585857076739,-0.171191946493504,0.0144537094805778,-7.53769319393756
"Fur_Brown+Mouth_Bored.Unshaven",2,5399,-0.0795098542583571,0.0461425235000948,-0.169949200318543,0.0109294918018288,-7.64310811629728
"Fur_Brown+Mouth_Bored.Unshaven",2,5400,-0.0803359428229145,0.0466280588963609,-0.171726938259782,0.0110550526139529,-7.71937158401419
"Fur_Brown+Mouth_Bored.Unshaven",2,5401,-0.0764526963703941,0.0451789216905965,-0.165003382883963,0.0120979901431751,-7.36032648196007
"Fur_Brown+Mouth_Bored.Unshaven",2,5402,-0.073306827231361,0.0492884998307271,-0.169912286899586,0.0232986324368642,-7.06843530699478
"Fur_Brown+Mouth_Bored.Unshaven",2,5404,-0.0765404355188238,0.0469224854276492,-0.168508506957016,0.0154276359193686,-7.36845425145835
"Fur_Brown+Mouth_Bored.Unshaven",2,5406,-0.0734799201774911,0.0438739075455918,-0.159472778966851,0.0125129386118688,-7.08451971322718
"Fur_Brown+Mouth_Bored.Unshaven",2,5407,-0.0781545801078464,0.0473877463558157,-0.171034562965245,0.0147254027495524,-7.51785435068223
"Fur_Brown+Mouth_Bored.Unshaven",2,5408,-0.0777399587818932,0.0465714990033604,-0.16902009682848,0.0135401792646931,-7.4795013303855
"Fur_Brown+Mouth_Bored.Unshaven",2,5409,-0.0760645625824897,0.0510347448711988,-0.176092662530039,0.0239635373650599,-7.32436291568116
"Fur_Brown+Mouth_Bored.Unshaven",2,5410,-0.0769039898304717,0.0465545244122189,-0.168150857678421,0.0143428780174774,-7.40212472841544
"Fur_Brown+Mouth_Bored.Unshaven",2,5411,-0.073096869066068,0.0494054459180751,-0.169931543065495,0.0237378049333592,-7.04892151770601
"Fur_Brown+Mouth_Bored.Unshaven",2,5412,-0.0730791380596311,0.0478515797624266,-0.166868234393987,0.0207099582747251,-7.04727338692366
"Fur_Brown+Mouth_Bored.Unshaven",2,5413,-0.0753031372019383,0.0474090318672297,-0.168224839661709,0.017618565257832,-7.25377046141381
"Fur_Brown+Mouth_Bored.Unshaven",2,5414,-0.0748072603853106,0.0510644600896954,-0.174893602161114,0.0252790813904923,-7.20776835160876
"Fur_Brown+Mouth_Bored.Unshaven",2,5418,-0.0762272886179017,0.0492259356353577,-0.172710122463203,0.0202555452273995,-7.33944242773529
"Fur_Brown+Mouth_Bored.Unshaven",2,5419,-0.0746803877370874,0.0504393387704361,-0.173541491727142,0.0241807162529675,-7.19599480859048
"Fur_Brown+Mouth_Bored.Unshaven",2,5420,-0.0786931864224122,0.0437255382878503,-0.164395241466599,0.00700886862177445,-7.56765240633608
"Fur_Brown+Mouth_Bored.Unshaven",2,5421,-0.0729473683236255,0.0457014869385145,-0.162522282723114,0.0166275460758629,-7.03502422366008
"Fur_Brown+Mouth_Bored.Unshaven",2,5425,-0.0763708825004993,0.0441573976963157,-0.162919381985278,0.0101776169842795,-7.35274696171304
"Fur_Brown+Mouth_Bored.Unshaven",2,5426,-0.0768624396646062,0.0462543151083572,-0.167520897276986,0.0137960179477739,-7.39827719140675
"Fur_Brown+Mouth_Bored.Unshaven",2,5427,-0.0742587029951991,0.0503846026277254,-0.173012524145541,0.0244951181551426,-7.15685252334294
"Fur_Brown+Mouth_Bored.Unshaven",2,5428,-0.0729752781330453,0.0475977187486218,-0.166266806880344,0.0203162506142534,-7.03761882220917
"Fur_Brown+Mouth_Bored.Unshaven",2,5430,-0.075201595631539,0.0449596032426752,-0.163322417987182,0.0129192267241044,-7.24435238546284
"Fur_Brown+Mouth_Bored.Unshaven",2,5431,-0.0765151018781536,0.0481518913874043,-0.170892808997466,0.0178626052411589,-7.36610752743822
"Fur_Brown+Mouth_Bored.Unshaven",2,5432,-0.0754409574236641,0.0436472606398365,-0.160989588277744,0.0101076734304154,-7.2665518865434
"Fur_Brown+Mouth_Bored.Unshaven",2,5433,-0.0767780998107922,0.0447395553832082,-0.16446762836188,0.0109114287402958,-7.3904668462851
"Fur_Brown+Mouth_Bored.Unshaven",2,5434,-0.0759208760567776,0.0449289851340202,-0.163981686919457,0.012139934805902,-7.31104571864238
"Fur_Brown+Mouth_Bored.Unshaven",2,5435,-0.0761137031259685,0.0484715477494107,-0.171117936714813,0.0188905304628764,-7.32891693496032
"Fur_Brown+Mouth_Bored.Unshaven",2,5436,-0.0748035294842666,0.0454344040966275,-0.163854961513656,0.0142479025451234,-7.207422152329
"Fur_Brown+Mouth_Bored.Unshaven",2,5437,-0.0768088608787522,0.0471014239377514,-0.169127651796745,0.0155099300392405,-7.39331557061307
"Fur_Brown+Mouth_Bored.Unshaven",2,5438,-0.0764960366642548,0.0468246260044241,-0.168272303632926,0.0152802303044165,-7.36434142562844
"Fur_Brown+Mouth_Bored.Unshaven",2,5439,-0.0759984307557013,0.0482916644627432,-0.170650093102678,0.0186532315912754,-7.31823390384285
"Fur_Brown+Mouth_Bored.Unshaven",2,5440,-0.0765083518673907,0.0460308185686989,-0.166728756262041,0.0137120525272592,-7.36548224555669
"Fur_Brown+Mouth_Bored.Unshaven",2,5441,-0.0787184245398232,0.0467852365900563,-0.170417488256333,0.0129806391766871,-7.56998519533949
"Fur_Brown+Mouth_Bored.Unshaven",2,5442,-0.0758035452483912,0.0491505778676146,-0.172138677868916,0.0205315873721333,-7.300169810681
"Fur_Brown+Mouth_Bored.Unshaven",2,5443,-0.0769845847123315,0.0489913375250391,-0.173007606261408,0.0190384368367451,-7.40958734250513
"Fur_Brown+Mouth_Bored.Unshaven",2,5446,-0.0750135368923673,0.0475318170858271,-0.168175898380588,0.0181488245958538,-7.2269072350163
"Fur_Brown+Mouth_Bored.Unshaven",2,5447,-0.0760006495141253,0.0450669867657091,-0.164331943574915,0.0123306445466646,-7.31843954206399
"Fur_Brown+Mouth_Bored.Unshaven",2,5448,-0.0736357561307132,0.042565181522672,-0.15706351191515,0.00979199965372386,-7.09899815750638
"Fur_Brown+Mouth_Bored.Unshaven",2,5449,-0.0762549772966297,0.0475593214856283,-0.169471247408461,0.0169612928152018,-7.34200804062528
"Fur_Brown+Mouth_Bored.Unshaven",2,5450,-0.0751234060285404,0.0489848872388943,-0.171133785016773,0.0208869729596924,-7.23709957465647
"Fur_Brown+Mouth_Bored.Unshaven",2,5451,-0.0752689787939888,0.0475720075358197,-0.168510113564195,0.0179721559762177,-7.25060234376085
"Fur_Brown+Mouth_Bored.Unshaven",2,5452,-0.0755376049006467,0.0489483002656815,-0.171476273421382,0.0204010636200889,-7.27551390725015
"Fur_Brown+Mouth_Bored.Unshaven",2,5454,-0.0777226478082913,0.0427729360492868,-0.161557602464893,0.00611230684831084,-7.4778996966125
"Fur_Brown+Mouth_Bored.Unshaven",2,5456,-0.0719186652878102,0.050431658548601,-0.170764716043068,0.0269273854674478,-6.93934166482293
"Fur_Brown+Mouth_Bored.Unshaven",2,5458,-0.077473582625253,0.0464315877643006,-0.168479494643282,0.0135323293927762,-7.45485279279384
"Fur_Brown+Mouth_Bored.Unshaven",2,5459,-0.0742740464791384,0.0470051554098597,-0.166404151082463,0.0178560581241866,-7.15827704975649
"Fur_Brown+Mouth_Bored.Unshaven",2,5460,-0.0741144066557113,0.0494612685185453,-0.17105849295206,0.0228296796406375,-7.14345463040532
"Fur_Brown+Mouth_Bored.Unshaven",2,5461,-0.0787905027416135,0.0419582082539144,-0.161028590919286,0.00344758543605869,-7.57664714450452
"Fur_Brown+Mouth_Bored.Unshaven",2,5463,-0.0769857728618125,0.0466432907879361,-0.168406622806167,0.0144350770825423,-7.40969735369051
"Fur_Brown+Mouth_Bored.Unshaven",2,5464,-0.0748772282230412,0.0479550980467527,-0.168869220394677,0.0191147639485941,-7.21426059628858
"Fur_Brown+Mouth_Bored.Unshaven",2,5468,-0.0765234789332409,0.0481479587799242,-0.170893478141892,0.0178465202754105,-7.36688352340812
"Fur_Brown+Mouth_Bored.Unshaven",2,5469,-0.0773188158370368,0.0421277427151763,-0.159889191558782,0.00525155988470888,-7.44052876918261
"Fur_Brown+Mouth_Bored.Unshaven",2,5472,-0.0747577099690448,0.047434405561893,-0.167729144870355,0.0182137249322654,-7.20317034398868
"Fur_Brown+Mouth_Bored.Unshaven",2,5480,-0.0762402280979715,0.0535310895273589,-0.181161163571595,0.028680707375652,-7.3406413994162
"Fur_Brown+Mouth_Bored.Unshaven",2,5481,-0.0721587667092699,0.0454244714116803,-0.161190730676163,0.0168731972576234,-6.96168297897322
"Fur_Brown+Mouth_Bored.Unshaven",2,5483,-0.0807237632311247,0.0454671435617512,-0.169839364612157,0.00839183814990757,-7.75515295617473
"Fur_Brown+Mouth_Bored.Unshaven",2,5485,-0.071990309257451,0.0459402392022128,-0.162033178093788,0.018052559578886,-6.94600866097557
"Fur_Brown+Mouth_Bored.Unshaven",2,5488,-0.0774342109016229,0.0417787478105587,-0.159320556610318,0.0044521348070721,-7.45120905910511
"Fur_Brown+Mouth_Bored.Unshaven",2,5489,-0.078281370637998,0.0438692598697293,-0.164265119982667,0.00770237870667141,-7.52957946762606
"Fur_Brown+Mouth_Bored.Unshaven",2,5490,-0.0733567313825305,0.0491291996516666,-0.169649962699797,0.0229364999347361,-7.07307286213005
"Fur_Brown+Mouth_Bored.Unshaven",2,5491,-0.0729583004534683,0.0470664807804377,-0.165208602783126,0.0192920018761897,-7.03604052329092
"Fur_Brown+Mouth_Bored.Unshaven",2,5493,-0.0745710636312848,0.045880676038987,-0.164497188667699,0.0153550614051298,-7.18584853910221
"Fur_Brown+Mouth_Bored.Unshaven",2,5494,-0.0723890399550072,0.0493646486676528,-0.169143751343607,0.0243656714335923,-6.98310474768681
"Fur_Brown+Mouth_Bored.Unshaven",2,5495,-0.0732551256854432,0.0434834346363387,-0.158482657572667,0.0119724062017806,-7.0636304772281
"Fur_Brown+Mouth_Bored.Unshaven",2,5496,-0.0731248366756147,0.0446260959563386,-0.160591984750038,0.014342311398809,-7.05152110082372
"Fur_Brown+Mouth_Bored.Unshaven",2,5497,-0.0808315341829971,0.0431813445878327,-0.165466969575149,0.00380390120915487,-7.76509373547272
"Fur_Brown+Mouth_Bored.Unshaven",2,5498,-0.0757937349384313,0.0429984547592884,-0.160070706266636,0.00848323638977397,-7.29926039215277
"Fur_Brown+Mouth_Bored.Unshaven",2,5499,-0.0790984675846832,0.046817779281593,-0.170861314976605,0.012664379807239,-7.60510590548878
"Fur_Brown+Mouth_Bored.Unshaven",2,5502,-0.0767252568956337,0.0468427145020233,-0.168536977319599,0.015086463528332,-7.38557295927931
"Fur_Brown+Mouth_Bored.Unshaven",2,5503,-0.0739395351502664,0.0467546324702971,-0.165578614792049,0.017699544491516,-7.12721524666476
"Fur_Brown+Mouth_Bored.Unshaven",2,5505,-0.0726151210050689,0.0517249862110497,-0.173996093978726,0.0287658519685885,-7.00413172804848
"Fur_Brown+Mouth_Bored.Unshaven",2,5507,-0.0720294854559489,0.0422768627252053,-0.154892136397351,0.0108331654854536,-6.94965409120376
"Fur_Brown+Mouth_Bored.Unshaven",2,5514,-0.0698505011659473,0.0457232923717384,-0.159468154214555,0.01976715188266,-6.74667778851237
"Fur_Brown+Mouth_Bored.Unshaven",2,5516,-0.0748767812349674,0.0458965642483169,-0.164834047161668,0.0150804846917337,-7.21421912216038
"Fur_Brown+Mouth_Bored.Unshaven",2,5519,-0.0793416947497288,0.0419531431494803,-0.16156985532271,0.00288646582325247,-7.62757612084992
"Fur_Brown+Mouth_Bored.Unshaven",2,5522,-0.0727733460375987,0.0479881332998649,-0.166830087305334,0.0212833952301365,-7.01884483830907
"Fur_Brown+Mouth_Bored.Unshaven",2,5523,-0.0780862840453871,0.048231751616752,-0.172620517214221,0.0164479491234468,-7.51153796859704
"Fur_Brown+Mouth_Bored.Unshaven",2,5524,-0.0755560299156147,0.0443269595023679,-0.162436870540256,0.0113248107090264,-7.27722234155529
"Fur_Brown+Mouth_Bored.Unshaven",2,5525,-0.0785376155782727,0.049613652019562,-0.175780373536614,0.0187051423800687,-7.5532715094
"Fur_Brown+Mouth_Bored.Unshaven",2,5526,-0.0726037386214904,0.0459488143505108,-0.162663414748492,0.0174559375055108,-7.00307320738036
"Fur_Brown+Mouth_Bored.Unshaven",2,5527,-0.0762772094213454,0.0473767840460328,-0.16913570615157,0.0165812873088789,-7.3440680017597
"Fur_Brown+Mouth_Bored.Unshaven",2,5529,-0.0761849393461863,0.0479198861713162,-0.170107916241966,0.0177380375495934,-7.33551823751265
"Fur_Brown+Mouth_Bored.Unshaven",2,5530,-0.0759836468857597,0.04897199547007,-0.171968758007097,0.0200014642355775,-7.31686369853848
"Fur_Brown+Mouth_Bored.Unshaven",2,5532,-0.0721717588719342,0.0491942725057801,-0.168592532983263,0.0242490152393948,-6.96289174006974
"Fur_Brown+Mouth_Bored.Unshaven",2,5535,-0.0715565930566343,0.0469927788911077,-0.163662439683205,0.0205492535699368,-6.90564088393452
"Fur_Brown+Mouth_Bored.Unshaven",2,5536,-0.0735669532746131,0.0446651510853726,-0.161110649401943,0.0139767428527172,-7.0926060833511
"Fur_Brown+Mouth_Bored.Unshaven",2,5539,-0.0752254756564135,0.0508768466009869,-0.174944094994348,0.0244931436815207,-7.24656736618812
"Fur_Brown+Mouth_Bored.Unshaven",2,5540,-0.0773534056119922,0.0500114457293021,-0.175375839241424,0.0206690280174398,-7.4437303250916
"Fur_Brown+Mouth_Bored.Unshaven",2,5541,-0.0766378156058186,0.0470355176919102,-0.168827430281963,0.0155517990703254,-7.37747428024907
"Fur_Brown+Mouth_Bored.Unshaven",2,5542,-0.0766567622991981,0.0461386891572404,-0.167088593047389,0.0137750684489931,-7.37922915421934
"Fur_Brown+Mouth_Bored.Unshaven",2,5543,-0.0765489166177687,0.0457098620150698,-0.166140246167305,0.0130424129317682,-7.36923986543181
"Fur_Brown+Mouth_Bored.Unshaven",2,5544,-0.0758188965066055,0.0452817149402972,-0.164571057789588,0.0129332647763771,-7.30159285878784
"Fur_Brown+Mouth_Bored.Unshaven",2,5546,-0.0739361423911278,0.0449700846497188,-0.162077508304577,0.0142052235223211,-7.12690015114106
"Fur_Brown+Mouth_Bored.Unshaven",2,5547,-0.0757635395772954,0.0454761901250299,-0.164896872222354,0.0133697930677632,-7.29646121758193
"Fur_Brown+Mouth_Bored.Unshaven",2,5549,-0.0737974749925496,0.0473205078500837,-0.166545670378714,0.0189507203936144,-7.11402078703379
"Fur_Brown+Mouth_Bored.Unshaven",2,5551,-0.0733857575249525,0.0458677536848031,-0.163286554747167,0.0165150396972615,-7.07577013320612
"Fur_Brown+Mouth_Bored.Unshaven",2,5552,-0.0754445217011611,0.0475941652394234,-0.168729085570431,0.0178400421681087,-7.2668824136967
"Fur_Brown+Mouth_Bored.Unshaven",2,5553,-0.0739541582368569,0.0450534139508019,-0.162258849580429,0.0143505331067147,-7.12857332350846
"Fur_Brown+Mouth_Bored.Unshaven",2,5554,-0.0757482882819854,0.0452892132558904,-0.164515146263531,0.0130185696995599,-7.2950473577541
"Fur_Brown+Mouth_Bored.Unshaven",2,5557,-0.0747150561863289,0.0478583091092273,-0.168517342040414,0.0190872296677566,-7.19921212376389
"Fur_Brown+Mouth_Bored.Unshaven",2,5558,-0.0753649310840866,0.0507984278753839,-0.174929849719839,0.024199987551666,-7.25950143392028
"Fur_Brown+Mouth_Bored.Unshaven",2,5559,-0.0731715115469963,0.0510575186288333,-0.17324424805951,0.026901224965517,-7.05585935787687
"Fur_Brown+Mouth_Bored.Unshaven",2,5560,-0.0752467002379338,0.0447397329989034,-0.162936576915785,0.0124431764399169,-7.24853599808858
"Fur_Brown+Mouth_Bored.Unshaven",2,5561,-0.0770355058111138,0.0514267659963959,-0.17783196716405,0.0237609555418222,-7.41430202801485
"Fur_Brown+Mouth_Bored.Unshaven",2,5562,-0.0747961221432476,0.0435344147799122,-0.160123575111876,0.0105313308253804,-7.20673480351515
"Fur_Brown+Mouth_Bored.Unshaven",2,5564,-0.0816525656868199,0.0436745084621842,-0.167254602272701,0.00394947089906103,-7.84079042033432
"Fur_Brown+Mouth_Bored.Unshaven",2,5565,-0.0760733579355262,0.0481236344911479,-0.170395681538176,0.0182489656671236,-7.32517802704259
"Fur_Brown+Mouth_Bored.Unshaven",2,5569,-0.0762660903574999,0.046543738605211,-0.167491818023713,0.0149596373087137,-7.34303774880842
"Fur_Brown+Mouth_Bored.Unshaven",2,5573,-0.0769818793254289,0.0476680396834806,-0.170411237105051,0.0164474784541931,-7.40933684927657
"Fur_Brown+Mouth_Bored.Unshaven",2,5574,-0.0763884600369157,0.0434011380395974,-0.161454690594527,0.00867777052069513,-7.35437545786469
"Fur_Brown+Mouth_Bored.Unshaven",2,5577,-0.0736477907691431,0.0471527854999924,-0.166067250349128,0.018771668810842,-7.10011618074582
"Fur_Brown+Mouth_Bored.Unshaven",2,5579,-0.0745488373570088,0.0471888060099221,-0.167038897136456,0.0179412224224385,-7.18378560338955
"Fur_Brown+Mouth_Bored.Unshaven",2,5588,-0.0790031336584492,0.0425912768811217,-0.162482036345448,0.00447576902854935,-7.59629711758929
"Fur_Brown+Mouth_Bored.Unshaven",2,5591,-0.076038068737048,0.0482981189338995,-0.170702381847491,0.018626244373395,-7.32190754915013
"Fur_Brown+Mouth_Bored.Unshaven",2,5594,-0.0763214015974308,0.046130409829849,-0.166737004863935,0.0140942016690733,-7.34816257854712
"Fur_Brown+Mouth_Bored.Unshaven",2,5595,-0.0734357086754347,0.0457102279201544,-0.163027755398937,0.016156338048068,-7.08041168946912
"Fur_Brown+Mouth_Bored.Unshaven",2,5596,-0.0728968582157138,0.0493771043292179,-0.169675982700981,0.0238822662695532,-7.03032843411019
"Fur_Brown+Mouth_Bored.Unshaven",2,5597,-0.0776284470657962,0.04548796476324,-0.166784858001747,0.0115279638701542,-7.46918363554345
"Fur_Brown+Mouth_Bored.Unshaven",2,5598,-0.0777024260508935,0.0476339288348798,-0.171064926567258,0.0156600744654709,-7.47602871822907
"Fur_Brown+Mouth_Bored.Unshaven",2,5599,-0.0762324275956917,0.0490470071520144,-0.17236456161364,0.0198997064222564,-7.33991860705913
"Fur_Brown+Mouth_Bored.Unshaven",2,5602,-0.0756745098779056,0.0467309572848545,-0.16726718615622,0.0159181664004092,-7.28820748198341
"Fur_Brown+Mouth_Bored.Unshaven",2,5603,-0.0736205800952702,0.050764012867604,-0.173118045315774,0.0258768851252336,-7.09758827791156
"Fur_Brown+Mouth_Bored.Unshaven",2,5604,-0.0738392175634023,0.0474885748374674,-0.166916824244838,0.0192383891180338,-7.11789800567921
"Fur_Brown+Mouth_Bored.Unshaven",2,5605,-0.0750122868336636,0.0506744559127045,-0.174334220422564,0.0243096467552373,-7.22679126313174
"Fur_Brown+Mouth_Bored.Unshaven",2,5606,-0.0767731857240385,0.043042672852216,-0.161136824514382,0.00759045306630478,-7.39001175388678
"Fur_Brown+Mouth_Bored.Unshaven",2,5607,-0.0749511709555143,0.0498896217658394,-0.172734829616559,0.0228324877055309,-7.22112117374658
"Fur_Brown+Mouth_Bored.Unshaven",2,5608,-0.0805588730242872,0.0413192091404394,-0.161544522939548,0.000426776890973965,-7.7399414301846
"Fur_Brown+Mouth_Bored.Unshaven",2,5609,-0.0742390596822624,0.0487159355705369,-0.169722293400515,0.02124417403599,-7.15502875843068
"Fur_Brown+Mouth_Bored.Unshaven",2,5610,-0.0802565092494301,0.0461454058453018,-0.170701504706222,0.0101884862073615,-7.71204111279682
"Fur_Brown+Mouth_Bored.Unshaven",2,5611,-0.0715581347991182,0.0494707718950415,-0.1685208477134,0.0254045781151632,-6.90578441135233
"Fur_Brown+Mouth_Bored.Unshaven",2,5612,-0.0779381108745362,0.0438890313211545,-0.163960612263999,0.00808439051492667,-7.49783264455514
"Fur_Brown+Mouth_Bored.Unshaven",2,5614,-0.0756159414138095,0.04689306583551,-0.167526350451409,0.0162944676237901,-7.28277733567592
"Fur_Brown+Mouth_Bored.Unshaven",2,5616,-0.0768161020427284,0.0466338922274069,-0.168218530808446,0.0145863267229891,-7.39398614837242
"Fur_Brown+Mouth_Bored.Unshaven",2,5617,-0.0777781305024985,0.0491819960903186,-0.174174842839523,0.0186185818345259,-7.48303292960694
"Fur_Brown+Mouth_Bored.Unshaven",2,5618,-0.0729729366189558,0.049714757919051,-0.170413862140296,0.0244679889023841,-7.037401149229
"Fur_Brown+Mouth_Bored.Unshaven",2,5619,-0.0764285874600174,0.0428776760068328,-0.16046883243341,0.00761165751337484,-7.35809301345075
"Fur_Brown+Mouth_Bored.Unshaven",2,5620,-0.0764972529945925,0.0423148038355883,-0.159434268512346,0.0064397625231607,-7.36445410112179
"Fur_Brown+Mouth_Bored.Unshaven",2,5621,-0.0752438210817503,0.0489602670912838,-0.171205944580667,0.0207183024171659,-7.24826895175303
"Fur_Brown+Mouth_Bored.Unshaven",2,5622,-0.0819394416685874,0.0442303479853405,-0.168630923719855,0.00475204038268005,-7.86722489217258
"Fur_Brown+Mouth_Bored.Unshaven",2,5623,-0.0796208763196661,0.0460349815521324,-0.169849440161846,0.0106076875225134,-7.65336119964055
"Fur_Brown+Mouth_Bored.Unshaven",2,5625,-0.0740320899582064,0.0481252316089737,-0.168357543911795,0.020293363995382,-7.13581067164037
"Fur_Brown+Mouth_Bored.Unshaven",2,5626,-0.0720424869345965,0.0455536070098551,-0.161327556673913,0.0172425828047196,-6.95086387542474
"Fur_Brown+Mouth_Bored.Unshaven",2,5627,-0.0742905040285248,0.0448076767273029,-0.162113550414039,0.013532542356989,-7.15980498442399
"Fur_Brown+Mouth_Bored.Unshaven",2,5628,-0.0756150024562448,0.0485310503944285,-0.170735861229325,0.019505856316835,-7.28269027809745
"Fur_Brown+Mouth_Bored.Unshaven",2,5630,-0.075677695350703,0.0449917530636141,-0.163861531355387,0.0125061406539807,-7.2885028124061
"Fur_Brown+Mouth_Bored.Unshaven",2,5632,-0.0736273505057393,0.0438674287762203,-0.159607510907131,0.0123528098956524,-7.09821726324324
"Fur_Brown+Mouth_Bored.Unshaven",2,5634,-0.0732122371485291,0.0449129146611041,-0.161241549884293,0.014817075587235,-7.05964448683712
"Fur_Brown+Mouth_Bored.Unshaven",2,5635,-0.0795835743692977,0.0509258164541292,-0.179398174619391,0.0202310258807955,-7.64991642565533
"Fur_Brown+Mouth_Bored.Unshaven",2,5636,-0.0757469746343887,0.0504487261104079,-0.174626477810788,0.0231325285420108,-7.29492557603587
"Fur_Brown+Mouth_Bored.Unshaven",2,5637,-0.0769656434720534,0.0401921326391272,-0.155742223444743,0.00181093650063598,-7.40783354864207
"Fur_Brown+Mouth_Bored.Unshaven",2,5639,-0.074025885933928,0.0454206165820131,-0.163050294434674,0.0149985225668176,-7.13523453816801
"Fur_Brown+Mouth_Bored.Unshaven",2,5640,-0.0772646824345537,0.0475176957751362,-0.170399366153821,0.0158700012847133,-7.4355180744511
"Fur_Brown+Mouth_Bored.Unshaven",2,5641,-0.0783999055362215,0.0496497511841812,-0.175713417857217,0.0189136067847736,-7.54053978990937
"Fur_Brown+Mouth_Bored.Unshaven",2,5642,-0.0770106327606856,0.046920970942119,-0.168975735807239,0.0149544702858676,-7.4119991106401
"Fur_Brown+Mouth_Bored.Unshaven",2,5643,-0.0757507244325266,0.044534920166661,-0.163039167959182,0.011537719094129,-7.29527320069956
"Fur_Brown+Mouth_Bored.Unshaven",2,5644,-0.0757983848117787,0.0452471930847331,-0.164482883257856,0.0128861136342982,-7.29969143784902
"Fur_Brown+Mouth_Bored.Unshaven",2,5651,-0.0783463131675827,0.0484219915777209,-0.173253416659916,0.0165607903247503,-7.53558453565294
"Fur_Brown+Mouth_Bored.Unshaven",2,5652,-0.0737179555379335,0.0482354479332537,-0.168259433487111,0.0208235224112438,-7.10663425094252
"Fur_Brown+Mouth_Bored.Unshaven",2,5653,-0.0735460558170781,0.0470772649837092,-0.165817495185148,0.0187253835509919,-7.0906645347454
"Fur_Brown+Mouth_Bored.Unshaven",2,5655,-0.0744353038312071,0.0459153788127279,-0.164429446304154,0.0155588386417397,-7.17324725310082
"Fur_Brown+Mouth_Bored.Unshaven",2,5656,-0.0764897806830826,0.0453675467505,-0.165410172314063,0.0124306109478974,-7.36376189687976
"Fur_Brown+Mouth_Bored.Unshaven",2,5657,-0.0757032193965411,0.0491460633643488,-0.172029503590665,0.0206230647975826,-7.29086915471059
"Fur_Brown+Mouth_Bored.Unshaven",2,5658,-0.0747509284378755,0.0429460413536521,-0.158925169491034,0.00942331261528263,-7.20254103726213
"Fur_Brown+Mouth_Bored.Unshaven",2,5659,-0.0752458013058794,0.0516620258919816,-0.176503372054163,0.0260117694424044,-7.24845262078702
"Fur_Brown+Mouth_Bored.Unshaven",2,5660,-0.0751597786365949,0.0431943720323481,-0.159820747819997,0.0095011905468073,-7.24047354191528
"Fur_Brown+Mouth_Bored.Unshaven",2,5661,-0.0770726632493225,0.0475609336532168,-0.170292093209627,0.0161467667109825,-7.41774221145165
"Fur_Brown+Mouth_Bored.Unshaven",2,5662,-0.0768019132367353,0.0510557757309004,-0.1768712336693,0.0232674071958295,-7.39267217028622
"Fur_Brown+Mouth_Bored.Unshaven",2,5663,-0.0789897229333967,0.0545080859583677,-0.185825571411797,0.0278461255450039,-7.59505790862677
"Fur_Brown+Mouth_Bored.Unshaven",2,5664,-0.0754100312926188,0.0470857982426593,-0.167698195848231,0.0168781332629935,-7.26368395542799
"Fur_Brown+Mouth_Bored.Unshaven",2,5665,-0.0744375817854674,0.0468591815483394,-0.166281577620213,0.0174064140492778,-7.17345870795687
"Fur_Brown+Mouth_Bored.Unshaven",2,5667,-0.0712306761322406,0.0489569585428062,-0.167186314876141,0.0247249626116595,-6.87529491186869
"Fur_Brown+Mouth_Bored.Unshaven",2,5669,-0.075160963898985,0.0503136261489798,-0.173775671150985,0.0234537433530154,-7.24058348622816
"Fur_Brown+Mouth_Bored.Unshaven",2,5670,-0.0754722582558316,0.0472621104095178,-0.168105994658487,0.0171614781468234,-7.26945447521216
"Fur_Brown+Mouth_Bored.Unshaven",2,5671,-0.0794966488033036,0.0474399147919615,-0.172478881795548,0.0134855841889408,-7.64188849345981
"Fur_Brown+Mouth_Bored.Unshaven",2,5672,-0.073898266666532,0.049343622176032,-0.170611766131555,0.0228152327984907,-7.12338244857147
"Fur_Brown+Mouth_Bored.Unshaven",2,5673,-0.0717254051082162,0.0475496640677967,-0.164922746681098,0.0214719364646654,-6.92135500728359
"Fur_Brown+Mouth_Bored.Unshaven",2,5674,-0.0731349248093174,0.0492044418988947,-0.169575630931151,0.0233057813125163,-7.05245877277663
"Fur_Brown+Mouth_Bored.Unshaven",2,5675,-0.0787239107786739,0.0460366716511057,-0.168955787214841,0.0115079656574932,-7.57049228708667
"Fur_Brown+Mouth_Bored.Unshaven",2,5676,-0.0748644464778913,0.0455260005611577,-0.16409540757776,0.0143665146219777,-7.2130746250346
"Fur_Brown+Mouth_Bored.Unshaven",2,5677,-0.0767868792468373,0.0474038179891345,-0.169698362505541,0.0161246040118663,-7.3912799021895
"Fur_Brown+Mouth_Bored.Unshaven",2,5679,-0.0752182798407627,0.0457239815875448,-0.164837283752351,0.0144007240708252,-7.24589992718452
"Fur_Brown+Mouth_Bored.Unshaven",2,5680,-0.0752044169093219,0.0485215791562235,-0.17030671205552,0.0198978782368761,-7.24461407454154
"Fur_Brown+Mouth_Bored.Unshaven",2,5681,-0.0756070724468763,0.0496372139779933,-0.172896011843743,0.0216818669499907,-7.28195502604746
"Fur_Brown+Mouth_Bored.Unshaven",2,5682,-0.0765735610728582,0.0479414049518249,-0.170538714778435,0.0173915926327185,-7.37152267191048
"Fur_Brown+Mouth_Bored.Unshaven",2,5683,-0.0774172937953727,0.047388323295535,-0.170298407454621,0.0154638198638758,-7.44964338813218
"Fur_Brown+Mouth_Bored.Unshaven",2,5684,-0.075321275219134,0.0444437873231294,-0.162431098372468,0.0117885479341997,-7.25545267886394
"Fur_Brown+Mouth_Bored.Unshaven",2,5685,-0.0761892459489478,0.0467921043060906,-0.167901770388885,0.0155232784909898,-7.33591730576638
"Fur_Brown+Mouth_Bored.Unshaven",2,5686,-0.0772497383471753,0.047436690499494,-0.170225651726183,0.0157261750318328,-7.434134772409
"Fur_Brown+Mouth_Bored.Unshaven",2,5687,-0.072546003594641,0.0464458729023652,-0.163579914483277,0.0184879072939948,-6.99770387231721
"Fur_Brown+Mouth_Bored.Unshaven",2,5688,-0.0733204254638933,0.0490125906696254,-0.169385103176359,0.0227442522485724,-7.06969900342903
"Fur_Brown+Mouth_Bored.Unshaven",2,5689,-0.0740205398692733,0.0509498135463203,-0.173882174420061,0.0258410946815145,-7.13473807580066
"Fur_Brown+Mouth_Bored.Unshaven",2,5690,-0.0734781181414684,0.0490548501819261,-0.169625624498044,0.0226693882151068,-7.08435227603378
"Fur_Brown+Mouth_Bored.Unshaven",2,5692,-0.0753794073090141,0.0456399335828522,-0.164833677131404,0.0140748625133762,-7.26084395652006
"Fur_Brown+Mouth_Bored.Unshaven",2,5694,-0.0746568009029211,0.0469020109512493,-0.16658474236737,0.0172711405615275,-7.19380583009462
"Fur_Brown+Mouth_Bored.Unshaven",2,5696,-0.0752248602533479,0.0456250110449243,-0.1646498819014,0.0142001613947037,-7.24651028542377
"Fur_Brown+Mouth_Bored.Unshaven",2,5697,-0.0743577187357442,0.0478394619814826,-0.16812306421945,0.0194076267479617,-7.16604500123736
"Fur_Brown+Mouth_Bored.Unshaven",2,5699,-0.0763037726966818,0.0430701535373671,-0.160721273629921,0.00811372823655783,-7.34652921410384
"Fur_Brown+Mouth_Bored.Unshaven",2,5700,-0.0758503642635422,0.0499570668964883,-0.173766215380659,0.0220654868535749,-7.30450982383677
"Fur_Brown+Mouth_Bored.Unshaven",2,5701,-0.0767723304516734,0.0421851238139348,-0.159455173126986,0.00591051222363888,-7.38993254708924
"Fur_Brown+Mouth_Bored.Unshaven",2,5704,-0.0746380744012672,0.0503100153599256,-0.173245704506721,0.0239695557041869,-7.1920678784732
"Fur_Brown+Mouth_Bored.Unshaven",2,5708,-0.0769513505809663,0.0438755356469924,-0.162947400449071,0.0090446992871388,-7.40651012943374
"Fur_Brown+Mouth_Bored.Unshaven",2,5709,-0.0738722296600253,0.0481118574113056,-0.168171470186184,0.0204270108661337,-7.12096418799396
"Fur_Brown+Mouth_Bored.Unshaven",2,5710,-0.0768291479611422,0.0444189441599853,-0.163890278514713,0.0102319825924289,-7.39519427099321
"Fur_Brown+Mouth_Bored.Unshaven",2,5712,-0.0751263288152433,0.0459052212192418,-0.165100562404957,0.0148479047744706,-7.23737070043214
"Fur_Brown+Mouth_Bored.Unshaven",2,5713,-0.075072918638108,0.0477608202502872,-0.168684126328671,0.0185382890524549,-7.23241609965783
"Fur_Brown+Mouth_Bored.Unshaven",2,5715,-0.0778318655849622,0.0399656199901721,-0.1561644807657,0.000500749595775091,-7.48800420289467
"Fur_Brown+Mouth_Bored.Unshaven",2,5716,-0.0747935157982473,0.0479577027020819,-0.168790613094328,0.0192035814978332,-7.20649295193716
"Fur_Brown+Mouth_Bored.Unshaven",2,5717,-0.0766129294299423,0.043941088898766,-0.162737463671524,0.00951160481163899,-7.3751692311021
"Fur_Brown+Mouth_Bored.Unshaven",2,5718,-0.0758955507652606,0.0453089269955377,-0.164701047676514,0.0129099461459932,-7.30869831413058
"Fur_Brown+Mouth_Bored.Unshaven",2,5719,-0.0791358102811544,0.0466823267760753,-0.170633170762262,0.0123615501999532,-7.60855611555397
"Fur_Brown+Mouth_Bored.Unshaven",2,5721,-0.0726227581969166,0.0475733911582297,-0.165866604867047,0.0206210884732135,-7.00484195262344
"Fur_Brown+Mouth_Bored.Unshaven",2,5722,-0.0757697040381696,0.040379304461823,-0.154913140783343,0.00337373270700349,-7.29703268315826
"Fur_Brown+Mouth_Bored.Unshaven",2,5723,-0.0768088663974512,0.0461794257220277,-0.167320540812625,0.0137028080177231,-7.39331608168148
"Fur_Brown+Mouth_Bored.Unshaven",2,5724,-0.0721021090060512,0.0497159283337368,-0.169545328540175,0.0253411105280729,-6.95641149228572
"Fur_Brown+Mouth_Bored.Unshaven",2,5727,-0.076742993525288,0.0462384547847493,-0.167370364903397,0.0138843778528207,-7.38721561250477
"Fur_Brown+Mouth_Bored.Unshaven",2,5729,-0.0768175825693051,0.042135721357394,-0.159403596429797,0.00576843129118709,-7.3941232539356
"Fur_Brown+Mouth_Bored.Unshaven",2,5730,-0.0769780577155413,0.0469888550792855,-0.169076213670941,0.0151200982398584,-7.40898300320665
"Fur_Brown+Mouth_Bored.Unshaven",2,5732,-0.0777574338280689,0.0447851981250883,-0.165536422153242,0.0100215544971043,-7.48111811624519
"Fur_Brown+Mouth_Bored.Unshaven",2,5734,-0.0733626902997987,0.045967420417862,-0.163458834318808,0.0167334537192108,-7.073626604351
"Fur_Brown+Mouth_Bored.Unshaven",2,5735,-0.0791599653390263,0.0477041042286988,-0.172660009627276,0.0143400789492234,-7.61078780927442
"Fur_Brown+Mouth_Bored.Unshaven",2,5738,-0.0731592373686981,0.0473344099518614,-0.165934680874346,0.0196162061369502,-7.05471853792156
"Fur_Brown+Mouth_Bored.Unshaven",2,5740,-0.0757033302674577,0.0463926311056644,-0.16663288723456,0.0152262266996446,-7.29087943345633
"Fur_Brown+Mouth_Bored.Unshaven",2,5741,-0.0767845594629204,0.0456940866849994,-0.166344969365519,0.0127758504396784,-7.39106506972087
"Fur_Brown+Mouth_Bored.Unshaven",2,5743,-0.0775865398763343,0.0457751456042228,-0.167305825260611,0.0121327455079424,-7.46530584783799
"Fur_Brown+Mouth_Bored.Unshaven",2,5744,-0.0732530003183888,0.0394195903610997,-0.150515397426144,0.0040093967893667,-7.06343295312025
"Fur_Brown+Mouth_Bored.Unshaven",2,5745,-0.0807428937159015,0.0459054624622309,-0.170717600141874,0.00923181271007108,-7.75691762793727
"Fur_Brown+Mouth_Bored.Unshaven",2,5746,-0.0757074043973679,0.0438639372236105,-0.161680721355645,0.0102659125609086,-7.29125714168796
"Fur_Brown+Mouth_Bored.Unshaven",2,5748,-0.0759859729824411,0.0490191723580838,-0.172063550804285,0.0200916048394032,-7.31707928822352
"Fur_Brown+Mouth_Bored.Unshaven",2,5749,-0.0761628884640436,0.0469092498379179,-0.168105018146363,0.0157792412182755,-7.33347488141767
"Fur_Brown+Mouth_Bored.Unshaven",2,5750,-0.0746063588126836,0.0428435809943508,-0.158579777561611,0.00936705993624387,-7.18912437360348
"Fur_Brown+Mouth_Bored.Unshaven",2,5751,-0.0728258805279866,0.0468914469681173,-0.164733116585497,0.0190813555295234,-7.02372942760534
"Fur_Brown+Mouth_Bored.Unshaven",2,5752,-0.0726239669833853,0.0474587905121203,-0.165643196387141,0.0203952624203704,-7.00495436384421
"Fur_Brown+Mouth_Bored.Unshaven",2,5754,-0.0755894073691384,0.042923743253869,-0.159719944146722,0.00854112940844491,-7.28031714010864
"Fur_Brown+Mouth_Bored.Unshaven",2,5755,-0.0731985817963083,0.0475652016814792,-0.166426377092007,0.0200292134993909,-7.0583753448818
"Fur_Brown+Mouth_Bored.Unshaven",2,5756,-0.0781664920302596,0.0463009647886868,-0.168916383016086,0.0125833989555664,-7.51895598426452
"Fur_Brown+Mouth_Bored.Unshaven",2,5757,-0.0778641753455818,0.0430071130718465,-0.162158116966401,0.00642976627523728,-7.49099319504625
"Fur_Brown+Mouth_Bored.Unshaven",2,5758,-0.0759134354289336,0.046782653568964,-0.167607436424103,0.0157805655662359,-7.31035605206255
"Fur_Brown+Mouth_Bored.Unshaven",2,5759,-0.0770872338064228,0.0430753343942616,-0.161514889219176,0.00734042160632987,-7.41909117669763
"Fur_Brown+Mouth_Bored.Unshaven",2,5760,-0.07612949537171,0.0465754238307971,-0.167417326080072,0.0151583353366523,-7.33038040792142
"Fur_Brown+Mouth_Bored.Unshaven",2,5761,-0.0759851432411234,0.0432274628938214,-0.160710970513013,0.00874068403076658,-7.31700238534285
"Fur_Brown+Mouth_Bored.Unshaven",2,5764,-0.0762092752034133,0.0472196412107296,-0.168759771976443,0.0163412215696167,-7.33777327967153
"Fur_Brown+Mouth_Bored.Unshaven",2,5765,-0.0779370438731522,0.0529254137497168,-0.181670854822597,0.0257967670762927,-7.49773394456189
"Fur_Brown+Mouth_Bored.Unshaven",2,5766,-0.0766336434033752,0.0477916336478526,-0.170305245353166,0.0170379585464159,-7.3770878395148
"Fur_Brown+Mouth_Bored.Unshaven",2,5767,-0.0789071114969111,0.0419444049456777,-0.161118145190439,0.00330392219661713,-7.58742388829788
"Fur_Brown+Mouth_Bored.Unshaven",2,5768,-0.077444476933511,0.042690186019713,-0.161117241532149,0.00622828766512652,-7.45215916306722
"Fur_Brown+Mouth_Bored.Unshaven",2,5770,-0.0751966778722233,0.047434096764041,-0.168167507529744,0.017774151785297,-7.24389623439108
"Fur_Brown+Mouth_Bored.Unshaven",2,5774,-0.0783646869711343,0.0438567604351544,-0.164323937424037,0.00759456348176836,-7.53728344305044
"Fur_Brown+Mouth_Bored.Unshaven",2,5775,-0.0779880208314443,0.0479180093190491,-0.171907319096781,0.0159312774338921,-7.50244930853204
"Fur_Brown+Mouth_Bored.Unshaven",2,5777,-0.0760795206126906,0.049484685999633,-0.173069505171971,0.0209104639465901,-7.32574915029185
"Fur_Brown+Mouth_Bored.Unshaven",2,5779,-0.0743669733237398,0.0466548412946383,-0.165810462261231,0.0170765156137514,-7.16690413726739
"Fur_Brown+Mouth_Bored.Unshaven",2,5781,-0.0758750714245851,0.0511575153060731,-0.176143801424488,0.0243936585753182,-7.30680003794804
"Fur_Brown+Mouth_Bored.Unshaven",2,5784,-0.0725868866274449,0.0469794478241667,-0.164666604362812,0.0194928311079219,-7.00150601051864
"Fur_Brown+Mouth_Bored.Unshaven",2,5786,-0.0733087490457482,0.0487799043846984,-0.168917361639757,0.0222998635482606,-7.06861390404121
"Fur_Brown+Mouth_Bored.Unshaven",2,5788,-0.0749842750210122,0.0452969026030065,-0.163766204122905,0.0137976540808805,-7.22419248099141
"Fur_Brown+Mouth_Bored.Unshaven",2,5789,-0.0760517362478131,0.0490495944028512,-0.172188941277401,0.0200854687817753,-7.32317421932025
"Fur_Brown+Mouth_Bored.Unshaven",2,5790,-0.0775838772874439,0.0483023227080542,-0.17225642979523,0.0170886752203424,-7.46505946566135
"Fur_Brown+Mouth_Bored.Unshaven",2,5791,-0.0747179269741868,0.0491916047110592,-0.171133472207863,0.0216976182594893,-7.19947853475651
"Fur_Brown+Mouth_Bored.Unshaven",2,5792,-0.0807584141710049,0.0429526459097006,-0.164945600154018,0.00342877181200826,-7.75834927144591
"Fur_Brown+Mouth_Bored.Unshaven",2,5793,-0.0772331743167146,0.0436505438839483,-0.162788240329253,0.00832189169582404,-7.43260149589916
"Fur_Brown+Mouth_Bored.Unshaven",2,5794,-0.0730504069987447,0.0489135817304679,-0.168921027190462,0.0228202131929723,-7.04460271811039
"Fur_Brown+Mouth_Bored.Unshaven",2,5796,-0.0740030402225939,0.0478879059826211,-0.167863335948531,0.0198572555033435,-7.13311295230868
"Fur_Brown+Mouth_Bored.Unshaven",2,5797,-0.0730932010194844,0.0456670938247209,-0.162600704915937,0.0164143028769685,-7.04858056819484
"Fur_Brown+Mouth_Bored.Unshaven",2,5799,-0.079594876279836,0.0446300215450197,-0.167069718508075,0.00787996594840262,-7.65096015214003
"Fur_Brown+Mouth_Bored.Unshaven",2,5800,-0.0742631407336023,0.047731201035451,-0.167816294763086,0.0192900132958817,-7.15726453602976
"Fur_Brown+Mouth_Bored.Unshaven",2,5801,-0.0736544740338548,0.05005947056375,-0.171771036338805,0.0244620882710952,-7.10073705318633
"Fur_Brown+Mouth_Bored.Unshaven",2,5802,-0.0753211984019091,0.0489134495316721,-0.171191559483986,0.0205491626801683,-7.25544555448491
"Fur_Brown+Mouth_Bored.Unshaven",2,5803,-0.073004983041035,0.0470328172917903,-0.165189304932944,0.0191793388508739,-7.04038022017482
"Fur_Brown+Mouth_Bored.Unshaven",2,5804,-0.0732825499946382,0.0466947655463141,-0.164804290465414,0.0182391904761375,-7.06617915801329
"Fur_Brown+Mouth_Bored.Unshaven",2,5805,-0.0778800538006492,0.0429267200754249,-0.162016425148482,0.00625631754718364,-7.49246208349226
"Fur_Brown+Mouth_Bored.Unshaven",2,5806,-0.0763960144015919,0.0438564909272812,-0.162354736619063,0.00956270781587927,-7.35507533405457
"Fur_Brown+Mouth_Bored.Unshaven",2,5807,-0.073585201691433,0.0463475926578873,-0.164426483300892,0.0172560799180262,-7.09430148073172
"Fur_Brown+Mouth_Bored.Unshaven",2,5808,-0.0782198554236815,0.0498345814413426,-0.175895635048713,0.0194559242013499,-7.52389095492584
"Fur_Brown+Mouth_Bored.Unshaven",2,5809,-0.0750654427172191,0.048983779129156,-0.171073649810365,0.0209427643759267,-7.23172257394717
"Fur_Brown+Mouth_Bored.Unshaven",2,5810,-0.0746211066626554,0.0495224211398205,-0.171685052096704,0.0224428387713928,-7.19049312437987
"Fur_Brown+Mouth_Bored.Unshaven",2,5811,-0.0754972494628037,0.0493969671398045,-0.17231530505682,0.0213208061312131,-7.27177189451033
"Fur_Brown+Mouth_Bored.Unshaven",2,5813,-0.0766963150308632,0.0460000769624716,-0.166856465877308,0.0134638358155812,-7.38289248626733
"Fur_Brown+Mouth_Bored.Unshaven",2,5814,-0.0771691684299162,0.0457450184086078,-0.166829404510788,0.0124910676509551,-7.42667644785233
"Fur_Brown+Mouth_Bored.Unshaven",2,5815,-0.0756268974977799,0.0459134116951182,-0.165617184420212,0.0143633894246517,-7.28379314778826
"Fur_Brown+Mouth_Bored.Unshaven",2,5816,-0.0754736183789047,0.0467897165502979,-0.167181462817489,0.0162342260596792,-7.26958060008094
"Fur_Brown+Mouth_Bored.Unshaven",2,5817,-0.0782895597458883,0.0470516971013994,-0.170510886064631,0.0139317665728547,-7.53033671477587
"Fur_Brown+Mouth_Bored.Unshaven",2,5819,-0.0795553965654535,0.044105457851151,-0.166002093953709,0.0068913008228024,-7.64731416645258
"Fur_Brown+Mouth_Bored.Unshaven",2,5820,-0.0781540976922917,0.0400385370057068,-0.156629630223477,0.000321434838893492,-7.51780973584588
"Fur_Brown+Mouth_Bored.Unshaven",2,5821,-0.074896161915437,0.0463272776702898,-0.165697626149205,0.0159053023183311,-7.21601735630614
"Fur_Brown+Mouth_Bored.Unshaven",2,5822,-0.0774806388753149,0.0465752194309212,-0.16876806895992,0.0138067912092907,-7.4555058121906
"Fur_Brown+Mouth_Bored.Unshaven",2,5827,-0.0753016558653571,0.0470025388741929,-0.167426632058775,0.0168233203280609,-7.25363307292948
"Fur_Brown+Mouth_Bored.Unshaven",2,5831,-0.0783493992281733,0.0465381145230022,-0.169564103693258,0.0128653052369111,-7.53586988600122
"Fur_Brown+Mouth_Bored.Unshaven",2,5834,-0.0795193781876162,0.048661674381019,-0.174896259974413,0.0158575035991812,-7.64398771261355
"Fur_Brown+Mouth_Bored.Unshaven",2,5836,-0.079566269929076,0.0438463082013641,-0.16550503400375,0.00637249414559762,-7.64831834532774
"Fur_Brown+Mouth_Bored.Unshaven",2,5839,-0.0768639310194332,0.0478038261467716,-0.170559430267106,0.0168315682282392,-7.39841529333009
"Fur_Brown+Mouth_Bored.Unshaven",2,5843,-0.0751253498544178,0.0427788989982852,-0.158971991891057,0.00872129218222129,-7.23727988940753
"Fur_Brown+Mouth_Bored.Unshaven",2,5845,-0.0753946068913801,0.048038206967138,-0.169549492546971,0.0187602787642104,-7.26225354224831
"Fur_Brown+Mouth_Bored.Unshaven",2,5846,-0.0761165412833551,0.0494234182956349,-0.172986441142799,0.0207533585760892,-7.32917994970601
"Fur_Brown+Mouth_Bored.Unshaven",2,5849,-0.0740923134519184,0.0493963839244567,-0.170909225943854,0.0227245990400168,-7.1414031091627
"Fur_Brown+Mouth_Bored.Unshaven",2,5850,-0.07515031299129,0.0483648127682292,-0.169945346017019,0.0196447200344392,-7.23959550898361
"Fur_Brown+Mouth_Bored.Unshaven",2,5852,-0.0783274012349134,0.0483744898582567,-0.173141401357097,0.0164865988872698,-7.53383583831779
"Fur_Brown+Mouth_Bored.Unshaven",2,5855,-0.0770295897532762,0.0500711544683156,-0.175169052511175,0.0211098730046224,-7.41375428405047
"Fur_Brown+Mouth_Bored.Unshaven",2,5857,-0.0730526926592026,0.0424513776662492,-0.156257392885051,0.0101520075666458,-7.0448151823435
"Fur_Brown+Mouth_Bored.Unshaven",2,5858,-0.075471161192026,0.0474191628164548,-0.168412720312277,0.0174703979282255,-7.26935274383119
"Fur_Brown+Mouth_Bored.Unshaven",2,5861,-0.0757076655145855,0.0465369854906911,-0.16692015707634,0.0155048260471691,-7.29128134953378
"Fur_Brown+Mouth_Bored.Unshaven",2,5862,-0.0777886483986877,0.0431716910125091,-0.162405162783206,0.00682786598583021,-7.48400600834493
"Fur_Brown+Mouth_Bored.Unshaven",2,5863,-0.0733988028901408,0.0444195894480356,-0.160461198208291,0.0136635924280089,-7.07698235581261
"Fur_Brown+Mouth_Bored.Unshaven",2,5864,-0.0767051229308556,0.0504210013265377,-0.17553028553087,0.0221200396691583,-7.38370824489535
"Fur_Brown+Mouth_Bored.Unshaven",2,5865,-0.0755074391620996,0.0486211642306565,-0.170804921054186,0.0197900427299871,-7.272716762457
"Fur_Brown+Mouth_Bored.Unshaven",2,5866,-0.0748786853093908,0.0465352303954732,-0.166087736884518,0.0163303662657367,-7.2143957930244
"Fur_Brown+Mouth_Bored.Unshaven",2,5867,-0.0721350658680847,0.0501350648185098,-0.170399792912364,0.0261296611761946,-6.95947786646595
"Fur_Brown+Mouth_Bored.Unshaven",2,5868,-0.0725719823686163,0.0448620197157947,-0.160501541011574,0.0153575762743413,-7.0001199265643
"Fur_Brown+Mouth_Bored.Unshaven",2,5872,-0.0791311331672123,0.0452865258326614,-0.167892723799229,0.00963045746480413,-7.6081239892331
"Fur_Brown+Mouth_Bored.Unshaven",2,5873,-0.0777846794025518,0.0434191818387117,-0.162886275806427,0.00731691700132313,-7.48363881199358
"Fur_Brown+Mouth_Bored.Unshaven",2,5875,-0.0778682749913325,0.0477613383620217,-0.171480498180895,0.01574394819823,-7.49137244842548
"Fur_Brown+Mouth_Bored.Unshaven",2,5877,-0.0740882041970734,0.047828523482831,-0.167832110223422,0.0196557018292753,-7.14102152873953
"Fur_Brown+Mouth_Bored.Unshaven",2,5878,-0.0788817929548058,0.0451352136748016,-0.167346811757417,0.00958322584780533,-7.58508410697873
"Fur_Brown+Mouth_Bored.Unshaven",2,5879,-0.0708449648384631,0.0466704130887236,-0.162318974492361,0.0206290448154351,-6.83936873326548
"Fur_Brown+Mouth_Bored.Unshaven",2,5880,-0.0753793639818776,0.0525596978541591,-0.178396371776029,0.0276376438122743,-7.2608399383979
"Fur_Brown+Mouth_Bored.Unshaven",2,5881,-0.0773451851274732,0.0480196128336451,-0.171463626281418,0.0167732560264712,-7.44296946458229
"Fur_Brown+Mouth_Bored.Unshaven",2,5883,-0.0802589820689286,0.0479289098741824,-0.174199645422326,0.0136816812844688,-7.71226932397887
"Fur_Brown+Mouth_Bored.Unshaven",2,5884,-0.0754236550411214,0.0442698416869241,-0.162192544747493,0.0113452346652499,-7.26494736306864
"Fur_Brown+Mouth_Bored.Unshaven",2,5885,-0.0736047105129364,0.0474694327070175,-0.166644798618691,0.019435377592818,-7.09611394374122
"Fur_Brown+Mouth_Bored.Unshaven",2,5887,-0.0729552275152064,0.0452183739354873,-0.161583240428761,0.0156727853983487,-7.03575485034395
"Fur_Brown+Mouth_Bored.Unshaven",2,5889,-0.0762420865781467,0.0477099208088436,-0.16975353136348,0.0172693582071869,-7.34081360483718
"Fur_Brown+Mouth_Bored.Unshaven",2,5890,-0.0784644872477833,0.0500963330461609,-0.176653300018259,0.0197243255226919,-7.54651078728914
"Fur_Brown+Mouth_Bored.Unshaven",2,5891,-0.0784760653450216,0.0458917197962148,-0.168423836145603,0.0114717054555594,-7.54758121658048
"Fur_Brown+Mouth_Bored.Unshaven",2,5892,-0.0744109332043323,0.0513918350196595,-0.175138929842865,0.0263170634342002,-7.17098497937924
"Fur_Brown+Mouth_Bored.Unshaven",2,5893,-0.079090509062947,0.0503407508518531,-0.177758380732579,0.0195773626066851,-7.60437057578977
"Fur_Brown+Mouth_Bored.Unshaven",2,5896,-0.0721368755034014,0.0472910977973549,-0.164827427186217,0.0205536761794143,-6.95964623572834
"Fur_Brown+Mouth_Bored.Unshaven",2,5899,-0.0730694575535649,0.0484457321174155,-0.168023092503699,0.0218841773965695,-7.0463735531344
"Fur_Brown+Mouth_Bored.Unshaven",2,5901,-0.070804911074755,0.0452459932565023,-0.1594870578575,0.0178772357079896,-6.83563722462385
"Fur_Brown+Mouth_Bored.Unshaven",2,5902,-0.0787395786704651,0.0427864189764368,-0.162600959864281,0.00512180252335094,-7.57194045126697
"Fur_Brown+Mouth_Bored.Unshaven",2,5904,-0.0750786592327002,0.04686463252233,-0.166933338976467,0.0167760205110665,-7.23294863921976
"Fur_Brown+Mouth_Bored.Unshaven",2,5905,-0.0744823983087359,0.047342007757087,-0.167272733512626,0.0183079368951547,-7.17761877758399
"Fur_Brown+Mouth_Bored.Unshaven",2,5906,-0.072268067490724,0.0475968298129327,-0.165557853924072,0.0210217189426241,-6.97185158400042
"Fur_Brown+Mouth_Bored.Unshaven",2,5908,-0.0763020979528994,0.0457551749556808,-0.165982240866034,0.0133780449602349,-7.34637404314978
"Fur_Brown+Mouth_Bored.Unshaven",2,5909,-0.0771664741358144,0.0456115929635296,-0.166565196344332,0.0122322480727037,-7.42642702775669
"Fur_Brown+Mouth_Bored.Unshaven",2,5910,-0.0770184911196118,0.0453066024958024,-0.165819432011385,0.0117824497721609,-7.41272669752452
"Fur_Brown+Mouth_Bored.Unshaven",2,5912,-0.0722315704483918,0.0481743648060136,-0.166653325468178,0.0221901845713949,-6.96845626977051
"Fur_Brown+Mouth_Bored.Unshaven",2,5913,-0.0758361918225007,0.0483747681262149,-0.170650737349882,0.0189783537048805,-7.30319609315807
"Fur_Brown+Mouth_Bored.Unshaven",2,5914,-0.0759969832639569,0.0482345857000315,-0.170536771236019,0.0185428047081049,-7.31809974765447
"Fur_Brown+Mouth_Bored.Unshaven",2,5915,-0.0744284286093057,0.0490797324057258,-0.170624704124528,0.0217678469059168,-7.1726090463834
"Fur_Brown+Mouth_Bored.Unshaven",2,5916,-0.0753936930071233,0.0450468926904771,-0.163685602680458,0.0128982166662119,-7.26216879064309
"Fur_Brown+Mouth_Bored.Unshaven",2,5920,-0.0756986115500666,0.0472344969468128,-0.16827822556582,0.0168810024656865,-7.29044196428464
"Fur_Brown+Mouth_Bored.Unshaven",2,5921,-0.0742924888860409,0.0469049520870327,-0.166226194976625,0.0176412172045433,-7.15998925879999
"Fur_Brown+Mouth_Bored.Unshaven",2,5923,-0.0751933208236287,0.0454252669255963,-0.164226843997797,0.0138402023505401,-7.24358484712062
"Fur_Brown+Mouth_Bored.Unshaven",2,5924,-0.0725621801094265,0.0446762839937912,-0.160127696737257,0.0150033365184043,-6.99920831316726
"Fur_Brown+Mouth_Bored.Unshaven",2,5925,-0.0705160830956544,0.0465075994203408,-0.161670977959522,0.0206388117682135,-6.80872486366492
"Fur_Brown+Mouth_Bored.Unshaven",2,5926,-0.076490634832377,0.0471438312923614,-0.168892544165405,0.0159112745006513,-7.36384102202339
"Fur_Brown+Mouth_Bored.Unshaven",2,5927,-0.0772297786984416,0.0446095351392898,-0.16466446757145,0.0102049101745663,-7.43228717181565
"Fur_Brown+Mouth_Bored.Unshaven",2,5928,-0.0754412899668891,0.0477727543450663,-0.169075888483219,0.0181933085494408,-7.26658272441817
"Fur_Brown+Mouth_Bored.Unshaven",2,5929,-0.0777029137986203,0.0446227536950052,-0.16516351104083,0.00975768344358989,-7.47607384657473
"Fur_Brown+Mouth_Bored.Unshaven",2,5930,-0.0765415651000761,0.0470317152479202,-0.168723726986,0.0156405967858475,-7.36855888625668
"Fur_Brown+Mouth_Bored.Unshaven",2,5931,-0.0797714269391745,0.0500869843680454,-0.177941916300543,0.0183990624221945,-7.66726299683311
"Fur_Brown+Mouth_Bored.Unshaven",2,5932,-0.0772208518070374,0.0456140595659676,-0.166624408556334,0.0121827049422591,-7.43146082620736
"Fur_Brown+Mouth_Bored.Unshaven",2,5933,-0.073339601706686,0.0489213300187871,-0.169225408543509,0.0225462051301367,-7.0714810403573
"Fur_Brown+Mouth_Bored.Unshaven",2,5935,-0.0769749225388888,0.0427163203582993,-0.160698910441155,0.00674906536337788,-7.40869271355687
"Fur_Brown+Mouth_Bored.Unshaven",2,5936,-0.0784721822325209,0.0426373653049759,-0.162041418230274,0.0050970537652318,-7.54722221274036
"Fur_Brown+Mouth_Bored.Unshaven",2,5938,-0.0742216061919899,0.0443477930040596,-0.161143280479947,0.012700068095967,-7.15340827548677
"Fur_Brown+Mouth_Bored.Unshaven",2,5939,-0.0806533854508454,0.0415784743442886,-0.162147195165651,0.000840424263960263,-7.74866074014637
"Fur_Brown+Mouth_Bored.Unshaven",2,5940,-0.0753317306737883,0.047832931723694,-0.169084276852229,0.018420815504652,-7.25642236020364
"Fur_Brown+Mouth_Bored.Unshaven",2,5941,-0.0748181245607062,0.048455670789568,-0.169791239308259,0.020154990186847,-7.2087764572126
"Fur_Brown+Mouth_Bored.Unshaven",2,5947,-0.0758301845643896,0.0450771323965682,-0.164181364061663,0.012520994932884,-7.30263923785834
"Fur_Brown+Mouth_Bored.Unshaven",2,5948,-0.0797040825680485,0.0487087012267142,-0.175173136972408,0.0157649718363113,-7.66104469734391
"Fur_Brown+Mouth_Bored.Unshaven",2,5949,-0.0716122176426867,0.0473480415926622,-0.164414379164305,0.0211899438789312,-6.91081907510546
"Fur_Brown+Mouth_Bored.Unshaven",2,5952,-0.0778656801704873,0.0454563415208512,-0.166960109551356,0.011228749210381,-7.49113240479893
"Fur_Brown+Mouth_Bored.Unshaven",2,5953,-0.0784283268289921,0.0447512120323529,-0.166140702412404,0.00928404875441963,-7.54316756995479
"Fur_Brown+Mouth_Bored.Unshaven",2,5955,-0.0771894363275087,0.0455480307363296,-0.166463576570715,0.0120847039156974,-7.42855269548002
"Fur_Brown+Mouth_Bored.Unshaven",2,5956,-0.0800648050667361,0.0423594044348844,-0.16308923775911,0.00295962762563731,-7.69434742914346
"Fur_Brown+Mouth_Bored.Unshaven",2,5957,-0.0720711884868206,0.0464144531759229,-0.163043516711629,0.0189011397379883,-6.95353449173902
"Fur_Brown+Mouth_Bored.Unshaven",2,5959,-0.0754548340815769,0.0492153326254608,-0.17191688602748,0.0210072178643263,-7.26783870795153
"Fur_Brown+Mouth_Bored.Unshaven",2,5961,-0.0765242942995858,0.0449219298829441,-0.164571276870156,0.0115226882709847,-7.36695905330292
"Fur_Brown+Mouth_Bored.Unshaven",2,5962,-0.0759078334226157,0.049933394921878,-0.173777287469496,0.0219616206242651,-7.30983680263714
"Fur_Brown+Mouth_Bored.Unshaven",2,5963,-0.0763610373002126,0.0499941089283254,-0.17434949079973,0.0216274161993052,-7.3518348264608
"Fur_Brown+Mouth_Bored.Unshaven",2,5966,-0.0752765368938761,0.0490745309783732,-0.171462617611488,0.0209095438237353,-7.25130335032368
"Fur_Brown+Mouth_Bored.Unshaven",2,5967,-0.0743411822904909,0.0436220168829075,-0.15984033538099,0.0111579708000079,-7.16450984492989
"Fur_Brown+Mouth_Bored.Unshaven",2,5969,-0.074938836361778,0.0429801980157828,-0.159180024472712,0.00930235174915625,-7.21997677691113
"Fur_Brown+Mouth_Bored.Unshaven",2,5970,-0.0755018134076579,0.0446226706192812,-0.162962247821449,0.0119586210061334,-7.27219510006408
"Fur_Brown+Mouth_Bored.Unshaven",2,5971,-0.0775961094586988,0.0485281051072313,-0.172711195468872,0.0175189765514746,-7.46619136197824
"Fur_Brown+Mouth_Bored.Unshaven",2,5972,-0.0785918473093565,0.0408227374466125,-0.158604412704717,0.00142071808600393,-7.5582849195749
"Fur_Brown+Mouth_Bored.Unshaven",2,5973,-0.0754362862117332,0.0445468962892869,-0.162748202938735,0.011875630515269,-7.26611870794245
"Fur_Brown+Mouth_Bored.Unshaven",2,5974,-0.0734151411687003,0.0416558985147919,-0.155060702257692,0.00823041992029187,-7.07850054555713
"Fur_Brown+Mouth_Bored.Unshaven",2,5977,-0.0698312455467983,0.0482398802594035,-0.164381410855229,0.0247189197616325,-6.74488212076719
"Fur_Brown+Mouth_Bored.Unshaven",2,5980,-0.0775818958983223,0.0447551696425396,-0.1653020283977,0.0101382366010553,-7.46487611775516
"Fur_Brown+Mouth_Bored.Unshaven",2,5981,-0.074583867878776,0.0422405408214781,-0.157375327888873,0.00820759213132104,-7.18703694685986
"Fur_Brown+Mouth_Bored.Unshaven",2,5987,-0.0736127086089706,0.0458326522695743,-0.163444707057336,0.0162192898393951,-7.09685699497235
"Fur_Brown+Mouth_Bored.Unshaven",2,5988,-0.0769170976973648,0.0490286314772513,-0.173013215392777,0.0191790199980477,-7.40333848108421
"Fur_Brown+Mouth_Bored.Unshaven",2,5989,-0.0762951954578985,0.047092936150762,-0.168597350313392,0.0160069593975949,-7.34573449975259
"Fur_Brown+Mouth_Bored.Unshaven",2,5990,-0.0793822619068297,0.0444460468170697,-0.166496513668286,0.00773198985462688,-7.63132333147386
"Fur_Brown+Mouth_Bored.Unshaven",2,5991,-0.0728980928358094,0.0524032469927459,-0.175608456941591,0.0298122712699726,-7.03044321626413
"Fur_Brown+Mouth_Bored.Unshaven",2,5993,-0.0735895680534051,0.0503473536495956,-0.172270381206612,0.0250912450998023,-7.09470713975511
"Fur_Brown+Mouth_Bored.Unshaven",2,5995,-0.0780667289786265,0.0426006676283656,-0.161564037530223,0.00543057957297001,-7.50972933286349
"Fur_Brown+Mouth_Bored.Unshaven",2,5996,-0.0776444647452309,0.0471812673659863,-0.170119748782564,0.0148308192921022,-7.47066575262774
"Fur_Brown+Mouth_Bored.Unshaven",2,5997,-0.0707905461898356,0.0470425461150701,-0.162993936575373,0.0214128441957018,-6.83429891966172
"Fur_Brown+Mouth_Bored.Unshaven",2,5999,-0.0774677171241437,0.0417418285449448,-0.159281701072235,0.00434626682394808,-7.45430996753826
"Fur_Brown+Mouth_Bored.Unshaven",2,6000,-0.0765005721207963,0.047241248474414,-0.169093419130648,0.0160922748890551,-7.36476156967932
"Fur_Brown+Mouth_Bored.Unshaven",2,6001,-0.0747550878762178,0.0472663861612457,-0.167397204752259,0.0178870289998237,-7.20292702176828
"Fur_Brown+Mouth_Bored.Unshaven",2,6002,-0.0724809265485181,0.0514829089295477,-0.173387428050432,0.0284255749533954,-6.99165136066492
"Fur_Brown+Mouth_Bored.Unshaven",2,6003,-0.0796060710421535,0.045561617307072,-0.168906840964015,0.00969469887970761,-7.65199397190468
"Fur_Brown+Mouth_Bored.Unshaven",2,6005,-0.0760105609660651,0.0462072078600364,-0.166576688371737,0.0145555664396064,-7.31935814634382
"Fur_Brown+Mouth_Bored.Unshaven",2,6008,-0.0760080835907782,0.0445346341095131,-0.163295966445424,0.0112797992638675,-7.31912854132771
"Fur_Brown+Mouth_Bored.Unshaven",2,6009,-0.0759545099545562,0.0446580462049497,-0.163484280516258,0.0115752606071451,-7.3141631570298
"Fur_Brown+Mouth_Bored.Unshaven",2,6015,-0.0756963962391472,0.046232312703114,-0.166311729137251,0.0149189366589563,-7.2902365835609
"Fur_Brown+Mouth_Bored.Unshaven",2,6016,-0.0770037302354735,0.0470118228671089,-0.169146903055007,0.0151394425840599,-7.41136001742394
"Fur_Brown+Mouth_Bored.Unshaven",2,6019,-0.0760487524028123,0.0434574221396414,-0.161225299796509,0.00912779499088484,-7.32289768562439
"Fur_Brown+Mouth_Bored.Unshaven",2,6020,-0.076648252414746,0.0429828914933237,-0.16089471974166,0.0075982149121684,-7.37844095880785
"Fur_Brown+Mouth_Bored.Unshaven",2,6023,-0.07674446530648,0.0466828113453617,-0.168242775543389,0.014753844930429,-7.38735191815866
"Fur_Brown+Mouth_Bored.Unshaven",2,6025,-0.0786606454384837,0.0461260575752429,-0.16906771828596,0.0117464274089923,-7.564644517859
"Fur_Brown+Mouth_Bored.Unshaven",2,6026,-0.0753556596617286,0.0466908267243897,-0.166869680041532,0.0161583607180751,-7.25864159360242
"Fur_Brown+Mouth_Bored.Unshaven",2,6027,-0.0778799929747394,0.0472463439794373,-0.170482827174436,0.0147228412249576,-7.49245645663693
"Fur_Brown+Mouth_Bored.Unshaven",2,6029,-0.0790817276399081,0.0445231702167451,-0.166347141264729,0.00818368598491234,-7.60355920711836
"Fur_Brown+Mouth_Bored.Unshaven",2,6033,-0.0772825676414704,0.0492845626729068,-0.173880310480368,0.0193151751974269,-7.43717359455877
"Fur_Brown+Mouth_Bored.Unshaven",2,6037,-0.0720627266096128,0.0504332277960883,-0.170911853089946,0.0267863998707203,-6.95274714064206
"Fur_Brown+Mouth_Bored.Unshaven",2,6039,-0.075725103248189,0.0443238459794273,-0.162599841367866,0.0111496348714884,-7.29289796537723
"Fur_Brown+Mouth_Bored.Unshaven",2,6040,-0.0771801595994788,0.0504201429108016,-0.17600363970465,0.0216433205056924,-7.42769393135678
"Fur_Brown+Mouth_Bored.Unshaven",2,6042,-0.0786801140543323,0.0465298344128932,-0.169878589503603,0.0125183613949383,-7.56644408876808
"Fur_Brown+Mouth_Bored.Unshaven",2,6043,-0.0712572576914645,0.0393272511903546,-0.148338670024559,0.00582415464163046,-6.8777702788325
"Fur_Brown+Mouth_Bored.Unshaven",2,6045,-0.0787360787218942,0.0434173792351381,-0.163834142022765,0.00636198457897638,-7.57161695724593
"Fur_Brown+Mouth_Bored.Unshaven",2,6046,-0.0805366317447391,0.0436390386999447,-0.166069147596631,0.00499588410715252,-7.73788942561131
"Fur_Brown+Mouth_Bored.Unshaven",2,6047,-0.0767840577108577,0.0459818902188688,-0.166908562539841,0.0133404471181252,-7.39101860298509
"Fur_Brown+Mouth_Bored.Unshaven",2,6050,-0.0774375053553973,0.0471945247573265,-0.169938773879757,0.0150637631689628,-7.45151395631651
"Fur_Brown+Mouth_Bored.Unshaven",2,6051,-0.0986406047143861,0.042426867244238,-0.181797264513092,-0.0154839449156797,-9.39317138150849
"Fur_Brown+Mouth_Bored.Unshaven",2,6052,-0.0760493335876569,0.0396303745981378,-0.153724867800007,0.00162620062469314,-7.32295154813605
"Fur_Brown+Mouth_Bored.Unshaven",2,6053,-0.077280224218663,0.0496382764735645,-0.174571246106849,0.0200107976695234,-7.43695668046609
"Fur_Brown+Mouth_Bored.Unshaven",2,6054,-0.0724202081886601,0.0499945430876783,-0.17040951264051,0.0255690962631893,-6.98600387483114
"Fur_Brown+Mouth_Bored.Unshaven",2,6055,-0.0785137184729545,0.0504243529466485,-0.177345450248386,0.0203180133024766,-7.55106227379587
"Fur_Brown+Mouth_Bored.Unshaven",2,6056,-0.0767306076196027,0.0486848235151188,-0.172152861709236,0.0186916464700301,-7.38606851218817
"Fur_Brown+Mouth_Bored.Unshaven",2,6057,-0.0748437951372787,0.0456700574027663,-0.164357107646701,0.0146695173721434,-7.21115843084836
"Fur_Brown+Mouth_Bored.Unshaven",2,6058,-0.0750568293825455,0.0479116276479634,-0.168963619572554,0.0188499608074627,-7.23092352628538
"Fur_Brown+Mouth_Bored.Unshaven",2,6060,-0.0742136139661724,0.0490064580910869,-0.170266271824703,0.0218390438923578,-7.152666221594
"Fur_Brown+Mouth_Bored.Unshaven",2,6062,-0.0760353363682695,0.0449626225788245,-0.164162076622765,0.0120914038862265,-7.3216543180779
"Fur_Brown+Mouth_Bored.Unshaven",2,6063,-0.0785081131843373,0.0455628550295445,-0.167811309042244,0.0107950826735698,-7.55054406936523
"Fur_Brown+Mouth_Bored.Unshaven",2,6064,-0.0760073778478312,0.0450918744093761,-0.164387451690208,0.012372695994546,-7.31906313243328
"Fur_Brown+Mouth_Bored.Unshaven",2,6065,-0.0764190084641526,0.0456715079151874,-0.16593516397792,0.0130971470496147,-7.35720559275652
"Fur_Brown+Mouth_Bored.Unshaven",2,6067,-0.0748663400920278,0.047987435238744,-0.168921713159966,0.0191890329759104,-7.21325032750182
"Fur_Brown+Mouth_Bored.Unshaven",2,6068,-0.0773106327886855,0.0437162764875708,-0.162994534704324,0.00837326912695337,-7.43977134745515
"Fur_Brown+Mouth_Bored.Unshaven",2,6069,-0.0764657050904578,0.0443575624708654,-0.163406527533354,0.0104751173524384,-7.36153159770112
"Fur_Brown+Mouth_Bored.Unshaven",2,6070,-0.0720100789984629,0.0515359478336962,-0.173020536752507,0.0290003787555816,-6.94784829609985
"Fur_Brown+Mouth_Bored.Unshaven",2,6072,-0.0796666586128809,0.0480909292459438,-0.173924879934931,0.0145915627091689,-7.65758894375685
"Fur_Brown+Mouth_Bored.Unshaven",2,6074,-0.0758544700150416,0.0465241465578467,-0.167041797268421,0.015332857238338,-7.30489040770325
"Fur_Brown+Mouth_Bored.Unshaven",2,6075,-0.0730542091127491,0.0473525328992943,-0.165865173595366,0.0197567553698677,-7.0449561444563
"Fur_Brown+Mouth_Bored.Unshaven",2,6076,-0.080804867811667,0.0439365180823389,-0.166920443253051,0.00531070762971732,-7.76263413241847
"Fur_Brown+Mouth_Bored.Unshaven",2,6078,-0.0761576802552145,0.0489346773421974,-0.172069647845921,0.0197542873354925,-7.33299225354657
"Fur_Brown+Mouth_Bored.Unshaven",2,6080,-0.0762677540984202,0.0448549254984155,-0.164183408075315,0.0116478998784743,-7.34319190585984
"Fur_Brown+Mouth_Bored.Unshaven",2,6081,-0.0771607287845504,0.0426295877556548,-0.160714720785634,0.00639326321653293,-7.42589515853432
"Fur_Brown+Mouth_Bored.Unshaven",2,6082,-0.0750247248264221,0.0492914131547193,-0.171635894609672,0.0215864449568277,-7.22794516845405
"Fur_Brown+Mouth_Bored.Unshaven",2,6083,-0.0740020553526232,0.0478665297751845,-0.167820453711985,0.0198163430067385,-7.13302149045533
"Fur_Brown+Mouth_Bored.Unshaven",2,6084,-0.0762839893978328,0.0419095476459153,-0.158426702783827,0.00585872398816129,-7.34469620467045
"Fur_Brown+Mouth_Bored.Unshaven",2,6085,-0.0758170610756122,0.046121719203262,-0.166215630714006,0.0145815085627813,-7.3014227171022
"Fur_Brown+Mouth_Bored.Unshaven",2,6089,-0.0775751022060292,0.0477007339719466,-0.171068540791044,0.0159183363789861,-7.46424746046175
"Fur_Brown+Mouth_Bored.Unshaven",2,6090,-0.0773382843345963,0.0433873637302381,-0.162377517245863,0.00770094857667027,-7.44233074548143
"Fur_Brown+Mouth_Bored.Unshaven",2,6091,-0.0737896424022248,0.0459155798110551,-0.163784178831893,0.0162048940274431,-7.11329324636244
"Fur_Brown+Mouth_Bored.Unshaven",2,6093,-0.073144829032,0.0508313162338483,-0.172774208850343,0.0264845507863426,-7.05337934136399
"Fur_Brown+Mouth_Bored.Unshaven",2,6094,-0.0768038007359251,0.0460148138723985,-0.166992835925826,0.0133852344539761,-7.39284696637751
"Fur_Brown+Mouth_Bored.Unshaven",2,6096,-0.0759061630444335,0.0500723049603371,-0.174047880766694,0.0222355546778273,-7.30968197488151
"Fur_Brown+Mouth_Bored.Unshaven",2,6097,-0.0765993054270454,0.0464084119075033,-0.167559792765752,0.0143611819116611,-7.37390730154313
"Fur_Brown+Mouth_Bored.Unshaven",2,6099,-0.0756486421001262,0.0454057529982011,-0.1646439179766,0.013346633776348,-7.28580920291808
"Fur_Brown+Mouth_Bored.Unshaven",2,6101,-0.076248645974381,0.0465729363686225,-0.167531601256881,0.0150343093081191,-7.34142139116214
"Fur_Brown+Mouth_Bored.Unshaven",2,6102,-0.0776986820189248,0.0447252484292612,-0.165360168940277,0.00996280490242717,-7.47568230487422
"Fur_Brown+Mouth_Bored.Unshaven",2,6103,-0.0772329460302398,0.0452124536624477,-0.165849355208637,0.0113834631481576,-7.43258036401166
"Fur_Brown+Mouth_Bored.Unshaven",2,6106,-0.0803375985079071,0.0436923519703898,-0.165974608369871,0.00529941135405693,-7.71952437153929
"Fur_Brown+Mouth_Bored.Unshaven",2,6109,-0.079529374113702,0.0390521357641291,-0.156071560211395,-0.00298718801600902,-7.64491089187194
"Fur_Brown+Mouth_Bored.Unshaven",2,6110,-0.0784294411188417,0.048818193575912,-0.174113100527629,0.0172542182899459,-7.54327059360729
"Fur_Brown+Mouth_Bored.Unshaven",2,6111,-0.0754788036251684,0.0493324472847494,-0.172170400303277,0.0212127930529404,-7.27006142889506
"Fur_Brown+Mouth_Bored.Unshaven",2,6112,-0.0770076448764267,0.0496687574144961,-0.174358409408839,0.0203431196559855,-7.41172246799638
"Fur_Brown+Mouth_Bored.Unshaven",2,6114,-0.0758285041447835,0.0479216120229094,-0.169754863709686,0.0180978554201189,-7.302483467265
"Fur_Brown+Mouth_Bored.Unshaven",2,6115,-0.0750907228605171,0.0441647174639079,-0.161653569089777,0.0114721233687424,-7.23406773965083
"Fur_Brown+Mouth_Bored.Unshaven",2,6118,-0.0743764769741179,0.0477819409403518,-0.168029081217207,0.0192761272689717,-7.16778638636169
"Fur_Brown+Mouth_Bored.Unshaven",2,6119,-0.0731979215353393,0.0469209354611123,-0.16516295503912,0.0187671119684409,-7.05831397913438
"Fur_Brown+Mouth_Bored.Unshaven",2,6120,-0.0741519665130438,0.0461886353831716,-0.16468169186406,0.0163777588379726,-7.14694224350426
"Fur_Brown+Mouth_Bored.Unshaven",2,6121,-0.0740652097173766,0.0472591901324731,-0.166693222377024,0.0185628029422707,-7.13888626029481
"Fur_Brown+Mouth_Bored.Unshaven",2,6122,-0.0791478620286343,0.0448542979982559,-0.167062286105216,0.00876656204794721,-7.60966958719532
"Fur_Brown+Mouth_Bored.Unshaven",2,6124,-0.0775957949794305,0.0449941039479538,-0.16578423871742,0.0105926487585589,-7.46616226200922
"Fur_Brown+Mouth_Bored.Unshaven",2,6125,-0.0776618875745735,0.041277795989302,-0.158566367713605,0.00324259256445837,-7.47227786138373
"Fur_Brown+Mouth_Bored.Unshaven",2,6127,-0.0780384832734381,0.0490552362551637,-0.174186746333559,0.0181097797866827,-7.5071168430498
"Fur_Brown+Mouth_Bored.Unshaven",2,6128,-0.0728769120519935,0.0477913475308896,-0.166547953212537,0.02079412910855,-7.02847402732603
"Fur_Brown+Mouth_Bored.Unshaven",2,6130,-0.0745628192535434,0.0486305926819497,-0.169878780910165,0.0207531424030781,-7.18508334102354
"Fur_Brown+Mouth_Bored.Unshaven",2,6131,-0.0777171770455095,0.0480022277023292,-0.171801543342075,0.0163671892510556,-7.47739352876512
"Fur_Brown+Mouth_Bored.Unshaven",2,6132,-0.0710315161187356,0.0451340624653396,-0.159494278550801,0.0174312463133301,-6.85674634734081
"Fur_Brown+Mouth_Bored.Unshaven",2,6134,-0.0747651607876753,0.0465651371582147,-0.166032829617776,0.0165025080424255,-7.20386175376015
"Fur_Brown+Mouth_Bored.Unshaven",2,6135,-0.0790046987342999,0.0453699743750131,-0.167929848509326,0.00992045104072574,-7.59644173628001
"Fur_Brown+Mouth_Bored.Unshaven",2,6136,-0.0732259315231632,0.0510647492888847,-0.173312840129377,0.0268609770830508,-7.06091723816936
"Fur_Brown+Mouth_Bored.Unshaven",2,6137,-0.0731831138387065,0.0457208400463014,-0.162795960329457,0.0164297326520441,-7.05693771665363
"Fur_Brown+Mouth_Bored.Unshaven",2,6138,-0.0752581041382076,0.0473507420175506,-0.168065558492607,0.0175493502161916,-7.24959372050321
"Fur_Brown+Mouth_Bored.Unshaven",2,6139,-0.0747561668615503,0.0469708960622965,-0.166819123143652,0.0173067894205509,-7.2030271483949
"Fur_Brown+Mouth_Bored.Unshaven",2,6140,-0.0729283147316228,0.0447673499201359,-0.160672320575089,0.0148156911118436,-7.03325289006602
"Fur_Brown+Mouth_Bored.Unshaven",2,6141,-0.0780982956442414,0.0437956143261548,-0.163937699723505,0.007741108435022,-7.51264889622959
"Fur_Brown+Mouth_Bored.Unshaven",2,6142,-0.0786398592355297,0.0474997270835297,-0.171739324319248,0.0144596058481885,-7.56272311783058
"Fur_Brown+Mouth_Bored.Unshaven",2,6143,-0.075510275930971,0.0478478191169111,-0.169292001400117,0.0182714495381747,-7.27297980795452
"Fur_Brown+Mouth_Bored.Unshaven",2,6144,-0.0780078356461482,0.0457311178879334,-0.167640826706498,0.0116251554142014,-7.50428211220117
"Fur_Brown+Mouth_Bored.Unshaven",2,6145,-0.0782354545702955,0.0496451847383642,-0.175540016657489,0.0190691075168984,-7.52533349205792
"Fur_Brown+Mouth_Bored.Unshaven",2,6146,-0.0799828024893083,0.0442826684963396,-0.166776832742134,0.00681122776351729,-7.68677781736189
"Fur_Brown+Mouth_Bored.Unshaven",2,6147,-0.0823332755664896,0.0452677170006188,-0.171058000887702,0.00639144975472326,-7.90350275792229
"Fur_Brown+Mouth_Bored.Unshaven",2,6148,-0.0755119211831649,0.0521374984551291,-0.177701418155218,0.0266775757888881,-7.27313236716243
"Fur_Brown+Mouth_Bored.Unshaven",2,6150,-0.0788340152942053,0.0385364324260061,-0.154365422849177,-0.00330260773923333,-7.58066863301311
"Fur_Brown+Mouth_Bored.Unshaven",2,6152,-0.0742011946222007,0.0480137763565632,-0.168308196281065,0.0199058070366633,-7.15151311145853
"Fur_Brown+Mouth_Bored.Unshaven",2,6154,-0.0760628853346446,0.0446395172114168,-0.163556339069022,0.0114305683997323,-7.32420747553821
"Fur_Brown+Mouth_Bored.Unshaven",2,6155,-0.0776568579615524,0.0470149727941718,-0.169806204638129,0.0144924887150243,-7.47181248157731
"Fur_Brown+Mouth_Bored.Unshaven",2,6157,-0.0775446710237343,0.0442896096021323,-0.164352305843914,0.00926296379644492,-7.46143144526031
"Fur_Brown+Mouth_Bored.Unshaven",2,6158,-0.0768899763151967,0.0475255153410326,-0.170039986383621,0.0162600337532272,-7.40082709758372
"Fur_Brown+Mouth_Bored.Unshaven",2,6159,-0.0750688366011689,0.0453586733567501,-0.163971836380399,0.0138341631780614,-7.23203741818071
"Fur_Brown+Mouth_Bored.Unshaven",2,6160,-0.074120262806746,0.0460388167265334,-0.164356343590751,0.0161158179772594,-7.14399841076733
"Fur_Brown+Mouth_Bored.Unshaven",2,6162,-0.0761962600971876,0.0449830941514872,-0.164363124634103,0.0119706044397274,-7.33656726309946
"Fur_Brown+Mouth_Bored.Unshaven",2,6163,-0.0713868302560546,0.0499852996321536,-0.169358017535076,0.0265843570229665,-6.88983558327471
"Fur_Brown+Mouth_Bored.Unshaven",2,6165,-0.0766987408813934,0.051032986118966,-0.176723393674567,0.0233259119117801,-7.38311716125419
"Fur_Brown+Mouth_Bored.Unshaven",2,6166,-0.075754325193485,0.0487374430381979,-0.171279713548353,0.019771063161383,-7.2956070076595
"Fur_Brown+Mouth_Bored.Unshaven",2,6167,-0.0769935427883166,0.0415670405978388,-0.158464942360081,0.00447785678344741,-7.41041677074216
"Fur_Brown+Mouth_Bored.Unshaven",2,6169,-0.0763238611141343,0.0452661587971253,-0.1650455323565,0.0123978101282313,-7.34839045700864
"Fur_Brown+Mouth_Bored.Unshaven",2,6171,-0.0734296605908842,0.0452024091652194,-0.162026382554714,0.0151670613729459,-7.07984970224316
"Fur_Brown+Mouth_Bored.Unshaven",2,6173,-0.0774055856143219,0.0465234781676755,-0.168591602822966,0.013780431594322,-7.44855978545714
"Fur_Brown+Mouth_Bored.Unshaven",2,6174,-0.0742841313707147,0.0450802948912888,-0.162641509357641,0.0140732466162113,-7.15921334374497
"Fur_Brown+Mouth_Bored.Unshaven",2,6175,-0.0765507265081831,0.0469236836839596,-0.168521146528744,0.0154196935123777,-7.36940751680494
"Fur_Brown+Mouth_Bored.Unshaven",2,6176,-0.0752031837128213,0.0469415654783924,-0.16720865205047,0.0168022846248277,-7.24449968885368
"Fur_Brown+Mouth_Bored.Unshaven",2,6177,-0.0758940818466579,0.0485816814528734,-0.17111417749429,0.0193260138009739,-7.30856215805322
"Fur_Brown+Mouth_Bored.Unshaven",2,6178,-0.0757388974697219,0.0479585439459371,-0.169737643603759,0.0182598486643148,-7.29417677886023
"Fur_Brown+Mouth_Bored.Unshaven",2,6179,-0.0745509942645072,0.0455527192392884,-0.163834323973512,0.014732335444498,-7.18398579916246
"Fur_Brown+Mouth_Bored.Unshaven",2,6181,-0.0768578901097543,0.0475953276861734,-0.170144732374654,0.0164289521551456,-7.39785589383111
"Fur_Brown+Mouth_Bored.Unshaven",2,6182,-0.076124841619,0.0483814841954574,-0.170952550642096,0.0187028674040966,-7.32994914542461
"Fur_Brown+Mouth_Bored.Unshaven",2,6184,-0.0790785684961517,0.0507649277941755,-0.178577826972736,0.0204206899804322,-7.60326731301825
"Fur_Brown+Mouth_Bored.Unshaven",2,6186,-0.0760746921749597,0.0533511097468149,-0.180642867278717,0.0284934829287975,-7.32530167736207
"Fur_Brown+Mouth_Bored.Unshaven",2,6187,-0.0777363256508043,0.0489478526243427,-0.173674116794516,0.0182014654929075,-7.47916519067479
"Fur_Brown+Mouth_Bored.Unshaven",2,6188,-0.0719776693103731,0.0471252274732794,-0.164343115158001,0.0203877765372545,-6.94483245601608
"Fur_Brown+Mouth_Bored.Unshaven",2,6189,-0.0758917525420726,0.0475559547435498,-0.16910142383943,0.017317918755285,-7.30834625121059
"Fur_Brown+Mouth_Bored.Unshaven",2,6193,-0.0775682790954151,0.0454894386075056,-0.166727578766126,0.0115910205752958,-7.46361607663242
"Fur_Brown+Mouth_Bored.Unshaven",2,6194,-0.0752349389998157,0.0461952880493464,-0.165777703576535,0.0153078255769032,-7.24744511961961
"Fur_Brown+Mouth_Bored.Unshaven",2,6195,-0.0759313182210937,0.0470670605591553,-0.168182756917038,0.0163201204748507,-7.31201358687995
"Fur_Brown+Mouth_Bored.Unshaven",2,6196,-0.07607653111468,0.045505108667919,-0.165266544103801,0.0131134818744413,-7.3254721003892
"Fur_Brown+Mouth_Bored.Unshaven",2,6197,-0.0757261309448675,0.0483676744281745,-0.17052677282409,0.0190745109343545,-7.2929932401091
"Fur_Brown+Mouth_Bored.Unshaven",2,6198,-0.0748987735574624,0.0479073956672847,-0.16879726906534,0.0189997219504157,-7.21625967453806
"Fur_Brown+Mouth_Bored.Unshaven",2,6200,-0.078176681339141,0.0445139254203283,-0.165423975162984,0.00907061248470259,-7.5198982973869
"Fur_Brown+Mouth_Bored.Unshaven",2,6201,-0.0751733598695839,0.0404288729226288,-0.154413950797936,0.00406723105876855,-7.24173332210135
"Fur_Brown+Mouth_Bored.Unshaven",2,6203,-0.0748929927074515,0.049722113510446,-0.172348335187926,0.0225623497730227,-7.21572330410145
"Fur_Brown+Mouth_Bored.Unshaven",2,6205,-0.0762950648407588,0.0470499286450533,-0.168512924985063,0.0159227953035457,-7.34572239751665
"Fur_Brown+Mouth_Bored.Unshaven",2,6207,-0.077290587176625,0.0520551281217769,-0.179318638295308,0.0247374639420578,-7.43791590242264
"Fur_Brown+Mouth_Bored.Unshaven",2,6208,-0.0756013908253329,0.0464138937529806,-0.166572622581175,0.0153698409305091,-7.28142823570916
"Fur_Brown+Mouth_Bored.Unshaven",2,6209,-0.0742608332351146,0.0490041670792869,-0.170309000710517,0.0217873342402877,-7.15705030131091
"Fur_Brown+Mouth_Bored.Unshaven",2,6212,-0.0744193397786079,0.0450847813442326,-0.162785511213304,0.0139468316560881,-7.1717653501088
"Fur_Brown+Mouth_Bored.Unshaven",2,6213,-0.0783982076421529,0.0420597736278511,-0.160835363952741,0.00403894866843521,-7.54038280340703
"Fur_Brown+Mouth_Bored.Unshaven",2,6214,-0.0750564680249674,0.0502372838537438,-0.173521544378305,0.0234086083283705,-7.23089000347054
"Fur_Brown+Mouth_Bored.Unshaven",2,6215,-0.0740261418218045,0.0457754807668671,-0.163746084124864,0.015693800481255,-7.13525830113261
"Fur_Brown+Mouth_Bored.Unshaven",2,6217,-0.0764302437347326,0.0431773426316703,-0.161057835292806,0.0081973478233412,-7.35824645377179
"Fur_Brown+Mouth_Bored.Unshaven",2,6218,-0.0749223092800528,0.0478575107017989,-0.168723030255579,0.0188784116954731,-7.2184433812136
"Fur_Brown+Mouth_Bored.Unshaven",2,6219,-0.0761826604988517,0.047491831652018,-0.169266650536807,0.0169013295391036,-7.33530706906476
"Fur_Brown+Mouth_Bored.Unshaven",2,6220,-0.0721238344659718,0.0496385426284194,-0.169415378017674,0.0251677090857302,-6.95843288508079
"Fur_Brown+Mouth_Bored.Unshaven",2,6222,-0.0756113912180901,0.0480229424088972,-0.169736358339529,0.0185135759033483,-7.28235545320641
"Fur_Brown+Mouth_Bored.Unshaven",2,6224,-0.0753972385616738,0.0490787328526888,-0.171591554952944,0.0207970778295963,-7.26249759709964
"Fur_Brown+Mouth_Bored.Unshaven",2,6225,-0.0749504602724104,0.0461381361773462,-0.165381207180009,0.0154802866351882,-7.22105523734157
"Fur_Brown+Mouth_Bored.Unshaven",2,6227,-0.0758644766910335,0.049008191577576,-0.171920532183083,0.0201915788010154,-7.30581797299005
"Fur_Brown+Mouth_Bored.Unshaven",2,6228,-0.0715546430607585,0.049064628408223,-0.167721314740876,0.0246120286193586,-6.90545935014119
"Fur_Brown+Mouth_Bored.Unshaven",2,6230,-0.074742761258765,0.0498975003526312,-0.172541861949922,0.0230563394323922,-7.20178314069886
"Fur_Brown+Mouth_Bored.Unshaven",2,6233,-0.0773314428291564,0.0442410501469149,-0.16404390111711,0.0093810154587967,-7.44169750951759
"Fur_Brown+Mouth_Bored.Unshaven",2,6234,-0.0753032894044284,0.049402340059914,-0.17213187592186,0.0215252971130031,-7.25378457761983
"Fur_Brown+Mouth_Bored.Unshaven",2,6235,-0.0726391722483751,0.0453660768564298,-0.161556682886978,0.0162783383902273,-7.00636836740567
"Fur_Brown+Mouth_Bored.Unshaven",2,6237,-0.074308912413385,0.047865163491563,-0.168124632856848,0.0195068080300784,-7.16151400673413
"Fur_Brown+Mouth_Bored.Unshaven",2,6239,-0.0709246374818773,0.0469596244501205,-0.162965501404113,0.0211162264403588,-6.84679079134922
"Fur_Brown+Mouth_Bored.Unshaven",2,6240,-0.0773352036117137,0.0456281996035365,-0.166766474834645,0.0120960676112179,-7.44204560051258
"Fur_Brown+Mouth_Bored.Unshaven",2,6241,-0.0779138610393992,0.0457081391274769,-0.167501813729254,0.0116740916504556,-7.49558945504857
"Fur_Brown+Mouth_Bored.Unshaven",2,6242,-0.0764076922274793,0.0467901795312432,-0.168116444108716,0.0153010596537573,-7.35615721903713
"Fur_Brown+Mouth_Bored.Unshaven",2,6243,-0.0707451562442327,0.0410131150094317,-0.151130861662719,0.0096405491742534,-6.83007003758399
"Fur_Brown+Mouth_Bored.Unshaven",2,6244,-0.0739897881341198,0.0470786219082579,-0.166263887074305,0.0182843108060656,-7.13188226395064
"Fur_Brown+Mouth_Bored.Unshaven",2,6247,-0.0747289483273354,0.0458530306463067,-0.164600888394097,0.0151429917394257,-7.20050131643973
"Fur_Brown+Mouth_Bored.Unshaven",2,6248,-0.0783175220933003,0.0440646105631492,-0.164684158797073,0.0080491146104721,-7.53292234747538
"Fur_Brown+Mouth_Bored.Unshaven",2,6250,-0.0756489061691465,0.047212961336155,-0.16818631038801,0.0168884980497173,-7.28583368586038
"Fur_Brown+Mouth_Bored.Unshaven",2,6251,-0.0746450865535672,0.0509911217531572,-0.174587685189755,0.0252975120826209,-7.19271865954618
"Fur_Brown+Mouth_Bored.Unshaven",2,6252,-0.0758052495561294,0.0459389753574561,-0.165845641256743,0.0142351421444845,-7.30032779958429
"Fur_Brown+Mouth_Bored.Unshaven",2,6253,-0.0760280630077064,0.0446971228506193,-0.16363442379492,0.0115782977795075,-7.32098023260194
"Fur_Brown+Mouth_Bored.Unshaven",2,6254,-0.0804123461007261,0.0474282547444434,-0.173371725399835,0.0125470331983829,-7.72642185716828
"Fur_Brown+Mouth_Bored.Unshaven",2,6255,-0.0754600365381641,0.0511356070009314,-0.17568582625999,0.0247657531836615,-7.26832114173997
"Fur_Brown+Mouth_Bored.Unshaven",2,6257,-0.0741330430505115,0.0497024010671953,-0.171549749142214,0.0232836630411914,-7.14518512551946
"Fur_Brown+Mouth_Bored.Unshaven",2,6260,-0.0768951847655928,0.0483884227183411,-0.171736493293541,0.0179461237623557,-7.40130939452649
"Fur_Brown+Mouth_Bored.Unshaven",2,6261,-0.0739746668062877,0.05085878442184,-0.173657884273094,0.0257085506605187,-7.1304779640798
"Fur_Brown+Mouth_Bored.Unshaven",2,6263,-0.0747696538305496,0.04558917357238,-0.164124434032414,0.0145851263713152,-7.20427868985121
"Fur_Brown+Mouth_Bored.Unshaven",2,6268,-0.0781123824699847,0.0433183038158181,-0.163016257948988,0.00679149300901877,-7.51395174025156
"Fur_Brown+Mouth_Bored.Unshaven",2,6271,-0.0789917519120521,0.0452966970421825,-0.16777327811473,0.00978977429062565,-7.59524539609172
"Fur_Brown+Mouth_Bored.Unshaven",2,6272,-0.0768494574854035,0.0476527131911178,-0.170248775339994,0.0165498603691875,-7.39707501144333
"Fur_Brown+Mouth_Bored.Unshaven",2,6273,-0.0737693368459222,0.0438804397062791,-0.159774998670229,0.0122363249783849,-7.11140711095925
"Fur_Brown+Mouth_Bored.Unshaven",2,6274,-0.0729864669354913,0.0424336947886853,-0.156156508721314,0.0101835748503319,-7.03865895410815
"Fur_Brown+Mouth_Bored.Unshaven",2,6276,-0.0752923597964057,0.0471717157490035,-0.167748922664453,0.0171642030716413,-7.25277089230009
"Fur_Brown+Mouth_Bored.Unshaven",2,6277,-0.0762391836330641,0.0443473240306428,-0.163159938733124,0.0106815714669957,-7.34054461991725
"Fur_Brown+Mouth_Bored.Unshaven",2,6278,-0.0770059969478941,0.0437141043324316,-0.16268564143946,0.00867364754367185,-7.41156988900633
"Fur_Brown+Mouth_Bored.Unshaven",2,6281,-0.0760928490978413,0.045092234696519,-0.164473629103018,0.0122879309073359,-7.32698434943647
"Fur_Brown+Mouth_Bored.Unshaven",2,6282,-0.0781749464400517,0.0463620503704574,-0.169044565166148,0.0126946722860448,-7.51973785360349
"Fur_Brown+Mouth_Bored.Unshaven",2,6283,-0.075746666495904,0.0469180443907987,-0.167706033501869,0.0162127005100615,-7.29489701003031
"Fur_Brown+Mouth_Bored.Unshaven",2,6284,-0.0730659647521714,0.0458710509245055,-0.162973224564202,0.0168412950598593,-7.04604888401141
"Fur_Brown+Mouth_Bored.Unshaven",2,6285,-0.0808166347106207,0.0414681726307713,-0.162094253066932,0.000460983645691096,-7.76371947379682
"Fur_Brown+Mouth_Bored.Unshaven",2,6286,-0.0805822300963714,0.0521737556336185,-0.182842791138264,0.0216783309455209,-7.74209632985694
"Fur_Brown+Mouth_Bored.Unshaven",2,6287,-0.0774208967798884,0.0478533579963352,-0.171213478452705,0.0163716848929287,-7.44997684503325
"Fur_Brown+Mouth_Bored.Unshaven",2,6288,-0.0742354332004697,0.0442811554815289,-0.161026497944266,0.0125556315433269,-7.15469205722242
"Fur_Brown+Mouth_Bored.Unshaven",2,6289,-0.0770913375926918,0.0456573000151778,-0.16657964562244,0.0123969704370566,-7.41947110818045
"Fur_Brown+Mouth_Bored.Unshaven",2,6290,-0.078126581367502,0.046411633617981,-0.169093383258745,0.0128402205237408,-7.51526493084963
"Fur_Brown+Mouth_Bored.Unshaven",2,6291,-0.0742896815768152,0.0469054171219916,-0.166224299135919,0.0176449359822883,-7.15972862781549
"Fur_Brown+Mouth_Bored.Unshaven",2,6292,-0.0773593376126268,0.0485720664799133,-0.172560587913257,0.0178419126880032,-7.44427936731359
"Fur_Brown+Mouth_Bored.Unshaven",2,6293,-0.080076500912154,0.0481297607562146,-0.174410831994335,0.0142578301700267,-7.69542701547377
"Fur_Brown+Mouth_Bored.Unshaven",2,6294,-0.0772487123027102,0.0436028568555624,-0.162710311739613,0.00821288713419216,-7.4340397956666
"Fur_Brown+Mouth_Bored.Unshaven",2,6296,-0.0755959733201444,0.0509537852032069,-0.17546539231843,0.0242734456781412,-7.28092593100494
"Fur_Brown+Mouth_Bored.Unshaven",2,6297,-0.0767332525558721,0.0479969774160207,-0.170807328291273,0.0173408231795285,-7.38631346981066
"Fur_Brown+Mouth_Bored.Unshaven",2,6298,-0.0754031600846132,0.0441207444228021,-0.161879819153305,0.011073498984079,-7.26304674272156
"Fur_Brown+Mouth_Bored.Unshaven",2,6300,-0.0791707842095938,0.0478510418113082,-0.172958826159758,0.0146172577405703,-7.61178735079597
"Fur_Brown+Mouth_Bored.Unshaven",2,6302,-0.0770479996706708,0.0470499990130296,-0.169265997736209,0.0151699983948672,-7.41545877349617
"Fur_Brown+Mouth_Bored.Unshaven",2,6304,-0.0748002093149428,0.0464269279359208,-0.165796988069348,0.016196569439462,-7.20711406474711
"Fur_Brown+Mouth_Bored.Unshaven",2,6307,-0.0742022913042244,0.0452759411097538,-0.162943135879342,0.0145385532708931,-7.15161493666919
"Fur_Brown+Mouth_Bored.Unshaven",2,6309,-0.0781007467472486,0.0432940273134816,-0.162957040281673,0.00675554678717541,-7.51287559197619
"Fur_Brown+Mouth_Bored.Unshaven",2,6310,-0.0762635648286582,0.0476631434959866,-0.169683326080792,0.0171561964234756,-7.34280374068238
"Fur_Brown+Mouth_Bored.Unshaven",2,6311,-0.076220543677134,0.0434004370450036,-0.161285400285341,0.00884431293107292,-7.3388174356552
"Fur_Brown+Mouth_Bored.Unshaven",2,6316,-0.0746887131296639,0.0505283703979655,-0.173724319109676,0.0243468928503485,-7.19676743515015
"Fur_Brown+Mouth_Bored.Unshaven",2,6317,-0.0742418310546731,0.0468004802790297,-0.165970772401571,0.017487110292225,-7.15528606606591
"Fur_Brown+Mouth_Bored.Unshaven",2,6319,-0.0753867412426892,0.0430017942679155,-0.159670258007804,0.00889677552242507,-7.26152409684552
"Fur_Brown+Mouth_Bored.Unshaven",2,6320,-0.0792902805174483,0.0454067251775924,-0.168287461865529,0.00970690083063273,-7.62282674150049
"Fur_Brown+Mouth_Bored.Unshaven",2,6321,-0.0789224457661103,0.0421045749692068,-0.161447412705756,0.00360252117353498,-7.58884095675248
"Fur_Brown+Mouth_Bored.Unshaven",2,6322,-0.0790191937122144,0.045415287134968,-0.168033156496752,0.00999476907232293,-7.59778111410913
"Fur_Brown+Mouth_Bored.Unshaven",2,6324,-0.0783650978907769,0.0460952203405166,-0.16871172975819,0.0119815339766357,-7.53732143778908
"Fur_Brown+Mouth_Bored.Unshaven",2,6326,-0.0774000287784798,0.0513733792407347,-0.17809185209032,0.0232917945333602,-7.448045490868
"Fur_Brown+Mouth_Bored.Unshaven",2,6327,-0.0729127499178048,0.046657712068555,-0.164361865572173,0.018536365736563,-7.03180586869471
"Fur_Brown+Mouth_Bored.Unshaven",2,6328,-0.0747720614613016,0.0450963930054885,-0.163160991752059,0.0136168688294558,-7.20450210741453
"Fur_Brown+Mouth_Bored.Unshaven",2,6329,-0.0713476630438945,0.0500020187303155,-0.169351619755313,0.026656293667524,-6.88618864629102
"Fur_Brown+Mouth_Bored.Unshaven",2,6330,-0.0774578049176739,0.0473791971382389,-0.170321031308622,0.0154054214732743,-7.45339263100436
"Fur_Brown+Mouth_Bored.Unshaven",2,6331,-0.0793819767693017,0.0494359663658973,-0.17627647084646,0.017512517307857,-7.63129699369397
"Fur_Brown+Mouth_Bored.Unshaven",2,6332,-0.0788804886809784,0.0460341004196768,-0.169107325503545,0.0113463481415881,-7.58496357254407
"Fur_Brown+Mouth_Bored.Unshaven",2,6333,-0.0742887189880953,0.0440438356868671,-0.160614636934355,0.0120371989581643,-7.1596392607745
"Fur_Brown+Mouth_Bored.Unshaven",2,6334,-0.0760578728947095,0.0511903355736505,-0.176390930619064,0.0242751848296455,-7.32374294253052
"Fur_Brown+Mouth_Bored.Unshaven",2,6335,-0.0781669867686112,0.047580148904183,-0.17142407862081,0.0150901050835875,-7.51900173817247
"Fur_Brown+Mouth_Bored.Unshaven",2,6336,-0.0776010069047048,0.0403365485152161,-0.156660641994528,0.00145862818511883,-7.46664454020006
"Fur_Brown+Mouth_Bored.Unshaven",2,6337,-0.0763855418800097,0.0470920936009025,-0.168686045337779,0.0159149615777592,-7.35410510300115
"Fur_Brown+Mouth_Bored.Unshaven",2,6338,-0.0718309379026734,0.0503882205290714,-0.170591850139653,0.0269299743343067,-6.93117733849581
"Fur_Brown+Mouth_Bored.Unshaven",2,6339,-0.0779388875582935,0.0513118406705571,-0.178510095272585,0.0226323201559983,-7.49790448945814
"Fur_Brown+Mouth_Bored.Unshaven",2,6340,-0.0792353692488088,0.0474367738441514,-0.172211445983346,0.0137407074857279,-7.61775405445096
"Fur_Brown+Mouth_Bored.Unshaven",2,6341,-0.0754176975771701,0.0502981021857446,-0.17400197786123,0.0231665827068893,-7.26439489568989
"Fur_Brown+Mouth_Bored.Unshaven",2,6342,-0.0731759221085959,0.0467495655491906,-0.16480507058501,0.0184532263678177,-7.05626929283047
"Fur_Brown+Mouth_Bored.Unshaven",2,6343,-0.0731802905044785,0.0461085420508136,-0.163553032924073,0.0171924519151161,-7.05667530695418
"Fur_Brown+Mouth_Bored.Unshaven",2,6345,-0.0730602253441717,0.045281181969759,-0.161811342004899,0.0156908913165559,-7.04551538182978
"Fur_Brown+Mouth_Bored.Unshaven",2,6347,-0.0780850568925851,0.049503577669222,-0.17511206912426,0.0189419553390901,-7.51142447105206
"Fur_Brown+Mouth_Bored.Unshaven",2,6348,-0.0751672319699474,0.0475466527921048,-0.168358671442473,0.0180242075025779,-7.2411649070111
"Fur_Brown+Mouth_Bored.Unshaven",2,6349,-0.0761184772960212,0.0481429712957064,-0.170478701035606,0.0182417464435634,-7.32935936141372
"Fur_Brown+Mouth_Bored.Unshaven",2,6350,-0.0760923962669361,0.0449826177809108,-0.164258327117521,0.0120735345836491,-7.3269423842214
"Fur_Brown+Mouth_Bored.Unshaven",2,6351,-0.0747078141852609,0.0486152501062816,-0.169993704393573,0.020578076023051,-7.19854005792543
"Fur_Brown+Mouth_Bored.Unshaven",2,6352,-0.0755568135066202,0.0460671568280124,-0.165848440889524,0.014734813876284,-7.27729499826141
"Fur_Brown+Mouth_Bored.Unshaven",2,6354,-0.0762885386729529,0.0457853678596218,-0.166027859677812,0.0134507823319059,-7.34511771817996
"Fur_Brown+Mouth_Bored.Unshaven",2,6355,-0.0755640077617198,0.0475412612160845,-0.168744879745245,0.0176168642218058,-7.27796206665517
"Fur_Brown+Mouth_Bored.Unshaven",2,6356,-0.0749033603828305,0.0449238000612406,-0.162954008502862,0.0131472877372011,-7.21668525637591
"Fur_Brown+Mouth_Bored.Unshaven",2,6357,-0.0752778785126768,0.0506867527305464,-0.174623913864548,0.0240681568391942,-7.25142778363537
"Fur_Brown+Mouth_Bored.Unshaven",2,6358,-0.0762501335741755,0.0484279777916243,-0.171168970045759,0.0186687028974081,-7.34155922994212
"Fur_Brown+Mouth_Bored.Unshaven",2,6360,-0.077996182366734,0.0385111558000735,-0.153478047734878,-0.00251431699858984,-7.50320422747557
"Fur_Brown+Mouth_Bored.Unshaven",2,6362,-0.0724963623269474,0.046195125684514,-0.163038808668595,0.0180460840147001,-6.99308700584641
"Fur_Brown+Mouth_Bored.Unshaven",2,6363,-0.0767878977945358,0.0468460401747851,-0.168606136537115,0.0150303409480429,-7.39137422854018
"Fur_Brown+Mouth_Bored.Unshaven",2,6364,-0.0746895268919135,0.0477974888938485,-0.168372605123856,0.0189935513400295,-7.19684295488673
"Fur_Brown+Mouth_Bored.Unshaven",2,6365,-0.0777447586382333,0.0442684574114403,-0.164510935164656,0.00902141788818978,-7.47994541442185
"Fur_Brown+Mouth_Bored.Unshaven",2,6366,-0.0784582042525661,0.0447015233652461,-0.166073190048449,0.00915678154331635,-7.54592990063374
"Fur_Brown+Mouth_Bored.Unshaven",2,6367,-0.077117740738897,0.0459495084424337,-0.167178777286067,0.0129432958082731,-7.42191549315067
"Fur_Brown+Mouth_Bored.Unshaven",2,6368,-0.076283037384028,0.0461626330500554,-0.166761798162137,0.0141957233940807,-7.34460799550016
"Fur_Brown+Mouth_Bored.Unshaven",2,6369,-0.0761798239579582,0.0474637527958903,-0.169208779437903,0.0168491315219869,-7.33504422150109
"Fur_Brown+Mouth_Bored.Unshaven",2,6371,-0.0776026724216896,0.0438634358678767,-0.163575006722728,0.00836966187934886,-7.46679865594689
"Fur_Brown+Mouth_Bored.Unshaven",2,6372,-0.0752824197365497,0.0477173548726961,-0.168808435287034,0.0182435958139348,-7.25184897470933
"Fur_Brown+Mouth_Bored.Unshaven",2,6373,-0.0769711161062789,0.0496734656694288,-0.174331108818359,0.0203888766058015,-7.40834027031465
"Fur_Brown+Mouth_Bored.Unshaven",2,6374,-0.0729280203343203,0.0446167988691294,-0.160376946117814,0.0145209054491734,-7.03322552090241
"Fur_Brown+Mouth_Bored.Unshaven",2,6376,-0.0776088113432603,0.0458787658128847,-0.167531192336514,0.0123135696499937,-7.46736670826902
"Fur_Brown+Mouth_Bored.Unshaven",2,6378,-0.075830490514973,0.0461840108715126,-0.166351151823138,0.0146901707931917,-7.3026675986656
"Fur_Brown+Mouth_Bored.Unshaven",2,6379,-0.0733428452035302,0.0490924872568069,-0.169564120226872,0.0228784298198114,-7.07178245322646
"Fur_Brown+Mouth_Bored.Unshaven",2,6380,-0.0738889625875038,0.0459441636392635,-0.16393952332046,0.0161615981454526,-7.12251831316192
"Fur_Brown+Mouth_Bored.Unshaven",2,6381,-0.0767847408695845,0.0491169760144479,-0.173054013857902,0.0194845321187334,-7.3910818695973
"Fur_Brown+Mouth_Bored.Unshaven",2,6382,-0.0766394541408696,0.0489573845209236,-0.17259592780188,0.0193170195201406,-7.37762604537964
"Fur_Brown+Mouth_Bored.Unshaven",2,6383,-0.0789564223033356,0.0491798364483914,-0.175348901742183,0.0174360571355115,-7.59198071459841
"Fur_Brown+Mouth_Bored.Unshaven",2,6386,-0.0764517045613555,0.0468175866077205,-0.168214174312488,0.0153107651897768,-7.36023460104897
"Fur_Brown+Mouth_Bored.Unshaven",2,6387,-0.0761316766480997,0.0461886032541953,-0.166661339026322,0.0143979857301231,-7.33058254575422
"Fur_Brown+Mouth_Bored.Unshaven",2,6389,-0.0718632770063524,0.0439050750456081,-0.157917224095744,0.0141906700830395,-6.93418705213517
"Fur_Brown+Mouth_Bored.Unshaven",2,6394,-0.0760538401442573,0.0482937985750875,-0.170709685351429,0.0186020050629141,-7.32336920155936
"Fur_Brown+Mouth_Bored.Unshaven",2,6395,-0.0757493579794052,0.044944616232236,-0.163840805794588,0.0123420898357774,-7.29514652394971
"Fur_Brown+Mouth_Bored.Unshaven",2,6397,-0.0740813578777004,0.0432238011994303,-0.158800008228584,0.010637292473183,-7.14038578434001
"Fur_Brown+Mouth_Bored.Unshaven",2,6399,-0.0733634150459996,0.0491057205645329,-0.169610627352484,0.0228837972604849,-7.07369395236268
"Fur_Brown+Mouth_Bored.Unshaven",2,6400,-0.0776402341443485,0.0477345564955707,-0.171199964875667,0.0159194965869701,-7.47027429711659
"Fur_Brown+Mouth_Bored.Unshaven",2,6401,-0.0757360671836658,0.0405990992663553,-0.155310301745722,0.00383816737839061,-7.29391439449014
"Fur_Brown+Mouth_Bored.Unshaven",2,6402,-0.0749813645512696,0.046573747893366,-0.166265910422267,0.0163031813197278,-7.22392245941783
"Fur_Brown+Mouth_Bored.Unshaven",2,6404,-0.076616039777883,0.0462293171178061,-0.167225501328783,0.0139934217730169,-7.3754573261057
"Fur_Brown+Mouth_Bored.Unshaven",2,6405,-0.07886944370807,0.045663769871944,-0.16837043265708,0.0106315452409403,-7.58394284533346
"Fur_Brown+Mouth_Bored.Unshaven",2,6407,-0.0790003435332586,0.0453169656861349,-0.167821596278083,0.00982090921156581,-7.5960392993305
"Fur_Brown+Mouth_Bored.Unshaven",2,6408,-0.0749480375976289,0.0457045134331807,-0.164528883926663,0.0146328087314052,-7.22083046385956
"Fur_Brown+Mouth_Bored.Unshaven",2,6409,-0.076827623985798,0.0463828369881629,-0.167737984482597,0.0140827365110013,-7.39505314344498
"Fur_Brown+Mouth_Bored.Unshaven",2,6410,-0.0757917213882609,0.0443647787010615,-0.162746687642341,0.0111632448658196,-7.29907373437483
"Fur_Brown+Mouth_Bored.Unshaven",2,6411,-0.0736439659448895,0.0450254103152984,-0.161893770162874,0.0146058382730954,-7.0997608543375
"Fur_Brown+Mouth_Bored.Unshaven",2,6412,-0.0741024348932353,0.041431937988392,-0.155309033350484,0.00710416356401299,-7.14234296724554
"Fur_Brown+Mouth_Bored.Unshaven",2,6417,-0.0737143243315555,0.0496108335934254,-0.170951558174669,0.0235229095115582,-7.10629693534791
"Fur_Brown+Mouth_Bored.Unshaven",2,6418,-0.0726058751248595,0.0456717263534039,-0.162122458777531,0.0169107085278122,-7.00327189541552
"Fur_Brown+Mouth_Bored.Unshaven",2,6420,-0.0769948498541744,0.0421287487803236,-0.159567197463609,0.00557749775525984,-7.41053779134609
"Fur_Brown+Mouth_Bored.Unshaven",2,6421,-0.0763029323817362,0.0475183061378099,-0.169438812411844,0.0168329476483713,-7.34645135597486
"Fur_Brown+Mouth_Bored.Unshaven",2,6422,-0.0752356895744757,0.0469388954479606,-0.167235924652478,0.016764545503527,-7.24751473731083
"Fur_Brown+Mouth_Bored.Unshaven",2,6426,-0.0735882348429097,0.0482385521883662,-0.168135797132107,0.020959327446288,-7.09458327736102
"Fur_Brown+Mouth_Bored.Unshaven",2,6427,-0.07282338642895,0.0467676347453974,-0.164487950529929,0.018841177672029,-7.0234975352893
"Fur_Brown+Mouth_Bored.Unshaven",2,6428,-0.077202097945736,0.047136663448013,-0.169589958303842,0.0151857624123695,-7.42972479238421
"Fur_Brown+Mouth_Bored.Unshaven",2,6429,-0.074701178099518,0.0458599898092202,-0.16458675812559,0.0151844019265537,-7.1979242174368
"Fur_Brown+Mouth_Bored.Unshaven",2,6430,-0.0766338840548714,0.044824908164498,-0.164490704057288,0.0112229359475448,-7.3771101293545
"Fur_Brown+Mouth_Bored.Unshaven",2,6432,-0.0738986645488563,0.0466895782403453,-0.165410237899933,0.0176129088022205,-7.12341940252859
"Fur_Brown+Mouth_Bored.Unshaven",2,6433,-0.0791216639396965,0.0467921609521619,-0.170834299405934,0.0125909715265408,-7.60724910539631
"Fur_Brown+Mouth_Bored.Unshaven",2,6436,-0.0743023520480506,0.0505478455200391,-0.173376129267327,0.0247714251712261,-7.1609049503511
"Fur_Brown+Mouth_Bored.Unshaven",2,6438,-0.0781016386907417,0.0474856669215493,-0.171173545856978,0.014970268475495,-7.5129580852282
"Fur_Brown+Mouth_Bored.Unshaven",2,6439,-0.0762498708011587,0.0450680057186855,-0.164583162009782,0.0120834204074648,-7.3415348818009
"Fur_Brown+Mouth_Bored.Unshaven",2,6443,-0.0781565337610606,0.0441970622495938,-0.164782775770264,0.00846970824814312,-7.51803502854684
"Fur_Brown+Mouth_Bored.Unshaven",2,6445,-0.0778738406055869,0.0409863217322501,-0.158207031200797,0.00245934998962336,-7.49188731432887
"Fur_Brown+Mouth_Bored.Unshaven",2,6454,-0.0770101892167406,0.0492822014913848,-0.173603304139855,0.0195829257063736,-7.41195804378382
"Fur_Brown+Mouth_Bored.Unshaven",2,6457,-0.077104844791234,0.0477744441762159,-0.170742755376617,0.0165330657941491,-7.42072160331997
"Fur_Brown+Mouth_Bored.Unshaven",2,6460,-0.0764846709730928,0.0466783815853205,-0.167974298880321,0.0150049569341353,-7.36328855135919
"Fur_Brown+Mouth_Bored.Unshaven",2,6462,-0.0727350561604421,0.0460408180252548,-0.162975059489942,0.0175049471690572,-7.01528453313867
"Fur_Brown+Mouth_Bored.Unshaven",2,6463,-0.0769795509579133,0.0455069879554911,-0.166173247350676,0.0122141454348493,-7.40912126393326
"Fur_Brown+Mouth_Bored.Unshaven",2,6464,-0.071053166861739,0.0453994007302838,-0.160035992293095,0.0179296585696172,-6.85876294615764
"Fur_Brown+Mouth_Bored.Unshaven",2,6467,-0.0794098911200361,0.0480137687866412,-0.173516877941853,0.0146970957017807,-7.63387537007956
"Fur_Brown+Mouth_Bored.Unshaven",2,6468,-0.072934620032471,0.0501911942110054,-0.171309360686041,0.0254401206210995,-7.03383907152739
"Fur_Brown+Mouth_Bored.Unshaven",2,6469,-0.0746271339531055,0.0422037444201427,-0.157346473016585,0.0080922051103742,-7.19105251254855
"Fur_Brown+Mouth_Bored.Unshaven",2,6471,-0.0763979856029402,0.0496317032460018,-0.173676123965104,0.0208801527592234,-7.35525795567499
"Fur_Brown+Mouth_Bored.Unshaven",2,6472,-0.0764710220790553,0.0488112159293909,-0.172141005300661,0.0191989611425508,-7.36202415407184
"Fur_Brown+Mouth_Bored.Unshaven",2,6473,-0.077389512083516,0.0472403783592429,-0.169980653667632,0.0152016295006002,-7.44707214507595
"Fur_Brown+Mouth_Bored.Unshaven",2,6474,-0.0776313808377046,0.0409140029490737,-0.157822826617889,0.00256006494247991,-7.46945509945496
"Fur_Brown+Mouth_Bored.Unshaven",2,6476,-0.0738945922209136,0.0462689242255478,-0.164581683702987,0.0167924992611602,-7.12304117786406
"Fur_Brown+Mouth_Bored.Unshaven",2,6477,-0.0787194344520489,0.0480243293212021,-0.172847119921605,0.0154082510175072,-7.57007854149434
"Fur_Brown+Mouth_Bored.Unshaven",2,6479,-0.0787870329202757,0.0479791380351553,-0.17282614346918,0.0152520776286288,-7.5763264514263
"Fur_Brown+Mouth_Bored.Unshaven",2,6482,-0.0775398801490353,0.0519011925296554,-0.17926621750716,0.0241864572090892,-7.46098810351153
"Fur_Brown+Mouth_Bored.Unshaven",2,6487,-0.0766510667974327,0.0454718541316411,-0.165775900895449,0.0124737673005839,-7.37870163095322
"Fur_Brown+Mouth_Bored.Unshaven",2,6488,-0.0741079336958763,0.0494425517203233,-0.17101533506771,0.0227994676759574,-7.14285357177141
"Fur_Brown+Mouth_Bored.Unshaven",2,6489,-0.0768490511924945,0.0437595119696834,-0.162617694653074,0.0089195922680849,-7.39703738752392
"Fur_Brown+Mouth_Bored.Unshaven",2,6490,-0.0741666030909639,0.0475797813634505,-0.167422974563327,0.0190897683813991,-7.14830128457334
"Fur_Brown+Mouth_Bored.Unshaven",2,6492,-0.0766112327233484,0.0463694328884001,-0.167495321184613,0.0142728557379159,-7.37501207380764
"Fur_Brown+Mouth_Bored.Unshaven",2,6493,-0.0748147377451976,0.0515787141231992,-0.175909017426668,0.0262795419362728,-7.20846218992546
"Fur_Brown+Mouth_Bored.Unshaven",2,6495,-0.0721988004144541,0.0455486370176731,-0.161474128969093,0.0170765281401852,-6.96540757297251
"Fur_Brown+Mouth_Bored.Unshaven",2,6496,-0.0770557865593807,0.0478222249231759,-0.170787347408806,0.0166757742900441,-7.416179716208
"Fur_Brown+Mouth_Bored.Unshaven",2,6497,-0.0751514618090113,0.0477610766222687,-0.168763171988658,0.0184602483706354,-7.23970207371891
"Fur_Brown+Mouth_Bored.Unshaven",2,6498,-0.0740759524997181,0.0462364168529533,-0.164699329531507,0.0165474245320703,-7.1398838416693
"Fur_Brown+Mouth_Bored.Unshaven",2,6499,-0.0758044428372477,0.0450718111784984,-0.164145192747105,0.0125363070726092,-7.30025301697823
"Fur_Brown+Mouth_Bored.Unshaven",2,6501,-0.0752640171949487,0.042483983826692,-0.158532625495265,0.00800459110536751,-7.25014215729684
"Fur_Brown+Mouth_Bored.Unshaven",2,6502,-0.0746084404129491,0.0445496887181977,-0.161925830300617,0.0127089494747185,-7.18931756854575
"Fur_Brown+Mouth_Bored.Unshaven",2,6503,-0.0747269710552842,0.0410217686398326,-0.155129637589356,0.00567569547878759,-7.20031782640321
"Fur_Brown+Mouth_Bored.Unshaven",2,6505,-0.0752454921011703,0.0438917738671302,-0.161273368880746,0.010782384678405,-7.24842394156735
"Fur_Brown+Mouth_Bored.Unshaven",2,6507,-0.0750211001113331,0.0480914155074352,-0.169280274505906,0.0192380742832398,-7.22760889557762
"Fur_Brown+Mouth_Bored.Unshaven",2,6508,-0.079079457628102,0.0465081483226743,-0.170235428340544,0.0120765130843397,-7.60334946586886
"Fur_Brown+Mouth_Bored.Unshaven",2,6509,-0.0782539731872746,0.0433106777822304,-0.163142901640446,0.00663495526589697,-7.52704597913075
"Fur_Brown+Mouth_Bored.Unshaven",2,6512,-0.0777936961645449,0.0497903243351684,-0.175382731861475,0.0197953395323853,-7.484473006242
"Fur_Brown+Mouth_Bored.Unshaven",2,6513,-0.0739752692789618,0.0439893195316614,-0.160194335561018,0.0122437970030945,-7.13053391541222
"Fur_Brown+Mouth_Bored.Unshaven",2,6514,-0.075831016315255,0.0381350464323739,-0.150575707322708,-0.00108632530780209,-7.30271633893631
"Fur_Brown+Mouth_Bored.Unshaven",2,6515,-0.0802294412656816,0.0445536301888799,-0.167554556435886,0.00709567390452306,-7.7095430300166
"Fur_Brown+Mouth_Bored.Unshaven",2,6517,-0.0729526972594297,0.0462502806379796,-0.16360324730987,0.0176978527910102,-7.03551962672804
"Fur_Brown+Mouth_Bored.Unshaven",2,6518,-0.0750436225500074,0.0505807839891243,-0.174181959168691,0.0240947140686761,-7.22969833253724
"Fur_Brown+Mouth_Bored.Unshaven",2,6519,-0.0791195658923875,0.04402102626045,-0.165400777362869,0.00716164557809446,-7.60705526083058
"Fur_Brown+Mouth_Bored.Unshaven",2,6520,-0.0787436531998579,0.0430626981045008,-0.16314654148468,0.00565923508496376,-7.57231705134508
"Fur_Brown+Mouth_Bored.Unshaven",2,6523,-0.0726073324942914,0.0497932319210092,-0.17020206705947,0.0249874020708866,-7.00340742590556
"Fur_Brown+Mouth_Bored.Unshaven",2,6525,-0.0777236618634751,0.0500850839602995,-0.175890426425662,0.0204431026987118,-7.47799351908036
"Fur_Brown+Mouth_Bored.Unshaven",2,6527,-0.0737748027696907,0.0470573702519981,-0.166007248463607,0.0184576429242255,-7.11191483153936
"Fur_Brown+Mouth_Bored.Unshaven",2,6529,-0.0767608945064176,0.044588545445534,-0.164154443579664,0.0106326545668291,-7.38887345737188
"Fur_Brown+Mouth_Bored.Unshaven",2,6530,-0.073479831648674,0.0449598117606844,-0.161601062699615,0.0146413994022675,-7.08451148752926
"Fur_Brown+Mouth_Bored.Unshaven",2,6533,-0.0747378756440233,0.045030459208558,-0.162997575692797,0.0135218244047505,-7.20132976325505
"Fur_Brown+Mouth_Bored.Unshaven",2,6534,-0.078481259040272,0.0477690223650043,-0.17210854287568,0.0151460247951364,-7.54806138502188
"Fur_Brown+Mouth_Bored.Unshaven",2,6535,-0.078277908305056,0.04710936898216,-0.17061227151009,0.0140564548999776,-7.52925930368863
"Fur_Brown+Mouth_Bored.Unshaven",2,6537,-0.0730781965566873,0.053729561745524,-0.178388137577914,0.0322317444645397,-7.04718587161674
"Fur_Brown+Mouth_Bored.Unshaven",2,6540,-0.0706874850347056,0.0417061598201127,-0.152431558282127,0.0110565882127153,-6.82469666008839
"Fur_Brown+Mouth_Bored.Unshaven",2,6542,-0.0800164168553612,0.0499556796978028,-0.177929549063055,0.0178967153523323,-7.68988081565091
"Fur_Brown+Mouth_Bored.Unshaven",2,6544,-0.0736933763720072,0.0483770074187949,-0.168512310912845,0.0211255581688308,-7.10435098143202
"Fur_Brown+Mouth_Bored.Unshaven",2,6545,-0.0771984036703475,0.0417372272994727,-0.159003369177314,0.00460656183661892,-7.42938281166311
"Fur_Brown+Mouth_Bored.Unshaven",2,6547,-0.0779554538412524,0.0442400315534571,-0.164665915686028,0.00875500800352345,-7.49943689265351
"Fur_Brown+Mouth_Bored.Unshaven",2,6548,-0.0756436651733971,0.0469317787441983,-0.167629951512026,0.0163426211652316,-7.28534777003548
"Fur_Brown+Mouth_Bored.Unshaven",2,6549,-0.0788410639139203,0.0482593853759165,-0.173429459250717,0.0157473314228761,-7.5813200594384
"Fur_Brown+Mouth_Bored.Unshaven",2,6550,-0.0763010938677969,0.0497960745039915,-0.17390139989562,0.0212992121600265,-7.34628101097756
"Fur_Brown+Mouth_Bored.Unshaven",2,6553,-0.07660271447295,0.0464772491256231,-0.167698122759171,0.0144926938132714,-7.37422306760687
"Fur_Brown+Mouth_Bored.Unshaven",2,6554,-0.08175942865175,0.0451649881258579,-0.170282805378432,0.00676394807493161,-7.8506383005194
"Fur_Brown+Mouth_Bored.Unshaven",2,6556,-0.0790417553483044,0.0499543359090465,-0.176952253730035,0.0188687430334267,-7.59986583582808
"Fur_Brown+Mouth_Bored.Unshaven",2,6557,-0.0730927708792711,0.0498158991300773,-0.170731933174223,0.0245463914156804,-7.04854058604286
"Fur_Brown+Mouth_Bored.Unshaven",2,6558,-0.0773792082034016,0.0495846260620939,-0.174565075285106,0.0198066588783024,-7.44611848588991
"Fur_Brown+Mouth_Bored.Unshaven",2,6560,-0.0747899340496646,0.0455214216952161,-0.164011920572288,0.014432052472959,-7.20616058832958
"Fur_Brown+Mouth_Bored.Unshaven",2,6561,-0.0728275440046443,0.0452153686015247,-0.161449666463633,0.015794578454344,-7.02388409133252
"Fur_Brown+Mouth_Bored.Unshaven",2,6569,-0.0729162583341299,0.0460245449045957,-0.163124366347137,0.0172918496788776,-7.03213203925254
"Fur_Brown+Mouth_Bored.Unshaven",2,6570,-0.0789405047290185,0.0450537992743063,-0.167245951306659,0.0093649418486219,-7.5905097913772
"Fur_Brown+Mouth_Bored.Unshaven",2,6571,-0.0750685554368776,0.0496017931487188,-0.172288070008366,0.0221509591346111,-7.23201133513859
"Fur_Brown+Mouth_Bored.Unshaven",2,6574,-0.0765149520485827,0.046893165424921,-0.168425556281428,0.0153956521842624,-7.3660936481408
"Fur_Brown+Mouth_Bored.Unshaven",2,6575,-0.0772777000236635,0.044356455860928,-0.164216353511082,0.00966095346375535,-7.43672303300011
"Fur_Brown+Mouth_Bored.Unshaven",2,6580,-0.0771338563547258,0.0491031597678802,-0.173376049499771,0.0191083367903194,-7.42340743397294
"Fur_Brown+Mouth_Bored.Unshaven",2,6584,-0.0742164197390473,0.0458220171676927,-0.164027573387725,0.0155947339096302,-7.15292672975916
"Fur_Brown+Mouth_Bored.Unshaven",2,6585,-0.0757457078956005,0.0490188069552918,-0.171822569527972,0.0203311537367714,-7.29480814284785
"Fur_Brown+Mouth_Bored.Unshaven",2,6588,-0.0757542024437665,0.0478817507930216,-0.169602433998089,0.0180940291105558,-7.29559562822065
"Fur_Brown+Mouth_Bored.Unshaven",2,6591,-0.0732416287956128,0.0453946682316331,-0.162215178529614,0.0157319209383882,-7.06237611682244
"Fur_Brown+Mouth_Bored.Unshaven",2,6596,-0.0758635069049395,0.0425047082521796,-0.159172735079211,0.0074457212693325,-7.30572807941773
"Fur_Brown+Mouth_Bored.Unshaven",2,6600,-0.0783832256090191,0.0448798960272475,-0.166347821822424,0.00958137060438589,-7.5389975599818
"Fur_Brown+Mouth_Bored.Unshaven",2,6601,-0.0786646319254072,0.0487807721802806,-0.174274945398757,0.0169456815479427,-7.56501300946041
"Fur_Brown+Mouth_Bored.Unshaven",2,6602,-0.0752879859398829,0.0534005700106557,-0.179953103160768,0.0293771312810022,-7.25236522833993
"Fur_Brown+Mouth_Bored.Unshaven",2,6604,-0.0798005758851848,0.0503202461910909,-0.178428258419723,0.0188271066493533,-7.66995435957362
"Fur_Brown+Mouth_Bored.Unshaven",2,6605,-0.0760949334217808,0.0446665127593508,-0.163641298430108,0.0114514315865467,-7.32717750982024
"Fur_Brown+Mouth_Bored.Unshaven",2,6608,-0.0742307403456537,0.0455842612617198,-0.163575892418625,0.0151144117273171,-7.15425634664953
"Fur_Brown+Mouth_Bored.Unshaven",2,6609,-0.0751319053912653,0.0434863265782095,-0.160365105484556,0.0101012947020253,-7.23788799684405
"Fur_Brown+Mouth_Bored.Unshaven",2,6611,-0.0734445500384367,0.0446550795978671,-0.160968506050256,0.0140794059733828,-7.08123322164764
"Fur_Brown+Mouth_Bored.Unshaven",2,6612,-0.0782409837663209,0.0422139924904173,-0.160980409047539,0.00449844151489698,-7.52584480120285
"Fur_Brown+Mouth_Bored.Unshaven",2,6615,-0.0757921163525283,0.0421703117820641,-0.158445927445374,0.00686169474031721,-7.29911034792103
"Fur_Brown+Mouth_Bored.Unshaven",2,6617,-0.0752446188032482,0.0490766278733747,-0.171434809435063,0.0209455718285663,-7.24834294177334
"Fur_Brown+Mouth_Bored.Unshaven",2,6618,-0.0756919623000985,0.0439758557341435,-0.16188463953902,0.0105007149388228,-7.28982551320937
"Fur_Brown+Mouth_Bored.Unshaven",2,6619,-0.0780721998744291,0.0507199803347763,-0.177483361330591,0.0213389615817324,-7.51023533611292
"Fur_Brown+Mouth_Bored.Unshaven",2,6620,-0.0720208157380177,0.0494281629021857,-0.168900015026302,0.0248583835502663,-6.94884736745431
"Fur_Brown+Mouth_Bored.Unshaven",2,6621,-0.0788914194353076,0.0494672468471513,-0.175847223255724,0.0180643843851088,-7.58597373308267
"Fur_Brown+Mouth_Bored.Unshaven",2,6622,-0.0769733091352003,0.045383209166998,-0.165924399102516,0.0119777808321158,-7.40854332627967
"Fur_Brown+Mouth_Bored.Unshaven",2,6623,-0.0754056837937954,0.0444991558889481,-0.162624029336134,0.0118126617485428,-7.2632807835267
"Fur_Brown+Mouth_Bored.Unshaven",2,6624,-0.0741229948120934,0.0486502955076453,-0.169477574007078,0.0212315843828914,-7.14425209351368
"Fur_Brown+Mouth_Bored.Unshaven",2,6625,-0.0750252412377432,0.0478257409610752,-0.16876369352145,0.0187132110459642,-7.22799307698106
"Fur_Brown+Mouth_Bored.Unshaven",2,6626,-0.0747051924778429,0.0460326678444713,-0.164929221453007,0.0155188364973209,-7.19829675933056
"Fur_Brown+Mouth_Bored.Unshaven",2,6627,-0.075461601562539,0.0477491177915223,-0.169049872433923,0.0181266693088448,-7.26846626896415
"Fur_Brown+Mouth_Bored.Unshaven",2,6628,-0.0749415324073887,0.0457940127456537,-0.16469779738887,0.0148147325740927,-7.2202269157483
"Fur_Brown+Mouth_Bored.Unshaven",2,6630,-0.077442699460636,0.0465586315624529,-0.168697617323044,0.0138122184017717,-7.45199466164429
"Fur_Brown+Mouth_Bored.Unshaven",2,6631,-0.0757290227467225,0.049140106928078,-0.172043632325755,0.0205855868323104,-7.29326133001559
"Fur_Brown+Mouth_Bored.Unshaven",2,6632,-0.0761638870391911,0.0509663033724113,-0.176057841649117,0.023730067570735,-7.33356741586046
"Fur_Brown+Mouth_Bored.Unshaven",2,6633,-0.0763317150647592,0.0498407822326191,-0.174019648240693,0.0213562181111743,-7.34911813531772
"Fur_Brown+Mouth_Bored.Unshaven",2,6634,-0.0780234606656048,0.0407337577374979,-0.157861625831101,0.00181470449989109,-7.50572734830186
"Fur_Brown+Mouth_Bored.Unshaven",2,6635,-0.076629387902576,0.0479164201393033,-0.17054557137561,0.0172867955704585,-7.3766936817994
"Fur_Brown+Mouth_Bored.Unshaven",2,6638,-0.074887900466098,0.0502511966281161,-0.173380245857206,0.0236044449250097,-7.21525082296771
"Fur_Brown+Mouth_Bored.Unshaven",2,6639,-0.0748194509457016,0.0490710767336913,-0.170998761343737,0.0213598594523333,-7.20889953401759
"Fur_Brown+Mouth_Bored.Unshaven",2,6643,-0.0774994942872063,0.0434547861120874,-0.162670875066898,0.00767188649248507,-7.4572507602959
"Fur_Brown+Mouth_Bored.Unshaven",2,6645,-0.0798725788728097,0.0470391692045588,-0.172069350513745,0.0123241927681255,-7.67660215937367
"Fur_Brown+Mouth_Bored.Unshaven",2,6646,-0.0768816414006185,0.0490488461207873,-0.173017379797362,0.0192540969961247,-7.40005528817108
"Fur_Brown+Mouth_Bored.Unshaven",2,6647,-0.0775775980458762,0.0454341850584991,-0.166628600760534,0.011473404668782,-7.464478414592
"Fur_Brown+Mouth_Bored.Unshaven",2,6648,-0.0778025460849545,0.0471565403411696,-0.170229365153647,0.0146242729837379,-7.48529175766961
"Fur_Brown+Mouth_Bored.Unshaven",2,6650,-0.0772123189351221,0.0476188720955821,-0.170545308242463,0.0161206703722188,-7.43067094734924
"Fur_Brown+Mouth_Bored.Unshaven",2,6651,-0.0813923607697547,0.0461642058813844,-0.171874204297268,0.00908948275775866,-7.8168070206849
"Fur_Brown+Mouth_Bored.Unshaven",2,6652,-0.0814331006690622,0.0445269007746409,-0.168705826187358,0.00583962484923391,-7.82056247818572
"Fur_Brown+Mouth_Bored.Unshaven",2,6653,-0.0770343061032801,0.044714524140619,-0.164674773418893,0.0106061612123332,-7.41419095216107
"Fur_Brown+Mouth_Bored.Unshaven",2,6654,-0.0795959224508939,0.0468769314312615,-0.171474708056166,0.0122828631543786,-7.65105676498221
"Fur_Brown+Mouth_Bored.Unshaven",2,6655,-0.0756393768459048,0.0470878280950451,-0.167931519912193,0.0166527662203835,-7.28495017839088
"Fur_Brown+Mouth_Bored.Unshaven",2,6657,-0.0745104854161301,0.0448501152595949,-0.162416711324936,0.0133957404926758,-7.1802258531612
"Fur_Brown+Mouth_Bored.Unshaven",2,6660,-0.0774806699535142,0.0499953040286243,-0.175471465849618,0.0205101259425894,-7.4555086883068
"Fur_Brown+Mouth_Bored.Unshaven",2,6661,-0.0743466825962113,0.0499683116119053,-0.172284573355546,0.0235912081631231,-7.16502046710317
"Fur_Brown+Mouth_Bored.Unshaven",2,6662,-0.0769232538919738,0.0473312326826769,-0.169692469950021,0.015845962166073,-7.40390852239802
"Fur_Brown+Mouth_Bored.Unshaven",2,6664,-0.0727808397334531,0.047086708833005,-0.165070789046143,0.0195091095792367,-7.01954160819536
"Fur_Brown+Mouth_Bored.Unshaven",2,6665,-0.0723810994694341,0.0513813326921866,-0.17308851154612,0.0283263126072515,-6.98236614543958
"Fur_Brown+Mouth_Bored.Unshaven",2,6666,-0.0720027497558327,0.0499618367497313,-0.169927949785306,0.0259224502736406,-6.94716629180345
"Fur_Brown+Mouth_Bored.Unshaven",2,6667,-0.0769950232289909,0.0504053165599046,-0.175789443686404,0.0217993972284222,-7.41055384402572
"Fur_Brown+Mouth_Bored.Unshaven",2,6670,-0.0754306152730289,0.0448657883921168,-0.163367560521578,0.01250632997552,-7.26559281829469
"Fur_Brown+Mouth_Bored.Unshaven",2,6671,-0.0777794483180714,0.0457977700437272,-0.167543077603777,0.0119841809676339,-7.48315484982656
"Fur_Brown+Mouth_Bored.Unshaven",2,6672,-0.0749499384844142,0.0494181997448052,-0.171809609984232,0.0219097330154039,-7.22100682638926
"Fur_Brown+Mouth_Bored.Unshaven",2,6674,-0.0749969366800739,0.0483939478814638,-0.169849074527743,0.0198552011675951,-7.22536716919862
"Fur_Brown+Mouth_Bored.Unshaven",2,6677,-0.0768717390707261,0.047263631321273,-0.169508456460421,0.015764978318969,-7.39913832843052
"Fur_Brown+Mouth_Bored.Unshaven",2,6681,-0.0741193102332936,0.0460938443052354,-0.164463245071555,0.0162246246049678,-7.1439099585632
"Fur_Brown+Mouth_Bored.Unshaven",2,6682,-0.0782491856576569,0.0464556571553055,-0.169302273682056,0.0128039023667418,-7.52660326106478
"Fur_Brown+Mouth_Bored.Unshaven",2,6683,-0.0759724301006148,0.0467354782612554,-0.167573967492675,0.0156291072914458,-7.3158240858815
"Fur_Brown+Mouth_Bored.Unshaven",2,6684,-0.0761063653086256,0.0470380521307151,-0.168300947484827,0.0160882168675759,-7.32823692898494
"Fur_Brown+Mouth_Bored.Unshaven",2,6686,-0.08075871457956,0.0452156797794259,-0.169381446947235,0.00786401778811466,-7.75837698162276
"Fur_Brown+Mouth_Bored.Unshaven",2,6688,-0.0764496746245019,0.0493925720390323,-0.173259115821005,0.0203597665720014,-7.36004654798421
"Fur_Brown+Mouth_Bored.Unshaven",2,6689,-0.0797964213494456,0.0452601898233109,-0.168506393403135,0.00891355070424373,-7.66957077030239
"Fur_Brown+Mouth_Bored.Unshaven",2,6691,-0.0794584497417177,0.0487933195145823,-0.175093355990299,0.0161764565068636,-7.63836043288654
"Fur_Brown+Mouth_Bored.Unshaven",2,6693,-0.075572734117464,0.0448026753310245,-0.163385977766272,0.0122405095313441,-7.27877118861315
"Fur_Brown+Mouth_Bored.Unshaven",2,6695,-0.0784866784501666,0.045238159466362,-0.167153471004236,0.010180114103903,-7.54856241861512
"Fur_Brown+Mouth_Bored.Unshaven",2,6697,-0.0714601455505554,0.0432308250509945,-0.156192562650505,0.0132722715493939,-6.89666173216632
"Fur_Brown+Mouth_Bored.Unshaven",2,6698,-0.0756905382682267,0.0452484827917496,-0.164377564540056,0.0129964880036026,-7.28969349087205
"Fur_Brown+Mouth_Bored.Unshaven",2,6700,-0.074027391531292,0.0468399191993135,-0.165833633161946,0.0177788500993624,-7.13537435500885
"Fur_Brown+Mouth_Bored.Unshaven",2,6701,-0.0776218400181245,0.0444074487029705,-0.164660439475947,0.00941675943969768,-7.468572278009
"Fur_Brown+Mouth_Bored.Unshaven",2,6702,-0.0765014325360533,0.0444144478242324,-0.163553750271549,0.0105508851994422,-7.36484127441752
"Fur_Brown+Mouth_Bored.Unshaven",2,6703,-0.0727744914003833,0.0417127226297469,-0.154531427754687,0.00898244495392052,-7.01895133540288
"Fur_Brown+Mouth_Bored.Unshaven",2,6704,-0.0759912525201903,0.0439852807527637,-0.162202402795607,0.0102198977552265,-7.31756860991042
"Fur_Brown+Mouth_Bored.Unshaven",2,6707,-0.0777013858085051,0.0446777499678295,-0.165269775745451,0.00986700412844069,-7.47593247082213
"Fur_Brown+Mouth_Bored.Unshaven",2,6708,-0.0740214302709468,0.0451060273026594,-0.162429243784159,0.0143863832422657,-7.13482076314848
"Fur_Brown+Mouth_Bored.Unshaven",2,6710,-0.077720224673891,0.0467781215575191,-0.169405342926628,0.0139648935788464,-7.47767550285684
"Fur_Brown+Mouth_Bored.Unshaven",2,6712,-0.0770679324396009,0.0513425494112634,-0.177699329285677,0.0235634644064754,-7.41730422137045
"Fur_Brown+Mouth_Bored.Unshaven",2,6713,-0.0788871231681197,0.0444152694624144,-0.165941051314452,0.00816680497821264,-7.58557669688102
"Fur_Brown+Mouth_Bored.Unshaven",2,6714,-0.0736659338579213,0.0472391600650833,-0.166254687585484,0.0189228198696419,-7.10180165629551
"Fur_Brown+Mouth_Bored.Unshaven",2,6715,-0.0756706223800183,0.0499424481178007,-0.173557820690908,0.022216575930871,-7.28784706438531
"Fur_Brown+Mouth_Bored.Unshaven",2,6716,-0.0751506051998116,0.0508845988682962,-0.174884418981672,0.024583208582049,-7.23962261436031
"Fur_Brown+Mouth_Bored.Unshaven",2,6717,-0.0764160250848675,0.0475868318819289,-0.169686215573448,0.0168541654037131,-7.35692920375048
"Fur_Brown+Mouth_Bored.Unshaven",2,6720,-0.0733172446579656,0.0461220277092615,-0.163716418968118,0.017081929652187,-7.06940340970664
"Fur_Brown+Mouth_Bored.Unshaven",2,6721,-0.0781426531025824,0.0471842115840949,-0.170623707807408,0.0143384016022435,-7.51675130906627
"Fur_Brown+Mouth_Bored.Unshaven",2,6723,-0.0750826940008307,0.0462850880190237,-0.165801466518117,0.0156360785164557,-7.23332293200706
"Fur_Brown+Mouth_Bored.Unshaven",2,6724,-0.0736136610689697,0.046682697236002,-0.165111747651534,0.0178844255135942,-7.09694548145772
"Fur_Brown+Mouth_Bored.Unshaven",2,6726,-0.0756848284108876,0.0462105071085193,-0.166257422343585,0.0148877655218103,-7.28916412673672
"Fur_Brown+Mouth_Bored.Unshaven",2,6727,-0.0750925461030723,0.0422374753410996,-0.157877997771627,0.00769290556548292,-7.23423687429201
"Fur_Brown+Mouth_Bored.Unshaven",2,6730,-0.0735455871968102,0.0465173386142857,-0.16471957088081,0.0176283964871897,-7.09062099553751
"Fur_Brown+Mouth_Bored.Unshaven",2,6734,-0.0738944548112961,0.0471959990744968,-0.16639861299731,0.0186097033747177,-7.1230284156758
"Fur_Brown+Mouth_Bored.Unshaven",2,6742,-0.0747555970895797,0.0444373789631763,-0.161852859857405,0.0123416656782458,-7.20297427526574
"Fur_Brown+Mouth_Bored.Unshaven",2,6744,-0.0753064480926818,0.0457653140889879,-0.165006463707098,0.0143935675217345,-7.25407753353835
"Fur_Brown+Mouth_Bored.Unshaven",2,6750,-0.0723776130622429,0.0527910353416955,-0.175848042331966,0.0310928162074803,-6.98204184752669
"Fur_Brown+Mouth_Bored.Unshaven",2,6751,-0.078181489112688,0.0489428623600887,-0.174109499338462,0.017746521113086,-7.52034291970466
"Fur_Brown+Mouth_Bored.Unshaven",2,6752,-0.0733654437604228,0.0483978035491405,-0.168225138716738,0.0214942511958925,-7.07388247310883
"Fur_Brown+Mouth_Bored.Unshaven",2,6753,-0.0756820319021976,0.0449298186148418,-0.163744476387288,0.0123804125828924,-7.28890485971603
"Fur_Brown+Mouth_Bored.Unshaven",2,6756,-0.0727442107664503,0.0521273539120017,-0.174913824433974,0.029425402901073,-7.01613576767718
"Fur_Brown+Mouth_Bored.Unshaven",2,6758,-0.0775747263731264,0.0483275226296679,-0.172296670727276,0.0171472179810227,-7.46421268247472
"Fur_Brown+Mouth_Bored.Unshaven",2,6760,-0.0722470867504653,0.0492589750944559,-0.168794677935599,0.0243005044346683,-6.96989976410651
"Fur_Brown+Mouth_Bored.Unshaven",2,6761,-0.0762485201743338,0.0503834478800498,-0.175000078019231,0.0225030376705638,-7.34140973470785
"Fur_Brown+Mouth_Bored.Unshaven",2,6762,-0.0754814818890081,0.0449773418079881,-0.163637071832665,0.0126741080546486,-7.27030978380381
"Fur_Brown+Mouth_Bored.Unshaven",2,6763,-0.0749559603287501,0.0432061244022884,-0.159639964157235,0.00972804349973519,-7.22156552536158
"Fur_Brown+Mouth_Bored.Unshaven",2,6764,-0.0758180307719846,0.0454341055744829,-0.164868877697971,0.0132328161540019,-7.30151260653274
"Fur_Brown+Mouth_Bored.Unshaven",2,6766,-0.0720695331278961,0.0442097130814716,-0.15872057076758,0.0145815045117882,-6.95338046631447
"Fur_Brown+Mouth_Bored.Unshaven",2,6767,-0.0727417509690554,0.0427394476669015,-0.156511068396182,0.0110275664580716,-7.01590704592887
"Fur_Brown+Mouth_Bored.Unshaven",2,6768,-0.0728229746942216,0.0479333907886048,-0.166772420639887,0.0211264712514437,-7.02345925362643
"Fur_Brown+Mouth_Bored.Unshaven",2,6769,-0.0773174902062207,0.0445031740014719,-0.164543711249106,0.00990873083666419,-7.4404060694139
"Fur_Brown+Mouth_Bored.Unshaven",2,6770,-0.0727075905403526,0.051598497834357,-0.173840646295692,0.0284254652149872,-7.0127306151972
"Fur_Brown+Mouth_Bored.Unshaven",2,6771,-0.0755494900011541,0.0447159678729815,-0.163192787032198,0.0120938070298898,-7.27661594053794
"Fur_Brown+Mouth_Bored.Unshaven",2,6772,-0.074714927855445,0.0488215658788116,-0.170405196977916,0.0209753412670257,-7.19920021455599
"Fur_Brown+Mouth_Bored.Unshaven",2,6773,-0.0770256225094885,0.0455911069445138,-0.166384192120736,0.0123329471017587,-7.41338697111372
"Fur_Brown+Mouth_Bored.Unshaven",2,6775,-0.0776531528800266,0.046843754922393,-0.169466912527917,0.0141606067678637,-7.47146965646401
"Fur_Brown+Mouth_Bored.Unshaven",2,6778,-0.0770142673547703,0.0485014135525615,-0.172077037917791,0.0180485032082503,-7.41233562982888
"Fur_Brown+Mouth_Bored.Unshaven",2,6779,-0.0767163994500342,0.0462076326188906,-0.16728335938306,0.0138505604829914,-7.38475262839705
"Fur_Brown+Mouth_Bored.Unshaven",2,6780,-0.076494401742252,0.0474558324785459,-0.169507833400202,0.0165190299156979,-7.36418997342818
"Fur_Brown+Mouth_Bored.Unshaven",2,6781,-0.0761461064186115,0.050515593404218,-0.175156669490879,0.0228644566536559,-7.33191973453385
"Fur_Brown+Mouth_Bored.Unshaven",2,6782,-0.0791466971199078,0.0419373218148393,-0.161343847876993,0.0030504536371771,-7.60956196083049
"Fur_Brown+Mouth_Bored.Unshaven",2,6783,-0.0770591858683868,0.0421193245306773,-0.159613061948514,0.00549469021174075,-7.4164944366872
"Fur_Brown+Mouth_Bored.Unshaven",2,6786,-0.0688469458462692,0.0484890773788608,-0.163885537508836,0.0261916458162981,-6.653045946421
"Fur_Brown+Mouth_Bored.Unshaven",2,6789,-0.0736791490267938,0.0468230381131477,-0.165452303728563,0.0180940056749757,-7.10302931356271
"Fur_Brown+Mouth_Bored.Unshaven",2,6791,-0.0782225451866949,0.0437881673266957,-0.164047353147018,0.00760226277362865,-7.52413969340904
"Fur_Brown+Mouth_Bored.Unshaven",2,6792,-0.0780152041064504,0.0493736100926962,-0.174787479888135,0.0187570716752341,-7.50496366071556
"Fur_Brown+Mouth_Bored.Unshaven",2,6794,-0.0758061213515895,0.048843295016978,-0.171538979584866,0.0199267368816874,-7.30040861470244
"Fur_Brown+Mouth_Bored.Unshaven",2,6795,-0.076051456729315,0.0450308547357278,-0.164311932011342,0.0122090185527116,-7.32314831442948
"Fur_Brown+Mouth_Bored.Unshaven",2,6797,-0.0753407640731995,0.0468803153300904,-0.167226182120177,0.0165446539737777,-7.25726014619926
"Fur_Brown+Mouth_Bored.Unshaven",2,6799,-0.0748374677032359,0.0437965335086369,-0.160678673380164,0.0110037379736923,-7.21057131371596
"Fur_Brown+Mouth_Bored.Unshaven",2,6801,-0.0731020342856479,0.0476145980649145,-0.16642664649288,0.0202225779215845,-7.04940162919663
"Fur_Brown+Mouth_Bored.Unshaven",2,6802,-0.0749643206542649,0.0450954334113928,-0.163351370140595,0.013422728832065,-7.22234118003218
"Fur_Brown+Mouth_Bored.Unshaven",2,6803,-0.0743807284657008,0.0417874035387876,-0.156284039401725,0.007522582470323,-7.1681810608975
"Fur_Brown+Mouth_Bored.Unshaven",2,6807,-0.0755490515283911,0.0523660755410813,-0.17818655958891,0.0270884565321282,-7.27657528385064
"Fur_Brown+Mouth_Bored.Unshaven",2,6808,-0.0739686366479804,0.044636471705264,-0.161456121190298,0.013518847894337,-7.12991794447149
"Fur_Brown+Mouth_Bored.Unshaven",2,6809,-0.0751481518117577,0.0427241320726121,-0.158887450674077,0.00859114705056191,-7.23939503687939
"Fur_Brown+Mouth_Bored.Unshaven",2,6810,-0.0788971651656516,0.0453112893033189,-0.167707292200157,0.0099129618688534,-7.58650471763215
"Fur_Brown+Mouth_Bored.Unshaven",2,6813,-0.0765075873361167,0.0444598447856035,-0.163648883115899,0.0106337084436661,-7.36541142354373
"Fur_Brown+Mouth_Bored.Unshaven",2,6815,-0.0738014406648859,0.0474679420170208,-0.166838607018247,0.0192357256884749,-7.1143891416616
"Fur_Brown+Mouth_Bored.Unshaven",2,6817,-0.0751430626326031,0.0487946212754065,-0.1707805203324,0.0204943950671937,-7.238922960341
"Fur_Brown+Mouth_Bored.Unshaven",2,6818,-0.075335751631673,0.0489971229950647,-0.171370112702,0.0206986094386539,-7.25679527747367
"Fur_Brown+Mouth_Bored.Unshaven",2,6820,-0.0741227449834314,0.0471537485308588,-0.166544092103915,0.0182986021370517,-7.14422889548353
"Fur_Brown+Mouth_Bored.Unshaven",2,6821,-0.0791595660139172,0.0491607956964756,-0.175514725579009,0.0171955935511751,-7.6107509159348
"Fur_Brown+Mouth_Bored.Unshaven",2,6826,-0.0748525406338528,0.0394754453489252,-0.152224413517746,0.00251933225004053,-7.21196991179601
"Fur_Brown+Mouth_Bored.Unshaven",2,6828,-0.0749894608182138,0.0470886623616473,-0.167283239047042,0.0173043174106148,-7.22467359626693
"Fur_Brown+Mouth_Bored.Unshaven",2,6830,-0.0722856416516654,0.0492811900542308,-0.168876774157958,0.024305490854627,-6.97348646128693
"Fur_Brown+Mouth_Bored.Unshaven",2,6831,-0.0752786038912824,0.0455547602197593,-0.164565933922011,0.0140087261394458,-7.25149506144095
"Fur_Brown+Mouth_Bored.Unshaven",2,6833,-0.0743871493642072,0.0486455486319795,-0.169732424682887,0.0209581259544725,-7.16877712267145
"Fur_Brown+Mouth_Bored.Unshaven",2,6840,-0.0744553513482291,0.0466273816005926,-0.165845019285391,0.0169343165889324,-7.17510818035307
"Fur_Brown+Mouth_Bored.Unshaven",2,6847,-0.0788487285109349,0.0454462766001006,-0.167923430647132,0.0102259736252622,-7.58202840866216
"Fur_Brown+Mouth_Bored.Unshaven",2,6849,-0.0746531621373754,0.0458110279108275,-0.164442776842597,0.0151364525678465,-7.19346812949845
"Fur_Brown+Mouth_Bored.Unshaven",2,6850,-0.0732788357431056,0.0480930201663079,-0.167541155269069,0.0209834837828579,-7.06583397778575
"Fur_Brown+Mouth_Bored.Unshaven",2,6854,-0.0693138411268445,0.0474196310087359,-0.162256317903967,0.0236286356502779,-6.69661902590056
"Fur_Brown+Mouth_Bored.Unshaven",2,6860,-0.0731801963204575,0.048355204177737,-0.167956396508822,0.0215960038679069,-7.05666655317774
"Fur_Brown+Mouth_Bored.Unshaven",2,6862,-0.0772982733094549,0.0460937466499806,-0.167642016743417,0.013045470124507,-7.43862734416192
"Fur_Brown+Mouth_Bored.Unshaven",2,6864,-0.075460109173769,0.0493724163394777,-0.172230045199145,0.0213098268516072,-7.26832787736131
"Fur_Brown+Mouth_Bored.Unshaven",2,6867,-0.0729152726601431,0.0502431272380704,-0.171391802046761,0.0255612567264748,-7.03204040319831
"Fur_Brown+Mouth_Bored.Unshaven",2,6868,-0.0759179819735475,0.0437499862885626,-0.16166795509913,0.00983199115203509,-7.31077746870601
"Fur_Brown+Mouth_Bored.Unshaven",2,6869,-0.0763088256246984,0.047335269320227,-0.169085953492343,0.0164683022429464,-7.3469973842394
"Fur_Brown+Mouth_Bored.Unshaven",2,6870,-0.0728146518419573,0.0469439408095682,-0.164824775828711,0.0191954721447963,-7.0226854203935
"Fur_Brown+Mouth_Bored.Unshaven",2,6871,-0.0774850521136798,0.0496921832906389,-0.174881731363332,0.0199116271359725,-7.45591423220159
"Fur_Brown+Mouth_Bored.Unshaven",2,6873,-0.0752214370467443,0.0488109648993189,-0.170890928249409,0.0204480541559208,-7.24619277052181
"Fur_Brown+Mouth_Bored.Unshaven",2,6874,-0.0794343377860913,0.0479260952417591,-0.173369484459939,0.0145008088877566,-7.63613338628261
"Fur_Brown+Mouth_Bored.Unshaven",2,6875,-0.0742181441752714,0.049561213677805,-0.171358122983769,0.0229218346332264,-7.15308683847755
"Fur_Brown+Mouth_Bored.Unshaven",2,6876,-0.0724455605326744,0.0446957062937634,-0.160049144868451,0.0151580238031019,-6.98836196776732
"Fur_Brown+Mouth_Bored.Unshaven",2,6877,-0.074241931866325,0.0448373551556016,-0.162123147971304,0.0136392842386541,-7.15529542589441
"Fur_Brown+Mouth_Bored.Unshaven",2,6878,-0.0748700402462497,0.0436066465197782,-0.160339067425015,0.0105989869325156,-7.21359365215017
"Fur_Brown+Mouth_Bored.Unshaven",2,6879,-0.0764730647990813,0.0472520615218704,-0.169087105381947,0.0161409757837847,-7.362213387327
"Fur_Brown+Mouth_Bored.Unshaven",2,6880,-0.0763876931523517,0.0486415805336751,-0.171725190998355,0.0189498046936516,-7.35430440933806
"Fur_Brown+Mouth_Bored.Unshaven",2,6882,-0.0783703345197281,0.0471275341648601,-0.170740301482854,0.0139996324433977,-7.53780562926077
"Fur_Brown+Mouth_Bored.Unshaven",2,6883,-0.0768990040117038,0.0442894012657735,-0.16370623049262,0.00990822246921232,-7.40166305104012
"Fur_Brown+Mouth_Bored.Unshaven",2,6885,-0.0736961069330587,0.0459751198329278,-0.163807341805597,0.0164151279394799,-7.10460463832676
"Fur_Brown+Mouth_Bored.Unshaven",2,6886,-0.0786214922709372,0.0408928458540273,-0.158771470144831,0.00152848560295633,-7.56102531004733
"Fur_Brown+Mouth_Bored.Unshaven",2,6887,-0.0734460250986194,0.0450219866744252,-0.161689118980493,0.014797068783254,-7.08137028231967
"Fur_Brown+Mouth_Bored.Unshaven",2,6889,-0.0768902688166982,0.0517482103043401,-0.178316761013205,0.0245362233798083,-7.40085418297687
"Fur_Brown+Mouth_Bored.Unshaven",2,6890,-0.0790705115880139,0.0449206130316314,-0.167114913130012,0.00897388995398377,-7.60252287803184
"Fur_Brown+Mouth_Bored.Unshaven",2,6893,-0.0760433977337965,0.0486749641524646,-0.171446327472627,0.0193595320050341,-7.32240142908751
"Fur_Brown+Mouth_Bored.Unshaven",2,6894,-0.0745792742010454,0.0496987503623408,-0.171988824911233,0.0228302765091426,-7.1866105930391
"Fur_Brown+Mouth_Bored.Unshaven",2,6895,-0.076069327561468,0.043278509600469,-0.160895206378387,0.00875655125545122,-7.32480451209157
"Fur_Brown+Mouth_Bored.Unshaven",2,6896,-0.0746786492085627,0.0503204026889629,-0.17330663847893,0.0239493400618045,-7.19583346604
"Fur_Brown+Mouth_Bored.Unshaven",2,6897,-0.0745873550947624,0.0479874772563251,-0.16864281051716,0.0194681003276347,-7.18736060514403
"Fur_Brown+Mouth_Bored.Unshaven",2,6898,-0.0774913774844158,0.0464172795836689,-0.168469245468407,0.0134864904995752,-7.45649960600214
"Fur_Brown+Mouth_Bored.Unshaven",2,6899,-0.0718566713517346,0.0453691906785862,-0.160780285081764,0.0170669423782943,-6.93357228948766
"Fur_Brown+Mouth_Bored.Unshaven",2,6900,-0.072520008995525,0.0479528055336691,-0.166507507841516,0.0214674898504663,-6.99528628349052
"Fur_Brown+Mouth_Bored.Unshaven",2,6901,-0.0778037371703501,0.0477478145371417,-0.171389453663148,0.0157819793224477,-7.48540195052185
"Fur_Brown+Mouth_Bored.Unshaven",2,6903,-0.071818609388518,0.0452859977683782,-0.160579165014539,0.0169419462375032,-6.9300299311253
"Fur_Brown+Mouth_Bored.Unshaven",2,6904,-0.0765529011010435,0.0457181987798467,-0.166160570709543,0.013054768507456,-7.36960895041099
"Fur_Brown+Mouth_Bored.Unshaven",2,6906,-0.0761253135003877,0.0504768928917046,-0.175060023568129,0.0228093965673533,-7.3299928746865
"Fur_Brown+Mouth_Bored.Unshaven",2,6907,-0.0759932168336768,0.0462153550568904,-0.166575312745182,0.0145888790778285,-7.31775066708156
"Fur_Brown+Mouth_Bored.Unshaven",2,6910,-0.0748001765602185,0.0492419994162916,-0.17131449541615,0.0217141422957132,-7.20711102534166
"Fur_Brown+Mouth_Bored.Unshaven",2,6911,-0.0730648290720949,0.0485646975090361,-0.168251636189806,0.0221219780456159,-7.04594331800115
"Fur_Brown+Mouth_Bored.Unshaven",2,6912,-0.075038787907902,0.0477820767331044,-0.168691658304787,0.0186140824889826,-7.22924982024646
"Fur_Brown+Mouth_Bored.Unshaven",2,6914,-0.0755073804572755,0.0471254003064194,-0.167873165057858,0.0168584041433065,-7.27271131891799
"Fur_Brown+Mouth_Bored.Unshaven",2,6925,-0.0731604638480457,0.0443619006500011,-0.160109789122048,0.0137888614259565,-7.05483253331982
"Fur_Brown+Mouth_Bored.Unshaven",2,6926,-0.0766912626325285,0.0461234052288627,-0.167093136881099,0.0137106116160424,-7.38242454656547
"Fur_Brown+Mouth_Bored.Unshaven",2,6927,-0.0733367417530197,0.0473744863410361,-0.166190734981451,0.019517251475411,-7.07121526871876
"Fur_Brown+Mouth_Bored.Unshaven",2,6928,-0.0748829871855913,0.0462422329216835,-0.165517763712091,0.0157517893409084,-7.21479494434835
"Fur_Brown+Mouth_Bored.Unshaven",2,6929,-0.0755716397367922,0.0447556608993651,-0.163292735099548,0.0121494556259634,-7.27866971623696
"Fur_Brown+Mouth_Bored.Unshaven",2,6930,-0.0738217786502816,0.0477723071705605,-0.16745550070458,0.0198119434040171,-7.11627822864853
"Fur_Brown+Mouth_Bored.Unshaven",2,6931,-0.0766852313517209,0.0430379303734023,-0.161039574883589,0.00766911218014753,-7.38186594227563
"Fur_Brown+Mouth_Bored.Unshaven",2,6932,-0.0783959156014112,0.0483481503231448,-0.173158290234775,0.0163664590319527,-7.54017088195458
"Fur_Brown+Mouth_Bored.Unshaven",2,6933,-0.0732454735924733,0.0416880194028574,-0.154953991622074,0.00846304443712721,-7.06273344242005
"Fur_Brown+Mouth_Bored.Unshaven",2,6934,-0.0738226473927935,0.0405897949405618,-0.153378645476295,0.00573335069070759,-7.11635892065126
"Fur_Brown+Mouth_Bored.Unshaven",2,6935,-0.0734082574906913,0.0453631775457289,-0.16232008548032,0.0155035704989373,-7.07786090167323
"Fur_Brown+Mouth_Bored.Unshaven",2,6936,-0.0781415335738013,0.0489575089784409,-0.174098251171545,0.0178151840239429,-7.51664777134963
"Fur_Brown+Mouth_Bored.Unshaven",2,6940,-0.0771199643534073,0.0467299110037484,-0.168710589920754,0.0144706612139395,-7.42212135089384
"Fur_Brown+Mouth_Bored.Unshaven",2,6941,-0.0777964205402335,0.0488162947224854,-0.173476358196305,0.017883517115838,-7.48472505295122
"Fur_Brown+Mouth_Bored.Unshaven",2,6942,-0.0745374761731107,0.0470685896038765,-0.166791911796709,0.0177169594504873,-7.18273109531884
"Fur_Brown+Mouth_Bored.Unshaven",2,6943,-0.0741637419508727,0.046753354081644,-0.165800315950895,0.0174728320491495,-7.14803562247557
"Fur_Brown+Mouth_Bored.Unshaven",2,6945,-0.074757625966115,0.0464295954556188,-0.165759633059128,0.0162443811268978,-7.20316254878279
"Fur_Brown+Mouth_Bored.Unshaven",2,6947,-0.0800105213639384,0.0454260550256703,-0.169045589214252,0.00902454648637548,-7.68933660053082
"Fur_Brown+Mouth_Bored.Unshaven",2,6948,-0.0735881783070409,0.0514132387319435,-0.17435812622165,0.0271817696075683,-7.09457802487242
"Fur_Brown+Mouth_Bored.Unshaven",2,6949,-0.0765536701908662,0.0450844225322475,-0.164919138354071,0.0118117979723389,-7.36968019147463
"Fur_Brown+Mouth_Bored.Unshaven",2,6950,-0.0808227407315459,0.0496451864721297,-0.17812730621692,0.0164818247538283,-7.76428266873633
"Fur_Brown+Mouth_Bored.Unshaven",2,6951,-0.074259056967401,0.0450054519902043,-0.162469742868201,0.0139516289333994,-7.15688538723046
"Fur_Brown+Mouth_Bored.Unshaven",2,6952,-0.0732633964620808,0.0451274221772209,-0.161713143929434,0.0151863510052721,-7.06439913000325
"Fur_Brown+Mouth_Bored.Unshaven",2,6954,-0.0739270914824274,0.0510705268990678,-0.1740253242046,0.0261711412397454,-7.12605956138954
"Fur_Brown+Mouth_Bored.Unshaven",2,6955,-0.0780591705918543,0.0423516946366317,-0.161068492079652,0.00495015089594393,-7.50903025298316
"Fur_Brown+Mouth_Bored.Unshaven",2,6958,-0.0749040501777892,0.0440604975434192,-0.161262625362891,0.0114545250073124,-7.21674925781659
"Fur_Brown+Mouth_Bored.Unshaven",2,6959,-0.0792473832089986,0.0521575654470848,-0.181476211485285,0.0229814450672875,-7.61886392440901
"Fur_Brown+Mouth_Bored.Unshaven",2,6962,-0.0786321921713345,0.0509441228542437,-0.178482672965652,0.0212182886229831,-7.56201439257779
"Fur_Brown+Mouth_Bored.Unshaven",2,6963,-0.0752508733400679,0.0479991266041966,-0.169329161484293,0.0188274148041575,-7.24892305861332
"Fur_Brown+Mouth_Bored.Unshaven",2,6965,-0.0782519355642599,0.0453298757685744,-0.167098492070666,0.0105946209421459,-7.52685755391943
"Fur_Brown+Mouth_Bored.Unshaven",2,6966,-0.0763391577543272,0.0526680831072337,-0.179568600644505,0.0268902851358508,-7.34980770450351
"Fur_Brown+Mouth_Bored.Unshaven",2,6970,-0.0716184711599547,0.0479313725783468,-0.165563961413515,0.0223270190936051,-6.91140120808566
"Fur_Brown+Mouth_Bored.Unshaven",2,6971,-0.0758678456485628,0.0495631373064581,-0.173011594769221,0.021275903472095,-7.30613025522647
"Fur_Brown+Mouth_Bored.Unshaven",2,6976,-0.0752605574799386,0.0410554723938041,-0.155729283371795,0.00520816841191742,-7.24982126866638
"Fur_Brown+Mouth_Bored.Unshaven",2,6979,-0.0758103834637405,0.0451790523742209,-0.164361326117214,0.0127405591897325,-7.3008037099153
"Fur_Brown+Mouth_Bored.Unshaven",2,6980,-0.0773206795117518,0.0458747961135012,-0.167235279894214,0.0125939208707106,-7.44070126976804
"Fur_Brown+Mouth_Bored.Unshaven",2,6982,-0.0715914252259279,0.0454188680723778,-0.160612406647788,0.0174295561959326,-6.90888350593742
"Fur_Brown+Mouth_Bored.Unshaven",2,6983,-0.073666116241855,0.0433582364997012,-0.158648259781269,0.0113160272975593,-7.10181859943282
"Fur_Brown+Mouth_Bored.Unshaven",2,6984,-0.0744687350888579,0.0473199467285266,-0.16721583067677,0.0182783604990542,-7.17635051631551
"Fur_Brown+Mouth_Bored.Unshaven",2,6985,-0.077165274137569,0.0508135277576722,-0.176759788542607,0.0224292402674686,-7.42631593956491
"Fur_Brown+Mouth_Bored.Unshaven",2,6987,-0.0819758303851331,0.0480352798549484,-0.176124978900832,0.0121733181305657,-7.870577424613
"Fur_Brown+Mouth_Bored.Unshaven",2,6988,-0.0775993674343327,0.0489314073672533,-0.173504925874149,0.0183061910054838,-7.46649283438099
"Fur_Brown+Mouth_Bored.Unshaven",2,6990,-0.0760378499478867,0.0465317088649942,-0.167239999323275,0.0151642994275019,-7.32188727218579
"Fur_Brown+Mouth_Bored.Unshaven",2,6991,-0.0774631548851171,0.045479707864653,-0.166603382299837,0.0116770725296027,-7.45388775101633
"Fur_Brown+Mouth_Bored.Unshaven",2,6992,-0.0770681590986006,0.0470822757052471,-0.169349419480885,0.0152131012836837,-7.41732520606928
"Fur_Brown+Mouth_Bored.Unshaven",2,6993,-0.07916250082578,0.043238138203514,-0.163909251704667,0.00558425005310755,-7.61102206060114
"Fur_Brown+Mouth_Bored.Unshaven",2,6994,-0.0748490642019315,0.0502828202835205,-0.173403391957632,0.0237052635537686,-7.21164733996561
"Fur_Brown+Mouth_Bored.Unshaven",2,6995,-0.0762313284704825,0.0479082107314908,-0.170131421504205,0.0176687645632395,-7.33981676197181
"Fur_Brown+Mouth_Bored.Unshaven",2,6997,-0.0759229785624148,0.0486218555954235,-0.171221815529445,0.0193758584046153,-7.3112405974864
"Fur_Brown+Mouth_Bored.Unshaven",2,6998,-0.074573544109145,0.0460898323229105,-0.16490961546205,0.0157625272437595,-7.1860787622645
"Fur_Brown+Mouth_Bored.Unshaven",2,6999,-0.076046729830135,0.0479999070907841,-0.170126547728072,0.0180330880678018,-7.32271023925988
"Fur_Brown+Mouth_Bored.Unshaven",2,7000,-0.0779382660632652,0.0438110752455857,-0.163807973544613,0.00793144141808279,-7.49784699984781
"Fur_Brown+Mouth_Bored.Unshaven",2,7001,-0.077022102837983,0.0446244880815625,-0.164486099477846,0.0104418938018795,-7.41306109607657
"Fur_Brown+Mouth_Bored.Unshaven",2,7002,-0.0752546003135992,0.0482809875494867,-0.169885335910593,0.0193761352833947,-7.2492687387779
"Fur_Brown+Mouth_Bored.Unshaven",2,7003,-0.077594897014696,0.0451632953714856,-0.166114955942808,0.0109251619134158,-7.46607916984888
"Fur_Brown+Mouth_Bored.Unshaven",2,7004,-0.0784412481487187,0.0431901683605468,-0.16309397813539,0.00621148183795307,-7.54436222652923
"Fur_Brown+Mouth_Bored.Unshaven",2,7005,-0.075644970412848,0.048539140753655,-0.170781686290012,0.0194917454643157,-7.28546878477827
"Fur_Brown+Mouth_Bored.Unshaven",2,7007,-0.0787006854331822,0.0485270022631516,-0.173813609868959,0.0164122390025949,-7.56834555490722
"Fur_Brown+Mouth_Bored.Unshaven",2,7008,-0.0761955317169827,0.0504909481378577,-0.175157790067184,0.0227667266332183,-7.33649976886476
"Fur_Brown+Mouth_Bored.Unshaven",2,7009,-0.0736179025869488,0.0504185642826213,-0.172438288580886,0.0252024834069889,-7.09733953059808
"Fur_Brown+Mouth_Bored.Unshaven",2,7010,-0.0728450583738416,0.0496056304135535,-0.170072093984406,0.0243819772367233,-7.0255124950928
"Fur_Brown+Mouth_Bored.Unshaven",2,7012,-0.0751226451841029,0.0461479585624945,-0.165572643966592,0.0153273535983863,-7.23702899649282
"Fur_Brown+Mouth_Bored.Unshaven",2,7014,-0.075648775033282,0.0485997391840766,-0.170904263834072,0.019606713767508,-7.28582152770724
"Fur_Brown+Mouth_Bored.Unshaven",2,7015,-0.0723386389001692,0.0454729411082013,-0.161465603472244,0.0167883256719053,-6.97841647990252
"Fur_Brown+Mouth_Bored.Unshaven",2,7016,-0.0729239122324023,0.047189998036106,-0.16541630838317,0.0195684839183653,-7.03284360313339
"Fur_Brown+Mouth_Bored.Unshaven",2,7018,-0.0731110738959332,0.048944988702009,-0.169043251751871,0.0228211039600044,-7.05024186258398
"Fur_Brown+Mouth_Bored.Unshaven",2,7020,-0.0733282966649058,0.0463852669934516,-0.164243419972071,0.0175868266422593,-7.07043047362955
"Fur_Brown+Mouth_Bored.Unshaven",2,7021,-0.071686447840258,0.0471279498598899,-0.164057229565642,0.0206843338851262,-6.91772884693723
"Fur_Brown+Mouth_Bored.Unshaven",2,7022,-0.0728326178046051,0.048689390183913,-0.168263822565074,0.0225985869558643,-7.024355832349
"Fur_Brown+Mouth_Bored.Unshaven",2,7023,-0.0747249334081521,0.0474621829108228,-0.167750811913365,0.0183009450970607,-7.20012873320433
"Fur_Brown+Mouth_Bored.Unshaven",2,7024,-0.0774952295241421,0.0477143379773115,-0.171015331959673,0.0160248729113884,-7.45685608655549
"Fur_Brown+Mouth_Bored.Unshaven",2,7025,-0.0745350108385394,0.0471076089171861,-0.166865924316224,0.0177959026391453,-7.18250226941494
"Fur_Brown+Mouth_Bored.Unshaven",2,7027,-0.0783816450515577,0.0489086952422757,-0.174242687726418,0.0174793976233027,-7.53885141993901
"Fur_Brown+Mouth_Bored.Unshaven",2,7028,-0.0752807157566038,0.0492107420274329,-0.171733770130372,0.0211723386171647,-7.25169093358532
"Fur_Brown+Mouth_Bored.Unshaven",2,7031,-0.0736164218481506,0.0433129695336603,-0.158509842134125,0.0112769984378236,-7.09720196592243
"Fur_Brown+Mouth_Bored.Unshaven",2,7032,-0.0765250668655214,0.0457895882095305,-0.166272659756201,0.0132225260251583,-7.36703061840723
"Fur_Brown+Mouth_Bored.Unshaven",2,7033,-0.0749374955333524,0.0450942866139214,-0.163322297296638,0.0134473062299336,-7.21985237473526
"Fur_Brown+Mouth_Bored.Unshaven",2,7034,-0.0758725793973414,0.0474668650123839,-0.168907634821614,0.0171624760269311,-7.30656904368061
"Fur_Brown+Mouth_Bored.Unshaven",2,7035,-0.0756488305661082,0.045847070003163,-0.165509087772308,0.0142114266400914,-7.28582667638745
"Fur_Brown+Mouth_Bored.Unshaven",2,7036,-0.0769068958188191,0.0494395851025726,-0.173808482619861,0.0199946909822233,-7.40239381637098
"Fur_Brown+Mouth_Bored.Unshaven",2,7037,-0.0738418099164028,0.0466953116108414,-0.165364620673652,0.0176810008408464,-7.11813878856291
"Fur_Brown+Mouth_Bored.Unshaven",2,7038,-0.0760997387320551,0.0439716559195587,-0.16228418433439,0.01008470687028,-7.32762283041635
"Fur_Brown+Mouth_Bored.Unshaven",2,7040,-0.0792063698666376,0.0467707214028971,-0.170876983816316,0.0124642440830407,-7.6150749875495
"Fur_Brown+Mouth_Bored.Unshaven",2,7041,-0.0755667726776396,0.0495066173077506,-0.172599742600831,0.0214661972455516,-7.27821843493957
"Fur_Brown+Mouth_Bored.Unshaven",2,7045,-0.0768884422816023,0.0504947010718505,-0.175858056382429,0.0220811718192247,-7.40068504723271
"Fur_Brown+Mouth_Bored.Unshaven",2,7046,-0.076584484935598,0.0483583613929668,-0.171366873265813,0.0181979033946168,-7.37253452715592
"Fur_Brown+Mouth_Bored.Unshaven",2,7047,-0.0738869302470248,0.0461433714518224,-0.164327938292597,0.016554077798547,-7.12232955430449
"Fur_Brown+Mouth_Bored.Unshaven",2,7049,-0.0751807779065454,0.0486569671737681,-0.170548433567131,0.0201868777540401,-7.24242140379995
"Fur_Brown+Mouth_Bored.Unshaven",2,7051,-0.0750135566009663,0.0507417957146234,-0.174467476201628,0.0244403629996955,-7.22690906344398
"Fur_Brown+Mouth_Bored.Unshaven",2,7054,-0.0768147179736448,0.048363839672355,-0.171607843731461,0.0179784077841709,-7.393857975163
"Fur_Brown+Mouth_Bored.Unshaven",2,7057,-0.0733615735601372,0.0496765105711853,-0.17072753427966,0.024004387159386,-7.07352282972629
"Fur_Brown+Mouth_Bored.Unshaven",2,7058,-0.0791129497053113,0.0436201077601704,-0.164608360915245,0.00638246150462268,-7.60644396980146
"Fur_Brown+Mouth_Bored.Unshaven",2,7059,-0.0770020576241843,0.0476252053420872,-0.170347460094675,0.0163433448463066,-7.41120515248993
"Fur_Brown+Mouth_Bored.Unshaven",2,7061,-0.0733206669587974,0.043258075429068,-0.158106494799771,0.011465160882176,-7.06972144562045
"Fur_Brown+Mouth_Bored.Unshaven",2,7063,-0.0768689168328918,0.0471081347554196,-0.169200860953514,0.0154630272877307,-7.39887698640643
"Fur_Brown+Mouth_Bored.Unshaven",2,7065,-0.0766036619914306,0.0481856846945585,-0.171047603992765,0.0178402800099041,-7.3743108322007
"Fur_Brown+Mouth_Bored.Unshaven",2,7066,-0.0765098327375873,0.0490548397898869,-0.172657318725766,0.0196376532505911,-7.36561942515163
"Fur_Brown+Mouth_Bored.Unshaven",2,7071,-0.0767268695043474,0.0491834184971584,-0.173126369758778,0.019672630750083,-7.38572230999095
"Fur_Brown+Mouth_Bored.Unshaven",2,7072,-0.0790937513071549,0.0464750467407406,-0.170184842919007,0.0119973403046968,-7.60467014449845
"Fur_Brown+Mouth_Bored.Unshaven",2,7074,-0.0744083363111533,0.0472458924228817,-0.167010285460001,0.0181936128376948,-7.1707439120303
"Fur_Brown+Mouth_Bored.Unshaven",2,7075,-0.074705060960142,0.0463331543718237,-0.165518043528916,0.0161079216086324,-7.19828455426311
"Fur_Brown+Mouth_Bored.Unshaven",2,7079,-0.0751259416830518,0.0471098491545906,-0.167461246026049,0.0172093626599457,-7.23733478902522
"Fur_Brown+Mouth_Bored.Unshaven",2,7081,-0.0747060051374292,0.0467961104625895,-0.166426381644105,0.0170143713692461,-7.19837217549368
"Fur_Brown+Mouth_Bored.Unshaven",2,7082,-0.0753700879214835,0.046095876894386,-0.16571800663448,0.014977830791513,-7.25997968035838
"Fur_Brown+Mouth_Bored.Unshaven",2,7084,-0.0770555162645327,0.0445665008241356,-0.164405857879838,0.0102948253507731,-7.41615469127499
"Fur_Brown+Mouth_Bored.Unshaven",2,7085,-0.0757309314288327,0.0438821057844505,-0.161739858766356,0.0102779959086902,-7.29343827754032
"Fur_Brown+Mouth_Bored.Unshaven",2,7087,-0.0750364135421279,0.0475336372353031,-0.168202342523322,0.0181295154390661,-7.2290295482909
"Fur_Brown+Mouth_Bored.Unshaven",2,7089,-0.076309404400058,0.0490045970222657,-0.172358414563699,0.0197396057635827,-7.34705100949877
"Fur_Brown+Mouth_Bored.Unshaven",2,7091,-0.0791122871702623,0.0472355572970983,-0.171693979472575,0.0134694051320503,-7.60638275581201
"Fur_Brown+Mouth_Bored.Unshaven",2,7092,-0.0775624069498989,0.0413023319940782,-0.158514977658292,0.00339016375849439,-7.46307268792505
"Fur_Brown+Mouth_Bored.Unshaven",2,7093,-0.0771277338423655,0.0489237516794738,-0.173018287134134,0.0187628194494032,-7.42284063090556
"Fur_Brown+Mouth_Bored.Unshaven",2,7094,-0.0784107299275663,0.0458691828866721,-0.168314328385444,0.0114928685303111,-7.54154060187362
"Fur_Brown+Mouth_Bored.Unshaven",2,7096,-0.0766360084022391,0.0498305545888225,-0.174303895396331,0.0210318785918529,-7.3773068923378
"Fur_Brown+Mouth_Bored.Unshaven",2,7099,-0.0708823322853278,0.0481885831735262,-0.165331955305439,0.0235672907347835,-6.84284984316372
"Fur_Brown+Mouth_Bored.Unshaven",2,7100,-0.0768133737093324,0.0487665861009158,-0.172395882467127,0.0187691350484625,-7.3937334879475
"Fur_Brown+Mouth_Bored.Unshaven",2,7101,-0.0724109421768644,0.0441878446229786,-0.159019117637902,0.0141972332841736,-6.98514200205282
"Fur_Brown+Mouth_Bored.Unshaven",2,7103,-0.0773561777041894,0.0473321364190334,-0.170127165085495,0.0154148096771161,-7.44398689924894
"Fur_Brown+Mouth_Bored.Unshaven",2,7104,-0.0746872502458524,0.0397345622693469,-0.152566992293772,0.0031924918020676,-7.19663167470428
"Fur_Brown+Mouth_Bored.Unshaven",2,7106,-0.0760551039703583,0.0475673436858046,-0.169287097594535,0.0171768896538187,-7.3234863286303
"Fur_Brown+Mouth_Bored.Unshaven",2,7107,-0.0746717618248342,0.0476151819082316,-0.167997518364968,0.0186539947152998,-7.19519428593234
"Fur_Brown+Mouth_Bored.Unshaven",2,7108,-0.074701200889279,0.0495239483070555,-0.171768139571108,0.0223657377925499,-7.1979263323739
"Fur_Brown+Mouth_Bored.Unshaven",2,7110,-0.0776909491506435,0.0456013718621512,-0.16706963800046,0.0116877396991729,-7.47496682374631
"Fur_Brown+Mouth_Bored.Unshaven",2,7112,-0.074850950695954,0.0484127437574037,-0.169739928460465,0.0200380270685573,-7.21182238447314
"Fur_Brown+Mouth_Bored.Unshaven",2,7113,-0.0768523551899321,0.0470988506198742,-0.169166102404885,0.0154613920250213,-7.39734334696965
"Fur_Brown+Mouth_Bored.Unshaven",2,7115,-0.072884487845523,0.0518311145073714,-0.174473472279971,0.0287044965889249,-7.02917835774297
"Fur_Brown+Mouth_Bored.Unshaven",2,7118,-0.0744270861716306,0.047951159434205,-0.168411358662672,0.0195571863194113,-7.17248443131285
"Fur_Brown+Mouth_Bored.Unshaven",2,7119,-0.0767728059204889,0.0468816954148504,-0.168660928933596,0.015115317092618,-7.38997658027784
"Fur_Brown+Mouth_Bored.Unshaven",2,7123,-0.0753177043708316,0.0475471639900979,-0.168510145791423,0.0178747370497604,-7.25512150156328
"Fur_Brown+Mouth_Bored.Unshaven",2,7124,-0.0769842680899206,0.04660265585104,-0.168325473557959,0.0143569373781179,-7.4095580263008
"Fur_Brown+Mouth_Bored.Unshaven",2,7125,-0.0730849829050618,0.0499411072381464,-0.170969553091829,0.0247995872817052,-7.04781667965534
"Fur_Brown+Mouth_Bored.Unshaven",2,7126,-0.0740492483023489,0.0479311020810592,-0.167994208381225,0.0198957117765272,-7.13740405368944
"Fur_Brown+Mouth_Bored.Unshaven",2,7130,-0.0761546606343281,0.0428015021395954,-0.160045604827935,0.00773628355927884,-7.33271243389202
"Fur_Brown+Mouth_Bored.Unshaven",2,7134,-0.0726185991830511,0.0439732077251624,-0.15880608632437,0.0135688879582673,-7.00445518366741
"Fur_Brown+Mouth_Bored.Unshaven",2,7135,-0.0741296963696712,0.0473616112941202,-0.166958454506147,0.0186990617668044,-7.1448743695696
"Fur_Brown+Mouth_Bored.Unshaven",2,7140,-0.0740546330289508,0.0495105788604259,-0.171095367595386,0.022986101537484,-7.13790409203388
"Fur_Brown+Mouth_Bored.Unshaven",2,7141,-0.0720185568951466,0.0473339883093346,-0.164793173981442,0.0207560601911493,-6.94863717928414
"Fur_Brown+Mouth_Bored.Unshaven",2,7145,-0.0766480817795964,0.0455359072158725,-0.165898459922706,0.0126022963635136,-7.37842515431292
"Fur_Brown+Mouth_Bored.Unshaven",2,7146,-0.074253058100824,0.0460200781720784,-0.164452411318098,0.0159462951164497,-7.15632843210277
"Fur_Brown+Mouth_Bored.Unshaven",2,7147,-0.0756200693400748,0.0449633501521724,-0.163748235638333,0.0125080969581831,-7.28316006474467
"Fur_Brown+Mouth_Bored.Unshaven",2,7148,-0.0756227839583496,0.0483944453740392,-0.170475896891466,0.0192303289747673,-7.28341175523111
"Fur_Brown+Mouth_Bored.Unshaven",2,7150,-0.0778296543438735,0.0453649183459375,-0.166744894301911,0.0110855856141641,-7.48779963634219
"Fur_Brown+Mouth_Bored.Unshaven",2,7151,-0.0782405626374477,0.0475537740216737,-0.171445959719928,0.0149648344450326,-7.52580585765787
"Fur_Brown+Mouth_Bored.Unshaven",2,7152,-0.0777530548013213,0.045690257955222,-0.167305960393556,0.0117998507909137,-7.48071297269971
"Fur_Brown+Mouth_Bored.Unshaven",2,7154,-0.0767753499907978,0.0472825602972131,-0.169449168173335,0.01589846819174,-7.39021218638903
"Fur_Brown+Mouth_Bored.Unshaven",2,7155,-0.0753791052929124,0.0502116220166218,-0.173793884445491,0.0230356738596662,-7.26081594779745
"Fur_Brown+Mouth_Bored.Unshaven",2,7157,-0.0775306523254885,0.0462533373251773,-0.168187193482836,0.013125888831859,-7.46013416589858
"Fur_Brown+Mouth_Bored.Unshaven",2,7158,-0.0776894806862298,0.0477634063129269,-0.171305757059566,0.015926795687107,-7.47483095392796
"Fur_Brown+Mouth_Bored.Unshaven",2,7159,-0.0740923595620395,0.048577946168161,-0.169305134051635,0.021120414927556,-7.14140739088376
"Fur_Brown+Mouth_Bored.Unshaven",2,7161,-0.0788349792584505,0.0422088152592319,-0.161564257166545,0.00389429864964405,-7.58075772190118
"Fur_Brown+Mouth_Bored.Unshaven",2,7163,-0.0788256650079871,0.0501712784969459,-0.177161370862001,0.0195100408460269,-7.57989690192202
"Fur_Brown+Mouth_Bored.Unshaven",2,7166,-0.0744020334321472,0.0496190488214555,-0.1716553691222,0.0228513022579055,-7.17015881861707
"Fur_Brown+Mouth_Bored.Unshaven",2,7173,-0.0733724282134764,0.0463646389174582,-0.164247120491695,0.0175022640647417,-7.07453150894756
"Fur_Brown+Mouth_Bored.Unshaven",2,7176,-0.0795708690559489,0.0459241286583191,-0.169582161226254,0.0104404231143565,-7.6487430814519
"Fur_Brown+Mouth_Bored.Unshaven",2,7178,-0.0745968310837727,0.0450990044151181,-0.162990879737404,0.0137972175698588,-7.18824009252794
"Fur_Brown+Mouth_Bored.Unshaven",2,7179,-0.0762380502286598,0.0497664336347846,-0.173780260152838,0.0213041596955179,-7.34043959922291
"Fur_Brown+Mouth_Bored.Unshaven",2,7180,-0.0741334584263692,0.0465698849469826,-0.165410432922455,0.0171435160697167,-7.14522369515983
"Fur_Brown+Mouth_Bored.Unshaven",2,7181,-0.0742388962737392,0.0468993214754948,-0.166161566365709,0.0176837738182307,-7.15501358676981
"Fur_Brown+Mouth_Bored.Unshaven",2,7182,-0.0739329498267522,0.0492444188930112,-0.170452010857054,0.0225861112035496,-7.12660364731772
"Fur_Brown+Mouth_Bored.Unshaven",2,7183,-0.0737901160692295,0.0465654360881422,-0.165058370801988,0.0174781386635292,-7.11333724372019
"Fur_Brown+Mouth_Bored.Unshaven",2,7184,-0.075309693282999,0.046956671183732,-0.167344768803114,0.0167253822371157,-7.25437851121953
"Fur_Brown+Mouth_Bored.Unshaven",2,7185,-0.0756525905576429,0.0447824144264435,-0.163426122833472,0.0121209417181865,-7.28617528023892
"Fur_Brown+Mouth_Bored.Unshaven",2,7186,-0.0725602253630255,0.0467495819264429,-0.164189405938854,0.0190689552128025,-6.99902652002675
"Fur_Brown+Mouth_Bored.Unshaven",2,7189,-0.0749012440535745,0.0508353492877531,-0.174538528657571,0.0247360405504217,-7.21648889612466
"Fur_Brown+Mouth_Bored.Unshaven",2,7191,-0.0724972591706025,0.0450412496709535,-0.160778108525671,0.0157835901844662,-6.99317041846881
"Fur_Brown+Mouth_Bored.Unshaven",2,7192,-0.078474198464064,0.0494987037088748,-0.175491657733459,0.0185432608053305,-7.54740861875927
"Fur_Brown+Mouth_Bored.Unshaven",2,7195,-0.0759167075989839,0.0469678810466868,-0.16797375445049,0.0161403392525223,-7.31065934784323
"Fur_Brown+Mouth_Bored.Unshaven",2,7198,-0.0707366116014554,0.0442871634597743,-0.157539451982613,0.0160662287797022,-6.82927393041365
"Fur_Brown+Mouth_Bored.Unshaven",2,7199,-0.0766050635392529,0.0477408376949008,-0.170177105421258,0.0169669783427526,-7.37444065144268
"Fur_Brown+Mouth_Bored.Unshaven",2,7200,-0.0745492259474331,0.0507309669781068,-0.173981921224522,0.0248834693296562,-7.18382167087468
"Fur_Brown+Mouth_Bored.Unshaven",2,7201,-0.0769982100214572,0.0445988241027694,-0.164411905262885,0.0104154852199709,-7.41084890690503
"Fur_Brown+Mouth_Bored.Unshaven",2,7204,-0.074787433152552,0.0448850405919482,-0.16276211271277,0.0131872464076664,-7.20592852019435
"Fur_Brown+Mouth_Bored.Unshaven",2,7205,-0.0767412081294429,0.0473011390183839,-0.169451440605475,0.0159690243465895,-7.3870502618767
"Fur_Brown+Mouth_Bored.Unshaven",2,7206,-0.0740306260015179,0.0462521595072492,-0.164684858635726,0.0166236066326906,-7.13567472238977
"Fur_Brown+Mouth_Bored.Unshaven",2,7207,-0.0794737788953488,0.0450584520999552,-0.167788345011261,0.00884078722056345,-7.63977624779744
"Fur_Brown+Mouth_Bored.Unshaven",2,7209,-0.0711838384826915,0.0472406425203903,-0.163775497822656,0.0214078208572734,-6.87093306741893
"Fur_Brown+Mouth_Bored.Unshaven",2,7218,-0.074636228058934,0.0450183396948652,-0.16287217386087,0.0135997177430018,-7.19189652310106
"Fur_Brown+Mouth_Bored.Unshaven",2,7222,-0.0782173843099608,0.0440751746850872,-0.164604726692732,0.00816995807281014,-7.52366243566158
"Fur_Brown+Mouth_Bored.Unshaven",2,7223,-0.0737107624426988,0.0486372362035159,-0.16903974540159,0.0216182205161924,-7.10596605771283
"Fur_Brown+Mouth_Bored.Unshaven",2,7225,-0.0745073624848991,0.0459805214855417,-0.164629184596561,0.0156144596267626,-7.17993598293705
"Fur_Brown+Mouth_Bored.Unshaven",2,7226,-0.0786855788547879,0.045337237522796,-0.167546564399468,0.0101754066898922,-7.56694921832632
"Fur_Brown+Mouth_Bored.Unshaven",2,7227,-0.073505803993031,0.0442843932165822,-0.160303214697532,0.01329160671147,-7.08692468925461
"Fur_Brown+Mouth_Bored.Unshaven",2,7228,-0.0712237093600167,0.0433431430000209,-0.156176269640058,0.0137288509200242,-6.87464613099997
"Fur_Brown+Mouth_Bored.Unshaven",2,7229,-0.0764528924180614,0.046554756326038,-0.167700214817096,0.0147944299809731,-7.36034464375017
"Fur_Brown+Mouth_Bored.Unshaven",2,7230,-0.0731051110333865,0.0470133050151213,-0.165251188863024,0.0190409667962512,-7.0496876143
"Fur_Brown+Mouth_Bored.Unshaven",2,7232,-0.0766758993022337,0.0466930707258579,-0.168194317924915,0.0148425193204477,-7.38100162123226
"Fur_Brown+Mouth_Bored.Unshaven",2,7233,-0.0777354753016308,0.0481047345780667,-0.172020755074641,0.01654980447138,-7.47908651562593
"Fur_Brown+Mouth_Bored.Unshaven",2,7234,-0.0752231954118064,0.0440117714825524,-0.161486267517609,0.0110398766939962,-7.24635586543243
"Fur_Brown+Mouth_Bored.Unshaven",2,7235,-0.0736997134278903,0.049772656619058,-0.171254120401244,0.0238546935454635,-7.10493966448588
"Fur_Brown+Mouth_Bored.Unshaven",2,7237,-0.0773420384637603,0.0487401083089543,-0.172872650749311,0.0181885738217902,-7.4426782182747
"Fur_Brown+Mouth_Bored.Unshaven",2,7239,-0.0734789332549311,0.0479213443866693,-0.167404768252803,0.0204469017429408,-7.08442801279826
"Fur_Brown+Mouth_Bored.Unshaven",2,7240,-0.073730022752113,0.0466119635842506,-0.165089471377244,0.0176294258730182,-7.10775520831944
"Fur_Brown+Mouth_Bored.Unshaven",2,7241,-0.0751208940601412,0.049285624287017,-0.171720717662694,0.0214789295424121,-7.23686655688932
"Fur_Brown+Mouth_Bored.Unshaven",2,7242,-0.0727703081999513,0.0456654839484896,-0.162274656738991,0.0167340403390883,-7.01856237622638
"Fur_Brown+Mouth_Bored.Unshaven",2,7243,-0.0783106487948601,0.0465666773759689,-0.169581336451759,0.012960038862039,-7.53228679147059
"Fur_Brown+Mouth_Bored.Unshaven",2,7244,-0.0765309637045672,0.0481467538046375,-0.170898601161657,0.0178366737525222,-7.36757685850746
"Fur_Brown+Mouth_Bored.Unshaven",2,7246,-0.0774326337504375,0.0471310169869637,-0.169809427044886,0.0149441595440113,-7.45106309555468
"Fur_Brown+Mouth_Bored.Unshaven",2,7247,-0.0744194859666737,0.0467698513714388,-0.166088394654694,0.0172494227213463,-7.17177892048788
"Fur_Brown+Mouth_Bored.Unshaven",2,7248,-0.0768747819684738,0.0488932519642515,-0.172705555818407,0.0189559918814591,-7.39942010295523
"Fur_Brown+Mouth_Bored.Unshaven",2,7249,-0.0758205774841254,0.0486790603521055,-0.171231535774252,0.0195903808060013,-7.30174868259541
"Fur_Brown+Mouth_Bored.Unshaven",2,7251,-0.0766246821196929,0.0429833815551679,-0.160872109967822,0.00762274572843606,-7.37625781560441
"Fur_Brown+Mouth_Bored.Unshaven",2,7252,-0.0775888420358574,0.0438676572508722,-0.163569450247567,0.00839176617585209,-7.46551887722012
"Fur_Brown+Mouth_Bored.Unshaven",2,7254,-0.0751623335202702,0.0500894174429993,-0.173337591708549,0.0230129246680085,-7.24071053141242
"Fur_Brown+Mouth_Bored.Unshaven",2,7256,-0.0740191244900993,0.0500197539214761,-0.172057842176192,0.0240195931959939,-7.13460663614992
"Fur_Brown+Mouth_Bored.Unshaven",2,7257,-0.0773623581476748,0.0463886106910467,-0.168284035102126,0.0135593188067767,-7.44455893468944
"Fur_Brown+Mouth_Bored.Unshaven",2,7258,-0.0756035485534412,0.0487510422671085,-0.171155591396974,0.0199484942900914,-7.28162829696178
"Fur_Brown+Mouth_Bored.Unshaven",2,7260,-0.0749127517076253,0.0439111210312945,-0.160978548928963,0.0111530455137119,-7.21755661052861
"Fur_Brown+Mouth_Bored.Unshaven",2,7262,-0.0768532346528391,0.0469571859936638,-0.16888931920042,0.015182849894742,-7.39742478753547
"Fur_Brown+Mouth_Bored.Unshaven",2,7263,-0.0785930732803744,0.0498797871008403,-0.176357455998021,0.0191713094372726,-7.55839825036896
"Fur_Brown+Mouth_Bored.Unshaven",2,7264,-0.0747985994771673,0.0471124579072489,-0.167139016975375,0.0175418180210405,-7.20696468313379
"Fur_Brown+Mouth_Bored.Unshaven",2,7266,-0.0779161750885349,0.0450602562166813,-0.16623427727323,0.0104019270961605,-7.49580351455217
"Fur_Brown+Mouth_Bored.Unshaven",2,7267,-0.0772808811460385,0.0461288003152465,-0.167693329763922,0.0131315674718447,-7.43701748764323
"Fur_Brown+Mouth_Bored.Unshaven",2,7269,-0.0777682743352317,0.0441890250762488,-0.164378763484679,0.00884221481421593,-7.48212106241072
"Fur_Brown+Mouth_Bored.Unshaven",2,7270,-0.0759371666938238,0.0408444363993418,-0.155992262036534,0.00411792864888616,-7.31255566845571
"Fur_Brown+Mouth_Bored.Unshaven",2,7271,-0.0711328245938979,0.0448282715043535,-0.158996236742431,0.0167305875546348,-6.8661820703726
"Fur_Brown+Mouth_Bored.Unshaven",2,7272,-0.0748219995823562,0.0461668566324537,-0.165309038581965,0.0156650394172529,-7.20913602451609
"Fur_Brown+Mouth_Bored.Unshaven",2,7273,-0.0788632058692035,0.0488102196430221,-0.174531236369527,0.0168048246311198,-7.58336636706226
"Fur_Brown+Mouth_Bored.Unshaven",2,7276,-0.0752396886677681,0.0492733144214071,-0.171815384933726,0.0213360075981898,-7.24788566241082
"Fur_Brown+Mouth_Bored.Unshaven",2,7277,-0.0750432328072667,0.0449979366612919,-0.163239188663399,0.0131527230488655,-7.22966217597856
"Fur_Brown+Mouth_Bored.Unshaven",2,7278,-0.0786600391817348,0.0428997885468525,-0.162743624733566,0.00542354637009607,-7.56458847828392
"Fur_Brown+Mouth_Bored.Unshaven",2,7281,-0.0792359172517263,0.0490286366127179,-0.175332045012653,0.0168602105092008,-7.61780468017739
"Fur_Brown+Mouth_Bored.Unshaven",2,7282,-0.0721826391856966,0.0415853485772097,-0.153689922397028,0.00932464402563447,-6.96390400749225
"Fur_Brown+Mouth_Bored.Unshaven",2,7283,-0.0758022501935681,0.047392618098694,-0.168691781667008,0.0170872812798722,-7.30004975924107
"Fur_Brown+Mouth_Bored.Unshaven",2,7284,-0.0741949185575663,0.0475971653772526,-0.167485362696981,0.0190955255818488,-7.150930386525
"Fur_Brown+Mouth_Bored.Unshaven",2,7285,-0.0766999094526839,0.0457544997157469,-0.166378728895548,0.01297890999018,-7.38322539062126
"Fur_Brown+Mouth_Bored.Unshaven",2,7286,-0.0761457038167207,0.048271216524323,-0.170757288204394,0.0184658805709525,-7.33188242618201
"Fur_Brown+Mouth_Bored.Unshaven",2,7287,-0.0775292516348927,0.0434811317087119,-0.162752269783968,0.00769376651418266,-7.460004546088
"Fur_Brown+Mouth_Bored.Unshaven",2,7289,-0.0747832049492638,0.0449593492756765,-0.16290352952959,0.0133371196310621,-7.20553616716671
"Fur_Brown+Mouth_Bored.Unshaven",2,7290,-0.076327524485747,0.0487757415703702,-0.171927977963673,0.0192729289921787,-7.3487298736632
"Fur_Brown+Mouth_Bored.Unshaven",2,7291,-0.0733362723799842,0.0449123991941564,-0.161364574800531,0.0146920300405623,-7.07117165044274
"Fur_Brown+Mouth_Bored.Unshaven",2,7295,-0.075348773311309,0.0449471831155438,-0.163445252217775,0.0127477055951568,-7.25800294191106
"Fur_Brown+Mouth_Bored.Unshaven",2,7298,-0.0766880669388213,0.0455519408354585,-0.16596987097632,0.0125937370986773,-7.38212856868948
"Fur_Brown+Mouth_Bored.Unshaven",2,7300,-0.0771225447437899,0.0415123794280108,-0.158486808422691,0.00424171893511127,-7.42236023765334
"Fur_Brown+Mouth_Bored.Unshaven",2,7301,-0.0803700599143656,0.0479137847851065,-0.174281078093174,0.0135409582644431,-7.72251987694742
"Fur_Brown+Mouth_Bored.Unshaven",2,7302,-0.0751641377116616,0.0483667311846001,-0.169962930833478,0.0196346554101546,-7.24087788677298
"Fur_Brown+Mouth_Bored.Unshaven",2,7303,-0.0814055961596114,0.0488324641513002,-0.17711722589616,0.0143060335769369,-7.81802709310814
"Fur_Brown+Mouth_Bored.Unshaven",2,7307,-0.0747484276490925,0.0412883207629168,-0.155673536344409,0.0061766810462244,-7.20230897012749
"Fur_Brown+Mouth_Bored.Unshaven",2,7308,-0.0740462569693368,0.0474493858279832,-0.167047053192184,0.0189545392535103,-7.13712627032513
"Fur_Brown+Mouth_Bored.Unshaven",2,7309,-0.073033300405509,0.0471228739693948,-0.165394133385523,0.0193275325745047,-7.04301255433893
"Fur_Brown+Mouth_Bored.Unshaven",2,7311,-0.0708425524260098,0.0474034904577051,-0.163753393723112,0.0220682888710922,-6.83914399112737
"Fur_Brown+Mouth_Bored.Unshaven",2,7313,-0.0767100723511483,0.0444582987626514,-0.163848337925945,0.0104281932236485,-7.3841666407148
"Fur_Brown+Mouth_Bored.Unshaven",2,7314,-0.074796017880347,0.0475847362186794,-0.168062100868959,0.0184700651082647,-7.20672512861965
"Fur_Brown+Mouth_Bored.Unshaven",2,7315,-0.0747345987110438,0.0498865834079918,-0.172512302190708,0.0230431047686202,-7.20102566773384
"Fur_Brown+Mouth_Bored.Unshaven",2,7318,-0.0740203200214563,0.0486669821991627,-0.169407605131815,0.0213669650889026,-7.13471765957331
"Fur_Brown+Mouth_Bored.Unshaven",2,7320,-0.0756460118919216,0.0486719576654886,-0.171043048916279,0.0197510251324361,-7.28556534497207
"Fur_Brown+Mouth_Bored.Unshaven",2,7322,-0.0767192683332911,0.0451229159567091,-0.165160183608441,0.0117216469418587,-7.38501833034844
"Fur_Brown+Mouth_Bored.Unshaven",2,7323,-0.0753848267633657,0.0462062355658622,-0.165949048472456,0.0151793949457242,-7.26134655078094
"Fur_Brown+Mouth_Bored.Unshaven",2,7324,-0.0752601446373219,0.0452283389820018,-0.163907689042046,0.0133873997674017,-7.24978297743198
"Fur_Brown+Mouth_Bored.Unshaven",2,7326,-0.0755789734220548,0.0499571398284772,-0.17349496748587,0.0223370206417605,-7.27934970279699
"Fur_Brown+Mouth_Bored.Unshaven",2,7327,-0.0753520129659265,0.0500889534551856,-0.17352636173809,0.0228223358062372,-7.25830339346338
"Fur_Brown+Mouth_Bored.Unshaven",2,7329,-0.076973692825186,0.0502402175821706,-0.17544451928624,0.0214971336358683,-7.40857885268754
"Fur_Brown+Mouth_Bored.Unshaven",2,7330,-0.0760891676205394,0.0484950950245239,-0.171139553868606,0.0189612186275275,-7.32664317520484
"Fur_Brown+Mouth_Bored.Unshaven",2,7334,-0.0786876044049589,0.0444214146417418,-0.165753577102773,0.00837836829285495,-7.56713644591851
"Fur_Brown+Mouth_Bored.Unshaven",2,7335,-0.0743573019376678,0.0495252152277042,-0.171426723783968,0.0227121199086325,-7.16600630821543
"Fur_Brown+Mouth_Bored.Unshaven",2,7336,-0.0768802192809838,0.0491001866637335,-0.173116585141901,0.0193561465799339,-7.3999235998779
"Fur_Brown+Mouth_Bored.Unshaven",2,7338,-0.0765034644496269,0.0440981110851807,-0.162935762176581,0.00992883327732716,-7.3650295008627
"Fur_Brown+Mouth_Bored.Unshaven",2,7339,-0.0804132551264875,0.0440468535933992,-0.16674508816955,0.00591857791657492,-7.72650573618977
"Fur_Brown+Mouth_Bored.Unshaven",2,7340,-0.0759135481941679,0.0468454766955877,-0.16773068251752,0.015903586129184,-7.31036650423138
"Fur_Brown+Mouth_Bored.Unshaven",2,7341,-0.0723479712791457,0.0507623055716202,-0.171842090199521,0.02714614764123,-6.97928458852215
"Fur_Brown+Mouth_Bored.Unshaven",2,7344,-0.0728538746777096,0.0484388689904822,-0.167794057899055,0.0220863085436355,-7.0263321828133
"Fur_Brown+Mouth_Bored.Unshaven",2,7346,-0.0772091907984962,0.0450539961517667,-0.165515023255959,0.0110966416589665,-7.43038137738768
"Fur_Brown+Mouth_Bored.Unshaven",2,7348,-0.0766287406873397,0.0460642177232051,-0.166914607424822,0.0136571260501422,-7.37663373456492
"Fur_Brown+Mouth_Bored.Unshaven",2,7351,-0.0764546379975537,0.0507001700884375,-0.175826971370891,0.0229176953757838,-7.36050635349159
"Fur_Brown+Mouth_Bored.Unshaven",2,7352,-0.0801033276027805,0.0485253008373712,-0.175212917244028,0.0150062620384671,-7.69790320848246
"Fur_Brown+Mouth_Bored.Unshaven",2,7353,-0.0739804625780468,0.0480288315129488,-0.168116972343426,0.0201560471873328,-7.1310162130731
"Fur_Brown+Mouth_Bored.Unshaven",2,7355,-0.077565741772358,0.0443271118779707,-0.164446881053181,0.00931539750846457,-7.463381281634
"Fur_Brown+Mouth_Bored.Unshaven",2,7356,-0.0751122103351115,0.0412174354539292,-0.155898383824813,0.00567396315458966,-7.23606102384811
"Fur_Brown+Mouth_Bored.Unshaven",2,7357,-0.0761361609887922,0.0432163499814341,-0.160840206952403,0.00856788497481868,-7.3309981060621
"Fur_Brown+Mouth_Bored.Unshaven",2,7358,-0.0739185059933876,0.048546511758697,-0.169069669040434,0.0212326570536585,-7.12526218976892
"Fur_Brown+Mouth_Bored.Unshaven",2,7359,-0.0763912276262592,0.0499072691063165,-0.174209475074639,0.021427019822121,-7.35463186255308
"Fur_Brown+Mouth_Bored.Unshaven",2,7360,-0.0751598860788752,0.0452194049223718,-0.163789919726724,0.0134701475689735,-7.24048350820978
"Fur_Brown+Mouth_Bored.Unshaven",2,7363,-0.0734707421706365,0.0480888327120424,-0.16772485428624,0.0207833699449666,-7.0836669303988
"Fur_Brown+Mouth_Bored.Unshaven",2,7365,-0.0767437521960647,0.0470465255598264,-0.168954942293324,0.015467437901195,-7.38728587509118
"Fur_Brown+Mouth_Bored.Unshaven",2,7366,-0.0763920548171084,0.0462979707754342,-0.167136077536959,0.0143519679027426,-7.35470849792212
"Fur_Brown+Mouth_Bored.Unshaven",2,7367,-0.0774462611535627,0.0482715126750813,-0.172058425996722,0.0171659036895966,-7.45232428863327
"Fur_Brown+Mouth_Bored.Unshaven",2,7368,-0.0717929079811255,0.0420049442848461,-0.154122598779424,0.0105367828171729,-6.92763787116903
"Fur_Brown+Mouth_Bored.Unshaven",2,7369,-0.0772442254044534,0.0452078899142025,-0.16585168963629,0.0113632388273835,-7.43362446068934
"Fur_Brown+Mouth_Bored.Unshaven",2,7370,-0.0753586322526729,0.0473953877422082,-0.168253592227401,0.0175363277220552,-7.25891727531484
"Fur_Brown+Mouth_Bored.Unshaven",2,7372,-0.0772316968157527,0.0474541608440443,-0.170241852070079,0.0157784584385741,-7.43246472737779
"Fur_Brown+Mouth_Bored.Unshaven",2,7373,-0.0769404061177874,0.0446930696341244,-0.164538822600671,0.0106580103650964,-7.40549673784774
"Fur_Brown+Mouth_Bored.Unshaven",2,7375,-0.0781461585882586,0.0463812455225271,-0.169053399812412,0.0127610826358946,-7.5170755072016
"Fur_Brown+Mouth_Bored.Unshaven",2,7376,-0.0772593563104442,0.0405280291528165,-0.156694293449965,0.00217558082907615,-7.43502506321931
"Fur_Brown+Mouth_Bored.Unshaven",2,7377,-0.073687216918261,0.0438505143346345,-0.159634225014145,0.0122597911776227,-7.10377879321648
"Fur_Brown+Mouth_Bored.Unshaven",2,7378,-0.0748447777551914,0.046224080690121,-0.165443975907829,0.0157544203974458,-7.21124960678139
"Fur_Brown+Mouth_Bored.Unshaven",2,7379,-0.074876286196704,0.0478100091760857,-0.168583904181832,0.018831331788424,-7.21417318963716
"Fur_Brown+Mouth_Bored.Unshaven",2,7380,-0.0783866310857015,0.0496367095983701,-0.175674581898507,0.0189013197271038,-7.53931243323348
"Fur_Brown+Mouth_Bored.Unshaven",2,7381,-0.0771407640167108,0.0515478049283667,-0.178174461676309,0.0238929336428879,-7.42404691957343
"Fur_Brown+Mouth_Bored.Unshaven",2,7382,-0.0767833178886709,0.0473237423324451,-0.169537852860263,0.0159712170829216,-7.39095008878061
"Fur_Brown+Mouth_Bored.Unshaven",2,7385,-0.0791191914208576,0.0434668433289626,-0.164314204345624,0.00607582150390916,-7.60702066229673
"Fur_Brown+Mouth_Bored.Unshaven",2,7386,-0.0759872014815323,0.0470682517397173,-0.168240974891378,0.0162665719283137,-7.31719314903744
"Fur_Brown+Mouth_Bored.Unshaven",2,7387,-0.076698037567275,0.0441725088617368,-0.163276154936279,0.00988007980172911,-7.38305202246998
"Fur_Brown+Mouth_Bored.Unshaven",2,7388,-0.0781290330079083,0.0456395006801958,-0.167582454341092,0.0113243883252755,-7.51549166988514
"Fur_Brown+Mouth_Bored.Unshaven",2,7389,-0.0742495143607936,0.0481938112775008,-0.168709384464695,0.020210355743108,-7.15599941768429
"Fur_Brown+Mouth_Bored.Unshaven",2,7390,-0.0769780410323815,0.0451006983962107,-0.165375409888955,0.0114193278241916,-7.4089814584959
"Fur_Brown+Mouth_Bored.Unshaven",2,7391,-0.0762089552684225,0.0466880260002833,-0.167717486228978,0.0152995756921328,-7.33774363377814
"Fur_Brown+Mouth_Bored.Unshaven",2,7393,-0.075713548787456,0.049167270457114,-0.1720813988834,0.0206543013084874,-7.29182677861863
"Fur_Brown+Mouth_Bored.Unshaven",2,7394,-0.0762601733961811,0.046756365523928,-0.16790264982308,0.0153823030307178,-7.34248949952488
"Fur_Brown+Mouth_Bored.Unshaven",2,7396,-0.0741240949828855,0.0468323737702076,-0.165915547572492,0.0176673576067213,-7.14435425063921
"Fur_Brown+Mouth_Bored.Unshaven",2,7397,-0.0740184653802503,0.0437162219043692,-0.159702260312814,0.0116653295523134,-7.13454542763435
"Fur_Brown+Mouth_Bored.Unshaven",2,7398,-0.075645018081633,0.0479776282042373,-0.169681169361938,0.0183911331986722,-7.28547320436722
"Fur_Brown+Mouth_Bored.Unshaven",2,7399,-0.0758283786612042,0.0462101794780392,-0.166400330438161,0.0147435731157526,-7.3024718352481
"Fur_Brown+Mouth_Bored.Unshaven",2,7400,-0.0743949666638348,0.0493993996205892,-0.17121778992019,0.0224278565925201,-7.16950280931902
"Fur_Brown+Mouth_Bored.Unshaven",2,7401,-0.0736652110045185,0.0487955926223938,-0.16930457254441,0.0219741505353734,-7.10173450449246
"Fur_Brown+Mouth_Bored.Unshaven",2,7403,-0.0711847628393632,0.0488174281277751,-0.166866921969802,0.0244973962910759,-6.8710191518535
"Fur_Brown+Mouth_Bored.Unshaven",2,7407,-0.077139522256072,0.0482122010815051,-0.171635436375822,0.0173563918636779,-7.42393196232742
"Fur_Brown+Mouth_Bored.Unshaven",2,7411,-0.0787885198438223,0.048505167871753,-0.173858648872458,0.0162816091848135,-7.5764638782606
"Fur_Brown+Mouth_Bored.Unshaven",2,7413,-0.0765684125467961,0.0476057639690951,-0.169875709926223,0.0167388848326304,-7.3710457705532
"Fur_Brown+Mouth_Bored.Unshaven",2,7414,-0.0733424679713813,0.0455559912444912,-0.162632210810584,0.0159472748678214,-7.07174739770865
"Fur_Brown+Mouth_Bored.Unshaven",2,7415,-0.0751859320734186,0.048922104818369,-0.171073257517422,0.0207013933705847,-7.2428994906067
"Fur_Brown+Mouth_Bored.Unshaven",2,7416,-0.0783482105864345,0.0459804502616199,-0.16846989309921,0.0117734719263405,-7.53575997921151
"Fur_Brown+Mouth_Bored.Unshaven",2,7418,-0.0771386311745496,0.0464210077407072,-0.168123806346336,0.0138465439972366,-7.42384946946703
"Fur_Brown+Mouth_Bored.Unshaven",2,7420,-0.0768350002808774,0.047578360331547,-0.17008858653071,0.0164185859689548,-7.39573622233952
"Fur_Brown+Mouth_Bored.Unshaven",2,7421,-0.0766447959505654,0.0489119117233234,-0.172512142928279,0.0192225510271485,-7.37812081515339
"Fur_Brown+Mouth_Bored.Unshaven",2,7422,-0.0731743959164656,0.0445768564242007,-0.160545034507899,0.0141962426749677,-7.05612744273186
"Fur_Brown+Mouth_Bored.Unshaven",2,7424,-0.0725289520518464,0.0494521526378015,-0.169455171221937,0.0243972671182446,-6.99611802616428
"Fur_Brown+Mouth_Bored.Unshaven",2,7425,-0.0750573331702766,0.0417002586240027,-0.156789840073322,0.00667517373276863,-7.23097026219617
"Fur_Brown+Mouth_Bored.Unshaven",2,7427,-0.0761135168180753,0.0486930358737974,-0.171551867130718,0.0193248334945675,-7.32889966960446
"Fur_Brown+Mouth_Bored.Unshaven",2,7428,-0.0754196187968973,0.0461376031465777,-0.165849320964189,0.015010083370395,-7.26457306099267
"Fur_Brown+Mouth_Bored.Unshaven",2,7431,-0.0763580078636217,0.0416853282327129,-0.158061251199739,0.00534523547249564,-7.351554154294
"Fur_Brown+Mouth_Bored.Unshaven",2,7432,-0.0778699979231196,0.0460009597035073,-0.168031878941994,0.0122918830957546,-7.49153183434317
"Fur_Brown+Mouth_Bored.Unshaven",2,7438,-0.0733467729414741,0.041155118351761,-0.154010804910926,0.00731725902797753,-7.07214745019578
"Fur_Brown+Mouth_Bored.Unshaven",2,7441,-0.0764633140383269,0.0465168738458083,-0.167636386776111,0.0147097586994574,-7.36131009402903
"Fur_Brown+Mouth_Bored.Unshaven",2,7442,-0.0771441566119039,0.0420775057933271,-0.159616067966825,0.00532775474301717,-7.42436099177409
"Fur_Brown+Mouth_Bored.Unshaven",2,7443,-0.0737084283585476,0.0474692034717235,-0.166748067163126,0.0193312104460304,-7.10574923496743
"Fur_Brown+Mouth_Bored.Unshaven",2,7445,-0.0776070641350173,0.0499666290597937,-0.175541657092213,0.0203275288221783,-7.46720503434815
"Fur_Brown+Mouth_Bored.Unshaven",2,7447,-0.0759538037089757,0.0472301730440812,-0.168524942875375,0.0166173354574235,-7.31409769804403
"Fur_Brown+Mouth_Bored.Unshaven",2,7448,-0.0772440110762575,0.0453531966367085,-0.166136276484206,0.0116482543316912,-7.43360462110293
"Fur_Brown+Mouth_Bored.Unshaven",2,7449,-0.0762586595565462,0.0443355448964085,-0.163156327553507,0.0106390084404145,-7.34234923080684
"Fur_Brown+Mouth_Bored.Unshaven",2,7450,-0.074226947720371,0.0498572725651504,-0.171947201948066,0.0234933065073239,-7.15390421686701
"Fur_Brown+Mouth_Bored.Unshaven",2,7451,-0.0761028281575687,0.0489598601067046,-0.17206415396671,0.0198584976515723,-7.32790913438053
"Fur_Brown+Mouth_Bored.Unshaven",2,7452,-0.0766069522397898,0.0453966610080616,-0.165584407815591,0.012370503336011,-7.37461559322115
"Fur_Brown+Mouth_Bored.Unshaven",2,7453,-0.0805850025336279,0.0464178078433709,-0.171563905906635,0.0103939008393791,-7.74235210875172
"Fur_Brown+Mouth_Bored.Unshaven",2,7454,-0.0765694178636483,0.0459936034908879,-0.166716880705789,0.0135780449784919,-7.37113889195508
"Fur_Brown+Mouth_Bored.Unshaven",2,7455,-0.0749925851945567,0.0446918182062538,-0.162588548878814,0.0126033784897006,-7.22496346084913
"Fur_Brown+Mouth_Bored.Unshaven",2,7456,-0.0726148897941865,0.045144657169319,-0.161098417846052,0.0158686382576786,-7.00411022638923
"Fur_Brown+Mouth_Bored.Unshaven",2,7457,-0.0752550195464718,0.0481653267008314,-0.169659059880101,0.0191490207871578,-7.24930762292526
"Fur_Brown+Mouth_Bored.Unshaven",2,7458,-0.0760355466776556,0.0457065605973989,-0.165620405448557,0.0135493120932462,-7.32167380920183
"Fur_Brown+Mouth_Bored.Unshaven",2,7459,-0.0764269197064894,0.044152377547263,-0.162965579699125,0.010111740286146,-7.3579385094547
"Fur_Brown+Mouth_Bored.Unshaven",2,7461,-0.0778595234646274,0.0494614551330141,-0.174803975525335,0.0190849285960803,-7.49056285315842
"Fur_Brown+Mouth_Bored.Unshaven",2,7462,-0.0771935940421326,0.0466308757100769,-0.168590110433883,0.0142029223496182,-7.42893758034011
"Fur_Brown+Mouth_Bored.Unshaven",2,7464,-0.0770637629372899,0.0454850307123898,-0.166214423133574,0.0120868972589941,-7.41691819680167
"Fur_Brown+Mouth_Bored.Unshaven",2,7465,-0.0738724322799935,0.0480976673906566,-0.16814386036568,0.0203989958056935,-7.12098300713934
"Fur_Brown+Mouth_Bored.Unshaven",2,7466,-0.0750722740942818,0.048220720194363,-0.169584885675233,0.0194403374866697,-7.2323563068651
"Fur_Brown+Mouth_Bored.Unshaven",2,7470,-0.0757299244374143,0.0491853401470554,-0.172133191125643,0.0206733422508142,-7.29334492278123
"Fur_Brown+Mouth_Bored.Unshaven",2,7471,-0.0736743112700518,0.046421962261062,-0.164661357301733,0.0173127347616298,-7.10257989952939
"Fur_Brown+Mouth_Bored.Unshaven",2,7473,-0.0751338402230123,0.0482059551435673,-0.169617512304404,0.0193498318583796,-7.23806747574964
"Fur_Brown+Mouth_Bored.Unshaven",2,7474,-0.0766569043837777,0.0413438906983118,-0.157690930152469,0.00437712138491346,-7.37924231420168
"Fur_Brown+Mouth_Bored.Unshaven",2,7475,-0.0771055750039123,0.0472414487749448,-0.169698814602804,0.0154876645949794,-7.42078920585812
"Fur_Brown+Mouth_Bored.Unshaven",2,7476,-0.0762070012757345,0.0493129016687155,-0.172860288546417,0.0204462859949479,-7.33756257222985
"Fur_Brown+Mouth_Bored.Unshaven",2,7477,-0.0768968914602878,0.043304407913646,-0.161773530971034,0.00797974805045845,-7.40146743208565
"Fur_Brown+Mouth_Bored.Unshaven",2,7478,-0.0717148971407961,0.0478405143860381,-0.165482305337431,0.0220525110558385,-6.92037693477573
"Fur_Brown+Mouth_Bored.Unshaven",2,7479,-0.0765497397104316,0.048089005766107,-0.170804191012001,0.0177047115911382,-7.36931610909946
"Fur_Brown+Mouth_Bored.Unshaven",2,7480,-0.0776310447783814,0.048359339105289,-0.172415349424748,0.017153259867985,-7.46942400369744
"Fur_Brown+Mouth_Bored.Unshaven",2,7481,-0.0757637095882506,0.0497966902041419,-0.173365222388369,0.0218378032118676,-7.29647697819776
"Fur_Brown+Mouth_Bored.Unshaven",2,7482,-0.0757711847986795,0.0483652109832122,-0.170566998325775,0.0190246287284165,-7.29716995394978
"Fur_Brown+Mouth_Bored.Unshaven",2,7483,-0.0782433310480507,0.0474207399451121,-0.17118798134047,0.014701319244369,-7.52606186384308
"Fur_Brown+Mouth_Bored.Unshaven",2,7485,-0.078017816350363,0.0473476838572405,-0.170819276710554,0.0147836440098284,-7.50520527999561
"Fur_Brown+Mouth_Bored.Unshaven",2,7488,-0.076977857886668,0.0426644008296344,-0.160600083512751,0.00664436773941539,-7.40896450084619
"Fur_Brown+Mouth_Bored.Unshaven",2,7489,-0.0723662043532178,0.048473107406212,-0.167373494869393,0.0226410861629577,-6.98098062665444
"Fur_Brown+Mouth_Bored.Unshaven",2,7490,-0.0755090878380432,0.0459241369633587,-0.165520396286226,0.0145022206101398,-7.27286963957217
"Fur_Brown+Mouth_Bored.Unshaven",2,7492,-0.0772577068699341,0.0496905467152277,-0.17465117843178,0.0201357646919123,-7.43487238267391
"Fur_Brown+Mouth_Bored.Unshaven",2,7493,-0.0744807249740926,0.0525900973065678,-0.177557315694965,0.0285958657467803,-7.17746345454787
"Fur_Brown+Mouth_Bored.Unshaven",2,7495,-0.0792464756180523,0.0481000563470653,-0.1735225860583,0.0150296348221956,-7.61878008008826
"Fur_Brown+Mouth_Bored.Unshaven",2,7497,-0.0764265803283567,0.0459418399274893,-0.166472586586236,0.0136194259295222,-7.35790706875952
"Fur_Brown+Mouth_Bored.Unshaven",2,7498,-0.0746022697555499,0.0475942168477383,-0.167886934777117,0.0186823952660171,-7.1887448638545
"Fur_Brown+Mouth_Bored.Unshaven",2,7499,-0.0724907047354573,0.0516358937374532,-0.173697056460866,0.0287156469899509,-6.99256080923844
"Fur_Brown+Mouth_Bored.Unshaven",2,7500,-0.0797377864954815,0.0472812284139881,-0.172408994186898,0.0129334211959352,-7.66415683034682
"Fur_Brown+Mouth_Bored.Unshaven",2,7502,-0.0762934805752454,0.0484599079221367,-0.171274900102633,0.0186879389521427,-7.34557560842369
"Fur_Brown+Mouth_Bored.Unshaven",2,7503,-0.0758284994087692,0.0475505072388921,-0.169027493596998,0.0173704947794593,-7.30248302824824
"Fur_Brown+Mouth_Bored.Unshaven",2,7504,-0.0732841199904928,0.0489536024101882,-0.169233180714462,0.0226649407334761,-7.06632506361222
"Fur_Brown+Mouth_Bored.Unshaven",2,7505,-0.0745242029933737,0.0410754608499668,-0.155032106259309,0.00598370027256113,-7.1814991068498
"Fur_Brown+Mouth_Bored.Unshaven",2,7506,-0.0775723101178055,0.0453777745120816,-0.166512748161485,0.0113681279258745,-7.46398909211612
"Fur_Brown+Mouth_Bored.Unshaven",2,7507,-0.0759987472413522,0.0480744181476785,-0.170224606810802,0.0182271123280976,-7.31826323628728
"Fur_Brown+Mouth_Bored.Unshaven",2,7508,-0.076287351455779,0.0435543464917365,-0.161653870579582,0.00907916766802457,-7.34500771664717
"Fur_Brown+Mouth_Bored.Unshaven",2,7509,-0.0768285074516229,0.0457678288104496,-0.166533451920104,0.0128764370168583,-7.39513495671461
"Fur_Brown+Mouth_Bored.Unshaven",2,7510,-0.0765160627241211,0.0498216531847554,-0.174166502966242,0.0211343775179994,-7.36619653429749
"Fur_Brown+Mouth_Bored.Unshaven",2,7511,-0.0753380714378337,0.0448194226541948,-0.163184139840055,0.0125079969643881,-7.2570104234818
"Fur_Brown+Mouth_Bored.Unshaven",2,7512,-0.0768623506366828,0.0413084393656592,-0.157826891793375,0.0041021905200091,-7.39826894726732
"Fur_Brown+Mouth_Bored.Unshaven",2,7513,-0.0746665160794959,0.0474913856005827,-0.167749631856638,0.0184165996976462,-7.19470745427849
"Fur_Brown+Mouth_Bored.Unshaven",2,7515,-0.0772971267002113,0.0466034819459708,-0.168639951314314,0.0140456979138916,-7.43852121237557
"Fur_Brown+Mouth_Bored.Unshaven",2,7516,-0.0732018644048809,0.0462965512178043,-0.163943104791777,0.0175393759820155,-7.05868043535489
"Fur_Brown+Mouth_Bored.Unshaven",2,7517,-0.073520667825586,0.0486340275844623,-0.168843361891132,0.0218020262399601,-7.08830572338445
"Fur_Brown+Mouth_Bored.Unshaven",2,7519,-0.0760533645400031,0.0438327775250761,-0.161965608489152,0.00985887940914613,-7.323325124149
"Fur_Brown+Mouth_Bored.Unshaven",2,7521,-0.0747424356278972,0.0462670340942753,-0.165425822452677,0.0159409511968824,-7.20175292273004
"Fur_Brown+Mouth_Bored.Unshaven",2,7522,-0.0779762116689884,0.0401200939290094,-0.156611595769847,0.000659172431869984,-7.50135698347945
"Fur_Brown+Mouth_Bored.Unshaven",2,7523,-0.0776243911503116,0.0464723191816183,-0.168710136746283,0.0134613544456602,-7.46880833761148
"Fur_Brown+Mouth_Bored.Unshaven",2,7524,-0.0795910920938739,0.0474273452261244,-0.172548688737078,0.01336650454933,-7.65061068553861
"Fur_Brown+Mouth_Bored.Unshaven",2,7525,-0.0758222943363076,0.0423709841826258,-0.158869423334254,0.00722483466163908,-7.30190783165384
"Fur_Brown+Mouth_Bored.Unshaven",2,7526,-0.0747008490554889,0.0479262840565469,-0.168636365806321,0.0192346676953431,-7.19789368146285
"Fur_Brown+Mouth_Bored.Unshaven",2,7527,-0.0755929368130132,0.0495231862597308,-0.172658381882086,0.0214725082560591,-7.28064438844788
"Fur_Brown+Mouth_Bored.Unshaven",2,7528,-0.0789028670807048,0.0454083189345656,-0.167903172192453,0.0100974380310438,-7.58703165002976
"Fur_Brown+Mouth_Bored.Unshaven",2,7530,-0.0763922422109758,0.0471123353472728,-0.168732419491631,0.015947935069679,-7.35472585907997
"Fur_Brown+Mouth_Bored.Unshaven",2,7531,-0.0751626306687203,0.0496965785183296,-0.172567924564646,0.0222426632272058,-7.24073809468742
"Fur_Brown+Mouth_Bored.Unshaven",2,7534,-0.0708086661761905,0.0447347827902937,-0.158488840445166,0.0168715080927852,-6.8359870655994
"Fur_Brown+Mouth_Bored.Unshaven",2,7535,-0.0763688459000402,0.0454290562514198,-0.165409796152823,0.0126721043527426,-7.35255827608283
"Fur_Brown+Mouth_Bored.Unshaven",2,7536,-0.0789872120554121,0.0458907170363715,-0.1689330174467,0.0109585933358761,-7.59482589080073
"Fur_Brown+Mouth_Bored.Unshaven",2,7537,-0.0744316947845528,0.0467028177961672,-0.165969217665041,0.017105828095935,-7.17291223641484
"Fur_Brown+Mouth_Bored.Unshaven",2,7539,-0.0754947790412477,0.0469095083911792,-0.167437415487959,0.0164478574054636,-7.27154281641381
"Fur_Brown+Mouth_Bored.Unshaven",2,7540,-0.0729960029859436,0.0458064306177604,-0.162776606996754,0.0167846010248668,-7.03954543391971
"Fur_Brown+Mouth_Bored.Unshaven",2,7541,-0.0766281426609472,0.0432503829842967,-0.161398893310169,0.00814260798827442,-7.37657834333076
"Fur_Brown+Mouth_Bored.Unshaven",2,7543,-0.0698668359919974,0.0451045323243839,-0.15827171934779,0.0185380473637949,-6.74820105286813
"Fur_Brown+Mouth_Bored.Unshaven",2,7544,-0.0732991866879794,0.0459116620624447,-0.163286044330371,0.0166876709544123,-7.06772525663064
"Fur_Brown+Mouth_Bored.Unshaven",2,7546,-0.0763670664101628,0.0410502264816809,-0.156825510314257,0.00409137749393182,-7.35239341075142
"Fur_Brown+Mouth_Bored.Unshaven",2,7547,-0.0743281489790414,0.0467926506737073,-0.166041744299508,0.017385446341425,-7.16329988318825
"Fur_Brown+Mouth_Bored.Unshaven",2,7549,-0.0794888480128966,0.0478497214575329,-0.173274302069661,0.0142966060438678,-7.64116802437944
"Fur_Brown+Mouth_Bored.Unshaven",2,7550,-0.07304642235674,0.0518125509431006,-0.174599022205217,0.0285061774917372,-7.04423232339187
"Fur_Brown+Mouth_Bored.Unshaven",2,7551,-0.0756499842468601,0.0499850761594012,-0.173620733519286,0.0223207650255662,-7.28593363888295
"Fur_Brown+Mouth_Bored.Unshaven",2,7552,-0.0779247178455349,0.0472922714275952,-0.170617569843621,0.0147681341525517,-7.49659375204882
"Fur_Brown+Mouth_Bored.Unshaven",2,7558,-0.0759955627192433,0.0497723867027396,-0.173549440656613,0.0215583152181264,-7.31796808877752
"Fur_Brown+Mouth_Bored.Unshaven",2,7559,-0.0757764474533722,0.0483214356685937,-0.170486461363816,0.0189335664570714,-7.29765781564963
"Fur_Brown+Mouth_Bored.Unshaven",2,7560,-0.079773676179426,0.0443687716058519,-0.166736468526896,0.00718911616804381,-7.66747067510815
"Fur_Brown+Mouth_Bored.Unshaven",2,7561,-0.0756174805952808,0.0465325012528916,-0.166821183050948,0.0155862218603867,-7.28292004419728
"Fur_Brown+Mouth_Bored.Unshaven",2,7563,-0.075258912278353,0.040705488484893,-0.155041669708743,0.00452384515203731,-7.24966867579974
"Fur_Brown+Mouth_Bored.Unshaven",2,7566,-0.0761559733975235,0.0464040043809748,-0.167107821984234,0.0147958751891871,-7.33283408401672
"Fur_Brown+Mouth_Bored.Unshaven",2,7568,-0.0800006063969071,0.0444728869595848,-0.167167464837693,0.00716625204387916,-7.68842133880918
"Fur_Brown+Mouth_Bored.Unshaven",2,7569,-0.0746422772582757,0.0464854793983477,-0.165753816879037,0.0164692623624858,-7.19245793612147
"Fur_Brown+Mouth_Bored.Unshaven",2,7570,-0.0759333106539883,0.0453122208108807,-0.164745263443315,0.0128786421353378,-7.31219826128904
"Fur_Brown+Mouth_Bored.Unshaven",2,7571,-0.0749789865467297,0.0450991323676205,-0.163373285987266,0.0134153128938065,-7.22370183722193
"Fur_Brown+Mouth_Bored.Unshaven",2,7573,-0.0753282569563015,0.0447316014361399,-0.163002195771136,0.0123456818585327,-7.25610019465666
"Fur_Brown+Mouth_Bored.Unshaven",2,7574,-0.0714296161388609,0.0479487276409313,-0.165409122315086,0.0225498900373645,-6.89381929863352
"Fur_Brown+Mouth_Bored.Unshaven",2,7576,-0.0731133411368262,0.0435036291494765,-0.1583804542698,0.0121537719961476,-7.05045260183773
"Fur_Brown+Mouth_Bored.Unshaven",2,7578,-0.0742244154203031,0.0472277075085661,-0.166790722137093,0.0183418912964865,-7.15366910239467
"Fur_Brown+Mouth_Bored.Unshaven",2,7579,-0.0761872268959158,0.0495194180083425,-0.173245286192267,0.0208708324004356,-7.33573021188039
"Fur_Brown+Mouth_Bored.Unshaven",2,7580,-0.0768966527344235,0.0487262410772724,-0.172400085245877,0.0186067797770305,-7.40144532641829
"Fur_Brown+Mouth_Bored.Unshaven",2,7582,-0.0749124235329967,0.0483388214317295,-0.169656513539186,0.0198316664731931,-7.21752616167971
"Fur_Brown+Mouth_Bored.Unshaven",2,7583,-0.0767642250529222,0.0462924586152968,-0.167497443938904,0.0139689938330596,-7.38918190252202
"Fur_Brown+Mouth_Bored.Unshaven",2,7584,-0.0759408252039783,0.0471191896735036,-0.168294436964045,0.0164127865560886,-7.3128947657917
"Fur_Brown+Mouth_Bored.Unshaven",2,7592,-0.0768493247523381,0.0500006913506245,-0.174850679799562,0.021152030294886,-7.39706271997242
"Fur_Brown+Mouth_Bored.Unshaven",2,7593,-0.0750552582214372,0.0467314866106537,-0.166648971978318,0.0165384555354441,-7.23077777100587
"Fur_Brown+Mouth_Bored.Unshaven",2,7594,-0.0733152431914302,0.0444759440125323,-0.160488093455993,0.0138576070731331,-7.06921741204132
"Fur_Brown+Mouth_Bored.Unshaven",2,7595,-0.0743612130766888,0.0491705231891234,-0.170735438527371,0.0220130123739929,-7.1663693941606
"Fur_Brown+Mouth_Bored.Unshaven",2,7601,-0.0772686352362243,0.0471100134621258,-0.169604261621991,0.0150669911495423,-7.43588396276674
"Fur_Brown+Mouth_Bored.Unshaven",2,7602,-0.0769005138385493,0.0481517069383539,-0.171277859437723,0.0174768317606244,-7.40180285838955
"Fur_Brown+Mouth_Bored.Unshaven",2,7606,-0.0790638546168286,0.0462261927124906,-0.16966719233331,0.011539483099653,-7.60190778864173
"Fur_Brown+Mouth_Bored.Unshaven",2,7612,-0.0740304331060138,0.0475230768021039,-0.167175663638138,0.0191147974261099,-7.13565680927721
"Fur_Brown+Mouth_Bored.Unshaven",2,7617,-0.0791984416810603,0.042293781001356,-0.162094252443718,0.00369736908159746,-7.61434253981597
"Fur_Brown+Mouth_Bored.Unshaven",2,7619,-0.0722887862781133,0.0489330357906745,-0.168197536427835,0.0236199638716088,-6.9737789944618
"Fur_Brown+Mouth_Bored.Unshaven",2,7621,-0.074615489238086,0.04817080413888,-0.169030265350291,0.0197992868741189,-7.18997177251135
"Fur_Brown+Mouth_Bored.Unshaven",2,7622,-0.0768270216305715,0.0434320181445754,-0.161953777193939,0.00829973393279636,-7.39499736235445
"Fur_Brown+Mouth_Bored.Unshaven",2,7623,-0.0733967914355338,0.0504972298694042,-0.172371361979566,0.0255777791084984,-7.07679544519269
"Fur_Brown+Mouth_Bored.Unshaven",2,7624,-0.0767672669943987,0.0387061416030194,-0.152631304536317,-0.0009032294524806,-7.38946361878229
"Fur_Brown+Mouth_Bored.Unshaven",2,7625,-0.076578343210318,0.0484668273671361,-0.171573324849905,0.0184166384292686,-7.37196563296261
"Fur_Brown+Mouth_Bored.Unshaven",2,7626,-0.0767616329400496,0.0492672238633069,-0.173325391712131,0.019802125832032,-7.38894184451716
"Fur_Brown+Mouth_Bored.Unshaven",2,7629,-0.0752304778758945,0.0445640479830838,-0.162576011922739,0.0121150561709498,-7.24703133805532
"Fur_Brown+Mouth_Bored.Unshaven",2,7630,-0.073313581907231,0.0439002349711427,-0.159358042450671,0.0127308786362086,-7.06906302747235
"Fur_Brown+Mouth_Bored.Unshaven",2,7631,-0.0776636764244857,0.0473554431073519,-0.170480344914895,0.015152992065924,-7.4724433794433
"Fur_Brown+Mouth_Bored.Unshaven",2,7632,-0.0719198917604902,0.0472327030708395,-0.164495989779336,0.0206562062583553,-6.93945580110797
"Fur_Brown+Mouth_Bored.Unshaven",2,7634,-0.0760902890529525,0.0473468257756279,-0.168890067573183,0.0167094894672781,-7.32674710205275
"Fur_Brown+Mouth_Bored.Unshaven",2,7635,-0.0807435668176689,0.0475935377518966,-0.174026900811386,0.0125397671760484,-7.75697971689815
"Fur_Brown+Mouth_Bored.Unshaven",2,7638,-0.0763298156685277,0.047219011168172,-0.168879077558145,0.0162194462210894,-7.34894215441474
"Fur_Brown+Mouth_Bored.Unshaven",2,7639,-0.0734948609099541,0.0420518099006806,-0.155916408315288,0.0089266864953798,-7.08590792818933
"Fur_Brown+Mouth_Bored.Unshaven",2,7640,-0.0739115305281976,0.0466996894580303,-0.165442921865937,0.0176198608095418,-7.12461434300878
"Fur_Brown+Mouth_Bored.Unshaven",2,7641,-0.073373089076623,0.0498231739122953,-0.171026509944722,0.0242803317914758,-7.07459291994477
"Fur_Brown+Mouth_Bored.Unshaven",2,7646,-0.0747716558748281,0.0435611138267563,-0.16015143897527,0.0106081272256142,-7.20446447080816
"Fur_Brown+Mouth_Bored.Unshaven",2,7647,-0.0749403450173717,0.0476838721049768,-0.168400734343126,0.0185200443083828,-7.22011674990657
"Fur_Brown+Mouth_Bored.Unshaven",2,7648,-0.0769789474164078,0.0442304410593821,-0.163670611892797,0.00971271705998117,-7.40906538147805
"Fur_Brown+Mouth_Bored.Unshaven",2,7649,-0.07294246867323,0.0449072569015582,-0.160960692200284,0.015075754853824,-7.03456872666387
"Fur_Brown+Mouth_Bored.Unshaven",2,7652,-0.0751125567895617,0.0519524000102131,-0.176939260809579,0.026714147230456,-7.236093162322
"Fur_Brown+Mouth_Bored.Unshaven",2,7654,-0.0737495630885889,0.0461199820876433,-0.16414472798037,0.0166456018031919,-7.10957033630452
"Fur_Brown+Mouth_Bored.Unshaven",2,7657,-0.0739184695873091,0.0458133305448051,-0.163712597455127,0.0158756582805089,-7.12525880856386
"Fur_Brown+Mouth_Bored.Unshaven",2,7658,-0.0760869279616245,0.0458332624007136,-0.165920122267023,0.0137462663437742,-7.32643561826263
"Fur_Brown+Mouth_Bored.Unshaven",2,7659,-0.0755185520111138,0.0472850427577864,-0.168197235816375,0.0171601317941475,-7.27374722102945
"Fur_Brown+Mouth_Bored.Unshaven",2,7664,-0.0780864876166142,0.0485926925915808,-0.173328165096112,0.0171551898628841,-7.51155679658483
"Fur_Brown+Mouth_Bored.Unshaven",2,7666,-0.0751989108072978,0.0459556411202383,-0.165271967402965,0.0148741457883693,-7.24410335251731
"Fur_Brown+Mouth_Bored.Unshaven",2,7667,-0.0730987149447795,0.0489674725425444,-0.169074961128167,0.0228775312386075,-7.04909309396464
"Fur_Brown+Mouth_Bored.Unshaven",2,7670,-0.0768294681459148,0.046426344010598,-0.167825102406687,0.0141661661148572,-7.39522392163713
"Fur_Brown+Mouth_Bored.Unshaven",2,7671,-0.0736747742310113,0.0468799328159142,-0.165559442550203,0.0182098940881805,-7.10262290739817
"Fur_Brown+Mouth_Bored.Unshaven",2,7677,-0.0743748909191407,0.049087154098111,-0.170585712951438,0.0218359311131568,-7.16763914925047
"Fur_Brown+Mouth_Bored.Unshaven",2,7678,-0.0743077858949341,0.0465017919069852,-0.165451298032625,0.0168357262427569,-7.16140942240778
"Fur_Brown+Mouth_Bored.Unshaven",2,7680,-0.0782678333220354,0.0477472028088503,-0.171852350827382,0.0153166841833112,-7.52832765785307
"Fur_Brown+Mouth_Bored.Unshaven",2,7681,-0.0751985446629524,0.0486809802333539,-0.170613265920326,0.0202161765944213,-7.24406939046403
"Fur_Brown+Mouth_Bored.Unshaven",2,7682,-0.0804118531369807,0.040326284356012,-0.159451370474764,-0.00137233579919714,-7.72637636962837
"Fur_Brown+Mouth_Bored.Unshaven",2,7683,-0.0771565766950534,0.0479177533379508,-0.171075373237437,0.0167622198473301,-7.42551078176793
"Fur_Brown+Mouth_Bored.Unshaven",2,7689,-0.0762837626685387,0.0503067738330909,-0.174885039381397,0.0223175140443195,-7.34467519699645
"Fur_Brown+Mouth_Bored.Unshaven",2,7691,-0.07542258658321,0.0484103187911771,-0.170306811413917,0.0194616382474971,-7.26484827951506
"Fur_Brown+Mouth_Bored.Unshaven",2,7693,-0.0763329995441406,0.0473570508828794,-0.169152819274584,0.0164868201863031,-7.34923714338871
"Fur_Brown+Mouth_Bored.Unshaven",2,7694,-0.0757894626368412,0.0436331281147265,-0.161310393741705,0.0097314684680227,-7.29886434578954
"Fur_Brown+Mouth_Bored.Unshaven",2,7696,-0.0797162857389435,0.0419140640853017,-0.161867851346135,0.00243527986824789,-7.66217151852032
"Fur_Brown+Mouth_Bored.Unshaven",2,7698,-0.0777404451069291,0.0395234595136749,-0.155206425753732,-0.000274464460126231,-7.47954632540939
"Fur_Brown+Mouth_Bored.Unshaven",2,7701,-0.0772461186863997,0.0444234799513971,-0.164316139391138,0.00982390201833852,-7.43379971477107
"Fur_Brown+Mouth_Bored.Unshaven",2,7702,-0.0735284142123835,0.0520207237713365,-0.175489032804203,0.0284322043794361,-7.08902545051868
"Fur_Brown+Mouth_Bored.Unshaven",2,7706,-0.0771472588312943,0.0459802579002527,-0.16726856431579,0.0129740466532009,-7.42464818127103
"Fur_Brown+Mouth_Bored.Unshaven",2,7708,-0.0744895468668953,0.0498219673656517,-0.172140602903573,0.023161509169782,-7.17828232140297
"Fur_Brown+Mouth_Bored.Unshaven",2,7712,-0.0775281704443641,0.0444907242834925,-0.16472999004001,0.00967364915128129,-7.4599044926673
"Fur_Brown+Mouth_Bored.Unshaven",2,7713,-0.0820023855231812,0.0451703095860754,-0.170536192311889,0.00653142126552651,-7.87302390166437
"Fur_Brown+Mouth_Bored.Unshaven",2,7715,-0.0771329365357351,0.0441104600625784,-0.163589438258389,0.00932356518691851,-7.42332228022584
"Fur_Brown+Mouth_Bored.Unshaven",2,7716,-0.0740762965463314,0.0441532947832982,-0.160616754321596,0.0124641612289331,-7.13991578987228
"Fur_Brown+Mouth_Bored.Unshaven",2,7718,-0.0756502241581192,0.0477337730550476,-0.169208419346012,0.0179079710297741,-7.28595588202867
"Fur_Brown+Mouth_Bored.Unshaven",2,7719,-0.0738600311116171,0.0459714533140392,-0.163964079607134,0.0162440173838998,-7.11983119166907
"Fur_Brown+Mouth_Bored.Unshaven",2,7720,-0.0734835640390569,0.0444235207513814,-0.160553664711764,0.0135865366336506,-7.08485828375782
"Fur_Brown+Mouth_Bored.Unshaven",2,7723,-0.0750608031898931,0.0485652032554098,-0.170248601570496,0.0201269951907102,-7.23129217199064
"Fur_Brown+Mouth_Bored.Unshaven",2,7724,-0.0766214354308477,0.047509249231215,-0.169739563924029,0.0164966930623337,-7.37595709464568
"Fur_Brown+Mouth_Bored.Unshaven",2,7725,-0.076782343920586,0.0418290832179675,-0.158767347027802,0.00520265918663027,-7.3908598904777
"Fur_Brown+Mouth_Bored.Unshaven",2,7726,-0.0769559899375871,0.0502509264651623,-0.175447805809305,0.0215358259341311,-7.40693970265754
"Fur_Brown+Mouth_Bored.Unshaven",2,7727,-0.0766540001735405,0.0488975960540877,-0.172493288439552,0.0191852880924714,-7.37897332365843
"Fur_Brown+Mouth_Bored.Unshaven",2,7728,-0.0773946114542117,0.0445627955469858,-0.164737690726304,0.00994846781788049,-7.4475441055607
"Fur_Brown+Mouth_Bored.Unshaven",2,7729,-0.0798343305029792,0.046911188000493,-0.171780258983945,0.012111597977987,-7.67307087237651
"Fur_Brown+Mouth_Bored.Unshaven",2,7730,-0.0739331900164292,0.0484101757021176,-0.16881713439258,0.0209507543597213,-7.12662595454611
"Fur_Brown+Mouth_Bored.Unshaven",2,7731,-0.0736417468906679,0.0501021647522104,-0.171841989805,0.0245584960236645,-7.0995547034409
"Fur_Brown+Mouth_Bored.Unshaven",2,7732,-0.0737754237764727,0.0472477258794636,-0.166380966500221,0.018830118947276,-7.1119725156523
"Fur_Brown+Mouth_Bored.Unshaven",2,7733,-0.0722543323350496,0.0494231768913522,-0.1691237590421,0.0246150943720006,-6.9705738191247
"Fur_Brown+Mouth_Bored.Unshaven",2,7734,-0.075868601688202,0.0508328393157703,-0.175500966747112,0.0237637633707079,-7.30620033543982
"Fur_Brown+Mouth_Bored.Unshaven",2,7735,-0.0765781547486874,0.0476523981241153,-0.169976855071953,0.0168205455745785,-7.37194817613056
"Fur_Brown+Mouth_Bored.Unshaven",2,7736,-0.0756030555618811,0.0465470085925106,-0.166835192403202,0.0156290812794397,-7.2815825875758
"Fur_Brown+Mouth_Bored.Unshaven",2,7737,-0.079373161259597,0.0438918456809763,-0.16540117879431,0.00665485627511657,-7.63048271290706
"Fur_Brown+Mouth_Bored.Unshaven",2,7738,-0.0759153395007395,0.0439688212146577,-0.162094229081469,0.0102635500799896,-7.31053253963226
"Fur_Brown+Mouth_Bored.Unshaven",2,7740,-0.0752441928814737,0.0450701278568494,-0.163581643480899,0.0130932577179511,-7.24830343681457
"Fur_Brown+Mouth_Bored.Unshaven",2,7741,-0.0774707320692951,0.0485041007473093,-0.172538769534021,0.0175973053954312,-7.4545889872971
"Fur_Brown+Mouth_Bored.Unshaven",2,7742,-0.075074393642985,0.0467250501920105,-0.166655492019325,0.0165067047333556,-7.2325529321956
"Fur_Brown+Mouth_Bored.Unshaven",2,7743,-0.0748950050612906,0.0486484818042455,-0.170246029397612,0.0204560192750307,-7.215910018709
"Fur_Brown+Mouth_Bored.Unshaven",2,7744,-0.0745362028109778,0.0464081550924946,-0.165496186792267,0.0164237811703116,-7.1826129052481
"Fur_Brown+Mouth_Bored.Unshaven",2,7745,-0.0800107230191038,0.0431234169096674,-0.164532620162052,0.00451117412384432,-7.68935521545103
"Fur_Brown+Mouth_Bored.Unshaven",2,7746,-0.074900559231944,0.0468084337412758,-0.166645089364845,0.0168439709009566,-7.21642535594754
"Fur_Brown+Mouth_Bored.Unshaven",2,7747,-0.0779207016959142,0.0449119957514562,-0.165948213368768,0.01010680997694,-7.49622224378289
"Fur_Brown+Mouth_Bored.Unshaven",2,7749,-0.0748609197055798,0.0461855654399326,-0.165384627967848,0.0156627885566881,-7.21274738609827
"Fur_Brown+Mouth_Bored.Unshaven",2,7751,-0.0696782632179125,0.0438066236751217,-0.155539245621151,0.016182719185326,-6.73061464434545
"Fur_Brown+Mouth_Bored.Unshaven",2,7752,-0.075573788794811,0.0495236182106518,-0.172640080487689,0.0214925028980665,-7.27886897954121
"Fur_Brown+Mouth_Bored.Unshaven",2,7754,-0.079629618914772,0.0436409330922909,-0.165165847775662,0.00590660994611823,-7.65416854538381
"Fur_Brown+Mouth_Bored.Unshaven",2,7755,-0.0756346039765217,0.0462007453395391,-0.166188064842018,0.014918856888975,-7.2845076605122
"Fur_Brown+Mouth_Bored.Unshaven",2,7756,-0.0787045428995384,0.0479591232022276,-0.172704424375904,0.0152953385768277,-7.56870210621678
"Fur_Brown+Mouth_Bored.Unshaven",2,7757,-0.0769950901201678,0.0497078048276516,-0.174422387582365,0.0204322073420293,-7.41056003744254
"Fur_Brown+Mouth_Bored.Unshaven",2,7758,-0.0738462552721306,0.0476877585912923,-0.167314262111064,0.0196217515668024,-7.11855168055893
"Fur_Brown+Mouth_Bored.Unshaven",2,7759,-0.074332967727881,0.0442214460083136,-0.161007001904176,0.0123410664484137,-7.16374723885136
"Fur_Brown+Mouth_Bored.Unshaven",2,7760,-0.0780100632551429,0.0436102176293674,-0.163486089808703,0.00746596329841731,-7.50448815626481
"Fur_Brown+Mouth_Bored.Unshaven",2,7763,-0.078251527064549,0.0473024183019381,-0.170964266936348,0.0144612128072497,-7.52681977865976
"Fur_Brown+Mouth_Bored.Unshaven",2,7766,-0.0793763202303665,0.0413784892591789,-0.160478159178357,0.00172551871762416,-7.63077450505128
"Fur_Brown+Mouth_Bored.Unshaven",2,7779,-0.0744561196234008,0.0491885561073847,-0.170865689593875,0.0219534503470732,-7.17517949538538
"Fur_Brown+Mouth_Bored.Unshaven",2,7780,-0.074940568867356,0.0532464734723903,-0.179303656873241,0.029422519138529,-7.22013751867965
"Fur_Brown+Mouth_Bored.Unshaven",2,7781,-0.0769630302266617,0.0469308814283526,-0.168947557826233,0.0150214973729094,-7.40759158227362
"Fur_Brown+Mouth_Bored.Unshaven",2,7782,-0.0751874754354814,0.0471055841614098,-0.167514420391845,0.0171394695208818,-7.24304264828621
"Fur_Brown+Mouth_Bored.Unshaven",2,7783,-0.0798616401867872,0.0428868172786114,-0.163919802052866,0.00419652167929115,-7.67559225718868
"Fur_Brown+Mouth_Bored.Unshaven",2,7785,-0.0724526774852748,0.0462405728754604,-0.163084200321177,0.0181788453506276,-6.98902392483093
"Fur_Brown+Mouth_Bored.Unshaven",2,7788,-0.0734276895255401,0.0433240891389038,-0.158342904237792,0.0114875251867113,-7.07966655037464
"Fur_Brown+Mouth_Bored.Unshaven",2,7790,-0.073648117461444,0.0481654663661249,-0.168052431539049,0.0207561966161607,-7.10014653041766
"Fur_Brown+Mouth_Bored.Unshaven",2,7791,-0.075780459680426,0.0461081268634126,-0.166152388332715,0.0145914689718627,-7.29802975774874
"Fur_Brown+Mouth_Bored.Unshaven",2,7792,-0.0725492430622979,0.048757525878218,-0.168113993783605,0.0230155076590094,-6.99800514975955
"Fur_Brown+Mouth_Bored.Unshaven",2,7794,-0.0785219287784523,0.0473757790232235,-0.17137845566397,0.0143345981070658,-7.55182130470161
"Fur_Brown+Mouth_Bored.Unshaven",2,7795,-0.0788684841245759,0.045908583247276,-0.168849307289237,0.011112339040085,-7.58385416436788
"Fur_Brown+Mouth_Bored.Unshaven",2,7797,-0.0758632406396587,0.0516185478219238,-0.177035594370629,0.0253091130913119,-7.3057033981481
"Fur_Brown+Mouth_Bored.Unshaven",2,7798,-0.07651033870413,0.0490123923494154,-0.172574627708984,0.0195539503007241,-7.36566629503705
"Fur_Brown+Mouth_Bored.Unshaven",2,7799,-0.0784551257123307,0.0470081195978625,-0.170591040124141,0.0136807886994798,-7.5456452766209
"Fur_Brown+Mouth_Bored.Unshaven",2,7800,-0.0741464639005781,0.0483791387792526,-0.168969575907913,0.020676648106757,-7.14643130770543
"Fur_Brown+Mouth_Bored.Unshaven",2,7801,-0.0747972962628507,0.0509813149303647,-0.174720673526366,0.0251260810006642,-7.20684375384288
"Fur_Brown+Mouth_Bored.Unshaven",2,7802,-0.0788948895349727,0.0450566832018997,-0.167205988610696,0.00941620954075068,-7.58629441840786
"Fur_Brown+Mouth_Bored.Unshaven",2,7803,-0.0763476521205343,0.0481327705205405,-0.170687882340794,0.017992578099725,-7.35059470582349
"Fur_Brown+Mouth_Bored.Unshaven",2,7804,-0.0713494368344628,0.047860419822763,-0.165155859687078,0.0224569860181527,-6.88635381054491
"Fur_Brown+Mouth_Bored.Unshaven",2,7805,-0.0754969171273136,0.0473712699918076,-0.168344606311257,0.0173507720566294,-7.27174107762407
"Fur_Brown+Mouth_Bored.Unshaven",2,7807,-0.0747484606485228,0.0453423482531299,-0.163619463224657,0.0141225419276118,-7.20231203239838
"Fur_Brown+Mouth_Bored.Unshaven",2,7811,-0.0762685587399168,0.0425332876694845,-0.159633802572106,0.00709668509227282,-7.34326646134258
"Fur_Brown+Mouth_Bored.Unshaven",2,7812,-0.0718768591334806,0.0489186671918224,-0.167757446829452,0.0240037285624912,-6.93545107525383
"Fur_Brown+Mouth_Bored.Unshaven",2,7813,-0.0757251014972374,0.0422805383808109,-0.158594956723627,0.00714475372915194,-7.29289780305158
"Fur_Brown+Mouth_Bored.Unshaven",2,7816,-0.0755893873392398,0.048426865554582,-0.170506043826221,0.019327269147741,-7.28031528294277
"Fur_Brown+Mouth_Bored.Unshaven",2,7817,-0.0777260469509043,0.0483137729830928,-0.172421041997766,0.0169689480959577,-7.47821419189179
"Fur_Brown+Mouth_Bored.Unshaven",2,7818,-0.0748697422111346,0.0470409300078235,-0.167069965026469,0.0173304806041995,-7.21356599853876
"Fur_Brown+Mouth_Bored.Unshaven",2,7820,-0.0762156863385384,0.0478966388721856,-0.170093098528022,0.0176617258509454,-7.33836734782369
"Fur_Brown+Mouth_Bored.Unshaven",2,7824,-0.074893262509012,0.046840489934068,-0.166700622779785,0.0169140977617613,-7.21574833744072
"Fur_Brown+Mouth_Bored.Unshaven",2,7825,-0.0763708388125336,0.0451961586576212,-0.164955309781471,0.0122136321564039,-7.35274291414294
"Fur_Brown+Mouth_Bored.Unshaven",2,7826,-0.077208793155635,0.0437820574724295,-0.163021625801597,0.00860403949032677,-7.43034456773236
"Fur_Brown+Mouth_Bored.Unshaven",2,7828,-0.0740393541631842,0.0449286203042831,-0.162099449959579,0.0140207416332107,-7.1364852536966
"Fur_Brown+Mouth_Bored.Unshaven",2,7829,-0.0740344738893034,0.0471863007364737,-0.166519623332792,0.018450675554185,-7.13603205320523
"Fur_Brown+Mouth_Bored.Unshaven",2,7831,-0.0768020870581758,0.0459288348517216,-0.16682260336755,0.0132184292511984,-7.39268826742395
"Fur_Brown+Mouth_Bored.Unshaven",2,7833,-0.0768778687519347,0.0454645338882709,-0.165988355172946,0.0122326176690763,-7.39970594045257
"Fur_Brown+Mouth_Bored.Unshaven",2,7834,-0.0752620177566072,0.0462655650511618,-0.165942525256884,0.01541848974367,-7.24995670948949
"Fur_Brown+Mouth_Bored.Unshaven",2,7835,-0.0754254160227045,0.0495635687930152,-0.172570010857014,0.0217191788116054,-7.26511066764465
"Fur_Brown+Mouth_Bored.Unshaven",2,7836,-0.0764613280162276,0.0441757602525343,-0.163045818111195,0.0101231620787396,-7.36112611136093
"Fur_Brown+Mouth_Bored.Unshaven",2,7838,-0.0751836983172178,0.0478090245022505,-0.168889386341629,0.0185219897071931,-7.24269229362686
"Fur_Brown+Mouth_Bored.Unshaven",2,7840,-0.0723651540510795,0.0508460985314433,-0.172023507172708,0.0272931990705495,-6.98088292852819
"Fur_Brown+Mouth_Bored.Unshaven",2,7841,-0.0737671341234392,0.0480666714134488,-0.167977810093799,0.0204435418469204,-7.11120250294193
"Fur_Brown+Mouth_Bored.Unshaven",2,7842,-0.0735793489311791,0.0450218774395924,-0.16182222871278,0.0146635308504219,-7.09375772436084
"Fur_Brown+Mouth_Bored.Unshaven",2,7843,-0.0779969660679656,0.0461950471227907,-0.168539258428635,0.0125453262927043,-7.50327671729992
"Fur_Brown+Mouth_Bored.Unshaven",2,7848,-0.073364688097178,0.0485318196317703,-0.168487054575448,0.0217576783810918,-7.07381225223079
"Fur_Brown+Mouth_Bored.Unshaven",2,7849,-0.075233966214097,0.0469943045834182,-0.167342803197597,0.0168748707694027,-7.24735489121496
"Fur_Brown+Mouth_Bored.Unshaven",2,7851,-0.0758512697752206,0.0407157090589217,-0.155654059530707,0.00395151998026595,-7.30459376064765
"Fur_Brown+Mouth_Bored.Unshaven",2,7856,-0.0776748352836728,0.0456889595381539,-0.167225195978454,0.0118755254111087,-7.47347587565782
"Fur_Brown+Mouth_Bored.Unshaven",2,7857,-0.0749104095689588,0.0507435011914854,-0.17436767190427,0.0245468527663525,-7.21733930092588
"Fur_Brown+Mouth_Bored.Unshaven",2,7858,-0.078907208594068,0.0453628536934841,-0.167818401833297,0.0100039846451608,-7.58743286129585
"Fur_Brown+Mouth_Bored.Unshaven",2,7860,-0.0710161263263736,0.0463990200417891,-0.16195820560828,0.019925952955533,-6.85531288097683
"Fur_Brown+Mouth_Bored.Unshaven",2,7861,-0.0738966974316092,0.0456647720301225,-0.163399650610649,0.0156062557474309,-7.12323670322534
"Fur_Brown+Mouth_Bored.Unshaven",2,7862,-0.0794048406410792,0.0426144660847267,-0.162929194167143,0.00411951288498517,-7.63340887573277
"Fur_Brown+Mouth_Bored.Unshaven",2,7864,-0.0739103333142895,0.0477270977271382,-0.16745544485948,0.0196347782309013,-7.12450315123879
"Fur_Brown+Mouth_Bored.Unshaven",2,7865,-0.0768068838399204,0.0472372018168247,-0.169391799400897,0.0157780317210559,-7.39313248342088
"Fur_Brown+Mouth_Bored.Unshaven",2,7867,-0.0803250745825408,0.0492775819483235,-0.176909135201255,0.0162589860361733,-7.71836865051267
"Fur_Brown+Mouth_Bored.Unshaven",2,7868,-0.0750964281566927,0.0499677533239569,-0.173033224671648,0.0228403683582628,-7.2345969952596
"Fur_Brown+Mouth_Bored.Unshaven",2,7869,-0.0773763591008265,0.0439732778611992,-0.163563983708777,0.00881126550712391,-7.44585479001211
"Fur_Brown+Mouth_Bored.Unshaven",2,7870,-0.0723356149218332,0.0491286654720838,-0.168627799247117,0.023956569403451,-6.97813518422385
"Fur_Brown+Mouth_Bored.Unshaven",2,7871,-0.0762426688510341,0.0431578881471133,-0.160832129619376,0.008346791917308,-7.34086755775348
"Fur_Brown+Mouth_Bored.Unshaven",2,7872,-0.0729855225816566,0.0457077763277775,-0.162572764184101,0.0166017190207874,-7.03857116566781
"Fur_Brown+Mouth_Bored.Unshaven",2,7873,-0.0791167323036244,0.0427820559944613,-0.162969562052769,0.0047360974455197,-7.60679345684966
"Fur_Brown+Mouth_Bored.Unshaven",2,7874,-0.0700939600825372,0.0445734884896471,-0.157457997522246,0.0172700773571712,-6.76937837786381
"Fur_Brown+Mouth_Bored.Unshaven",2,7875,-0.0760876660710818,0.0433451551162782,-0.161044170098987,0.00886883795682356,-7.32650402147169
"Fur_Brown+Mouth_Bored.Unshaven",2,7878,-0.0770228761624368,0.047779518759918,-0.170670732931876,0.0166249806070025,-7.41313269579283
"Fur_Brown+Mouth_Bored.Unshaven",2,7879,-0.0748839608075939,0.0447433187181797,-0.162580865495226,0.0128129438800383,-7.21488528202152
"Fur_Brown+Mouth_Bored.Unshaven",2,7881,-0.073119102515552,0.0501353125800168,-0.171384315172385,0.0251461101412809,-7.05098811784003
"Fur_Brown+Mouth_Bored.Unshaven",2,7882,-0.0742351812840634,0.0453439584457653,-0.163109339837763,0.0146389772696365,-7.15466866796315
"Fur_Brown+Mouth_Bored.Unshaven",2,7883,-0.0758346381331712,0.0458648454560313,-0.165729735226992,0.0140604589606502,-7.30305207101107
"Fur_Brown+Mouth_Bored.Unshaven",2,7884,-0.0748970871079707,0.0512773266234841,-0.17540064729,0.0256064730740581,-7.21610319931442
"Fur_Brown+Mouth_Bored.Unshaven",2,7885,-0.0767005697549154,0.0468477530251827,-0.168522165684274,0.0151210261744427,-7.38328654566403
"Fur_Brown+Mouth_Bored.Unshaven",2,7886,-0.073441902949304,0.0487780026749092,-0.169046788192126,0.022162982293518,-7.08098725706434
"Fur_Brown+Mouth_Bored.Unshaven",2,7887,-0.0734772689531362,0.0467504782125099,-0.165108206249656,0.0181536683433833,-7.08427337311635
"Fur_Brown+Mouth_Bored.Unshaven",2,7888,-0.0777275080767501,0.048971857683322,-0.173712349136061,0.0182573329825611,-7.47834937776557
"Fur_Brown+Mouth_Bored.Unshaven",2,7890,-0.0733410031350656,0.0478736249316339,-0.167173308001068,0.0204913017309368,-7.07161127292979
"Fur_Brown+Mouth_Bored.Unshaven",2,7892,-0.0737402795126067,0.0476199208761288,-0.167075324429819,0.0195947654046058,-7.10870797693982
"Fur_Brown+Mouth_Bored.Unshaven",2,7894,-0.0748965593754878,0.0451482099612446,-0.163387050899527,0.0135939321485516,-7.21605423422527
"Fur_Brown+Mouth_Bored.Unshaven",2,7898,-0.0740213925705135,0.0471093650213352,-0.16635574801233,0.0183129628713035,-7.13481726209091
"Fur_Brown+Mouth_Bored.Unshaven",2,7899,-0.0796751099986104,0.0450799380882465,-0.168031788651574,0.00868156865435264,-7.65836936179407
"Fur_Brown+Mouth_Bored.Unshaven",2,7900,-0.0758222271502674,0.0438011620152105,-0.16167250470008,0.0100280503995451,-7.3019016036359
"Fur_Brown+Mouth_Bored.Unshaven",2,7901,-0.0760510888112762,0.0455746800116425,-0.165377461634095,0.0132752840115431,-7.3231142169377
"Fur_Brown+Mouth_Bored.Unshaven",2,7902,-0.0725752915837338,0.0477136339066265,-0.166094014040722,0.0209434308732542,-7.00042768266415
"Fur_Brown+Mouth_Bored.Unshaven",2,7903,-0.0727962223919049,0.0426787472887796,-0.156446567077913,0.0108541222941031,-7.02097188382874
"Fur_Brown+Mouth_Bored.Unshaven",2,7904,-0.0733793526764808,0.0484716237479701,-0.168383735222502,0.0216250298695405,-7.07517496568849
"Fur_Brown+Mouth_Bored.Unshaven",2,7905,-0.0760250025382442,0.0475507052348536,-0.169224384798557,0.0171743797220689,-7.32069659085811
"Fur_Brown+Mouth_Bored.Unshaven",2,7906,-0.0762016077174005,0.041166578189695,-0.156888100969203,0.00448488553440174,-7.33706279062041
"Fur_Brown+Mouth_Bored.Unshaven",2,7907,-0.0756707138192896,0.0440434122411508,-0.161995801811945,0.010654374173366,-7.28785554191662
"Fur_Brown+Mouth_Bored.Unshaven",2,7908,-0.0781487873947239,0.0483134731332936,-0.172843194735979,0.0165456199465317,-7.51731862659188
"Fur_Brown+Mouth_Bored.Unshaven",2,7909,-0.0827497131574336,0.0437955729586511,-0.16858903615639,0.00308960984152266,-7.94184721677699
"Fur_Brown+Mouth_Bored.Unshaven",2,7910,-0.0754589274205062,0.0445097031168237,-0.162697945529481,0.0117800906884683,-7.26821829134047
"Fur_Brown+Mouth_Bored.Unshaven",2,7912,-0.079346289382769,0.047940158864598,-0.173309000757381,0.014616421991843,-7.62800053726567
"Fur_Brown+Mouth_Bored.Unshaven",2,7913,-0.0742312300804273,0.0461801655847958,-0.164744354626627,0.0162818944657725,-7.15430181642764
"Fur_Brown+Mouth_Bored.Unshaven",2,7914,-0.0723901516611294,0.044391462089888,-0.15939741735731,0.0146171140350512,-6.98320815508126
"Fur_Brown+Mouth_Bored.Unshaven",2,7915,-0.0756602187160364,0.0429180466582885,-0.159779590166282,0.00845915273420905,-7.2868825132817
"Fur_Brown+Mouth_Bored.Unshaven",2,7916,-0.0760308098006544,0.0441483115745035,-0.162561500486681,0.0104998808853724,-7.32123480233025
"Fur_Brown+Mouth_Bored.Unshaven",2,7917,-0.074649154178725,0.0494228843234005,-0.17151800745259,0.0222196990951399,-7.19309616401081
"Fur_Brown+Mouth_Bored.Unshaven",2,7918,-0.0748133481184231,0.0448485289071694,-0.162716464776475,0.013089768539629,-7.20833324423048
"Fur_Brown+Mouth_Bored.Unshaven",2,7919,-0.0749677129024732,0.0449657245477344,-0.163100533016033,0.0131651072110863,-7.22265590434528
"Fur_Brown+Mouth_Bored.Unshaven",2,7920,-0.076991391866762,0.0459527829864374,-0.167058846520179,0.0130760627866553,-7.41021761759768
"Fur_Brown+Mouth_Bored.Unshaven",2,7921,-0.0754000947661563,0.046673395612982,-0.166879950167601,0.0160797606352884,-7.26276247399142
"Fur_Brown+Mouth_Bored.Unshaven",2,7922,-0.0761413564599716,0.0462876580265177,-0.166865166191946,0.0145824532720031,-7.33147956393997
"Fur_Brown+Mouth_Bored.Unshaven",2,7924,-0.0762265500067255,0.0482695067436042,-0.17083478322419,0.0183816832107388,-7.3393739875866
"Fur_Brown+Mouth_Bored.Unshaven",2,7925,-0.0756827920171734,0.043953612298206,-0.161831872121657,0.0104662880873104,-7.28897533078109
"Fur_Brown+Mouth_Bored.Unshaven",2,7926,-0.0745085507946404,0.04949940365042,-0.171527381949464,0.0225102803601828,-7.18004628185777
"Fur_Brown+Mouth_Bored.Unshaven",2,7927,-0.0773299479794871,0.0499043048315528,-0.175142385449331,0.0204824894903563,-7.4415591486663
"Fur_Brown+Mouth_Bored.Unshaven",2,7928,-0.0734201205385843,0.0469878160913371,-0.165516240077605,0.0186759990004364,-7.07896323492114
"Fur_Brown+Mouth_Bored.Unshaven",2,7929,-0.0746735246445087,0.0459042671796124,-0.164645888316549,0.0152988390275316,-7.19535788392555
"Fur_Brown+Mouth_Bored.Unshaven",2,7930,-0.0769168579568667,0.0433952749769916,-0.16197159691177,0.00813788099803681,-7.40331628191179
"Fur_Brown+Mouth_Bored.Unshaven",2,7932,-0.0784379685453142,0.0510860437660543,-0.178566614326781,0.0216906772361522,-7.5440590082076
"Fur_Brown+Mouth_Bored.Unshaven",2,7934,-0.0752770604740517,0.0489483990740656,-0.17121592265922,0.020661801711117,-7.25135191168983
"Fur_Brown+Mouth_Bored.Unshaven",2,7936,-0.0743562501444361,0.0491368887497541,-0.170664552093954,0.0219520518050819,-7.16590866599783
"Fur_Brown+Mouth_Bored.Unshaven",2,7937,-0.0768962254276358,0.048667789264671,-0.172285092386391,0.0184926415311193,-7.4014057584189
"Fur_Brown+Mouth_Bored.Unshaven",2,7938,-0.0706586578144661,0.0450046135926745,-0.158867700456108,0.0175503848271759,-6.82201063638303
"Fur_Brown+Mouth_Bored.Unshaven",2,7939,-0.07369169504209,0.0493925753278565,-0.170501142684689,0.0231177526005087,-7.10419479306684
"Fur_Brown+Mouth_Bored.Unshaven",2,7940,-0.0770346089458956,0.048087330179706,-0.171285776098119,0.0172165582063282,-7.41421899108541
"Fur_Brown+Mouth_Bored.Unshaven",2,7941,-0.0725016078815653,0.0471678425966001,-0.164950579370902,0.019947363607771,-6.99357487740879
"Fur_Brown+Mouth_Bored.Unshaven",2,7942,-0.0752168461844931,0.0456720795951364,-0.16473412219096,0.0143004298219742,-7.2457669495921
"Fur_Brown+Mouth_Bored.Unshaven",2,7943,-0.0763905250751416,0.0481174419137543,-0.1707007112261,0.0179196610758167,-7.35456677442329
"Fur_Brown+Mouth_Bored.Unshaven",2,7944,-0.075448006535042,0.0501576548262477,-0.173757009994487,0.0228609969244035,-7.26720557264365
"Fur_Brown+Mouth_Bored.Unshaven",2,7946,-0.0745203579738303,0.0444910739667574,-0.161722862948675,0.0126821470010143,-7.18114221721374
"Fur_Brown+Mouth_Bored.Unshaven",2,7947,-0.0787318101147816,0.0471097784087448,-0.171066975795921,0.0136033555663582,-7.5712224159506
"Fur_Brown+Mouth_Bored.Unshaven",2,7948,-0.0703008296578792,0.0525741148823286,-0.173346094827243,0.0327444355114848,-6.788662962202
"Fur_Brown+Mouth_Bored.Unshaven",2,7949,-0.0762488420284499,0.044939824200592,-0.16433089746161,0.0118332134047105,-7.34143955725172
"Fur_Brown+Mouth_Bored.Unshaven",2,7952,-0.0742883911838185,0.0491214701985382,-0.170566472772953,0.0219896904053163,-7.15960882730221
"Fur_Brown+Mouth_Bored.Unshaven",2,7953,-0.0788328696637967,0.0460521461754165,-0.169095076167613,0.0114293368400197,-7.58056275455611
"Fur_Brown+Mouth_Bored.Unshaven",2,7954,-0.0761550322166458,0.0493579483521653,-0.17289661098689,0.0205865465535982,-7.33274686741112
"Fur_Brown+Mouth_Bored.Unshaven",2,7955,-0.0746135599940578,0.045715541482898,-0.164216021300538,0.0149889013124224,-7.18979271914592
"Fur_Brown+Mouth_Bored.Unshaven",2,7956,-0.0736435233769301,0.0450801340215637,-0.162000586059195,0.0147135393053348,-7.09971973965913
"Fur_Brown+Mouth_Bored.Unshaven",2,7957,-0.0722809171584648,0.0446632764705018,-0.159820939040648,0.0152591047237187,-6.97304695711802
"Fur_Brown+Mouth_Bored.Unshaven",2,7958,-0.0747178004821122,0.048390628486249,-0.16956343231516,0.0201278313509359,-7.19946679622528
"Fur_Brown+Mouth_Bored.Unshaven",2,7960,-0.0780624684849276,0.0470463108344534,-0.170273237720456,0.0141483007506011,-7.50933527780867
"Fur_Brown+Mouth_Bored.Unshaven",2,7962,-0.0779660559258913,0.0467582989367095,-0.169612321841842,0.0136802099900593,-7.500417586254
"Fur_Brown+Mouth_Bored.Unshaven",2,7963,-0.0754378496393499,0.0462842278986715,-0.166154936320746,0.0152792370420463,-7.26626369054013
"Fur_Brown+Mouth_Bored.Unshaven",2,7964,-0.0745611582399394,0.0435574442833428,-0.159933749035291,0.0108114325554125,-7.18492917405628
"Fur_Brown+Mouth_Bored.Unshaven",2,7966,-0.0775746868189672,0.0400105028752337,-0.155995272454425,0.0008458988164909,-7.4642090222994
"Fur_Brown+Mouth_Bored.Unshaven",2,7967,-0.0767290909510388,0.0479997474153325,-0.17080859588509,0.0173504139830129,-7.38592804744318
"Fur_Brown+Mouth_Bored.Unshaven",2,7970,-0.07394831936582,0.0475447113275964,-0.167135953567909,0.0192393148362689,-7.12803105764197
"Fur_Brown+Mouth_Bored.Unshaven",2,7971,-0.0787337774054407,0.049464845511522,-0.175684874608024,0.0182173197971424,-7.57140425004251
"Fur_Brown+Mouth_Bored.Unshaven",2,7972,-0.0730652927687023,0.0458407082926744,-0.162913081022344,0.0167824954849396,-7.0459864204719
"Fur_Brown+Mouth_Bored.Unshaven",2,7973,-0.077330950726035,0.0457251663121576,-0.166952276697864,0.012290375245794,-7.44165196127681
"Fur_Brown+Mouth_Bored.Unshaven",2,7975,-0.0780523795817521,0.0480306169467355,-0.172192388797354,0.0160876296338494,-7.50840214374051
"Fur_Brown+Mouth_Bored.Unshaven",2,7976,-0.0762404780758831,0.0474004913388178,-0.169145441099966,0.0166644849481998,-7.34066456220626
"Fur_Brown+Mouth_Bored.Unshaven",2,7977,-0.0762885830566976,0.0476659801021346,-0.169713904056881,0.0171367379434862,-7.34512183055052
"Fur_Brown+Mouth_Bored.Unshaven",2,7978,-0.0790157910878716,0.0397075225384511,-0.156842535263236,-0.00118904691250744,-7.59746670353491
"Fur_Brown+Mouth_Bored.Unshaven",2,7979,-0.0737719071452008,0.0487092718718712,-0.169242080014068,0.0216982657236667,-7.11164586213571
"Fur_Brown+Mouth_Bored.Unshaven",2,7980,-0.0772672257499787,0.0440698461559353,-0.163644124215612,0.00910967271565451,-7.4357534948264
"Fur_Brown+Mouth_Bored.Unshaven",2,7981,-0.0736444522381366,0.0499035599270679,-0.17145542969519,0.0241665252189164,-7.09980603108545
"Fur_Brown+Mouth_Bored.Unshaven",2,7983,-0.0755018548557944,0.0493974341269388,-0.172320825744594,0.0213171160330056,-7.27219894345873
"Fur_Brown+Mouth_Bored.Unshaven",2,7985,-0.0759604205513681,0.0471150830921895,-0.16830598341206,0.0163851423093234,-7.31471098402254
"Fur_Brown+Mouth_Bored.Unshaven",2,7986,-0.0743655227199154,0.0465333567901874,-0.165570902028683,0.0168398565888519,-7.16676947312583
"Fur_Brown+Mouth_Bored.Unshaven",2,7987,-0.0809832562195313,0.0507628439773501,-0.180478430415137,0.0185119179760748,-7.77908674174016
"Fur_Brown+Mouth_Bored.Unshaven",2,7989,-0.072543720534527,0.050394677308895,-0.171317288059961,0.0262298469909071,-6.99749154224203
"Fur_Brown+Mouth_Bored.Unshaven",2,7991,-0.0762601811252279,0.0429356069573863,-0.160413970761705,0.00789360851124937,-7.34249021567911
"Fur_Brown+Mouth_Bored.Unshaven",2,7992,-0.0751386330907624,0.0466377532547651,-0.166548629470102,0.0162713632885773,-7.23851207035903
"Fur_Brown+Mouth_Bored.Unshaven",2,7993,-0.0800191814671003,0.0522607408403761,-0.182450233514237,0.0224118705800369,-7.69013601693728
"Fur_Brown+Mouth_Bored.Unshaven",2,7994,-0.0792817103714363,0.0446702555789316,-0.166835411306142,0.00827199056326973,-7.62203505224504
"Fur_Brown+Mouth_Bored.Unshaven",2,7995,-0.0739899965109035,0.0466892597018059,-0.165500945526443,0.017520952504636,-7.13190161550831
"Fur_Brown+Mouth_Bored.Unshaven",2,7997,-0.0731691160798092,0.0489547115331234,-0.169120350684731,0.0227821185251128,-7.05563671297106
"Fur_Brown+Mouth_Bored.Unshaven",2,7998,-0.0752968107194642,0.0448226136397452,-0.163149133453365,0.0125555120144364,-7.25318370216205
"Fur_Brown+Mouth_Bored.Unshaven",2,8000,-0.0765398773551915,0.0428398811245695,-0.160506044359348,0.00742628964896475,-7.36840254788387
"Fur_Brown+Mouth_Bored.Unshaven",2,8002,-0.0746260686576212,0.0484690345277212,-0.169625376331955,0.0203732390167123,-7.19095364354323
"Fur_Brown+Mouth_Bored.Unshaven",2,8004,-0.0757329766269017,0.0508041279713801,-0.175309067450807,0.0238431141970034,-7.29362788062745
"Fur_Brown+Mouth_Bored.Unshaven",2,8005,-0.0788958623750993,0.046087028285699,-0.169226437815069,0.0114347130648708,-7.58638432212516
"Fur_Brown+Mouth_Bored.Unshaven",2,8006,-0.0789762135180739,0.0456053930172323,-0.168362783831849,0.0104103567957014,-7.59380956345399
"Fur_Brown+Mouth_Bored.Unshaven",2,8007,-0.0772158450096899,0.0453204625776649,-0.166043951661913,0.0116122616425334,-7.4309973531307
"Fur_Brown+Mouth_Bored.Unshaven",2,8008,-0.0786744117875412,0.0446042663407062,-0.166098773815325,0.00874995024024297,-7.56591700646904
"Fur_Brown+Mouth_Bored.Unshaven",2,8010,-0.0760484019254255,0.0458435886578673,-0.165901835694845,0.0138050318439945,-7.32286520439006
"Fur_Brown+Mouth_Bored.Unshaven",2,8011,-0.0762064308205919,0.0468834819031174,-0.168098055350702,0.0156851937095182,-7.33750971245082
"Fur_Brown+Mouth_Bored.Unshaven",2,8013,-0.0766371018312116,0.0443567741002405,-0.163576379067683,0.0103021754052599,-7.37740816861858
"Fur_Brown+Mouth_Bored.Unshaven",2,8014,-0.0775704493928971,0.0480216227024147,-0.17169282988963,0.0165519311038357,-7.4638169078955
"Fur_Brown+Mouth_Bored.Unshaven",2,8015,-0.0757390458453565,0.0485521018467746,-0.170901165465035,0.0194230737743216,-7.29419053414456
"Fur_Brown+Mouth_Bored.Unshaven",2,8016,-0.0763561025721907,0.045862379840613,-0.166246367059792,0.0135341619154107,-7.35137763183588
"Fur_Brown+Mouth_Bored.Unshaven",2,8018,-0.076603242633946,0.0428509798871629,-0.160591163212785,0.00738467794489332,-7.37427198891655
"Fur_Brown+Mouth_Bored.Unshaven",2,8019,-0.0756273389878116,0.0434936907150214,-0.160874972789254,0.00962029481363026,-7.28383408106033
"Fur_Brown+Mouth_Bored.Unshaven",2,8021,-0.0798703918966605,0.0435527440409876,-0.165233770216996,0.00549298642367529,-7.67640025008379
"Fur_Brown+Mouth_Bored.Unshaven",2,8023,-0.0766576451784807,0.0456017496395452,-0.166037074471989,0.0127217841150279,-7.37931092714296
"Fur_Brown+Mouth_Bored.Unshaven",2,8025,-0.0722619042974822,0.0439790257208312,-0.158460794710311,0.0139369861153469,-6.97127823177797
"Fur_Brown+Mouth_Bored.Unshaven",2,8026,-0.075116434830026,0.0486915935166582,-0.170551958122676,0.020319088462624,-7.23645290380881
"Fur_Brown+Mouth_Bored.Unshaven",2,8027,-0.0753025395684186,0.0508581876360201,-0.174984587335018,0.0243795081981809,-7.25371503314165
"Fur_Brown+Mouth_Bored.Unshaven",2,8028,-0.0738419738723784,0.0441969303187754,-0.160467957297178,0.0127840095524215,-7.11815401709783
"Fur_Brown+Mouth_Bored.Unshaven",2,8029,-0.0769463048494892,0.0419305134754158,-0.159130111261304,0.00523750156232566,-7.40604292636864
"Fur_Brown+Mouth_Bored.Unshaven",2,8030,-0.0771875785970734,0.0486888882591555,-0.172617799585018,0.0182426423908714,-7.42838072252519
"Fur_Brown+Mouth_Bored.Unshaven",2,8035,-0.0768142798442554,0.0441272773378332,-0.163303743426408,0.00967518373789764,-7.39381740168165
"Fur_Brown+Mouth_Bored.Unshaven",2,8036,-0.0760344060780274,0.0492571302450544,-0.172578381358334,0.0205095692022793,-7.32156810027715
"Fur_Brown+Mouth_Bored.Unshaven",2,8037,-0.0737302071051447,0.0471908446240722,-0.166224262568326,0.0187638483580367,-7.10777233328481
"Fur_Brown+Mouth_Bored.Unshaven",2,8038,-0.0770457772224436,0.0462307171847473,-0.167657982904548,0.0135664284596611,-7.41525300891801
"Fur_Brown+Mouth_Bored.Unshaven",2,8039,-0.0796517240016816,0.0459440282133486,-0.169702019299845,0.0103985712964817,-7.65620983545232
"Fur_Brown+Mouth_Bored.Unshaven",2,8040,-0.0771931315959371,0.0426886720028571,-0.160862928721537,0.00647666552966279,-7.42889477119458
"Fur_Brown+Mouth_Bored.Unshaven",2,8041,-0.0753207112361358,0.0506216511246607,-0.174539147440471,0.0238977249681991,-7.25540037250132
"Fur_Brown+Mouth_Bored.Unshaven",2,8045,-0.0766828433311635,0.0438169830630762,-0.162564130134793,0.00919844347246578,-7.38164476800344
"Fur_Brown+Mouth_Bored.Unshaven",2,8047,-0.0768299127089992,0.0467646129656816,-0.168488554121735,0.0148287287037367,-7.39526509029286
"Fur_Brown+Mouth_Bored.Unshaven",2,8048,-0.0750314786800367,0.0495880387116945,-0.172224034554958,0.0221610771948846,-7.22857173521603
"Fur_Brown+Mouth_Bored.Unshaven",2,8050,-0.0707599761480967,0.048410860941656,-0.165645263593742,0.024125311297549,-6.83145079675765
"Fur_Brown+Mouth_Bored.Unshaven",2,8052,-0.0770931949379325,0.0447992261226231,-0.164899678138274,0.0107132882624088,-7.41964306202547
"Fur_Brown+Mouth_Bored.Unshaven",2,8053,-0.0766302735779918,0.0455581144853653,-0.165924177969308,0.0126636308133242,-7.37677571594841
"Fur_Brown+Mouth_Bored.Unshaven",2,8054,-0.0766727167058903,0.0495694898134794,-0.17382891674031,0.0204834833285293,-7.38070685187763
"Fur_Brown+Mouth_Bored.Unshaven",2,8055,-0.0776861924059081,0.0453265033717681,-0.166526139014574,0.0111537542027573,-7.4745267047351
"Fur_Brown+Mouth_Bored.Unshaven",2,8056,-0.0755098170038912,0.0437149852399708,-0.161191188074234,0.0101715540664516,-7.27293725300415
"Fur_Brown+Mouth_Bored.Unshaven",2,8057,-0.0735167501654402,0.0465312595609921,-0.164718018904985,0.0176845185741042,-7.0879417262297
"Fur_Brown+Mouth_Bored.Unshaven",2,8058,-0.0755520424101865,0.0493866922350858,-0.172349959190955,0.0212458743705817,-7.2768526082389
"Fur_Brown+Mouth_Bored.Unshaven",2,8059,-0.0753732621708958,0.0465413553600018,-0.166594318676499,0.0158477943347076,-7.26027405984615
"Fur_Brown+Mouth_Bored.Unshaven",2,8060,-0.0775622777451309,0.0447665243812788,-0.165304665532437,0.0101801100421756,-7.46306073171206
"Fur_Brown+Mouth_Bored.Unshaven",2,8061,-0.0792192817935262,0.0497930061225602,-0.176813573793744,0.0183750102066918,-7.61626784724579
"Fur_Brown+Mouth_Bored.Unshaven",2,8062,-0.0747892006585109,0.0470019186100305,-0.166912961134171,0.017334559817149,-7.20609253412369
"Fur_Brown+Mouth_Bored.Unshaven",2,8063,-0.0732291951656285,0.0484182206650874,-0.1681289076692,0.0216705173379428,-7.06122055761158
"Fur_Brown+Mouth_Bored.Unshaven",2,8065,-0.0737797179148563,0.0482317257956287,-0.168313900474289,0.0207544646445759,-7.11237138884009
"Fur_Brown+Mouth_Bored.Unshaven",2,8066,-0.0768231821449098,0.0490299844131013,-0.172921951594588,0.0192755873047687,-7.39464180609204
"Fur_Brown+Mouth_Bored.Unshaven",2,8069,-0.0773845163781878,0.038766040678401,-0.153365956107854,-0.00140307664852178,-7.44660977676619
"Fur_Brown+Mouth_Bored.Unshaven",2,8071,-0.071370829694978,0.0470355627946601,-0.163560532772512,0.0208188733825558,-6.8883457564831
"Fur_Brown+Mouth_Bored.Unshaven",2,8072,-0.0754005423043585,0.0503665093634647,-0.174118900656749,0.0233178160480324,-7.26280397743869
"Fur_Brown+Mouth_Bored.Unshaven",2,8073,-0.0731847950826027,0.0479576267832625,-0.167181743577797,0.0208121534125919,-7.05709397647843
"Fur_Brown+Mouth_Bored.Unshaven",2,8074,-0.0788471200069239,0.0462346263972743,-0.169466987745581,0.0117727477317337,-7.58187975386461
"Fur_Brown+Mouth_Bored.Unshaven",2,8077,-0.075771156232521,0.0443475748473137,-0.162692402933256,0.011150090468214,-7.297167305786
"Fur_Brown+Mouth_Bored.Unshaven",2,8078,-0.0758484679391627,0.0462798165703553,-0.166556908417059,0.0148599725387338,-7.3043340429522
"Fur_Brown+Mouth_Bored.Unshaven",2,8079,-0.0740376069118057,0.0442979856265399,-0.160861658739824,0.0127864449162124,-7.1363229976507
"Fur_Brown+Mouth_Bored.Unshaven",2,8080,-0.0713094467373488,0.0419438407847763,-0.15351937467551,0.0109004812008127,-6.88263011233612
"Fur_Brown+Mouth_Bored.Unshaven",2,8081,-0.0767174157628323,0.0454994071996311,-0.165896253874109,0.0124614223484446,-7.38484675441042
"Fur_Brown+Mouth_Bored.Unshaven",2,8082,-0.0783647674361544,0.0454039861592199,-0.167356580308225,0.0106270454359165,-7.53729088306448
"Fur_Brown+Mouth_Bored.Unshaven",2,8083,-0.0794504209877585,0.0436556757960723,-0.16501554554806,0.00611470357254314,-7.63761888103033
"Fur_Brown+Mouth_Bored.Unshaven",2,8085,-0.0770430095680144,0.0465358019225139,-0.168253181336142,0.0141671622001128,-7.41499676597833
"Fur_Brown+Mouth_Bored.Unshaven",2,8086,-0.0790591894171563,0.047136345890282,-0.171446427362109,0.0133280485277965,-7.60147673208674
"Fur_Brown+Mouth_Bored.Unshaven",2,8087,-0.0721821082264746,0.0473888250653393,-0.16506420535454,0.0206999889015904,-6.96385460910598
"Fur_Brown+Mouth_Bored.Unshaven",2,8088,-0.0728954148649465,0.0471126258828451,-0.165236161595323,0.0194453318654298,-7.03019424616655
"Fur_Brown+Mouth_Bored.Unshaven",2,8089,-0.073244763752533,0.0460634919431014,-0.163529207961012,0.0170396804559456,-7.0626674718129
"Fur_Brown+Mouth_Bored.Unshaven",2,8092,-0.0754239950587753,0.044501720472244,-0.162647367184373,0.0117993770668228,-7.26497889461831
"Fur_Brown+Mouth_Bored.Unshaven",2,8094,-0.0801388647241574,0.0428057024118444,-0.164038041451372,0.00376031200305751,-7.70118330101661
"Fur_Brown+Mouth_Bored.Unshaven",2,8095,-0.0738743040670757,0.0449194592773218,-0.161916444250627,0.0141678361164751,-7.12115685672084
"Fur_Brown+Mouth_Bored.Unshaven",2,8097,-0.0748170697570995,0.0508068932902469,-0.174398580605983,0.0247644410917845,-7.20867858064371
"Fur_Brown+Mouth_Bored.Unshaven",2,8098,-0.0723585076990361,0.0446478346036599,-0.159868263522209,0.0151512481241373,-6.98026468867485
"Fur_Brown+Mouth_Bored.Unshaven",2,8099,-0.0753636016662739,0.0476132174506351,-0.168685507869519,0.0179583045369708,-7.25937814296758
"Fur_Brown+Mouth_Bored.Unshaven",2,8100,-0.0745292949823746,0.0488419048048248,-0.170259428399831,0.021200838435082,-7.1819717364321
"Fur_Brown+Mouth_Bored.Unshaven",2,8101,-0.0759004430315251,0.045465730482782,-0.165013274777778,0.0132123887147276,-7.30915178354957
"Fur_Brown+Mouth_Bored.Unshaven",2,8102,-0.0756772296472109,0.0461456529963512,-0.166122709520059,0.0147682502256375,-7.28845963632804
"Fur_Brown+Mouth_Bored.Unshaven",2,8103,-0.0783191495161067,0.0437401745279595,-0.164049891590907,0.00741159255869388,-7.53307283038394
"Fur_Brown+Mouth_Bored.Unshaven",2,8104,-0.0729734058136115,0.0492522577731087,-0.169507831048904,0.0235610194216815,-7.03744476677333
"Fur_Brown+Mouth_Bored.Unshaven",2,8105,-0.0752409845615844,0.0429557037939688,-0.159434163997763,0.00895219487459442,-7.24800585922436
"Fur_Brown+Mouth_Bored.Unshaven",2,8107,-0.0741223077602985,0.0476484111658405,-0.167513193645346,0.0192685781247489,-7.1441882967835
"Fur_Brown+Mouth_Bored.Unshaven",2,8108,-0.0781997101460787,0.049802500608125,-0.175812611338004,0.0194131910458464,-7.52202797927247
"Fur_Brown+Mouth_Bored.Unshaven",2,8110,-0.0773988963073816,0.0481071077741605,-0.171688827544736,0.0168910349299729,-7.44794067839509
"Fur_Brown+Mouth_Bored.Unshaven",2,8111,-0.0744451145983894,0.0481679413788854,-0.168854279701005,0.019964050504226,-7.17415795029298
"Fur_Brown+Mouth_Bored.Unshaven",2,8112,-0.0717607701458623,0.0463254101744959,-0.162558574087874,0.0190370337961496,-6.92464667886242
"Fur_Brown+Mouth_Bored.Unshaven",2,8113,-0.0784551824144695,0.0467768766605115,-0.170137860669072,0.013227495840133,-7.54565051898041
"Fur_Brown+Mouth_Bored.Unshaven",2,8114,-0.0747587294370936,0.0456111404345848,-0.16415656468888,0.0146391058146927,-7.20326494734334
"Fur_Brown+Mouth_Bored.Unshaven",2,8116,-0.0763161380948043,0.0457858603584636,-0.166056424397393,0.0134241482077844,-7.34767490407406
"Fur_Brown+Mouth_Bored.Unshaven",2,8117,-0.0693085071701552,0.053421046344254,-0.174013758004893,0.0353967436645827,-6.69612134838019
"Fur_Brown+Mouth_Bored.Unshaven",2,8119,-0.0730194236411507,0.0492126479841291,-0.169476213690044,0.0234373664077423,-7.04172260317853
"Fur_Brown+Mouth_Bored.Unshaven",2,8120,-0.0744551254851961,0.0498554412806757,-0.17217179039532,0.0232615394249282,-7.1750872146391
"Fur_Brown+Mouth_Bored.Unshaven",2,8123,-0.0750841609411064,0.0477169661154799,-0.168609414527447,0.0184410926452342,-7.23345901508208
"Fur_Brown+Mouth_Bored.Unshaven",2,8125,-0.0776456963907138,0.0459287486126516,-0.167666043671511,0.0123746508900834,-7.47077971589412
"Fur_Brown+Mouth_Bored.Unshaven",2,8128,-0.0785670040592931,0.0483898121339062,-0.173411035841749,0.0162770277231631,-7.55598833840371
"Fur_Brown+Mouth_Bored.Unshaven",2,8130,-0.0767430721743728,0.049179171810976,-0.173134248923886,0.01964810457514,-7.38722289641521
"Fur_Brown+Mouth_Bored.Unshaven",2,8132,-0.0768228293526952,0.0474714237636038,-0.169866819929359,0.0162211612239683,-7.39460913563688
"Fur_Brown+Mouth_Bored.Unshaven",2,8133,-0.0785024378938447,0.0446068061570724,-0.165931777961706,0.00892690217401716,-7.55001939035809
"Fur_Brown+Mouth_Bored.Unshaven",2,8134,-0.0801872563758567,0.0455503498085378,-0.169465942000591,0.00909142924887751,-7.70564968513784
"Fur_Brown+Mouth_Bored.Unshaven",2,8135,-0.0774731044452546,0.0486349489355149,-0.172797604358864,0.0178513954683546,-7.45480853954491
"Fur_Brown+Mouth_Bored.Unshaven",2,8136,-0.0809750178542609,0.0420507115912837,-0.163394412573177,0.00144437686465525,-7.77832698904162
"Fur_Brown+Mouth_Bored.Unshaven",2,8137,-0.0751813605655921,0.0479611398621454,-0.169185194695397,0.0188224735642129,-7.24247544982651
"Fur_Brown+Mouth_Bored.Unshaven",2,8138,-0.0768339266180587,0.0453660765947372,-0.165751436743744,0.0120835835076262,-7.39563679653127
"Fur_Brown+Mouth_Bored.Unshaven",2,8139,-0.0773988749904366,0.0441474822497942,-0.163927940200033,0.00913019021915999,-7.44793870546792
"Fur_Brown+Mouth_Bored.Unshaven",2,8141,-0.0791948091286014,0.0511127116335925,-0.179375723930443,0.0209861056732399,-7.61400694345925
"Fur_Brown+Mouth_Bored.Unshaven",2,8142,-0.0748755545310632,0.0450436503686885,-0.163161109253693,0.0134100001915663,-7.21410530141091
"Fur_Brown+Mouth_Bored.Unshaven",2,8143,-0.0777608221264847,0.0469956296519113,-0.169872256244231,0.0143506119912614,-7.48143159729503
"Fur_Brown+Mouth_Bored.Unshaven",2,8144,-0.075001756889661,0.045045403895755,-0.163290748525341,0.0132872347460187,-7.22581436129546
"Fur_Brown+Mouth_Bored.Unshaven",2,8145,-0.0778945334254049,0.0491681086338513,-0.174264026347754,0.0184749594969437,-7.49380154823086
"Fur_Brown+Mouth_Bored.Unshaven",2,8146,-0.0749403558604025,0.0456175108523887,-0.164350677131084,0.0144699654102793,-7.22011775592168
"Fur_Brown+Mouth_Bored.Unshaven",2,8147,-0.0746011438065845,0.0488047098595505,-0.170258375131304,0.0210560875181344,-7.18864036305897
"Fur_Brown+Mouth_Bored.Unshaven",2,8148,-0.074654476477293,0.0455949354511225,-0.164020549961493,0.0147115970069071,-7.19359010874774
"Fur_Brown+Mouth_Bored.Unshaven",2,8150,-0.0773622914434028,0.0448296253552549,-0.165228357139702,0.0105037742528968,-7.44455276084591
"Fur_Brown+Mouth_Bored.Unshaven",2,8151,-0.0744132401114067,0.0455708862318764,-0.163732177125884,0.014905696903071,-7.17119912704368
"Fur_Brown+Mouth_Bored.Unshaven",2,8152,-0.0728075030428508,0.0437299112775798,-0.158518129146907,0.0129031230612055,-7.02202074187429
"Fur_Brown+Mouth_Bored.Unshaven",2,8153,-0.077416192426995,0.0438612318042602,-0.163384206763345,0.008551821909355,-7.44954145603992
"Fur_Brown+Mouth_Bored.Unshaven",2,8154,-0.0768750904193362,0.0482638192450169,-0.171472176139569,0.017721995300897,-7.39944866567955
"Fur_Brown+Mouth_Bored.Unshaven",2,8155,-0.0767449154817721,0.0455386165937914,-0.166000604005603,0.0125107730420589,-7.38739361007518
"Fur_Brown+Mouth_Bored.Unshaven",2,8156,-0.0747184583939598,0.0485308570806766,-0.169838938272086,0.0204020214841663,-7.19952785077547
"Fur_Brown+Mouth_Bored.Unshaven",2,8158,-0.0749231591719249,0.0448599874015976,-0.162848734479056,0.0130024161352065,-7.21852223547095
"Fur_Brown+Mouth_Bored.Unshaven",2,8159,-0.0744569604092757,0.0468510052739747,-0.166284930746266,0.0173710099277148,-7.17525754115048
"Fur_Brown+Mouth_Bored.Unshaven",2,8161,-0.0740042841533138,0.0506440021680535,-0.173266528402699,0.0252579600960711,-7.1332284722105
"Fur_Brown+Mouth_Bored.Unshaven",2,8162,-0.077664328969881,0.046771866861114,-0.169337188017664,0.0140085300779025,-7.47250375785462
"Fur_Brown+Mouth_Bored.Unshaven",2,8163,-0.0753610471331203,0.0499937292430286,-0.173348756449456,0.0226266621832157,-7.25914123367175
"Fur_Brown+Mouth_Bored.Unshaven",2,8166,-0.0748196755460478,0.0452457261703609,-0.163501298839955,0.0138619477478595,-7.20892037492854
"Fur_Brown+Mouth_Bored.Unshaven",2,8167,-0.0781995400441518,0.0450699721388798,-0.166536685436356,0.0101376053480527,-7.52201224858989
"Fur_Brown+Mouth_Bored.Unshaven",2,8168,-0.0773484353312802,0.0475870391550294,-0.170619032075138,0.0159221614125774,-7.44327029330643
"Fur_Brown+Mouth_Bored.Unshaven",2,8169,-0.0772686457488197,0.0463532359706883,-0.168120988251369,0.0135836967537293,-7.43588493585584
"Fur_Brown+Mouth_Bored.Unshaven",2,8170,-0.0798312036897283,0.0427734730428239,-0.163667210853663,0.00400480347420661,-7.67278218285975
"Fur_Brown+Mouth_Bored.Unshaven",2,8171,-0.0792462141784654,0.0459734881358981,-0.169354250924826,0.0108618225678949,-7.61875592797712
"Fur_Brown+Mouth_Bored.Unshaven",2,8173,-0.0744464681814856,0.0471985086386307,-0.166955545113202,0.0180626087502306,-7.17428359769864
"Fur_Brown+Mouth_Bored.Unshaven",2,8174,-0.0713562900976238,0.048705777559311,-0.166819614113873,0.0241070339186257,-6.88699194067949
"Fur_Brown+Mouth_Bored.Unshaven",2,8175,-0.0768605146721225,0.0468240873988685,-0.168635725973905,0.0149146966296597,-7.3980989336148
"Fur_Brown+Mouth_Bored.Unshaven",2,8176,-0.0721901386126215,0.0499244415203009,-0.170042043992411,0.0256617667671682,-6.96460172227928
"Fur_Brown+Mouth_Bored.Unshaven",2,8177,-0.0750755618177302,0.0485087049535025,-0.170152623526595,0.0200014998911347,-7.23266130072114
"Fur_Brown+Mouth_Bored.Unshaven",2,8178,-0.0771825852772274,0.0460554093784138,-0.167451187658918,0.0130860171044637,-7.42791848166741
"Fur_Brown+Mouth_Bored.Unshaven",2,8179,-0.0733536069741434,0.0463460925466731,-0.164191948365623,0.0174847344173359,-7.07278252000594
"Fur_Brown+Mouth_Bored.Unshaven",2,8180,-0.074681930211535,0.0493671939845833,-0.171441630421318,0.0220777699982482,-7.19613795628673
"Fur_Brown+Mouth_Bored.Unshaven",2,8181,-0.0769080503591254,0.04655920966804,-0.168164101308484,0.0143480005902331,-7.40250072397788
"Fur_Brown+Mouth_Bored.Unshaven",2,8183,-0.0736339556627354,0.048179562571104,-0.168065898302099,0.0207979869766284,-7.09883089207688
"Fur_Brown+Mouth_Bored.Unshaven",2,8185,-0.0752407948001196,0.0503595667205555,-0.173945545572408,0.0234639559721692,-7.24798825846842
"Fur_Brown+Mouth_Bored.Unshaven",2,8187,-0.0745487989272428,0.0501423396665797,-0.172827784673739,0.0237301868192535,-7.18378203648408
"Fur_Brown+Mouth_Bored.Unshaven",2,8189,-0.0764896460143418,0.0417322991240401,-0.15828495229746,0.00530566026877675,-7.36374942167339
"Fur_Brown+Mouth_Bored.Unshaven",2,8190,-0.0780803140610903,0.0441746731705851,-0.164662673475437,0.00850204535325648,-7.5109858122829
"Fur_Brown+Mouth_Bored.Unshaven",2,8192,-0.0773696181279966,0.049749894117361,-0.174879410598024,0.0201401743420309,-7.44523088293108
"Fur_Brown+Mouth_Bored.Unshaven",2,8193,-0.0733401096396787,0.0441345141126704,-0.159843757300513,0.0131635380211553,-7.07152824180605
"Fur_Brown+Mouth_Bored.Unshaven",2,8194,-0.0765029969847952,0.0491896373583781,-0.172914686207216,0.0199086922376259,-7.36498619726168
"Fur_Brown+Mouth_Bored.Unshaven",2,8195,-0.0778255136347885,0.047762372183207,-0.171439763113874,0.0157887358442973,-7.48741656944059
"Fur_Brown+Mouth_Bored.Unshaven",2,8196,-0.078153516949665,0.0451554504765432,-0.16665819988369,0.0103511659843596,-7.51775602748018
"Fur_Brown+Mouth_Bored.Unshaven",2,8198,-0.0759072875149105,0.0486828547256754,-0.171325682777234,0.0195111077474134,-7.30978620234903
"Fur_Brown+Mouth_Bored.Unshaven",2,8199,-0.0745215200715279,0.0449268221562078,-0.162578091497695,0.0135350513546394,-7.18125008173199
"Fur_Brown+Mouth_Bored.Unshaven",2,8201,-0.0751357691730804,0.0473572338644713,-0.167955947547444,0.0176844092012834,-7.23824640871313
"Fur_Brown+Mouth_Bored.Unshaven",2,8202,-0.0766422180022675,0.0496244210612099,-0.173906083282239,0.0206216472777038,-7.37788204042982
"Fur_Brown+Mouth_Bored.Unshaven",2,8203,-0.0772100390780467,0.0454301083793696,-0.166253051501611,0.0118329733455176,-7.43045990226886
"Fur_Brown+Mouth_Bored.Unshaven",2,8204,-0.079661073015779,0.0475710831203359,-0.172900395931637,0.0135782499000794,-7.65707315481279
"Fur_Brown+Mouth_Bored.Unshaven",2,8206,-0.0749359744866477,0.0517765472049835,-0.176418007008415,0.02654605803512,-7.21971125169012
"Fur_Brown+Mouth_Bored.Unshaven",2,8207,-0.0779636612242821,0.0456772178411387,-0.167491008192914,0.0115636857443498,-7.50019607708994
"Fur_Brown+Mouth_Bored.Unshaven",2,8208,-0.0783733374354665,0.0501296003159234,-0.176627354054676,0.0198806791837433,-7.53808328502257
"Fur_Brown+Mouth_Bored.Unshaven",2,8209,-0.0764274195638118,0.0476305233163408,-0.16978324526384,0.0169284061362162,-7.35798481725591
"Fur_Brown+Mouth_Bored.Unshaven",2,8210,-0.0785915671605411,0.0480824988645519,-0.172833264935063,0.0156501306139807,-7.5582590221343
"Fur_Brown+Mouth_Bored.Unshaven",2,8211,-0.0775928939629038,0.0450286881989598,-0.165849122832865,0.0106633349070575,-7.46589381942728
"Fur_Brown+Mouth_Bored.Unshaven",2,8212,-0.079172522863835,0.0497233601652286,-0.176630308787683,0.0182852630600131,-7.61194798181409
"Fur_Brown+Mouth_Bored.Unshaven",2,8213,-0.0758295551749122,0.0455807567064968,-0.165167838319646,0.0135087279698215,-7.30258089509653
"Fur_Brown+Mouth_Bored.Unshaven",2,8217,-0.0773711766884952,0.0496454403874565,-0.17467623984791,0.0199338864709195,-7.44537513502577
"Fur_Brown+Mouth_Bored.Unshaven",2,8219,-0.0753043034148378,0.0449038088387075,-0.163315768738704,0.0127071619090289,-7.25387862320002
"Fur_Brown+Mouth_Bored.Unshaven",2,8220,-0.0716380633699022,0.0444026464669224,-0.15866725044507,0.0153911237052657,-6.91322500159077
"Fur_Brown+Mouth_Bored.Unshaven",2,8221,-0.0752594210920622,0.0505154192675152,-0.174269642856392,0.0237508006722676,-7.24971586842784
"Fur_Brown+Mouth_Bored.Unshaven",2,8222,-0.07746217647155,0.0491507733959374,-0.173797692327587,0.0188733393844873,-7.45379720260022
"Fur_Brown+Mouth_Bored.Unshaven",2,8224,-0.0791661309879559,0.0434509992779699,-0.164330089572777,0.00599782759686503,-7.61135744696557
"Fur_Brown+Mouth_Bored.Unshaven",2,8225,-0.0778191255021139,0.0468542166076088,-0.169653390053027,0.0140151390487994,-7.48682558489592
"Fur_Brown+Mouth_Bored.Unshaven",2,8227,-0.0764049618613883,0.0476980128242133,-0.169893066996846,0.0170831432740697,-7.35590426708493
"Fur_Brown+Mouth_Bored.Unshaven",2,8228,-0.0760302505294643,0.0455182504292361,-0.165246021370767,0.0131855203118385,-7.32118296975244
"Fur_Brown+Mouth_Bored.Unshaven",2,8231,-0.0767692617183039,0.0444455643800799,-0.16388256790326,0.0103440444666527,-7.38964835104883
"Fur_Brown+Mouth_Bored.Unshaven",2,8233,-0.0750755621698091,0.0472737765184737,-0.167732164146018,0.0175810398063995,-7.23266133338256
"Fur_Brown+Mouth_Bored.Unshaven",2,8234,-0.0780369924958547,0.0499711232004763,-0.175980393968788,0.0199064089770787,-7.50697895663018
"Fur_Brown+Mouth_Bored.Unshaven",2,8235,-0.075803639205027,0.0488630838298997,-0.17157528351163,0.0199680051015764,-7.30017852044478
"Fur_Brown+Mouth_Bored.Unshaven",2,8236,-0.0767009271954936,0.0468615435695121,-0.168549552591737,0.0151476982007501,-7.3833196506297
"Fur_Brown+Mouth_Bored.Unshaven",2,8237,-0.075449300274772,0.0486902773377106,-0.170882243856685,0.0199836433071407,-7.26732554466647
"Fur_Brown+Mouth_Bored.Unshaven",2,8239,-0.0748758216659063,0.0458621552623606,-0.164765645980133,0.0150140026483204,-7.21413008775302
"Fur_Brown+Mouth_Bored.Unshaven",2,8240,-0.0810271539786015,0.0497614629804326,-0.178559621420249,0.0165053134630464,-7.78313494431744
"Fur_Brown+Mouth_Bored.Unshaven",2,8241,-0.0771552517288393,0.0454422585339367,-0.166222078455355,0.0119115749976766,-7.42538812361616
"Fur_Brown+Mouth_Bored.Unshaven",2,8242,-0.0768452885196365,0.049459082815321,-0.173785090837666,0.0200945137983927,-7.3966889522144
"Fur_Brown+Mouth_Bored.Unshaven",2,8244,-0.0756188754593056,0.0508804283723131,-0.175344515069039,0.024106764150428,-7.28304937182641
"Fur_Brown+Mouth_Bored.Unshaven",2,8246,-0.0752990841633935,0.0475386034663004,-0.168474746957342,0.0178765786305554,-7.25339455660883
"Fur_Brown+Mouth_Bored.Unshaven",2,8250,-0.0763142394606566,0.0481975171124814,-0.17078137300112,0.0181528940798068,-7.34749899103878
"Fur_Brown+Mouth_Bored.Unshaven",2,8251,-0.0736816953717239,0.0444023472030711,-0.160710295889743,0.0133469051462954,-7.10326586099187
"Fur_Brown+Mouth_Bored.Unshaven",2,8252,-0.0775901764283425,0.046748748498879,-0.169217723486145,0.0140373706294603,-7.46564235445396
"Fur_Brown+Mouth_Bored.Unshaven",2,8254,-0.0728261898337351,0.0445798501521344,-0.160202696131919,0.0145503164644484,-7.02375818569586
"Fur_Brown+Mouth_Bored.Unshaven",2,8255,-0.0764014069614193,0.0461816570210886,-0.166917454722753,0.0141146407999145,-7.35557492600649
"Fur_Brown+Mouth_Bored.Unshaven",2,8256,-0.0722810155194303,0.0485091173247517,-0.167358885475944,0.0227968544370829,-6.97305610733849
"Fur_Brown+Mouth_Bored.Unshaven",2,8258,-0.0748418584520918,0.0504983883463297,-0.173818699610898,0.0241349827067143,-7.21097872789938
"Fur_Brown+Mouth_Bored.Unshaven",2,8259,-0.0729644329854113,0.045520550628458,-0.162184712217189,0.0162558462463665,-7.03661062599388
"Fur_Brown+Mouth_Bored.Unshaven",2,8260,-0.0747446633336158,0.0494901663854988,-0.171745389449194,0.0222560627819619,-7.20195964968547
"Fur_Brown+Mouth_Bored.Unshaven",2,8261,-0.0750666666502877,0.0395396403524105,-0.152564361741012,0.00243102844043701,-7.23183611604015
"Fur_Brown+Mouth_Bored.Unshaven",2,8262,-0.0731596374902501,0.0471846369380926,-0.165641525888912,0.0193222509084115,-7.05475572732439
"Fur_Brown+Mouth_Bored.Unshaven",2,8263,-0.0737935014709562,0.0452256098137024,-0.162435696705813,0.0148486937639004,-7.11365170185638
"Fur_Brown+Mouth_Bored.Unshaven",2,8264,-0.073502662604924,0.049120632508222,-0.169779102321039,0.0227737771111911,-7.0866328127664
"Fur_Brown+Mouth_Bored.Unshaven",2,8266,-0.077652108605315,0.0501269333560155,-0.175900897983105,0.0205966807724753,-7.47137303120923
"Fur_Brown+Mouth_Bored.Unshaven",2,8267,-0.0781746723846234,0.0497619878946356,-0.175708168658109,0.0193588238888623,-7.51971250888217
"Fur_Brown+Mouth_Bored.Unshaven",2,8269,-0.0771597737061036,0.0436092315419231,-0.162633867528273,0.00831432011606573,-7.42580674295983
"Fur_Brown+Mouth_Bored.Unshaven",2,8271,-0.0709276856659328,0.0481103487660344,-0.16522396924736,0.0233685979154947,-6.84707473904348
"Fur_Brown+Mouth_Bored.Unshaven",2,8272,-0.0740891217442154,0.0510250165137354,-0.174098154111137,0.025919910622706,-7.14110673119075
"Fur_Brown+Mouth_Bored.Unshaven",2,8273,-0.0744558317010773,0.0503031976198392,-0.173050099035962,0.0241384356338076,-7.17515276904352
"Fur_Brown+Mouth_Bored.Unshaven",2,8274,-0.0728125669201143,0.0440491548540335,-0.15914891043402,0.0135237765937914,-7.02249156975735
"Fur_Brown+Mouth_Bored.Unshaven",2,8275,-0.0778808308356666,0.0456638311978995,-0.16738193998355,0.0116202783122164,-7.49253396506066
"Fur_Brown+Mouth_Bored.Unshaven",2,8276,-0.0766159079525957,0.0488922485569612,-0.17244471512424,0.0192128992190482,-7.37544511584793
"Fur_Brown+Mouth_Bored.Unshaven",2,8277,-0.0753041041549353,0.0418146257705706,-0.157260770665254,0.006652562355383,-7.25386014261507
"Fur_Brown+Mouth_Bored.Unshaven",2,8278,-0.074982666729621,0.0433757462601389,-0.159999129399493,0.0100337959402513,-7.22404327033886
"Fur_Brown+Mouth_Bored.Unshaven",2,8281,-0.0755916824083976,0.0485557060306641,-0.170760866228499,0.0195775014117041,-7.2805280807873
"Fur_Brown+Mouth_Bored.Unshaven",2,8282,-0.0818497312255902,0.0464688177639841,-0.172928614042999,0.00922915159181852,-7.85895924935139
"Fur_Brown+Mouth_Bored.Unshaven",2,8283,-0.0748330121941676,0.0475444325591038,-0.168020100010011,0.0183540756216759,-7.21015788865399
"Fur_Brown+Mouth_Bored.Unshaven",2,8284,-0.0733178070458001,0.0439638130236026,-0.159486880572061,0.012851266480461,-7.06945567272892
"Fur_Brown+Mouth_Bored.Unshaven",2,8285,-0.0772078870352431,0.0467505602233531,-0.168838985073015,0.0144232110025289,-7.4302606884419
"Fur_Brown+Mouth_Bored.Unshaven",2,8288,-0.076660043845363,0.0416952911643797,-0.158382814527547,0.00506272683682125,-7.379533093056
"Fur_Brown+Mouth_Bored.Unshaven",2,8290,-0.0748274890963119,0.0462460166967413,-0.165469681821925,0.015814703629301,-7.20964539986073
"Fur_Brown+Mouth_Bored.Unshaven",2,8292,-0.0730474953203225,0.0470352129832256,-0.165236512767445,0.0191415221267997,-7.04433206149186
"Fur_Brown+Mouth_Bored.Unshaven",2,8293,-0.0748434546746301,0.0474519138316026,-0.167849205784571,0.018162296435311,-7.21112683970823
"Fur_Brown+Mouth_Bored.Unshaven",2,8294,-0.0748783109446243,0.0455222799368549,-0.16410197962086,0.0143453577316114,-7.21436105735684
"Fur_Brown+Mouth_Bored.Unshaven",2,8295,-0.0746789228951059,0.049189217502393,-0.171089789199796,0.0217319434095843,-7.19585886528806
"Fur_Brown+Mouth_Bored.Unshaven",2,8296,-0.0760454087365617,0.0434583308280487,-0.161223737159537,0.00913291968641375,-7.32258780380711
"Fur_Brown+Mouth_Bored.Unshaven",2,8297,-0.070863564617179,0.048794916629648,-0.166501601211289,0.0247744719769311,-6.84110148427763
"Fur_Brown+Mouth_Bored.Unshaven",2,8298,-0.0794334650199046,0.0484535943856595,-0.174402510015797,0.015535579975988,-7.63605277418776
"Fur_Brown+Mouth_Bored.Unshaven",2,8300,-0.0766586170531582,0.0470173292743952,-0.168812582430973,0.0154953483246564,-7.37940094280153
"Fur_Brown+Mouth_Bored.Unshaven",2,8301,-0.0755688130248408,0.0443857320878606,-0.162564847917048,0.0114272218673661,-7.27840761937406
"Fur_Brown+Mouth_Bored.Unshaven",2,8304,-0.0746104586558437,0.0454778936255784,-0.163747130161978,0.01452621285029,-7.18950488285709
"Fur_Brown+Mouth_Bored.Unshaven",2,8308,-0.0756639201641437,0.0458617555248573,-0.165552960992864,0.0142251206645765,-7.28722568543984
"Fur_Brown+Mouth_Bored.Unshaven",2,8310,-0.0766821902749064,0.0442332156329834,-0.163379292915554,0.010014912365741,-7.38158428298727
"Fur_Brown+Mouth_Bored.Unshaven",2,8312,-0.0782038241707636,0.0495785966465808,-0.175377873598062,0.0189702252565348,-7.52240843514957
"Fur_Brown+Mouth_Bored.Unshaven",2,8313,-0.0726971473669019,0.0470994541593647,-0.165012077519257,0.0196177827854529,-7.01175952794371
"Fur_Brown+Mouth_Bored.Unshaven",2,8314,-0.0752471531469758,0.046010833304896,-0.165428386424572,0.0149340801306203,-7.24857800605577
"Fur_Brown+Mouth_Bored.Unshaven",2,8315,-0.0764831163853212,0.0416285090231048,-0.158074994070607,0.00510876129996418,-7.36314453934843
"Fur_Brown+Mouth_Bored.Unshaven",2,8316,-0.0754319088482837,0.0453325934159689,-0.164283791943583,0.0134199742470153,-7.26571277715149
"Fur_Brown+Mouth_Bored.Unshaven",2,8317,-0.0763772350875172,0.046786240881724,-0.168078267215696,0.0153237970406619,-7.35333550958054
"Fur_Brown+Mouth_Bored.Unshaven",2,8318,-0.0758322409833213,0.0448470580870368,-0.163732474833913,0.0120679928672708,-7.30282986226992
"Fur_Brown+Mouth_Bored.Unshaven",2,8319,-0.075868703898196,0.0461279099764831,-0.166279407452103,0.0145419996557109,-7.30620980967204
"Fur_Brown+Mouth_Bored.Unshaven",2,8320,-0.0739654472147757,0.0443372532168416,-0.160866463519785,0.0129355690902337,-7.1296217410757
"Fur_Brown+Mouth_Bored.Unshaven",2,8321,-0.0795717620349434,0.0495660048397931,-0.176721131520938,0.0175776074510512,-7.64882554914761
"Fur_Brown+Mouth_Bored.Unshaven",2,8323,-0.0736308244069699,0.0466966896223478,-0.165156336066772,0.0178946872528318,-7.09853999430005
"Fur_Brown+Mouth_Bored.Unshaven",2,8325,-0.0777120061395943,0.045889946576398,-0.167656301429334,0.0122322891501458,-7.47691510183507
"Fur_Brown+Mouth_Bored.Unshaven",2,8327,-0.0755041074624902,0.047391836347554,-0.168392106703696,0.0173838917787157,-7.272407822489
"Fur_Brown+Mouth_Bored.Unshaven",2,8328,-0.0782275249294385,0.0426109124431649,-0.161744913318042,0.00528986345916471,-7.52460019825676
"Fur_Brown+Mouth_Bored.Unshaven",2,8330,-0.0766604965238083,0.0471478096961285,-0.16907020352822,0.0157492104806036,-7.37957502033547
"Fur_Brown+Mouth_Bored.Unshaven",2,8332,-0.0756042725532139,0.0445410281162924,-0.162904687661147,0.0116961425547192,-7.28169542501752
"Fur_Brown+Mouth_Bored.Unshaven",2,8333,-0.074869858109735,0.0465173147536665,-0.166043795026921,0.0163040788074513,-7.21357675235598
"Fur_Brown+Mouth_Bored.Unshaven",2,8334,-0.0756667257266438,0.0434269493352003,-0.160783546423637,0.00945009497034884,-7.28748579655785
"Fur_Brown+Mouth_Bored.Unshaven",2,8335,-0.0724942137958931,0.0450982905328209,-0.160886863240222,0.0158984356484358,-6.99288717739092
"Fur_Brown+Mouth_Bored.Unshaven",2,8338,-0.0748653845813356,0.0478841319656637,-0.168718283234037,0.0189875140713653,-7.21316166872805
"Fur_Brown+Mouth_Bored.Unshaven",2,8339,-0.0699426853746049,0.0463624348062402,-0.160813057594836,0.0209276868456258,-6.75527387600727
"Fur_Brown+Mouth_Bored.Unshaven",2,8340,-0.0732327218758748,0.0460410718598746,-0.163473222721229,0.0170077789694795,-7.06154832517934
"Fur_Brown+Mouth_Bored.Unshaven",2,8341,-0.0766938201912072,0.0461068222466204,-0.167063191794583,0.0136755514121688,-7.38266142114645
"Fur_Brown+Mouth_Bored.Unshaven",2,8342,-0.0795176134151824,0.0444908532277665,-0.166719685741605,0.00768445891123994,-7.64382472512516
"Fur_Brown+Mouth_Bored.Unshaven",2,8343,-0.0767077047199249,0.0480357603225926,-0.170857794952206,0.0174423855123567,-7.38394736031636
"Fur_Brown+Mouth_Bored.Unshaven",2,8347,-0.0780614622760611,0.0435734491949786,-0.163465422698219,0.00734249814609705,-7.50924221283493
"Fur_Brown+Mouth_Bored.Unshaven",2,8348,-0.0769250002648656,0.0426258420336333,-0.160471650650787,0.0066216501210556,-7.40407022956085
"Fur_Brown+Mouth_Bored.Unshaven",2,8350,-0.0746531081045297,0.0500966742786428,-0.17284258969067,0.0235363734816102,-7.19346311489729
"Fur_Brown+Mouth_Bored.Unshaven",2,8352,-0.0831282774323301,0.0398134946962426,-0.161162727036966,-0.00509382782769474,-7.97669054899717
"Fur_Brown+Mouth_Bored.Unshaven",2,8353,-0.0787424784855977,0.0462465609392129,-0.169385737926455,0.0119007809552597,-7.57220847516411
"Fur_Brown+Mouth_Bored.Unshaven",2,8354,-0.0743962832677951,0.0487503419484727,-0.169946953486801,0.0211543869512113,-7.1696250302388
"Fur_Brown+Mouth_Bored.Unshaven",2,8355,-0.0734280048905257,0.0433048927218938,-0.158305594625437,0.011449584844386,-7.07969585418964
"Fur_Brown+Mouth_Bored.Unshaven",2,8356,-0.0771909674193541,0.0460686465353058,-0.167485514628554,0.0131035797898453,-7.4286944307596
"Fur_Brown+Mouth_Bored.Unshaven",2,8357,-0.0747875277676648,0.045589690516952,-0.164143321180891,0.0145682656455612,-7.20593729991547
"Fur_Brown+Mouth_Bored.Unshaven",2,8359,-0.076173536881947,0.0460614555578461,-0.166453989775325,0.0141069160114314,-7.33446162804914
"Fur_Brown+Mouth_Bored.Unshaven",2,8361,-0.0766562650129244,0.0460737507872036,-0.166960816555843,0.0136482865299947,-7.37918309516987
"Fur_Brown+Mouth_Bored.Unshaven",2,8362,-0.077447345483994,0.0484045413952509,-0.172320246618686,0.0174255556506978,-7.45242464083998
"Fur_Brown+Mouth_Bored.Unshaven",2,8363,-0.075814793174199,0.0461881317504972,-0.166343531405174,0.0147139450567756,-7.30121248562939
"Fur_Brown+Mouth_Bored.Unshaven",2,8364,-0.0782670489136922,0.0474495279480315,-0.171268123691834,0.0147340258644495,-7.52825512227333
"Fur_Brown+Mouth_Bored.Unshaven",2,8365,-0.0760861088716772,0.0466513442943569,-0.167522743688617,0.0153505259452624,-7.32635971024658
"Fur_Brown+Mouth_Bored.Unshaven",2,8366,-0.0753976255329423,0.0463114571479652,-0.166168081542954,0.0153728304770695,-7.26253348384163
"Fur_Brown+Mouth_Bored.Unshaven",2,8367,-0.0762617343571086,0.0446978312828229,-0.163869483671441,0.0113460149572242,-7.34263413416554
"Fur_Brown+Mouth_Bored.Unshaven",2,8368,-0.0755863618939009,0.0423538682849894,-0.15859994373248,0.00742721994467835,-7.28003476418048
"Fur_Brown+Mouth_Bored.Unshaven",2,8369,-0.0782419293566563,0.0452724033652064,-0.166975839952461,0.0104919812391482,-7.52593224382894
"Fur_Brown+Mouth_Bored.Unshaven",2,8387,-0.076999150465072,0.0436025964171326,-0.162460239442652,0.00846193851250782,-7.41093598174004
"Fur_Brown+Mouth_Bored.Unshaven",2,8389,-0.0769284042718007,0.0491905972362439,-0.173341974854839,0.0194851663112373,-7.40438542621149
"Fur_Brown+Mouth_Bored.Unshaven",2,8390,-0.0775703193399042,0.0448069007533255,-0.165391844816422,0.0102512061366139,-7.46380487328716
"Fur_Brown+Mouth_Bored.Unshaven",2,8391,-0.0792844916076388,0.0483611592817053,-0.174072363799781,0.0155033805845037,-7.62229197682818
"Fur_Brown+Mouth_Bored.Unshaven",2,8392,-0.075830921836654,0.0515377911635965,-0.176844992517303,0.0251831488439951,-7.30270758102621
"Fur_Brown+Mouth_Bored.Unshaven",2,8395,-0.0758199193474038,0.0488735098412894,-0.171611998636331,0.0199721599415234,-7.30168767445212
"Fur_Brown+Mouth_Bored.Unshaven",2,8396,-0.077159302682495,0.0461965957846328,-0.167704630420375,0.0133860250553853,-7.42576313831899
"Fur_Brown+Mouth_Bored.Unshaven",2,8399,-0.0761019708757144,0.0435686226029696,-0.161496471177535,0.00929252942610605,-7.32782968824457
"Fur_Brown+Mouth_Bored.Unshaven",2,8401,-0.0750903678540229,0.0462594197698604,-0.165758830602949,0.0155780948949035,-7.23403480713658
"Fur_Brown+Mouth_Bored.Unshaven",2,8404,-0.0769370982109736,0.0461520219605521,-0.167395061253656,0.0135208648317086,-7.40519044335288
"Fur_Brown+Mouth_Bored.Unshaven",2,8405,-0.0740148792367708,0.0424403259880893,-0.157197918173426,0.00916815969988422,-7.13421239819282
"Fur_Brown+Mouth_Bored.Unshaven",2,8406,-0.0764440869883661,0.0450971246456201,-0.164834451293782,0.0119462773170493,-7.3595289081865
"Fur_Brown+Mouth_Bored.Unshaven",2,8407,-0.0755856560955007,0.0460707320219784,-0.165884290858578,0.0147129786675769,-7.27996932255426
"Fur_Brown+Mouth_Bored.Unshaven",2,8410,-0.0753930776620941,0.0482410837825697,-0.169945601875931,0.0191594465517424,-7.26211172486208
"Fur_Brown+Mouth_Bored.Unshaven",2,8411,-0.076011360787452,0.0472434792829323,-0.168608580181999,0.0165858586070952,-7.31943227427369
"Fur_Brown+Mouth_Bored.Unshaven",2,8412,-0.0731048526187003,0.0510835410648871,-0.173228593105879,0.0270188878684784,-7.0496635945711
"Fur_Brown+Mouth_Bored.Unshaven",2,8414,-0.0783920145646812,0.0459757511416543,-0.168504486802324,0.0117204576729613,-7.53981019206161
"Fur_Brown+Mouth_Bored.Unshaven",2,8415,-0.0744527170019783,0.042188817279716,-0.157142798870222,0.00823736486626511,-7.17486364712523
"Fur_Brown+Mouth_Bored.Unshaven",2,8416,-0.0771294281411863,0.0475351949881537,-0.170298410317967,0.0160395540355949,-7.42299748414462
"Fur_Brown+Mouth_Bored.Unshaven",2,8417,-0.0786077742324856,0.0455603658599723,-0.167906091318031,0.0106905428530602,-7.55975721994027
"Fur_Brown+Mouth_Bored.Unshaven",2,8418,-0.0790604479025727,0.0447380056447995,-0.16674693896638,0.00862604316123443,-7.6015930142076
"Fur_Brown+Mouth_Bored.Unshaven",2,8419,-0.0757957409578017,0.0501081046492907,-0.174007626070411,0.022416144154808,-7.29944635144557
"Fur_Brown+Mouth_Bored.Unshaven",2,8420,-0.0742981099591104,0.0500649712319612,-0.172425453573754,0.0238292336555335,-7.16051111781744
"Fur_Brown+Mouth_Bored.Unshaven",2,8422,-0.075148834276126,0.0439628967131918,-0.161316111833982,0.01101844328173,-7.23945834266545
"Fur_Brown+Mouth_Bored.Unshaven",2,8425,-0.0747931200154635,0.0473772244998981,-0.167652480035264,0.0180662400043369,-7.20645622585736
"Fur_Brown+Mouth_Bored.Unshaven",2,8427,-0.0721487823606782,0.0469394231145057,-0.164150051665109,0.0198524869437529,-6.96075404734631
"Fur_Brown+Mouth_Bored.Unshaven",2,8428,-0.0747042602828084,0.043282535661521,-0.15953803017939,0.0101295096137727,-7.19821025000329
"Fur_Brown+Mouth_Bored.Unshaven",2,8429,-0.0747546761239804,0.0460598353123561,-0.165031953336198,0.0155226010882376,-7.20288881235798
"Fur_Brown+Mouth_Bored.Unshaven",2,8431,-0.0755015129103361,0.0484946802561344,-0.17055108621236,0.0195480603916873,-7.27216723560288
"Fur_Brown+Mouth_Bored.Unshaven",2,8434,-0.0746546406056309,0.0484417164035388,-0.169600404756567,0.0202911235453051,-7.19360534090829
"Fur_Brown+Mouth_Bored.Unshaven",2,8436,-0.0742859132004385,0.048657688179281,-0.169654982031829,0.0210831556309522,-7.15937877007085
"Fur_Brown+Mouth_Bored.Unshaven",2,8437,-0.0779844598022175,0.0527207119682645,-0.181317055260016,0.025348135655581,-7.50211992146415
"Fur_Brown+Mouth_Bored.Unshaven",2,8438,-0.0775900390096856,0.0457034466346314,-0.167168794413563,0.011988716394192,-7.46562963850594
"Fur_Brown+Mouth_Bored.Unshaven",2,8440,-0.0752664667247565,0.0457952636453124,-0.165025183469569,0.0144922500200557,-7.25036935056003
"Fur_Brown+Mouth_Bored.Unshaven",2,8441,-0.0797046602704801,0.0480796810741626,-0.173940835175839,0.0145315146348786,-7.66109804176751
"Fur_Brown+Mouth_Bored.Unshaven",2,8442,-0.0752386970424213,0.0509199693800714,-0.175041837027361,0.0245644429425186,-7.24779368701767
"Fur_Brown+Mouth_Bored.Unshaven",2,8445,-0.0779117037553436,0.0470019958628563,-0.170035615646542,0.0142122081358547,-7.49538989654338
"Fur_Brown+Mouth_Bored.Unshaven",2,8446,-0.0786677591530451,0.0476943813273865,-0.172148746554723,0.0148132282486324,-7.56530207425444
"Fur_Brown+Mouth_Bored.Unshaven",2,8447,-0.0770788562144343,0.048752515805646,-0.1726337871935,0.0184760747646317,-7.41831556836873
"Fur_Brown+Mouth_Bored.Unshaven",2,8448,-0.0774465975614737,0.0460696380632757,-0.167743088165494,0.0128498930425466,-7.45235542239828
"Fur_Brown+Mouth_Bored.Unshaven",2,8450,-0.075992256719512,0.0462712609283066,-0.166683928138993,0.014699414699969,-7.31766168149842
"Fur_Brown+Mouth_Bored.Unshaven",2,8451,-0.0716247637587105,0.0476874436672388,-0.165092153346499,0.0218426258290776,-6.91198697544358
"Fur_Brown+Mouth_Bored.Unshaven",2,8452,-0.074164303249333,0.0493048636288444,-0.170801835961868,0.0224732294632021,-7.14808774012559
"Fur_Brown+Mouth_Bored.Unshaven",2,8454,-0.0749371366368067,0.0455129383516468,-0.164142495806034,0.0142682225324209,-7.2198190762548
"Fur_Brown+Mouth_Bored.Unshaven",2,8455,-0.0756383581871648,0.045983126860453,-0.165765286833653,0.0144885704593231,-7.28485573334694
"Fur_Brown+Mouth_Bored.Unshaven",2,8456,-0.0765125306598077,0.0440186671800363,-0.162789118332679,0.00976405701306345,-7.36586934516822
"Fur_Brown+Mouth_Bored.Unshaven",2,8460,-0.0766932056004446,0.041598416872939,-0.158226102671405,0.00483969147051581,-7.38260449936822
"Fur_Brown+Mouth_Bored.Unshaven",2,8462,-0.0717555280991539,0.0469383769508582,-0.163754746922836,0.0202436907245282,-6.92415877223409
"Fur_Brown+Mouth_Bored.Unshaven",2,8463,-0.0749679855711706,0.04446702759972,-0.162123359666622,0.0121873885242805,-7.22268120181939
"Fur_Brown+Mouth_Bored.Unshaven",2,8464,-0.0787370797905376,0.0456699521228155,-0.168250185951256,0.0107760263701809,-7.57170948435564
"Fur_Brown+Mouth_Bored.Unshaven",2,8465,-0.0754106008223397,0.0427090484016779,-0.159120335689628,0.00829913404494896,-7.26373677150114
"Fur_Brown+Mouth_Bored.Unshaven",2,8466,-0.0767491084459931,0.048211370754839,-0.171243395125477,0.0177451782334913,-7.38778193060607
"Fur_Brown+Mouth_Bored.Unshaven",2,8467,-0.0755589515649819,0.0465051632904036,-0.166709071614173,0.0155911684842093,-7.27749324460422
"Fur_Brown+Mouth_Bored.Unshaven",2,8469,-0.075583256799226,0.0476926284164745,-0.169060808495516,0.0178942948970639,-7.27974685946319
"Fur_Brown+Mouth_Bored.Unshaven",2,8472,-0.0725071655577793,0.0458018413507835,-0.162278774605315,0.0172644434897563,-6.99409177556907
"Fur_Brown+Mouth_Bored.Unshaven",2,8473,-0.0770089466353371,0.0466542608701016,-0.168451297940736,0.0144334046700621,-7.41184299553321
"Fur_Brown+Mouth_Bored.Unshaven",2,8474,-0.0769090137521869,0.0501687420465365,-0.175239748163398,0.0214217206590247,-7.40258993172321
"Fur_Brown+Mouth_Bored.Unshaven",2,8475,-0.0778373820908125,0.044252691303775,-0.164572657046211,0.00889789286458648,-7.48851454445305
"Fur_Brown+Mouth_Bored.Unshaven",2,8476,-0.0759580384561126,0.049294268883782,-0.172574805468325,0.0206587285561001,-7.31449019857235
"Fur_Brown+Mouth_Bored.Unshaven",2,8477,-0.0744687856782295,0.0453405687606282,-0.163336300449061,0.0143987290926018,-7.17635521220549
"Fur_Brown+Mouth_Bored.Unshaven",2,8478,-0.0766909464037098,0.046879104844803,-0.168573991899524,0.015192099092104,-7.38239525821436
"Fur_Brown+Mouth_Bored.Unshaven",2,8481,-0.0752681486585631,0.0474784380337957,-0.168325887204803,0.0177895898876765,-7.25052534916817
"Fur_Brown+Mouth_Bored.Unshaven",2,8483,-0.0793149655990276,0.0436565311868119,-0.164881766725179,0.00625183552712366,-7.6251070514135
"Fur_Brown+Mouth_Bored.Unshaven",2,8484,-0.0760151541109968,0.0485766190479698,-0.171225327445018,0.0191950192230239,-7.31978384098658
"Fur_Brown+Mouth_Bored.Unshaven",2,8485,-0.0758987628243246,0.0433289275486803,-0.160823460819738,0.00902593517108871,-7.30899604358815
"Fur_Brown+Mouth_Bored.Unshaven",2,8486,-0.079064537620646,0.0441481162259994,-0.165594845423605,0.00746577018231288,-7.60197089686988
"Fur_Brown+Mouth_Bored.Unshaven",2,8487,-0.0755231080610547,0.0487239278621147,-0.171022006670799,0.0199757905486901,-7.27416968550555
"Fur_Brown+Mouth_Bored.Unshaven",2,8488,-0.0780710456761672,0.0494734088131593,-0.175038926949959,0.0188968355976251,-7.51012858452569
"Fur_Brown+Mouth_Bored.Unshaven",2,8489,-0.0742661322746838,0.0456253169288561,-0.163691753455242,0.0151594889058742,-7.15754227847158
"Fur_Brown+Mouth_Bored.Unshaven",2,8490,-0.0735944735003171,0.047023907475848,-0.165761332152979,0.018572385152345,-7.09516288061928
"Fur_Brown+Mouth_Bored.Unshaven",2,8491,-0.0687834947805662,0.048688432409917,-0.164212822304003,0.0266458327428711,-6.64712279479301
"Fur_Brown+Mouth_Bored.Unshaven",2,8494,-0.0775762160668963,0.0441022862544067,-0.164016697125534,0.00886426499174094,-7.46435053235791
"Fur_Brown+Mouth_Bored.Unshaven",2,8496,-0.0762039014985475,0.0472775235944426,-0.168867847743655,0.0164600447465599,-7.33727533887504
"Fur_Brown+Mouth_Bored.Unshaven",2,8497,-0.0742612722179982,0.0484937503892126,-0.169309022980855,0.0207864785448586,-7.15709105776774
"Fur_Brown+Mouth_Bored.Unshaven",2,8498,-0.0781901576787276,0.0480972556073557,-0.172460778669145,0.0160804633116896,-7.52114458224474
"Fur_Brown+Mouth_Bored.Unshaven",2,8501,-0.0803672262712807,0.0434966944192149,-0.165620747332942,0.00488629479038051,-7.72225839513351
"Fur_Brown+Mouth_Bored.Unshaven",2,8504,-0.0780751235930388,0.0505538013360241,-0.177160574211646,0.0210103270255684,-7.51050574976376
"Fur_Brown+Mouth_Bored.Unshaven",2,8505,-0.0776630775427039,0.0441895871624421,-0.16427466838109,0.0089485132956826,-7.47238796635874
"Fur_Brown+Mouth_Bored.Unshaven",2,8506,-0.0741923486356565,0.0487864675957896,-0.169813825123404,0.0214291278520911,-7.15069177136009
"Fur_Brown+Mouth_Bored.Unshaven",2,8507,-0.0786660575309102,0.0461935464260231,-0.169205408525915,0.0118732934640951,-7.56514478519259
"Fur_Brown+Mouth_Bored.Unshaven",2,8508,-0.0766094375793204,0.0487576174684525,-0.172174367817487,0.0189554926588464,-7.37484579846448
"Fur_Brown+Mouth_Bored.Unshaven",2,8509,-0.0733172159811302,0.0444879454855828,-0.160513589132872,0.013879157170612,-7.06940074475118
"Fur_Brown+Mouth_Bored.Unshaven",2,8510,-0.0768183075136184,0.0474894552733729,-0.169897639849429,0.0162610248221924,-7.39419038801499
"Fur_Brown+Mouth_Bored.Unshaven",2,8512,-0.0706060911402929,0.0463063006721592,-0.161366440457725,0.0201542581771391,-6.81711245063649
"Fur_Brown+Mouth_Bored.Unshaven",2,8513,-0.0791483283878419,0.0454159927849228,-0.168163674246291,0.00986701747060677,-7.60971267426656
"Fur_Brown+Mouth_Bored.Unshaven",2,8514,-0.0721705995020777,0.0462645554849477,-0.162849128252575,0.0185079292484199,-6.96278387558835
"Fur_Brown+Mouth_Bored.Unshaven",2,8515,-0.0734691028299716,0.0471193806091174,-0.165823088823842,0.0188848831638984,-7.08351460875071
"Fur_Brown+Mouth_Bored.Unshaven",2,8516,-0.0759211393642951,0.0442922361117951,-0.162733922143413,0.0108916434148232,-7.31107012433763
"Fur_Brown+Mouth_Bored.Unshaven",2,8517,-0.077411311726033,0.0443838777341143,-0.164403712084897,0.009581088632831,-7.44908974382554
"Fur_Brown+Mouth_Bored.Unshaven",2,8518,-0.0754641564301147,0.0461031568945221,-0.165826343943378,0.0148980310831486,-7.26870318545028
"Fur_Brown+Mouth_Bored.Unshaven",2,8520,-0.0757023536466307,0.0438095622500945,-0.161569095656816,0.0101643883635546,-7.29078889175412
"Fur_Brown+Mouth_Bored.Unshaven",2,8521,-0.0757302047065911,0.0434662948356082,-0.160924142584383,0.0094637331712009,-7.2933709055955
"Fur_Brown+Mouth_Bored.Unshaven",2,8522,-0.0762691114766549,0.0516523132384285,-0.177507645423975,0.024969422470665,-7.34331767610908
"Fur_Brown+Mouth_Bored.Unshaven",2,8524,-0.0796580131507055,0.0448810262102995,-0.167624824522893,0.00830879822148159,-7.65679059748385
"Fur_Brown+Mouth_Bored.Unshaven",2,8526,-0.0756517939515209,0.0452770231656109,-0.164394759356118,0.0130911714530764,-7.28610142380913
"Fur_Brown+Mouth_Bored.Unshaven",2,8527,-0.0752080026065183,0.0466014896909436,-0.166546922400768,0.0161309171877313,-7.24494666667251
"Fur_Brown+Mouth_Bored.Unshaven",2,8528,-0.0795033274790626,0.0479405380899173,-0.1734667821353,0.0144601271771752,-7.64250532128048
"Fur_Brown+Mouth_Bored.Unshaven",2,8530,-0.0755628244427441,0.0457843822593672,-0.165300213671104,0.0141745647856157,-7.2778523468433
"Fur_Brown+Mouth_Bored.Unshaven",2,8532,-0.0765614280813638,0.0473020599184293,-0.169273465521485,0.0161506093587576,-7.37039880456499
"Fur_Brown+Mouth_Bored.Unshaven",2,8533,-0.0756638772322033,0.0466621402666159,-0.16712167215477,0.0157939176903638,-7.28722170510044
"Fur_Brown+Mouth_Bored.Unshaven",2,8534,-0.0787050838725488,0.0431313607434127,-0.163242550929638,0.0058323831845402,-7.56875210904073
"Fur_Brown+Mouth_Bored.Unshaven",2,8536,-0.0712074091175193,0.0471750102705146,-0.163670429247728,0.0212556110126893,-6.87312815277757
"Fur_Brown+Mouth_Bored.Unshaven",2,8538,-0.079686491106599,0.0438169398365146,-0.165567693186168,0.0061947109729695,-7.65942030588375
"Fur_Brown+Mouth_Bored.Unshaven",2,8539,-0.07146020320995,0.0477641118768697,-0.165077862488615,0.0221574560687146,-6.89666710044828
"Fur_Brown+Mouth_Bored.Unshaven",2,8540,-0.077066364122029,0.0472217541200168,-0.169621002197262,0.015488273953204,-7.41715902218794
"Fur_Brown+Mouth_Bored.Unshaven",2,8541,-0.0776951623399734,0.040262331078132,-0.156609331253112,0.00121900657316537,-7.47535664840764
"Fur_Brown+Mouth_Bored.Unshaven",2,8542,-0.0788389129330582,0.0463474578153371,-0.169679930251119,0.0120021043850026,-7.58112126841275
"Fur_Brown+Mouth_Bored.Unshaven",2,8543,-0.0770231155755663,0.0486717547791011,-0.172419754942604,0.0183735237914719,-7.41315486230183
"Fur_Brown+Mouth_Bored.Unshaven",2,8544,-0.0772917547535121,0.0462519268831119,-0.167945531444411,0.0133620219373872,-7.43802397570957
"Fur_Brown+Mouth_Bored.Unshaven",2,8545,-0.0759053499753331,0.0454128776446203,-0.164914590158789,0.0131038902081226,-7.30960661121738
"Fur_Brown+Mouth_Bored.Unshaven",2,8546,-0.076910167791212,0.0462955922393809,-0.167649528580398,0.0138291929979746,-7.40269679268639
"Fur_Brown+Mouth_Bored.Unshaven",2,8547,-0.0759069860114744,0.0469789899329887,-0.167985806280132,0.0161718342571835,-7.30975825592687
"Fur_Brown+Mouth_Bored.Unshaven",2,8548,-0.0761562199020962,0.0477587570157608,-0.169763383652987,0.0174509438487949,-7.33285692689404
"Fur_Brown+Mouth_Bored.Unshaven",2,8549,-0.0733999861941091,0.0494824356300951,-0.170385560029096,0.0235855876408774,-7.07709231192307
"Fur_Brown+Mouth_Bored.Unshaven",2,8550,-0.0739102068794783,0.0529357490282159,-0.177664274974781,0.0298438612158249,-7.12449140854213
"Fur_Brown+Mouth_Bored.Unshaven",2,8551,-0.07546249588781,0.0433920226516541,-0.160510860285052,0.00958586850943199,-7.2685492010811
"Fur_Brown+Mouth_Bored.Unshaven",2,8556,-0.077556551330272,0.0489313844159852,-0.173462064785603,0.018348962125059,-7.4625308252908
"Fur_Brown+Mouth_Bored.Unshaven",2,8557,-0.0752785790950646,0.0469026907017251,-0.167207852870446,0.0166506946803165,-7.2514927616288
"Fur_Brown+Mouth_Bored.Unshaven",2,8558,-0.0742392584037783,0.0461796940164918,-0.164751458676102,0.0162729418685456,-7.15504720872229
"Fur_Brown+Mouth_Bored.Unshaven",2,8559,-0.0745737735019661,0.0454202357475371,-0.163597435567139,0.0144498885632066,-7.18610005310928
"Fur_Brown+Mouth_Bored.Unshaven",2,8560,-0.0763261545986204,0.0458612316489342,-0.166214168630531,0.0135618594332907,-7.34860295179405
"Fur_Brown+Mouth_Bored.Unshaven",2,8561,-0.0763439562073265,0.0450938262606733,-0.164727855678246,0.0120399432635932,-7.35025228102998
"Fur_Brown+Mouth_Bored.Unshaven",2,8562,-0.079228199455867,0.0445711056748632,-0.166587566578599,0.00813116766686493,-7.61709169050153
"Fur_Brown+Mouth_Bored.Unshaven",2,8563,-0.0726014897671463,0.0435520710643988,-0.157963549053368,0.0127605695190754,-7.00286407060239
"Fur_Brown+Mouth_Bored.Unshaven",2,8567,-0.077866342091268,0.0477033860488529,-0.17136497874702,0.0156322945644838,-7.49119363832051
"Fur_Brown+Mouth_Bored.Unshaven",2,8568,-0.0745382305743861,0.0482201537746767,-0.169049731972752,0.0199732708239803,-7.18280111675847
"Fur_Brown+Mouth_Bored.Unshaven",2,8569,-0.0770132530196574,0.0448678526861518,-0.164954244284515,0.0109277382452002,-7.41224171486226
"Fur_Brown+Mouth_Bored.Unshaven",2,8570,-0.0749263820451401,0.0458371740666846,-0.164767243215842,0.0149144791255617,-7.21882125792865
"Fur_Brown+Mouth_Bored.Unshaven",2,8571,-0.0744637587511682,0.0458966511966477,-0.164421195096598,0.0154936775942614,-7.17588859334074
"Fur_Brown+Mouth_Bored.Unshaven",2,8573,-0.0780842932265038,0.0458807183771755,-0.168010501245768,0.0118419147927602,-7.51135384063706
"Fur_Brown+Mouth_Bored.Unshaven",2,8586,-0.0760027212457691,0.047088101627534,-0.168295400435736,0.0162899579441976,-7.3186315531867
"Fur_Brown+Mouth_Bored.Unshaven",2,8591,-0.076537530549781,0.0470964771478054,-0.168846625759479,0.0157715646599175,-7.36818515929469
"Fur_Brown+Mouth_Bored.Unshaven",2,8592,-0.0748625579121048,0.0450864234615036,-0.163231947896652,0.0135068320724423,-7.21289939065642
"Fur_Brown+Mouth_Bored.Unshaven",2,8593,-0.0747086033240165,0.0497517328865192,-0.172221999781594,0.0228047931335612,-7.19861329112514
"Fur_Brown+Mouth_Bored.Unshaven",2,8594,-0.0764425249629565,0.0480993593856584,-0.170717269358847,0.017832219432934,-7.35938420130366
"Fur_Brown+Mouth_Bored.Unshaven",2,8596,-0.0727846095750898,0.0477206640705584,-0.166317111153384,0.0207478920032046,-7.01989212913808
"Fur_Brown+Mouth_Bored.Unshaven",2,8597,-0.073316852065809,0.0501691885815497,-0.171648461685647,0.0250147575540285,-7.06936692587615
"Fur_Brown+Mouth_Bored.Unshaven",2,8598,-0.0764810618228752,0.0467901957568932,-0.168189845506386,0.0152277218606354,-7.36295421094856
"Fur_Brown+Mouth_Bored.Unshaven",2,8600,-0.0739465027323329,0.0477402929785385,-0.167517476970268,0.0196244715056025,-7.12786234315993
"Fur_Brown+Mouth_Bored.Unshaven",2,8601,-0.0764316669323633,0.0455112359976702,-0.165633689487797,0.0127703556230703,-7.35837830120212
"Fur_Brown+Mouth_Bored.Unshaven",2,8602,-0.0763965439170702,0.0472938989546286,-0.169092585868142,0.016299498034002,-7.35512439096317
"Fur_Brown+Mouth_Bored.Unshaven",2,8604,-0.0724840250506589,0.0437276454701625,-0.158190210172177,0.0132221600708596,-6.99193954678582
"Fur_Brown+Mouth_Bored.Unshaven",2,8605,-0.0778224930308082,0.0476126144584066,-0.171143217369285,0.0154982313076688,-7.48713712514081
"Fur_Brown+Mouth_Bored.Unshaven",2,8606,-0.0742721361040439,0.047968099351019,-0.168289610832041,0.0197453386239534,-7.15809968707182
"Fur_Brown+Mouth_Bored.Unshaven",2,8607,-0.0713030494677264,0.0472627537888048,-0.163938046893784,0.0213319479583309,-6.882034413509
"Fur_Brown+Mouth_Bored.Unshaven",2,8608,-0.0761657678195481,0.0424791891174106,-0.159424978489673,0.00709344285057677,-7.33374170090272
"Fur_Brown+Mouth_Bored.Unshaven",2,8609,-0.0724421250324636,0.0451666324759129,-0.160968724685253,0.0160844746203258,-6.98804242571637
"Fur_Brown+Mouth_Bored.Unshaven",2,8610,-0.0763863126354448,0.0475459025439213,-0.16957628162153,0.016803656350641,-7.35417651030066
"Fur_Brown+Mouth_Bored.Unshaven",2,8611,-0.0731005659452988,0.0444824411781784,-0.160286150654528,0.0140850187639309,-7.04926514598235
"Fur_Brown+Mouth_Bored.Unshaven",2,8613,-0.0779738221191977,0.0474978739606972,-0.171069655082164,0.0151220108437688,-7.50113595310231
"Fur_Brown+Mouth_Bored.Unshaven",2,8614,-0.074503765525781,0.0447279587889028,-0.16217056475203,0.0131630337004685,-7.17960211236097
"Fur_Brown+Mouth_Bored.Unshaven",2,8616,-0.074774662329325,0.0435420403209325,-0.160117061358353,0.0105677366997027,-7.20474345594386
"Fur_Brown+Mouth_Bored.Unshaven",2,8618,-0.0769814146900013,0.0487875357220931,-0.172604984705304,0.0186421553253012,-7.40929382836422
"Fur_Brown+Mouth_Bored.Unshaven",2,8619,-0.0759304814158925,0.0434519566274166,-0.161096316405629,0.00923535357384407,-7.31193602505837
"Fur_Brown+Mouth_Bored.Unshaven",2,8620,-0.0763776654846636,0.0487524588646724,-0.171932484859421,0.0191771538900942,-7.35337538443197
"Fur_Brown+Mouth_Bored.Unshaven",2,8621,-0.0758995581690595,0.0504523015528355,-0.174786069212617,0.0229869528744981,-7.3090697648608
"Fur_Brown+Mouth_Bored.Unshaven",2,8622,-0.0771944720536836,0.0441338571504902,-0.163696832068644,0.00930788796127706,-7.42901885876652
"Fur_Brown+Mouth_Bored.Unshaven",2,8623,-0.0759053756856264,0.0509146641363688,-0.175698117392909,0.0238873660216564,-7.30960899431455
"Fur_Brown+Mouth_Bored.Unshaven",2,8624,-0.0750674287647807,0.04657142285462,-0.166347417559836,0.0162125600302744,-7.2319068159754
"Fur_Brown+Mouth_Bored.Unshaven",2,8625,-0.0698323604051426,0.0451764438660365,-0.158378190382574,0.0187134695722889,-6.74498608695555
"Fur_Brown+Mouth_Bored.Unshaven",2,8627,-0.0801094864583227,0.0464439206050866,-0.171139570844292,0.010920597927647,-7.69847168201226
"Fur_Brown+Mouth_Bored.Unshaven",2,8628,-0.0784966615504452,0.0476555709075398,-0.171901580529223,0.0149082574283328,-7.54948536598046
"Fur_Brown+Mouth_Bored.Unshaven",2,8629,-0.0753960920810164,0.0475481875453052,-0.168590539669815,0.0177983555077819,-7.26239127528596
"Fur_Brown+Mouth_Bored.Unshaven",2,8630,-0.0722900816868967,0.0466570310405297,-0.163737862526335,0.0191576991525416,-6.97389950136752
"Fur_Brown+Mouth_Bored.Unshaven",2,8632,-0.0771736939943056,0.0462783731869081,-0.167879305440646,0.0135319174520343,-7.42709539344082
"Fur_Brown+Mouth_Bored.Unshaven",2,8633,-0.0728657923313771,0.0519055256361057,-0.174600622578144,0.02886903791539,-7.02744020418402
"Fur_Brown+Mouth_Bored.Unshaven",2,8635,-0.0787682311519613,0.0477747448522712,-0.172406731062413,0.0148702687584903,-7.57458870659319
"Fur_Brown+Mouth_Bored.Unshaven",2,8636,-0.0693125113083231,0.0484940347922357,-0.164360819501105,0.0257357968844589,-6.69649494925394
"Fur_Brown+Mouth_Bored.Unshaven",2,8637,-0.0747476592255792,0.0468075670805791,-0.166490490703514,0.0169951722523558,-7.20223766217233
"Fur_Brown+Mouth_Bored.Unshaven",2,8638,-0.0769532267402657,0.0449192196016876,-0.164994897159573,0.0110884436790419,-7.40668384940786
"Fur_Brown+Mouth_Bored.Unshaven",2,8639,-0.0786234194026436,0.042351947890257,-0.161633237267547,0.00438639846226013,-7.5612034519547
"Fur_Brown+Mouth_Bored.Unshaven",2,8640,-0.0780061792063208,0.0488411273207163,-0.173734788754925,0.0177224303422832,-7.5041288984833
"Fur_Brown+Mouth_Bored.Unshaven",2,8642,-0.0768033898968994,0.051527059849857,-0.177796427202619,0.0241896474088203,-7.39280891973716
"Fur_Brown+Mouth_Bored.Unshaven",2,8644,-0.0759773649871577,0.0462039301126214,-0.166537068007896,0.0145823380335803,-7.31628147064538
"Fur_Brown+Mouth_Bored.Unshaven",2,8645,-0.0759170235248897,0.0477755293581106,-0.169557061066786,0.0177230140170069,-7.31068863080252
"Fur_Brown+Mouth_Bored.Unshaven",2,8646,-0.0786475707912067,0.049219472625106,-0.175117737136414,0.0178225955540012,-7.56343595028937
"Fur_Brown+Mouth_Bored.Unshaven",2,8647,-0.072020903510224,0.0417265299213817,-0.153804902156132,0.00976309513568409,-6.94885553475891
"Fur_Brown+Mouth_Bored.Unshaven",2,8648,-0.078301315886844,0.0475982041905756,-0.171593796100372,0.0149911643266841,-7.53142379478163
"Fur_Brown+Mouth_Bored.Unshaven",2,8649,-0.0702991158566441,0.0474923793180912,-0.163384179320103,0.0227859476068146,-6.78850321636056
"Fur_Brown+Mouth_Bored.Unshaven",2,8655,-0.0766174751618327,0.0475255425944369,-0.169767538646929,0.0165325883232635,-7.37559027779218
"Fur_Brown+Mouth_Bored.Unshaven",2,8657,-0.0780603734702285,0.0471286376659009,-0.170432503295394,0.0143117563549372,-7.50914150830357
"Fur_Brown+Mouth_Bored.Unshaven",2,8659,-0.0771444690794309,0.0417342852952698,-0.15894366825816,0.00465473009929786,-7.42438991865054
"Fur_Brown+Mouth_Bored.Unshaven",2,8662,-0.0726901887810091,0.0477052940332089,-0.166192565086098,0.0208121875240802,-7.01111245903403
"Fur_Brown+Mouth_Bored.Unshaven",2,8663,-0.081371659394411,0.0419258496872776,-0.163546324781475,0.000803005992653136,-7.8148986820541
"Fur_Brown+Mouth_Bored.Unshaven",2,8665,-0.0731809197187903,0.0427269249221683,-0.15692569256624,0.0105638531286595,-7.05673378820588
"Fur_Brown+Mouth_Bored.Unshaven",2,8666,-0.0759117908533744,0.0455691857500624,-0.165227394923497,0.0134038132167479,-7.31020361681417
"Fur_Brown+Mouth_Bored.Unshaven",2,8673,-0.0749813971972337,0.0497374446133439,-0.172466788639388,0.0225039942449204,-7.22392548818227
"Fur_Brown+Mouth_Bored.Unshaven",2,8674,-0.0739583898663702,0.043216057737612,-0.15866186303209,0.0107450832993494,-7.12896632014701
"Fur_Brown+Mouth_Bored.Unshaven",2,8675,-0.0763599700177576,0.046507214515167,-0.167514110467485,0.0147941704319698,-7.35173594464685
"Fur_Brown+Mouth_Bored.Unshaven",2,8676,-0.0798150768673201,0.0413251264323711,-0.160812324674767,0.00118217094012726,-7.67129322620853
"Fur_Brown+Mouth_Bored.Unshaven",2,8677,-0.0783843218132405,0.0451182714208924,-0.16681613379819,0.0100474901717085,-7.53909891606743
"Fur_Brown+Mouth_Bored.Unshaven",2,8678,-0.0781444804105345,0.0470322744686227,-0.170327738369035,0.0140387775479659,-7.51692030428763
"Fur_Brown+Mouth_Bored.Unshaven",2,8679,-0.0755523743001673,0.0471706671656266,-0.168006881944795,0.0169021333444608,-7.2768833821174
"Fur_Brown+Mouth_Bored.Unshaven",2,8680,-0.0733242766210495,0.0460566706470596,-0.163595351089286,0.0169467978471873,-7.0700568919336
"Fur_Brown+Mouth_Bored.Unshaven",2,8681,-0.0753659931880746,0.0516135425498382,-0.176528536585757,0.0257965502096083,-7.25959993392135
"Fur_Brown+Mouth_Bored.Unshaven",2,8684,-0.0776002909931399,0.049404836411568,-0.174433770359813,0.0192331883735334,-7.46657829447703
"Fur_Brown+Mouth_Bored.Unshaven",2,8685,-0.0755243707005478,0.0465568598412043,-0.166775815989308,0.0157270745882127,-7.27428676472701
"Fur_Brown+Mouth_Bored.Unshaven",2,8686,-0.0783733669563356,0.0488146922987921,-0.174050163861968,0.0173034299492968,-7.53808601457867
"Fur_Brown+Mouth_Bored.Unshaven",2,8687,-0.0746280748939157,0.0487059533971607,-0.170091743552351,0.0208355937645193,-7.19113984023371
"Fur_Brown+Mouth_Bored.Unshaven",2,8690,-0.0789349835781208,0.0496567694163362,-0.17626225163414,0.0183922844778981,-7.58999958322891
"Fur_Brown+Mouth_Bored.Unshaven",2,8692,-0.0763126280623614,0.049451180644677,-0.173236942125928,0.0206116860012056,-7.34734969083631
"Fur_Brown+Mouth_Bored.Unshaven",2,8693,-0.0808917246302281,0.0433290984897349,-0.165816757670108,0.0040333084096522,-7.77064522865598
"Fur_Brown+Mouth_Bored.Unshaven",2,8694,-0.0735020836111817,0.0452919802301912,-0.162274364862356,0.0152701976399931,-7.08657901649264
"Fur_Brown+Mouth_Bored.Unshaven",2,8696,-0.0735445331858002,0.0463208329002378,-0.164333365670266,0.0172442992986659,-7.0905230679775
"Fur_Brown+Mouth_Bored.Unshaven",2,8697,-0.0731110075827555,0.0527581702426578,-0.176517021258365,0.0302950060928537,-7.05023569878995
"Fur_Brown+Mouth_Bored.Unshaven",2,8698,-0.0794791981629556,0.0464106515816278,-0.170444075262946,0.0114856789370349,-7.64027677120994
"Fur_Brown+Mouth_Bored.Unshaven",2,8699,-0.078762010328327,0.0448031431063514,-0.166576170816776,0.00905215016012169,-7.57401374262183
"Fur_Brown+Mouth_Bored.Unshaven",2,8700,-0.0746495289611984,0.0492368289728501,-0.171153713747985,0.0218546558255878,-7.19313094640527
"Fur_Brown+Mouth_Bored.Unshaven",2,8702,-0.0776072533760178,0.0428216829082595,-0.161537751876206,0.0063232451241708,-7.46722254534519
"Fur_Brown+Mouth_Bored.Unshaven",2,8704,-0.0747542056740047,0.0484851262112967,-0.169785053048146,0.0202766417001368,-7.20284515594901
"Fur_Brown+Mouth_Bored.Unshaven",2,8707,-0.072970658067935,0.0447467977269901,-0.160674381612836,0.0147330654769657,-7.03718932896318
"Fur_Brown+Mouth_Bored.Unshaven",2,8708,-0.0751497199432449,0.0480716900846371,-0.169370232509134,0.0190707926226439,-7.23954049759075
"Fur_Brown+Mouth_Bored.Unshaven",2,8709,-0.0769574487730183,0.0442897680432331,-0.163765394137755,0.00985049659171859,-7.40707478059606
"Fur_Brown+Mouth_Bored.Unshaven",2,8710,-0.073331264981759,0.0436168219159724,-0.158820235937065,0.0121577059735469,-7.07070631762754
"Fur_Brown+Mouth_Bored.Unshaven",2,8712,-0.0763589468247322,0.0492383398976479,-0.172866093024122,0.0201481993746576,-7.35164114754076
"Fur_Brown+Mouth_Bored.Unshaven",2,8713,-0.0728939222787921,0.0455399232492922,-0.162152171847405,0.0163643272898207,-7.03005548061815
"Fur_Brown+Mouth_Bored.Unshaven",2,8714,-0.0787673087096385,0.0408984193698784,-0.1589282106746,0.00139359325532318,-7.57450344944279
"Fur_Brown+Mouth_Bored.Unshaven",2,8715,-0.0732033985387568,0.0461408807199492,-0.163639524749857,0.0172327276723436,-7.05882301967233
"Fur_Brown+Mouth_Bored.Unshaven",2,8716,-0.0743575518629561,0.047856297618737,-0.168155895195681,0.0194407914697684,-7.16602950977516
"Fur_Brown+Mouth_Bored.Unshaven",2,8718,-0.0774641550246281,0.0448170005694052,-0.165305476140662,0.0103771660914062,-7.45398030999349
"Fur_Brown+Mouth_Bored.Unshaven",2,8720,-0.0783863020064308,0.0458056039072914,-0.168165285664722,0.0113926816518603,-7.53928200633285
"Fur_Brown+Mouth_Bored.Unshaven",2,8721,-0.0757866263012049,0.04588626967763,-0.16572371486936,0.0141504622669499,-7.29860141388208
"Fur_Brown+Mouth_Bored.Unshaven",2,8723,-0.0767828261070722,0.0446647929408577,-0.164325820271153,0.010760168057009,-7.39090454534279
"Fur_Brown+Mouth_Bored.Unshaven",2,8724,-0.077896747564328,0.0419966824872041,-0.160210245239248,0.00441675011059195,-7.49400636957873
"Fur_Brown+Mouth_Bored.Unshaven",2,8725,-0.0750097891261453,0.0473813905866557,-0.167877314675991,0.0178577364236999,-7.2265595425014
"Fur_Brown+Mouth_Bored.Unshaven",2,8727,-0.0757955868407497,0.0487059095742636,-0.171259169606306,0.019667995924807,-7.29943206470842
"Fur_Brown+Mouth_Bored.Unshaven",2,8728,-0.0760282408569685,0.0501096672517491,-0.174243188670397,0.0221867069564597,-7.32099671549575
"Fur_Brown+Mouth_Bored.Unshaven",2,8730,-0.0717757054911179,0.0476745416152781,-0.165217807057063,0.0216663960748272,-6.9260367810182
"Fur_Brown+Mouth_Bored.Unshaven",2,8732,-0.0746068101604629,0.0500444099658723,-0.172693853693573,0.0234802333726468,-7.18916626357663
"Fur_Brown+Mouth_Bored.Unshaven",2,8734,-0.0748346865403701,0.0460660125370769,-0.165124071113041,0.0154546980323007,-7.2103132508437
"Fur_Brown+Mouth_Bored.Unshaven",2,8735,-0.0758842658282669,0.0456894632054948,-0.165435613711037,0.013667082054503,-7.30765229272905
"Fur_Brown+Mouth_Bored.Unshaven",2,8736,-0.0739870577614363,0.0485085023479622,-0.169063722363442,0.0210896068405696,-7.13162869903264
"Fur_Brown+Mouth_Bored.Unshaven",2,8737,-0.0770700684494449,0.0461536218040117,-0.167531167185308,0.0133910302864181,-7.4175019787088
"Fur_Brown+Mouth_Bored.Unshaven",2,8738,-0.0728980185553779,0.0489346624001002,-0.168809956859574,0.0230139197488186,-7.03043631044508
"Fur_Brown+Mouth_Bored.Unshaven",2,8739,-0.0739490818131177,0.0469032497493141,-0.165879451321773,0.0179812876955381,-7.12810186759673
"Fur_Brown+Mouth_Bored.Unshaven",2,8740,-0.0747304222607517,0.0483177790704513,-0.169433269238836,0.0199724247173329,-7.20063809662105
"Fur_Brown+Mouth_Bored.Unshaven",2,8742,-0.0721658960287485,0.0469460407296128,-0.16418013585879,0.0198483438012926,-6.96234627649457
"Fur_Brown+Mouth_Bored.Unshaven",2,8746,-0.0747206567440921,0.0461360974392241,-0.165147407724971,0.0157060942367872,-7.19973185848145
"Fur_Brown+Mouth_Bored.Unshaven",2,8749,-0.075159179491826,0.0469433256255962,-0.167168097717995,0.0168497387343426,-7.24041796551359
"Fur_Brown+Mouth_Bored.Unshaven",2,8753,-0.0750418108534509,0.0429411964159832,-0.159206555828778,0.00912293412187615,-7.22953026074891
"Fur_Brown+Mouth_Bored.Unshaven",2,8754,-0.0713262067078308,0.0468794501740267,-0.163209929048923,0.0205575156332615,-6.88419074362869
"Fur_Brown+Mouth_Bored.Unshaven",2,8755,-0.0743690214418626,0.0496197628429654,-0.171623756614075,0.0228857137303495,-7.16709427021872
"Fur_Brown+Mouth_Bored.Unshaven",2,8756,-0.077051875335679,0.0445385239001335,-0.164347382179941,0.0102436315085826,-7.41581759946757
"Fur_Brown+Mouth_Bored.Unshaven",2,8757,-0.0769842069100107,0.0459857958911671,-0.167116366856698,0.0131479530366769,-7.40955236162573
"Fur_Brown+Mouth_Bored.Unshaven",2,8760,-0.0766936270843178,0.0458410624076016,-0.166542109403217,0.0131548552345814,-7.38264353609857
"Fur_Brown+Mouth_Bored.Unshaven",2,8761,-0.0763872791517824,0.0501682345628616,-0.174717018894991,0.0219424605914263,-7.3542660539594
"Fur_Brown+Mouth_Bored.Unshaven",2,8762,-0.0783237184920064,0.0425908425814974,-0.161801769951741,0.00515433296772848,-7.53349530858055
"Fur_Brown+Mouth_Bored.Unshaven",2,8763,-0.0721576999459224,0.0482806459717915,-0.166787766050634,0.022472366158789,-6.96158372905376
"Fur_Brown+Mouth_Bored.Unshaven",2,8764,-0.0734664626991448,0.0460297590173246,-0.163684790373101,0.0167518649748114,-7.08326929674948
"Fur_Brown+Mouth_Bored.Unshaven",2,8765,-0.073450872456577,0.0519240784353364,-0.175222066189836,0.0283203212766823,-7.08182069108718
"Fur_Brown+Mouth_Bored.Unshaven",2,8766,-0.078025025566166,0.0481895520856941,-0.172476547654127,0.0164264965217946,-7.50587209252779
"Fur_Brown+Mouth_Bored.Unshaven",2,8767,-0.0757712993672363,0.0441213912194617,-0.162249226157381,0.0107066274229085,-7.29718057477863
"Fur_Brown+Mouth_Bored.Unshaven",2,8770,-0.0798072766467213,0.0435983421185866,-0.165260027199151,0.00564547390570845,-7.67057303911929
"Fur_Brown+Mouth_Bored.Unshaven",2,8773,-0.0764109681815782,0.049150786447444,-0.172746509618568,0.0199245732554121,-7.3564607155165
"Fur_Brown+Mouth_Bored.Unshaven",2,8777,-0.0740546898684887,0.0489424367727973,-0.169981865943171,0.021872486206194,-7.13790937027236
"Fur_Brown+Mouth_Bored.Unshaven",2,8779,-0.0765036220144188,0.0432707720154046,-0.161314335164612,0.00830709113577424,-7.3650440968714
"Fur_Brown+Mouth_Bored.Unshaven",2,8780,-0.0750685439396745,0.0513344570606735,-0.175684079778594,0.0255469918992455,-7.23201026856617
"Fur_Brown+Mouth_Bored.Unshaven",2,8781,-0.0741549061768461,0.0483275203718437,-0.16887684610566,0.0205670337519675,-7.14721519987588
"Fur_Brown+Mouth_Bored.Unshaven",2,8782,-0.0752011513474926,0.0473646342958267,-0.168035834567313,0.0176335318723278,-7.24431117559923
"Fur_Brown+Mouth_Bored.Unshaven",2,8783,-0.07622669279515,0.0472135804944234,-0.16876531056422,0.0163119249739199,-7.33938721845045
"Fur_Brown+Mouth_Bored.Unshaven",2,8786,-0.0769899368892539,0.0520179215472434,-0.178945063121851,0.0249651893433431,-7.41008290144882
"Fur_Brown+Mouth_Bored.Unshaven",2,8788,-0.074657880555184,0.0471283570529429,-0.167029460378952,0.0177136992685842,-7.19390602845809
"Fur_Brown+Mouth_Bored.Unshaven",2,8789,-0.0733935296574232,0.0503347788368445,-0.172049696177638,0.0252626368627921,-7.07649234982379
"Fur_Brown+Mouth_Bored.Unshaven",2,8790,-0.0748966876148861,0.0447183611695087,-0.162544675507123,0.012751300277351,-7.21606613278187
"Fur_Brown+Mouth_Bored.Unshaven",2,8792,-0.0788064760081546,0.0490813801069778,-0.175005981017831,0.0173930290015218,-7.57812343556369
"Fur_Brown+Mouth_Bored.Unshaven",2,8794,-0.0738257702887558,0.0439723156358319,-0.160011508934986,0.0123599683574747,-7.11664898614601
"Fur_Brown+Mouth_Bored.Unshaven",2,8797,-0.0730780158664025,0.0473637518082105,-0.165910969410495,0.01975493767769,-7.04716907594475
"Fur_Brown+Mouth_Bored.Unshaven",2,8798,-0.0754251885040379,0.0505687605284413,-0.174539959139783,0.0236895821317071,-7.26508956872388
"Fur_Brown+Mouth_Bored.Unshaven",2,8801,-0.074314333224811,0.0459863781927396,-0.16444763448258,0.0158189680329586,-7.16201726529573
"Fur_Brown+Mouth_Bored.Unshaven",2,8804,-0.0765464820564163,0.0482331366104617,-0.171083429812921,0.0179904657000887,-7.36901434988862
"Fur_Brown+Mouth_Bored.Unshaven",2,8807,-0.0773678911965401,0.0417544126639151,-0.159206540017814,0.00447075762473344,-7.44507104705082
"Fur_Brown+Mouth_Bored.Unshaven",2,8812,-0.0744111178670374,0.049496898014809,-0.171425037976063,0.0226028022419881,-7.17100212143468
"Fur_Brown+Mouth_Bored.Unshaven",2,8813,-0.0748145986514806,0.0430268779040757,-0.159147279343469,0.00951808204050775,-7.20844928320466
"Fur_Brown+Mouth_Bored.Unshaven",2,8815,-0.0755004829571363,0.0479378208329314,-0.169458611789682,0.0184576458754093,-7.27207173022563
"Fur_Brown+Mouth_Bored.Unshaven",2,8817,-0.0769602715047168,0.0474284692610788,-0.169920071256431,0.0159995282469976,-7.40733614521225
"Fur_Brown+Mouth_Bored.Unshaven",2,8818,-0.0747550792151148,0.0495415863994044,-0.171856588557947,0.0223464301277177,-7.20292621804326
"Fur_Brown+Mouth_Bored.Unshaven",2,8819,-0.0764753353377822,0.048744188799718,-0.17201394538523,0.0190632747096651,-7.36242372476789
"Fur_Brown+Mouth_Bored.Unshaven",2,8820,-0.0773366876208807,0.0454668265906711,-0.166451667738596,0.0117782924968347,-7.44218295726346
"Fur_Brown+Mouth_Bored.Unshaven",2,8821,-0.074538270272043,0.0487003194271144,-0.169990896349187,0.0209143558051012,-7.18280480138371
"Fur_Brown+Mouth_Bored.Unshaven",2,8823,-0.0741913341917607,0.0449790655075251,-0.16235030258651,0.0139676342029885,-7.15059758089834
"Fur_Brown+Mouth_Bored.Unshaven",2,8826,-0.0742242872335013,0.0473324696531595,-0.166995927753694,0.0185473532866914,-7.15365720071969
"Fur_Brown+Mouth_Bored.Unshaven",2,8827,-0.0750466990521779,0.0497834944320116,-0.172622348138921,0.0225289500345648,-7.22998374013264
"Fur_Brown+Mouth_Bored.Unshaven",2,8828,-0.0754222268613939,0.0448056563680494,-0.163241313342771,0.012396859619983,-7.26481492065185
"Fur_Brown+Mouth_Bored.Unshaven",2,8829,-0.0778150403392276,0.0479404228914177,-0.171778269206406,0.0161481885279511,-7.48644765273735
"Fur_Brown+Mouth_Bored.Unshaven",2,8831,-0.0751452571968214,0.0439222101694969,-0.161232789129035,0.0109422747353925,-7.23912653025816
"Fur_Brown+Mouth_Bored.Unshaven",2,8838,-0.0726096377591498,0.0501955794868989,-0.170992973553472,0.0257736980351721,-7.00362180743527
"Fur_Brown+Mouth_Bored.Unshaven",2,8839,-0.0739988558874683,0.0505216705541991,-0.173021330173699,0.025023618398762,-7.13272436531822
"Fur_Brown+Mouth_Bored.Unshaven",2,8840,-0.077794394645976,0.0464489731396492,-0.168834381999688,0.0132455927077364,-7.48453762659713
"Fur_Brown+Mouth_Bored.Unshaven",2,8843,-0.0773895254012922,0.0478934060086674,-0.17126060117828,0.0164815503756959,-7.44707337767512
"Fur_Brown+Mouth_Bored.Unshaven",2,8844,-0.0778613688966623,0.0471561120185043,-0.170287348452931,0.0145646106596062,-7.49073357287974
"Fur_Brown+Mouth_Bored.Unshaven",2,8845,-0.0749567226662071,0.0437436231070105,-0.160694223955948,0.0107807786235335,-7.22163625381044
"Fur_Brown+Mouth_Bored.Unshaven",2,8846,-0.0781095568510586,0.0471778451339977,-0.170578133313694,0.0143590196115769,-7.51369040955398
"Fur_Brown+Mouth_Bored.Unshaven",2,8847,-0.0766199815732558,0.0424973022115794,-0.159914693907951,0.00667473076143975,-7.37582243237982
"Fur_Brown+Mouth_Bored.Unshaven",2,8848,-0.0764161796292633,0.0452527918853834,-0.165111651724615,0.0122792924660881,-7.35694352121679
"Fur_Brown+Mouth_Bored.Unshaven",2,8853,-0.0751392568690846,0.0491726149945064,-0.171517582258317,0.021239068520148,-7.23856993294629
"Fur_Brown+Mouth_Bored.Unshaven",2,8855,-0.07827055573296,0.0458400202256469,-0.168116995375228,0.0115758839093079,-7.52857940340139
"Fur_Brown+Mouth_Bored.Unshaven",2,8856,-0.0782584897359287,0.0447099685206336,-0.16589002803637,0.00937304856451303,-7.52746363678359
"Fur_Brown+Mouth_Bored.Unshaven",2,8857,-0.076399534709201,0.0499049841215241,-0.174213303587388,0.0214142341689863,-7.35540147211377
"Fur_Brown+Mouth_Bored.Unshaven",2,8858,-0.0725189272665757,0.0469460234073087,-0.164533133144901,0.0194952786117493,-6.99518567754485
"Fur_Brown+Mouth_Bored.Unshaven",2,8859,-0.0749480691200611,0.0468985803228584,-0.166869286552864,0.0169731483127413,-7.22083338848459
"Fur_Brown+Mouth_Bored.Unshaven",2,8860,-0.0776370229890029,0.0473623525991241,-0.170467234083286,0.0151931881052804,-7.4699771693162
"Fur_Brown+Mouth_Bored.Unshaven",2,8862,-0.0777468040232316,0.0477704642660498,-0.171376913984689,0.015883305938226,-7.48013465336
"Fur_Brown+Mouth_Bored.Unshaven",2,8863,-0.077082938808363,0.043242187182461,-0.161837625685987,0.00767174806926062,-7.41869354101994
"Fur_Brown+Mouth_Bored.Unshaven",2,8864,-0.0764669531366716,0.0437217529936617,-0.162161589004248,0.00922768273090528,-7.36164721471871
"Fur_Brown+Mouth_Bored.Unshaven",2,8865,-0.0757732899164655,0.0462215327756978,-0.166367494156833,0.0148209143239022,-7.29736510412071
"Fur_Brown+Mouth_Bored.Unshaven",2,8868,-0.0751802790517533,0.0470806642821406,-0.167458381044749,0.0170978229412423,-7.24237513122581
"Fur_Brown+Mouth_Bored.Unshaven",2,8873,-0.0739975104787053,0.0498558797762779,-0.17171503484021,0.0237200138827993,-7.13259942078773
"Fur_Brown+Mouth_Bored.Unshaven",2,8874,-0.0742547257122533,0.0477463034295272,-0.167837480434127,0.01932802900962,-7.15648325914151
"Fur_Brown+Mouth_Bored.Unshaven",2,8875,-0.0765101463165506,0.0489814194538414,-0.17251372844608,0.0194934358129786,-7.3656484733401
"Fur_Brown+Mouth_Bored.Unshaven",2,8876,-0.0761408486108216,0.0490055049469599,-0.172191638306863,0.0199099410852197,-7.33143250229868
"Fur_Brown+Mouth_Bored.Unshaven",2,8878,-0.0745520429937292,0.045895331329863,-0.164506892400261,0.0154028064128022,-7.18408313797778
"Fur_Brown+Mouth_Bored.Unshaven",2,8879,-0.0736582000251479,0.0458744914884138,-0.163572203342439,0.0162558032921432,-7.10108319438635
"Fur_Brown+Mouth_Bored.Unshaven",2,8880,-0.0796142415276539,0.0490388942833461,-0.175730474323012,0.0165019912677045,-7.6527484968665
"Fur_Brown+Mouth_Bored.Unshaven",2,8881,-0.073888253904463,0.0490134997981415,-0.16995471350882,0.0221782056998942,-7.12245249244244
"Fur_Brown+Mouth_Bored.Unshaven",2,8882,-0.0737577930981287,0.047931566322559,-0.167703663090344,0.0201880768940871,-7.11033482228093
"Fur_Brown+Mouth_Bored.Unshaven",2,8883,-0.0769428372943684,0.0435818270263112,-0.162363218265938,0.00847754367720158,-7.40572185116195
"Fur_Brown+Mouth_Bored.Unshaven",2,8884,-0.0755177478035794,0.0472524961684738,-0.168132640293788,0.0170971446866293,-7.27367264984833
"Fur_Brown+Mouth_Bored.Unshaven",2,8887,-0.0743643898875115,0.0468191545617559,-0.166129932828553,0.01740115305353,-7.16666430857457
"Fur_Brown+Mouth_Bored.Unshaven",2,8888,-0.0753680012845412,0.0501341396349533,-0.17363091496905,0.0228949123999673,-7.25978616540405
"Fur_Brown+Mouth_Bored.Unshaven",2,8891,-0.0730301609391165,0.0487871418429793,-0.168652958951356,0.022592637073123,-7.04272071854279
"Fur_Brown+Mouth_Bored.Unshaven",2,8892,-0.0742925619486809,0.0483542886535242,-0.169066967709588,0.0204818438122266,-7.15999604193602
"Fur_Brown+Mouth_Bored.Unshaven",2,8893,-0.0747379312987298,0.0457888462144902,-0.164484069879131,0.015008207281671,-7.20133492793766
"Fur_Brown+Mouth_Bored.Unshaven",2,8895,-0.0768436202601758,0.0455580799663954,-0.166137456994311,0.0124502164739592,-7.39653446573579
"Fur_Brown+Mouth_Bored.Unshaven",2,8896,-0.0752845351464556,0.046897656367403,-0.167203941626566,0.0166348713336543,-7.25204517485925
"Fur_Brown+Mouth_Bored.Unshaven",2,8898,-0.074933285459952,0.0481003390940606,-0.169209950084311,0.0193433791644067,-7.21946176268141
"Fur_Brown+Mouth_Bored.Unshaven",2,8900,-0.0787541383497115,0.044855631610744,-0.16667117630677,0.00916289960734676,-7.57328616437076
"Fur_Brown+Mouth_Bored.Unshaven",2,8901,-0.0750000904636207,0.0462444728083556,-0.165639257167998,0.0156390762407563,-7.22565975984782
"Fur_Brown+Mouth_Bored.Unshaven",2,8902,-0.0758601212784797,0.0458166482345311,-0.165660751818161,0.0139405092612013,-7.30541425070679
"Fur_Brown+Mouth_Bored.Unshaven",2,8903,-0.0727369470661053,0.0456424520341034,-0.162196153052948,0.0167222589207373,-7.0154603582975
"Fur_Brown+Mouth_Bored.Unshaven",2,8905,-0.0799336621094238,0.0439586878527545,-0.166092690300823,0.00622536608197495,-7.68224139909572
"Fur_Brown+Mouth_Bored.Unshaven",2,8906,-0.0730247428773444,0.0424402914560699,-0.156207714131241,0.0101582283765526,-7.04221706889707
"Fur_Brown+Mouth_Bored.Unshaven",2,8908,-0.0772749929415986,0.0482924009235944,-0.171928098751844,0.0173781128686463,-7.43647245627401
"Fur_Brown+Mouth_Bored.Unshaven",2,8910,-0.0758670190719174,0.0459253207938755,-0.165880647827913,0.0141466096840786,-7.3060536366069
"Fur_Brown+Mouth_Bored.Unshaven",2,8911,-0.0759982489204636,0.0465171686279879,-0.16717189943132,0.0151754015903926,-7.31821705103035
"Fur_Brown+Mouth_Bored.Unshaven",2,8913,-0.077713458423634,0.0471360121904592,-0.170100042316934,0.014673125469666,-7.477049471537
"Fur_Brown+Mouth_Bored.Unshaven",2,8914,-0.0797534593468449,0.0452415273431563,-0.168426852939431,0.00891993424574151,-7.66560398495178
"Fur_Brown+Mouth_Bored.Unshaven",2,8915,-0.0778681229241566,0.048462609086851,-0.172854836734385,0.0171185908860713,-7.49135838089868
"Fur_Brown+Mouth_Bored.Unshaven",2,8916,-0.0760608682920017,0.0441122137564002,-0.162520807254546,0.0103990706705427,-7.3240205443242
"Fur_Brown+Mouth_Bored.Unshaven",2,8917,-0.0741017871293216,0.0437133680429308,-0.159779988493466,0.0115764142348228,-7.14228281738673
"Fur_Brown+Mouth_Bored.Unshaven",2,8919,-0.0792562877657716,0.04758153631303,-0.17251609893931,0.0140035234077672,-7.61968653381746
"Fur_Brown+Mouth_Bored.Unshaven",2,8921,-0.0725615443806011,0.0473465666205129,-0.165360814956806,0.0202377261956042,-6.99914918986442
"Fur_Brown+Mouth_Bored.Unshaven",2,8922,-0.072356053935152,0.0471866576238985,-0.164841902877993,0.020129795007689,-6.9800364399278
"Fur_Brown+Mouth_Bored.Unshaven",2,8924,-0.0765160117362696,0.0450136357236864,-0.164742737754695,0.0117107142821558,-7.36619181109874
"Fur_Brown+Mouth_Bored.Unshaven",2,8927,-0.0755511541058649,0.0524346410368597,-0.17832305053811,0.0272207423263801,-7.27677024182979
"Fur_Brown+Mouth_Bored.Unshaven",2,8929,-0.0758154451042985,0.043874847587007,-0.161810146374832,0.0101792561662352,-7.30127291873945
"Fur_Brown+Mouth_Bored.Unshaven",2,8933,-0.0791829420433197,0.0472384528342997,-0.171770309598547,0.0134044255119076,-7.61291058449555
"Fur_Brown+Mouth_Bored.Unshaven",2,8934,-0.0723790795916923,0.0476498159912539,-0.16577271893455,0.0210145597511653,-6.98217826100161
"Fur_Brown+Mouth_Bored.Unshaven",2,8935,-0.0766101468350286,0.0440948708789567,-0.163036093757784,0.00981580008772651,-7.37491149336051
"Fur_Brown+Mouth_Bored.Unshaven",2,8936,-0.0749044139190793,0.0520889192852673,-0.176998695718203,0.0271898678800447,-7.21678300690978
"Fur_Brown+Mouth_Bored.Unshaven",2,8937,-0.0758831854423073,0.0544054666324701,-0.182517900041949,0.0307515291573341,-7.30755214916393
"Fur_Brown+Mouth_Bored.Unshaven",2,8938,-0.0774703518965563,0.0461767165784672,-0.167976716390352,0.0130360125972394,-7.45455380404804
"Fur_Brown+Mouth_Bored.Unshaven",2,8939,-0.0728978228565484,0.0455391705080411,-0.162154597052309,0.0163589513392121,-7.03041811640851
"Fur_Brown+Mouth_Bored.Unshaven",2,8940,-0.0777936715100562,0.0474967539733275,-0.170887309297778,0.0152999662776658,-7.48447072531896
"Fur_Brown+Mouth_Bored.Unshaven",2,8941,-0.077022193043089,0.0466117866668599,-0.168381294910134,0.0143369088239564,-7.41306944789083
"Fur_Brown+Mouth_Bored.Unshaven",2,8942,-0.073735277608547,0.0444742009135711,-0.160904711399146,0.0134341561820524,-7.10824334244712
"Fur_Brown+Mouth_Bored.Unshaven",2,8943,-0.0801957135578081,0.0430319917505803,-0.164538417388946,0.00414699027332936,-7.70643023195092
"Fur_Brown+Mouth_Bored.Unshaven",2,8944,-0.0769146444239611,0.0435656962269729,-0.162303409028828,0.00847412018090581,-7.40311131587859
"Fur_Brown+Mouth_Bored.Unshaven",2,8945,-0.0751093720446362,0.0470767756198224,-0.167379852259488,0.0171611081702158,-7.23579773247
"Fur_Brown+Mouth_Bored.Unshaven",2,8946,-0.0760028496805194,0.042846901186185,-0.159982776005442,0.00797707664440332,-7.31864345669434
"Fur_Brown+Mouth_Bored.Unshaven",2,8947,-0.07319820204081,0.0447417925802537,-0.160892115498107,0.0144957114164874,-7.05834004978211
"Fur_Brown+Mouth_Bored.Unshaven",2,8948,-0.0736330473930334,0.0506992910126514,-0.17300365777783,0.0257375629917633,-7.09874651272138
"Fur_Brown+Mouth_Bored.Unshaven",2,8949,-0.0798188506833915,0.0497962518913523,-0.177419504390442,0.017781803023659,-7.67164165710855
"Fur_Brown+Mouth_Bored.Unshaven",2,8951,-0.0780328792635371,0.0476022896198392,-0.171333366918422,0.0152676083913477,-7.50659851056444
"Fur_Brown+Mouth_Bored.Unshaven",2,8952,-0.079929208782658,0.0440605450399079,-0.166287877060877,0.00642945949556152,-7.68183027703496
"Fur_Brown+Mouth_Bored.Unshaven",2,8953,-0.0767386068718619,0.0488024468183199,-0.172391402635769,0.0189141888920451,-7.38680935142576
"Fur_Brown+Mouth_Bored.Unshaven",2,8954,-0.0777206736360027,0.0444537313646216,-0.164849987110661,0.00940863983865575,-7.47771704186571
"Fur_Brown+Mouth_Bored.Unshaven",2,8956,-0.0734937324097098,0.0490182103609061,-0.169569424717086,0.0225819598976661,-7.08580307455455
"Fur_Brown+Mouth_Bored.Unshaven",2,8957,-0.0742501575606263,0.0464683517551774,-0.165328127000774,0.0168278118795215,-7.15605913491072
"Fur_Brown+Mouth_Bored.Unshaven",2,8958,-0.0783674353921251,0.0430052292784612,-0.162657684777909,0.00592281399365881,-7.53753756917227
"Fur_Brown+Mouth_Bored.Unshaven",2,8962,-0.0739738285126395,0.0457242294725558,-0.163593318278849,0.0156456612535699,-7.13040011211673
"Fur_Brown+Mouth_Bored.Unshaven",2,8963,-0.0732859892003012,0.0484649059107727,-0.168277204785416,0.0217052263848134,-7.0664987759866
"Fur_Brown+Mouth_Bored.Unshaven",2,8964,-0.0789875970259095,0.048284369092115,-0.173624960446455,0.0156497663946358,-7.59486146405971
"Fur_Brown+Mouth_Bored.Unshaven",2,8965,-0.076851444370608,0.045377644154769,-0.165791626913955,0.0120887381727392,-7.39725900264211
"Fur_Brown+Mouth_Bored.Unshaven",2,8966,-0.0751082627104874,0.0400681631929017,-0.153641862568575,0.0034253371475999,-7.23569482591556
"Fur_Brown+Mouth_Bored.Unshaven",2,8967,-0.0759548910547775,0.0485827469150324,-0.171177075008241,0.019267292898686,-7.31419847961599
"Fur_Brown+Mouth_Bored.Unshaven",2,8968,-0.0769326046363926,0.0506396733036427,-0.176186364311532,0.022321155038747,-7.40477436073549
"Fur_Brown+Mouth_Bored.Unshaven",2,8969,-0.0779860935299336,0.049948631031216,-0.175885410351117,0.0199132232912497,-7.50227103769107
"Fur_Brown+Mouth_Bored.Unshaven",2,8970,-0.0778390576728665,0.0490772335623995,-0.17403043545517,0.0183523201094366,-7.488669554908
"Fur_Brown+Mouth_Bored.Unshaven",2,8972,-0.0743844372443758,0.0492300165411757,-0.17087526966508,0.0221063951763286,-7.1685253529295
"Fur_Brown+Mouth_Bored.Unshaven",2,8973,-0.0778606207679476,0.0502003983313962,-0.176253401497484,0.020532159961589,-7.49066436401526
"Fur_Brown+Mouth_Bored.Unshaven",2,8974,-0.0743912442708005,0.0433751566002209,-0.159406551207234,0.0106240626656324,-7.16915725707977
"Fur_Brown+Mouth_Bored.Unshaven",2,8975,-0.0761561519533368,0.0496709407058317,-0.173511195736767,0.0211988918300934,-7.33285063027641
"Fur_Brown+Mouth_Bored.Unshaven",2,8977,-0.0759777397888948,0.047066113290183,-0.168227321837654,0.016271842259864,-7.31631620865757
"Fur_Brown+Mouth_Bored.Unshaven",2,8978,-0.0788629876270227,0.051124504119807,-0.179067015701845,0.0213410404477991,-7.5833461978524
"Fur_Brown+Mouth_Bored.Unshaven",2,8980,-0.0797980220007398,0.0459328325093872,-0.169826373719139,0.0102303297176591,-7.66971855900515
"Fur_Brown+Mouth_Bored.Unshaven",2,8981,-0.0788376918667707,0.0456367623089341,-0.168285745992281,0.0106103622587401,-7.5810084187667
"Fur_Brown+Mouth_Bored.Unshaven",2,8985,-0.0758681428943758,0.0446745932222108,-0.163430345609909,0.0116940598211573,-7.30615780808705
"Fur_Brown+Mouth_Bored.Unshaven",2,8986,-0.0742780383718377,0.0469462513977284,-0.166292691111385,0.0177366143677099,-7.1586476632128
"Fur_Brown+Mouth_Bored.Unshaven",2,8991,-0.0747253869844585,0.0476177767008605,-0.168056229318145,0.018605455349228,-7.20017082501762
"Fur_Brown+Mouth_Bored.Unshaven",2,8993,-0.0783051977680106,0.0435230218833739,-0.163610320659423,0.00699992512340236,-7.5317827461094
"Fur_Brown+Mouth_Bored.Unshaven",2,8997,-0.0771730674171843,0.0432860133996323,-0.162013653680464,0.0076675188460949,-7.42703738935857
"Fur_Brown+Mouth_Bored.Unshaven",2,9001,-0.0758296648643935,0.0470098042164607,-0.167968881128656,0.0163095513998694,-7.3025910630278
"Fur_Brown+Mouth_Bored.Unshaven",2,9005,-0.0739377149762943,0.0455857743918212,-0.163285832784264,0.0154104028316753,-7.1270462018854
"Fur_Brown+Mouth_Bored.Unshaven",2,9006,-0.0742832815781035,0.0439938464958253,-0.160511220709921,0.0119446575537141,-7.15913444829693
"Fur_Brown+Mouth_Bored.Unshaven",2,9007,-0.0767862167443461,0.046180080960543,-0.16729917542701,0.0137267419383182,-7.3912185486614
"Fur_Brown+Mouth_Bored.Unshaven",2,9010,-0.075175485434256,0.0495318458781096,-0.172257903355351,0.0219069324868388,-7.2419304855865
"Fur_Brown+Mouth_Bored.Unshaven",2,9011,-0.0794483088829753,0.0484433188186526,-0.174397213767534,0.0155005960015838,-7.63742380179736
"Fur_Brown+Mouth_Bored.Unshaven",2,9017,-0.076023009535689,0.0429495532589906,-0.160204133923311,0.00815811485193266,-7.32051188058553
"Fur_Brown+Mouth_Bored.Unshaven",2,9018,-0.0872014155672197,0.0438318660991148,-0.173111873121485,-0.00129095801295462,-8.35075188112863
"Fur_Brown+Mouth_Bored.Unshaven",2,9019,-0.0719837731527587,0.0472738945041359,-0.164640606380865,0.0206730600753477,-6.94540044835846
"Fur_Brown+Mouth_Bored.Unshaven",2,9021,-0.0749463196582406,0.0476213056453368,-0.168284078723101,0.0183914394066195,-7.22067107473289
"Fur_Brown+Mouth_Bored.Unshaven",2,9022,-0.0764166560512309,0.0456232946467706,-0.165838313558901,0.0130050014564395,-7.35698765839352
"Fur_Brown+Mouth_Bored.Unshaven",2,9023,-0.0763569762916425,0.0465787196293958,-0.167651266765258,0.0149373141819733,-7.35145858070406
"Fur_Brown+Mouth_Bored.Unshaven",2,9024,-0.0766464617104766,0.0517119850124852,-0.178001952334948,0.0247090289139943,-7.37827510083814
"Fur_Brown+Mouth_Bored.Unshaven",2,9026,-0.0776751722493499,0.0469027290246762,-0.169604521137715,0.0142541766390155,-7.47350705391541
"Fur_Brown+Mouth_Bored.Unshaven",2,9028,-0.0758011125328441,0.0435093042081074,-0.161079348780735,0.00947712371504641,-7.29994429808858
"Fur_Brown+Mouth_Bored.Unshaven",2,9029,-0.0746576782876852,0.0498822864445625,-0.172426959719028,0.0231116031436572,-7.19388725679969
"Fur_Brown+Mouth_Bored.Unshaven",2,9030,-0.0768937059145369,0.0496432250502396,-0.174194427013007,0.0204070151839327,-7.40117245475386
"Fur_Brown+Mouth_Bored.Unshaven",2,9033,-0.0762396092036694,0.0451437518133369,-0.16472136275781,0.0122421443504708,-7.34058405304938
"Fur_Brown+Mouth_Bored.Unshaven",2,9034,-0.0755651356258031,0.0492208505990443,-0.17203800279993,0.0209077315483238,-7.27806664445252
"Fur_Brown+Mouth_Bored.Unshaven",2,9036,-0.0756637255361386,0.0447220236376216,-0.163318891865877,0.0119914407935997,-7.28720764093577
"Fur_Brown+Mouth_Bored.Unshaven",2,9037,-0.075149636278622,0.0465996253334422,-0.166484901932169,0.0161856293749248,-7.23953273682156
"Fur_Brown+Mouth_Bored.Unshaven",2,9038,-0.0754091101362576,0.0469887200220016,-0.167507001379381,0.0166887811068655,-7.2635985307412
"Fur_Brown+Mouth_Bored.Unshaven",2,9040,-0.0764672175323853,0.0478637406319724,-0.170280149171051,0.0173457141062805,-7.36167170789889
"Fur_Brown+Mouth_Bored.Unshaven",2,9041,-0.0744984226535857,0.0438587040064542,-0.160461482506236,0.0114646371990645,-7.17910618351311
"Fur_Brown+Mouth_Bored.Unshaven",2,9043,-0.0754043751755949,0.0489701134031319,-0.171385797445733,0.0205770470945437,-7.26315942648867
"Fur_Brown+Mouth_Bored.Unshaven",2,9044,-0.0792567889051297,0.0477183132736708,-0.172784682921524,0.0142711051112651,-7.61973282921685
"Fur_Brown+Mouth_Bored.Unshaven",2,9047,-0.0737037888727633,0.0449988352998951,-0.161901506060558,0.014493928315031,-7.1053182524118
"Fur_Brown+Mouth_Bored.Unshaven",2,9048,-0.0756175661514512,0.0475872824307749,-0.16888863971577,0.0176535074128676,-7.28292797671524
"Fur_Brown+Mouth_Bored.Unshaven",2,9049,-0.0766483810655455,0.0435684337552815,-0.162042511225897,0.00874574909480615,-7.37845287464471
"Fur_Brown+Mouth_Bored.Unshaven",2,9050,-0.0748942378085114,0.0483553909244758,-0.169670804020484,0.019882328403461,-7.2158388298308
"Fur_Brown+Mouth_Bored.Unshaven",2,9052,-0.0747234246943626,0.0482816090191232,-0.169355378371844,0.0199085289831188,-7.19998872465326
"Fur_Brown+Mouth_Bored.Unshaven",2,9054,-0.0732847352343705,0.043890905377812,-0.159310909774882,0.012741439306141,-7.06638224046917
"Fur_Brown+Mouth_Bored.Unshaven",2,9055,-0.078345312605917,0.048016177934383,-0.172457021357308,0.0157663961454737,-7.5354920192571
"Fur_Brown+Mouth_Bored.Unshaven",2,9056,-0.076798344663523,0.047308406376339,-0.169522821161147,0.0159261318341014,-7.3923416936672
"Fur_Brown+Mouth_Bored.Unshaven",2,9057,-0.0802486606182594,0.046146042976888,-0.17069490485296,0.0101975836164409,-7.71131677580349
"Fur_Brown+Mouth_Bored.Unshaven",2,9058,-0.0767208871524003,0.0483254950161343,-0.171438857384024,0.0179970830792228,-7.38516825712922
"Fur_Brown+Mouth_Bored.Unshaven",2,9059,-0.0734681042204244,0.0481557062493799,-0.167853288469209,0.0209170800283602,-7.08342182141497
"Fur_Brown+Mouth_Bored.Unshaven",2,9060,-0.0772890013455032,0.0460567544838696,-0.167560240133888,0.0129822374428813,-7.43776911447259
"Fur_Brown+Mouth_Bored.Unshaven",2,9062,-0.0747649933069949,0.0444464401487626,-0.16188001599857,0.0123500293845797,-7.20384621219848
"Fur_Brown+Mouth_Bored.Unshaven",2,9063,-0.0733358704817378,0.049716239864467,-0.170779700616093,0.0241079596526174,-7.07113430250208
"Fur_Brown+Mouth_Bored.Unshaven",2,9065,-0.0755066681507146,0.044369297241822,-0.162470490744686,0.0114571544432565,-7.27264526863837
"Fur_Brown+Mouth_Bored.Unshaven",2,9066,-0.0807107996384756,0.0489541573028882,-0.176660947952136,0.0152393486751853,-7.75395712380254
"Fur_Brown+Mouth_Bored.Unshaven",2,9067,-0.0742515614410397,0.0465898325341956,-0.165567633208063,0.0170645103259836,-7.15618947660931
"Fur_Brown+Mouth_Bored.Unshaven",2,9068,-0.0765817925246361,0.0461384681163775,-0.167013190032736,0.0138496049834637,-7.37228513561677
"Fur_Brown+Mouth_Bored.Unshaven",2,9069,-0.0773340225372034,0.0451180812078003,-0.165765461704492,0.0110974166300852,-7.44193628260735
"Fur_Brown+Mouth_Bored.Unshaven",2,9070,-0.0769997413128452,0.0439517449127789,-0.163145161341892,0.00914567871620135,-7.41099068776618
"Fur_Brown+Mouth_Bored.Unshaven",2,9071,-0.0789213279220453,0.0414181363006196,-0.16010087507126,0.00225821922716908,-7.58873765542908
"Fur_Brown+Mouth_Bored.Unshaven",2,9072,-0.0763041093555055,0.0492307815052002,-0.172796441105698,0.0201882223946869,-7.34656040670707
"Fur_Brown+Mouth_Bored.Unshaven",2,9073,-0.0740384454508083,0.0486748827247855,-0.169441215591388,0.0213643246897712,-7.13640086743315
"Fur_Brown+Mouth_Bored.Unshaven",2,9074,-0.0808709670965687,0.0492569751667412,-0.177414638423381,0.0156727042302441,-7.76873075485012
"Fur_Brown+Mouth_Bored.Unshaven",2,9075,-0.0765490979187327,0.042445964699914,-0.159743188730564,0.0066449928930987,-7.3692566594764
"Fur_Brown+Mouth_Bored.Unshaven",2,9078,-0.0723897775170065,0.0471270270444619,-0.164758750524152,0.0199791954901389,-6.98317335338874
"Fur_Brown+Mouth_Bored.Unshaven",2,9079,-0.072689969329689,0.0497045021886282,-0.1701107936194,0.0247308549600223,-7.01109205249766
"Fur_Brown+Mouth_Bored.Unshaven",2,9081,-0.0786147225268482,0.0469955914852679,-0.170726081837973,0.0134966367842768,-7.56039951972661
"Fur_Brown+Mouth_Bored.Unshaven",2,9082,-0.0745759602814544,0.0497835001145635,-0.172151620505999,0.0229996999430902,-7.18630301641999
"Fur_Brown+Mouth_Bored.Unshaven",2,9084,-0.0769109001627779,0.0443814574148204,-0.163898556695826,0.01007675637027,-7.40276460829352
"Fur_Brown+Mouth_Bored.Unshaven",2,9085,-0.0753357042529844,0.0444609275140159,-0.162479122180456,0.0118077136744867,-7.25679088342215
"Fur_Brown+Mouth_Bored.Unshaven",2,9087,-0.0739622403118408,0.0464797591913561,-0.165062568326899,0.0171380877032173,-7.12932391430954
"Fur_Brown+Mouth_Bored.Unshaven",2,9089,-0.0731768338996162,0.0438226444456006,-0.159069217012993,0.0127155492137609,-7.05635403805089
"Fur_Brown+Mouth_Bored.Unshaven",2,9090,-0.0756519883215618,0.0499377152336052,-0.173529910179428,0.0222259335363044,-7.28611944461164
"Fur_Brown+Mouth_Bored.Unshaven",2,9091,-0.0711372789853648,0.0500641479548867,-0.169263008976943,0.0269884510062132,-6.8665969239325
"Fur_Brown+Mouth_Bored.Unshaven",2,9093,-0.0747819540804124,0.045958912785393,-0.164861423139783,0.0152975149789579,-7.20542009338972
"Fur_Brown+Mouth_Bored.Unshaven",2,9096,-0.0759273186757517,0.0478636247161742,-0.169740023119453,0.0178853857679498,-7.31164287633429
"Fur_Brown+Mouth_Bored.Unshaven",2,9097,-0.073351189301896,0.0418298535576265,-0.155337702274844,0.00863532367105206,-7.07255785217962
"Fur_Brown+Mouth_Bored.Unshaven",2,9100,-0.0777723947640592,0.0505527231723846,-0.176855732181933,0.0213109426538147,-7.48250227496078
"Fur_Brown+Mouth_Bored.Unshaven",2,9101,-0.0751802484953315,0.0459603182944535,-0.16526247235246,0.0149019753617973,-7.24237229688466
"Fur_Brown+Mouth_Bored.Unshaven",2,9102,-0.0748655768425209,0.050008758023868,-0.172882742569302,0.0231515888842604,-7.21317950803386
"Fur_Brown+Mouth_Bored.Unshaven",2,9103,-0.0760087270531802,0.0492373165232489,-0.172513867438748,0.0204964133323876,-7.3191881779647
"Fur_Brown+Mouth_Bored.Unshaven",2,9105,-0.0746087142496561,0.0496869982117959,-0.171995230744776,0.0227778022454638,-7.18934298351392
"Fur_Brown+Mouth_Bored.Unshaven",2,9106,-0.0752085581124265,0.0442139449943144,-0.161867890301283,0.0114507740764297,-7.24499819263835
"Fur_Brown+Mouth_Bored.Unshaven",2,9107,-0.0756337917015514,0.0449076817128931,-0.163652847858822,0.012385264455719,-7.28443235000782
"Fur_Brown+Mouth_Bored.Unshaven",2,9109,-0.0684254502958716,0.0510786597659947,-0.168539623437221,0.031688722845478,-6.61369232753924
"Fur_Brown+Mouth_Bored.Unshaven",2,9110,-0.074490664522035,0.0433554016985352,-0.159467251851164,0.0104859228070939,-7.17838606401483
"Fur_Brown+Mouth_Bored.Unshaven",2,9111,-0.076661555430528,0.0447577063344361,-0.164386659846023,0.0110635489849667,-7.37967309667394
"Fur_Brown+Mouth_Bored.Unshaven",2,9113,-0.0721084814883718,0.0469968679757735,-0.164222342720888,0.0200053797441443,-6.95700440901935
"Fur_Brown+Mouth_Bored.Unshaven",2,9114,-0.0758293736986491,0.0511156186881956,-0.176015986327513,0.0243572389302142,-7.30256407271379
"Fur_Brown+Mouth_Bored.Unshaven",2,9115,-0.0775060486477143,0.0461284356208659,-0.167917782464611,0.0129056851691828,-7.45785731684902
"Fur_Brown+Mouth_Bored.Unshaven",2,9117,-0.0770152360865704,0.045046330203293,-0.165306043285025,0.0112755711118838,-7.41242532240022
"Fur_Brown+Mouth_Bored.Unshaven",2,9120,-0.0757432235021442,0.0443246873628168,-0.162619610733265,0.0111331637289767,-7.29457782638975
"Fur_Brown+Mouth_Bored.Unshaven",2,9122,-0.07765495530626,0.0461835871895798,-0.168174786197836,0.0128648755853165,-7.47163643216414
"Fur_Brown+Mouth_Bored.Unshaven",2,9123,-0.0744485312907429,0.0487501527625485,-0.169998830705338,0.0211017681238521,-7.17447510709591
"Fur_Brown+Mouth_Bored.Unshaven",2,9125,-0.0785991089587492,0.0454139352638852,-0.167610422075964,0.0104122041584658,-7.55895619646179
"Fur_Brown+Mouth_Bored.Unshaven",2,9126,-0.0773510271020418,0.0510770589467407,-0.177462062637654,0.02276000843357,-7.4435101788214
"Fur_Brown+Mouth_Bored.Unshaven",2,9127,-0.0772336779129717,0.0461837756608019,-0.167753878208143,0.0132865223822001,-7.43264811248283
"Fur_Brown+Mouth_Bored.Unshaven",2,9128,-0.0752989099196046,0.0502066091480265,-0.173703863849737,0.0231060440105274,-7.25337839608748
"Fur_Brown+Mouth_Bored.Unshaven",2,9130,-0.074047803477721,0.0484539058883734,-0.169017459018933,0.0209218520634909,-7.13726988342689
"Fur_Brown+Mouth_Bored.Unshaven",2,9132,-0.0762647670992181,0.0459368313882176,-0.166300956620125,0.0137714224216885,-7.34291513963463
"Fur_Brown+Mouth_Bored.Unshaven",2,9134,-0.075590061392212,0.0514552916834784,-0.17644243309183,0.0252623103074057,-7.28037778090078
"Fur_Brown+Mouth_Bored.Unshaven",2,9135,-0.0765370147180449,0.0441398740395233,-0.163051167835511,0.00997713839942078,-7.36813737685251
"Fur_Brown+Mouth_Bored.Unshaven",2,9138,-0.0763071222650106,0.0463308102612691,-0.167115510377098,0.0145012658470767,-7.34683956271537
"Fur_Brown+Mouth_Bored.Unshaven",2,9139,-0.0747533622844741,0.0473838801818741,-0.167625767440947,0.0181190428719991,-7.20276689176714
"Fur_Brown+Mouth_Bored.Unshaven",2,9140,-0.0758789383116006,0.0465572043443625,-0.167131058826551,0.0153731822033499,-7.30715847138639
"Fur_Brown+Mouth_Bored.Unshaven",2,9143,-0.0767011960677069,0.049945210618995,-0.174593808880937,0.0211914167455233,-7.3833445526782
"Fur_Brown+Mouth_Bored.Unshaven",2,9144,-0.0747180530546242,0.0471180033127746,-0.167069339547663,0.0176332334384141,-7.19949023508611
"Fur_Brown+Mouth_Bored.Unshaven",2,9145,-0.0732362529949533,0.0490298524464177,-0.169334763789932,0.0228622578000253,-7.06187650133977
"Fur_Brown+Mouth_Bored.Unshaven",2,9146,-0.0749982279091223,0.0456902981846105,-0.164551212350959,0.0145547565327142,-7.22548696242215
"Fur_Brown+Mouth_Bored.Unshaven",2,9152,-0.0733942398320772,0.0436788143479482,-0.159004715954056,0.0122162362899013,-7.07655834172025
"Fur_Brown+Mouth_Bored.Unshaven",2,9153,-0.0744261500931164,0.0450518605540967,-0.162727796779146,0.0138754965929132,-7.17239753742934
"Fur_Brown+Mouth_Bored.Unshaven",2,9154,-0.0758204303250119,0.0451895258760388,-0.164391901042048,0.012751040392024,-7.30173504120192
"Fur_Brown+Mouth_Bored.Unshaven",2,9155,-0.0801667314321515,0.0526676298935399,-0.18339528602349,0.0230618231591867,-7.70375532935261
"Fur_Brown+Mouth_Bored.Unshaven",2,9156,-0.0774992627063608,0.048377421397472,-0.172319008645406,0.0173204832326844,-7.45722932916529
"Fur_Brown+Mouth_Bored.Unshaven",2,9157,-0.0779850717431085,0.0482941866964858,-0.172641677668221,0.0166715341820037,-7.50217652468198
"Fur_Brown+Mouth_Bored.Unshaven",2,9158,-0.0810228266458326,0.0482159072960188,-0.175526004946029,0.0134803516543642,-7.78273589039202
"Fur_Brown+Mouth_Bored.Unshaven",2,9159,-0.0763192285182068,0.0468818275771916,-0.168207610569502,0.0155691535330886,-7.3479612385454
"Fur_Brown+Mouth_Bored.Unshaven",2,9161,-0.0747757648859942,0.0474504336462462,-0.167778614832637,0.0182270850606484,-7.20484576791642
"Fur_Brown+Mouth_Bored.Unshaven",2,9162,-0.0782926777251981,0.0465790050985219,-0.169587527718301,0.0130021722679048,-7.53062503282329
"Fur_Brown+Mouth_Bored.Unshaven",2,9165,-0.074292882031775,0.0491571791626939,-0.170640953190655,0.0220551891271051,-7.16002575844699
"Fur_Brown+Mouth_Bored.Unshaven",2,9166,-0.0774816539031234,0.0430966072371195,-0.161951004087878,0.00698769628163079,-7.45559974737806
"Fur_Brown+Mouth_Bored.Unshaven",2,9168,-0.0732314929943617,0.0521525260266642,-0.175450444006624,0.0289874580179001,-7.06143411476407
"Fur_Brown+Mouth_Bored.Unshaven",2,9169,-0.0764910439980578,0.0451300021714688,-0.164945848254137,0.011963760258021,-7.36387892555269
"Fur_Brown+Mouth_Bored.Unshaven",2,9170,-0.0776475656191661,0.0471675266742154,-0.170095917900628,0.0148007866622961,-7.4709526739837
"Fur_Brown+Mouth_Bored.Unshaven",2,9172,-0.0766206131946833,0.0440211500606825,-0.162902067313621,0.00966084092425436,-7.3758809357766
"Fur_Brown+Mouth_Bored.Unshaven",2,9173,-0.0744882175729206,0.0481983040734072,-0.168956893556799,0.0199804584109574,-7.17815893397092
"Fur_Brown+Mouth_Bored.Unshaven",2,9176,-0.0742875406266767,0.0432756643561511,-0.159107842764733,0.0105327615113794,-7.15952986121086
"Fur_Brown+Mouth_Bored.Unshaven",2,9177,-0.0739915939686683,0.0496651828687147,-0.171335352391349,0.0233521644540126,-7.13204996825468
"Fur_Brown+Mouth_Bored.Unshaven",2,9179,-0.076117606959384,0.0462386826712899,-0.166745424995112,0.0145102110763441,-7.3292787067249
"Fur_Brown+Mouth_Bored.Unshaven",2,9182,-0.0808848698260406,0.0487860489222997,-0.176505525713748,0.0147357860616667,-7.77001301232182
"Fur_Brown+Mouth_Bored.Unshaven",2,9183,-0.0774242009872677,0.0439415556975971,-0.163549650154558,0.00870124818002255,-7.45028264899749
"Fur_Brown+Mouth_Bored.Unshaven",2,9184,-0.0757188937112169,0.0499222786657027,-0.173566559895994,0.0221287724735604,-7.29232229541225
"Fur_Brown+Mouth_Bored.Unshaven",2,9185,-0.0785295766922765,0.0472267263490334,-0.171093960336382,0.014034806951829,-7.55252833770181
"Fur_Brown+Mouth_Bored.Unshaven",2,9187,-0.0774465485918692,0.0469445519960145,-0.169457870504058,0.0145647733203192,-7.45235089037662
"Fur_Brown+Mouth_Bored.Unshaven",2,9188,-0.0778346043094291,0.0470030510119239,-0.1699605842928,0.0142913756739418,-7.48825756741409
"Fur_Brown+Mouth_Bored.Unshaven",2,9189,-0.0779865868529113,0.0417834584213991,-0.159882165358854,0.003908991653031,-7.50231666893489
"Fur_Brown+Mouth_Bored.Unshaven",2,9190,-0.0733267995197005,0.0481076925758532,-0.167617876968373,0.0209642779289718,-7.07029134446595
"Fur_Brown+Mouth_Bored.Unshaven",2,9191,-0.0737221721985361,0.0466745232245385,-0.165204237718632,0.0177598933215593,-7.10702594991229
"Fur_Brown+Mouth_Bored.Unshaven",2,9192,-0.0755078250145332,0.0454506896639394,-0.164591176755854,0.0135755267267879,-7.272752541498
"Fur_Brown+Mouth_Bored.Unshaven",2,9193,-0.0756424355226736,0.0477231827051937,-0.169179873624853,0.017895002579506,-7.28523376332619
"Fur_Brown+Mouth_Bored.Unshaven",2,9194,-0.0760971671862937,0.048661996974795,-0.171474681256892,0.0192803468843045,-7.32738451885122
"Fur_Brown+Mouth_Bored.Unshaven",2,9195,-0.0773028815506406,0.0448983705147063,-0.165303687759465,0.0106979246581837,-7.43905388830879
"Fur_Brown+Mouth_Bored.Unshaven",2,9196,-0.0730116123109474,0.0446299008000445,-0.160486217879035,0.0144629932571398,-7.04099647254264
"Fur_Brown+Mouth_Bored.Unshaven",2,9197,-0.0726954132284465,0.0487912762917935,-0.168326314760362,0.0229354883034687,-7.01159827332019
"Fur_Brown+Mouth_Bored.Unshaven",2,9198,-0.0768852614597103,0.0462698951080071,-0.167574255871404,0.0138037329519836,-7.4003905048361
"Fur_Brown+Mouth_Bored.Unshaven",2,9200,-0.0762180130779281,0.0429407329022412,-0.160381849566321,0.00794582341046472,-7.33858294704348
"Fur_Brown+Mouth_Bored.Unshaven",2,9201,-0.0764843102624432,0.0453220968327579,-0.165315620054649,0.0123469995297623,-7.3632551363048
"Fur_Brown+Mouth_Bored.Unshaven",2,9203,-0.0764967282462988,0.0462388821581398,-0.167124937276253,0.0141314807836552,-7.36440549076439
"Fur_Brown+Mouth_Bored.Unshaven",2,9204,-0.072952450820106,0.0493409552453243,-0.169660723100942,0.0237558214607295,-7.03549671662155
"Fur_Brown+Mouth_Bored.Unshaven",2,9207,-0.0761609222202784,0.0459021286297686,-0.166129094334625,0.0138072498940681,-7.33329267626128
"Fur_Brown+Mouth_Bored.Unshaven",2,9209,-0.0767631858027725,0.0427697197799547,-0.160591836571484,0.00706546496593874,-7.38908565666544
"Fur_Brown+Mouth_Bored.Unshaven",2,9210,-0.0766078604233634,0.0445837109049409,-0.163991933797048,0.0107762129503207,-7.37469971403556
"Fur_Brown+Mouth_Bored.Unshaven",2,9211,-0.0770901751001765,0.0447043766918531,-0.164710753416209,0.0105304032158555,-7.419363483946
"Fur_Brown+Mouth_Bored.Unshaven",2,9212,-0.0751579258675932,0.0476272704496385,-0.168507375948885,0.0181915242136982,-7.24030167978084
"Fur_Brown+Mouth_Bored.Unshaven",2,9213,-0.0773916721164894,0.0462334256174706,-0.168009186326732,0.013225842093753,-7.44727206223598
"Fur_Brown+Mouth_Bored.Unshaven",2,9215,-0.0770590326922985,0.045654632012433,-0.166542111436667,0.0124240460520701,-7.41648025510689
"Fur_Brown+Mouth_Bored.Unshaven",2,9216,-0.0739956449896971,0.0436598321126052,-0.159568915930403,0.0115776259510092,-7.13242617751115
"Fur_Brown+Mouth_Bored.Unshaven",2,9217,-0.075241164100957,0.045860629286446,-0.165127997502391,0.0146456693004772,-7.24802251185769
"Fur_Brown+Mouth_Bored.Unshaven",2,9218,-0.0763694183145152,0.0476910596463271,-0.169843895221316,0.0171050585922859,-7.35261130880437
"Fur_Brown+Mouth_Bored.Unshaven",2,9219,-0.0767219534307275,0.0499002966024397,-0.174526534771509,0.0210826279100544,-7.38526701026443
"Fur_Brown+Mouth_Bored.Unshaven",2,9220,-0.075298482720454,0.0479059671137371,-0.169194178263379,0.0185972128224708,-7.25333877480104
"Fur_Brown+Mouth_Bored.Unshaven",2,9222,-0.0738260873922072,0.0468932103796313,-0.165736779736284,0.0180846049518701,-7.11667843977253
"Fur_Brown+Mouth_Bored.Unshaven",2,9223,-0.0749864629713049,0.0445757136886298,-0.162354861801019,0.0123819358584094,-7.22439546962456
"Fur_Brown+Mouth_Bored.Unshaven",2,9224,-0.0740602989865903,0.0421071096799358,-0.156590233959264,0.00846963598608393,-7.13843024324503
"Fur_Brown+Mouth_Bored.Unshaven",2,9226,-0.076782196970764,0.0417659470768772,-0.158643453241443,0.00507905929991544,-7.39084628158004
"Fur_Brown+Mouth_Bored.Unshaven",2,9227,-0.0765711346895153,0.0456029832057199,-0.165952981772726,0.0128107123936956,-7.37129791944334
"Fur_Brown+Mouth_Bored.Unshaven",2,9231,-0.0716997251074415,0.0513415700265752,-0.172329202359529,0.0289297521446459,-6.91896471691686
"Fur_Brown+Mouth_Bored.Unshaven",2,9232,-0.0738748971683232,0.0463143864574947,-0.164651094625013,0.0169013002883665,-7.12121194326225
"Fur_Brown+Mouth_Bored.Unshaven",2,9233,-0.0766677155899382,0.0502140278864553,-0.175087210247391,0.0217517790675142,-7.38024365089494
"Fur_Brown+Mouth_Bored.Unshaven",2,9235,-0.075354360685015,0.049776812455428,-0.172916913097654,0.0222081917276239,-7.25852112465922
"Fur_Brown+Mouth_Bored.Unshaven",2,9236,-0.075974870053997,0.0413224630252809,-0.156966897583548,0.00501715747555352,-7.3160502306741
"Fur_Brown+Mouth_Bored.Unshaven",2,9238,-0.0725558008148907,0.0462251823925878,-0.163157158304363,0.0180455566745814,-6.99861503183268
"Fur_Brown+Mouth_Bored.Unshaven",2,9239,-0.074111279682191,0.0450737899924747,-0.162455908067441,0.0142333487030594,-7.14316426999279
"Fur_Brown+Mouth_Bored.Unshaven",2,9240,-0.0757882406388208,0.0469621232917595,-0.167834002290669,0.0162575210130278,-7.29875106511606
"Fur_Brown+Mouth_Bored.Unshaven",2,9241,-0.0742632654874307,0.0474454585385267,-0.167256364222943,0.0187298332480817,-7.15727611851573
"Fur_Brown+Mouth_Bored.Unshaven",2,9242,-0.0747142375969016,0.0450482040676836,-0.163008717569562,0.0135802423757583,-7.199136157989
"Fur_Brown+Mouth_Bored.Unshaven",2,9243,-0.0796293246798406,0.045696444363128,-0.169194355631571,0.00993570627189014,-7.65414137401044
"Fur_Brown+Mouth_Bored.Unshaven",2,9244,-0.0753042832722069,0.0455315179517083,-0.164546058457555,0.0139374919131414,-7.2538767550491
"Fur_Brown+Mouth_Bored.Unshaven",2,9249,-0.0758168269001912,0.0494908115906278,-0.172818817617822,0.0211851638174392,-7.3014010093713
"Fur_Brown+Mouth_Bored.Unshaven",2,9250,-0.0748582014570236,0.0465878008547406,-0.166170291132315,0.0164538882182681,-7.21249516694001
"Fur_Brown+Mouth_Bored.Unshaven",2,9252,-0.0780551205823895,0.042511141890357,-0.161376958687489,0.00526671752271035,-7.50865566292174
"Fur_Brown+Mouth_Bored.Unshaven",2,9253,-0.0710313271887153,0.0512321687188199,-0.171446377877602,0.0293837235001718,-6.85672874978235
"Fur_Brown+Mouth_Bored.Unshaven",2,9254,-0.0730967932501674,0.0470705578944631,-0.165355086723315,0.0191615002229804,-7.04891447053602
